X5304,X5306,X5307,X5309,X5311,X5312,YY1,Y1,V1,V3,wgt,age,ages,BIRTHYR,BIRTHYRs,age1951,age1952,age1953,age1954,age1955,age1956,age1957,age1958,age1959,age1960,age1961,age1962,age1963,age1964,age1965,age1966,age1967,age1968,age1969,age1970,age1971,age1972,age1973,age1974,age1975,age1976,age1977,age1978,age1979,age1980,age1981,age1982,age1983,age1984,age1985,age1986,age1987,age1988,age1989,age1990,age1991,age1992,age1993,age1994,age1995,age1996,age1997,age1998,age1999,age2000,age2001,age2002,age2003,age2004,age2005,age2006,age2007,age2008,age2009,age2010,age2011,age2012,age2013,age2014,age2015,age2016,age2017,age2018,age2019,age2020,age2021,age2022,age2023,age2024,age2025,age2026,age2027,age2028,age2029,age2030,age2031,age2032,age2033,age2034,age2035,age2036,age2037,age2038,age2039,age2040,age2041,age2042,age2043,age2044,age2045,age2046,age2047,age2048,age2049,age2050,age2051,age2052,age2053,age2054,age2055,age2056,age2057,age2058,age2059,age2060,age2061,age2062,age2063,age2064,age2065,age2066,age2067,age2068,age2069,age2070,age2071,age2072,age2073,age2074,age2075,age2076,age2077,age2078,age2079,age2080,age2081,age2082,age2083,age2084,age2085,age2086,age2087,age2088,age2089,age2090,age2091,age2092,age2093,age2094,age2095,age2096,age2097,age2098,age2099,age2100,age2101,age2102,age2103,age2104,age2105,age2106,age2107,age2108,age2109,age2110,age2111,age2112,age2113,age2114,sex,sexs,marital,willstopworkFT,willstopworkALL,rstat,year,EARN1951,EARN1952,EARN1953,EARN1954,EARN1955,EARN1956,EARN1957,EARN1958,EARN1959,EARN1960,EARN1961,EARN1962,EARN1963,EARN1964,EARN1965,EARN1966,EARN1967,EARN1968,EARN1969,EARN1970,EARN1971,EARN1972,EARN1973,EARN1974,EARN1975,EARN1976,EARN1977,EARN1978,EARN1979,EARN1980,EARN1981,EARN1982,EARN1983,EARN1984,EARN1985,EARN1986,EARN1987,EARN1988,EARN1989,EARN1990,EARN1991,EARN1992,EARN1993,EARN1994,EARN1995,EARN1996,EARN1997,EARN1998,EARN1999,EARN2000,EARN2001,EARN2002,EARN2003,EARN2004,EARN2005,EARN2006,EARN2007,EARN2008,EARN2009,EARN2010,EARN2011,EARN2012,EARN2013,EARN2014,EARN2015,EARN2016,EARN2017,EARN2018,EARN2019,EARN2020,EARN2021,EARN2022,EARN2023,EARN2024,EARN2025,EARN2026,EARN2027,EARN2028,EARN2029,EARN2030,EARN2031,EARN2032,EARN2033,EARN2034,EARN2035,EARN2036,EARN2037,EARN2038,EARN2039,EARN2040,EARN2041,EARN2042,EARN2043,EARN2044,EARN2045,EARN2046,EARN2047,EARN2048,EARN2049,EARN2050,EARN2051,EARN2052,EARN2053,EARN2054,EARN2055,EARN2056,EARN2057,EARN2058,EARN2059,EARN2060,EARN2061,EARN2062,EARN2063,EARN2064,EARN2065,EARN2066,EARN2067,EARN2068,EARN2069,EARN2070
0,0,0,0,0,0,12,121,100121,200121,4475.04248046875,54,52,1959,1961,0,0,0,0,0,0,0,0,0,1,2,3,4,5,6,7,8,9,10,11,12,13,14,15,16,17,18,19,20,21,22,23,24,25,26,27,28,29,30,31,32,33,34,35,36,37,38,39,40,41,42,43,44,45,46,47,48,49,50,51,52,53,54,55,56,57,58,59,60,61,62,63,64,65,66,67,68,69,70,71,72,73,74,75,76,77,78,79,80,81,82,83,84,85,86,87,88,89,90,91,92,93,94,95,96,97,98,99,100,101,102,103,104,105,106,107,108,109,110,111,112,113,114,115,116,117,118,119,120,121,122,123,124,125,126,127,128,129,130,131,132,133,134,135,136,137,138,139,140,141,142,143,144,145,146,147,148,149,150,151,152,153,154,155,1,2,1,2024,2029,1,2013,0,0,0,0,0,0,0,0,0,0,0,0,0,0,0,0,0,0,0,0,0,0,0,0,0,0,0,0,0,0,0,0,0,22815.583984375,24696.298828125,26351.755859375,28325.71875,30641.44921875,33240.9140625,36012.6484375,38564.3125,40961.640625,43366.734375,45660.5078125,48009.69921875,50417.23828125,52657.171875,54401.0625,56483.4765625,59172.578125,61576.68359375,63545.21875,65983.6328125,76691.2734375,79992.5234375,83253.453125,86301.9375,89665.1953125,90089.28125,92249.609375,95000,59143.81640625,60000,60822.33984375,60821.52734375,61228.8671875,61989.23046875,62846.97265625,63236.984375,63309.09765625,65216.546875,68549.3515625,70100.6484375,70836.2734375,20025.974609375,20040.53125,20008.41796875,19946.615234375,19859.10546875,0,0,0,0,0,0,0,0,0,0,0,0,0,0,0,0,0,0,0,0,0,0,0,0,0,0,0,0,0,0,0,0,0,0,0,0,0,0,0,0,0
0,0,0,0,0,0,12,121,200121,100121,4475.04248046875,52,54,1961,1959,0,0,0,0,0,0,0,0,0,0,0,1,2,3,4,5,6,7,8,9,10,11,12,13,14,15,16,17,18,19,20,21,22,23,24,25,26,27,28,29,30,31,32,33,34,35,36,37,38,39,40,41,42,43,44,45,46,47,48,49,50,51,52,53,54,55,56,57,58,59,60,61,62,63,64,65,66,67,68,69,70,71,72,73,74,75,76,77,78,79,80,81,82,83,84,85,86,87,88,89,90,91,92,93,94,95,96,97,98,99,100,101,102,103,104,105,106,107,108,109,110,111,112,113,114,115,116,117,118,119,120,121,122,123,124,125,126,127,128,129,130,131,132,133,134,135,136,137,138,139,140,141,142,143,144,145,146,147,148,149,150,151,152,153,2,1,1,2017,2017,2,2013,0,0,0,0,0,0,0,0,0,0,0,0,0,0,0,0,0,0,0,0,0,0,0,0,0,0,0,0,0,0,0,0,0,0,0,0,0,0,0,0,0,0,0,0,0,0,0,15969.49609375,16632.564453125,17478.83984375,18245.77734375,18887.8671875,19673.88671875,22937.91015625,24000,24821.478515625,25810.703125,26900.328125,27111.921875,27848.748046875,28768.623046875,29479.845703125,30000,30506.11328125,30600.95703125,30902.08984375,31383.529296875,0,0,0,0,0,0,0,0,0,0,0,0,0,0,0,0,0,0,0,0,0,0,0,0,0,0,0,0,0,0,0,0,0,0,0,0,0,0,0,0,0,0,0,0,0,0,0,0,0,0,0,0,0
0,0,0,0,0,0,12,122,100122,200122,4446.26904296875,54,52,1959,1961,0,0,0,0,0,0,0,0,0,1,2,3,4,5,6,7,8,9,10,11,12,13,14,15,16,17,18,19,20,21,22,23,24,25,26,27,28,29,30,31,32,33,34,35,36,37,38,39,40,41,42,43,44,45,46,47,48,49,50,51,52,53,54,55,56,57,58,59,60,61,62,63,64,65,66,67,68,69,70,71,72,73,74,75,76,77,78,79,80,81,82,83,84,85,86,87,88,89,90,91,92,93,94,95,96,97,98,99,100,101,102,103,104,105,106,107,108,109,110,111,112,113,114,115,116,117,118,119,120,121,122,123,124,125,126,127,128,129,130,131,132,133,134,135,136,137,138,139,140,141,142,143,144,145,146,147,148,149,150,151,152,153,154,155,1,2,1,2024,2029,1,2013,0,0,0,0,0,0,0,0,0,0,0,0,0,0,0,0,0,0,0,0,0,0,0,0,0,0,0,0,0,0,0,0,0,22815.583984375,24696.298828125,26351.755859375,28325.71875,30641.44921875,33240.9140625,36012.6484375,38564.3125,40961.640625,43366.734375,45660.5078125,48009.69921875,50417.23828125,52657.171875,54401.0625,56483.4765625,59172.578125,61576.68359375,63545.21875,65983.6328125,76691.2734375,79992.5234375,83253.453125,86301.9375,89665.1953125,90089.28125,92249.609375,95000,59143.81640625,60000,60822.33984375,60821.52734375,61228.8671875,61989.23046875,62846.97265625,63236.984375,63309.09765625,65216.546875,68549.3515625,70100.6484375,70836.2734375,20025.974609375,20040.53125,20008.41796875,19946.615234375,19859.10546875,0,0,0,0,0,0,0,0,0,0,0,0,0,0,0,0,0,0,0,0,0,0,0,0,0,0,0,0,0,0,0,0,0,0,0,0,0,0,0,0,0
0,0,0,0,0,0,12,122,200122,100122,4446.26904296875,52,54,1961,1959,0,0,0,0,0,0,0,0,0,0,0,1,2,3,4,5,6,7,8,9,10,11,12,13,14,15,16,17,18,19,20,21,22,23,24,25,26,27,28,29,30,31,32,33,34,35,36,37,38,39,40,41,42,43,44,45,46,47,48,49,50,51,52,53,54,55,56,57,58,59,60,61,62,63,64,65,66,67,68,69,70,71,72,73,74,75,76,77,78,79,80,81,82,83,84,85,86,87,88,89,90,91,92,93,94,95,96,97,98,99,100,101,102,103,104,105,106,107,108,109,110,111,112,113,114,115,116,117,118,119,120,121,122,123,124,125,126,127,128,129,130,131,132,133,134,135,136,137,138,139,140,141,142,143,144,145,146,147,148,149,150,151,152,153,2,1,1,2017,2017,2,2013,0,0,0,0,0,0,0,0,0,0,0,0,0,0,0,0,0,0,0,0,0,0,0,0,0,0,0,0,0,0,0,0,0,0,0,0,0,0,0,0,0,0,0,0,0,0,0,15969.49609375,16632.564453125,17478.83984375,18245.77734375,18887.8671875,19673.88671875,22937.91015625,24000,24821.478515625,25810.703125,26900.328125,27111.921875,27848.748046875,28768.623046875,29479.845703125,30000,30506.11328125,30600.95703125,30902.08984375,31383.529296875,0,0,0,0,0,0,0,0,0,0,0,0,0,0,0,0,0,0,0,0,0,0,0,0,0,0,0,0,0,0,0,0,0,0,0,0,0,0,0,0,0,0,0,0,0,0,0,0,0,0,0,0,0
0,0,0,0,0,0,12,123,100123,200123,4545.89501953125,54,52,1959,1961,0,0,0,0,0,0,0,0,0,1,2,3,4,5,6,7,8,9,10,11,12,13,14,15,16,17,18,19,20,21,22,23,24,25,26,27,28,29,30,31,32,33,34,35,36,37,38,39,40,41,42,43,44,45,46,47,48,49,50,51,52,53,54,55,56,57,58,59,60,61,62,63,64,65,66,67,68,69,70,71,72,73,74,75,76,77,78,79,80,81,82,83,84,85,86,87,88,89,90,91,92,93,94,95,96,97,98,99,100,101,102,103,104,105,106,107,108,109,110,111,112,113,114,115,116,117,118,119,120,121,122,123,124,125,126,127,128,129,130,131,132,133,134,135,136,137,138,139,140,141,142,143,144,145,146,147,148,149,150,151,152,153,154,155,1,2,1,2024,2029,1,2013,0,0,0,0,0,0,0,0,0,0,0,0,0,0,0,0,0,0,0,0,0,0,0,0,0,0,0,0,0,0,0,0,0,22815.583984375,24696.298828125,26351.755859375,28325.71875,30641.44921875,33240.9140625,36012.6484375,38564.3125,40961.640625,43366.734375,45660.5078125,48009.69921875,50417.23828125,52657.171875,54401.0625,56483.4765625,59172.578125,61576.68359375,63545.21875,65983.6328125,76691.2734375,79992.5234375,83253.453125,86301.9375,89665.1953125,90089.28125,92249.609375,95000,59143.81640625,60000,60822.33984375,60821.52734375,61228.8671875,61989.23046875,62846.97265625,63236.984375,63309.09765625,65216.546875,68549.3515625,70100.6484375,70836.2734375,20025.974609375,20040.53125,20008.41796875,19946.615234375,19859.10546875,0,0,0,0,0,0,0,0,0,0,0,0,0,0,0,0,0,0,0,0,0,0,0,0,0,0,0,0,0,0,0,0,0,0,0,0,0,0,0,0,0
0,0,0,0,0,0,12,123,200123,100123,4545.89501953125,52,54,1961,1959,0,0,0,0,0,0,0,0,0,0,0,1,2,3,4,5,6,7,8,9,10,11,12,13,14,15,16,17,18,19,20,21,22,23,24,25,26,27,28,29,30,31,32,33,34,35,36,37,38,39,40,41,42,43,44,45,46,47,48,49,50,51,52,53,54,55,56,57,58,59,60,61,62,63,64,65,66,67,68,69,70,71,72,73,74,75,76,77,78,79,80,81,82,83,84,85,86,87,88,89,90,91,92,93,94,95,96,97,98,99,100,101,102,103,104,105,106,107,108,109,110,111,112,113,114,115,116,117,118,119,120,121,122,123,124,125,126,127,128,129,130,131,132,133,134,135,136,137,138,139,140,141,142,143,144,145,146,147,148,149,150,151,152,153,2,1,1,2017,2017,2,2013,0,0,0,0,0,0,0,0,0,0,0,0,0,0,0,0,0,0,0,0,0,0,0,0,0,0,0,0,0,0,0,0,0,0,0,0,0,0,0,0,0,0,0,0,0,0,0,15969.49609375,16632.564453125,17478.83984375,18245.77734375,18887.8671875,19673.88671875,22937.91015625,24000,24821.478515625,25810.703125,26900.328125,27111.921875,27848.748046875,28768.623046875,29479.845703125,30000,30506.11328125,30600.95703125,30902.08984375,31383.529296875,0,0,0,0,0,0,0,0,0,0,0,0,0,0,0,0,0,0,0,0,0,0,0,0,0,0,0,0,0,0,0,0,0,0,0,0,0,0,0,0,0,0,0,0,0,0,0,0,0,0,0,0,0
0,0,0,0,0,0,12,124,100124,200124,4436.61767578125,54,52,1959,1961,0,0,0,0,0,0,0,0,0,1,2,3,4,5,6,7,8,9,10,11,12,13,14,15,16,17,18,19,20,21,22,23,24,25,26,27,28,29,30,31,32,33,34,35,36,37,38,39,40,41,42,43,44,45,46,47,48,49,50,51,52,53,54,55,56,57,58,59,60,61,62,63,64,65,66,67,68,69,70,71,72,73,74,75,76,77,78,79,80,81,82,83,84,85,86,87,88,89,90,91,92,93,94,95,96,97,98,99,100,101,102,103,104,105,106,107,108,109,110,111,112,113,114,115,116,117,118,119,120,121,122,123,124,125,126,127,128,129,130,131,132,133,134,135,136,137,138,139,140,141,142,143,144,145,146,147,148,149,150,151,152,153,154,155,1,2,1,2024,2029,1,2013,0,0,0,0,0,0,0,0,0,0,0,0,0,0,0,0,0,0,0,0,0,0,0,0,0,0,0,0,0,0,0,0,0,22815.583984375,24696.298828125,26351.755859375,28325.71875,30641.44921875,33240.9140625,36012.6484375,38564.3125,40961.640625,43366.734375,45660.5078125,48009.69921875,50417.23828125,52657.171875,54401.0625,56483.4765625,59172.578125,61576.68359375,63545.21875,65983.6328125,76691.2734375,79992.5234375,83253.453125,86301.9375,89665.1953125,90089.28125,92249.609375,95000,59143.81640625,60000,60822.33984375,60821.52734375,61228.8671875,61989.23046875,62846.97265625,63236.984375,63309.09765625,65216.546875,68549.3515625,70100.6484375,70836.2734375,20025.974609375,20040.53125,20008.41796875,19946.615234375,19859.10546875,0,0,0,0,0,0,0,0,0,0,0,0,0,0,0,0,0,0,0,0,0,0,0,0,0,0,0,0,0,0,0,0,0,0,0,0,0,0,0,0,0
0,0,0,0,0,0,12,124,200124,100124,4436.61767578125,52,54,1961,1959,0,0,0,0,0,0,0,0,0,0,0,1,2,3,4,5,6,7,8,9,10,11,12,13,14,15,16,17,18,19,20,21,22,23,24,25,26,27,28,29,30,31,32,33,34,35,36,37,38,39,40,41,42,43,44,45,46,47,48,49,50,51,52,53,54,55,56,57,58,59,60,61,62,63,64,65,66,67,68,69,70,71,72,73,74,75,76,77,78,79,80,81,82,83,84,85,86,87,88,89,90,91,92,93,94,95,96,97,98,99,100,101,102,103,104,105,106,107,108,109,110,111,112,113,114,115,116,117,118,119,120,121,122,123,124,125,126,127,128,129,130,131,132,133,134,135,136,137,138,139,140,141,142,143,144,145,146,147,148,149,150,151,152,153,2,1,1,2017,2017,2,2013,0,0,0,0,0,0,0,0,0,0,0,0,0,0,0,0,0,0,0,0,0,0,0,0,0,0,0,0,0,0,0,0,0,0,0,0,0,0,0,0,0,0,0,0,0,0,0,15969.49609375,16632.564453125,17478.83984375,18245.77734375,18887.8671875,19673.88671875,22937.91015625,24000,24821.478515625,25810.703125,26900.328125,27111.921875,27848.748046875,28768.623046875,29479.845703125,30000,30506.11328125,30600.95703125,30902.08984375,31383.529296875,0,0,0,0,0,0,0,0,0,0,0,0,0,0,0,0,0,0,0,0,0,0,0,0,0,0,0,0,0,0,0,0,0,0,0,0,0,0,0,0,0,0,0,0,0,0,0,0,0,0,0,0,0
0,0,0,0,0,0,12,125,100125,200125,4474.74462890625,54,52,1959,1961,0,0,0,0,0,0,0,0,0,1,2,3,4,5,6,7,8,9,10,11,12,13,14,15,16,17,18,19,20,21,22,23,24,25,26,27,28,29,30,31,32,33,34,35,36,37,38,39,40,41,42,43,44,45,46,47,48,49,50,51,52,53,54,55,56,57,58,59,60,61,62,63,64,65,66,67,68,69,70,71,72,73,74,75,76,77,78,79,80,81,82,83,84,85,86,87,88,89,90,91,92,93,94,95,96,97,98,99,100,101,102,103,104,105,106,107,108,109,110,111,112,113,114,115,116,117,118,119,120,121,122,123,124,125,126,127,128,129,130,131,132,133,134,135,136,137,138,139,140,141,142,143,144,145,146,147,148,149,150,151,152,153,154,155,1,2,1,2024,2029,1,2013,0,0,0,0,0,0,0,0,0,0,0,0,0,0,0,0,0,0,0,0,0,0,0,0,0,0,0,0,0,0,0,0,0,22815.583984375,24696.298828125,26351.755859375,28325.71875,30641.44921875,33240.9140625,36012.6484375,38564.3125,40961.640625,43366.734375,45660.5078125,48009.69921875,50417.23828125,52657.171875,54401.0625,56483.4765625,59172.578125,61576.68359375,63545.21875,65983.6328125,76691.2734375,79992.5234375,83253.453125,86301.9375,89665.1953125,90089.28125,92249.609375,95000,59143.81640625,60000,60822.33984375,60821.52734375,61228.8671875,61989.23046875,62846.97265625,63236.984375,63309.09765625,65216.546875,68549.3515625,70100.6484375,70836.2734375,20025.974609375,20040.53125,20008.41796875,19946.615234375,19859.10546875,0,0,0,0,0,0,0,0,0,0,0,0,0,0,0,0,0,0,0,0,0,0,0,0,0,0,0,0,0,0,0,0,0,0,0,0,0,0,0,0,0
0,0,0,0,0,0,12,125,200125,100125,4474.74462890625,52,54,1961,1959,0,0,0,0,0,0,0,0,0,0,0,1,2,3,4,5,6,7,8,9,10,11,12,13,14,15,16,17,18,19,20,21,22,23,24,25,26,27,28,29,30,31,32,33,34,35,36,37,38,39,40,41,42,43,44,45,46,47,48,49,50,51,52,53,54,55,56,57,58,59,60,61,62,63,64,65,66,67,68,69,70,71,72,73,74,75,76,77,78,79,80,81,82,83,84,85,86,87,88,89,90,91,92,93,94,95,96,97,98,99,100,101,102,103,104,105,106,107,108,109,110,111,112,113,114,115,116,117,118,119,120,121,122,123,124,125,126,127,128,129,130,131,132,133,134,135,136,137,138,139,140,141,142,143,144,145,146,147,148,149,150,151,152,153,2,1,1,2017,2017,2,2013,0,0,0,0,0,0,0,0,0,0,0,0,0,0,0,0,0,0,0,0,0,0,0,0,0,0,0,0,0,0,0,0,0,0,0,0,0,0,0,0,0,0,0,0,0,0,0,15969.49609375,16632.564453125,17478.83984375,18245.77734375,18887.8671875,19673.88671875,22937.91015625,24000,24821.478515625,25810.703125,26900.328125,27111.921875,27848.748046875,28768.623046875,29479.845703125,30000,30506.11328125,30600.95703125,30902.08984375,31383.529296875,0,0,0,0,0,0,0,0,0,0,0,0,0,0,0,0,0,0,0,0,0,0,0,0,0,0,0,0,0,0,0,0,0,0,0,0,0,0,0,0,0,0,0,0,0,0,0,0,0,0,0,0,0
0,0,0,0,0,0,22,221,100221,200221,6543.171875,41,47,1972,1966,0,0,0,0,0,0,0,0,0,0,0,0,0,0,0,0,0,0,0,0,0,0,1,2,3,4,5,6,7,8,9,10,11,12,13,14,15,16,17,18,19,20,21,22,23,24,25,26,27,28,29,30,31,32,33,34,35,36,37,38,39,40,41,42,43,44,45,46,47,48,49,50,51,52,53,54,55,56,57,58,59,60,61,62,63,64,65,66,67,68,69,70,71,72,73,74,75,76,77,78,79,80,81,82,83,84,85,86,87,88,89,90,91,92,93,94,95,96,97,98,99,100,101,102,103,104,105,106,107,108,109,110,111,112,113,114,115,116,117,118,119,120,121,122,123,124,125,126,127,128,129,130,131,132,133,134,135,136,137,138,139,140,141,142,1,2,1,2042,9999,1,2013,0,0,0,0,0,0,0,0,0,0,0,0,0,0,0,0,0,0,0,0,0,0,0,0,0,0,0,0,0,0,0,0,0,0,0,0,0,0,0,0,0,0,0,0,0,17417.701171875,18563.9375,19571.330078125,20736.48828125,22168.4375,23541.369140625,24791.267578125,26269.564453125,27896.365234375,29692.849609375,31535.89453125,33359.86328125,35369.4609375,36264.1953125,42323.9375,44478.02734375,46365.87890625,48000,49653.96484375,50669.76953125,52053.296875,53778.49609375,55638.77734375,57130.12890625,58366.140625,61355.49609375,65811.203125,68678.203125,70819.5234375,72580.2421875,74119.890625,75515.953125,76823.8359375,78052.5078125,79184.6875,80210.6796875,81124.25,81921.1015625,82597.3203125,83149.65625,83575.515625,83872.8359375,84040.25,84076.8515625,83982.5390625,83757.625,83403.265625,23342.021484375,23170.935546875,22965.279296875,22726.001953125,22454.240234375,0,0,0,0,0,0,0,0,0,0,0,0,0,0,0,0,0,0,0,0,0,0,0
0,0,0,0,0,0,22,221,200221,100221,6543.171875,47,41,1966,1972,0,0,0,0,0,0,0,0,0,0,0,0,0,0,0,0,1,2,3,4,5,6,7,8,9,10,11,12,13,14,15,16,17,18,19,20,21,22,23,24,25,26,27,28,29,30,31,32,33,34,35,36,37,38,39,40,41,42,43,44,45,46,47,48,49,50,51,52,53,54,55,56,57,58,59,60,61,62,63,64,65,66,67,68,69,70,71,72,73,74,75,76,77,78,79,80,81,82,83,84,85,86,87,88,89,90,91,92,93,94,95,96,97,98,99,100,101,102,103,104,105,106,107,108,109,110,111,112,113,114,115,116,117,118,119,120,121,122,123,124,125,126,127,128,129,130,131,132,133,134,135,136,137,138,139,140,141,142,143,144,145,146,147,148,2,1,1,2033,2033,2,2013,0,0,0,0,0,0,0,0,0,0,0,0,0,0,0,0,0,0,0,0,0,0,0,0,0,0,0,0,0,0,0,0,0,0,0,0,0,0,0,0,0,0,0,25260.341796875,26851.37109375,28507.236328125,30100.423828125,31438.44140625,33000,30250.01953125,31824.416015625,33202.10546875,34854.4296875,36668.3125,38666.3671875,40684.109375,42636.51171875,44784.16015625,45489.56640625,52596.640625,54759.015625,56551.8515625,58000,59439.97265625,60091.328125,61157.4375,62596.18359375,64158.6171875,65265.06640625,66056.375,68793.1171875,73102.046875,75576.5078125,77207.4296875,78390.359375,79307.9609375,80049.6328125,80677.9375,81205.1953125,81616.203125,81904,82065.71875,82100.359375,0,0,0,0,0,0,0,0,0,0,0,0,0,0,0,0,0,0,0,0,0,0,0,0,0,0,0,0,0,0,0,0,0,0,0,0,0
0,0,0,0,0,0,22,222,100222,200222,6594.56884765625,41,47,1972,1966,0,0,0,0,0,0,0,0,0,0,0,0,0,0,0,0,0,0,0,0,0,0,1,2,3,4,5,6,7,8,9,10,11,12,13,14,15,16,17,18,19,20,21,22,23,24,25,26,27,28,29,30,31,32,33,34,35,36,37,38,39,40,41,42,43,44,45,46,47,48,49,50,51,52,53,54,55,56,57,58,59,60,61,62,63,64,65,66,67,68,69,70,71,72,73,74,75,76,77,78,79,80,81,82,83,84,85,86,87,88,89,90,91,92,93,94,95,96,97,98,99,100,101,102,103,104,105,106,107,108,109,110,111,112,113,114,115,116,117,118,119,120,121,122,123,124,125,126,127,128,129,130,131,132,133,134,135,136,137,138,139,140,141,142,1,2,1,2042,9999,1,2013,0,0,0,0,0,0,0,0,0,0,0,0,0,0,0,0,0,0,0,0,0,0,0,0,0,0,0,0,0,0,0,0,0,0,0,0,0,0,0,0,0,0,0,0,0,17417.701171875,18563.9375,19571.330078125,20736.48828125,22168.4375,23541.369140625,24791.267578125,26269.564453125,27896.365234375,29692.849609375,31535.89453125,33359.86328125,35369.4609375,36264.1953125,42323.9375,44478.02734375,46365.87890625,48000,49653.96484375,50669.76953125,52053.296875,53778.49609375,55638.77734375,57130.12890625,58366.140625,61355.49609375,65811.203125,68678.203125,70819.5234375,72580.2421875,74119.890625,75515.953125,76823.8359375,78052.5078125,79184.6875,80210.6796875,81124.25,81921.1015625,82597.3203125,83149.65625,83575.515625,83872.8359375,84040.25,84076.8515625,83982.5390625,83757.625,83403.265625,23342.021484375,23170.935546875,22965.279296875,22726.001953125,22454.240234375,0,0,0,0,0,0,0,0,0,0,0,0,0,0,0,0,0,0,0,0,0,0,0
0,0,0,0,0,0,22,222,200222,100222,6594.56884765625,47,41,1966,1972,0,0,0,0,0,0,0,0,0,0,0,0,0,0,0,0,1,2,3,4,5,6,7,8,9,10,11,12,13,14,15,16,17,18,19,20,21,22,23,24,25,26,27,28,29,30,31,32,33,34,35,36,37,38,39,40,41,42,43,44,45,46,47,48,49,50,51,52,53,54,55,56,57,58,59,60,61,62,63,64,65,66,67,68,69,70,71,72,73,74,75,76,77,78,79,80,81,82,83,84,85,86,87,88,89,90,91,92,93,94,95,96,97,98,99,100,101,102,103,104,105,106,107,108,109,110,111,112,113,114,115,116,117,118,119,120,121,122,123,124,125,126,127,128,129,130,131,132,133,134,135,136,137,138,139,140,141,142,143,144,145,146,147,148,2,1,1,2033,2033,2,2013,0,0,0,0,0,0,0,0,0,0,0,0,0,0,0,0,0,0,0,0,0,0,0,0,0,0,0,0,0,0,0,0,0,0,0,0,0,0,0,0,0,0,0,25260.341796875,26851.37109375,28507.236328125,30100.423828125,31438.44140625,33000,30250.01953125,31824.416015625,33202.10546875,34854.4296875,36668.3125,38666.3671875,40684.109375,42636.51171875,44784.16015625,45489.56640625,52596.640625,54759.015625,56551.8515625,58000,59439.97265625,60091.328125,61157.4375,62596.18359375,64158.6171875,65265.06640625,66056.375,68793.1171875,73102.046875,75576.5078125,77207.4296875,78390.359375,79307.9609375,80049.6328125,80677.9375,81205.1953125,81616.203125,81904,82065.71875,82100.359375,0,0,0,0,0,0,0,0,0,0,0,0,0,0,0,0,0,0,0,0,0,0,0,0,0,0,0,0,0,0,0,0,0,0,0,0,0
0,0,0,0,0,0,22,223,100223,200223,6520.7744140625,41,47,1972,1966,0,0,0,0,0,0,0,0,0,0,0,0,0,0,0,0,0,0,0,0,0,0,1,2,3,4,5,6,7,8,9,10,11,12,13,14,15,16,17,18,19,20,21,22,23,24,25,26,27,28,29,30,31,32,33,34,35,36,37,38,39,40,41,42,43,44,45,46,47,48,49,50,51,52,53,54,55,56,57,58,59,60,61,62,63,64,65,66,67,68,69,70,71,72,73,74,75,76,77,78,79,80,81,82,83,84,85,86,87,88,89,90,91,92,93,94,95,96,97,98,99,100,101,102,103,104,105,106,107,108,109,110,111,112,113,114,115,116,117,118,119,120,121,122,123,124,125,126,127,128,129,130,131,132,133,134,135,136,137,138,139,140,141,142,1,2,1,2042,9999,1,2013,0,0,0,0,0,0,0,0,0,0,0,0,0,0,0,0,0,0,0,0,0,0,0,0,0,0,0,0,0,0,0,0,0,0,0,0,0,0,0,0,0,0,0,0,0,17417.701171875,18563.9375,19571.330078125,20736.48828125,22168.4375,23541.369140625,24791.267578125,26269.564453125,27896.365234375,29692.849609375,31535.89453125,33359.86328125,35369.4609375,36264.1953125,42323.9375,44478.02734375,46365.87890625,48000,49653.96484375,50669.76953125,52053.296875,53778.49609375,55638.77734375,57130.12890625,58366.140625,61355.49609375,65811.203125,68678.203125,70819.5234375,72580.2421875,74119.890625,75515.953125,76823.8359375,78052.5078125,79184.6875,80210.6796875,81124.25,81921.1015625,82597.3203125,83149.65625,83575.515625,83872.8359375,84040.25,84076.8515625,83982.5390625,83757.625,83403.265625,23342.021484375,23170.935546875,22965.279296875,22726.001953125,22454.240234375,0,0,0,0,0,0,0,0,0,0,0,0,0,0,0,0,0,0,0,0,0,0,0
0,0,0,0,0,0,22,223,200223,100223,6520.7744140625,47,41,1966,1972,0,0,0,0,0,0,0,0,0,0,0,0,0,0,0,0,1,2,3,4,5,6,7,8,9,10,11,12,13,14,15,16,17,18,19,20,21,22,23,24,25,26,27,28,29,30,31,32,33,34,35,36,37,38,39,40,41,42,43,44,45,46,47,48,49,50,51,52,53,54,55,56,57,58,59,60,61,62,63,64,65,66,67,68,69,70,71,72,73,74,75,76,77,78,79,80,81,82,83,84,85,86,87,88,89,90,91,92,93,94,95,96,97,98,99,100,101,102,103,104,105,106,107,108,109,110,111,112,113,114,115,116,117,118,119,120,121,122,123,124,125,126,127,128,129,130,131,132,133,134,135,136,137,138,139,140,141,142,143,144,145,146,147,148,2,1,1,2033,2033,2,2013,0,0,0,0,0,0,0,0,0,0,0,0,0,0,0,0,0,0,0,0,0,0,0,0,0,0,0,0,0,0,0,0,0,0,0,0,0,0,0,0,0,0,0,25260.341796875,26851.37109375,28507.236328125,30100.423828125,31438.44140625,33000,30771.576171875,32373.119140625,33774.5625,35455.375,37300.53125,39333.03515625,41385.56640625,43371.62890625,45556.30859375,46273.87890625,53503.48828125,55703.1484375,57526.890625,59000,60464.8125,61127.39453125,62211.88671875,63675.44140625,65264.80859375,66390.3359375,67195.2890625,69979.21875,74362.4453125,76879.5625,78538.6015625,79741.9296875,80675.359375,81429.8125,82068.9453125,82605.3046875,83023.390625,83316.15625,83480.6640625,83515.8984375,0,0,0,0,0,0,0,0,0,0,0,0,0,0,0,0,0,0,0,0,0,0,0,0,0,0,0,0,0,0,0,0,0,0,0,0,0
0,0,0,0,0,0,22,224,100224,200224,6582.17578125,41,47,1972,1966,0,0,0,0,0,0,0,0,0,0,0,0,0,0,0,0,0,0,0,0,0,0,1,2,3,4,5,6,7,8,9,10,11,12,13,14,15,16,17,18,19,20,21,22,23,24,25,26,27,28,29,30,31,32,33,34,35,36,37,38,39,40,41,42,43,44,45,46,47,48,49,50,51,52,53,54,55,56,57,58,59,60,61,62,63,64,65,66,67,68,69,70,71,72,73,74,75,76,77,78,79,80,81,82,83,84,85,86,87,88,89,90,91,92,93,94,95,96,97,98,99,100,101,102,103,104,105,106,107,108,109,110,111,112,113,114,115,116,117,118,119,120,121,122,123,124,125,126,127,128,129,130,131,132,133,134,135,136,137,138,139,140,141,142,1,2,1,2042,9999,1,2013,0,0,0,0,0,0,0,0,0,0,0,0,0,0,0,0,0,0,0,0,0,0,0,0,0,0,0,0,0,0,0,0,0,0,0,0,0,0,0,0,0,0,0,0,0,17417.701171875,18563.9375,19571.330078125,20736.48828125,22168.4375,23541.369140625,24791.267578125,26269.564453125,27896.365234375,29692.849609375,31535.89453125,33359.86328125,35369.4609375,36264.1953125,42323.9375,44478.02734375,46365.87890625,48000,49653.96484375,50669.76953125,52053.296875,53778.49609375,55638.77734375,57130.12890625,58366.140625,61355.49609375,65811.203125,68678.203125,70819.5234375,72580.2421875,74119.890625,75515.953125,76823.8359375,78052.5078125,79184.6875,80210.6796875,81124.25,81921.1015625,82597.3203125,83149.65625,83575.515625,83872.8359375,84040.25,84076.8515625,83982.5390625,83757.625,83403.265625,23342.021484375,23170.935546875,22965.279296875,22726.001953125,22454.240234375,0,0,0,0,0,0,0,0,0,0,0,0,0,0,0,0,0,0,0,0,0,0,0
0,0,0,0,0,0,22,224,200224,100224,6582.17578125,47,41,1966,1972,0,0,0,0,0,0,0,0,0,0,0,0,0,0,0,0,1,2,3,4,5,6,7,8,9,10,11,12,13,14,15,16,17,18,19,20,21,22,23,24,25,26,27,28,29,30,31,32,33,34,35,36,37,38,39,40,41,42,43,44,45,46,47,48,49,50,51,52,53,54,55,56,57,58,59,60,61,62,63,64,65,66,67,68,69,70,71,72,73,74,75,76,77,78,79,80,81,82,83,84,85,86,87,88,89,90,91,92,93,94,95,96,97,98,99,100,101,102,103,104,105,106,107,108,109,110,111,112,113,114,115,116,117,118,119,120,121,122,123,124,125,126,127,128,129,130,131,132,133,134,135,136,137,138,139,140,141,142,143,144,145,146,147,148,2,1,1,2033,2033,2,2013,0,0,0,0,0,0,0,0,0,0,0,0,0,0,0,0,0,0,0,0,0,0,0,0,0,0,0,0,0,0,0,0,0,0,0,0,0,0,0,0,0,0,0,25260.341796875,26851.37109375,28507.236328125,30100.423828125,31438.44140625,33000,30250.01953125,31824.416015625,33202.10546875,34854.4296875,36668.3125,38666.3671875,40684.109375,42636.51171875,44784.16015625,45489.56640625,52596.640625,54759.015625,56551.8515625,58000,59439.97265625,60091.328125,61157.4375,62596.18359375,64158.6171875,65265.06640625,66056.375,68793.1171875,73102.046875,75576.5078125,77207.4296875,78390.359375,79307.9609375,80049.6328125,80677.9375,81205.1953125,81616.203125,81904,82065.71875,82100.359375,0,0,0,0,0,0,0,0,0,0,0,0,0,0,0,0,0,0,0,0,0,0,0,0,0,0,0,0,0,0,0,0,0,0,0,0,0
0,0,0,0,0,0,22,225,100225,200225,6562.5595703125,41,47,1972,1966,0,0,0,0,0,0,0,0,0,0,0,0,0,0,0,0,0,0,0,0,0,0,1,2,3,4,5,6,7,8,9,10,11,12,13,14,15,16,17,18,19,20,21,22,23,24,25,26,27,28,29,30,31,32,33,34,35,36,37,38,39,40,41,42,43,44,45,46,47,48,49,50,51,52,53,54,55,56,57,58,59,60,61,62,63,64,65,66,67,68,69,70,71,72,73,74,75,76,77,78,79,80,81,82,83,84,85,86,87,88,89,90,91,92,93,94,95,96,97,98,99,100,101,102,103,104,105,106,107,108,109,110,111,112,113,114,115,116,117,118,119,120,121,122,123,124,125,126,127,128,129,130,131,132,133,134,135,136,137,138,139,140,141,142,1,2,1,2042,9999,1,2013,0,0,0,0,0,0,0,0,0,0,0,0,0,0,0,0,0,0,0,0,0,0,0,0,0,0,0,0,0,0,0,0,0,0,0,0,0,0,0,0,0,0,0,0,0,17417.701171875,18563.9375,19571.330078125,20736.48828125,22168.4375,23541.369140625,24791.267578125,26269.564453125,27896.365234375,29692.849609375,31535.89453125,33359.86328125,35369.4609375,36264.1953125,42323.9375,44478.02734375,46365.87890625,48000,49653.96484375,50669.76953125,52053.296875,53778.49609375,55638.77734375,57130.12890625,58366.140625,61355.49609375,65811.203125,68678.203125,70819.5234375,72580.2421875,74119.890625,75515.953125,76823.8359375,78052.5078125,79184.6875,80210.6796875,81124.25,81921.1015625,82597.3203125,83149.65625,83575.515625,83872.8359375,84040.25,84076.8515625,83982.5390625,83757.625,83403.265625,23342.021484375,23170.935546875,22965.279296875,22726.001953125,22454.240234375,0,0,0,0,0,0,0,0,0,0,0,0,0,0,0,0,0,0,0,0,0,0,0
0,0,0,0,0,0,22,225,200225,100225,6562.5595703125,47,41,1966,1972,0,0,0,0,0,0,0,0,0,0,0,0,0,0,0,0,1,2,3,4,5,6,7,8,9,10,11,12,13,14,15,16,17,18,19,20,21,22,23,24,25,26,27,28,29,30,31,32,33,34,35,36,37,38,39,40,41,42,43,44,45,46,47,48,49,50,51,52,53,54,55,56,57,58,59,60,61,62,63,64,65,66,67,68,69,70,71,72,73,74,75,76,77,78,79,80,81,82,83,84,85,86,87,88,89,90,91,92,93,94,95,96,97,98,99,100,101,102,103,104,105,106,107,108,109,110,111,112,113,114,115,116,117,118,119,120,121,122,123,124,125,126,127,128,129,130,131,132,133,134,135,136,137,138,139,140,141,142,143,144,145,146,147,148,2,1,1,2033,2033,2,2013,0,0,0,0,0,0,0,0,0,0,0,0,0,0,0,0,0,0,0,0,0,0,0,0,0,0,0,0,0,0,0,0,0,0,0,0,0,0,0,0,0,0,0,25260.341796875,26851.37109375,28507.236328125,30100.423828125,31438.44140625,33000,30771.576171875,32373.119140625,33774.5625,35455.375,37300.53125,39333.03515625,41385.56640625,43371.62890625,45556.30859375,46273.87890625,53503.48828125,55703.1484375,57526.890625,59000,60464.8125,61127.39453125,62211.88671875,63675.44140625,65264.80859375,66390.3359375,67195.2890625,69979.21875,74362.4453125,76879.5625,78538.6015625,79741.9296875,80675.359375,81429.8125,82068.9453125,82605.3046875,83023.390625,83316.15625,83480.6640625,83515.8984375,0,0,0,0,0,0,0,0,0,0,0,0,0,0,0,0,0,0,0,0,0,0,0,0,0,0,0,0,0,0,0,0,0,0,0,0,0
0,0,0,0,0,0,29,291,100291,200291,5370.91357421875,33,33,1980,1980,0,0,0,0,0,0,0,0,0,0,0,0,0,0,0,0,0,0,0,0,0,0,0,0,0,0,0,0,0,0,1,2,3,4,5,6,7,8,9,10,11,12,13,14,15,16,17,18,19,20,21,22,23,24,25,26,27,28,29,30,31,32,33,34,35,36,37,38,39,40,41,42,43,44,45,46,47,48,49,50,51,52,53,54,55,56,57,58,59,60,61,62,63,64,65,66,67,68,69,70,71,72,73,74,75,76,77,78,79,80,81,82,83,84,85,86,87,88,89,90,91,92,93,94,95,96,97,98,99,100,101,102,103,104,105,106,107,108,109,110,111,112,113,114,115,116,117,118,119,120,121,122,123,124,125,126,127,128,129,130,131,132,133,134,1,2,1,2060,2065,1,2013,0,0,0,0,0,0,0,0,0,0,0,0,0,0,0,0,0,0,0,0,0,0,0,0,0,0,0,0,0,0,0,0,0,0,0,0,0,0,0,0,0,0,0,0,0,0,0,0,0,0,0,0,0,0,0,34864.26953125,37343.53125,40089.97265625,41619.87109375,44036.12890625,46858.0625,55241.93359375,0,60653.4921875,62670.99609375,65190.09765625,68195.890625,71440.2421875,74275.625,76834.7734375,81783.4921875,88823.5625,93856.21875,97997.0234375,101693.703125,105154.09375,108479.15625,111742.7421875,114954.4921875,118085.3671875,121116.359375,124032.9453125,126822.96875,129474.3828125,131975.734375,134316.234375,136485.625,138474.140625,140272.828125,141873.6875,143269.25,144453.296875,145420.359375,146165.765625,146686.453125,146979.609375,147044.28125,146879.71875,146487.109375,145867.875,145025.28125,143962.765625,142685.609375,141199.296875,140109.90625,0,0,0,0,0,0,0,0,0,0,0,0,0,0,0
0,0,0,0,0,0,29,291,200291,100291,5370.91357421875,33,33,1980,1980,0,0,0,0,0,0,0,0,0,0,0,0,0,0,0,0,0,0,0,0,0,0,0,0,0,0,0,0,0,0,1,2,3,4,5,6,7,8,9,10,11,12,13,14,15,16,17,18,19,20,21,22,23,24,25,26,27,28,29,30,31,32,33,34,35,36,37,38,39,40,41,42,43,44,45,46,47,48,49,50,51,52,53,54,55,56,57,58,59,60,61,62,63,64,65,66,67,68,69,70,71,72,73,74,75,76,77,78,79,80,81,82,83,84,85,86,87,88,89,90,91,92,93,94,95,96,97,98,99,100,101,102,103,104,105,106,107,108,109,110,111,112,113,114,115,116,117,118,119,120,121,122,123,124,125,126,127,128,129,130,131,132,133,134,2,1,1,2040,2040,2,2013,0,0,0,0,0,0,0,0,0,0,0,0,0,0,0,0,0,0,0,0,0,0,0,0,0,0,0,0,0,0,0,0,0,0,0,0,0,0,0,0,0,0,0,0,0,0,0,0,0,0,0,0,0,0,44229.43359375,47564.22265625,50946.60546875,54693.48828125,56780.6796875,60077.1015625,63926.98046875,75364.828125,79000,82747.6484375,85500.0625,88936.796875,93037.5078125,97463.671875,101331.890625,104823.265625,111574.6484375,121179.1953125,128045.0859375,133694.265625,138737.515625,143458.421875,147994.6875,152447.109375,156828.796875,161100.140625,165235.234375,169214.234375,173020.578125,176637.828125,180050.34375,183243.40625,186203.03125,188915.90625,191369.796875,193553.796875,0,0,0,0,0,0,0,0,0,0,0,0,0,0,0,0,0,0,0,0,0,0,0,0,0,0,0,0,0,0
0,0,0,0,0,0,29,292,100292,200292,5422.515625,33,33,1980,1980,0,0,0,0,0,0,0,0,0,0,0,0,0,0,0,0,0,0,0,0,0,0,0,0,0,0,0,0,0,0,1,2,3,4,5,6,7,8,9,10,11,12,13,14,15,16,17,18,19,20,21,22,23,24,25,26,27,28,29,30,31,32,33,34,35,36,37,38,39,40,41,42,43,44,45,46,47,48,49,50,51,52,53,54,55,56,57,58,59,60,61,62,63,64,65,66,67,68,69,70,71,72,73,74,75,76,77,78,79,80,81,82,83,84,85,86,87,88,89,90,91,92,93,94,95,96,97,98,99,100,101,102,103,104,105,106,107,108,109,110,111,112,113,114,115,116,117,118,119,120,121,122,123,124,125,126,127,128,129,130,131,132,133,134,1,2,1,2060,2065,1,2013,0,0,0,0,0,0,0,0,0,0,0,0,0,0,0,0,0,0,0,0,0,0,0,0,0,0,0,0,0,0,0,0,0,0,0,0,0,0,0,0,0,0,0,0,0,0,0,0,0,0,0,0,0,0,0,34864.26953125,37343.53125,40089.97265625,41619.87109375,44036.12890625,46858.0625,55241.93359375,0,60653.4921875,62670.99609375,65190.09765625,68195.890625,71440.2421875,74275.625,76834.7734375,81783.4921875,88823.5625,93856.21875,97997.0234375,101693.703125,105154.09375,108479.15625,111742.7421875,114954.4921875,118085.3671875,121116.359375,124032.9453125,126822.96875,129474.3828125,131975.734375,134316.234375,136485.625,138474.140625,140272.828125,141873.6875,143269.25,144453.296875,145420.359375,146165.765625,146686.453125,146979.609375,147044.28125,146879.71875,146487.109375,145867.875,145025.28125,143962.765625,142685.609375,141199.296875,140109.90625,0,0,0,0,0,0,0,0,0,0,0,0,0,0,0
0,0,0,0,0,0,29,292,200292,100292,5422.515625,33,33,1980,1980,0,0,0,0,0,0,0,0,0,0,0,0,0,0,0,0,0,0,0,0,0,0,0,0,0,0,0,0,0,0,1,2,3,4,5,6,7,8,9,10,11,12,13,14,15,16,17,18,19,20,21,22,23,24,25,26,27,28,29,30,31,32,33,34,35,36,37,38,39,40,41,42,43,44,45,46,47,48,49,50,51,52,53,54,55,56,57,58,59,60,61,62,63,64,65,66,67,68,69,70,71,72,73,74,75,76,77,78,79,80,81,82,83,84,85,86,87,88,89,90,91,92,93,94,95,96,97,98,99,100,101,102,103,104,105,106,107,108,109,110,111,112,113,114,115,116,117,118,119,120,121,122,123,124,125,126,127,128,129,130,131,132,133,134,2,1,1,2040,2040,2,2013,0,0,0,0,0,0,0,0,0,0,0,0,0,0,0,0,0,0,0,0,0,0,0,0,0,0,0,0,0,0,0,0,0,0,0,0,0,0,0,0,0,0,0,0,0,0,0,0,0,0,0,0,0,0,53187.25,57197.4375,61264.85546875,65770.59375,68280.5078125,72244.5546875,76874.15625,90628.515625,95000,99506.5859375,102816.4453125,106949.2265625,111880.4609375,117203.0546875,121854.7109375,126053.1875,134171.9375,145721.703125,153978.140625,160771.4375,166836.109375,172513.140625,177968.15625,183322.3125,188591.4375,193727.859375,198700.4375,203485.3125,208062.5625,212412.40625,216516.0625,220355.8125,223914.859375,227177.15625,230128.046875,232754.375,0,0,0,0,0,0,0,0,0,0,0,0,0,0,0,0,0,0,0,0,0,0,0,0,0,0,0,0,0,0
0,0,0,0,0,0,29,293,100293,200293,5350.77685546875,33,33,1980,1980,0,0,0,0,0,0,0,0,0,0,0,0,0,0,0,0,0,0,0,0,0,0,0,0,0,0,0,0,0,0,1,2,3,4,5,6,7,8,9,10,11,12,13,14,15,16,17,18,19,20,21,22,23,24,25,26,27,28,29,30,31,32,33,34,35,36,37,38,39,40,41,42,43,44,45,46,47,48,49,50,51,52,53,54,55,56,57,58,59,60,61,62,63,64,65,66,67,68,69,70,71,72,73,74,75,76,77,78,79,80,81,82,83,84,85,86,87,88,89,90,91,92,93,94,95,96,97,98,99,100,101,102,103,104,105,106,107,108,109,110,111,112,113,114,115,116,117,118,119,120,121,122,123,124,125,126,127,128,129,130,131,132,133,134,1,2,1,2060,2065,1,2013,0,0,0,0,0,0,0,0,0,0,0,0,0,0,0,0,0,0,0,0,0,0,0,0,0,0,0,0,0,0,0,0,0,0,0,0,0,0,0,0,0,0,0,0,0,0,0,0,0,0,0,0,0,0,0,34864.26953125,37343.53125,40089.97265625,41619.87109375,44036.12890625,46858.0625,55241.93359375,0,60653.4921875,62670.99609375,65190.09765625,68195.890625,71440.2421875,74275.625,76834.7734375,81783.4921875,88823.5625,93856.21875,97997.0234375,101693.703125,105154.09375,108479.15625,111742.7421875,114954.4921875,118085.3671875,121116.359375,124032.9453125,126822.96875,129474.3828125,131975.734375,134316.234375,136485.625,138474.140625,140272.828125,141873.6875,143269.25,144453.296875,145420.359375,146165.765625,146686.453125,146979.609375,147044.28125,146879.71875,146487.109375,145867.875,145025.28125,143962.765625,142685.609375,141199.296875,140109.90625,0,0,0,0,0,0,0,0,0,0,0,0,0,0,0
0,0,0,0,0,0,29,293,200293,100293,5350.77685546875,33,33,1980,1980,0,0,0,0,0,0,0,0,0,0,0,0,0,0,0,0,0,0,0,0,0,0,0,0,0,0,0,0,0,0,1,2,3,4,5,6,7,8,9,10,11,12,13,14,15,16,17,18,19,20,21,22,23,24,25,26,27,28,29,30,31,32,33,34,35,36,37,38,39,40,41,42,43,44,45,46,47,48,49,50,51,52,53,54,55,56,57,58,59,60,61,62,63,64,65,66,67,68,69,70,71,72,73,74,75,76,77,78,79,80,81,82,83,84,85,86,87,88,89,90,91,92,93,94,95,96,97,98,99,100,101,102,103,104,105,106,107,108,109,110,111,112,113,114,115,116,117,118,119,120,121,122,123,124,125,126,127,128,129,130,131,132,133,134,2,1,1,2040,2040,2,2013,0,0,0,0,0,0,0,0,0,0,0,0,0,0,0,0,0,0,0,0,0,0,0,0,0,0,0,0,0,0,0,0,0,0,0,0,0,0,0,0,0,0,0,0,0,0,0,0,0,0,0,0,0,0,59345.8125,63820.33984375,68358.7265625,73386.1875,76186.71875,80609.7734375,85775.4296875,101122.4140625,106000,111028.4765625,114721.5859375,119332.90625,124835.1171875,130774.0234375,135964.296875,140648.921875,149707.734375,162594.84375,171807.296875,179387.203125,186154.109375,192488.484375,198575.125,204549.25,210428.484375,216159.65625,221708,227046.921875,232154.171875,237007.6875,241586.5,245870.859375,249842,253482.0625,256774.625,259705.0625,0,0,0,0,0,0,0,0,0,0,0,0,0,0,0,0,0,0,0,0,0,0,0,0,0,0,0,0,0,0
0,0,0,0,0,0,29,294,100294,200294,5374.05419921875,33,33,1980,1980,0,0,0,0,0,0,0,0,0,0,0,0,0,0,0,0,0,0,0,0,0,0,0,0,0,0,0,0,0,0,1,2,3,4,5,6,7,8,9,10,11,12,13,14,15,16,17,18,19,20,21,22,23,24,25,26,27,28,29,30,31,32,33,34,35,36,37,38,39,40,41,42,43,44,45,46,47,48,49,50,51,52,53,54,55,56,57,58,59,60,61,62,63,64,65,66,67,68,69,70,71,72,73,74,75,76,77,78,79,80,81,82,83,84,85,86,87,88,89,90,91,92,93,94,95,96,97,98,99,100,101,102,103,104,105,106,107,108,109,110,111,112,113,114,115,116,117,118,119,120,121,122,123,124,125,126,127,128,129,130,131,132,133,134,1,2,1,2060,2065,1,2013,0,0,0,0,0,0,0,0,0,0,0,0,0,0,0,0,0,0,0,0,0,0,0,0,0,0,0,0,0,0,0,0,0,0,0,0,0,0,0,0,0,0,0,0,0,0,0,0,0,0,0,0,0,0,0,34864.26953125,37343.53125,40089.97265625,41619.87109375,44036.12890625,46858.0625,55241.93359375,0,60653.4921875,62670.99609375,65190.09765625,68195.890625,71440.2421875,74275.625,76834.7734375,81783.4921875,88823.5625,93856.21875,97997.0234375,101693.703125,105154.09375,108479.15625,111742.7421875,114954.4921875,118085.3671875,121116.359375,124032.9453125,126822.96875,129474.3828125,131975.734375,134316.234375,136485.625,138474.140625,140272.828125,141873.6875,143269.25,144453.296875,145420.359375,146165.765625,146686.453125,146979.609375,147044.28125,146879.71875,146487.109375,145867.875,145025.28125,143962.765625,142685.609375,141199.296875,140109.90625,0,0,0,0,0,0,0,0,0,0,0,0,0,0,0
0,0,0,0,0,0,29,294,200294,100294,5374.05419921875,33,33,1980,1980,0,0,0,0,0,0,0,0,0,0,0,0,0,0,0,0,0,0,0,0,0,0,0,0,0,0,0,0,0,0,1,2,3,4,5,6,7,8,9,10,11,12,13,14,15,16,17,18,19,20,21,22,23,24,25,26,27,28,29,30,31,32,33,34,35,36,37,38,39,40,41,42,43,44,45,46,47,48,49,50,51,52,53,54,55,56,57,58,59,60,61,62,63,64,65,66,67,68,69,70,71,72,73,74,75,76,77,78,79,80,81,82,83,84,85,86,87,88,89,90,91,92,93,94,95,96,97,98,99,100,101,102,103,104,105,106,107,108,109,110,111,112,113,114,115,116,117,118,119,120,121,122,123,124,125,126,127,128,129,130,131,132,133,134,2,1,1,2040,2040,2,2013,0,0,0,0,0,0,0,0,0,0,0,0,0,0,0,0,0,0,0,0,0,0,0,0,0,0,0,0,0,0,0,0,0,0,0,0,0,0,0,0,0,0,0,0,0,0,0,0,0,0,0,0,0,0,49268.1953125,52982.89453125,56750.609375,60924.34765625,63249.31640625,66921.28125,71209.75,83950.6328125,88000,92174.53125,95240.5078125,99068.765625,103636.640625,108567.046875,112875.9453125,116765.0703125,124285.59375,134984.3125,142632.390625,148925.140625,154542.9375,159801.65625,164854.71875,169814.375,174695.234375,179453.203125,184059.375,188491.671875,192731.640625,196760.984375,200562.265625,204119.078125,207415.890625,210437.8125,213171.265625,215604.078125,0,0,0,0,0,0,0,0,0,0,0,0,0,0,0,0,0,0,0,0,0,0,0,0,0,0,0,0,0,0
0,0,0,0,0,0,29,295,100295,200295,5384.87158203125,33,33,1980,1980,0,0,0,0,0,0,0,0,0,0,0,0,0,0,0,0,0,0,0,0,0,0,0,0,0,0,0,0,0,0,1,2,3,4,5,6,7,8,9,10,11,12,13,14,15,16,17,18,19,20,21,22,23,24,25,26,27,28,29,30,31,32,33,34,35,36,37,38,39,40,41,42,43,44,45,46,47,48,49,50,51,52,53,54,55,56,57,58,59,60,61,62,63,64,65,66,67,68,69,70,71,72,73,74,75,76,77,78,79,80,81,82,83,84,85,86,87,88,89,90,91,92,93,94,95,96,97,98,99,100,101,102,103,104,105,106,107,108,109,110,111,112,113,114,115,116,117,118,119,120,121,122,123,124,125,126,127,128,129,130,131,132,133,134,1,2,1,2060,2065,1,2013,0,0,0,0,0,0,0,0,0,0,0,0,0,0,0,0,0,0,0,0,0,0,0,0,0,0,0,0,0,0,0,0,0,0,0,0,0,0,0,0,0,0,0,0,0,0,0,0,0,0,0,0,0,0,0,34864.26953125,37343.53125,40089.97265625,41619.87109375,44036.12890625,46858.0625,55241.93359375,0,60653.4921875,62670.99609375,65190.09765625,68195.890625,71440.2421875,74275.625,76834.7734375,81783.4921875,88823.5625,93856.21875,97997.0234375,101693.703125,105154.09375,108479.15625,111742.7421875,114954.4921875,118085.3671875,121116.359375,124032.9453125,126822.96875,129474.3828125,131975.734375,134316.234375,136485.625,138474.140625,140272.828125,141873.6875,143269.25,144453.296875,145420.359375,146165.765625,146686.453125,146979.609375,147044.28125,146879.71875,146487.109375,145867.875,145025.28125,143962.765625,142685.609375,141199.296875,140109.90625,0,0,0,0,0,0,0,0,0,0,0,0,0,0,0
0,0,0,0,0,0,29,295,200295,100295,5384.87158203125,33,33,1980,1980,0,0,0,0,0,0,0,0,0,0,0,0,0,0,0,0,0,0,0,0,0,0,0,0,0,0,0,0,0,0,1,2,3,4,5,6,7,8,9,10,11,12,13,14,15,16,17,18,19,20,21,22,23,24,25,26,27,28,29,30,31,32,33,34,35,36,37,38,39,40,41,42,43,44,45,46,47,48,49,50,51,52,53,54,55,56,57,58,59,60,61,62,63,64,65,66,67,68,69,70,71,72,73,74,75,76,77,78,79,80,81,82,83,84,85,86,87,88,89,90,91,92,93,94,95,96,97,98,99,100,101,102,103,104,105,106,107,108,109,110,111,112,113,114,115,116,117,118,119,120,121,122,123,124,125,126,127,128,129,130,131,132,133,134,2,1,1,2040,2040,2,2013,0,0,0,0,0,0,0,0,0,0,0,0,0,0,0,0,0,0,0,0,0,0,0,0,0,0,0,0,0,0,0,0,0,0,0,0,0,0,0,0,0,0,0,0,0,0,0,0,0,0,0,0,0,0,49268.1953125,52982.89453125,56750.609375,60924.34765625,63249.31640625,66921.28125,71209.75,83950.6328125,88000,92174.53125,95240.5078125,99068.765625,103636.640625,108567.046875,112875.9453125,116765.0703125,124285.59375,134984.3125,142632.390625,148925.140625,154542.9375,159801.65625,164854.71875,169814.375,174695.234375,179453.203125,184059.375,188491.671875,192731.640625,196760.984375,200562.265625,204119.078125,207415.890625,210437.8125,213171.265625,215604.078125,0,0,0,0,0,0,0,0,0,0,0,0,0,0,0,0,0,0,0,0,0,0,0,0,0,0,0,0,0,0
0,0,0,0,0,0,887,8871,108871,208871,3502.25439453125,54,50,1959,1963,0,0,0,0,0,0,0,0,0,1,2,3,4,5,6,7,8,9,10,11,12,13,14,15,16,17,18,19,20,21,22,23,24,25,26,27,28,29,30,31,32,33,34,35,36,37,38,39,40,41,42,43,44,45,46,47,48,49,50,51,52,53,54,55,56,57,58,59,60,61,62,63,64,65,66,67,68,69,70,71,72,73,74,75,76,77,78,79,80,81,82,83,84,85,86,87,88,89,90,91,92,93,94,95,96,97,98,99,100,101,102,103,104,105,106,107,108,109,110,111,112,113,114,115,116,117,118,119,120,121,122,123,124,125,126,127,128,129,130,131,132,133,134,135,136,137,138,139,140,141,142,143,144,145,146,147,148,149,150,151,152,153,154,155,1,2,1,2024,9999,1,2013,0,0,0,0,0,0,0,0,0,0,0,0,0,0,0,0,0,0,0,0,0,0,0,0,0,0,9880.767578125,11174.94140625,12846.37890625,15000,0,0,0,0,0,0,0,0,0,0,0,0,21253.8671875,22378.03515625,23529.365234375,24709.291015625,25807.07421875,26661.74609375,27682.330078125,29000.248046875,30178.51953125,31143.263671875,32338.318359375,33652.0703125,35100.65625,36531.55078125,37869.22265625,39345.01953125,39531.0703125,40479.05859375,41685.92578125,42583.52734375,43200,43792.0625,43791.48046875,44084.76171875,44632.22265625,45249.796875,45530.609375,45582.52734375,46955.890625,49355.5546875,50472.44140625,51002.09375,14418.6953125,14429.17578125,14406.0546875,14361.556640625,14298.548828125,14214.95703125,14110.2822265625,13984.70703125,13838.7880859375,13673.1142578125,0,0,0,0,0,0,0,0,0,0,0,0,0,0,0,0,0,0,0,0,0,0,0,0,0,0,0,0,0,0,0,0,0,0,0,0
0,0,0,0,0,0,887,8871,208871,108871,3502.25439453125,50,54,1963,1959,0,0,0,0,0,0,0,0,0,0,0,0,0,1,2,3,4,5,6,7,8,9,10,11,12,13,14,15,16,17,18,19,20,21,22,23,24,25,26,27,28,29,30,31,32,33,34,35,36,37,38,39,40,41,42,43,44,45,46,47,48,49,50,51,52,53,54,55,56,57,58,59,60,61,62,63,64,65,66,67,68,69,70,71,72,73,74,75,76,77,78,79,80,81,82,83,84,85,86,87,88,89,90,91,92,93,94,95,96,97,98,99,100,101,102,103,104,105,106,107,108,109,110,111,112,113,114,115,116,117,118,119,120,121,122,123,124,125,126,127,128,129,130,131,132,133,134,135,136,137,138,139,140,141,142,143,144,145,146,147,148,149,150,151,2,1,1,2028,2028,2,2013,0,0,0,0,0,0,0,0,0,0,0,0,0,0,0,0,0,0,0,0,0,0,0,0,0,0,0,0,0,0,8888.828125,9921.3046875,10920.146484375,13342.6259765625,14532.7919921875,15603.9521484375,16877.740234375,18371.732421875,20054.970703125,21863.115234375,23558.654296875,25179.671875,26824.853515625,28420.337890625,30069.443359375,31774.8359375,33394.09375,34715.81640625,36270.1484375,38234.61328125,40036.89453125,41575.20703125,43440.625,45488.109375,47742.9453125,50000,45598.30859375,47671.671875,48196.671875,49661.1015625,51461.6015625,52898.55078125,54000,55082.45703125,55426.23828125,56146.43359375,57199.21484375,58353.38671875,59082.7578125,59520.1484375,61696.9296875,65255.48046875,67149.6171875,68278.6171875,69001.28125,69483.328125,69805.8828125,70025.5859375,0,0,0,0,0,0,0,0,0,0,0,0,0,0,0,0,0,0,0,0,0,0,0,0,0,0,0,0,0,0,0,0,0,0,0,0,0,0,0,0,0,0
0,0,0,0,0,0,887,8872,108872,208872,3479.947265625,54,50,1959,1963,0,0,0,0,0,0,0,0,0,1,2,3,4,5,6,7,8,9,10,11,12,13,14,15,16,17,18,19,20,21,22,23,24,25,26,27,28,29,30,31,32,33,34,35,36,37,38,39,40,41,42,43,44,45,46,47,48,49,50,51,52,53,54,55,56,57,58,59,60,61,62,63,64,65,66,67,68,69,70,71,72,73,74,75,76,77,78,79,80,81,82,83,84,85,86,87,88,89,90,91,92,93,94,95,96,97,98,99,100,101,102,103,104,105,106,107,108,109,110,111,112,113,114,115,116,117,118,119,120,121,122,123,124,125,126,127,128,129,130,131,132,133,134,135,136,137,138,139,140,141,142,143,144,145,146,147,148,149,150,151,152,153,154,155,1,2,1,2024,9999,1,2013,0,0,0,0,0,0,0,0,0,0,0,0,0,0,0,0,0,0,0,0,0,0,0,0,0,0,7245.896484375,8194.95703125,9420.677734375,11000,0,0,0,0,0,0,0,0,0,0,0,0,21253.8671875,22378.03515625,23529.365234375,24709.291015625,25807.07421875,26661.74609375,27682.330078125,29000.248046875,30178.51953125,31143.263671875,32338.318359375,33652.0703125,35100.65625,36531.55078125,37869.22265625,39345.01953125,39531.0703125,40479.05859375,41685.92578125,42583.52734375,43200,43792.0625,43791.48046875,44084.76171875,44632.22265625,45249.796875,45530.609375,45582.52734375,46955.890625,49355.5546875,50472.44140625,51002.09375,14418.6953125,14429.17578125,14406.0546875,14361.556640625,14298.548828125,14214.95703125,14110.2822265625,13984.70703125,13838.7880859375,13673.1142578125,0,0,0,0,0,0,0,0,0,0,0,0,0,0,0,0,0,0,0,0,0,0,0,0,0,0,0,0,0,0,0,0,0,0,0,0
0,0,0,0,0,0,887,8872,208872,108872,3479.947265625,50,54,1963,1959,0,0,0,0,0,0,0,0,0,0,0,0,0,1,2,3,4,5,6,7,8,9,10,11,12,13,14,15,16,17,18,19,20,21,22,23,24,25,26,27,28,29,30,31,32,33,34,35,36,37,38,39,40,41,42,43,44,45,46,47,48,49,50,51,52,53,54,55,56,57,58,59,60,61,62,63,64,65,66,67,68,69,70,71,72,73,74,75,76,77,78,79,80,81,82,83,84,85,86,87,88,89,90,91,92,93,94,95,96,97,98,99,100,101,102,103,104,105,106,107,108,109,110,111,112,113,114,115,116,117,118,119,120,121,122,123,124,125,126,127,128,129,130,131,132,133,134,135,136,137,138,139,140,141,142,143,144,145,146,147,148,149,150,151,2,1,1,2028,2028,2,2013,0,0,0,0,0,0,0,0,0,0,0,0,0,0,0,0,0,0,0,0,0,0,0,0,0,0,0,0,0,0,8888.828125,9921.3046875,10920.146484375,13342.6259765625,14532.7919921875,15603.9521484375,16877.740234375,18371.732421875,20054.970703125,21863.115234375,23558.654296875,25179.671875,26824.853515625,28420.337890625,30069.443359375,31774.8359375,33394.09375,34715.81640625,36270.1484375,38234.61328125,40036.89453125,41575.20703125,43440.625,45488.109375,47742.9453125,50000,50664.80859375,52968.55078125,53551.8828125,55179.03125,57179.58203125,58776.1953125,60000,61202.76171875,61584.73828125,62384.953125,63554.7109375,64837.125,65647.5390625,66133.5234375,68552.1796875,72506.125,74610.71875,75865.1640625,76668.125,77203.734375,77562.125,77806.2421875,0,0,0,0,0,0,0,0,0,0,0,0,0,0,0,0,0,0,0,0,0,0,0,0,0,0,0,0,0,0,0,0,0,0,0,0,0,0,0,0,0,0
0,0,0,0,0,0,887,8873,108873,208873,3557.653564453125,54,50,1959,1963,0,0,0,0,0,0,0,0,0,1,2,3,4,5,6,7,8,9,10,11,12,13,14,15,16,17,18,19,20,21,22,23,24,25,26,27,28,29,30,31,32,33,34,35,36,37,38,39,40,41,42,43,44,45,46,47,48,49,50,51,52,53,54,55,56,57,58,59,60,61,62,63,64,65,66,67,68,69,70,71,72,73,74,75,76,77,78,79,80,81,82,83,84,85,86,87,88,89,90,91,92,93,94,95,96,97,98,99,100,101,102,103,104,105,106,107,108,109,110,111,112,113,114,115,116,117,118,119,120,121,122,123,124,125,126,127,128,129,130,131,132,133,134,135,136,137,138,139,140,141,142,143,144,145,146,147,148,149,150,151,152,153,154,155,1,2,1,2024,9999,1,2013,0,0,0,0,0,0,0,0,0,0,0,0,0,0,0,0,0,0,0,0,0,0,0,0,0,0,12515.6435546875,14154.931640625,16272.0859375,19000,0,0,0,0,0,0,0,0,0,0,0,0,21253.8671875,22378.03515625,23529.365234375,24709.291015625,25807.07421875,26661.74609375,27682.330078125,29000.248046875,30178.51953125,31143.263671875,32338.318359375,33652.0703125,35100.65625,36531.55078125,37869.22265625,39345.01953125,39531.0703125,40479.05859375,41685.92578125,42583.52734375,43200,43792.0625,43791.48046875,44084.76171875,44632.22265625,45249.796875,45530.609375,45582.52734375,46955.890625,49355.5546875,50472.44140625,51002.09375,14418.6953125,14429.17578125,14406.0546875,14361.556640625,14298.548828125,14214.95703125,14110.2822265625,13984.70703125,13838.7880859375,13673.1142578125,0,0,0,0,0,0,0,0,0,0,0,0,0,0,0,0,0,0,0,0,0,0,0,0,0,0,0,0,0,0,0,0,0,0,0,0
0,0,0,0,0,0,887,8873,208873,108873,3557.653564453125,50,54,1963,1959,0,0,0,0,0,0,0,0,0,0,0,0,0,1,2,3,4,5,6,7,8,9,10,11,12,13,14,15,16,17,18,19,20,21,22,23,24,25,26,27,28,29,30,31,32,33,34,35,36,37,38,39,40,41,42,43,44,45,46,47,48,49,50,51,52,53,54,55,56,57,58,59,60,61,62,63,64,65,66,67,68,69,70,71,72,73,74,75,76,77,78,79,80,81,82,83,84,85,86,87,88,89,90,91,92,93,94,95,96,97,98,99,100,101,102,103,104,105,106,107,108,109,110,111,112,113,114,115,116,117,118,119,120,121,122,123,124,125,126,127,128,129,130,131,132,133,134,135,136,137,138,139,140,141,142,143,144,145,146,147,148,149,150,151,2,1,1,2028,2028,2,2013,0,0,0,0,0,0,0,0,0,0,0,0,0,0,0,0,0,0,0,0,0,0,0,0,0,0,0,0,0,0,8888.828125,9921.3046875,10920.146484375,13342.6259765625,14532.7919921875,15603.9521484375,16877.740234375,18371.732421875,20054.970703125,21863.115234375,23558.654296875,25179.671875,26824.853515625,28420.337890625,30069.443359375,31774.8359375,33394.09375,34715.81640625,36270.1484375,38234.61328125,40036.89453125,41575.20703125,43440.625,45488.109375,47742.9453125,50000,54042.4375,56499.7578125,57121.98046875,58857.6015625,60991.5234375,62694.57421875,64000,65282.91015625,65690.3515625,66543.9140625,67791.65625,69159.5625,70024,70542.390625,73122.28125,77339.8203125,79584.7265625,80922.796875,81779.296875,82350.6015625,82732.890625,82993.28125,0,0,0,0,0,0,0,0,0,0,0,0,0,0,0,0,0,0,0,0,0,0,0,0,0,0,0,0,0,0,0,0,0,0,0,0,0,0,0,0,0,0
0,0,0,0,0,0,887,8874,108874,208874,3472.170654296875,54,50,1959,1963,0,0,0,0,0,0,0,0,0,1,2,3,4,5,6,7,8,9,10,11,12,13,14,15,16,17,18,19,20,21,22,23,24,25,26,27,28,29,30,31,32,33,34,35,36,37,38,39,40,41,42,43,44,45,46,47,48,49,50,51,52,53,54,55,56,57,58,59,60,61,62,63,64,65,66,67,68,69,70,71,72,73,74,75,76,77,78,79,80,81,82,83,84,85,86,87,88,89,90,91,92,93,94,95,96,97,98,99,100,101,102,103,104,105,106,107,108,109,110,111,112,113,114,115,116,117,118,119,120,121,122,123,124,125,126,127,128,129,130,131,132,133,134,135,136,137,138,139,140,141,142,143,144,145,146,147,148,149,150,151,152,153,154,155,1,2,1,2024,9999,1,2013,0,0,0,0,0,0,0,0,0,0,0,0,0,0,0,0,0,0,0,0,0,0,0,0,0,0,7245.896484375,8194.95703125,9420.677734375,11000,0,0,0,0,0,0,0,0,0,0,0,0,21253.8671875,22378.03515625,23529.365234375,24709.291015625,25807.07421875,26661.74609375,27682.330078125,29000.248046875,30178.51953125,31143.263671875,32338.318359375,33652.0703125,35100.65625,36531.55078125,37869.22265625,39345.01953125,39531.0703125,40479.05859375,41685.92578125,42583.52734375,43200,43792.0625,43791.48046875,44084.76171875,44632.22265625,45249.796875,45530.609375,45582.52734375,46955.890625,49355.5546875,50472.44140625,51002.09375,14418.6953125,14429.17578125,14406.0546875,14361.556640625,14298.548828125,14214.95703125,14110.2822265625,13984.70703125,13838.7880859375,13673.1142578125,0,0,0,0,0,0,0,0,0,0,0,0,0,0,0,0,0,0,0,0,0,0,0,0,0,0,0,0,0,0,0,0,0,0,0,0
0,0,0,0,0,0,887,8874,208874,108874,3472.170654296875,50,54,1963,1959,0,0,0,0,0,0,0,0,0,0,0,0,0,1,2,3,4,5,6,7,8,9,10,11,12,13,14,15,16,17,18,19,20,21,22,23,24,25,26,27,28,29,30,31,32,33,34,35,36,37,38,39,40,41,42,43,44,45,46,47,48,49,50,51,52,53,54,55,56,57,58,59,60,61,62,63,64,65,66,67,68,69,70,71,72,73,74,75,76,77,78,79,80,81,82,83,84,85,86,87,88,89,90,91,92,93,94,95,96,97,98,99,100,101,102,103,104,105,106,107,108,109,110,111,112,113,114,115,116,117,118,119,120,121,122,123,124,125,126,127,128,129,130,131,132,133,134,135,136,137,138,139,140,141,142,143,144,145,146,147,148,149,150,151,2,1,1,2028,2028,2,2013,0,0,0,0,0,0,0,0,0,0,0,0,0,0,0,0,0,0,0,0,0,0,0,0,0,0,0,0,0,0,8888.828125,9921.3046875,10920.146484375,13342.6259765625,14532.7919921875,15603.9521484375,16877.740234375,18371.732421875,20054.970703125,21863.115234375,23558.654296875,25179.671875,26824.853515625,28420.337890625,30069.443359375,31774.8359375,33394.09375,34715.81640625,36270.1484375,38234.61328125,40036.89453125,41575.20703125,43440.625,45488.109375,47742.9453125,50000,62486.60546875,65327.8828125,66047.328125,68054.140625,70521.4921875,72490.6484375,74000,75483.484375,75954.5859375,76941.453125,78384.1484375,79965.796875,80965.3046875,81564.6875,84547.6953125,89424.2265625,92019.8984375,93567.0390625,94557.3671875,95217.9453125,95659.9609375,95961.0390625,0,0,0,0,0,0,0,0,0,0,0,0,0,0,0,0,0,0,0,0,0,0,0,0,0,0,0,0,0,0,0,0,0,0,0,0,0,0,0,0,0,0
0,0,0,0,0,0,887,8875,108875,208875,3501.99560546875,54,50,1959,1963,0,0,0,0,0,0,0,0,0,1,2,3,4,5,6,7,8,9,10,11,12,13,14,15,16,17,18,19,20,21,22,23,24,25,26,27,28,29,30,31,32,33,34,35,36,37,38,39,40,41,42,43,44,45,46,47,48,49,50,51,52,53,54,55,56,57,58,59,60,61,62,63,64,65,66,67,68,69,70,71,72,73,74,75,76,77,78,79,80,81,82,83,84,85,86,87,88,89,90,91,92,93,94,95,96,97,98,99,100,101,102,103,104,105,106,107,108,109,110,111,112,113,114,115,116,117,118,119,120,121,122,123,124,125,126,127,128,129,130,131,132,133,134,135,136,137,138,139,140,141,142,143,144,145,146,147,148,149,150,151,152,153,154,155,1,2,1,2024,9999,1,2013,0,0,0,0,0,0,0,0,0,0,0,0,0,0,0,0,0,0,0,0,0,0,0,0,0,0,14491.7998046875,16389.921875,18841.365234375,22000,0,0,0,0,0,0,0,0,0,0,0,0,21253.8671875,22378.03515625,23529.365234375,24709.291015625,25807.07421875,26661.74609375,27682.330078125,29000.248046875,30178.51953125,31143.263671875,32338.318359375,33652.0703125,35100.65625,36531.55078125,37869.22265625,39345.01953125,39531.0703125,40479.05859375,41685.92578125,42583.52734375,43200,43792.0625,43791.48046875,44084.76171875,44632.22265625,45249.796875,45530.609375,45582.52734375,46955.890625,49355.5546875,50472.44140625,51002.09375,14418.6953125,14429.17578125,14406.0546875,14361.556640625,14298.548828125,14214.95703125,14110.2822265625,13984.70703125,13838.7880859375,13673.1142578125,0,0,0,0,0,0,0,0,0,0,0,0,0,0,0,0,0,0,0,0,0,0,0,0,0,0,0,0,0,0,0,0,0,0,0,0
0,0,0,0,0,0,887,8875,208875,108875,3501.99560546875,50,54,1963,1959,0,0,0,0,0,0,0,0,0,0,0,0,0,1,2,3,4,5,6,7,8,9,10,11,12,13,14,15,16,17,18,19,20,21,22,23,24,25,26,27,28,29,30,31,32,33,34,35,36,37,38,39,40,41,42,43,44,45,46,47,48,49,50,51,52,53,54,55,56,57,58,59,60,61,62,63,64,65,66,67,68,69,70,71,72,73,74,75,76,77,78,79,80,81,82,83,84,85,86,87,88,89,90,91,92,93,94,95,96,97,98,99,100,101,102,103,104,105,106,107,108,109,110,111,112,113,114,115,116,117,118,119,120,121,122,123,124,125,126,127,128,129,130,131,132,133,134,135,136,137,138,139,140,141,142,143,144,145,146,147,148,149,150,151,2,1,1,2028,2028,2,2013,0,0,0,0,0,0,0,0,0,0,0,0,0,0,0,0,0,0,0,0,0,0,0,0,0,0,0,0,0,0,8888.828125,9921.3046875,10920.146484375,13342.6259765625,14532.7919921875,15603.9521484375,16877.740234375,18371.732421875,20054.970703125,21863.115234375,23558.654296875,25179.671875,26824.853515625,28420.337890625,30069.443359375,31774.8359375,33394.09375,34715.81640625,36270.1484375,38234.61328125,40036.89453125,41575.20703125,43440.625,45488.109375,47742.9453125,50000,49820.375,52085.71875,52659.328125,54259.35546875,56226.56640625,57796.56640625,59000,60182.6875,60558.296875,61345.1796875,62495.4375,63756.48046875,64553.3828125,65031.2734375,67409.609375,71297.65625,73367.1796875,74600.7109375,75390.2890625,75916.96875,76269.390625,76509.4375,0,0,0,0,0,0,0,0,0,0,0,0,0,0,0,0,0,0,0,0,0,0,0,0,0,0,0,0,0,0,0,0,0,0,0,0,0,0,0,0,0,0
0,0,0,0,0,0,1266,12661,112661,212661,4230.68798828125,45,37,1968,1976,0,0,0,0,0,0,0,0,0,0,0,0,0,0,0,0,0,0,1,2,3,4,5,6,7,8,9,10,11,12,13,14,15,16,17,18,19,20,21,22,23,24,25,26,27,28,29,30,31,32,33,34,35,36,37,38,39,40,41,42,43,44,45,46,47,48,49,50,51,52,53,54,55,56,57,58,59,60,61,62,63,64,65,66,67,68,69,70,71,72,73,74,75,76,77,78,79,80,81,82,83,84,85,86,87,88,89,90,91,92,93,94,95,96,97,98,99,100,101,102,103,104,105,106,107,108,109,110,111,112,113,114,115,116,117,118,119,120,121,122,123,124,125,126,127,128,129,130,131,132,133,134,135,136,137,138,139,140,141,142,143,144,145,146,1,2,1,2033,2033,1,2013,0,0,0,0,0,0,0,0,0,0,0,0,0,0,0,0,0,0,0,0,0,0,0,0,0,0,0,0,0,0,0,0,0,0,0,0,0,0,0,0,0,0,0,0,0,0,0,26647.892578125,28058.849609375,29809.9921875,31459.41015625,32923.78125,34670.171875,36588.35546875,38702.51953125,40849.30078125,42943.30078125,45247.24609375,46103.453125,47875.99609375,50000,48016.6796875,49400,50784.5703125,51501.38671875,52578.7578125,53983.7265625,55503.953125,56637.4453125,57503.13671875,60072.5078125,64034.53125,66408.8359375,68053.75,69312.1171875,70342.4765625,71221.9296875,72005.078125,72701.953125,73298.078125,73786.2890625,74162.7578125,74425.796875,0,0,0,0,0,0,0,0,0,0,0,0,0,0,0,0,0,0,0,0,0,0,0,0,0,0,0,0,0,0,0,0,0,0,0,0,0
0,0,0,0,0,0,1266,12661,212661,112661,4230.68798828125,37,45,1976,1968,0,0,0,0,0,0,0,0,0,0,0,0,0,0,0,0,0,0,0,0,0,0,0,0,0,0,1,2,3,4,5,6,7,8,9,10,11,12,13,14,15,16,17,18,19,20,21,22,23,24,25,26,27,28,29,30,31,32,33,34,35,36,37,38,39,40,41,42,43,44,45,46,47,48,49,50,51,52,53,54,55,56,57,58,59,60,61,62,63,64,65,66,67,68,69,70,71,72,73,74,75,76,77,78,79,80,81,82,83,84,85,86,87,88,89,90,91,92,93,94,95,96,97,98,99,100,101,102,103,104,105,106,107,108,109,110,111,112,113,114,115,116,117,118,119,120,121,122,123,124,125,126,127,128,129,130,131,132,133,134,135,136,137,138,2,1,1,2036,2036,2,2013,0,0,0,0,0,0,0,0,0,0,0,0,0,0,0,0,0,0,0,0,0,0,0,0,0,0,0,0,0,0,0,0,0,0,0,0,0,0,0,0,0,0,0,0,0,0,0,15447.3466796875,16469.357421875,17716.763671875,18931.66796875,20061.537109375,21390.740234375,22857.505859375,24481.66796875,26163.87890625,27850.25,29712.634765625,30654.8125,32232.85546875,34085.25390625,39933.99609375,41600,43302.59765625,44464.8515625,45964.65625,47785.125,49747.30078125,51400.17578125,52840.6640625,55894.4453125,60328.55078125,63350.53125,65734.328125,67789.9140625,69660.9453125,71416.9921875,73108.3046875,74742.1328125,76300.5625,77772.59375,79150.3671875,80427.75,81598.84375,82658.28125,83601.265625,0,0,0,0,0,0,0,0,0,0,0,0,0,0,0,0,0,0,0,0,0,0,0,0,0,0,0,0,0,0,0,0,0,0
0,0,0,0,0,0,1266,12662,112662,212662,4178.3525390625,45,37,1968,1976,0,0,0,0,0,0,0,0,0,0,0,0,0,0,0,0,0,0,1,2,3,4,5,6,7,8,9,10,11,12,13,14,15,16,17,18,19,20,21,22,23,24,25,26,27,28,29,30,31,32,33,34,35,36,37,38,39,40,41,42,43,44,45,46,47,48,49,50,51,52,53,54,55,56,57,58,59,60,61,62,63,64,65,66,67,68,69,70,71,72,73,74,75,76,77,78,79,80,81,82,83,84,85,86,87,88,89,90,91,92,93,94,95,96,97,98,99,100,101,102,103,104,105,106,107,108,109,110,111,112,113,114,115,116,117,118,119,120,121,122,123,124,125,126,127,128,129,130,131,132,133,134,135,136,137,138,139,140,141,142,143,144,145,146,1,2,1,2033,2033,1,2013,0,0,0,0,0,0,0,0,0,0,0,0,0,0,0,0,0,0,0,0,0,0,0,0,0,0,0,0,0,0,0,0,0,0,0,0,0,0,0,0,0,0,0,0,0,0,0,26647.892578125,28058.849609375,29809.9921875,31459.41015625,32923.78125,34670.171875,36588.35546875,38702.51953125,40849.30078125,42943.30078125,45247.24609375,46103.453125,47875.99609375,50000,48016.6796875,49400,50784.5703125,51501.38671875,52578.7578125,53983.7265625,55503.953125,56637.4453125,57503.13671875,60072.5078125,64034.53125,66408.8359375,68053.75,69312.1171875,70342.4765625,71221.9296875,72005.078125,72701.953125,73298.078125,73786.2890625,74162.7578125,74425.796875,0,0,0,0,0,0,0,0,0,0,0,0,0,0,0,0,0,0,0,0,0,0,0,0,0,0,0,0,0,0,0,0,0,0,0,0,0
0,0,0,0,0,0,1266,12662,212662,112662,4178.3525390625,37,45,1976,1968,0,0,0,0,0,0,0,0,0,0,0,0,0,0,0,0,0,0,0,0,0,0,0,0,0,0,1,2,3,4,5,6,7,8,9,10,11,12,13,14,15,16,17,18,19,20,21,22,23,24,25,26,27,28,29,30,31,32,33,34,35,36,37,38,39,40,41,42,43,44,45,46,47,48,49,50,51,52,53,54,55,56,57,58,59,60,61,62,63,64,65,66,67,68,69,70,71,72,73,74,75,76,77,78,79,80,81,82,83,84,85,86,87,88,89,90,91,92,93,94,95,96,97,98,99,100,101,102,103,104,105,106,107,108,109,110,111,112,113,114,115,116,117,118,119,120,121,122,123,124,125,126,127,128,129,130,131,132,133,134,135,136,137,138,2,1,1,2036,2036,2,2013,0,0,0,0,0,0,0,0,0,0,0,0,0,0,0,0,0,0,0,0,0,0,0,0,0,0,0,0,0,0,0,0,0,0,0,0,0,0,0,0,0,0,0,0,0,0,11502.419921875,12202.458984375,13009.7841796875,13995.1728515625,14954.8740234375,15847.3857421875,16897.390625,18056.03125,19339.01953125,20667.86328125,22000,0,30654.8125,32232.85546875,34085.25390625,39933.99609375,41600,43302.59765625,44464.8515625,45964.65625,47785.125,49747.30078125,51400.17578125,52840.6640625,55894.4453125,60328.55078125,63350.53125,65734.328125,67789.9140625,69660.9453125,71416.9921875,73108.3046875,74742.1328125,76300.5625,77772.59375,79150.3671875,80427.75,81598.84375,82658.28125,83601.265625,0,0,0,0,0,0,0,0,0,0,0,0,0,0,0,0,0,0,0,0,0,0,0,0,0,0,0,0,0,0,0,0,0,0
0,0,0,0,0,0,1266,12663,112663,212663,4211.16943359375,45,37,1968,1976,0,0,0,0,0,0,0,0,0,0,0,0,0,0,0,0,0,0,1,2,3,4,5,6,7,8,9,10,11,12,13,14,15,16,17,18,19,20,21,22,23,24,25,26,27,28,29,30,31,32,33,34,35,36,37,38,39,40,41,42,43,44,45,46,47,48,49,50,51,52,53,54,55,56,57,58,59,60,61,62,63,64,65,66,67,68,69,70,71,72,73,74,75,76,77,78,79,80,81,82,83,84,85,86,87,88,89,90,91,92,93,94,95,96,97,98,99,100,101,102,103,104,105,106,107,108,109,110,111,112,113,114,115,116,117,118,119,120,121,122,123,124,125,126,127,128,129,130,131,132,133,134,135,136,137,138,139,140,141,142,143,144,145,146,1,2,1,2033,2033,1,2013,0,0,0,0,0,0,0,0,0,0,0,0,0,0,0,0,0,0,0,0,0,0,0,0,0,0,0,0,0,0,0,0,0,0,0,0,0,0,0,0,0,0,0,0,0,0,0,26647.892578125,28058.849609375,29809.9921875,31459.41015625,32923.78125,34670.171875,36588.35546875,38702.51953125,40849.30078125,42943.30078125,45247.24609375,46103.453125,47875.99609375,50000,48016.6796875,49400,50784.5703125,51501.38671875,52578.7578125,53983.7265625,55503.953125,56637.4453125,57503.13671875,60072.5078125,64034.53125,66408.8359375,68053.75,69312.1171875,70342.4765625,71221.9296875,72005.078125,72701.953125,73298.078125,73786.2890625,74162.7578125,74425.796875,0,0,0,0,0,0,0,0,0,0,0,0,0,0,0,0,0,0,0,0,0,0,0,0,0,0,0,0,0,0,0,0,0,0,0,0,0
0,0,0,0,0,0,1266,12663,212663,112663,4211.16943359375,37,45,1976,1968,0,0,0,0,0,0,0,0,0,0,0,0,0,0,0,0,0,0,0,0,0,0,0,0,0,0,1,2,3,4,5,6,7,8,9,10,11,12,13,14,15,16,17,18,19,20,21,22,23,24,25,26,27,28,29,30,31,32,33,34,35,36,37,38,39,40,41,42,43,44,45,46,47,48,49,50,51,52,53,54,55,56,57,58,59,60,61,62,63,64,65,66,67,68,69,70,71,72,73,74,75,76,77,78,79,80,81,82,83,84,85,86,87,88,89,90,91,92,93,94,95,96,97,98,99,100,101,102,103,104,105,106,107,108,109,110,111,112,113,114,115,116,117,118,119,120,121,122,123,124,125,126,127,128,129,130,131,132,133,134,135,136,137,138,2,1,1,2036,2036,2,2013,0,0,0,0,0,0,0,0,0,0,0,0,0,0,0,0,0,0,0,0,0,0,0,0,0,0,0,0,0,0,0,0,0,0,0,0,0,0,0,0,0,0,0,0,0,0,0,15447.3466796875,16469.357421875,17716.763671875,18931.66796875,20061.537109375,21390.740234375,22857.505859375,24481.66796875,26163.87890625,27850.25,29712.634765625,30654.8125,32232.85546875,34085.25390625,39933.99609375,41600,43302.59765625,44464.8515625,45964.65625,47785.125,49747.30078125,51400.17578125,52840.6640625,55894.4453125,60328.55078125,63350.53125,65734.328125,67789.9140625,69660.9453125,71416.9921875,73108.3046875,74742.1328125,76300.5625,77772.59375,79150.3671875,80427.75,81598.84375,82658.28125,83601.265625,0,0,0,0,0,0,0,0,0,0,0,0,0,0,0,0,0,0,0,0,0,0,0,0,0,0,0,0,0,0,0,0,0,0
0,0,0,0,0,0,1266,12664,112664,212664,4219.61181640625,45,37,1968,1976,0,0,0,0,0,0,0,0,0,0,0,0,0,0,0,0,0,0,1,2,3,4,5,6,7,8,9,10,11,12,13,14,15,16,17,18,19,20,21,22,23,24,25,26,27,28,29,30,31,32,33,34,35,36,37,38,39,40,41,42,43,44,45,46,47,48,49,50,51,52,53,54,55,56,57,58,59,60,61,62,63,64,65,66,67,68,69,70,71,72,73,74,75,76,77,78,79,80,81,82,83,84,85,86,87,88,89,90,91,92,93,94,95,96,97,98,99,100,101,102,103,104,105,106,107,108,109,110,111,112,113,114,115,116,117,118,119,120,121,122,123,124,125,126,127,128,129,130,131,132,133,134,135,136,137,138,139,140,141,142,143,144,145,146,1,2,1,2033,2033,1,2013,0,0,0,0,0,0,0,0,0,0,0,0,0,0,0,0,0,0,0,0,0,0,0,0,0,0,0,0,0,0,0,0,0,0,0,0,0,0,0,0,0,0,0,0,0,0,0,26647.892578125,28058.849609375,29809.9921875,31459.41015625,32923.78125,34670.171875,36588.35546875,38702.51953125,40849.30078125,42943.30078125,45247.24609375,46103.453125,47875.99609375,50000,48016.6796875,49400,50784.5703125,51501.38671875,52578.7578125,53983.7265625,55503.953125,56637.4453125,57503.13671875,60072.5078125,64034.53125,66408.8359375,68053.75,69312.1171875,70342.4765625,71221.9296875,72005.078125,72701.953125,73298.078125,73786.2890625,74162.7578125,74425.796875,0,0,0,0,0,0,0,0,0,0,0,0,0,0,0,0,0,0,0,0,0,0,0,0,0,0,0,0,0,0,0,0,0,0,0,0,0
0,0,0,0,0,0,1266,12664,212664,112664,4219.61181640625,37,45,1976,1968,0,0,0,0,0,0,0,0,0,0,0,0,0,0,0,0,0,0,0,0,0,0,0,0,0,0,1,2,3,4,5,6,7,8,9,10,11,12,13,14,15,16,17,18,19,20,21,22,23,24,25,26,27,28,29,30,31,32,33,34,35,36,37,38,39,40,41,42,43,44,45,46,47,48,49,50,51,52,53,54,55,56,57,58,59,60,61,62,63,64,65,66,67,68,69,70,71,72,73,74,75,76,77,78,79,80,81,82,83,84,85,86,87,88,89,90,91,92,93,94,95,96,97,98,99,100,101,102,103,104,105,106,107,108,109,110,111,112,113,114,115,116,117,118,119,120,121,122,123,124,125,126,127,128,129,130,131,132,133,134,135,136,137,138,2,1,1,2036,2036,2,2013,0,0,0,0,0,0,0,0,0,0,0,0,0,0,0,0,0,0,0,0,0,0,0,0,0,0,0,0,0,0,0,0,0,0,0,0,0,0,0,0,0,0,0,0,0,0,0,8109.72802734375,8646.2744140625,9301.162109375,9938.9765625,10532.138671875,11229.9697265625,12000,14620.525390625,17774.349609375,21522.359375,26119.90234375,30654.8125,32232.85546875,34085.25390625,39933.99609375,41600,43302.59765625,44464.8515625,45964.65625,47785.125,49747.30078125,51400.17578125,52840.6640625,55894.4453125,60328.55078125,63350.53125,65734.328125,67789.9140625,69660.9453125,71416.9921875,73108.3046875,74742.1328125,76300.5625,77772.59375,79150.3671875,80427.75,81598.84375,82658.28125,83601.265625,0,0,0,0,0,0,0,0,0,0,0,0,0,0,0,0,0,0,0,0,0,0,0,0,0,0,0,0,0,0,0,0,0,0
0,0,0,0,0,0,1266,12665,112665,212665,4220.07763671875,45,37,1968,1976,0,0,0,0,0,0,0,0,0,0,0,0,0,0,0,0,0,0,1,2,3,4,5,6,7,8,9,10,11,12,13,14,15,16,17,18,19,20,21,22,23,24,25,26,27,28,29,30,31,32,33,34,35,36,37,38,39,40,41,42,43,44,45,46,47,48,49,50,51,52,53,54,55,56,57,58,59,60,61,62,63,64,65,66,67,68,69,70,71,72,73,74,75,76,77,78,79,80,81,82,83,84,85,86,87,88,89,90,91,92,93,94,95,96,97,98,99,100,101,102,103,104,105,106,107,108,109,110,111,112,113,114,115,116,117,118,119,120,121,122,123,124,125,126,127,128,129,130,131,132,133,134,135,136,137,138,139,140,141,142,143,144,145,146,1,2,1,2033,2033,1,2013,0,0,0,0,0,0,0,0,0,0,0,0,0,0,0,0,0,0,0,0,0,0,0,0,0,0,0,0,0,0,0,0,0,0,0,0,0,0,0,0,0,0,0,0,0,0,0,26647.892578125,28058.849609375,29809.9921875,31459.41015625,32923.78125,34670.171875,36588.35546875,38702.51953125,40849.30078125,42943.30078125,45247.24609375,46103.453125,47875.99609375,50000,48016.6796875,49400,50784.5703125,51501.38671875,52578.7578125,53983.7265625,55503.953125,56637.4453125,57503.13671875,60072.5078125,64034.53125,66408.8359375,68053.75,69312.1171875,70342.4765625,71221.9296875,72005.078125,72701.953125,73298.078125,73786.2890625,74162.7578125,74425.796875,0,0,0,0,0,0,0,0,0,0,0,0,0,0,0,0,0,0,0,0,0,0,0,0,0,0,0,0,0,0,0,0,0,0,0,0,0
0,0,0,0,0,0,1266,12665,212665,112665,4220.07763671875,37,45,1976,1968,0,0,0,0,0,0,0,0,0,0,0,0,0,0,0,0,0,0,0,0,0,0,0,0,0,0,1,2,3,4,5,6,7,8,9,10,11,12,13,14,15,16,17,18,19,20,21,22,23,24,25,26,27,28,29,30,31,32,33,34,35,36,37,38,39,40,41,42,43,44,45,46,47,48,49,50,51,52,53,54,55,56,57,58,59,60,61,62,63,64,65,66,67,68,69,70,71,72,73,74,75,76,77,78,79,80,81,82,83,84,85,86,87,88,89,90,91,92,93,94,95,96,97,98,99,100,101,102,103,104,105,106,107,108,109,110,111,112,113,114,115,116,117,118,119,120,121,122,123,124,125,126,127,128,129,130,131,132,133,134,135,136,137,138,2,1,1,2036,2036,2,2013,0,0,0,0,0,0,0,0,0,0,0,0,0,0,0,0,0,0,0,0,0,0,0,0,0,0,0,0,0,0,0,0,0,0,0,0,0,0,0,0,0,0,0,0,0,0,0,0,0,0,0,9452.5966796875,10078.8916015625,10770.0029296875,11535.2744140625,12327.8994140625,13122.484375,14000,30654.8125,32232.85546875,34085.25390625,39933.99609375,41600,43302.59765625,44464.8515625,45964.65625,47785.125,49747.30078125,51400.17578125,52840.6640625,55894.4453125,60328.55078125,63350.53125,65734.328125,67789.9140625,69660.9453125,71416.9921875,73108.3046875,74742.1328125,76300.5625,77772.59375,79150.3671875,80427.75,81598.84375,82658.28125,83601.265625,0,0,0,0,0,0,0,0,0,0,0,0,0,0,0,0,0,0,0,0,0,0,0,0,0,0,0,0,0,0,0,0,0,0
0,0,0,0,0,0,1279,12791,112791,212791,4058.17578125,40,34,1973,1979,0,0,0,0,0,0,0,0,0,0,0,0,0,0,0,0,0,0,0,0,0,0,0,1,2,3,4,5,6,7,8,9,10,11,12,13,14,15,16,17,18,19,20,21,22,23,24,25,26,27,28,29,30,31,32,33,34,35,36,37,38,39,40,41,42,43,44,45,46,47,48,49,50,51,52,53,54,55,56,57,58,59,60,61,62,63,64,65,66,67,68,69,70,71,72,73,74,75,76,77,78,79,80,81,82,83,84,85,86,87,88,89,90,91,92,93,94,95,96,97,98,99,100,101,102,103,104,105,106,107,108,109,110,111,112,113,114,115,116,117,118,119,120,121,122,123,124,125,126,127,128,129,130,131,132,133,134,135,136,137,138,139,140,141,1,2,1,9999,9999,1,2013,0,0,0,0,0,0,0,0,0,0,0,0,0,0,0,0,0,0,0,0,0,0,0,0,0,0,0,0,0,0,0,0,0,0,0,0,0,0,0,0,0,0,0,0,0,0,0,433130.96875,459632.65625,492139.15625,523433.75,552084.4375,585917.9375,696023.8125,742002.0625,789288.125,836240.9375,888000,65409.21875,68455.5,72051.828125,75227.25,78000,80813.6171875,82595.484375,84983.0625,87936.65625,91120.4921875,93708.8125,95885.6015625,100953.796875,108454.0546875,113355.359375,117072.078125,120169.8359375,122910.390625,125420.84375,127792.1484375,130038.578125,132130.578125,134051.3125,135789.546875,137337.328125,138687.0625,139832.203125,140767.703125,141488.921875,141992.4375,142275.953125,142337.984375,142178.3125,141797.578125,141197.703125,140381.375,139352.515625,138115.78125,136676.859375,135042.5,0,0,0,0,0,0,0,0,0,0,0,0,0,0,0,0,0,0,0,0,0,0
0,0,0,0,0,0,1279,12791,212791,112791,4058.17578125,34,40,1979,1973,0,0,0,0,0,0,0,0,0,0,0,0,0,0,0,0,0,0,0,0,0,0,0,0,0,0,0,0,0,1,2,3,4,5,6,7,8,9,10,11,12,13,14,15,16,17,18,19,20,21,22,23,24,25,26,27,28,29,30,31,32,33,34,35,36,37,38,39,40,41,42,43,44,45,46,47,48,49,50,51,52,53,54,55,56,57,58,59,60,61,62,63,64,65,66,67,68,69,70,71,72,73,74,75,76,77,78,79,80,81,82,83,84,85,86,87,88,89,90,91,92,93,94,95,96,97,98,99,100,101,102,103,104,105,106,107,108,109,110,111,112,113,114,115,116,117,118,119,120,121,122,123,124,125,126,127,128,129,130,131,132,133,134,135,2,1,1,,2044,2,2013,0,0,0,0,0,0,0,0,0,0,0,0,0,0,0,0,0,0,0,0,0,0,0,0,0,0,0,0,0,0,0,0,0,0,0,0,0,0,0,0,0,0,0,0,0,0,0,0,0,0,0,0,0,0,0,0,0,0,0,0,0,10858.8759765625,0,0,0,0,0,0,0,0,0,0,18244.8125,19024.513671875,19714.974609375,20356.70703125,20969.302734375,21567.064453125,22151.79296875,22717.884765625,23261.63671875,23780.326171875,24271.66796875,24733.39453125,25163.42578125,25559.7578125,25920.619140625,26244.275390625,26529.25,26774.142578125,26977.80859375,27139.27734375,27257.77734375,27332.724609375,0,0,0,0,0,0,0,0,0,0,0,0,0,0,0,0,0,0,0,0,0,0,0,0,0,0
0,0,0,0,0,0,1279,12792,112792,212792,4025.08056640625,40,34,1973,1979,0,0,0,0,0,0,0,0,0,0,0,0,0,0,0,0,0,0,0,0,0,0,0,1,2,3,4,5,6,7,8,9,10,11,12,13,14,15,16,17,18,19,20,21,22,23,24,25,26,27,28,29,30,31,32,33,34,35,36,37,38,39,40,41,42,43,44,45,46,47,48,49,50,51,52,53,54,55,56,57,58,59,60,61,62,63,64,65,66,67,68,69,70,71,72,73,74,75,76,77,78,79,80,81,82,83,84,85,86,87,88,89,90,91,92,93,94,95,96,97,98,99,100,101,102,103,104,105,106,107,108,109,110,111,112,113,114,115,116,117,118,119,120,121,122,123,124,125,126,127,128,129,130,131,132,133,134,135,136,137,138,139,140,141,1,2,1,9999,9999,1,2013,0,0,0,0,0,0,0,0,0,0,0,0,0,0,0,0,0,0,0,0,0,0,0,0,0,0,0,0,0,0,0,0,0,0,0,0,0,0,0,0,0,0,0,0,0,0,0,433130.96875,459632.65625,492139.15625,523433.75,552084.4375,585917.9375,696023.8125,742002.0625,789288.125,836240.9375,888000,65409.21875,68455.5,72051.828125,75227.25,78000,80813.6171875,82595.484375,84983.0625,87936.65625,91120.4921875,93708.8125,95885.6015625,100953.796875,108454.0546875,113355.359375,117072.078125,120169.8359375,122910.390625,125420.84375,127792.1484375,130038.578125,132130.578125,134051.3125,135789.546875,137337.328125,138687.0625,139832.203125,140767.703125,141488.921875,141992.4375,142275.953125,142337.984375,142178.3125,141797.578125,141197.703125,140381.375,139352.515625,138115.78125,136676.859375,135042.5,0,0,0,0,0,0,0,0,0,0,0,0,0,0,0,0,0,0,0,0,0,0
0,0,0,0,0,0,1279,12792,212792,112792,4025.08056640625,34,40,1979,1973,0,0,0,0,0,0,0,0,0,0,0,0,0,0,0,0,0,0,0,0,0,0,0,0,0,0,0,0,0,1,2,3,4,5,6,7,8,9,10,11,12,13,14,15,16,17,18,19,20,21,22,23,24,25,26,27,28,29,30,31,32,33,34,35,36,37,38,39,40,41,42,43,44,45,46,47,48,49,50,51,52,53,54,55,56,57,58,59,60,61,62,63,64,65,66,67,68,69,70,71,72,73,74,75,76,77,78,79,80,81,82,83,84,85,86,87,88,89,90,91,92,93,94,95,96,97,98,99,100,101,102,103,104,105,106,107,108,109,110,111,112,113,114,115,116,117,118,119,120,121,122,123,124,125,126,127,128,129,130,131,132,133,134,135,2,1,1,,2044,2,2013,0,0,0,0,0,0,0,0,0,0,0,0,0,0,0,0,0,0,0,0,0,0,0,0,0,0,0,0,0,0,0,0,0,0,0,0,0,0,0,0,0,0,0,0,0,0,0,0,0,0,0,0,0,0,0,0,0,0,0,0,0,10858.8759765625,0,0,0,0,0,0,0,0,0,0,18244.8125,19024.513671875,19714.974609375,20356.70703125,20969.302734375,21567.064453125,22151.79296875,22717.884765625,23261.63671875,23780.326171875,24271.66796875,24733.39453125,25163.42578125,25559.7578125,25920.619140625,26244.275390625,26529.25,26774.142578125,26977.80859375,27139.27734375,27257.77734375,27332.724609375,0,0,0,0,0,0,0,0,0,0,0,0,0,0,0,0,0,0,0,0,0,0,0,0,0,0
0,0,0,0,0,0,1279,12793,112793,212793,4048.4287109375,40,34,1973,1979,0,0,0,0,0,0,0,0,0,0,0,0,0,0,0,0,0,0,0,0,0,0,0,1,2,3,4,5,6,7,8,9,10,11,12,13,14,15,16,17,18,19,20,21,22,23,24,25,26,27,28,29,30,31,32,33,34,35,36,37,38,39,40,41,42,43,44,45,46,47,48,49,50,51,52,53,54,55,56,57,58,59,60,61,62,63,64,65,66,67,68,69,70,71,72,73,74,75,76,77,78,79,80,81,82,83,84,85,86,87,88,89,90,91,92,93,94,95,96,97,98,99,100,101,102,103,104,105,106,107,108,109,110,111,112,113,114,115,116,117,118,119,120,121,122,123,124,125,126,127,128,129,130,131,132,133,134,135,136,137,138,139,140,141,1,2,1,9999,9999,1,2013,0,0,0,0,0,0,0,0,0,0,0,0,0,0,0,0,0,0,0,0,0,0,0,0,0,0,0,0,0,0,0,0,0,0,0,0,0,0,0,0,0,0,0,0,0,0,0,433130.96875,459632.65625,492139.15625,523433.75,552084.4375,585917.9375,696023.8125,742002.0625,789288.125,836240.9375,888000,65409.21875,68455.5,72051.828125,75227.25,78000,80813.6171875,82595.484375,84983.0625,87936.65625,91120.4921875,93708.8125,95885.6015625,100953.796875,108454.0546875,113355.359375,117072.078125,120169.8359375,122910.390625,125420.84375,127792.1484375,130038.578125,132130.578125,134051.3125,135789.546875,137337.328125,138687.0625,139832.203125,140767.703125,141488.921875,141992.4375,142275.953125,142337.984375,142178.3125,141797.578125,141197.703125,140381.375,139352.515625,138115.78125,136676.859375,135042.5,0,0,0,0,0,0,0,0,0,0,0,0,0,0,0,0,0,0,0,0,0,0
0,0,0,0,0,0,1279,12793,212793,112793,4048.4287109375,34,40,1979,1973,0,0,0,0,0,0,0,0,0,0,0,0,0,0,0,0,0,0,0,0,0,0,0,0,0,0,0,0,0,1,2,3,4,5,6,7,8,9,10,11,12,13,14,15,16,17,18,19,20,21,22,23,24,25,26,27,28,29,30,31,32,33,34,35,36,37,38,39,40,41,42,43,44,45,46,47,48,49,50,51,52,53,54,55,56,57,58,59,60,61,62,63,64,65,66,67,68,69,70,71,72,73,74,75,76,77,78,79,80,81,82,83,84,85,86,87,88,89,90,91,92,93,94,95,96,97,98,99,100,101,102,103,104,105,106,107,108,109,110,111,112,113,114,115,116,117,118,119,120,121,122,123,124,125,126,127,128,129,130,131,132,133,134,135,2,1,1,,2044,2,2013,0,0,0,0,0,0,0,0,0,0,0,0,0,0,0,0,0,0,0,0,0,0,0,0,0,0,0,0,0,0,0,0,0,0,0,0,0,0,0,0,0,0,0,0,0,0,0,0,0,0,0,0,0,0,0,0,0,0,0,0,0,10858.8759765625,0,0,0,0,0,0,0,0,0,0,18244.8125,19024.513671875,19714.974609375,20356.70703125,20969.302734375,21567.064453125,22151.79296875,22717.884765625,23261.63671875,23780.326171875,24271.66796875,24733.39453125,25163.42578125,25559.7578125,25920.619140625,26244.275390625,26529.25,26774.142578125,26977.80859375,27139.27734375,27257.77734375,27332.724609375,0,0,0,0,0,0,0,0,0,0,0,0,0,0,0,0,0,0,0,0,0,0,0,0,0,0
0,0,0,0,0,0,1279,12794,112794,212794,4041.607177734375,40,34,1973,1979,0,0,0,0,0,0,0,0,0,0,0,0,0,0,0,0,0,0,0,0,0,0,0,1,2,3,4,5,6,7,8,9,10,11,12,13,14,15,16,17,18,19,20,21,22,23,24,25,26,27,28,29,30,31,32,33,34,35,36,37,38,39,40,41,42,43,44,45,46,47,48,49,50,51,52,53,54,55,56,57,58,59,60,61,62,63,64,65,66,67,68,69,70,71,72,73,74,75,76,77,78,79,80,81,82,83,84,85,86,87,88,89,90,91,92,93,94,95,96,97,98,99,100,101,102,103,104,105,106,107,108,109,110,111,112,113,114,115,116,117,118,119,120,121,122,123,124,125,126,127,128,129,130,131,132,133,134,135,136,137,138,139,140,141,1,2,1,9999,9999,1,2013,0,0,0,0,0,0,0,0,0,0,0,0,0,0,0,0,0,0,0,0,0,0,0,0,0,0,0,0,0,0,0,0,0,0,0,0,0,0,0,0,0,0,0,0,0,0,0,433130.96875,459632.65625,492139.15625,523433.75,552084.4375,585917.9375,696023.8125,742002.0625,789288.125,836240.9375,888000,65409.21875,68455.5,72051.828125,75227.25,78000,80813.6171875,82595.484375,84983.0625,87936.65625,91120.4921875,93708.8125,95885.6015625,100953.796875,108454.0546875,113355.359375,117072.078125,120169.8359375,122910.390625,125420.84375,127792.1484375,130038.578125,132130.578125,134051.3125,135789.546875,137337.328125,138687.0625,139832.203125,140767.703125,141488.921875,141992.4375,142275.953125,142337.984375,142178.3125,141797.578125,141197.703125,140381.375,139352.515625,138115.78125,136676.859375,135042.5,0,0,0,0,0,0,0,0,0,0,0,0,0,0,0,0,0,0,0,0,0,0
0,0,0,0,0,0,1279,12794,212794,112794,4041.607177734375,34,40,1979,1973,0,0,0,0,0,0,0,0,0,0,0,0,0,0,0,0,0,0,0,0,0,0,0,0,0,0,0,0,0,1,2,3,4,5,6,7,8,9,10,11,12,13,14,15,16,17,18,19,20,21,22,23,24,25,26,27,28,29,30,31,32,33,34,35,36,37,38,39,40,41,42,43,44,45,46,47,48,49,50,51,52,53,54,55,56,57,58,59,60,61,62,63,64,65,66,67,68,69,70,71,72,73,74,75,76,77,78,79,80,81,82,83,84,85,86,87,88,89,90,91,92,93,94,95,96,97,98,99,100,101,102,103,104,105,106,107,108,109,110,111,112,113,114,115,116,117,118,119,120,121,122,123,124,125,126,127,128,129,130,131,132,133,134,135,2,1,1,,2044,2,2013,0,0,0,0,0,0,0,0,0,0,0,0,0,0,0,0,0,0,0,0,0,0,0,0,0,0,0,0,0,0,0,0,0,0,0,0,0,0,0,0,0,0,0,0,0,0,0,0,0,0,0,0,0,0,0,0,0,0,0,0,0,10858.8759765625,0,0,0,0,0,0,0,0,0,0,18244.8125,19024.513671875,19714.974609375,20356.70703125,20969.302734375,21567.064453125,22151.79296875,22717.884765625,23261.63671875,23780.326171875,24271.66796875,24733.39453125,25163.42578125,25559.7578125,25920.619140625,26244.275390625,26529.25,26774.142578125,26977.80859375,27139.27734375,27257.77734375,27332.724609375,0,0,0,0,0,0,0,0,0,0,0,0,0,0,0,0,0,0,0,0,0,0,0,0,0,0
0,0,0,0,0,0,1279,12795,112795,212795,4056.488037109375,40,34,1973,1979,0,0,0,0,0,0,0,0,0,0,0,0,0,0,0,0,0,0,0,0,0,0,0,1,2,3,4,5,6,7,8,9,10,11,12,13,14,15,16,17,18,19,20,21,22,23,24,25,26,27,28,29,30,31,32,33,34,35,36,37,38,39,40,41,42,43,44,45,46,47,48,49,50,51,52,53,54,55,56,57,58,59,60,61,62,63,64,65,66,67,68,69,70,71,72,73,74,75,76,77,78,79,80,81,82,83,84,85,86,87,88,89,90,91,92,93,94,95,96,97,98,99,100,101,102,103,104,105,106,107,108,109,110,111,112,113,114,115,116,117,118,119,120,121,122,123,124,125,126,127,128,129,130,131,132,133,134,135,136,137,138,139,140,141,1,2,1,9999,9999,1,2013,0,0,0,0,0,0,0,0,0,0,0,0,0,0,0,0,0,0,0,0,0,0,0,0,0,0,0,0,0,0,0,0,0,0,0,0,0,0,0,0,0,0,0,0,0,0,0,433130.96875,459632.65625,492139.15625,523433.75,552084.4375,585917.9375,696023.8125,742002.0625,789288.125,836240.9375,888000,65409.21875,68455.5,72051.828125,75227.25,78000,80813.6171875,82595.484375,84983.0625,87936.65625,91120.4921875,93708.8125,95885.6015625,100953.796875,108454.0546875,113355.359375,117072.078125,120169.8359375,122910.390625,125420.84375,127792.1484375,130038.578125,132130.578125,134051.3125,135789.546875,137337.328125,138687.0625,139832.203125,140767.703125,141488.921875,141992.4375,142275.953125,142337.984375,142178.3125,141797.578125,141197.703125,140381.375,139352.515625,138115.78125,136676.859375,135042.5,0,0,0,0,0,0,0,0,0,0,0,0,0,0,0,0,0,0,0,0,0,0
0,0,0,0,0,0,1279,12795,212795,112795,4056.488037109375,34,40,1979,1973,0,0,0,0,0,0,0,0,0,0,0,0,0,0,0,0,0,0,0,0,0,0,0,0,0,0,0,0,0,1,2,3,4,5,6,7,8,9,10,11,12,13,14,15,16,17,18,19,20,21,22,23,24,25,26,27,28,29,30,31,32,33,34,35,36,37,38,39,40,41,42,43,44,45,46,47,48,49,50,51,52,53,54,55,56,57,58,59,60,61,62,63,64,65,66,67,68,69,70,71,72,73,74,75,76,77,78,79,80,81,82,83,84,85,86,87,88,89,90,91,92,93,94,95,96,97,98,99,100,101,102,103,104,105,106,107,108,109,110,111,112,113,114,115,116,117,118,119,120,121,122,123,124,125,126,127,128,129,130,131,132,133,134,135,2,1,1,,2044,2,2013,0,0,0,0,0,0,0,0,0,0,0,0,0,0,0,0,0,0,0,0,0,0,0,0,0,0,0,0,0,0,0,0,0,0,0,0,0,0,0,0,0,0,0,0,0,0,0,0,0,0,0,0,0,0,0,0,0,0,0,0,0,10858.8759765625,0,0,0,0,0,0,0,0,0,0,18244.8125,19024.513671875,19714.974609375,20356.70703125,20969.302734375,21567.064453125,22151.79296875,22717.884765625,23261.63671875,23780.326171875,24271.66796875,24733.39453125,25163.42578125,25559.7578125,25920.619140625,26244.275390625,26529.25,26774.142578125,26977.80859375,27139.27734375,27257.77734375,27332.724609375,0,0,0,0,0,0,0,0,0,0,0,0,0,0,0,0,0,0,0,0,0,0,0,0,0,0
0,0,0,0,0,0,1574,15741,115741,215741,1750.9423828125,57,55,1956,1958,0,0,0,0,0,0,1,2,3,4,5,6,7,8,9,10,11,12,13,14,15,16,17,18,19,20,21,22,23,24,25,26,27,28,29,30,31,32,33,34,35,36,37,38,39,40,41,42,43,44,45,46,47,48,49,50,51,52,53,54,55,56,57,58,59,60,61,62,63,64,65,66,67,68,69,70,71,72,73,74,75,76,77,78,79,80,81,82,83,84,85,86,87,88,89,90,91,92,93,94,95,96,97,98,99,100,101,102,103,104,105,106,107,108,109,110,111,112,113,114,115,116,117,118,119,120,121,122,123,124,125,126,127,128,129,130,131,132,133,134,135,136,137,138,139,140,141,142,143,144,145,146,147,148,149,150,151,152,153,154,155,156,157,158,1,2,1,9999,9999,1,2013,0,0,0,0,0,0,0,0,0,0,0,0,0,0,0,0,0,0,0,0,0,0,0,0,0,0,0,0,0,0,0,0,12018.4521484375,13004.900390625,14011.228515625,14880.6796875,15920.7470703125,17141.96875,18509.455078125,19959.267578125,21273.76953125,22490.80859375,23700.296875,24837.4296875,25993.443359375,27169.595703125,28244.28125,29043.51953125,30014.603515625,31296.873046875,32416.494140625,33296.7265625,34413.09765625,35644.046875,37004.94140625,38333.765625,39552.01953125,45683.26171875,45685.12109375,46562.4140625,47726.96875,48527.2109375,49000,49439.8671875,49208.52734375,49306.953125,49686.390625,50138.859375,50214.6640625,50037.41015625,51304.4921875,53674.7734375,54633.34765625,54949.07421875,54928.0078125,54711.5078125,54368.96875,53948.1875,53460.89453125,52900.36328125,52265.86328125,0,0,0,0,0,0,0,0,0,0,0,0,0,0,0,0,0,0,0,0,0,0,0,0,0,0,0,0,0,0,0,0,0,0,0,0,0,0,0
0,0,0,0,0,0,1574,15741,215741,115741,1750.9423828125,55,57,1958,1956,0,0,0,0,0,0,0,0,1,2,3,4,5,6,7,8,9,10,11,12,13,14,15,16,17,18,19,20,21,22,23,24,25,26,27,28,29,30,31,32,33,34,35,36,37,38,39,40,41,42,43,44,45,46,47,48,49,50,51,52,53,54,55,56,57,58,59,60,61,62,63,64,65,66,67,68,69,70,71,72,73,74,75,76,77,78,79,80,81,82,83,84,85,86,87,88,89,90,91,92,93,94,95,96,97,98,99,100,101,102,103,104,105,106,107,108,109,110,111,112,113,114,115,116,117,118,119,120,121,122,123,124,125,126,127,128,129,130,131,132,133,134,135,136,137,138,139,140,141,142,143,144,145,146,147,148,149,150,151,152,153,154,155,156,2,1,1,2023,2023,2,2013,0,0,0,0,0,0,0,0,0,0,0,0,0,0,0,0,0,0,0,0,0,0,0,0,0,2716.120361328125,3058.923095703125,3454.187744140625,3964.648193359375,4622.08544921875,5292.24462890625,5861.10546875,6401.09326171875,6948.10791015625,7509.13134765625,8000,8585.8798828125,9273.3359375,10044.3740234375,10864.951171875,11616.66796875,12319.5869140625,13022.6318359375,13690.068359375,14371.99609375,15069.193359375,15714.1796875,16209.3037109375,16803.55859375,17576.158203125,18261.7578125,18816.203125,19507.8125,20268.693359375,21108.240234375,21934.498046875,22702.267578125,26303.3828125,26386.587890625,26977.263671875,27738.322265625,28291.447265625,0,29003.8359375,28958.259765625,29106.78125,29422.35546875,29782.99609375,29921.16015625,29908.63671875,30761.755859375,32283.447265625,32962.59765625,0,0,0,0,0,0,0,0,0,0,0,0,0,0,0,0,0,0,0,0,0,0,0,0,0,0,0,0,0,0,0,0,0,0,0,0,0,0,0,0,0,0,0,0,0,0,0
0,0,0,0,0,0,1574,15742,115742,215742,1654.2503662109375,57,55,1956,1958,0,0,0,0,0,0,1,2,3,4,5,6,7,8,9,10,11,12,13,14,15,16,17,18,19,20,21,22,23,24,25,26,27,28,29,30,31,32,33,34,35,36,37,38,39,40,41,42,43,44,45,46,47,48,49,50,51,52,53,54,55,56,57,58,59,60,61,62,63,64,65,66,67,68,69,70,71,72,73,74,75,76,77,78,79,80,81,82,83,84,85,86,87,88,89,90,91,92,93,94,95,96,97,98,99,100,101,102,103,104,105,106,107,108,109,110,111,112,113,114,115,116,117,118,119,120,121,122,123,124,125,126,127,128,129,130,131,132,133,134,135,136,137,138,139,140,141,142,143,144,145,146,147,148,149,150,151,152,153,154,155,156,157,158,1,2,1,9999,9999,1,2013,0,0,0,0,0,0,0,0,0,0,0,0,0,0,0,0,0,0,0,0,0,0,0,0,0,0,0,0,0,0,0,0,5641.31103515625,6104.33740234375,6576.69482421875,6984.8046875,7472.99951171875,8046.2255859375,8688.1064453125,9368.630859375,9985.6416015625,10556.904296875,11124.611328125,11658.37890625,12200.99609375,12753.0556640625,13257.51171875,13632.6640625,14088.478515625,14690.3603515625,15215.896484375,15629.06640625,16153.0771484375,16730.869140625,17369.65625,17993.388671875,18565.22265625,21443.150390625,21444.0234375,21855.814453125,22402.44140625,22778.064453125,23000,23206.455078125,23097.8671875,23144.06640625,23322.169921875,23534.552734375,23570.134765625,23486.93359375,24081.685546875,25194.267578125,25644.208984375,25792.40625,25782.517578125,25680.896484375,25520.11328125,25322.603515625,25093.873046875,24830.767578125,24532.94140625,0,0,0,0,0,0,0,0,0,0,0,0,0,0,0,0,0,0,0,0,0,0,0,0,0,0,0,0,0,0,0,0,0,0,0,0,0,0,0
0,0,0,0,0,0,1574,15742,215742,115742,1654.2503662109375,55,57,1958,1956,0,0,0,0,0,0,0,0,1,2,3,4,5,6,7,8,9,10,11,12,13,14,15,16,17,18,19,20,21,22,23,24,25,26,27,28,29,30,31,32,33,34,35,36,37,38,39,40,41,42,43,44,45,46,47,48,49,50,51,52,53,54,55,56,57,58,59,60,61,62,63,64,65,66,67,68,69,70,71,72,73,74,75,76,77,78,79,80,81,82,83,84,85,86,87,88,89,90,91,92,93,94,95,96,97,98,99,100,101,102,103,104,105,106,107,108,109,110,111,112,113,114,115,116,117,118,119,120,121,122,123,124,125,126,127,128,129,130,131,132,133,134,135,136,137,138,139,140,141,142,143,144,145,146,147,148,149,150,151,152,153,154,155,156,2,1,1,2023,2023,2,2013,0,0,0,0,0,0,0,0,0,0,0,0,0,0,0,0,0,0,0,0,0,0,0,0,0,2716.120361328125,3058.923095703125,3454.187744140625,3964.648193359375,4622.08544921875,5292.24462890625,5861.10546875,6401.09326171875,6948.10791015625,7509.13134765625,8000,8585.8798828125,9273.3359375,10044.3740234375,10864.951171875,11616.66796875,12319.5869140625,13022.6318359375,13690.068359375,14371.99609375,15069.193359375,15714.1796875,16209.3037109375,16803.55859375,17576.158203125,18261.7578125,18816.203125,19507.8125,20268.693359375,21108.240234375,21934.498046875,22702.267578125,26303.3828125,26386.587890625,26977.263671875,27738.322265625,28291.447265625,0,29003.8359375,28958.259765625,29106.78125,29422.35546875,29782.99609375,29921.16015625,29908.63671875,30761.755859375,32283.447265625,32962.59765625,0,0,0,0,0,0,0,0,0,0,0,0,0,0,0,0,0,0,0,0,0,0,0,0,0,0,0,0,0,0,0,0,0,0,0,0,0,0,0,0,0,0,0,0,0,0,0
0,0,0,0,0,0,1574,15743,115743,215743,1700.40380859375,57,55,1956,1958,0,0,0,0,0,0,1,2,3,4,5,6,7,8,9,10,11,12,13,14,15,16,17,18,19,20,21,22,23,24,25,26,27,28,29,30,31,32,33,34,35,36,37,38,39,40,41,42,43,44,45,46,47,48,49,50,51,52,53,54,55,56,57,58,59,60,61,62,63,64,65,66,67,68,69,70,71,72,73,74,75,76,77,78,79,80,81,82,83,84,85,86,87,88,89,90,91,92,93,94,95,96,97,98,99,100,101,102,103,104,105,106,107,108,109,110,111,112,113,114,115,116,117,118,119,120,121,122,123,124,125,126,127,128,129,130,131,132,133,134,135,136,137,138,139,140,141,142,143,144,145,146,147,148,149,150,151,152,153,154,155,156,157,158,1,2,1,9999,9999,1,2013,0,0,0,0,0,0,0,0,0,0,0,0,0,0,0,0,0,0,0,0,0,0,0,0,0,0,0,0,0,0,0,0,24527.439453125,26540.59765625,28594.328125,30368.716796875,32491.302734375,34983.58984375,37774.375,40733.17578125,43415.83203125,45899.5859375,48367.87890625,50688.60546875,53047.8125,55448.0703125,57641.359375,59272.45703125,61254.2578125,63871.13671875,66156.078125,67952.46875,70230.7734375,72742.9140625,75520.25,78232.1328125,80718.359375,93231.09375,93234.890625,95025.28125,97401.921875,99035.0703125,100000,100897.6328125,100425.515625,100626.375,101400.7421875,102324.1484375,102478.8515625,102117.109375,104702.984375,109540.296875,111496.5625,112140.90625,112097.9140625,111656.078125,110957.0234375,110098.28125,109103.8046875,107959.8671875,106664.96875,0,0,0,0,0,0,0,0,0,0,0,0,0,0,0,0,0,0,0,0,0,0,0,0,0,0,0,0,0,0,0,0,0,0,0,0,0,0,0
0,0,0,0,0,0,1574,15743,215743,115743,1700.40380859375,55,57,1958,1956,0,0,0,0,0,0,0,0,1,2,3,4,5,6,7,8,9,10,11,12,13,14,15,16,17,18,19,20,21,22,23,24,25,26,27,28,29,30,31,32,33,34,35,36,37,38,39,40,41,42,43,44,45,46,47,48,49,50,51,52,53,54,55,56,57,58,59,60,61,62,63,64,65,66,67,68,69,70,71,72,73,74,75,76,77,78,79,80,81,82,83,84,85,86,87,88,89,90,91,92,93,94,95,96,97,98,99,100,101,102,103,104,105,106,107,108,109,110,111,112,113,114,115,116,117,118,119,120,121,122,123,124,125,126,127,128,129,130,131,132,133,134,135,136,137,138,139,140,141,142,143,144,145,146,147,148,149,150,151,152,153,154,155,156,2,1,1,2023,2023,2,2013,0,0,0,0,0,0,0,0,0,0,0,0,0,0,0,0,0,0,0,0,0,0,0,0,0,2716.120361328125,3058.923095703125,3454.187744140625,3964.648193359375,4622.08544921875,5292.24462890625,5861.10546875,6401.09326171875,6948.10791015625,7509.13134765625,8000,8585.8798828125,9273.3359375,10044.3740234375,10864.951171875,11616.66796875,12319.5869140625,13022.6318359375,13690.068359375,14371.99609375,15069.193359375,15714.1796875,16209.3037109375,16803.55859375,17576.158203125,18261.7578125,18816.203125,19507.8125,20268.693359375,21108.240234375,21934.498046875,22702.267578125,26303.3828125,26386.587890625,26977.263671875,27738.322265625,28291.447265625,0,29003.8359375,28958.259765625,29106.78125,29422.35546875,29782.99609375,29921.16015625,29908.63671875,30761.755859375,32283.447265625,32962.59765625,0,0,0,0,0,0,0,0,0,0,0,0,0,0,0,0,0,0,0,0,0,0,0,0,0,0,0,0,0,0,0,0,0,0,0,0,0,0,0,0,0,0,0,0,0,0,0
0,0,0,0,0,0,1574,15744,115744,215744,1642.5380859375,57,55,1956,1958,0,0,0,0,0,0,1,2,3,4,5,6,7,8,9,10,11,12,13,14,15,16,17,18,19,20,21,22,23,24,25,26,27,28,29,30,31,32,33,34,35,36,37,38,39,40,41,42,43,44,45,46,47,48,49,50,51,52,53,54,55,56,57,58,59,60,61,62,63,64,65,66,67,68,69,70,71,72,73,74,75,76,77,78,79,80,81,82,83,84,85,86,87,88,89,90,91,92,93,94,95,96,97,98,99,100,101,102,103,104,105,106,107,108,109,110,111,112,113,114,115,116,117,118,119,120,121,122,123,124,125,126,127,128,129,130,131,132,133,134,135,136,137,138,139,140,141,142,143,144,145,146,147,148,149,150,151,152,153,154,155,156,157,158,1,2,1,9999,9999,1,2013,0,0,0,0,0,0,0,0,0,0,0,0,0,0,0,0,0,0,0,0,0,0,0,0,0,0,0,0,0,0,0,0,24527.439453125,26540.59765625,28594.328125,30368.716796875,32491.302734375,34983.58984375,37774.375,40733.17578125,43415.83203125,45899.5859375,48367.87890625,50688.60546875,53047.8125,55448.0703125,57641.359375,59272.45703125,61254.2578125,63871.13671875,66156.078125,67952.46875,70230.7734375,72742.9140625,75520.25,78232.1328125,80718.359375,93231.09375,93234.890625,95025.28125,97401.921875,99035.0703125,100000,100897.6328125,100425.515625,100626.375,101400.7421875,102324.1484375,102478.8515625,102117.109375,104702.984375,109540.296875,111496.5625,112140.90625,112097.9140625,111656.078125,110957.0234375,110098.28125,109103.8046875,107959.8671875,106664.96875,0,0,0,0,0,0,0,0,0,0,0,0,0,0,0,0,0,0,0,0,0,0,0,0,0,0,0,0,0,0,0,0,0,0,0,0,0,0,0
0,0,0,0,0,0,1574,15744,215744,115744,1642.5380859375,55,57,1958,1956,0,0,0,0,0,0,0,0,1,2,3,4,5,6,7,8,9,10,11,12,13,14,15,16,17,18,19,20,21,22,23,24,25,26,27,28,29,30,31,32,33,34,35,36,37,38,39,40,41,42,43,44,45,46,47,48,49,50,51,52,53,54,55,56,57,58,59,60,61,62,63,64,65,66,67,68,69,70,71,72,73,74,75,76,77,78,79,80,81,82,83,84,85,86,87,88,89,90,91,92,93,94,95,96,97,98,99,100,101,102,103,104,105,106,107,108,109,110,111,112,113,114,115,116,117,118,119,120,121,122,123,124,125,126,127,128,129,130,131,132,133,134,135,136,137,138,139,140,141,142,143,144,145,146,147,148,149,150,151,152,153,154,155,156,2,1,1,2023,2023,2,2013,0,0,0,0,0,0,0,0,0,0,0,0,0,0,0,0,0,0,0,0,0,0,0,0,0,2716.120361328125,3058.923095703125,3454.187744140625,3964.648193359375,4622.08544921875,5292.24462890625,5861.10546875,6401.09326171875,6948.10791015625,7509.13134765625,8000,8585.8798828125,9273.3359375,10044.3740234375,10864.951171875,11616.66796875,12319.5869140625,13022.6318359375,13690.068359375,14371.99609375,15069.193359375,15714.1796875,16209.3037109375,16803.55859375,17576.158203125,18261.7578125,18816.203125,19507.8125,20268.693359375,21108.240234375,21934.498046875,22702.267578125,26303.3828125,26386.587890625,26977.263671875,27738.322265625,28291.447265625,0,29003.8359375,28958.259765625,29106.78125,29422.35546875,29782.99609375,29921.16015625,29908.63671875,30761.755859375,32283.447265625,32962.59765625,0,0,0,0,0,0,0,0,0,0,0,0,0,0,0,0,0,0,0,0,0,0,0,0,0,0,0,0,0,0,0,0,0,0,0,0,0,0,0,0,0,0,0,0,0,0,0
0,0,0,0,0,0,1574,15745,115745,215745,1656.477294921875,57,55,1956,1958,0,0,0,0,0,0,1,2,3,4,5,6,7,8,9,10,11,12,13,14,15,16,17,18,19,20,21,22,23,24,25,26,27,28,29,30,31,32,33,34,35,36,37,38,39,40,41,42,43,44,45,46,47,48,49,50,51,52,53,54,55,56,57,58,59,60,61,62,63,64,65,66,67,68,69,70,71,72,73,74,75,76,77,78,79,80,81,82,83,84,85,86,87,88,89,90,91,92,93,94,95,96,97,98,99,100,101,102,103,104,105,106,107,108,109,110,111,112,113,114,115,116,117,118,119,120,121,122,123,124,125,126,127,128,129,130,131,132,133,134,135,136,137,138,139,140,141,142,143,144,145,146,147,148,149,150,151,152,153,154,155,156,157,158,1,2,1,9999,9999,1,2013,0,0,0,0,0,0,0,0,0,0,0,0,0,0,0,0,0,0,0,0,0,0,0,0,0,0,0,0,0,0,0,0,15942.8447265625,17251.3984375,18586.32421875,19739.677734375,21119.359375,22739.34765625,24553.359375,26476.58203125,28220.30859375,29834.748046875,31439.140625,32947.61328125,34481.09765625,36041.265625,37466.90625,38527.12109375,39815.29296875,41516.26171875,43001.4765625,44169.12890625,45650.02734375,47282.921875,49088.19140625,50850.91796875,52466.96484375,60600.24609375,60602.71484375,61766.47265625,63311.2890625,64372.83203125,65000,65583.5,65276.625,65407.18359375,65910.5234375,66510.734375,66611.296875,66376.15625,68056.984375,71201.234375,72472.8125,72891.6328125,72863.6875,72576.4921875,72122.109375,71563.9296875,70917.515625,70173.953125,69332.265625,0,0,0,0,0,0,0,0,0,0,0,0,0,0,0,0,0,0,0,0,0,0,0,0,0,0,0,0,0,0,0,0,0,0,0,0,0,0,0
0,0,0,0,0,0,1574,15745,215745,115745,1656.477294921875,55,57,1958,1956,0,0,0,0,0,0,0,0,1,2,3,4,5,6,7,8,9,10,11,12,13,14,15,16,17,18,19,20,21,22,23,24,25,26,27,28,29,30,31,32,33,34,35,36,37,38,39,40,41,42,43,44,45,46,47,48,49,50,51,52,53,54,55,56,57,58,59,60,61,62,63,64,65,66,67,68,69,70,71,72,73,74,75,76,77,78,79,80,81,82,83,84,85,86,87,88,89,90,91,92,93,94,95,96,97,98,99,100,101,102,103,104,105,106,107,108,109,110,111,112,113,114,115,116,117,118,119,120,121,122,123,124,125,126,127,128,129,130,131,132,133,134,135,136,137,138,139,140,141,142,143,144,145,146,147,148,149,150,151,152,153,154,155,156,2,1,1,2023,2023,2,2013,0,0,0,0,0,0,0,0,0,0,0,0,0,0,0,0,0,0,0,0,0,0,0,0,0,2716.120361328125,3058.923095703125,3454.187744140625,3964.648193359375,4622.08544921875,5292.24462890625,5861.10546875,6401.09326171875,6948.10791015625,7509.13134765625,8000,8585.8798828125,9273.3359375,10044.3740234375,10864.951171875,11616.66796875,12319.5869140625,13022.6318359375,13690.068359375,14371.99609375,15069.193359375,15714.1796875,16209.3037109375,16803.55859375,17576.158203125,18261.7578125,18816.203125,19507.8125,20268.693359375,21108.240234375,21934.498046875,22702.267578125,26303.3828125,26386.587890625,26977.263671875,27738.322265625,28291.447265625,0,29003.8359375,28958.259765625,29106.78125,29422.35546875,29782.99609375,29921.16015625,29908.63671875,30761.755859375,32283.447265625,32962.59765625,0,0,0,0,0,0,0,0,0,0,0,0,0,0,0,0,0,0,0,0,0,0,0,0,0,0,0,0,0,0,0,0,0,0,0,0,0,0,0,0,0,0,0,0,0,0,0
0,0,0,0,0,0,1900,19001,119001,0,3921.1005859375,18,0,1995,0,0,0,0,0,0,0,0,0,0,0,0,0,0,0,0,0,0,0,0,0,0,0,0,0,0,0,0,0,0,0,0,0,0,0,0,0,0,0,0,0,0,0,0,0,0,1,2,3,4,5,6,7,8,9,10,11,12,13,14,15,16,17,18,19,20,21,22,23,24,25,26,27,28,29,30,31,32,33,34,35,36,37,38,39,40,41,42,43,44,45,46,47,48,49,50,51,52,53,54,55,56,57,58,59,60,61,62,63,64,65,66,67,68,69,70,71,72,73,74,75,76,77,78,79,80,81,82,83,84,85,86,87,88,89,90,91,92,93,94,95,96,97,98,99,100,101,102,103,104,105,106,107,108,109,110,111,112,113,114,115,116,117,118,119,1,0,0,2040,2040,1,2013,0,0,0,0,0,0,0,0,0,0,0,0,0,0,0,0,0,0,0,0,0,0,0,0,0,0,0,0,0,0,0,0,0,0,0,0,0,0,0,0,0,0,0,0,0,0,0,0,0,0,0,0,0,0,0,0,0,0,0,0,0,0,0,0,0,0,29255.373046875,31508.75390625,33674.58203125,35802.09765625,39159.5859375,43696.7109375,47430.6640625,50864.046875,54202.71875,57545.22265625,60941.3046875,64430.97265625,68020.1953125,71692.1015625,75434.21875,79235.484375,83085.40625,86972.421875,90884.578125,94808.9296875,98732.2421875,102640.5078125,106519.53125,110354.4375,0,0,0,0,0,0,0,0,0,0,0,0,0,0,0,0,0,0,0,0,0,0,0,0,0,0,0,0,0,0
0,0,0,0,0,0,1900,19002,119002,0,3918.0107421875,18,0,1995,0,0,0,0,0,0,0,0,0,0,0,0,0,0,0,0,0,0,0,0,0,0,0,0,0,0,0,0,0,0,0,0,0,0,0,0,0,0,0,0,0,0,0,0,0,0,1,2,3,4,5,6,7,8,9,10,11,12,13,14,15,16,17,18,19,20,21,22,23,24,25,26,27,28,29,30,31,32,33,34,35,36,37,38,39,40,41,42,43,44,45,46,47,48,49,50,51,52,53,54,55,56,57,58,59,60,61,62,63,64,65,66,67,68,69,70,71,72,73,74,75,76,77,78,79,80,81,82,83,84,85,86,87,88,89,90,91,92,93,94,95,96,97,98,99,100,101,102,103,104,105,106,107,108,109,110,111,112,113,114,115,116,117,118,119,1,0,0,2040,2040,1,2013,0,0,0,0,0,0,0,0,0,0,0,0,0,0,0,0,0,0,0,0,0,0,0,0,0,0,0,0,0,0,0,0,0,0,0,0,0,0,0,0,0,0,0,0,0,0,0,0,0,0,0,0,0,0,0,0,0,0,0,0,0,0,0,0,0,0,29255.373046875,31508.75390625,33674.58203125,35802.09765625,39159.5859375,43696.7109375,47430.6640625,50864.046875,54202.71875,57545.22265625,60941.3046875,64430.97265625,68020.1953125,71692.1015625,75434.21875,79235.484375,83085.40625,86972.421875,90884.578125,94808.9296875,98732.2421875,102640.5078125,106519.53125,110354.4375,0,0,0,0,0,0,0,0,0,0,0,0,0,0,0,0,0,0,0,0,0,0,0,0,0,0,0,0,0,0
0,0,0,0,0,0,1900,19003,119003,0,3916.36474609375,18,0,1995,0,0,0,0,0,0,0,0,0,0,0,0,0,0,0,0,0,0,0,0,0,0,0,0,0,0,0,0,0,0,0,0,0,0,0,0,0,0,0,0,0,0,0,0,0,0,1,2,3,4,5,6,7,8,9,10,11,12,13,14,15,16,17,18,19,20,21,22,23,24,25,26,27,28,29,30,31,32,33,34,35,36,37,38,39,40,41,42,43,44,45,46,47,48,49,50,51,52,53,54,55,56,57,58,59,60,61,62,63,64,65,66,67,68,69,70,71,72,73,74,75,76,77,78,79,80,81,82,83,84,85,86,87,88,89,90,91,92,93,94,95,96,97,98,99,100,101,102,103,104,105,106,107,108,109,110,111,112,113,114,115,116,117,118,119,1,0,0,2040,2040,1,2013,0,0,0,0,0,0,0,0,0,0,0,0,0,0,0,0,0,0,0,0,0,0,0,0,0,0,0,0,0,0,0,0,0,0,0,0,0,0,0,0,0,0,0,0,0,0,0,0,0,0,0,0,0,0,0,0,0,0,0,0,0,0,0,0,0,0,29255.373046875,31508.75390625,45758.26953125,48649.2109375,53211.49609375,59376.703125,64450.5390625,69115.953125,73652.65625,78194.578125,82809.3046875,87551.1875,92428.359375,97417.875,102502.8125,107668.109375,112899.5234375,118181.34375,123497.2109375,128829.7578125,134160.890625,139471.71875,144742.671875,149953.6875,0,0,0,0,0,0,0,0,0,0,0,0,0,0,0,0,0,0,0,0,0,0,0,0,0,0,0,0,0,0
0,0,0,0,0,0,1900,19004,119004,0,3919.583251953125,18,0,1995,0,0,0,0,0,0,0,0,0,0,0,0,0,0,0,0,0,0,0,0,0,0,0,0,0,0,0,0,0,0,0,0,0,0,0,0,0,0,0,0,0,0,0,0,0,0,1,2,3,4,5,6,7,8,9,10,11,12,13,14,15,16,17,18,19,20,21,22,23,24,25,26,27,28,29,30,31,32,33,34,35,36,37,38,39,40,41,42,43,44,45,46,47,48,49,50,51,52,53,54,55,56,57,58,59,60,61,62,63,64,65,66,67,68,69,70,71,72,73,74,75,76,77,78,79,80,81,82,83,84,85,86,87,88,89,90,91,92,93,94,95,96,97,98,99,100,101,102,103,104,105,106,107,108,109,110,111,112,113,114,115,116,117,118,119,1,0,0,2040,2040,1,2013,0,0,0,0,0,0,0,0,0,0,0,0,0,0,0,0,0,0,0,0,0,0,0,0,0,0,0,0,0,0,0,0,0,0,0,0,0,0,0,0,0,0,0,0,0,0,0,0,0,0,0,0,0,0,0,0,0,0,0,0,0,0,0,0,0,0,29255.373046875,31508.75390625,45758.26953125,48649.2109375,53211.49609375,59376.703125,64450.5390625,69115.953125,73652.65625,78194.578125,82809.3046875,87551.1875,92428.359375,97417.875,102502.8125,107668.109375,112899.5234375,118181.34375,123497.2109375,128829.7578125,134160.890625,139471.71875,144742.671875,149953.6875,0,0,0,0,0,0,0,0,0,0,0,0,0,0,0,0,0,0,0,0,0,0,0,0,0,0,0,0,0,0
0,0,0,0,0,0,1900,19005,119005,0,3917.85791015625,18,0,1995,0,0,0,0,0,0,0,0,0,0,0,0,0,0,0,0,0,0,0,0,0,0,0,0,0,0,0,0,0,0,0,0,0,0,0,0,0,0,0,0,0,0,0,0,0,0,1,2,3,4,5,6,7,8,9,10,11,12,13,14,15,16,17,18,19,20,21,22,23,24,25,26,27,28,29,30,31,32,33,34,35,36,37,38,39,40,41,42,43,44,45,46,47,48,49,50,51,52,53,54,55,56,57,58,59,60,61,62,63,64,65,66,67,68,69,70,71,72,73,74,75,76,77,78,79,80,81,82,83,84,85,86,87,88,89,90,91,92,93,94,95,96,97,98,99,100,101,102,103,104,105,106,107,108,109,110,111,112,113,114,115,116,117,118,119,1,0,0,2040,2040,1,2013,0,0,0,0,0,0,0,0,0,0,0,0,0,0,0,0,0,0,0,0,0,0,0,0,0,0,0,0,0,0,0,0,0,0,0,0,0,0,0,0,0,0,0,0,0,0,0,0,0,0,0,0,0,0,0,0,0,0,0,0,0,0,0,0,0,0,29255.373046875,31508.75390625,33674.58203125,35802.09765625,39159.5859375,43696.7109375,47430.6640625,50864.046875,54202.71875,57545.22265625,60941.3046875,64430.97265625,68020.1953125,71692.1015625,75434.21875,79235.484375,83085.40625,86972.421875,90884.578125,94808.9296875,98732.2421875,102640.5078125,106519.53125,110354.4375,0,0,0,0,0,0,0,0,0,0,0,0,0,0,0,0,0,0,0,0,0,0,0,0,0,0,0,0,0,0
0,0,0,0,0,0,2089,20891,120891,220891,3822.407470703125,44,43,1969,1970,0,0,0,0,0,0,0,0,0,0,0,0,0,0,0,0,0,0,0,1,2,3,4,5,6,7,8,9,10,11,12,13,14,15,16,17,18,19,20,21,22,23,24,25,26,27,28,29,30,31,32,33,34,35,36,37,38,39,40,41,42,43,44,45,46,47,48,49,50,51,52,53,54,55,56,57,58,59,60,61,62,63,64,65,66,67,68,69,70,71,72,73,74,75,76,77,78,79,80,81,82,83,84,85,86,87,88,89,90,91,92,93,94,95,96,97,98,99,100,101,102,103,104,105,106,107,108,109,110,111,112,113,114,115,116,117,118,119,120,121,122,123,124,125,126,127,128,129,130,131,132,133,134,135,136,137,138,139,140,141,142,143,144,145,1,2,1,9999,9999,1,2013,0,0,0,0,0,0,0,0,0,0,0,0,0,0,0,0,0,0,0,0,0,0,0,0,0,0,0,0,0,0,0,0,0,0,0,0,0,0,0,0,0,0,0,0,0,0,50874.578125,53385.13671875,56299.4453125,59906.41015625,63319.69140625,66370.5,70000,0,71725.484375,75822.1484375,79833.296875,84247.515625,85975.7578125,89420.5078125,93533.2265625,97048.359375,100000,102963.140625,104579.2890625,106933.5234375,109962.2421875,113235.296875,115727.96875,117680.0859375,123130.1328125,131455.875,136542.671875,140142.984375,142957.078125,145308.59375,147354.75,149207.515625,150886.671875,152361.109375,153615.125,154639.828125,155430.328125,155982.125,156292.671875,156360.15625,156184.390625,155765.953125,155106.84375,154209.9375,153079.5,151720.625,150139.703125,148343.84375,0,0,0,0,0,0,0,0,0,0,0,0,0,0,0,0,0,0,0,0,0,0,0,0,0,0
0,0,0,0,0,0,2089,20891,220891,120891,3822.407470703125,43,44,1970,1969,0,0,0,0,0,0,0,0,0,0,0,0,0,0,0,0,0,0,0,0,1,2,3,4,5,6,7,8,9,10,11,12,13,14,15,16,17,18,19,20,21,22,23,24,25,26,27,28,29,30,31,32,33,34,35,36,37,38,39,40,41,42,43,44,45,46,47,48,49,50,51,52,53,54,55,56,57,58,59,60,61,62,63,64,65,66,67,68,69,70,71,72,73,74,75,76,77,78,79,80,81,82,83,84,85,86,87,88,89,90,91,92,93,94,95,96,97,98,99,100,101,102,103,104,105,106,107,108,109,110,111,112,113,114,115,116,117,118,119,120,121,122,123,124,125,126,127,128,129,130,131,132,133,134,135,136,137,138,139,140,141,142,143,144,2,1,1,2035,2035,2,2013,0,0,0,0,0,0,0,0,0,0,0,0,0,0,0,0,0,0,0,0,0,0,0,0,0,0,0,0,0,0,0,0,0,0,0,0,0,0,0,0,0,0,0,17807.259765625,19047.248046875,20348.330078125,21619.921875,22722.201171875,24000,0,0,0,22071.6484375,23365.52734375,24792.818359375,26249.75390625,27681.548828125,29257.73046875,29904.455078125,31151.1875,32634.736328125,33914.01171875,35000,36093.30859375,36717.05078125,37602.19140625,38727.515625,39942.44140625,40885.40625,41639.94140625,43636.3359375,46659.56640625,48540.7265625,49898.375,50979.71875,51899.10546875,52712.09765625,53458.0625,54144.02734375,54758.4296875,55295.22265625,55750.93359375,56123.3125,56410.44921875,56610.90625,0,0,0,0,0,0,0,0,0,0,0,0,0,0,0,0,0,0,0,0,0,0,0,0,0,0,0,0,0,0,0,0,0,0,0
0,0,0,0,0,0,2089,20892,120892,220892,3797.576416015625,44,43,1969,1970,0,0,0,0,0,0,0,0,0,0,0,0,0,0,0,0,0,0,0,1,2,3,4,5,6,7,8,9,10,11,12,13,14,15,16,17,18,19,20,21,22,23,24,25,26,27,28,29,30,31,32,33,34,35,36,37,38,39,40,41,42,43,44,45,46,47,48,49,50,51,52,53,54,55,56,57,58,59,60,61,62,63,64,65,66,67,68,69,70,71,72,73,74,75,76,77,78,79,80,81,82,83,84,85,86,87,88,89,90,91,92,93,94,95,96,97,98,99,100,101,102,103,104,105,106,107,108,109,110,111,112,113,114,115,116,117,118,119,120,121,122,123,124,125,126,127,128,129,130,131,132,133,134,135,136,137,138,139,140,141,142,143,144,145,1,2,1,9999,9999,1,2013,0,0,0,0,0,0,0,0,0,0,0,0,0,0,0,0,0,0,0,0,0,0,0,0,0,0,0,0,0,0,0,0,0,0,0,0,0,0,0,0,0,0,0,0,0,0,50874.578125,53385.13671875,56299.4453125,59906.41015625,63319.69140625,66370.5,70000,0,71725.484375,75822.1484375,79833.296875,84247.515625,85975.7578125,89420.5078125,93533.2265625,97048.359375,100000,102963.140625,104579.2890625,106933.5234375,109962.2421875,113235.296875,115727.96875,117680.0859375,123130.1328125,131455.875,136542.671875,140142.984375,142957.078125,145308.59375,147354.75,149207.515625,150886.671875,152361.109375,153615.125,154639.828125,155430.328125,155982.125,156292.671875,156360.15625,156184.390625,155765.953125,155106.84375,154209.9375,153079.5,151720.625,150139.703125,148343.84375,0,0,0,0,0,0,0,0,0,0,0,0,0,0,0,0,0,0,0,0,0,0,0,0,0,0
0,0,0,0,0,0,2089,20892,220892,120892,3797.576416015625,43,44,1970,1969,0,0,0,0,0,0,0,0,0,0,0,0,0,0,0,0,0,0,0,0,1,2,3,4,5,6,7,8,9,10,11,12,13,14,15,16,17,18,19,20,21,22,23,24,25,26,27,28,29,30,31,32,33,34,35,36,37,38,39,40,41,42,43,44,45,46,47,48,49,50,51,52,53,54,55,56,57,58,59,60,61,62,63,64,65,66,67,68,69,70,71,72,73,74,75,76,77,78,79,80,81,82,83,84,85,86,87,88,89,90,91,92,93,94,95,96,97,98,99,100,101,102,103,104,105,106,107,108,109,110,111,112,113,114,115,116,117,118,119,120,121,122,123,124,125,126,127,128,129,130,131,132,133,134,135,136,137,138,139,140,141,142,143,144,2,1,1,2035,2035,2,2013,0,0,0,0,0,0,0,0,0,0,0,0,0,0,0,0,0,0,0,0,0,0,0,0,0,0,0,0,0,0,0,0,0,0,0,0,0,0,0,0,0,0,0,17807.259765625,19047.248046875,20348.330078125,21619.921875,22722.201171875,24000,0,0,0,22071.6484375,23365.52734375,24792.818359375,26249.75390625,27681.548828125,29257.73046875,29904.455078125,31151.1875,32634.736328125,33914.01171875,35000,36093.30859375,36717.05078125,37602.19140625,38727.515625,39942.44140625,40885.40625,41639.94140625,43636.3359375,46659.56640625,48540.7265625,49898.375,50979.71875,51899.10546875,52712.09765625,53458.0625,54144.02734375,54758.4296875,55295.22265625,55750.93359375,56123.3125,56410.44921875,56610.90625,0,0,0,0,0,0,0,0,0,0,0,0,0,0,0,0,0,0,0,0,0,0,0,0,0,0,0,0,0,0,0,0,0,0,0
0,0,0,0,0,0,2089,20893,120893,220893,3882.712158203125,44,43,1969,1970,0,0,0,0,0,0,0,0,0,0,0,0,0,0,0,0,0,0,0,1,2,3,4,5,6,7,8,9,10,11,12,13,14,15,16,17,18,19,20,21,22,23,24,25,26,27,28,29,30,31,32,33,34,35,36,37,38,39,40,41,42,43,44,45,46,47,48,49,50,51,52,53,54,55,56,57,58,59,60,61,62,63,64,65,66,67,68,69,70,71,72,73,74,75,76,77,78,79,80,81,82,83,84,85,86,87,88,89,90,91,92,93,94,95,96,97,98,99,100,101,102,103,104,105,106,107,108,109,110,111,112,113,114,115,116,117,118,119,120,121,122,123,124,125,126,127,128,129,130,131,132,133,134,135,136,137,138,139,140,141,142,143,144,145,1,2,1,9999,9999,1,2013,0,0,0,0,0,0,0,0,0,0,0,0,0,0,0,0,0,0,0,0,0,0,0,0,0,0,0,0,0,0,0,0,0,0,0,0,0,0,0,0,0,0,0,0,0,0,50874.578125,53385.13671875,56299.4453125,59906.41015625,63319.69140625,66370.5,70000,0,71725.484375,75822.1484375,79833.296875,84247.515625,85975.7578125,89420.5078125,93533.2265625,97048.359375,100000,102963.140625,104579.2890625,106933.5234375,109962.2421875,113235.296875,115727.96875,117680.0859375,123130.1328125,131455.875,136542.671875,140142.984375,142957.078125,145308.59375,147354.75,149207.515625,150886.671875,152361.109375,153615.125,154639.828125,155430.328125,155982.125,156292.671875,156360.15625,156184.390625,155765.953125,155106.84375,154209.9375,153079.5,151720.625,150139.703125,148343.84375,0,0,0,0,0,0,0,0,0,0,0,0,0,0,0,0,0,0,0,0,0,0,0,0,0,0
0,0,0,0,0,0,2089,20893,220893,120893,3882.712158203125,43,44,1970,1969,0,0,0,0,0,0,0,0,0,0,0,0,0,0,0,0,0,0,0,0,1,2,3,4,5,6,7,8,9,10,11,12,13,14,15,16,17,18,19,20,21,22,23,24,25,26,27,28,29,30,31,32,33,34,35,36,37,38,39,40,41,42,43,44,45,46,47,48,49,50,51,52,53,54,55,56,57,58,59,60,61,62,63,64,65,66,67,68,69,70,71,72,73,74,75,76,77,78,79,80,81,82,83,84,85,86,87,88,89,90,91,92,93,94,95,96,97,98,99,100,101,102,103,104,105,106,107,108,109,110,111,112,113,114,115,116,117,118,119,120,121,122,123,124,125,126,127,128,129,130,131,132,133,134,135,136,137,138,139,140,141,142,143,144,2,1,1,2035,2035,2,2013,0,0,0,0,0,0,0,0,0,0,0,0,0,0,0,0,0,0,0,0,0,0,0,0,0,0,0,0,0,0,0,0,0,0,0,0,0,0,0,0,0,0,0,17807.259765625,19047.248046875,20348.330078125,21619.921875,22722.201171875,24000,0,0,0,22071.6484375,23365.52734375,24792.818359375,26249.75390625,27681.548828125,29257.73046875,29904.455078125,31151.1875,32634.736328125,33914.01171875,35000,36093.30859375,36717.05078125,37602.19140625,38727.515625,39942.44140625,40885.40625,41639.94140625,43636.3359375,46659.56640625,48540.7265625,49898.375,50979.71875,51899.10546875,52712.09765625,53458.0625,54144.02734375,54758.4296875,55295.22265625,55750.93359375,56123.3125,56410.44921875,56610.90625,0,0,0,0,0,0,0,0,0,0,0,0,0,0,0,0,0,0,0,0,0,0,0,0,0,0,0,0,0,0,0,0,0,0,0
0,0,0,0,0,0,2089,20894,120894,220894,3789.37060546875,44,43,1969,1970,0,0,0,0,0,0,0,0,0,0,0,0,0,0,0,0,0,0,0,1,2,3,4,5,6,7,8,9,10,11,12,13,14,15,16,17,18,19,20,21,22,23,24,25,26,27,28,29,30,31,32,33,34,35,36,37,38,39,40,41,42,43,44,45,46,47,48,49,50,51,52,53,54,55,56,57,58,59,60,61,62,63,64,65,66,67,68,69,70,71,72,73,74,75,76,77,78,79,80,81,82,83,84,85,86,87,88,89,90,91,92,93,94,95,96,97,98,99,100,101,102,103,104,105,106,107,108,109,110,111,112,113,114,115,116,117,118,119,120,121,122,123,124,125,126,127,128,129,130,131,132,133,134,135,136,137,138,139,140,141,142,143,144,145,1,2,1,9999,9999,1,2013,0,0,0,0,0,0,0,0,0,0,0,0,0,0,0,0,0,0,0,0,0,0,0,0,0,0,0,0,0,0,0,0,0,0,0,0,0,0,0,0,0,0,0,0,0,0,50874.578125,53385.13671875,56299.4453125,59906.41015625,63319.69140625,66370.5,70000,0,71725.484375,75822.1484375,79833.296875,84247.515625,85975.7578125,89420.5078125,93533.2265625,97048.359375,100000,102963.140625,104579.2890625,106933.5234375,109962.2421875,113235.296875,115727.96875,117680.0859375,123130.1328125,131455.875,136542.671875,140142.984375,142957.078125,145308.59375,147354.75,149207.515625,150886.671875,152361.109375,153615.125,154639.828125,155430.328125,155982.125,156292.671875,156360.15625,156184.390625,155765.953125,155106.84375,154209.9375,153079.5,151720.625,150139.703125,148343.84375,0,0,0,0,0,0,0,0,0,0,0,0,0,0,0,0,0,0,0,0,0,0,0,0,0,0
0,0,0,0,0,0,2089,20894,220894,120894,3789.37060546875,43,44,1970,1969,0,0,0,0,0,0,0,0,0,0,0,0,0,0,0,0,0,0,0,0,1,2,3,4,5,6,7,8,9,10,11,12,13,14,15,16,17,18,19,20,21,22,23,24,25,26,27,28,29,30,31,32,33,34,35,36,37,38,39,40,41,42,43,44,45,46,47,48,49,50,51,52,53,54,55,56,57,58,59,60,61,62,63,64,65,66,67,68,69,70,71,72,73,74,75,76,77,78,79,80,81,82,83,84,85,86,87,88,89,90,91,92,93,94,95,96,97,98,99,100,101,102,103,104,105,106,107,108,109,110,111,112,113,114,115,116,117,118,119,120,121,122,123,124,125,126,127,128,129,130,131,132,133,134,135,136,137,138,139,140,141,142,143,144,2,1,1,2035,2035,2,2013,0,0,0,0,0,0,0,0,0,0,0,0,0,0,0,0,0,0,0,0,0,0,0,0,0,0,0,0,0,0,0,0,0,0,0,0,0,0,0,0,0,0,0,17807.259765625,19047.248046875,20348.330078125,21619.921875,22722.201171875,24000,0,0,0,22071.6484375,23365.52734375,24792.818359375,26249.75390625,27681.548828125,29257.73046875,29904.455078125,31151.1875,32634.736328125,33914.01171875,35000,36093.30859375,36717.05078125,37602.19140625,38727.515625,39942.44140625,40885.40625,41639.94140625,43636.3359375,46659.56640625,48540.7265625,49898.375,50979.71875,51899.10546875,52712.09765625,53458.0625,54144.02734375,54758.4296875,55295.22265625,55750.93359375,56123.3125,56410.44921875,56610.90625,0,0,0,0,0,0,0,0,0,0,0,0,0,0,0,0,0,0,0,0,0,0,0,0,0,0,0,0,0,0,0,0,0,0,0
0,0,0,0,0,0,2089,20895,120895,220895,3822.226318359375,44,43,1969,1970,0,0,0,0,0,0,0,0,0,0,0,0,0,0,0,0,0,0,0,1,2,3,4,5,6,7,8,9,10,11,12,13,14,15,16,17,18,19,20,21,22,23,24,25,26,27,28,29,30,31,32,33,34,35,36,37,38,39,40,41,42,43,44,45,46,47,48,49,50,51,52,53,54,55,56,57,58,59,60,61,62,63,64,65,66,67,68,69,70,71,72,73,74,75,76,77,78,79,80,81,82,83,84,85,86,87,88,89,90,91,92,93,94,95,96,97,98,99,100,101,102,103,104,105,106,107,108,109,110,111,112,113,114,115,116,117,118,119,120,121,122,123,124,125,126,127,128,129,130,131,132,133,134,135,136,137,138,139,140,141,142,143,144,145,1,2,1,9999,9999,1,2013,0,0,0,0,0,0,0,0,0,0,0,0,0,0,0,0,0,0,0,0,0,0,0,0,0,0,0,0,0,0,0,0,0,0,0,0,0,0,0,0,0,0,0,0,0,0,50874.578125,53385.13671875,56299.4453125,59906.41015625,63319.69140625,66370.5,70000,0,71725.484375,75822.1484375,79833.296875,84247.515625,85975.7578125,89420.5078125,93533.2265625,97048.359375,100000,102963.140625,104579.2890625,106933.5234375,109962.2421875,113235.296875,115727.96875,117680.0859375,123130.1328125,131455.875,136542.671875,140142.984375,142957.078125,145308.59375,147354.75,149207.515625,150886.671875,152361.109375,153615.125,154639.828125,155430.328125,155982.125,156292.671875,156360.15625,156184.390625,155765.953125,155106.84375,154209.9375,153079.5,151720.625,150139.703125,148343.84375,0,0,0,0,0,0,0,0,0,0,0,0,0,0,0,0,0,0,0,0,0,0,0,0,0,0
0,0,0,0,0,0,2089,20895,220895,120895,3822.226318359375,43,44,1970,1969,0,0,0,0,0,0,0,0,0,0,0,0,0,0,0,0,0,0,0,0,1,2,3,4,5,6,7,8,9,10,11,12,13,14,15,16,17,18,19,20,21,22,23,24,25,26,27,28,29,30,31,32,33,34,35,36,37,38,39,40,41,42,43,44,45,46,47,48,49,50,51,52,53,54,55,56,57,58,59,60,61,62,63,64,65,66,67,68,69,70,71,72,73,74,75,76,77,78,79,80,81,82,83,84,85,86,87,88,89,90,91,92,93,94,95,96,97,98,99,100,101,102,103,104,105,106,107,108,109,110,111,112,113,114,115,116,117,118,119,120,121,122,123,124,125,126,127,128,129,130,131,132,133,134,135,136,137,138,139,140,141,142,143,144,2,1,1,2035,2035,2,2013,0,0,0,0,0,0,0,0,0,0,0,0,0,0,0,0,0,0,0,0,0,0,0,0,0,0,0,0,0,0,0,0,0,0,0,0,0,0,0,0,0,0,0,17807.259765625,19047.248046875,20348.330078125,21619.921875,22722.201171875,24000,0,0,0,22071.6484375,23365.52734375,24792.818359375,26249.75390625,27681.548828125,29257.73046875,29904.455078125,31151.1875,32634.736328125,33914.01171875,35000,36093.30859375,36717.05078125,37602.19140625,38727.515625,39942.44140625,40885.40625,41639.94140625,43636.3359375,46659.56640625,48540.7265625,49898.375,50979.71875,51899.10546875,52712.09765625,53458.0625,54144.02734375,54758.4296875,55295.22265625,55750.93359375,56123.3125,56410.44921875,56610.90625,0,0,0,0,0,0,0,0,0,0,0,0,0,0,0,0,0,0,0,0,0,0,0,0,0,0,0,0,0,0,0,0,0,0,0
0,0,0,0,0,0,2146,21461,121461,0,4047.0380859375,32,0,1981,0,0,0,0,0,0,0,0,0,0,0,0,0,0,0,0,0,0,0,0,0,0,0,0,0,0,0,0,0,0,0,0,1,2,3,4,5,6,7,8,9,10,11,12,13,14,15,16,17,18,19,20,21,22,23,24,25,26,27,28,29,30,31,32,33,34,35,36,37,38,39,40,41,42,43,44,45,46,47,48,49,50,51,52,53,54,55,56,57,58,59,60,61,62,63,64,65,66,67,68,69,70,71,72,73,74,75,76,77,78,79,80,81,82,83,84,85,86,87,88,89,90,91,92,93,94,95,96,97,98,99,100,101,102,103,104,105,106,107,108,109,110,111,112,113,114,115,116,117,118,119,120,121,122,123,124,125,126,127,128,129,130,131,132,133,2,0,0,2046,2046,1,2013,0,0,0,0,0,0,0,0,0,0,0,0,0,0,0,0,0,0,0,0,0,0,0,0,0,0,0,0,0,0,0,0,0,0,0,0,0,0,0,0,0,0,0,0,0,0,0,0,0,0,0,0,0,0,0,10894.076171875,11686.97265625,12566.060546875,13065.958984375,13846.0673828125,14756.3466796875,15600,0,17181.681640625,17780.876953125,18524.453125,19408.802734375,20363.884765625,21205.12109375,21969.970703125,23421.48828125,25477.32421875,26962.8515625,28196.3203125,29305.58203125,30350.06640625,31358.58984375,32352.416015625,33334.23828125,34295.5234375,35230.671875,36135.35546875,37005.8515625,37838.4296875,38629.62890625,39376.04296875,40074.3828125,40721.6875,41315.0078125,41851.6796875,42329.3125,42745.69921875,43098.98046875,43387.5390625,43609.9609375,43765.34375,0,0,0,0,0,0,0,0,0,0,0,0,0,0,0,0,0,0,0,0,0,0,0,0
0,0,0,0,0,0,2146,21462,121462,0,4068.478759765625,32,0,1981,0,0,0,0,0,0,0,0,0,0,0,0,0,0,0,0,0,0,0,0,0,0,0,0,0,0,0,0,0,0,0,0,1,2,3,4,5,6,7,8,9,10,11,12,13,14,15,16,17,18,19,20,21,22,23,24,25,26,27,28,29,30,31,32,33,34,35,36,37,38,39,40,41,42,43,44,45,46,47,48,49,50,51,52,53,54,55,56,57,58,59,60,61,62,63,64,65,66,67,68,69,70,71,72,73,74,75,76,77,78,79,80,81,82,83,84,85,86,87,88,89,90,91,92,93,94,95,96,97,98,99,100,101,102,103,104,105,106,107,108,109,110,111,112,113,114,115,116,117,118,119,120,121,122,123,124,125,126,127,128,129,130,131,132,133,2,0,0,2046,2046,1,2013,0,0,0,0,0,0,0,0,0,0,0,0,0,0,0,0,0,0,0,0,0,0,0,0,0,0,0,0,0,0,0,0,0,0,0,0,0,0,0,0,0,0,0,0,0,0,0,0,0,0,0,0,0,0,0,10894.076171875,11686.97265625,12566.060546875,13065.958984375,13846.0673828125,14756.3466796875,15600,0,17181.681640625,17780.876953125,18524.453125,19408.802734375,20363.884765625,21205.12109375,21969.970703125,23421.48828125,25477.32421875,26962.8515625,28196.3203125,29305.58203125,30350.06640625,31358.58984375,32352.416015625,33334.23828125,34295.5234375,35230.671875,36135.35546875,37005.8515625,37838.4296875,38629.62890625,39376.04296875,40074.3828125,40721.6875,41315.0078125,41851.6796875,42329.3125,42745.69921875,43098.98046875,43387.5390625,43609.9609375,43765.34375,0,0,0,0,0,0,0,0,0,0,0,0,0,0,0,0,0,0,0,0,0,0,0,0
0,0,0,0,0,0,2146,21463,121463,0,4063.7685546875,32,0,1981,0,0,0,0,0,0,0,0,0,0,0,0,0,0,0,0,0,0,0,0,0,0,0,0,0,0,0,0,0,0,0,0,1,2,3,4,5,6,7,8,9,10,11,12,13,14,15,16,17,18,19,20,21,22,23,24,25,26,27,28,29,30,31,32,33,34,35,36,37,38,39,40,41,42,43,44,45,46,47,48,49,50,51,52,53,54,55,56,57,58,59,60,61,62,63,64,65,66,67,68,69,70,71,72,73,74,75,76,77,78,79,80,81,82,83,84,85,86,87,88,89,90,91,92,93,94,95,96,97,98,99,100,101,102,103,104,105,106,107,108,109,110,111,112,113,114,115,116,117,118,119,120,121,122,123,124,125,126,127,128,129,130,131,132,133,2,0,0,2046,2046,1,2013,0,0,0,0,0,0,0,0,0,0,0,0,0,0,0,0,0,0,0,0,0,0,0,0,0,0,0,0,0,0,0,0,0,0,0,0,0,0,0,0,0,0,0,0,0,0,0,0,0,0,0,0,0,0,0,10894.076171875,11686.97265625,12566.060546875,13065.958984375,13846.0673828125,14756.3466796875,15600,0,17181.681640625,17780.876953125,18524.453125,19408.802734375,20363.884765625,21205.12109375,21969.970703125,23421.48828125,25477.32421875,26962.8515625,28196.3203125,29305.58203125,30350.06640625,31358.58984375,32352.416015625,33334.23828125,34295.5234375,35230.671875,36135.35546875,37005.8515625,37838.4296875,38629.62890625,39376.04296875,40074.3828125,40721.6875,41315.0078125,41851.6796875,42329.3125,42745.69921875,43098.98046875,43387.5390625,43609.9609375,43765.34375,0,0,0,0,0,0,0,0,0,0,0,0,0,0,0,0,0,0,0,0,0,0,0,0
0,0,0,0,0,0,2146,21464,121464,0,4054.733154296875,32,0,1981,0,0,0,0,0,0,0,0,0,0,0,0,0,0,0,0,0,0,0,0,0,0,0,0,0,0,0,0,0,0,0,0,1,2,3,4,5,6,7,8,9,10,11,12,13,14,15,16,17,18,19,20,21,22,23,24,25,26,27,28,29,30,31,32,33,34,35,36,37,38,39,40,41,42,43,44,45,46,47,48,49,50,51,52,53,54,55,56,57,58,59,60,61,62,63,64,65,66,67,68,69,70,71,72,73,74,75,76,77,78,79,80,81,82,83,84,85,86,87,88,89,90,91,92,93,94,95,96,97,98,99,100,101,102,103,104,105,106,107,108,109,110,111,112,113,114,115,116,117,118,119,120,121,122,123,124,125,126,127,128,129,130,131,132,133,2,0,0,2046,2046,1,2013,0,0,0,0,0,0,0,0,0,0,0,0,0,0,0,0,0,0,0,0,0,0,0,0,0,0,0,0,0,0,0,0,0,0,0,0,0,0,0,0,0,0,0,0,0,0,0,0,0,0,0,0,0,0,0,10894.076171875,11686.97265625,12566.060546875,13065.958984375,13846.0673828125,14756.3466796875,15600,0,17181.681640625,17780.876953125,18524.453125,19408.802734375,20363.884765625,21205.12109375,21969.970703125,23421.48828125,25477.32421875,26962.8515625,28196.3203125,29305.58203125,30350.06640625,31358.58984375,32352.416015625,33334.23828125,34295.5234375,35230.671875,36135.35546875,37005.8515625,37838.4296875,38629.62890625,39376.04296875,40074.3828125,40721.6875,41315.0078125,41851.6796875,42329.3125,42745.69921875,43098.98046875,43387.5390625,43609.9609375,43765.34375,0,0,0,0,0,0,0,0,0,0,0,0,0,0,0,0,0,0,0,0,0,0,0,0
0,0,0,0,0,0,2146,21465,121465,0,4056.010498046875,32,0,1981,0,0,0,0,0,0,0,0,0,0,0,0,0,0,0,0,0,0,0,0,0,0,0,0,0,0,0,0,0,0,0,0,1,2,3,4,5,6,7,8,9,10,11,12,13,14,15,16,17,18,19,20,21,22,23,24,25,26,27,28,29,30,31,32,33,34,35,36,37,38,39,40,41,42,43,44,45,46,47,48,49,50,51,52,53,54,55,56,57,58,59,60,61,62,63,64,65,66,67,68,69,70,71,72,73,74,75,76,77,78,79,80,81,82,83,84,85,86,87,88,89,90,91,92,93,94,95,96,97,98,99,100,101,102,103,104,105,106,107,108,109,110,111,112,113,114,115,116,117,118,119,120,121,122,123,124,125,126,127,128,129,130,131,132,133,2,0,0,2046,2046,1,2013,0,0,0,0,0,0,0,0,0,0,0,0,0,0,0,0,0,0,0,0,0,0,0,0,0,0,0,0,0,0,0,0,0,0,0,0,0,0,0,0,0,0,0,0,0,0,0,0,0,0,0,0,0,0,0,10894.076171875,11686.97265625,12566.060546875,13065.958984375,13846.0673828125,14756.3466796875,15600,0,17181.681640625,17780.876953125,18524.453125,19408.802734375,20363.884765625,21205.12109375,21969.970703125,23421.48828125,25477.32421875,26962.8515625,28196.3203125,29305.58203125,30350.06640625,31358.58984375,32352.416015625,33334.23828125,34295.5234375,35230.671875,36135.35546875,37005.8515625,37838.4296875,38629.62890625,39376.04296875,40074.3828125,40721.6875,41315.0078125,41851.6796875,42329.3125,42745.69921875,43098.98046875,43387.5390625,43609.9609375,43765.34375,0,0,0,0,0,0,0,0,0,0,0,0,0,0,0,0,0,0,0,0,0,0,0,0
1,1100,4,0,0,0,2218,22181,122181,222181,6086.8486328125,73,62,1940,1951,11,12,13,14,15,16,17,18,19,20,21,22,23,24,25,26,27,28,29,30,31,32,33,34,35,36,37,38,39,40,41,42,43,44,45,46,47,48,49,50,51,52,53,54,55,56,57,58,59,60,61,62,63,64,65,66,67,68,69,70,71,72,73,74,75,76,77,78,79,80,81,82,83,84,85,86,87,88,89,90,91,92,93,94,95,96,97,98,99,100,101,102,103,104,105,106,107,108,109,110,111,112,113,114,115,116,117,118,119,120,121,122,123,124,125,126,127,128,129,130,131,132,133,134,135,136,137,138,139,140,141,142,143,144,145,146,147,148,149,150,151,152,153,154,155,156,157,158,159,160,161,162,163,164,165,166,167,168,169,170,171,172,173,174,1,2,1,,,1,2013,0,0,0,0,0,0,0,3501.705322265625,3757.945068359375,4032.663330078125,4294.97802734375,4573.37060546875,4863.38720703125,5176.5849609375,5501.00048828125,5899.1923828125,6315.3310546875,6842.529296875,7444.41845703125,8099.7939453125,8763.287109375,9390.2802734375,10238.3046875,11676.9951171875,13047.244140625,14172.5498046875,15519.640625,17040.173828125,19017.212890625,21557.318359375,24000,0,0,0,0,0,0,0,0,0,0,0,0,0,0,0,0,0,0,0,0,0,0,0,0,55090.33984375,55441.05859375,55920.70703125,54545.484375,54223.55859375,54210.62890625,53761.8203125,0,0,0,0,0,0,0,0,0,0,0,0,0,0,0,0,0,0,0,0,0,0,0,0,0,0,0,0,0,0,0,0,0,0,0,0,0,0,0,0,0,0,0,0,0,0,0,0,0,0,0,0,0,0,0,0,0,0
1,1100,4,0,0,0,2218,22181,222181,122181,6086.8486328125,62,73,1951,1940,0,1,2,3,4,5,6,7,8,9,10,11,12,13,14,15,16,17,18,19,20,21,22,23,24,25,26,27,28,29,30,31,32,33,34,35,36,37,38,39,40,41,42,43,44,45,46,47,48,49,50,51,52,53,54,55,56,57,58,59,60,61,62,63,64,65,66,67,68,69,70,71,72,73,74,75,76,77,78,79,80,81,82,83,84,85,86,87,88,89,90,91,92,93,94,95,96,97,98,99,100,101,102,103,104,105,106,107,108,109,110,111,112,113,114,115,116,117,118,119,120,121,122,123,124,125,126,127,128,129,130,131,132,133,134,135,136,137,138,139,140,141,142,143,144,145,146,147,148,149,150,151,152,153,154,155,156,157,158,159,160,161,162,163,2,1,1,,,2,2013,0,0,0,0,0,0,0,0,0,0,0,0,0,0,0,0,0,0,0,0,0,0,0,0,0,0,0,0,0,0,0,0,0,0,0,0,0,0,0,0,0,0,0,0,0,0,0,0,0,0,0,0,0,0,0,0,0,0,0,0,0,7627.2734375,0,0,0,0,0,0,0,0,0,0,0,0,0,0,0,0,0,0,0,0,0,0,0,0,0,0,0,0,0,0,0,0,0,0,0,0,0,0,0,0,0,0,0,0,0,0,0,0,0,0,0,0,0,0,0,0,0,0
1,1100,4,0,0,0,2218,22182,122182,222182,6197.24169921875,73,62,1940,1951,11,12,13,14,15,16,17,18,19,20,21,22,23,24,25,26,27,28,29,30,31,32,33,34,35,36,37,38,39,40,41,42,43,44,45,46,47,48,49,50,51,52,53,54,55,56,57,58,59,60,61,62,63,64,65,66,67,68,69,70,71,72,73,74,75,76,77,78,79,80,81,82,83,84,85,86,87,88,89,90,91,92,93,94,95,96,97,98,99,100,101,102,103,104,105,106,107,108,109,110,111,112,113,114,115,116,117,118,119,120,121,122,123,124,125,126,127,128,129,130,131,132,133,134,135,136,137,138,139,140,141,142,143,144,145,146,147,148,149,150,151,152,153,154,155,156,157,158,159,160,161,162,163,164,165,166,167,168,169,170,171,172,173,174,1,2,1,,,1,2013,0,0,0,0,0,0,0,3501.705322265625,3757.945068359375,4032.663330078125,4294.97802734375,4573.37060546875,4863.38720703125,5176.5849609375,5501.00048828125,5899.1923828125,6315.3310546875,6842.529296875,7444.41845703125,8099.7939453125,8763.287109375,9390.2802734375,10238.3046875,11676.9951171875,13047.244140625,14172.5498046875,15519.640625,17040.173828125,19017.212890625,21557.318359375,24000,0,0,0,0,0,0,0,0,0,0,0,0,0,0,0,0,0,0,0,0,0,0,0,0,55090.33984375,55441.05859375,55920.70703125,54545.484375,54223.55859375,54210.62890625,53761.8203125,0,0,0,0,0,0,0,0,0,0,0,0,0,0,0,0,0,0,0,0,0,0,0,0,0,0,0,0,0,0,0,0,0,0,0,0,0,0,0,0,0,0,0,0,0,0,0,0,0,0,0,0,0,0,0,0,0,0
1,1100,4,0,0,0,2218,22182,222182,122182,6197.24169921875,62,73,1951,1940,0,1,2,3,4,5,6,7,8,9,10,11,12,13,14,15,16,17,18,19,20,21,22,23,24,25,26,27,28,29,30,31,32,33,34,35,36,37,38,39,40,41,42,43,44,45,46,47,48,49,50,51,52,53,54,55,56,57,58,59,60,61,62,63,64,65,66,67,68,69,70,71,72,73,74,75,76,77,78,79,80,81,82,83,84,85,86,87,88,89,90,91,92,93,94,95,96,97,98,99,100,101,102,103,104,105,106,107,108,109,110,111,112,113,114,115,116,117,118,119,120,121,122,123,124,125,126,127,128,129,130,131,132,133,134,135,136,137,138,139,140,141,142,143,144,145,146,147,148,149,150,151,152,153,154,155,156,157,158,159,160,161,162,163,2,1,1,,,2,2013,0,0,0,0,0,0,0,0,0,0,0,0,0,0,0,0,0,0,0,0,0,0,0,0,0,0,0,0,0,0,0,0,0,0,0,0,0,0,0,0,0,0,0,0,0,0,0,0,0,0,0,0,0,0,0,0,0,0,0,0,0,7627.2734375,0,0,0,0,0,0,0,0,0,0,0,0,0,0,0,0,0,0,0,0,0,0,0,0,0,0,0,0,0,0,0,0,0,0,0,0,0,0,0,0,0,0,0,0,0,0,0,0,0,0,0,0,0,0,0,0,0,0
1,1100,4,0,0,0,2218,22183,122183,222183,6111.26708984375,73,62,1940,1951,11,12,13,14,15,16,17,18,19,20,21,22,23,24,25,26,27,28,29,30,31,32,33,34,35,36,37,38,39,40,41,42,43,44,45,46,47,48,49,50,51,52,53,54,55,56,57,58,59,60,61,62,63,64,65,66,67,68,69,70,71,72,73,74,75,76,77,78,79,80,81,82,83,84,85,86,87,88,89,90,91,92,93,94,95,96,97,98,99,100,101,102,103,104,105,106,107,108,109,110,111,112,113,114,115,116,117,118,119,120,121,122,123,124,125,126,127,128,129,130,131,132,133,134,135,136,137,138,139,140,141,142,143,144,145,146,147,148,149,150,151,152,153,154,155,156,157,158,159,160,161,162,163,164,165,166,167,168,169,170,171,172,173,174,1,2,1,,,1,2013,0,0,0,0,0,0,0,3501.705322265625,3757.945068359375,4032.663330078125,4294.97802734375,4573.37060546875,4863.38720703125,5176.5849609375,5501.00048828125,5899.1923828125,6315.3310546875,6842.529296875,7444.41845703125,8099.7939453125,8763.287109375,9390.2802734375,10238.3046875,11676.9951171875,13047.244140625,14172.5498046875,15519.640625,17040.173828125,19017.212890625,21557.318359375,24000,0,0,0,0,0,0,0,0,0,0,0,0,0,0,0,0,0,0,0,0,0,0,0,0,55090.33984375,55441.05859375,55920.70703125,54545.484375,54223.55859375,54210.62890625,53761.8203125,0,0,0,0,0,0,0,0,0,0,0,0,0,0,0,0,0,0,0,0,0,0,0,0,0,0,0,0,0,0,0,0,0,0,0,0,0,0,0,0,0,0,0,0,0,0,0,0,0,0,0,0,0,0,0,0,0,0
1,1100,4,0,0,0,2218,22183,222183,122183,6111.26708984375,62,73,1951,1940,0,1,2,3,4,5,6,7,8,9,10,11,12,13,14,15,16,17,18,19,20,21,22,23,24,25,26,27,28,29,30,31,32,33,34,35,36,37,38,39,40,41,42,43,44,45,46,47,48,49,50,51,52,53,54,55,56,57,58,59,60,61,62,63,64,65,66,67,68,69,70,71,72,73,74,75,76,77,78,79,80,81,82,83,84,85,86,87,88,89,90,91,92,93,94,95,96,97,98,99,100,101,102,103,104,105,106,107,108,109,110,111,112,113,114,115,116,117,118,119,120,121,122,123,124,125,126,127,128,129,130,131,132,133,134,135,136,137,138,139,140,141,142,143,144,145,146,147,148,149,150,151,152,153,154,155,156,157,158,159,160,161,162,163,2,1,1,,,2,2013,0,0,0,0,0,0,0,0,0,0,0,0,0,0,0,0,0,0,0,0,0,0,0,0,0,0,0,0,0,0,0,0,0,0,0,0,0,0,0,0,0,0,0,0,0,0,0,0,0,0,0,0,0,0,0,0,0,0,0,0,0,7627.2734375,0,0,0,0,0,0,0,0,0,0,0,0,0,0,0,0,0,0,0,0,0,0,0,0,0,0,0,0,0,0,0,0,0,0,0,0,0,0,0,0,0,0,0,0,0,0,0,0,0,0,0,0,0,0,0,0,0,0
1,1100,4,0,0,0,2218,22184,122184,222184,6133.662109375,73,62,1940,1951,11,12,13,14,15,16,17,18,19,20,21,22,23,24,25,26,27,28,29,30,31,32,33,34,35,36,37,38,39,40,41,42,43,44,45,46,47,48,49,50,51,52,53,54,55,56,57,58,59,60,61,62,63,64,65,66,67,68,69,70,71,72,73,74,75,76,77,78,79,80,81,82,83,84,85,86,87,88,89,90,91,92,93,94,95,96,97,98,99,100,101,102,103,104,105,106,107,108,109,110,111,112,113,114,115,116,117,118,119,120,121,122,123,124,125,126,127,128,129,130,131,132,133,134,135,136,137,138,139,140,141,142,143,144,145,146,147,148,149,150,151,152,153,154,155,156,157,158,159,160,161,162,163,164,165,166,167,168,169,170,171,172,173,174,1,2,1,,,1,2013,0,0,0,0,0,0,0,3501.705322265625,3757.945068359375,4032.663330078125,4294.97802734375,4573.37060546875,4863.38720703125,5176.5849609375,5501.00048828125,5899.1923828125,6315.3310546875,6842.529296875,7444.41845703125,8099.7939453125,8763.287109375,9390.2802734375,10238.3046875,11676.9951171875,13047.244140625,14172.5498046875,15519.640625,17040.173828125,19017.212890625,21557.318359375,24000,0,0,0,0,0,0,0,0,0,0,0,0,0,0,0,0,0,0,0,0,0,0,0,0,55090.33984375,55441.05859375,55920.70703125,54545.484375,54223.55859375,54210.62890625,53761.8203125,0,0,0,0,0,0,0,0,0,0,0,0,0,0,0,0,0,0,0,0,0,0,0,0,0,0,0,0,0,0,0,0,0,0,0,0,0,0,0,0,0,0,0,0,0,0,0,0,0,0,0,0,0,0,0,0,0,0
1,1100,4,0,0,0,2218,22184,222184,122184,6133.662109375,62,73,1951,1940,0,1,2,3,4,5,6,7,8,9,10,11,12,13,14,15,16,17,18,19,20,21,22,23,24,25,26,27,28,29,30,31,32,33,34,35,36,37,38,39,40,41,42,43,44,45,46,47,48,49,50,51,52,53,54,55,56,57,58,59,60,61,62,63,64,65,66,67,68,69,70,71,72,73,74,75,76,77,78,79,80,81,82,83,84,85,86,87,88,89,90,91,92,93,94,95,96,97,98,99,100,101,102,103,104,105,106,107,108,109,110,111,112,113,114,115,116,117,118,119,120,121,122,123,124,125,126,127,128,129,130,131,132,133,134,135,136,137,138,139,140,141,142,143,144,145,146,147,148,149,150,151,152,153,154,155,156,157,158,159,160,161,162,163,2,1,1,,,2,2013,0,0,0,0,0,0,0,0,0,0,0,0,0,0,0,0,0,0,0,0,0,0,0,0,0,0,0,0,0,0,0,0,0,0,0,0,0,0,0,0,0,0,0,0,0,0,0,0,0,0,0,0,0,0,0,0,0,0,0,0,0,7627.2734375,0,0,0,0,0,0,0,0,0,0,0,0,0,0,0,0,0,0,0,0,0,0,0,0,0,0,0,0,0,0,0,0,0,0,0,0,0,0,0,0,0,0,0,0,0,0,0,0,0,0,0,0,0,0,0,0,0,0
1,1100,4,0,0,0,2218,22185,122185,222185,6103.90869140625,73,62,1940,1951,11,12,13,14,15,16,17,18,19,20,21,22,23,24,25,26,27,28,29,30,31,32,33,34,35,36,37,38,39,40,41,42,43,44,45,46,47,48,49,50,51,52,53,54,55,56,57,58,59,60,61,62,63,64,65,66,67,68,69,70,71,72,73,74,75,76,77,78,79,80,81,82,83,84,85,86,87,88,89,90,91,92,93,94,95,96,97,98,99,100,101,102,103,104,105,106,107,108,109,110,111,112,113,114,115,116,117,118,119,120,121,122,123,124,125,126,127,128,129,130,131,132,133,134,135,136,137,138,139,140,141,142,143,144,145,146,147,148,149,150,151,152,153,154,155,156,157,158,159,160,161,162,163,164,165,166,167,168,169,170,171,172,173,174,1,2,1,,,1,2013,0,0,0,0,0,0,0,3501.705322265625,3757.945068359375,4032.663330078125,4294.97802734375,4573.37060546875,4863.38720703125,5176.5849609375,5501.00048828125,5899.1923828125,6315.3310546875,6842.529296875,7444.41845703125,8099.7939453125,8763.287109375,9390.2802734375,10238.3046875,11676.9951171875,13047.244140625,14172.5498046875,15519.640625,17040.173828125,19017.212890625,21557.318359375,24000,0,0,0,0,0,0,0,0,0,0,0,0,0,0,0,0,0,0,0,0,0,0,0,0,55090.33984375,55441.05859375,55920.70703125,54545.484375,54223.55859375,54210.62890625,53761.8203125,0,0,0,0,0,0,0,0,0,0,0,0,0,0,0,0,0,0,0,0,0,0,0,0,0,0,0,0,0,0,0,0,0,0,0,0,0,0,0,0,0,0,0,0,0,0,0,0,0,0,0,0,0,0,0,0,0,0
1,1100,4,0,0,0,2218,22185,222185,122185,6103.90869140625,62,73,1951,1940,0,1,2,3,4,5,6,7,8,9,10,11,12,13,14,15,16,17,18,19,20,21,22,23,24,25,26,27,28,29,30,31,32,33,34,35,36,37,38,39,40,41,42,43,44,45,46,47,48,49,50,51,52,53,54,55,56,57,58,59,60,61,62,63,64,65,66,67,68,69,70,71,72,73,74,75,76,77,78,79,80,81,82,83,84,85,86,87,88,89,90,91,92,93,94,95,96,97,98,99,100,101,102,103,104,105,106,107,108,109,110,111,112,113,114,115,116,117,118,119,120,121,122,123,124,125,126,127,128,129,130,131,132,133,134,135,136,137,138,139,140,141,142,143,144,145,146,147,148,149,150,151,152,153,154,155,156,157,158,159,160,161,162,163,2,1,1,,,2,2013,0,0,0,0,0,0,0,0,0,0,0,0,0,0,0,0,0,0,0,0,0,0,0,0,0,0,0,0,0,0,0,0,0,0,0,0,0,0,0,0,0,0,0,0,0,0,0,0,0,0,0,0,0,0,0,0,0,0,0,7441.96875,7564.72216796875,7627.2734375,0,0,0,0,0,0,0,0,0,0,0,0,0,0,0,0,0,0,0,0,0,0,0,0,0,0,0,0,0,0,0,0,0,0,0,0,0,0,0,0,0,0,0,0,0,0,0,0,0,0,0,0,0,0,0,0,0,0
2,750,4,0,0,0,2265,22651,122651,0,3724.435791015625,54,0,1959,0,0,0,0,0,0,0,0,0,0,1,2,3,4,5,6,7,8,9,10,11,12,13,14,15,16,17,18,19,20,21,22,23,24,25,26,27,28,29,30,31,32,33,34,35,36,37,38,39,40,41,42,43,44,45,46,47,48,49,50,51,52,53,54,55,56,57,58,59,60,61,62,63,64,65,66,67,68,69,70,71,72,73,74,75,76,77,78,79,80,81,82,83,84,85,86,87,88,89,90,91,92,93,94,95,96,97,98,99,100,101,102,103,104,105,106,107,108,109,110,111,112,113,114,115,116,117,118,119,120,121,122,123,124,125,126,127,128,129,130,131,132,133,134,135,136,137,138,139,140,141,142,143,144,145,146,147,148,149,150,151,152,153,154,155,2,0,0,,,1,2013,0,0,0,0,0,0,0,0,0,0,0,0,0,0,0,0,0,0,0,0,0,0,0,0,0,0,0,0,0,0,0,0,0,0,0,0,0,0,0,0,0,0,0,0,0,0,0,0,0,16081.8212890625,16735.205078125,17270.2109375,17932.91796875,20843.021484375,21740.23046875,22626.458984375,21000,0,0,6318.8388671875,6507.23291015625,6647.349609375,0,0,0,0,0,0,0,0,0,0,0,0,0,0,0,0,0,0,0,0,0,0,0,0,0,0,0,0,0,0,0,0,0,0,0,0,0,0,0,0,0,0,0,0,0,0,0,0,0,0,0,0,0,0,0,0,0,0
2,750,4,0,0,0,2265,22652,122652,0,3718.7509765625,54,0,1959,0,0,0,0,0,0,0,0,0,0,1,2,3,4,5,6,7,8,9,10,11,12,13,14,15,16,17,18,19,20,21,22,23,24,25,26,27,28,29,30,31,32,33,34,35,36,37,38,39,40,41,42,43,44,45,46,47,48,49,50,51,52,53,54,55,56,57,58,59,60,61,62,63,64,65,66,67,68,69,70,71,72,73,74,75,76,77,78,79,80,81,82,83,84,85,86,87,88,89,90,91,92,93,94,95,96,97,98,99,100,101,102,103,104,105,106,107,108,109,110,111,112,113,114,115,116,117,118,119,120,121,122,123,124,125,126,127,128,129,130,131,132,133,134,135,136,137,138,139,140,141,142,143,144,145,146,147,148,149,150,151,152,153,154,155,2,0,0,,,1,2013,0,0,0,0,0,0,0,0,0,0,0,0,0,0,0,0,0,0,0,0,0,0,0,0,0,0,0,0,0,0,0,0,0,0,0,0,0,0,0,0,0,0,0,0,0,0,0,0,0,16081.8212890625,16735.205078125,17270.2109375,17932.91796875,20843.021484375,21740.23046875,22626.458984375,21000,0,0,6318.8388671875,6507.23291015625,6647.349609375,0,0,0,0,0,0,0,0,0,0,0,0,0,0,0,0,0,0,0,0,0,0,0,0,0,0,0,0,0,0,0,0,0,0,0,0,0,0,0,0,0,0,0,0,0,0,0,0,0,0,0,0,0,0,0,0,0,0
2,750,4,0,0,0,2265,22653,122653,0,3718.5478515625,54,0,1959,0,0,0,0,0,0,0,0,0,0,1,2,3,4,5,6,7,8,9,10,11,12,13,14,15,16,17,18,19,20,21,22,23,24,25,26,27,28,29,30,31,32,33,34,35,36,37,38,39,40,41,42,43,44,45,46,47,48,49,50,51,52,53,54,55,56,57,58,59,60,61,62,63,64,65,66,67,68,69,70,71,72,73,74,75,76,77,78,79,80,81,82,83,84,85,86,87,88,89,90,91,92,93,94,95,96,97,98,99,100,101,102,103,104,105,106,107,108,109,110,111,112,113,114,115,116,117,118,119,120,121,122,123,124,125,126,127,128,129,130,131,132,133,134,135,136,137,138,139,140,141,142,143,144,145,146,147,148,149,150,151,152,153,154,155,2,0,0,,,1,2013,0,0,0,0,0,0,0,0,0,0,0,0,0,0,0,0,0,0,0,0,0,0,0,0,0,0,0,0,0,0,0,0,0,0,0,0,0,0,0,0,0,0,0,0,0,0,0,0,0,16081.8212890625,16735.205078125,17270.2109375,17932.91796875,20843.021484375,21740.23046875,22626.458984375,21000,0,0,6318.8388671875,6507.23291015625,6647.349609375,0,0,0,0,0,0,0,0,0,0,0,0,0,0,0,0,0,0,0,0,0,0,0,0,0,0,0,0,0,0,0,0,0,0,0,0,0,0,0,0,0,0,0,0,0,0,0,0,0,0,0,0,0,0,0,0,0,0
2,750,4,0,0,0,2265,22654,122654,0,3721.724609375,54,0,1959,0,0,0,0,0,0,0,0,0,0,1,2,3,4,5,6,7,8,9,10,11,12,13,14,15,16,17,18,19,20,21,22,23,24,25,26,27,28,29,30,31,32,33,34,35,36,37,38,39,40,41,42,43,44,45,46,47,48,49,50,51,52,53,54,55,56,57,58,59,60,61,62,63,64,65,66,67,68,69,70,71,72,73,74,75,76,77,78,79,80,81,82,83,84,85,86,87,88,89,90,91,92,93,94,95,96,97,98,99,100,101,102,103,104,105,106,107,108,109,110,111,112,113,114,115,116,117,118,119,120,121,122,123,124,125,126,127,128,129,130,131,132,133,134,135,136,137,138,139,140,141,142,143,144,145,146,147,148,149,150,151,152,153,154,155,2,0,0,,,1,2013,0,0,0,0,0,0,0,0,0,0,0,0,0,0,0,0,0,0,0,0,0,0,0,0,0,0,0,0,0,0,0,0,0,0,0,0,0,0,0,0,0,0,0,0,0,0,0,0,0,16081.8212890625,16735.205078125,17270.2109375,17932.91796875,20843.021484375,21740.23046875,22626.458984375,21000,0,0,6318.8388671875,6507.23291015625,6647.349609375,0,0,0,0,0,0,0,0,0,0,0,0,0,0,0,0,0,0,0,0,0,0,0,0,0,0,0,0,0,0,0,0,0,0,0,0,0,0,0,0,0,0,0,0,0,0,0,0,0,0,0,0,0,0,0,0,0,0
2,750,4,0,0,0,2265,22655,122655,0,3720.546875,54,0,1959,0,0,0,0,0,0,0,0,0,0,1,2,3,4,5,6,7,8,9,10,11,12,13,14,15,16,17,18,19,20,21,22,23,24,25,26,27,28,29,30,31,32,33,34,35,36,37,38,39,40,41,42,43,44,45,46,47,48,49,50,51,52,53,54,55,56,57,58,59,60,61,62,63,64,65,66,67,68,69,70,71,72,73,74,75,76,77,78,79,80,81,82,83,84,85,86,87,88,89,90,91,92,93,94,95,96,97,98,99,100,101,102,103,104,105,106,107,108,109,110,111,112,113,114,115,116,117,118,119,120,121,122,123,124,125,126,127,128,129,130,131,132,133,134,135,136,137,138,139,140,141,142,143,144,145,146,147,148,149,150,151,152,153,154,155,2,0,0,,,1,2013,0,0,0,0,0,0,0,0,0,0,0,0,0,0,0,0,0,0,0,0,0,0,0,0,0,0,0,0,0,0,0,0,0,0,0,0,0,0,0,0,0,0,0,0,0,0,0,0,0,16081.8212890625,16735.205078125,17270.2109375,17932.91796875,20843.021484375,21740.23046875,22626.458984375,21000,0,0,6318.8388671875,6507.23291015625,6647.349609375,0,0,0,0,0,0,0,0,0,0,0,0,0,0,0,0,0,0,0,0,0,0,0,0,0,0,0,0,0,0,0,0,0,0,0,0,0,0,0,0,0,0,0,0,0,0,0,0,0,0,0,0,0,0,0,0,0,0
0,0,0,0,0,0,2747,27471,127471,227471,7713.64453125,34,33,1979,1980,0,0,0,0,0,0,0,0,0,0,0,0,0,0,0,0,0,0,0,0,0,0,0,0,0,0,0,0,0,1,2,3,4,5,6,7,8,9,10,11,12,13,14,15,16,17,18,19,20,21,22,23,24,25,26,27,28,29,30,31,32,33,34,35,36,37,38,39,40,41,42,43,44,45,46,47,48,49,50,51,52,53,54,55,56,57,58,59,60,61,62,63,64,65,66,67,68,69,70,71,72,73,74,75,76,77,78,79,80,81,82,83,84,85,86,87,88,89,90,91,92,93,94,95,96,97,98,99,100,101,102,103,104,105,106,107,108,109,110,111,112,113,114,115,116,117,118,119,120,121,122,123,124,125,126,127,128,129,130,131,132,133,134,135,1,2,1,9999,9999,1,2013,0,0,0,0,0,0,0,0,0,0,0,0,0,0,0,0,0,0,0,0,0,0,0,0,0,0,0,0,0,0,0,0,0,0,0,0,0,0,0,0,0,0,0,0,0,0,0,0,0,0,0,0,0,0,0,0,0,0,44428.3046875,46934.3671875,49864.265625,52551.05078125,55000,57519.40625,59340.0625,61629.1640625,64370.32421875,67327.609375,69890.7734375,72186.203125,76715.875,83189.90625,87766.484375,91495.9296875,94799.4375,97872.5078125,100810.0078125,103681.171875,106495.140625,109225.171875,111854.1953125,114369.3828125,116759.9453125,119015.2578125,121125.6484375,123081.7734375,124874.84375,126496.8046875,127940.390625,129198.8984375,130266.6328125,131138.578125,131810.828125,132280.171875,132544.5625,132602.78125,132454.3125,132100.1875,131541.703125,130781.671875,129823.6484375,128671.8359375,127331.6328125,125809.0625,0,0,0,0,0,0,0,0,0,0,0,0,0,0,0,0
0,0,0,0,0,0,2747,27471,227471,127471,7713.64453125,33,34,1980,1979,0,0,0,0,0,0,0,0,0,0,0,0,0,0,0,0,0,0,0,0,0,0,0,0,0,0,0,0,0,0,1,2,3,4,5,6,7,8,9,10,11,12,13,14,15,16,17,18,19,20,21,22,23,24,25,26,27,28,29,30,31,32,33,34,35,36,37,38,39,40,41,42,43,44,45,46,47,48,49,50,51,52,53,54,55,56,57,58,59,60,61,62,63,64,65,66,67,68,69,70,71,72,73,74,75,76,77,78,79,80,81,82,83,84,85,86,87,88,89,90,91,92,93,94,95,96,97,98,99,100,101,102,103,104,105,106,107,108,109,110,111,112,113,114,115,116,117,118,119,120,121,122,123,124,125,126,127,128,129,130,131,132,133,134,2,1,1,9999,9999,2,2013,0,0,0,0,0,0,0,0,0,0,0,0,0,0,0,0,0,0,0,0,0,0,0,0,0,0,0,0,0,0,0,0,0,0,0,0,0,0,0,0,0,0,0,0,0,0,0,0,0,0,0,0,33818.30078125,40614.21875,43772.171875,47072.484375,50419.90234375,54127.99609375,56193.66015625,59455.9453125,63266.08203125,66778.9609375,70000,73320.703125,75759.5546875,78804.7578125,82438.296875,86360.21875,89787.75,92881.375,98863.703125,107373.96875,113457.671875,118463.265625,122931.9765625,127115.0546875,131134.546875,135079.71875,138962.21875,142746.96875,146410.96875,149936.671875,153309.375,156514.53125,159538.4375,162367.578125,164990.03125,167393.84375,169568.171875,171503.375,173190.390625,174621.71875,175790.75,176691.84375,177321.265625,177675.640625,177753.828125,177555.046875,177080.28125,176331.890625,175313.171875,174028.75,172484.859375,170688.140625,169371.234375,0,0,0,0,0,0,0,0,0,0,0,0,0,0,0
0,0,0,0,0,0,2747,27472,127472,227472,7787.75439453125,34,33,1979,1980,0,0,0,0,0,0,0,0,0,0,0,0,0,0,0,0,0,0,0,0,0,0,0,0,0,0,0,0,0,1,2,3,4,5,6,7,8,9,10,11,12,13,14,15,16,17,18,19,20,21,22,23,24,25,26,27,28,29,30,31,32,33,34,35,36,37,38,39,40,41,42,43,44,45,46,47,48,49,50,51,52,53,54,55,56,57,58,59,60,61,62,63,64,65,66,67,68,69,70,71,72,73,74,75,76,77,78,79,80,81,82,83,84,85,86,87,88,89,90,91,92,93,94,95,96,97,98,99,100,101,102,103,104,105,106,107,108,109,110,111,112,113,114,115,116,117,118,119,120,121,122,123,124,125,126,127,128,129,130,131,132,133,134,135,1,2,1,9999,9999,1,2013,0,0,0,0,0,0,0,0,0,0,0,0,0,0,0,0,0,0,0,0,0,0,0,0,0,0,0,0,0,0,0,0,0,0,0,0,0,0,0,0,0,0,0,0,0,0,0,0,0,0,0,0,0,0,0,0,0,0,44428.3046875,46934.3671875,49864.265625,52551.05078125,55000,57519.40625,59340.0625,61629.1640625,64370.32421875,67327.609375,69890.7734375,72186.203125,76715.875,83189.90625,87766.484375,91495.9296875,94799.4375,97872.5078125,100810.0078125,103681.171875,106495.140625,109225.171875,111854.1953125,114369.3828125,116759.9453125,119015.2578125,121125.6484375,123081.7734375,124874.84375,126496.8046875,127940.390625,129198.8984375,130266.6328125,131138.578125,131810.828125,132280.171875,132544.5625,132602.78125,132454.3125,132100.1875,131541.703125,130781.671875,129823.6484375,128671.8359375,127331.6328125,125809.0625,0,0,0,0,0,0,0,0,0,0,0,0,0,0,0,0
0,0,0,0,0,0,2747,27472,227472,127472,7787.75439453125,33,34,1980,1979,0,0,0,0,0,0,0,0,0,0,0,0,0,0,0,0,0,0,0,0,0,0,0,0,0,0,0,0,0,0,1,2,3,4,5,6,7,8,9,10,11,12,13,14,15,16,17,18,19,20,21,22,23,24,25,26,27,28,29,30,31,32,33,34,35,36,37,38,39,40,41,42,43,44,45,46,47,48,49,50,51,52,53,54,55,56,57,58,59,60,61,62,63,64,65,66,67,68,69,70,71,72,73,74,75,76,77,78,79,80,81,82,83,84,85,86,87,88,89,90,91,92,93,94,95,96,97,98,99,100,101,102,103,104,105,106,107,108,109,110,111,112,113,114,115,116,117,118,119,120,121,122,123,124,125,126,127,128,129,130,131,132,133,134,2,1,1,9999,9999,2,2013,0,0,0,0,0,0,0,0,0,0,0,0,0,0,0,0,0,0,0,0,0,0,0,0,0,0,0,0,0,0,0,0,0,0,0,0,0,0,0,0,0,0,0,0,0,0,0,0,0,0,0,0,33818.30078125,40614.21875,43772.171875,47072.484375,50419.90234375,54127.99609375,56193.66015625,59455.9453125,63266.08203125,66778.9609375,70000,73320.703125,75759.5546875,78804.7578125,82438.296875,86360.21875,89787.75,92881.375,98863.703125,107373.96875,113457.671875,118463.265625,122931.9765625,127115.0546875,131134.546875,135079.71875,138962.21875,142746.96875,146410.96875,149936.671875,153309.375,156514.53125,159538.4375,162367.578125,164990.03125,167393.84375,169568.171875,171503.375,173190.390625,174621.71875,175790.75,176691.84375,177321.265625,177675.640625,177753.828125,177555.046875,177080.28125,176331.890625,175313.171875,174028.75,172484.859375,170688.140625,169371.234375,0,0,0,0,0,0,0,0,0,0,0,0,0,0,0
0,0,0,0,0,0,2747,27473,127473,227473,7684.72412109375,34,33,1979,1980,0,0,0,0,0,0,0,0,0,0,0,0,0,0,0,0,0,0,0,0,0,0,0,0,0,0,0,0,0,1,2,3,4,5,6,7,8,9,10,11,12,13,14,15,16,17,18,19,20,21,22,23,24,25,26,27,28,29,30,31,32,33,34,35,36,37,38,39,40,41,42,43,44,45,46,47,48,49,50,51,52,53,54,55,56,57,58,59,60,61,62,63,64,65,66,67,68,69,70,71,72,73,74,75,76,77,78,79,80,81,82,83,84,85,86,87,88,89,90,91,92,93,94,95,96,97,98,99,100,101,102,103,104,105,106,107,108,109,110,111,112,113,114,115,116,117,118,119,120,121,122,123,124,125,126,127,128,129,130,131,132,133,134,135,1,2,1,9999,9999,1,2013,0,0,0,0,0,0,0,0,0,0,0,0,0,0,0,0,0,0,0,0,0,0,0,0,0,0,0,0,0,0,0,0,0,0,0,0,0,0,0,0,0,0,0,0,0,0,0,0,0,0,0,0,0,0,0,0,0,0,44428.3046875,46934.3671875,49864.265625,52551.05078125,55000,57519.40625,59340.0625,61629.1640625,64370.32421875,67327.609375,69890.7734375,72186.203125,76715.875,83189.90625,87766.484375,91495.9296875,94799.4375,97872.5078125,100810.0078125,103681.171875,106495.140625,109225.171875,111854.1953125,114369.3828125,116759.9453125,119015.2578125,121125.6484375,123081.7734375,124874.84375,126496.8046875,127940.390625,129198.8984375,130266.6328125,131138.578125,131810.828125,132280.171875,132544.5625,132602.78125,132454.3125,132100.1875,131541.703125,130781.671875,129823.6484375,128671.8359375,127331.6328125,125809.0625,0,0,0,0,0,0,0,0,0,0,0,0,0,0,0,0
0,0,0,0,0,0,2747,27473,227473,127473,7684.72412109375,33,34,1980,1979,0,0,0,0,0,0,0,0,0,0,0,0,0,0,0,0,0,0,0,0,0,0,0,0,0,0,0,0,0,0,1,2,3,4,5,6,7,8,9,10,11,12,13,14,15,16,17,18,19,20,21,22,23,24,25,26,27,28,29,30,31,32,33,34,35,36,37,38,39,40,41,42,43,44,45,46,47,48,49,50,51,52,53,54,55,56,57,58,59,60,61,62,63,64,65,66,67,68,69,70,71,72,73,74,75,76,77,78,79,80,81,82,83,84,85,86,87,88,89,90,91,92,93,94,95,96,97,98,99,100,101,102,103,104,105,106,107,108,109,110,111,112,113,114,115,116,117,118,119,120,121,122,123,124,125,126,127,128,129,130,131,132,133,134,2,1,1,9999,9999,2,2013,0,0,0,0,0,0,0,0,0,0,0,0,0,0,0,0,0,0,0,0,0,0,0,0,0,0,0,0,0,0,0,0,0,0,0,0,0,0,0,0,0,0,0,0,0,0,0,0,0,0,0,0,33818.30078125,40614.21875,43772.171875,47072.484375,50419.90234375,54127.99609375,56193.66015625,59455.9453125,63266.08203125,66778.9609375,70000,73320.703125,75759.5546875,78804.7578125,82438.296875,86360.21875,89787.75,92881.375,98863.703125,107373.96875,113457.671875,118463.265625,122931.9765625,127115.0546875,131134.546875,135079.71875,138962.21875,142746.96875,146410.96875,149936.671875,153309.375,156514.53125,159538.4375,162367.578125,164990.03125,167393.84375,169568.171875,171503.375,173190.390625,174621.71875,175790.75,176691.84375,177321.265625,177675.640625,177753.828125,177555.046875,177080.28125,176331.890625,175313.171875,174028.75,172484.859375,170688.140625,169371.234375,0,0,0,0,0,0,0,0,0,0,0,0,0,0,0
0,0,0,0,0,0,2747,27474,127474,227474,7718.15478515625,34,33,1979,1980,0,0,0,0,0,0,0,0,0,0,0,0,0,0,0,0,0,0,0,0,0,0,0,0,0,0,0,0,0,1,2,3,4,5,6,7,8,9,10,11,12,13,14,15,16,17,18,19,20,21,22,23,24,25,26,27,28,29,30,31,32,33,34,35,36,37,38,39,40,41,42,43,44,45,46,47,48,49,50,51,52,53,54,55,56,57,58,59,60,61,62,63,64,65,66,67,68,69,70,71,72,73,74,75,76,77,78,79,80,81,82,83,84,85,86,87,88,89,90,91,92,93,94,95,96,97,98,99,100,101,102,103,104,105,106,107,108,109,110,111,112,113,114,115,116,117,118,119,120,121,122,123,124,125,126,127,128,129,130,131,132,133,134,135,1,2,1,9999,9999,1,2013,0,0,0,0,0,0,0,0,0,0,0,0,0,0,0,0,0,0,0,0,0,0,0,0,0,0,0,0,0,0,0,0,0,0,0,0,0,0,0,0,0,0,0,0,0,0,0,0,0,0,0,0,0,0,0,0,0,0,44428.3046875,46934.3671875,49864.265625,52551.05078125,55000,57519.40625,59340.0625,61629.1640625,64370.32421875,67327.609375,69890.7734375,72186.203125,76715.875,83189.90625,87766.484375,91495.9296875,94799.4375,97872.5078125,100810.0078125,103681.171875,106495.140625,109225.171875,111854.1953125,114369.3828125,116759.9453125,119015.2578125,121125.6484375,123081.7734375,124874.84375,126496.8046875,127940.390625,129198.8984375,130266.6328125,131138.578125,131810.828125,132280.171875,132544.5625,132602.78125,132454.3125,132100.1875,131541.703125,130781.671875,129823.6484375,128671.8359375,127331.6328125,125809.0625,0,0,0,0,0,0,0,0,0,0,0,0,0,0,0,0
0,0,0,0,0,0,2747,27474,227474,127474,7718.15478515625,33,34,1980,1979,0,0,0,0,0,0,0,0,0,0,0,0,0,0,0,0,0,0,0,0,0,0,0,0,0,0,0,0,0,0,1,2,3,4,5,6,7,8,9,10,11,12,13,14,15,16,17,18,19,20,21,22,23,24,25,26,27,28,29,30,31,32,33,34,35,36,37,38,39,40,41,42,43,44,45,46,47,48,49,50,51,52,53,54,55,56,57,58,59,60,61,62,63,64,65,66,67,68,69,70,71,72,73,74,75,76,77,78,79,80,81,82,83,84,85,86,87,88,89,90,91,92,93,94,95,96,97,98,99,100,101,102,103,104,105,106,107,108,109,110,111,112,113,114,115,116,117,118,119,120,121,122,123,124,125,126,127,128,129,130,131,132,133,134,2,1,1,9999,9999,2,2013,0,0,0,0,0,0,0,0,0,0,0,0,0,0,0,0,0,0,0,0,0,0,0,0,0,0,0,0,0,0,0,0,0,0,0,0,0,0,0,0,0,0,0,0,0,0,0,0,0,0,0,0,33818.30078125,40614.21875,43772.171875,47072.484375,50419.90234375,54127.99609375,56193.66015625,59455.9453125,63266.08203125,66778.9609375,70000,73320.703125,75759.5546875,78804.7578125,82438.296875,86360.21875,89787.75,92881.375,98863.703125,107373.96875,113457.671875,118463.265625,122931.9765625,127115.0546875,131134.546875,135079.71875,138962.21875,142746.96875,146410.96875,149936.671875,153309.375,156514.53125,159538.4375,162367.578125,164990.03125,167393.84375,169568.171875,171503.375,173190.390625,174621.71875,175790.75,176691.84375,177321.265625,177675.640625,177753.828125,177555.046875,177080.28125,176331.890625,175313.171875,174028.75,172484.859375,170688.140625,169371.234375,0,0,0,0,0,0,0,0,0,0,0,0,0,0,0
0,0,0,0,0,0,2747,27475,127475,227475,7733.6904296875,34,33,1979,1980,0,0,0,0,0,0,0,0,0,0,0,0,0,0,0,0,0,0,0,0,0,0,0,0,0,0,0,0,0,1,2,3,4,5,6,7,8,9,10,11,12,13,14,15,16,17,18,19,20,21,22,23,24,25,26,27,28,29,30,31,32,33,34,35,36,37,38,39,40,41,42,43,44,45,46,47,48,49,50,51,52,53,54,55,56,57,58,59,60,61,62,63,64,65,66,67,68,69,70,71,72,73,74,75,76,77,78,79,80,81,82,83,84,85,86,87,88,89,90,91,92,93,94,95,96,97,98,99,100,101,102,103,104,105,106,107,108,109,110,111,112,113,114,115,116,117,118,119,120,121,122,123,124,125,126,127,128,129,130,131,132,133,134,135,1,2,1,9999,9999,1,2013,0,0,0,0,0,0,0,0,0,0,0,0,0,0,0,0,0,0,0,0,0,0,0,0,0,0,0,0,0,0,0,0,0,0,0,0,0,0,0,0,0,0,0,0,0,0,0,0,0,0,0,0,0,0,0,0,0,0,44428.3046875,46934.3671875,49864.265625,52551.05078125,55000,57519.40625,59340.0625,61629.1640625,64370.32421875,67327.609375,69890.7734375,72186.203125,76715.875,83189.90625,87766.484375,91495.9296875,94799.4375,97872.5078125,100810.0078125,103681.171875,106495.140625,109225.171875,111854.1953125,114369.3828125,116759.9453125,119015.2578125,121125.6484375,123081.7734375,124874.84375,126496.8046875,127940.390625,129198.8984375,130266.6328125,131138.578125,131810.828125,132280.171875,132544.5625,132602.78125,132454.3125,132100.1875,131541.703125,130781.671875,129823.6484375,128671.8359375,127331.6328125,125809.0625,0,0,0,0,0,0,0,0,0,0,0,0,0,0,0,0
0,0,0,0,0,0,2747,27475,227475,127475,7733.6904296875,33,34,1980,1979,0,0,0,0,0,0,0,0,0,0,0,0,0,0,0,0,0,0,0,0,0,0,0,0,0,0,0,0,0,0,1,2,3,4,5,6,7,8,9,10,11,12,13,14,15,16,17,18,19,20,21,22,23,24,25,26,27,28,29,30,31,32,33,34,35,36,37,38,39,40,41,42,43,44,45,46,47,48,49,50,51,52,53,54,55,56,57,58,59,60,61,62,63,64,65,66,67,68,69,70,71,72,73,74,75,76,77,78,79,80,81,82,83,84,85,86,87,88,89,90,91,92,93,94,95,96,97,98,99,100,101,102,103,104,105,106,107,108,109,110,111,112,113,114,115,116,117,118,119,120,121,122,123,124,125,126,127,128,129,130,131,132,133,134,2,1,1,9999,9999,2,2013,0,0,0,0,0,0,0,0,0,0,0,0,0,0,0,0,0,0,0,0,0,0,0,0,0,0,0,0,0,0,0,0,0,0,0,0,0,0,0,0,0,0,0,0,0,0,0,0,0,0,0,0,33818.30078125,40614.21875,43772.171875,47072.484375,50419.90234375,54127.99609375,56193.66015625,59455.9453125,63266.08203125,66778.9609375,70000,73320.703125,75759.5546875,78804.7578125,82438.296875,86360.21875,89787.75,92881.375,98863.703125,107373.96875,113457.671875,118463.265625,122931.9765625,127115.0546875,131134.546875,135079.71875,138962.21875,142746.96875,146410.96875,149936.671875,153309.375,156514.53125,159538.4375,162367.578125,164990.03125,167393.84375,169568.171875,171503.375,173190.390625,174621.71875,175790.75,176691.84375,177321.265625,177675.640625,177753.828125,177555.046875,177080.28125,176331.890625,175313.171875,174028.75,172484.859375,170688.140625,169371.234375,0,0,0,0,0,0,0,0,0,0,0,0,0,0,0
0,0,0,0,0,0,3165,31651,131651,231651,3584.091552734375,49,42,1964,1971,0,0,0,0,0,0,0,0,0,0,0,0,0,0,1,2,3,4,5,6,7,8,9,10,11,12,13,14,15,16,17,18,19,20,21,22,23,24,25,26,27,28,29,30,31,32,33,34,35,36,37,38,39,40,41,42,43,44,45,46,47,48,49,50,51,52,53,54,55,56,57,58,59,60,61,62,63,64,65,66,67,68,69,70,71,72,73,74,75,76,77,78,79,80,81,82,83,84,85,86,87,88,89,90,91,92,93,94,95,96,97,98,99,100,101,102,103,104,105,106,107,108,109,110,111,112,113,114,115,116,117,118,119,120,121,122,123,124,125,126,127,128,129,130,131,132,133,134,135,136,137,138,139,140,141,142,143,144,145,146,147,148,149,150,1,2,1,9999,9999,1,2013,0,0,0,0,0,0,0,0,0,0,0,0,0,0,0,0,0,0,0,0,0,0,0,0,0,0,0,0,0,0,0,0,0,0,0,0,0,0,0,0,0,0,0,19286.36328125,20437.306640625,21630.091796875,22767.84375,23705.896484375,24805.927734375,26190.248046875,27467.583984375,28567.46484375,29895.794921875,31353.72265625,32959.26953125,34571.25,36117.52734375,37818.6875,38294.84375,39520,29770.654296875,34232.6875,35000,35757.31640625,36036.59375,36561.77734375,37305.453125,38117.59765625,38654.2265625,39001.109375,40490.5546875,42892.79296875,44206.65625,45020.05078125,45567.5,45957.4375,46242.78515625,46460.671875,46618.79296875,46708.85546875,46727.703125,46674.1875,46548.58984375,46351.15234375,46082.88671875,45744.83984375,45338.65234375,44866.15234375,44329.4375,0,0,0,0,0,0,0,0,0,0,0,0,0,0,0,0,0,0,0,0,0,0,0,0,0,0,0,0,0,0,0
0,0,0,0,0,0,3165,31651,231651,131651,3584.091552734375,42,49,1971,1964,0,0,0,0,0,0,0,0,0,0,0,0,0,0,0,0,0,0,0,0,0,1,2,3,4,5,6,7,8,9,10,11,12,13,14,15,16,17,18,19,20,21,22,23,24,25,26,27,28,29,30,31,32,33,34,35,36,37,38,39,40,41,42,43,44,45,46,47,48,49,50,51,52,53,54,55,56,57,58,59,60,61,62,63,64,65,66,67,68,69,70,71,72,73,74,75,76,77,78,79,80,81,82,83,84,85,86,87,88,89,90,91,92,93,94,95,96,97,98,99,100,101,102,103,104,105,106,107,108,109,110,111,112,113,114,115,116,117,118,119,120,121,122,123,124,125,126,127,128,129,130,131,132,133,134,135,136,137,138,139,140,141,142,143,2,1,1,9999,9999,2,2013,0,0,0,0,0,0,0,0,0,0,0,0,0,0,0,0,0,0,0,0,0,0,0,0,0,0,0,0,0,0,0,0,0,0,0,0,0,0,0,0,0,0,0,0,0,0,0,11109.9775390625,11753.0576171875,12545.095703125,13301.279296875,13985.6826171875,14796.5556640625,15688.3994140625,16672.69140625,17680,18673.431640625,19767.4921875,20235.96875,21112.490234375,22152.470703125,25752.1640625,0,27492.5625,28011.287109375,28731.294921875,29637.341796875,30614.76953125,31386.396484375,32015.51171875,33602.82421875,35986.9453125,37496.203125,38605.09375,39503.25,40278.3828125,40973.13671875,41617.81640625,42217.5859375,42763.28125,43249.87109375,43674.31640625,44034.640625,44328.953125,44555.8984375,44714.3203125,44803.515625,44823,44772.69921875,44652.796875,44463.87109375,44206.7734375,43882.73046875,43493.22265625,43040.0703125,42525.3125,0,0,0,0,0,0,0,0,0,0,0,0,0,0,0,0,0,0,0,0,0,0,0,0
0,0,0,0,0,0,3165,31652,131652,231652,3570.482666015625,49,42,1964,1971,0,0,0,0,0,0,0,0,0,0,0,0,0,0,1,2,3,4,5,6,7,8,9,10,11,12,13,14,15,16,17,18,19,20,21,22,23,24,25,26,27,28,29,30,31,32,33,34,35,36,37,38,39,40,41,42,43,44,45,46,47,48,49,50,51,52,53,54,55,56,57,58,59,60,61,62,63,64,65,66,67,68,69,70,71,72,73,74,75,76,77,78,79,80,81,82,83,84,85,86,87,88,89,90,91,92,93,94,95,96,97,98,99,100,101,102,103,104,105,106,107,108,109,110,111,112,113,114,115,116,117,118,119,120,121,122,123,124,125,126,127,128,129,130,131,132,133,134,135,136,137,138,139,140,141,142,143,144,145,146,147,148,149,150,1,2,1,9999,9999,1,2013,0,0,0,0,0,0,0,0,0,0,0,0,0,0,0,0,0,0,0,0,0,0,0,0,0,0,0,0,0,0,0,0,0,0,0,0,0,0,0,0,0,0,0,19286.36328125,20437.306640625,21630.091796875,22767.84375,23705.896484375,24805.927734375,26190.248046875,27467.583984375,28567.46484375,29895.794921875,31353.72265625,32959.26953125,34571.25,36117.52734375,37818.6875,38294.84375,39520,29770.654296875,34232.6875,35000,35757.31640625,36036.59375,36561.77734375,37305.453125,38117.59765625,38654.2265625,39001.109375,40490.5546875,42892.79296875,44206.65625,45020.05078125,45567.5,45957.4375,46242.78515625,46460.671875,46618.79296875,46708.85546875,46727.703125,46674.1875,46548.58984375,46351.15234375,46082.88671875,45744.83984375,45338.65234375,44866.15234375,44329.4375,0,0,0,0,0,0,0,0,0,0,0,0,0,0,0,0,0,0,0,0,0,0,0,0,0,0,0,0,0,0,0
0,0,0,0,0,0,3165,31652,231652,131652,3570.482666015625,42,49,1971,1964,0,0,0,0,0,0,0,0,0,0,0,0,0,0,0,0,0,0,0,0,0,1,2,3,4,5,6,7,8,9,10,11,12,13,14,15,16,17,18,19,20,21,22,23,24,25,26,27,28,29,30,31,32,33,34,35,36,37,38,39,40,41,42,43,44,45,46,47,48,49,50,51,52,53,54,55,56,57,58,59,60,61,62,63,64,65,66,67,68,69,70,71,72,73,74,75,76,77,78,79,80,81,82,83,84,85,86,87,88,89,90,91,92,93,94,95,96,97,98,99,100,101,102,103,104,105,106,107,108,109,110,111,112,113,114,115,116,117,118,119,120,121,122,123,124,125,126,127,128,129,130,131,132,133,134,135,136,137,138,139,140,141,142,143,2,1,1,9999,9999,2,2013,0,0,0,0,0,0,0,0,0,0,0,0,0,0,0,0,0,0,0,0,0,0,0,0,0,0,0,0,0,0,0,0,0,0,0,0,0,0,0,0,0,0,0,0,0,0,0,11109.9775390625,11753.0576171875,12545.095703125,13301.279296875,13985.6826171875,14796.5556640625,15688.3994140625,16672.69140625,17680,18673.431640625,19767.4921875,20235.96875,21112.490234375,22152.470703125,25752.1640625,0,27492.5625,28011.287109375,28731.294921875,29637.341796875,30614.76953125,31386.396484375,32015.51171875,33602.82421875,35986.9453125,37496.203125,38605.09375,39503.25,40278.3828125,40973.13671875,41617.81640625,42217.5859375,42763.28125,43249.87109375,43674.31640625,44034.640625,44328.953125,44555.8984375,44714.3203125,44803.515625,44823,44772.69921875,44652.796875,44463.87109375,44206.7734375,43882.73046875,43493.22265625,43040.0703125,42525.3125,0,0,0,0,0,0,0,0,0,0,0,0,0,0,0,0,0,0,0,0,0,0,0,0
0,0,0,0,0,0,3165,31653,131653,231653,3576.5791015625,49,42,1964,1971,0,0,0,0,0,0,0,0,0,0,0,0,0,0,1,2,3,4,5,6,7,8,9,10,11,12,13,14,15,16,17,18,19,20,21,22,23,24,25,26,27,28,29,30,31,32,33,34,35,36,37,38,39,40,41,42,43,44,45,46,47,48,49,50,51,52,53,54,55,56,57,58,59,60,61,62,63,64,65,66,67,68,69,70,71,72,73,74,75,76,77,78,79,80,81,82,83,84,85,86,87,88,89,90,91,92,93,94,95,96,97,98,99,100,101,102,103,104,105,106,107,108,109,110,111,112,113,114,115,116,117,118,119,120,121,122,123,124,125,126,127,128,129,130,131,132,133,134,135,136,137,138,139,140,141,142,143,144,145,146,147,148,149,150,1,2,1,9999,9999,1,2013,0,0,0,0,0,0,0,0,0,0,0,0,0,0,0,0,0,0,0,0,0,0,0,0,0,0,0,0,0,0,0,0,0,0,0,0,0,0,0,0,0,0,0,19286.36328125,20437.306640625,21630.091796875,22767.84375,23705.896484375,24805.927734375,26190.248046875,27467.583984375,28567.46484375,29895.794921875,31353.72265625,32959.26953125,34571.25,36117.52734375,37818.6875,38294.84375,39520,29770.654296875,34232.6875,35000,35757.31640625,36036.59375,36561.77734375,37305.453125,38117.59765625,38654.2265625,39001.109375,40490.5546875,42892.79296875,44206.65625,45020.05078125,45567.5,45957.4375,46242.78515625,46460.671875,46618.79296875,46708.85546875,46727.703125,46674.1875,46548.58984375,46351.15234375,46082.88671875,45744.83984375,45338.65234375,44866.15234375,44329.4375,0,0,0,0,0,0,0,0,0,0,0,0,0,0,0,0,0,0,0,0,0,0,0,0,0,0,0,0,0,0,0
0,0,0,0,0,0,3165,31653,231653,131653,3576.5791015625,42,49,1971,1964,0,0,0,0,0,0,0,0,0,0,0,0,0,0,0,0,0,0,0,0,0,1,2,3,4,5,6,7,8,9,10,11,12,13,14,15,16,17,18,19,20,21,22,23,24,25,26,27,28,29,30,31,32,33,34,35,36,37,38,39,40,41,42,43,44,45,46,47,48,49,50,51,52,53,54,55,56,57,58,59,60,61,62,63,64,65,66,67,68,69,70,71,72,73,74,75,76,77,78,79,80,81,82,83,84,85,86,87,88,89,90,91,92,93,94,95,96,97,98,99,100,101,102,103,104,105,106,107,108,109,110,111,112,113,114,115,116,117,118,119,120,121,122,123,124,125,126,127,128,129,130,131,132,133,134,135,136,137,138,139,140,141,142,143,2,1,1,9999,9999,2,2013,0,0,0,0,0,0,0,0,0,0,0,0,0,0,0,0,0,0,0,0,0,0,0,0,0,0,0,0,0,0,0,0,0,0,0,0,0,0,0,0,0,0,0,0,0,0,0,11109.9775390625,11753.0576171875,12545.095703125,13301.279296875,13985.6826171875,14796.5556640625,15688.3994140625,16672.69140625,17680,18673.431640625,19767.4921875,20235.96875,21112.490234375,22152.470703125,25752.1640625,0,27492.5625,28011.287109375,28731.294921875,29637.341796875,30614.76953125,31386.396484375,32015.51171875,33602.82421875,35986.9453125,37496.203125,38605.09375,39503.25,40278.3828125,40973.13671875,41617.81640625,42217.5859375,42763.28125,43249.87109375,43674.31640625,44034.640625,44328.953125,44555.8984375,44714.3203125,44803.515625,44823,44772.69921875,44652.796875,44463.87109375,44206.7734375,43882.73046875,43493.22265625,43040.0703125,42525.3125,0,0,0,0,0,0,0,0,0,0,0,0,0,0,0,0,0,0,0,0,0,0,0,0
0,0,0,0,0,0,3165,31654,131654,231654,3585.01953125,49,42,1964,1971,0,0,0,0,0,0,0,0,0,0,0,0,0,0,1,2,3,4,5,6,7,8,9,10,11,12,13,14,15,16,17,18,19,20,21,22,23,24,25,26,27,28,29,30,31,32,33,34,35,36,37,38,39,40,41,42,43,44,45,46,47,48,49,50,51,52,53,54,55,56,57,58,59,60,61,62,63,64,65,66,67,68,69,70,71,72,73,74,75,76,77,78,79,80,81,82,83,84,85,86,87,88,89,90,91,92,93,94,95,96,97,98,99,100,101,102,103,104,105,106,107,108,109,110,111,112,113,114,115,116,117,118,119,120,121,122,123,124,125,126,127,128,129,130,131,132,133,134,135,136,137,138,139,140,141,142,143,144,145,146,147,148,149,150,1,2,1,9999,9999,1,2013,0,0,0,0,0,0,0,0,0,0,0,0,0,0,0,0,0,0,0,0,0,0,0,0,0,0,0,0,0,0,0,0,0,0,0,0,0,0,0,0,0,0,0,19286.36328125,20437.306640625,21630.091796875,22767.84375,23705.896484375,24805.927734375,26190.248046875,27467.583984375,28567.46484375,29895.794921875,31353.72265625,32959.26953125,34571.25,36117.52734375,37818.6875,38294.84375,39520,29770.654296875,34232.6875,35000,35757.31640625,36036.59375,36561.77734375,37305.453125,38117.59765625,38654.2265625,39001.109375,40490.5546875,42892.79296875,44206.65625,45020.05078125,45567.5,45957.4375,46242.78515625,46460.671875,46618.79296875,46708.85546875,46727.703125,46674.1875,46548.58984375,46351.15234375,46082.88671875,45744.83984375,45338.65234375,44866.15234375,44329.4375,0,0,0,0,0,0,0,0,0,0,0,0,0,0,0,0,0,0,0,0,0,0,0,0,0,0,0,0,0,0,0
0,0,0,0,0,0,3165,31654,231654,131654,3585.01953125,42,49,1971,1964,0,0,0,0,0,0,0,0,0,0,0,0,0,0,0,0,0,0,0,0,0,1,2,3,4,5,6,7,8,9,10,11,12,13,14,15,16,17,18,19,20,21,22,23,24,25,26,27,28,29,30,31,32,33,34,35,36,37,38,39,40,41,42,43,44,45,46,47,48,49,50,51,52,53,54,55,56,57,58,59,60,61,62,63,64,65,66,67,68,69,70,71,72,73,74,75,76,77,78,79,80,81,82,83,84,85,86,87,88,89,90,91,92,93,94,95,96,97,98,99,100,101,102,103,104,105,106,107,108,109,110,111,112,113,114,115,116,117,118,119,120,121,122,123,124,125,126,127,128,129,130,131,132,133,134,135,136,137,138,139,140,141,142,143,2,1,1,9999,9999,2,2013,0,0,0,0,0,0,0,0,0,0,0,0,0,0,0,0,0,0,0,0,0,0,0,0,0,0,0,0,0,0,0,0,0,0,0,0,0,0,0,0,0,0,0,0,0,0,0,11109.9775390625,11753.0576171875,12545.095703125,13301.279296875,13985.6826171875,14796.5556640625,15688.3994140625,16672.69140625,17680,18673.431640625,19767.4921875,20235.96875,21112.490234375,22152.470703125,25752.1640625,0,27492.5625,28011.287109375,28731.294921875,29637.341796875,30614.76953125,31386.396484375,32015.51171875,33602.82421875,35986.9453125,37496.203125,38605.09375,39503.25,40278.3828125,40973.13671875,41617.81640625,42217.5859375,42763.28125,43249.87109375,43674.31640625,44034.640625,44328.953125,44555.8984375,44714.3203125,44803.515625,44823,44772.69921875,44652.796875,44463.87109375,44206.7734375,43882.73046875,43493.22265625,43040.0703125,42525.3125,0,0,0,0,0,0,0,0,0,0,0,0,0,0,0,0,0,0,0,0,0,0,0,0
0,0,0,0,0,0,3165,31655,131655,231655,3580.99853515625,49,42,1964,1971,0,0,0,0,0,0,0,0,0,0,0,0,0,0,1,2,3,4,5,6,7,8,9,10,11,12,13,14,15,16,17,18,19,20,21,22,23,24,25,26,27,28,29,30,31,32,33,34,35,36,37,38,39,40,41,42,43,44,45,46,47,48,49,50,51,52,53,54,55,56,57,58,59,60,61,62,63,64,65,66,67,68,69,70,71,72,73,74,75,76,77,78,79,80,81,82,83,84,85,86,87,88,89,90,91,92,93,94,95,96,97,98,99,100,101,102,103,104,105,106,107,108,109,110,111,112,113,114,115,116,117,118,119,120,121,122,123,124,125,126,127,128,129,130,131,132,133,134,135,136,137,138,139,140,141,142,143,144,145,146,147,148,149,150,1,2,1,9999,9999,1,2013,0,0,0,0,0,0,0,0,0,0,0,0,0,0,0,0,0,0,0,0,0,0,0,0,0,0,0,0,0,0,0,0,0,0,0,0,0,0,0,0,0,0,0,19286.36328125,20437.306640625,21630.091796875,22767.84375,23705.896484375,24805.927734375,26190.248046875,27467.583984375,28567.46484375,29895.794921875,31353.72265625,32959.26953125,34571.25,36117.52734375,37818.6875,38294.84375,39520,29770.654296875,34232.6875,35000,35757.31640625,36036.59375,36561.77734375,37305.453125,38117.59765625,38654.2265625,39001.109375,40490.5546875,42892.79296875,44206.65625,45020.05078125,45567.5,45957.4375,46242.78515625,46460.671875,46618.79296875,46708.85546875,46727.703125,46674.1875,46548.58984375,46351.15234375,46082.88671875,45744.83984375,45338.65234375,44866.15234375,44329.4375,0,0,0,0,0,0,0,0,0,0,0,0,0,0,0,0,0,0,0,0,0,0,0,0,0,0,0,0,0,0,0
0,0,0,0,0,0,3165,31655,231655,131655,3580.99853515625,42,49,1971,1964,0,0,0,0,0,0,0,0,0,0,0,0,0,0,0,0,0,0,0,0,0,1,2,3,4,5,6,7,8,9,10,11,12,13,14,15,16,17,18,19,20,21,22,23,24,25,26,27,28,29,30,31,32,33,34,35,36,37,38,39,40,41,42,43,44,45,46,47,48,49,50,51,52,53,54,55,56,57,58,59,60,61,62,63,64,65,66,67,68,69,70,71,72,73,74,75,76,77,78,79,80,81,82,83,84,85,86,87,88,89,90,91,92,93,94,95,96,97,98,99,100,101,102,103,104,105,106,107,108,109,110,111,112,113,114,115,116,117,118,119,120,121,122,123,124,125,126,127,128,129,130,131,132,133,134,135,136,137,138,139,140,141,142,143,2,1,1,9999,9999,2,2013,0,0,0,0,0,0,0,0,0,0,0,0,0,0,0,0,0,0,0,0,0,0,0,0,0,0,0,0,0,0,0,0,0,0,0,0,0,0,0,0,0,0,0,0,0,0,0,11109.9775390625,11753.0576171875,12545.095703125,13301.279296875,13985.6826171875,14796.5556640625,15688.3994140625,16672.69140625,17680,18673.431640625,19767.4921875,20235.96875,21112.490234375,22152.470703125,25752.1640625,0,27492.5625,28011.287109375,28731.294921875,29637.341796875,30614.76953125,31386.396484375,32015.51171875,33602.82421875,35986.9453125,37496.203125,38605.09375,39503.25,40278.3828125,40973.13671875,41617.81640625,42217.5859375,42763.28125,43249.87109375,43674.31640625,44034.640625,44328.953125,44555.8984375,44714.3203125,44803.515625,44823,44772.69921875,44652.796875,44463.87109375,44206.7734375,43882.73046875,43493.22265625,43040.0703125,42525.3125,0,0,0,0,0,0,0,0,0,0,0,0,0,0,0,0,0,0,0,0,0,0,0,0
0,0,0,0,0,0,3227,32271,132271,232271,4711.0322265625,43,43,1970,1970,0,0,0,0,0,0,0,0,0,0,0,0,0,0,0,0,0,0,0,0,1,2,3,4,5,6,7,8,9,10,11,12,13,14,15,16,17,18,19,20,21,22,23,24,25,26,27,28,29,30,31,32,33,34,35,36,37,38,39,40,41,42,43,44,45,46,47,48,49,50,51,52,53,54,55,56,57,58,59,60,61,62,63,64,65,66,67,68,69,70,71,72,73,74,75,76,77,78,79,80,81,82,83,84,85,86,87,88,89,90,91,92,93,94,95,96,97,98,99,100,101,102,103,104,105,106,107,108,109,110,111,112,113,114,115,116,117,118,119,120,121,122,123,124,125,126,127,128,129,130,131,132,133,134,135,136,137,138,139,140,141,142,143,144,1,2,1,2032,9999,1,2013,0,0,0,0,0,0,0,0,0,0,0,0,0,0,0,0,0,0,0,0,0,0,0,0,0,0,0,0,0,0,0,0,0,0,0,0,0,0,0,0,34920.6875,37733.00390625,40639.43359375,48617.59375,52003.02734375,55555.30859375,59027.02734375,62036.48828125,65525.16796875,69831.9375,73925.921875,77608.59375,81980.3984375,86786.234375,92087.6015625,97499.0703125,102817.1640625,108671.5546875,111073.671875,115704.390625,121214.71875,125966.3125,130000,134060.84375,136377.59375,139665.265625,143845.03125,148357.625,151860.046875,154662.625,162077.796875,173306.9375,180294.09375,185336.796875,189353.21875,192768.078125,195787.75,198558.484375,201106.359375,203388.421875,205382.21875,207074.859375,58680.30078125,58980.51953125,59190.109375,59308.07421875,59333.79296875,59267.16796875,59108.421875,58858.3359375,58517.9921875,58089.03515625,57573.39453125,56973.515625,56292.0703125,0,0,0,0,0,0,0,0,0,0,0,0,0,0,0,0,0,0,0,0,0,0,0,0,0
0,0,0,0,0,0,3227,32271,232271,132271,4711.0322265625,43,43,1970,1970,0,0,0,0,0,0,0,0,0,0,0,0,0,0,0,0,0,0,0,0,1,2,3,4,5,6,7,8,9,10,11,12,13,14,15,16,17,18,19,20,21,22,23,24,25,26,27,28,29,30,31,32,33,34,35,36,37,38,39,40,41,42,43,44,45,46,47,48,49,50,51,52,53,54,55,56,57,58,59,60,61,62,63,64,65,66,67,68,69,70,71,72,73,74,75,76,77,78,79,80,81,82,83,84,85,86,87,88,89,90,91,92,93,94,95,96,97,98,99,100,101,102,103,104,105,106,107,108,109,110,111,112,113,114,115,116,117,118,119,120,121,122,123,124,125,126,127,128,129,130,131,132,133,134,135,136,137,138,139,140,141,142,143,144,2,1,1,,,2,2013,0,0,0,0,0,0,0,0,0,0,0,0,0,0,0,0,0,0,0,0,0,0,0,0,0,0,0,0,0,0,0,0,0,0,0,0,0,0,0,0,0,0,0,0,0,0,0,0,0,0,0,0,0,0,0,0,0,0,0,0,0,0,0,0,0,0,0,0,0,0,0,0,0,0,0,0,0,0,0,0,0,0,0,0,0,0,0,0,0,0,0,0,0,0,0,0,0,0,0,0,0,0,0,0,0,0,0,0,0,0,0,0,0,0,0,0,0,0,0,0
0,0,0,0,0,0,3227,32272,132272,232272,4689.90185546875,43,43,1970,1970,0,0,0,0,0,0,0,0,0,0,0,0,0,0,0,0,0,0,0,0,1,2,3,4,5,6,7,8,9,10,11,12,13,14,15,16,17,18,19,20,21,22,23,24,25,26,27,28,29,30,31,32,33,34,35,36,37,38,39,40,41,42,43,44,45,46,47,48,49,50,51,52,53,54,55,56,57,58,59,60,61,62,63,64,65,66,67,68,69,70,71,72,73,74,75,76,77,78,79,80,81,82,83,84,85,86,87,88,89,90,91,92,93,94,95,96,97,98,99,100,101,102,103,104,105,106,107,108,109,110,111,112,113,114,115,116,117,118,119,120,121,122,123,124,125,126,127,128,129,130,131,132,133,134,135,136,137,138,139,140,141,142,143,144,1,2,1,2020,2026,1,2013,0,0,0,0,0,0,0,0,0,0,0,0,0,0,0,0,0,0,0,0,0,0,0,0,0,0,0,0,0,0,0,0,0,0,0,0,0,0,0,0,34920.6875,37733.00390625,40639.43359375,48617.59375,52003.02734375,55555.30859375,59027.02734375,62036.48828125,65525.16796875,69831.9375,73925.921875,77608.59375,81980.3984375,86786.234375,92087.6015625,97499.0703125,102817.1640625,108671.5546875,111073.671875,115704.390625,121214.71875,125966.3125,130000,134060.84375,136377.59375,139665.265625,143845.03125,148357.625,151860.046875,154662.625,45624.4140625,48785.3828125,50752.19921875,52171.703125,53302.3671875,54263.63671875,0,0,0,0,0,0,0,0,0,0,0,0,0,0,0,0,0,0,0,0,0,0,0,0,0,0,0,0,0,0,0,0,0,0,0,0,0,0,0,0,0,0,0,0
0,0,0,0,0,0,3227,32272,232272,132272,4689.90185546875,43,43,1970,1970,0,0,0,0,0,0,0,0,0,0,0,0,0,0,0,0,0,0,0,0,1,2,3,4,5,6,7,8,9,10,11,12,13,14,15,16,17,18,19,20,21,22,23,24,25,26,27,28,29,30,31,32,33,34,35,36,37,38,39,40,41,42,43,44,45,46,47,48,49,50,51,52,53,54,55,56,57,58,59,60,61,62,63,64,65,66,67,68,69,70,71,72,73,74,75,76,77,78,79,80,81,82,83,84,85,86,87,88,89,90,91,92,93,94,95,96,97,98,99,100,101,102,103,104,105,106,107,108,109,110,111,112,113,114,115,116,117,118,119,120,121,122,123,124,125,126,127,128,129,130,131,132,133,134,135,136,137,138,139,140,141,142,143,144,2,1,1,,,2,2013,0,0,0,0,0,0,0,0,0,0,0,0,0,0,0,0,0,0,0,0,0,0,0,0,0,0,0,0,0,0,0,0,0,0,0,0,0,0,0,0,0,0,0,0,0,0,0,0,0,0,0,0,0,0,0,0,0,0,0,0,0,0,0,0,0,0,0,0,0,0,0,0,0,0,0,0,0,0,0,0,0,0,0,0,0,0,0,0,0,0,0,0,0,0,0,0,0,0,0,0,0,0,0,0,0,0,0,0,0,0,0,0,0,0,0,0,0,0,0,0
0,0,0,0,0,0,3227,32273,132273,232273,4715.4931640625,43,43,1970,1970,0,0,0,0,0,0,0,0,0,0,0,0,0,0,0,0,0,0,0,0,1,2,3,4,5,6,7,8,9,10,11,12,13,14,15,16,17,18,19,20,21,22,23,24,25,26,27,28,29,30,31,32,33,34,35,36,37,38,39,40,41,42,43,44,45,46,47,48,49,50,51,52,53,54,55,56,57,58,59,60,61,62,63,64,65,66,67,68,69,70,71,72,73,74,75,76,77,78,79,80,81,82,83,84,85,86,87,88,89,90,91,92,93,94,95,96,97,98,99,100,101,102,103,104,105,106,107,108,109,110,111,112,113,114,115,116,117,118,119,120,121,122,123,124,125,126,127,128,129,130,131,132,133,134,135,136,137,138,139,140,141,142,143,144,1,2,1,2021,2031,1,2013,0,0,0,0,0,0,0,0,0,0,0,0,0,0,0,0,0,0,0,0,0,0,0,0,0,0,0,0,0,0,0,0,0,0,0,0,0,0,0,0,34920.6875,37733.00390625,40639.43359375,48617.59375,52003.02734375,55555.30859375,59027.02734375,62036.48828125,65525.16796875,69831.9375,73925.921875,77608.59375,81980.3984375,86786.234375,92087.6015625,97499.0703125,102817.1640625,108671.5546875,111073.671875,115704.390625,121214.71875,125966.3125,130000,134060.84375,136377.59375,139665.265625,143845.03125,148357.625,151860.046875,154662.625,162077.796875,48785.3828125,50752.19921875,52171.703125,53302.3671875,54263.63671875,55113.6171875,55893.62109375,56610.83984375,57253.1796875,57814.48046875,0,0,0,0,0,0,0,0,0,0,0,0,0,0,0,0,0,0,0,0,0,0,0,0,0,0,0,0,0,0,0,0,0,0,0,0,0,0,0
0,0,0,0,0,0,3227,32273,232273,132273,4715.4931640625,43,43,1970,1970,0,0,0,0,0,0,0,0,0,0,0,0,0,0,0,0,0,0,0,0,1,2,3,4,5,6,7,8,9,10,11,12,13,14,15,16,17,18,19,20,21,22,23,24,25,26,27,28,29,30,31,32,33,34,35,36,37,38,39,40,41,42,43,44,45,46,47,48,49,50,51,52,53,54,55,56,57,58,59,60,61,62,63,64,65,66,67,68,69,70,71,72,73,74,75,76,77,78,79,80,81,82,83,84,85,86,87,88,89,90,91,92,93,94,95,96,97,98,99,100,101,102,103,104,105,106,107,108,109,110,111,112,113,114,115,116,117,118,119,120,121,122,123,124,125,126,127,128,129,130,131,132,133,134,135,136,137,138,139,140,141,142,143,144,2,1,1,,,2,2013,0,0,0,0,0,0,0,0,0,0,0,0,0,0,0,0,0,0,0,0,0,0,0,0,0,0,0,0,0,0,0,0,0,0,0,0,0,0,0,0,0,0,0,0,0,0,0,0,0,0,0,0,0,0,0,0,0,0,0,0,0,0,0,0,0,0,0,0,0,0,0,0,0,0,0,0,0,0,0,0,0,0,0,0,0,0,0,0,0,0,0,0,0,0,0,0,0,0,0,0,0,0,0,0,0,0,0,0,0,0,0,0,0,0,0,0,0,0,0,0
0,0,0,0,0,0,3227,32274,132274,232274,4703.9296875,43,43,1970,1970,0,0,0,0,0,0,0,0,0,0,0,0,0,0,0,0,0,0,0,0,1,2,3,4,5,6,7,8,9,10,11,12,13,14,15,16,17,18,19,20,21,22,23,24,25,26,27,28,29,30,31,32,33,34,35,36,37,38,39,40,41,42,43,44,45,46,47,48,49,50,51,52,53,54,55,56,57,58,59,60,61,62,63,64,65,66,67,68,69,70,71,72,73,74,75,76,77,78,79,80,81,82,83,84,85,86,87,88,89,90,91,92,93,94,95,96,97,98,99,100,101,102,103,104,105,106,107,108,109,110,111,112,113,114,115,116,117,118,119,120,121,122,123,124,125,126,127,128,129,130,131,132,133,134,135,136,137,138,139,140,141,142,143,144,1,2,1,2035,2035,1,2013,0,0,0,0,0,0,0,0,0,0,0,0,0,0,0,0,0,0,0,0,0,0,0,0,0,0,0,0,0,0,0,0,0,0,0,0,0,0,0,0,34920.6875,37733.00390625,40639.43359375,48617.59375,52003.02734375,55555.30859375,59027.02734375,62036.48828125,65525.16796875,69831.9375,73925.921875,77608.59375,81980.3984375,86786.234375,92087.6015625,97499.0703125,102817.1640625,108671.5546875,111073.671875,115704.390625,121214.71875,125966.3125,130000,134060.84375,136377.59375,139665.265625,143845.03125,148357.625,151860.046875,154662.625,162077.796875,173306.9375,180294.09375,185336.796875,189353.21875,192768.078125,195787.75,198558.484375,201106.359375,203388.421875,205382.21875,207074.859375,208458,209524.484375,210269.046875,0,0,0,0,0,0,0,0,0,0,0,0,0,0,0,0,0,0,0,0,0,0,0,0,0,0,0,0,0,0,0,0,0,0,0
0,0,0,0,0,0,3227,32274,232274,132274,4703.9296875,43,43,1970,1970,0,0,0,0,0,0,0,0,0,0,0,0,0,0,0,0,0,0,0,0,1,2,3,4,5,6,7,8,9,10,11,12,13,14,15,16,17,18,19,20,21,22,23,24,25,26,27,28,29,30,31,32,33,34,35,36,37,38,39,40,41,42,43,44,45,46,47,48,49,50,51,52,53,54,55,56,57,58,59,60,61,62,63,64,65,66,67,68,69,70,71,72,73,74,75,76,77,78,79,80,81,82,83,84,85,86,87,88,89,90,91,92,93,94,95,96,97,98,99,100,101,102,103,104,105,106,107,108,109,110,111,112,113,114,115,116,117,118,119,120,121,122,123,124,125,126,127,128,129,130,131,132,133,134,135,136,137,138,139,140,141,142,143,144,2,1,1,,,2,2013,0,0,0,0,0,0,0,0,0,0,0,0,0,0,0,0,0,0,0,0,0,0,0,0,0,0,0,0,0,0,0,0,0,0,0,0,0,0,0,0,0,0,0,0,0,0,0,0,0,0,0,0,0,0,0,0,0,0,0,0,0,0,0,0,0,0,0,0,0,0,0,0,0,0,0,0,0,0,0,0,0,0,0,0,0,0,0,0,0,0,0,0,0,0,0,0,0,0,0,0,0,0,0,0,0,0,0,0,0,0,0,0,0,0,0,0,0,0,0,0
0,0,0,0,0,0,3227,32275,132275,232275,4686.296875,43,43,1970,1970,0,0,0,0,0,0,0,0,0,0,0,0,0,0,0,0,0,0,0,0,1,2,3,4,5,6,7,8,9,10,11,12,13,14,15,16,17,18,19,20,21,22,23,24,25,26,27,28,29,30,31,32,33,34,35,36,37,38,39,40,41,42,43,44,45,46,47,48,49,50,51,52,53,54,55,56,57,58,59,60,61,62,63,64,65,66,67,68,69,70,71,72,73,74,75,76,77,78,79,80,81,82,83,84,85,86,87,88,89,90,91,92,93,94,95,96,97,98,99,100,101,102,103,104,105,106,107,108,109,110,111,112,113,114,115,116,117,118,119,120,121,122,123,124,125,126,127,128,129,130,131,132,133,134,135,136,137,138,139,140,141,142,143,144,1,2,1,2020,2026,1,2013,0,0,0,0,0,0,0,0,0,0,0,0,0,0,0,0,0,0,0,0,0,0,0,0,0,0,0,0,0,0,0,0,0,0,0,0,0,0,0,0,34920.6875,37733.00390625,40639.43359375,48617.59375,52003.02734375,55555.30859375,59027.02734375,62036.48828125,65525.16796875,69831.9375,73925.921875,77608.59375,81980.3984375,86786.234375,92087.6015625,97499.0703125,102817.1640625,108671.5546875,111073.671875,115704.390625,121214.71875,125966.3125,130000,134060.84375,136377.59375,139665.265625,143845.03125,148357.625,151860.046875,154662.625,45624.4140625,48785.3828125,50752.19921875,52171.703125,53302.3671875,54263.63671875,0,0,0,0,0,0,0,0,0,0,0,0,0,0,0,0,0,0,0,0,0,0,0,0,0,0,0,0,0,0,0,0,0,0,0,0,0,0,0,0,0,0,0,0
0,0,0,0,0,0,3227,32275,232275,132275,4686.296875,43,43,1970,1970,0,0,0,0,0,0,0,0,0,0,0,0,0,0,0,0,0,0,0,0,1,2,3,4,5,6,7,8,9,10,11,12,13,14,15,16,17,18,19,20,21,22,23,24,25,26,27,28,29,30,31,32,33,34,35,36,37,38,39,40,41,42,43,44,45,46,47,48,49,50,51,52,53,54,55,56,57,58,59,60,61,62,63,64,65,66,67,68,69,70,71,72,73,74,75,76,77,78,79,80,81,82,83,84,85,86,87,88,89,90,91,92,93,94,95,96,97,98,99,100,101,102,103,104,105,106,107,108,109,110,111,112,113,114,115,116,117,118,119,120,121,122,123,124,125,126,127,128,129,130,131,132,133,134,135,136,137,138,139,140,141,142,143,144,2,1,1,,,2,2013,0,0,0,0,0,0,0,0,0,0,0,0,0,0,0,0,0,0,0,0,0,0,0,0,0,0,0,0,0,0,0,0,0,0,0,0,0,0,0,0,0,0,0,0,0,0,0,0,0,0,0,0,0,0,0,0,0,0,0,0,0,0,0,0,0,0,0,0,0,0,0,0,0,0,0,0,0,0,0,0,0,0,0,0,0,0,0,0,0,0,0,0,0,0,0,0,0,0,0,0,0,0,0,0,0,0,0,0,0,0,0,0,0,0,0,0,0,0,0,0
0,0,0,0,0,0,3323,33231,133231,0,5087.94580078125,61,0,1952,0,0,0,1,2,3,4,5,6,7,8,9,10,11,12,13,14,15,16,17,18,19,20,21,22,23,24,25,26,27,28,29,30,31,32,33,34,35,36,37,38,39,40,41,42,43,44,45,46,47,48,49,50,51,52,53,54,55,56,57,58,59,60,61,62,63,64,65,66,67,68,69,70,71,72,73,74,75,76,77,78,79,80,81,82,83,84,85,86,87,88,89,90,91,92,93,94,95,96,97,98,99,100,101,102,103,104,105,106,107,108,109,110,111,112,113,114,115,116,117,118,119,120,121,122,123,124,125,126,127,128,129,130,131,132,133,134,135,136,137,138,139,140,141,142,143,144,145,146,147,148,149,150,151,152,153,154,155,156,157,158,159,160,161,162,2,0,0,2015,9999,1,2013,0,0,0,0,0,0,0,0,0,0,0,0,0,0,0,0,0,0,0,0,0,0,0,0,0,0,0,0,0,0,0,0,0,0,0,17483.783203125,18589.521484375,19891.044921875,21344.333984375,22873.13671875,24228.0078125,25454.84375,26656.998046875,27762.3515625,28873.904296875,29992.771484375,30985.35546875,31664.11328125,32519.421875,33697.93359375,34686.46875,35406.8828125,32560.169921875,33515.21875,34578.55859375,35597.6015625,36500.6015625,37511.53515625,37279.890625,37759.609375,38463.42578125,38865.2578125,39000,39105.4921875,38680.578125,10842.4306640625,10857.9453125,10888.7294921875,10837.3974609375,10732.017578125,10935.384765625,11369.4912109375,11500.6064453125,11495.1708984375,11419.33984375,11303.6201171875,11163.041015625,0,0,0,0,0,0,0,0,0,0,0,0,0,0,0,0,0,0,0,0,0,0,0,0,0,0,0,0,0,0,0,0,0,0,0,0,0,0,0,0,0,0,0
0,0,0,0,0,0,3323,33232,133232,0,5116.07080078125,61,0,1952,0,0,0,1,2,3,4,5,6,7,8,9,10,11,12,13,14,15,16,17,18,19,20,21,22,23,24,25,26,27,28,29,30,31,32,33,34,35,36,37,38,39,40,41,42,43,44,45,46,47,48,49,50,51,52,53,54,55,56,57,58,59,60,61,62,63,64,65,66,67,68,69,70,71,72,73,74,75,76,77,78,79,80,81,82,83,84,85,86,87,88,89,90,91,92,93,94,95,96,97,98,99,100,101,102,103,104,105,106,107,108,109,110,111,112,113,114,115,116,117,118,119,120,121,122,123,124,125,126,127,128,129,130,131,132,133,134,135,136,137,138,139,140,141,142,143,144,145,146,147,148,149,150,151,152,153,154,155,156,157,158,159,160,161,162,2,0,0,2015,9999,1,2013,0,0,0,0,0,0,0,0,0,0,0,0,0,0,0,0,0,0,0,0,0,0,0,0,0,0,0,0,0,0,0,0,0,0,0,17483.783203125,18589.521484375,19891.044921875,21344.333984375,22873.13671875,24228.0078125,25454.84375,26656.998046875,27762.3515625,28873.904296875,29992.771484375,30985.35546875,31664.11328125,32519.421875,33697.93359375,34686.46875,35406.8828125,32560.169921875,33515.21875,34578.55859375,35597.6015625,36500.6015625,37511.53515625,37279.890625,37759.609375,38463.42578125,38865.2578125,39000,39105.4921875,38680.578125,10842.4306640625,10857.9453125,10888.7294921875,10837.3974609375,10732.017578125,10935.384765625,11369.4912109375,11500.6064453125,11495.1708984375,11419.33984375,11303.6201171875,11163.041015625,0,0,0,0,0,0,0,0,0,0,0,0,0,0,0,0,0,0,0,0,0,0,0,0,0,0,0,0,0,0,0,0,0,0,0,0,0,0,0,0,0,0,0
0,0,0,0,0,0,3323,33233,133233,0,5080.46337890625,61,0,1952,0,0,0,1,2,3,4,5,6,7,8,9,10,11,12,13,14,15,16,17,18,19,20,21,22,23,24,25,26,27,28,29,30,31,32,33,34,35,36,37,38,39,40,41,42,43,44,45,46,47,48,49,50,51,52,53,54,55,56,57,58,59,60,61,62,63,64,65,66,67,68,69,70,71,72,73,74,75,76,77,78,79,80,81,82,83,84,85,86,87,88,89,90,91,92,93,94,95,96,97,98,99,100,101,102,103,104,105,106,107,108,109,110,111,112,113,114,115,116,117,118,119,120,121,122,123,124,125,126,127,128,129,130,131,132,133,134,135,136,137,138,139,140,141,142,143,144,145,146,147,148,149,150,151,152,153,154,155,156,157,158,159,160,161,162,2,0,0,2015,9999,1,2013,0,0,0,0,0,0,0,0,0,0,0,0,0,0,0,0,0,0,0,0,0,0,0,0,0,0,0,0,0,0,0,0,0,0,0,17483.783203125,18589.521484375,19891.044921875,21344.333984375,22873.13671875,24228.0078125,25454.84375,26656.998046875,27762.3515625,28873.904296875,29992.771484375,30985.35546875,31664.11328125,32519.421875,33697.93359375,34686.46875,35406.8828125,32560.169921875,33515.21875,34578.55859375,35597.6015625,36500.6015625,37511.53515625,37279.890625,37759.609375,38463.42578125,38865.2578125,39000,39105.4921875,38680.578125,10842.4306640625,10857.9453125,10888.7294921875,10837.3974609375,10732.017578125,10935.384765625,11369.4912109375,11500.6064453125,11495.1708984375,11419.33984375,11303.6201171875,11163.041015625,0,0,0,0,0,0,0,0,0,0,0,0,0,0,0,0,0,0,0,0,0,0,0,0,0,0,0,0,0,0,0,0,0,0,0,0,0,0,0,0,0,0,0
0,0,0,0,0,0,3323,33234,133234,0,5156.0166015625,61,0,1952,0,0,0,1,2,3,4,5,6,7,8,9,10,11,12,13,14,15,16,17,18,19,20,21,22,23,24,25,26,27,28,29,30,31,32,33,34,35,36,37,38,39,40,41,42,43,44,45,46,47,48,49,50,51,52,53,54,55,56,57,58,59,60,61,62,63,64,65,66,67,68,69,70,71,72,73,74,75,76,77,78,79,80,81,82,83,84,85,86,87,88,89,90,91,92,93,94,95,96,97,98,99,100,101,102,103,104,105,106,107,108,109,110,111,112,113,114,115,116,117,118,119,120,121,122,123,124,125,126,127,128,129,130,131,132,133,134,135,136,137,138,139,140,141,142,143,144,145,146,147,148,149,150,151,152,153,154,155,156,157,158,159,160,161,162,2,0,0,2015,9999,1,2013,0,0,0,0,0,0,0,0,0,0,0,0,0,0,0,0,0,0,0,0,0,0,0,0,0,0,0,0,0,0,0,0,0,0,0,17483.783203125,18589.521484375,19891.044921875,21344.333984375,22873.13671875,24228.0078125,25454.84375,26656.998046875,27762.3515625,28873.904296875,29992.771484375,30985.35546875,31664.11328125,32519.421875,33697.93359375,34686.46875,35406.8828125,32560.169921875,33515.21875,34578.55859375,35597.6015625,36500.6015625,37511.53515625,37279.890625,37759.609375,38463.42578125,38865.2578125,39000,39105.4921875,38680.578125,10842.4306640625,10857.9453125,10888.7294921875,10837.3974609375,10732.017578125,10935.384765625,11369.4912109375,11500.6064453125,11495.1708984375,11419.33984375,11303.6201171875,11163.041015625,0,0,0,0,0,0,0,0,0,0,0,0,0,0,0,0,0,0,0,0,0,0,0,0,0,0,0,0,0,0,0,0,0,0,0,0,0,0,0,0,0,0,0
0,0,0,0,0,0,3323,33235,133235,0,5122.96826171875,61,0,1952,0,0,0,1,2,3,4,5,6,7,8,9,10,11,12,13,14,15,16,17,18,19,20,21,22,23,24,25,26,27,28,29,30,31,32,33,34,35,36,37,38,39,40,41,42,43,44,45,46,47,48,49,50,51,52,53,54,55,56,57,58,59,60,61,62,63,64,65,66,67,68,69,70,71,72,73,74,75,76,77,78,79,80,81,82,83,84,85,86,87,88,89,90,91,92,93,94,95,96,97,98,99,100,101,102,103,104,105,106,107,108,109,110,111,112,113,114,115,116,117,118,119,120,121,122,123,124,125,126,127,128,129,130,131,132,133,134,135,136,137,138,139,140,141,142,143,144,145,146,147,148,149,150,151,152,153,154,155,156,157,158,159,160,161,162,2,0,0,2015,9999,1,2013,0,0,0,0,0,0,0,0,0,0,0,0,0,0,0,0,0,0,0,0,0,0,0,0,0,0,0,0,0,0,0,0,0,0,0,17483.783203125,18589.521484375,19891.044921875,21344.333984375,22873.13671875,24228.0078125,25454.84375,26656.998046875,27762.3515625,28873.904296875,29992.771484375,30985.35546875,31664.11328125,32519.421875,33697.93359375,34686.46875,35406.8828125,32560.169921875,33515.21875,34578.55859375,35597.6015625,36500.6015625,37511.53515625,37279.890625,37759.609375,38463.42578125,38865.2578125,39000,39105.4921875,38680.578125,10842.4306640625,10857.9453125,10888.7294921875,10837.3974609375,10732.017578125,10935.384765625,11369.4912109375,11500.6064453125,11495.1708984375,11419.33984375,11303.6201171875,11163.041015625,0,0,0,0,0,0,0,0,0,0,0,0,0,0,0,0,0,0,0,0,0,0,0,0,0,0,0,0,0,0,0,0,0,0,0,0,0,0,0,0,0,0,0
0,0,0,0,0,0,3809,38091,138091,238091,3319.728759765625,43,30,1970,1983,0,0,0,0,0,0,0,0,0,0,0,0,0,0,0,0,0,0,0,0,1,2,3,4,5,6,7,8,9,10,11,12,13,14,15,16,17,18,19,20,21,22,23,24,25,26,27,28,29,30,31,32,33,34,35,36,37,38,39,40,41,42,43,44,45,46,47,48,49,50,51,52,53,54,55,56,57,58,59,60,61,62,63,64,65,66,67,68,69,70,71,72,73,74,75,76,77,78,79,80,81,82,83,84,85,86,87,88,89,90,91,92,93,94,95,96,97,98,99,100,101,102,103,104,105,106,107,108,109,110,111,112,113,114,115,116,117,118,119,120,121,122,123,124,125,126,127,128,129,130,131,132,133,134,135,136,137,138,139,140,141,142,143,144,1,2,1,2032,9999,1,2013,0,0,0,0,0,0,0,0,0,0,0,0,0,0,0,0,0,0,0,0,0,0,0,0,0,0,0,0,0,0,0,0,0,0,0,0,0,13887.98828125,15326.7412109375,16891.896484375,18401.609375,19883.5546875,21415.109375,22937.767578125,24534.990234375,26210.955078125,27848.908203125,29268.771484375,30914.7265625,32946.65625,34878.1953125,36615.6796875,38678.29296875,40945.68359375,43446.86328125,46000,20393.8359375,21555.056640625,22031.5390625,22950.0234375,24043.021484375,27906.37890625,28800,29699.62890625,30212.87890625,30941.220703125,31867.201171875,32866.9140625,33642.8359375,34263.71484375,35906.45703125,38394.14453125,39942.0703125,41059.22265625,41949.01171875,42705.53515625,43374.51171875,43988.375,44552.78515625,45058.3515625,45500.0546875,45875.0390625,12999.94140625,13066.451171875,13112.8837890625,13139.017578125,13144.71484375,13129.955078125,13094.7861328125,13039.3828125,12963.9833984375,12868.953125,12754.7197265625,12621.822265625,12470.8564453125,0,0,0,0,0,0,0,0,0,0,0,0,0,0,0,0,0,0,0,0,0,0,0,0,0
0,0,0,0,0,0,3809,38091,238091,138091,3319.728759765625,30,43,1983,1970,0,0,0,0,0,0,0,0,0,0,0,0,0,0,0,0,0,0,0,0,0,0,0,0,0,0,0,0,0,0,0,0,0,1,2,3,4,5,6,7,8,9,10,11,12,13,14,15,16,17,18,19,20,21,22,23,24,25,26,27,28,29,30,31,32,33,34,35,36,37,38,39,40,41,42,43,44,45,46,47,48,49,50,51,52,53,54,55,56,57,58,59,60,61,62,63,64,65,66,67,68,69,70,71,72,73,74,75,76,77,78,79,80,81,82,83,84,85,86,87,88,89,90,91,92,93,94,95,96,97,98,99,100,101,102,103,104,105,106,107,108,109,110,111,112,113,114,115,116,117,118,119,120,121,122,123,124,125,126,127,128,129,130,131,2,1,1,2045,2045,2,2013,0,0,0,0,0,0,0,0,0,0,0,0,0,0,0,0,0,0,0,0,0,0,0,0,0,0,0,0,0,0,0,0,0,0,0,0,0,0,0,0,0,0,0,0,0,0,0,0,0,0,0,0,0,0,0,12215.7587890625,13178.5693359375,14248.123046875,14895.2626953125,15868.5400390625,17000,18063.85546875,0,20093.224609375,20893.927734375,21870.10546875,23019.66015625,24261.134765625,25374.48828125,26402.662109375,28265.1015625,30871.900390625,32802.3203125,34436.296875,35926.5703125,37344.0390625,38723.16796875,40089.3984375,41445.5078125,42780.37109375,44086.328125,45357.23046875,46587.8046875,47772.53515625,48906.29296875,49983.95703125,51000.75390625,51951.92578125,52833.07421875,53640.05859375,54369.01953125,55016.42578125,55579.1953125,56054.609375,56440.328125,0,0,0,0,0,0,0,0,0,0,0,0,0,0,0,0,0,0,0,0,0,0,0,0,0
0,0,0,0,0,0,3809,38092,138092,238092,3337.4228515625,43,30,1970,1983,0,0,0,0,0,0,0,0,0,0,0,0,0,0,0,0,0,0,0,0,1,2,3,4,5,6,7,8,9,10,11,12,13,14,15,16,17,18,19,20,21,22,23,24,25,26,27,28,29,30,31,32,33,34,35,36,37,38,39,40,41,42,43,44,45,46,47,48,49,50,51,52,53,54,55,56,57,58,59,60,61,62,63,64,65,66,67,68,69,70,71,72,73,74,75,76,77,78,79,80,81,82,83,84,85,86,87,88,89,90,91,92,93,94,95,96,97,98,99,100,101,102,103,104,105,106,107,108,109,110,111,112,113,114,115,116,117,118,119,120,121,122,123,124,125,126,127,128,129,130,131,132,133,134,135,136,137,138,139,140,141,142,143,144,1,2,1,2032,9999,1,2013,0,0,0,0,0,0,0,0,0,0,0,0,0,0,0,0,0,0,0,0,0,0,0,0,0,0,0,0,0,0,0,0,0,0,0,0,0,13284.1630859375,14660.3623046875,16157.4658203125,17601.541015625,19019.052734375,20484.017578125,21940.474609375,23468.251953125,25071.349609375,26638.087890625,27996.216796875,29570.609375,31514.1953125,33361.75390625,35023.6953125,36996.62890625,39165.4375,41557.87109375,44000,20393.8359375,21555.056640625,22031.5390625,22950.0234375,24043.021484375,27906.37890625,28800,29699.62890625,30212.87890625,30941.220703125,31867.201171875,32866.9140625,33642.8359375,34263.71484375,35906.45703125,38394.14453125,39942.0703125,41059.22265625,41949.01171875,42705.53515625,43374.51171875,43988.375,44552.78515625,45058.3515625,45500.0546875,45875.0390625,12999.94140625,13066.451171875,13112.8837890625,13139.017578125,13144.71484375,13129.955078125,13094.7861328125,13039.3828125,12963.9833984375,12868.953125,12754.7197265625,12621.822265625,12470.8564453125,0,0,0,0,0,0,0,0,0,0,0,0,0,0,0,0,0,0,0,0,0,0,0,0,0
0,0,0,0,0,0,3809,38092,238092,138092,3337.4228515625,30,43,1983,1970,0,0,0,0,0,0,0,0,0,0,0,0,0,0,0,0,0,0,0,0,0,0,0,0,0,0,0,0,0,0,0,0,0,1,2,3,4,5,6,7,8,9,10,11,12,13,14,15,16,17,18,19,20,21,22,23,24,25,26,27,28,29,30,31,32,33,34,35,36,37,38,39,40,41,42,43,44,45,46,47,48,49,50,51,52,53,54,55,56,57,58,59,60,61,62,63,64,65,66,67,68,69,70,71,72,73,74,75,76,77,78,79,80,81,82,83,84,85,86,87,88,89,90,91,92,93,94,95,96,97,98,99,100,101,102,103,104,105,106,107,108,109,110,111,112,113,114,115,116,117,118,119,120,121,122,123,124,125,126,127,128,129,130,131,2,1,1,2045,2045,2,2013,0,0,0,0,0,0,0,0,0,0,0,0,0,0,0,0,0,0,0,0,0,0,0,0,0,0,0,0,0,0,0,0,0,0,0,0,0,0,0,0,0,0,0,0,0,0,0,0,0,0,0,0,0,0,0,12215.7587890625,13178.5693359375,14248.123046875,14895.2626953125,15868.5400390625,17000,18063.85546875,0,20093.224609375,20893.927734375,21870.10546875,23019.66015625,24261.134765625,25374.48828125,26402.662109375,28265.1015625,30871.900390625,32802.3203125,34436.296875,35926.5703125,37344.0390625,38723.16796875,40089.3984375,41445.5078125,42780.37109375,44086.328125,45357.23046875,46587.8046875,47772.53515625,48906.29296875,49983.95703125,51000.75390625,51951.92578125,52833.07421875,53640.05859375,54369.01953125,55016.42578125,55579.1953125,56054.609375,56440.328125,0,0,0,0,0,0,0,0,0,0,0,0,0,0,0,0,0,0,0,0,0,0,0,0,0
0,0,0,0,0,0,3809,38093,138093,238093,3369.75927734375,43,30,1970,1983,0,0,0,0,0,0,0,0,0,0,0,0,0,0,0,0,0,0,0,0,1,2,3,4,5,6,7,8,9,10,11,12,13,14,15,16,17,18,19,20,21,22,23,24,25,26,27,28,29,30,31,32,33,34,35,36,37,38,39,40,41,42,43,44,45,46,47,48,49,50,51,52,53,54,55,56,57,58,59,60,61,62,63,64,65,66,67,68,69,70,71,72,73,74,75,76,77,78,79,80,81,82,83,84,85,86,87,88,89,90,91,92,93,94,95,96,97,98,99,100,101,102,103,104,105,106,107,108,109,110,111,112,113,114,115,116,117,118,119,120,121,122,123,124,125,126,127,128,129,130,131,132,133,134,135,136,137,138,139,140,141,142,143,144,1,2,1,2032,9999,1,2013,0,0,0,0,0,0,0,0,0,0,0,0,0,0,0,0,0,0,0,0,0,0,0,0,0,0,0,0,0,0,0,0,0,0,0,0,0,13284.1630859375,14660.3623046875,16157.4658203125,17601.541015625,19019.052734375,20484.017578125,21940.474609375,23468.251953125,25071.349609375,26638.087890625,27996.216796875,29570.609375,31514.1953125,33361.75390625,35023.6953125,36996.62890625,39165.4375,41557.87109375,44000,20393.8359375,21555.056640625,22031.5390625,22950.0234375,24043.021484375,27906.37890625,28800,29699.62890625,30212.87890625,30941.220703125,31867.201171875,32866.9140625,33642.8359375,34263.71484375,35906.45703125,38394.14453125,39942.0703125,41059.22265625,41949.01171875,42705.53515625,43374.51171875,43988.375,44552.78515625,45058.3515625,45500.0546875,45875.0390625,12999.94140625,13066.451171875,13112.8837890625,13139.017578125,13144.71484375,13129.955078125,13094.7861328125,13039.3828125,12963.9833984375,12868.953125,12754.7197265625,12621.822265625,12470.8564453125,0,0,0,0,0,0,0,0,0,0,0,0,0,0,0,0,0,0,0,0,0,0,0,0,0
0,0,0,0,0,0,3809,38093,238093,138093,3369.75927734375,30,43,1983,1970,0,0,0,0,0,0,0,0,0,0,0,0,0,0,0,0,0,0,0,0,0,0,0,0,0,0,0,0,0,0,0,0,0,1,2,3,4,5,6,7,8,9,10,11,12,13,14,15,16,17,18,19,20,21,22,23,24,25,26,27,28,29,30,31,32,33,34,35,36,37,38,39,40,41,42,43,44,45,46,47,48,49,50,51,52,53,54,55,56,57,58,59,60,61,62,63,64,65,66,67,68,69,70,71,72,73,74,75,76,77,78,79,80,81,82,83,84,85,86,87,88,89,90,91,92,93,94,95,96,97,98,99,100,101,102,103,104,105,106,107,108,109,110,111,112,113,114,115,116,117,118,119,120,121,122,123,124,125,126,127,128,129,130,131,2,1,1,2045,2045,2,2013,0,0,0,0,0,0,0,0,0,0,0,0,0,0,0,0,0,0,0,0,0,0,0,0,0,0,0,0,0,0,0,0,0,0,0,0,0,0,0,0,0,0,0,0,0,0,0,0,0,0,0,0,0,0,0,8622.888671875,9302.51953125,10057.4990234375,10514.3037109375,11201.3232421875,12000,12750.9580078125,0,14183.4541015625,14748.6552734375,15437.72265625,16249.171875,17125.5078125,17911.404296875,18637.173828125,19951.837890625,21791.9296875,23154.580078125,24307.9765625,25359.931640625,26360.498046875,27334.00390625,28298.400390625,29255.65234375,30197.91015625,31119.763671875,32016.869140625,32885.5078125,33721.7890625,34522.08984375,35282.79296875,36000.53515625,36671.94921875,37293.9375,37863.5703125,38378.1328125,38835.125,39232.375,39567.9609375,39840.234375,0,0,0,0,0,0,0,0,0,0,0,0,0,0,0,0,0,0,0,0,0,0,0,0,0
0,0,0,0,0,0,3809,38094,138094,238094,3329.997314453125,43,30,1970,1983,0,0,0,0,0,0,0,0,0,0,0,0,0,0,0,0,0,0,0,0,1,2,3,4,5,6,7,8,9,10,11,12,13,14,15,16,17,18,19,20,21,22,23,24,25,26,27,28,29,30,31,32,33,34,35,36,37,38,39,40,41,42,43,44,45,46,47,48,49,50,51,52,53,54,55,56,57,58,59,60,61,62,63,64,65,66,67,68,69,70,71,72,73,74,75,76,77,78,79,80,81,82,83,84,85,86,87,88,89,90,91,92,93,94,95,96,97,98,99,100,101,102,103,104,105,106,107,108,109,110,111,112,113,114,115,116,117,118,119,120,121,122,123,124,125,126,127,128,129,130,131,132,133,134,135,136,137,138,139,140,141,142,143,144,1,2,1,2032,9999,1,2013,0,0,0,0,0,0,0,0,0,0,0,0,0,0,0,0,0,0,0,0,0,0,0,0,0,0,0,0,0,0,0,0,0,0,0,0,0,11170.779296875,12328.0380859375,13586.9677734375,14801.3037109375,15993.302734375,17225.20703125,18449.955078125,19734.677734375,21082.736328125,22400.22265625,23542.287109375,24866.208984375,26500.587890625,28054.21875,29451.759765625,31110.818359375,32934.58984375,34946.41015625,37000,20393.8359375,21555.056640625,22031.5390625,22950.0234375,24043.021484375,27906.37890625,28800,29699.62890625,30212.87890625,30941.220703125,31867.201171875,32866.9140625,33642.8359375,34263.71484375,35906.45703125,38394.14453125,39942.0703125,41059.22265625,41949.01171875,42705.53515625,43374.51171875,43988.375,44552.78515625,45058.3515625,45500.0546875,45875.0390625,12999.94140625,13066.451171875,13112.8837890625,13139.017578125,13144.71484375,13129.955078125,13094.7861328125,13039.3828125,12963.9833984375,12868.953125,12754.7197265625,12621.822265625,12470.8564453125,0,0,0,0,0,0,0,0,0,0,0,0,0,0,0,0,0,0,0,0,0,0,0,0,0
0,0,0,0,0,0,3809,38094,238094,138094,3329.997314453125,30,43,1983,1970,0,0,0,0,0,0,0,0,0,0,0,0,0,0,0,0,0,0,0,0,0,0,0,0,0,0,0,0,0,0,0,0,0,1,2,3,4,5,6,7,8,9,10,11,12,13,14,15,16,17,18,19,20,21,22,23,24,25,26,27,28,29,30,31,32,33,34,35,36,37,38,39,40,41,42,43,44,45,46,47,48,49,50,51,52,53,54,55,56,57,58,59,60,61,62,63,64,65,66,67,68,69,70,71,72,73,74,75,76,77,78,79,80,81,82,83,84,85,86,87,88,89,90,91,92,93,94,95,96,97,98,99,100,101,102,103,104,105,106,107,108,109,110,111,112,113,114,115,116,117,118,119,120,121,122,123,124,125,126,127,128,129,130,131,2,1,1,2045,2045,2,2013,0,0,0,0,0,0,0,0,0,0,0,0,0,0,0,0,0,0,0,0,0,0,0,0,0,0,0,0,0,0,0,0,0,0,0,0,0,0,0,0,0,0,0,0,0,0,0,0,0,0,0,0,0,0,0,15808.623046875,17054.611328125,18438.740234375,19276.21484375,20535.75,22000,23376.74609375,0,26002.986328125,27039.189453125,28302.478515625,29790.13671875,31396.75,32837.5625,34168.13671875,36578.3515625,39951.85546875,42450.04296875,44564.6015625,46493.1875,48327.55859375,50112.31640625,51880.375,53635.33984375,55362.8125,57052.875,58697.56640625,60290.07421875,61823.2578125,63290.47265625,64685.09375,66000.953125,67231.875,68372.1875,69416.515625,70359.8828125,71197.703125,71925.9921875,72541.2265625,73040.3984375,0,0,0,0,0,0,0,0,0,0,0,0,0,0,0,0,0,0,0,0,0,0,0,0,0
0,0,0,0,0,0,3809,38095,138095,238095,3364.380126953125,43,30,1970,1983,0,0,0,0,0,0,0,0,0,0,0,0,0,0,0,0,0,0,0,0,1,2,3,4,5,6,7,8,9,10,11,12,13,14,15,16,17,18,19,20,21,22,23,24,25,26,27,28,29,30,31,32,33,34,35,36,37,38,39,40,41,42,43,44,45,46,47,48,49,50,51,52,53,54,55,56,57,58,59,60,61,62,63,64,65,66,67,68,69,70,71,72,73,74,75,76,77,78,79,80,81,82,83,84,85,86,87,88,89,90,91,92,93,94,95,96,97,98,99,100,101,102,103,104,105,106,107,108,109,110,111,112,113,114,115,116,117,118,119,120,121,122,123,124,125,126,127,128,129,130,131,132,133,134,135,136,137,138,139,140,141,142,143,144,1,2,1,2032,9999,1,2013,0,0,0,0,0,0,0,0,0,0,0,0,0,0,0,0,0,0,0,0,0,0,0,0,0,0,0,0,0,0,0,0,0,0,0,0,0,8755.4697265625,9662.509765625,10649.2373046875,11601.013671875,12535.283203125,13500.828125,14460.765625,15467.7099609375,16524.294921875,17556.919921875,18452.048828125,19489.716796875,20770.716796875,21988.42578125,23083.794921875,24384.138671875,25813.580078125,27390.412109375,29000,20393.8359375,21555.056640625,22031.5390625,22950.0234375,24043.021484375,27906.37890625,28800,29699.62890625,30212.87890625,30941.220703125,31867.201171875,32866.9140625,33642.8359375,34263.71484375,35906.45703125,38394.14453125,39942.0703125,41059.22265625,41949.01171875,42705.53515625,43374.51171875,43988.375,44552.78515625,45058.3515625,45500.0546875,45875.0390625,12999.94140625,13066.451171875,13112.8837890625,13139.017578125,13144.71484375,13129.955078125,13094.7861328125,13039.3828125,12963.9833984375,12868.953125,12754.7197265625,12621.822265625,12470.8564453125,0,0,0,0,0,0,0,0,0,0,0,0,0,0,0,0,0,0,0,0,0,0,0,0,0
0,0,0,0,0,0,3809,38095,238095,138095,3364.380126953125,30,43,1983,1970,0,0,0,0,0,0,0,0,0,0,0,0,0,0,0,0,0,0,0,0,0,0,0,0,0,0,0,0,0,0,0,0,0,1,2,3,4,5,6,7,8,9,10,11,12,13,14,15,16,17,18,19,20,21,22,23,24,25,26,27,28,29,30,31,32,33,34,35,36,37,38,39,40,41,42,43,44,45,46,47,48,49,50,51,52,53,54,55,56,57,58,59,60,61,62,63,64,65,66,67,68,69,70,71,72,73,74,75,76,77,78,79,80,81,82,83,84,85,86,87,88,89,90,91,92,93,94,95,96,97,98,99,100,101,102,103,104,105,106,107,108,109,110,111,112,113,114,115,116,117,118,119,120,121,122,123,124,125,126,127,128,129,130,131,2,1,1,2045,2045,2,2013,0,0,0,0,0,0,0,0,0,0,0,0,0,0,0,0,0,0,0,0,0,0,0,0,0,0,0,0,0,0,0,0,0,0,0,0,0,0,0,0,0,0,0,0,0,0,0,0,0,0,0,0,0,0,0,10778.6015625,11628.138671875,12571.8623046875,13142.8671875,14001.640625,15000,15938.6826171875,0,17729.30078125,18435.802734375,19297.134765625,20311.447265625,21406.865234375,22389.234375,23296.4453125,24939.7734375,27239.88671875,28943.197265625,30384.94140625,31699.88671875,32950.59375,34167.47265625,35372.96484375,36569.53125,37747.35546875,38899.66796875,40021.05078125,41106.84765625,42152.19921875,43152.57421875,44103.453125,45000.625,45839.890625,46617.375,47329.421875,47972.62109375,48543.86328125,49040.421875,49459.90234375,49800.24609375,0,0,0,0,0,0,0,0,0,0,0,0,0,0,0,0,0,0,0,0,0,0,0,0,0
0,0,0,0,0,0,3964,39641,139641,0,5079.58642578125,31,0,1982,0,0,0,0,0,0,0,0,0,0,0,0,0,0,0,0,0,0,0,0,0,0,0,0,0,0,0,0,0,0,0,0,0,1,2,3,4,5,6,7,8,9,10,11,12,13,14,15,16,17,18,19,20,21,22,23,24,25,26,27,28,29,30,31,32,33,34,35,36,37,38,39,40,41,42,43,44,45,46,47,48,49,50,51,52,53,54,55,56,57,58,59,60,61,62,63,64,65,66,67,68,69,70,71,72,73,74,75,76,77,78,79,80,81,82,83,84,85,86,87,88,89,90,91,92,93,94,95,96,97,98,99,100,101,102,103,104,105,106,107,108,109,110,111,112,113,114,115,116,117,118,119,120,121,122,123,124,125,126,127,128,129,130,131,132,1,0,0,2049,2057,1,2013,0,0,0,0,0,0,0,0,0,0,0,0,0,0,0,0,0,0,0,0,0,0,0,0,0,0,0,0,0,0,0,0,0,0,0,0,0,0,0,0,0,0,0,0,0,0,0,0,0,0,0,0,0,0,5562.71533203125,6000.80859375,6447.607421875,24666.01953125,25687.296875,27263.419921875,29101.1328125,30812.900390625,32400,34042.96875,35285.1640625,36818.078125,38635.953125,40600.39453125,42343.58203125,43939.29296875,46915.3828125,51112.9921875,54177.6953125,56744.5703125,59068.9140625,61269.6015625,63404.35546875,65515.80078125,67609.3984375,69667.640625,71678.90625,73634.1953125,75525.703125,77345.4296875,79085.859375,80739.7109375,82299.859375,83759.640625,85112.6328125,86352.7734375,87474.4765625,88472.796875,89343.109375,90081.5546875,90684.7265625,91149.6796875,91474.5234375,91657.453125,91697.8828125,25783.8203125,25714.90234375,25606.232421875,25458.2890625,25271.787109375,25155.107421875,24999.98046875,24807.099609375,0,0,0,0,0,0,0,0,0,0,0,0,0
0,0,0,0,0,0,3964,39642,139642,0,5107.3564453125,31,0,1982,0,0,0,0,0,0,0,0,0,0,0,0,0,0,0,0,0,0,0,0,0,0,0,0,0,0,0,0,0,0,0,0,0,1,2,3,4,5,6,7,8,9,10,11,12,13,14,15,16,17,18,19,20,21,22,23,24,25,26,27,28,29,30,31,32,33,34,35,36,37,38,39,40,41,42,43,44,45,46,47,48,49,50,51,52,53,54,55,56,57,58,59,60,61,62,63,64,65,66,67,68,69,70,71,72,73,74,75,76,77,78,79,80,81,82,83,84,85,86,87,88,89,90,91,92,93,94,95,96,97,98,99,100,101,102,103,104,105,106,107,108,109,110,111,112,113,114,115,116,117,118,119,120,121,122,123,124,125,126,127,128,129,130,131,132,1,0,0,2049,2057,1,2013,0,0,0,0,0,0,0,0,0,0,0,0,0,0,0,0,0,0,0,0,0,0,0,0,0,0,0,0,0,0,0,0,0,0,0,0,0,0,0,0,0,0,0,0,0,0,0,0,0,0,0,0,0,0,5562.71533203125,6000.80859375,6447.607421875,24666.01953125,25687.296875,27263.419921875,29101.1328125,30812.900390625,32400,34042.96875,35285.1640625,36818.078125,38635.953125,40600.39453125,42343.58203125,43939.29296875,46915.3828125,51112.9921875,54177.6953125,56744.5703125,59068.9140625,61269.6015625,63404.35546875,65515.80078125,67609.3984375,69667.640625,71678.90625,73634.1953125,75525.703125,77345.4296875,79085.859375,80739.7109375,82299.859375,83759.640625,85112.6328125,86352.7734375,87474.4765625,88472.796875,89343.109375,90081.5546875,90684.7265625,91149.6796875,91474.5234375,91657.453125,91697.8828125,25783.8203125,25714.90234375,25606.232421875,25458.2890625,25271.787109375,25155.107421875,24999.98046875,24807.099609375,0,0,0,0,0,0,0,0,0,0,0,0,0
0,0,0,0,0,0,3964,39643,139643,0,5088.45751953125,31,0,1982,0,0,0,0,0,0,0,0,0,0,0,0,0,0,0,0,0,0,0,0,0,0,0,0,0,0,0,0,0,0,0,0,0,1,2,3,4,5,6,7,8,9,10,11,12,13,14,15,16,17,18,19,20,21,22,23,24,25,26,27,28,29,30,31,32,33,34,35,36,37,38,39,40,41,42,43,44,45,46,47,48,49,50,51,52,53,54,55,56,57,58,59,60,61,62,63,64,65,66,67,68,69,70,71,72,73,74,75,76,77,78,79,80,81,82,83,84,85,86,87,88,89,90,91,92,93,94,95,96,97,98,99,100,101,102,103,104,105,106,107,108,109,110,111,112,113,114,115,116,117,118,119,120,121,122,123,124,125,126,127,128,129,130,131,132,1,0,0,2049,2057,1,2013,0,0,0,0,0,0,0,0,0,0,0,0,0,0,0,0,0,0,0,0,0,0,0,0,0,0,0,0,0,0,0,0,0,0,0,0,0,0,0,0,0,0,0,0,0,0,0,0,0,0,0,0,0,0,5562.71533203125,6000.80859375,6447.607421875,24666.01953125,25687.296875,27263.419921875,29101.1328125,30812.900390625,32400,34042.96875,35285.1640625,36818.078125,38635.953125,40600.39453125,42343.58203125,43939.29296875,46915.3828125,51112.9921875,54177.6953125,56744.5703125,59068.9140625,61269.6015625,63404.35546875,65515.80078125,67609.3984375,69667.640625,71678.90625,73634.1953125,75525.703125,77345.4296875,79085.859375,80739.7109375,82299.859375,83759.640625,85112.6328125,86352.7734375,87474.4765625,88472.796875,89343.109375,90081.5546875,90684.7265625,91149.6796875,91474.5234375,91657.453125,91697.8828125,25783.8203125,25714.90234375,25606.232421875,25458.2890625,25271.787109375,25155.107421875,24999.98046875,24807.099609375,0,0,0,0,0,0,0,0,0,0,0,0,0
0,0,0,0,0,0,3964,39644,139644,0,5113.48291015625,31,0,1982,0,0,0,0,0,0,0,0,0,0,0,0,0,0,0,0,0,0,0,0,0,0,0,0,0,0,0,0,0,0,0,0,0,1,2,3,4,5,6,7,8,9,10,11,12,13,14,15,16,17,18,19,20,21,22,23,24,25,26,27,28,29,30,31,32,33,34,35,36,37,38,39,40,41,42,43,44,45,46,47,48,49,50,51,52,53,54,55,56,57,58,59,60,61,62,63,64,65,66,67,68,69,70,71,72,73,74,75,76,77,78,79,80,81,82,83,84,85,86,87,88,89,90,91,92,93,94,95,96,97,98,99,100,101,102,103,104,105,106,107,108,109,110,111,112,113,114,115,116,117,118,119,120,121,122,123,124,125,126,127,128,129,130,131,132,1,0,0,2049,2057,1,2013,0,0,0,0,0,0,0,0,0,0,0,0,0,0,0,0,0,0,0,0,0,0,0,0,0,0,0,0,0,0,0,0,0,0,0,0,0,0,0,0,0,0,0,0,0,0,0,0,0,0,0,0,0,0,5562.71533203125,6000.80859375,6447.607421875,24666.01953125,25687.296875,27263.419921875,29101.1328125,30812.900390625,32400,34042.96875,35285.1640625,36818.078125,38635.953125,40600.39453125,42343.58203125,43939.29296875,46915.3828125,51112.9921875,54177.6953125,56744.5703125,59068.9140625,61269.6015625,63404.35546875,65515.80078125,67609.3984375,69667.640625,71678.90625,73634.1953125,75525.703125,77345.4296875,79085.859375,80739.7109375,82299.859375,83759.640625,85112.6328125,86352.7734375,87474.4765625,88472.796875,89343.109375,90081.5546875,90684.7265625,91149.6796875,91474.5234375,91657.453125,91697.8828125,25783.8203125,25714.90234375,25606.232421875,25458.2890625,25271.787109375,25155.107421875,24999.98046875,24807.099609375,0,0,0,0,0,0,0,0,0,0,0,0,0
0,0,0,0,0,0,3964,39645,139645,0,5098.04443359375,31,0,1982,0,0,0,0,0,0,0,0,0,0,0,0,0,0,0,0,0,0,0,0,0,0,0,0,0,0,0,0,0,0,0,0,0,1,2,3,4,5,6,7,8,9,10,11,12,13,14,15,16,17,18,19,20,21,22,23,24,25,26,27,28,29,30,31,32,33,34,35,36,37,38,39,40,41,42,43,44,45,46,47,48,49,50,51,52,53,54,55,56,57,58,59,60,61,62,63,64,65,66,67,68,69,70,71,72,73,74,75,76,77,78,79,80,81,82,83,84,85,86,87,88,89,90,91,92,93,94,95,96,97,98,99,100,101,102,103,104,105,106,107,108,109,110,111,112,113,114,115,116,117,118,119,120,121,122,123,124,125,126,127,128,129,130,131,132,1,0,0,2049,2057,1,2013,0,0,0,0,0,0,0,0,0,0,0,0,0,0,0,0,0,0,0,0,0,0,0,0,0,0,0,0,0,0,0,0,0,0,0,0,0,0,0,0,0,0,0,0,0,0,0,0,0,0,0,0,0,0,5562.71533203125,6000.80859375,6447.607421875,24666.01953125,25687.296875,27263.419921875,29101.1328125,30812.900390625,32400,34042.96875,35285.1640625,36818.078125,38635.953125,40600.39453125,42343.58203125,43939.29296875,46915.3828125,51112.9921875,54177.6953125,56744.5703125,59068.9140625,61269.6015625,63404.35546875,65515.80078125,67609.3984375,69667.640625,71678.90625,73634.1953125,75525.703125,77345.4296875,79085.859375,80739.7109375,82299.859375,83759.640625,85112.6328125,86352.7734375,87474.4765625,88472.796875,89343.109375,90081.5546875,90684.7265625,91149.6796875,91474.5234375,91657.453125,91697.8828125,25783.8203125,25714.90234375,25606.232421875,25458.2890625,25271.787109375,25155.107421875,24999.98046875,24807.099609375,0,0,0,0,0,0,0,0,0,0,0,0,0
1,1400,4,1,760,4,4389,43891,143891,243891,4740.89892578125,75,77,1938,1936,13,14,15,16,17,18,19,20,21,22,23,24,25,26,27,28,29,30,31,32,33,34,35,36,37,38,39,40,41,42,43,44,45,46,47,48,49,50,51,52,53,54,55,56,57,58,59,60,61,62,63,64,65,66,67,68,69,70,71,72,73,74,75,76,77,78,79,80,81,82,83,84,85,86,87,88,89,90,91,92,93,94,95,96,97,98,99,100,101,102,103,104,105,106,107,108,109,110,111,112,113,114,115,116,117,118,119,120,121,122,123,124,125,126,127,128,129,130,131,132,133,134,135,136,137,138,139,140,141,142,143,144,145,146,147,148,149,150,151,152,153,154,155,156,157,158,159,160,161,162,163,164,165,166,167,168,169,170,171,172,173,174,175,176,1,2,1,,,1,2013,0,0,0,0,0,0,0,0,0,0,0,0,0,10849.1435546875,11493.171875,12286.744140625,13112.529296875,14162.9150390625,15360.7783203125,16661.037109375,17969.732421875,19195.46875,20863.84375,23721.5703125,26422.724609375,28612.27734375,31234.357421875,34187.75390625,38035.53125,42981.72265625,47703.02734375,51208.9375,54210.24609375,57036.6484375,59749.9765625,61701.94140625,64187.97265625,67199.40625,70552.578125,73973.8828125,76664.1640625,78807.5,80747.7421875,82280.671875,83727.84375,85094.875,86013.2421875,86000,0,0,0,0,0,0,0,0,0,0,88954.40625,88154.0625,87858.7890625,86860.1953125,0,0,0,0,0,0,0,0,0,0,0,0,0,0,0,0,0,0,0,0,0,0,0,0,0,0,0,0,0,0,0,0,0,0,0,0,0,0,0,0,0,0,0,0,0,0,0,0,0,0,0,0,0,0,0,0,0,0
1,1400,4,1,760,4,4389,43891,243891,143891,4740.89892578125,77,75,1936,1938,15,16,17,18,19,20,21,22,23,24,25,26,27,28,29,30,31,32,33,34,35,36,37,38,39,40,41,42,43,44,45,46,47,48,49,50,51,52,53,54,55,56,57,58,59,60,61,62,63,64,65,66,67,68,69,70,71,72,73,74,75,76,77,78,79,80,81,82,83,84,85,86,87,88,89,90,91,92,93,94,95,96,97,98,99,100,101,102,103,104,105,106,107,108,109,110,111,112,113,114,115,116,117,118,119,120,121,122,123,124,125,126,127,128,129,130,131,132,133,134,135,136,137,138,139,140,141,142,143,144,145,146,147,148,149,150,151,152,153,154,155,156,157,158,159,160,161,162,163,164,165,166,167,168,169,170,171,172,173,174,175,176,177,178,2,1,1,,,2,2013,0,0,0,0,2594.547607421875,2793.87255859375,3034.579345703125,3269.425048828125,3486.858642578125,3718.498291015625,3935.760986328125,4651.70361328125,4915.9404296875,5200,0,0,0,0,0,0,0,0,0,0,0,0,0,0,0,0,0,0,0,0,0,0,0,0,0,0,0,0,0,0,0,0,0,0,0,0,0,0,0,0,0,0,0,0,0,0,0,0,0,0,0,0,0,0,0,0,0,0,0,0,0,0,0,0,0,0,0,0,0,0,0,0,0,0,0,0,0,0,0,0,0,0,0,0,0,0,0,0,0,0,0,0,0,0,0,0,0,0,0,0,0,0,0,0,0,0
1,1400,4,1,750,4,4389,43892,143892,243892,4712.08251953125,75,77,1938,1936,13,14,15,16,17,18,19,20,21,22,23,24,25,26,27,28,29,30,31,32,33,34,35,36,37,38,39,40,41,42,43,44,45,46,47,48,49,50,51,52,53,54,55,56,57,58,59,60,61,62,63,64,65,66,67,68,69,70,71,72,73,74,75,76,77,78,79,80,81,82,83,84,85,86,87,88,89,90,91,92,93,94,95,96,97,98,99,100,101,102,103,104,105,106,107,108,109,110,111,112,113,114,115,116,117,118,119,120,121,122,123,124,125,126,127,128,129,130,131,132,133,134,135,136,137,138,139,140,141,142,143,144,145,146,147,148,149,150,151,152,153,154,155,156,157,158,159,160,161,162,163,164,165,166,167,168,169,170,171,172,173,174,175,176,1,2,1,,,1,2013,0,0,0,0,0,0,0,0,0,0,0,0,0,3935.9677734375,4169.615234375,4457.515625,4757.1025390625,5138.1728515625,5572.74658203125,6044.46875,6519.25048828125,6963.9365234375,7569.20751953125,8605.9638671875,9585.9169921875,10380.2666015625,11331.533203125,12402.998046875,13798.9345703125,15593.3662109375,17306.2109375,18578.123046875,19666.970703125,20692.361328125,21676.73046875,22384.88671875,23286.794921875,24379.31640625,25595.814453125,26837.033203125,27813.041015625,28590.625,29294.525390625,29850.65625,30375.6796875,30871.625,31204.798828125,31200,0,0,0,0,0,0,0,0,0,0,32271.826171875,31981.46875,31874.345703125,31512.06640625,0,0,0,0,0,0,0,0,0,0,0,0,0,0,0,0,0,0,0,0,0,0,0,0,0,0,0,0,0,0,0,0,0,0,0,0,0,0,0,0,0,0,0,0,0,0,0,0,0,0,0,0,0,0,0,0,0,0
1,1400,4,1,750,4,4389,43892,243892,143892,4712.08251953125,77,75,1936,1938,15,16,17,18,19,20,21,22,23,24,25,26,27,28,29,30,31,32,33,34,35,36,37,38,39,40,41,42,43,44,45,46,47,48,49,50,51,52,53,54,55,56,57,58,59,60,61,62,63,64,65,66,67,68,69,70,71,72,73,74,75,76,77,78,79,80,81,82,83,84,85,86,87,88,89,90,91,92,93,94,95,96,97,98,99,100,101,102,103,104,105,106,107,108,109,110,111,112,113,114,115,116,117,118,119,120,121,122,123,124,125,126,127,128,129,130,131,132,133,134,135,136,137,138,139,140,141,142,143,144,145,146,147,148,149,150,151,152,153,154,155,156,157,158,159,160,161,162,163,164,165,166,167,168,169,170,171,172,173,174,175,176,177,178,2,1,1,,,2,2013,0,0,0,0,2594.547607421875,2793.87255859375,3034.579345703125,3269.425048828125,3486.858642578125,3718.498291015625,3935.760986328125,4651.70361328125,4915.9404296875,5200,0,0,0,0,0,0,0,0,0,0,0,0,0,0,0,0,0,0,0,0,0,0,0,0,0,0,0,0,0,0,0,0,0,0,0,0,0,0,0,0,0,0,0,0,0,0,0,0,0,0,0,0,0,0,0,0,0,0,0,0,0,0,0,0,0,0,0,0,0,0,0,0,0,0,0,0,0,0,0,0,0,0,0,0,0,0,0,0,0,0,0,0,0,0,0,0,0,0,0,0,0,0,0,0,0,0
1,1400,4,1,750,4,4389,43893,143893,243893,4815.9130859375,75,77,1938,1936,13,14,15,16,17,18,19,20,21,22,23,24,25,26,27,28,29,30,31,32,33,34,35,36,37,38,39,40,41,42,43,44,45,46,47,48,49,50,51,52,53,54,55,56,57,58,59,60,61,62,63,64,65,66,67,68,69,70,71,72,73,74,75,76,77,78,79,80,81,82,83,84,85,86,87,88,89,90,91,92,93,94,95,96,97,98,99,100,101,102,103,104,105,106,107,108,109,110,111,112,113,114,115,116,117,118,119,120,121,122,123,124,125,126,127,128,129,130,131,132,133,134,135,136,137,138,139,140,141,142,143,144,145,146,147,148,149,150,151,152,153,154,155,156,157,158,159,160,161,162,163,164,165,166,167,168,169,170,171,172,173,174,175,176,1,2,1,,,1,2013,0,0,0,0,0,0,0,0,0,0,0,0,0,10495.9140625,11118.9736328125,11886.7080078125,12685.607421875,13701.7939453125,14860.6572265625,16118.58203125,17384.66796875,18570.498046875,20184.552734375,22949.236328125,25562.4453125,27680.7109375,30217.419921875,33074.66015625,36797.15625,41582.30859375,46149.8984375,49541.66015625,52445.25390625,55179.6328125,57804.6171875,59693.03125,62098.1171875,65011.5078125,68255.5078125,71565.421875,74168.109375,76241.6640625,78118.734375,79601.75,81001.8125,82324.328125,83212.796875,83200,0,0,0,0,0,0,0,0,0,0,86058.203125,85283.9140625,84998.2578125,84032.1796875,0,0,0,0,0,0,0,0,0,0,0,0,0,0,0,0,0,0,0,0,0,0,0,0,0,0,0,0,0,0,0,0,0,0,0,0,0,0,0,0,0,0,0,0,0,0,0,0,0,0,0,0,0,0,0,0,0,0
1,1400,4,1,750,4,4389,43893,243893,143893,4815.9130859375,77,75,1936,1938,15,16,17,18,19,20,21,22,23,24,25,26,27,28,29,30,31,32,33,34,35,36,37,38,39,40,41,42,43,44,45,46,47,48,49,50,51,52,53,54,55,56,57,58,59,60,61,62,63,64,65,66,67,68,69,70,71,72,73,74,75,76,77,78,79,80,81,82,83,84,85,86,87,88,89,90,91,92,93,94,95,96,97,98,99,100,101,102,103,104,105,106,107,108,109,110,111,112,113,114,115,116,117,118,119,120,121,122,123,124,125,126,127,128,129,130,131,132,133,134,135,136,137,138,139,140,141,142,143,144,145,146,147,148,149,150,151,152,153,154,155,156,157,158,159,160,161,162,163,164,165,166,167,168,169,170,171,172,173,174,175,176,177,178,2,1,1,,,2,2013,0,0,0,0,2594.547607421875,2793.87255859375,3034.579345703125,3269.425048828125,3486.858642578125,3718.498291015625,3935.760986328125,4651.70361328125,4915.9404296875,5200,0,0,0,0,0,0,0,0,0,0,0,0,0,0,0,0,0,0,0,0,0,0,0,0,0,0,0,0,0,0,0,0,0,0,0,0,0,0,0,0,0,0,0,0,0,0,0,0,0,0,0,0,0,0,0,0,0,0,0,0,0,0,0,0,0,0,0,0,0,0,0,0,0,0,0,0,0,0,0,0,0,0,0,0,0,0,0,0,0,0,0,0,0,0,0,0,0,0,0,0,0,0,0,0,0,0
1,1400,4,1,750,4,4389,43894,143894,243894,4700.2705078125,75,77,1938,1936,13,14,15,16,17,18,19,20,21,22,23,24,25,26,27,28,29,30,31,32,33,34,35,36,37,38,39,40,41,42,43,44,45,46,47,48,49,50,51,52,53,54,55,56,57,58,59,60,61,62,63,64,65,66,67,68,69,70,71,72,73,74,75,76,77,78,79,80,81,82,83,84,85,86,87,88,89,90,91,92,93,94,95,96,97,98,99,100,101,102,103,104,105,106,107,108,109,110,111,112,113,114,115,116,117,118,119,120,121,122,123,124,125,126,127,128,129,130,131,132,133,134,135,136,137,138,139,140,141,142,143,144,145,146,147,148,149,150,151,152,153,154,155,156,157,158,159,160,161,162,163,164,165,166,167,168,169,170,171,172,173,174,175,176,1,2,1,,,1,2013,0,0,0,0,0,0,0,0,0,0,0,0,0,5903.95166015625,6254.4228515625,6686.2734375,7135.654296875,7707.25927734375,8359.1201171875,9066.703125,9778.8759765625,10445.9052734375,11353.8115234375,12908.9453125,14378.8759765625,15570.400390625,16997.298828125,18604.49609375,20698.40234375,23390.05078125,25959.318359375,27867.185546875,29500.455078125,31038.54296875,32515.09765625,33577.33203125,34930.19140625,36568.97265625,38393.72265625,40255.55078125,41719.5625,42885.9375,43941.7890625,44775.984375,45563.51953125,46307.4375,46807.19921875,46800,0,0,0,0,0,0,0,0,0,0,48407.7421875,47972.203125,47811.51953125,47268.1015625,0,0,0,0,0,0,0,0,0,0,0,0,0,0,0,0,0,0,0,0,0,0,0,0,0,0,0,0,0,0,0,0,0,0,0,0,0,0,0,0,0,0,0,0,0,0,0,0,0,0,0,0,0,0,0,0,0,0
1,1400,4,1,750,4,4389,43894,243894,143894,4700.2705078125,77,75,1936,1938,15,16,17,18,19,20,21,22,23,24,25,26,27,28,29,30,31,32,33,34,35,36,37,38,39,40,41,42,43,44,45,46,47,48,49,50,51,52,53,54,55,56,57,58,59,60,61,62,63,64,65,66,67,68,69,70,71,72,73,74,75,76,77,78,79,80,81,82,83,84,85,86,87,88,89,90,91,92,93,94,95,96,97,98,99,100,101,102,103,104,105,106,107,108,109,110,111,112,113,114,115,116,117,118,119,120,121,122,123,124,125,126,127,128,129,130,131,132,133,134,135,136,137,138,139,140,141,142,143,144,145,146,147,148,149,150,151,152,153,154,155,156,157,158,159,160,161,162,163,164,165,166,167,168,169,170,171,172,173,174,175,176,177,178,2,1,1,,,2,2013,0,0,0,0,2594.547607421875,2793.87255859375,3034.579345703125,3269.425048828125,3486.858642578125,3718.498291015625,3935.760986328125,4651.70361328125,4915.9404296875,5200,0,0,0,0,0,0,0,0,0,0,0,0,0,0,0,0,0,0,0,0,0,0,0,0,0,0,0,0,0,0,0,0,0,0,0,0,0,0,0,0,0,0,0,0,0,0,0,0,0,0,0,0,0,0,0,0,0,0,0,0,0,0,0,0,0,0,0,0,0,0,0,0,0,0,0,0,0,0,0,0,0,0,0,0,0,0,0,0,0,0,0,0,0,0,0,0,0,0,0,0,0,0,0,0,0,0
1,1400,4,1,750,4,4389,43895,143895,243895,4740.65966796875,75,77,1938,1936,13,14,15,16,17,18,19,20,21,22,23,24,25,26,27,28,29,30,31,32,33,34,35,36,37,38,39,40,41,42,43,44,45,46,47,48,49,50,51,52,53,54,55,56,57,58,59,60,61,62,63,64,65,66,67,68,69,70,71,72,73,74,75,76,77,78,79,80,81,82,83,84,85,86,87,88,89,90,91,92,93,94,95,96,97,98,99,100,101,102,103,104,105,106,107,108,109,110,111,112,113,114,115,116,117,118,119,120,121,122,123,124,125,126,127,128,129,130,131,132,133,134,135,136,137,138,139,140,141,142,143,144,145,146,147,148,149,150,151,152,153,154,155,156,157,158,159,160,161,162,163,164,165,166,167,168,169,170,171,172,173,174,175,176,1,2,1,,,1,2013,0,0,0,0,0,0,0,0,0,0,0,0,0,4036.8876953125,4276.525390625,4571.80810546875,4879.07666015625,5269.91748046875,5715.6337890625,6199.451171875,6686.40673828125,7142.49462890625,7763.28466796875,8826.6240234375,9831.7041015625,10646.4208984375,11622.078125,12721.015625,14152.744140625,15993.1865234375,17749.94921875,19054.474609375,20171.23828125,21222.921875,22232.53125,22958.84375,23883.876953125,25004.41015625,26252.1015625,27525.14453125,28526.1796875,29323.69921875,30045.6484375,30616.0390625,31154.5234375,31663.185546875,32004.90234375,32000,0,0,0,0,0,0,0,0,0,0,33099.2890625,32801.484375,32691.6171875,32320.048828125,0,0,0,0,0,0,0,0,0,0,0,0,0,0,0,0,0,0,0,0,0,0,0,0,0,0,0,0,0,0,0,0,0,0,0,0,0,0,0,0,0,0,0,0,0,0,0,0,0,0,0,0,0,0,0,0,0,0
1,1400,4,1,750,4,4389,43895,243895,143895,4740.65966796875,77,75,1936,1938,15,16,17,18,19,20,21,22,23,24,25,26,27,28,29,30,31,32,33,34,35,36,37,38,39,40,41,42,43,44,45,46,47,48,49,50,51,52,53,54,55,56,57,58,59,60,61,62,63,64,65,66,67,68,69,70,71,72,73,74,75,76,77,78,79,80,81,82,83,84,85,86,87,88,89,90,91,92,93,94,95,96,97,98,99,100,101,102,103,104,105,106,107,108,109,110,111,112,113,114,115,116,117,118,119,120,121,122,123,124,125,126,127,128,129,130,131,132,133,134,135,136,137,138,139,140,141,142,143,144,145,146,147,148,149,150,151,152,153,154,155,156,157,158,159,160,161,162,163,164,165,166,167,168,169,170,171,172,173,174,175,176,177,178,2,1,1,,,2,2013,0,0,0,0,2594.547607421875,2793.87255859375,3034.579345703125,3269.425048828125,3486.858642578125,3718.498291015625,3935.760986328125,4651.70361328125,4915.9404296875,5200,0,0,0,0,0,0,0,0,0,0,0,0,0,0,0,0,0,0,0,0,0,0,0,0,0,0,0,0,0,0,0,0,0,0,0,0,0,0,0,0,0,0,0,0,0,0,0,0,0,0,0,0,0,0,0,0,0,0,0,0,0,0,0,0,0,0,0,0,0,0,0,0,0,0,0,0,0,0,0,0,0,0,0,0,0,0,0,0,0,0,0,0,0,0,0,0,0,0,0,0,0,0,0,0,0,0
2,800,4,0,0,0,4783,47831,147831,247831,5073.6796875,74,67,1939,1946,12,13,14,15,16,17,18,19,20,21,22,23,24,25,26,27,28,29,30,31,32,33,34,35,36,37,38,39,40,41,42,43,44,45,46,47,48,49,50,51,52,53,54,55,56,57,58,59,60,61,62,63,64,65,66,67,68,69,70,71,72,73,74,75,76,77,78,79,80,81,82,83,84,85,86,87,88,89,90,91,92,93,94,95,96,97,98,99,100,101,102,103,104,105,106,107,108,109,110,111,112,113,114,115,116,117,118,119,120,121,122,123,124,125,126,127,128,129,130,131,132,133,134,135,136,137,138,139,140,141,142,143,144,145,146,147,148,149,150,151,152,153,154,155,156,157,158,159,160,161,162,163,164,165,166,167,168,169,170,171,172,173,174,175,1,2,1,,,1,2013,0,0,0,0,0,0,0,0,0,0,0,0,0,0,0,0,0,0,0,0,0,0,0,3765.63818359375,4200.97314453125,4556.1865234375,4981.4853515625,5461.01806640625,6085.12744140625,6887.16943359375,7655.61474609375,8231.0849609375,8727.08984375,9196.4208984375,9648.943359375,9979.703125,10397.9951171875,10902.8134765625,11464.7021484375,12039.4072265625,12496.7255859375,12866.1494140625,13203.4853515625,13475.1240234375,13733.5126953125,13979.5078125,14152.4287109375,14172.3349609375,14263.1708984375,14483.57421875,14609.3916015625,14613.658203125,14708.6513671875,14836.3623046875,15000,15132.28515625,15204.8935546875,15312.544921875,14912.716796875,14801.6044921875,14775.0322265625,14629.8955078125,0,0,0,0,0,0,0,0,0,0,0,0,0,0,0,0,0,0,0,0,0,0,0,0,0,0,0,0,0,0,0,0,0,0,0,0,0,0,0,0,0,0,0,0,0,0,0,0,0,0,0,0,0,0,0,0,0,0
2,800,4,0,0,0,4783,47831,247831,147831,5073.6796875,67,74,1946,1939,5,6,7,8,9,10,11,12,13,14,15,16,17,18,19,20,21,22,23,24,25,26,27,28,29,30,31,32,33,34,35,36,37,38,39,40,41,42,43,44,45,46,47,48,49,50,51,52,53,54,55,56,57,58,59,60,61,62,63,64,65,66,67,68,69,70,71,72,73,74,75,76,77,78,79,80,81,82,83,84,85,86,87,88,89,90,91,92,93,94,95,96,97,98,99,100,101,102,103,104,105,106,107,108,109,110,111,112,113,114,115,116,117,118,119,120,121,122,123,124,125,126,127,128,129,130,131,132,133,134,135,136,137,138,139,140,141,142,143,144,145,146,147,148,149,150,151,152,153,154,155,156,157,158,159,160,161,162,163,164,165,166,167,168,2,1,1,,2017,2,2013,0,0,0,0,0,0,0,0,0,0,0,0,0,0,0,0,0,0,0,0,0,0,0,0,0,0,0,0,0,0,0,0,0,0,0,0,0,0,0,0,0,0,0,0,0,0,0,0,0,0,0,0,0,0,0,0,0,0,0,9758.318359375,9847.6640625,9857.9130859375,9800,9735.0361328125,9539.6171875,9410.8544921875,9336.5888671875,0,0,0,0,0,0,0,0,0,0,0,0,0,0,0,0,0,0,0,0,0,0,0,0,0,0,0,0,0,0,0,0,0,0,0,0,0,0,0,0,0,0,0,0,0,0,0,0,0,0,0,0,0
2,800,4,0,0,0,4783,47832,147832,247832,5067.365234375,74,67,1939,1946,12,13,14,15,16,17,18,19,20,21,22,23,24,25,26,27,28,29,30,31,32,33,34,35,36,37,38,39,40,41,42,43,44,45,46,47,48,49,50,51,52,53,54,55,56,57,58,59,60,61,62,63,64,65,66,67,68,69,70,71,72,73,74,75,76,77,78,79,80,81,82,83,84,85,86,87,88,89,90,91,92,93,94,95,96,97,98,99,100,101,102,103,104,105,106,107,108,109,110,111,112,113,114,115,116,117,118,119,120,121,122,123,124,125,126,127,128,129,130,131,132,133,134,135,136,137,138,139,140,141,142,143,144,145,146,147,148,149,150,151,152,153,154,155,156,157,158,159,160,161,162,163,164,165,166,167,168,169,170,171,172,173,174,175,1,2,1,,,1,2013,0,0,0,0,0,0,0,0,0,0,0,0,0,0,0,0,0,0,0,0,0,0,0,3765.63818359375,4200.97314453125,4556.1865234375,4981.4853515625,5461.01806640625,6085.12744140625,6887.16943359375,7655.61474609375,8231.0849609375,8727.08984375,9196.4208984375,9648.943359375,9979.703125,10397.9951171875,10902.8134765625,11464.7021484375,12039.4072265625,12496.7255859375,12866.1494140625,13203.4853515625,13475.1240234375,13733.5126953125,13979.5078125,14152.4287109375,14172.3349609375,14263.1708984375,14483.57421875,14609.3916015625,14613.658203125,14708.6513671875,14836.3623046875,15000,15132.28515625,15204.8935546875,15312.544921875,14912.716796875,14801.6044921875,14775.0322265625,14629.8955078125,0,0,0,0,0,0,0,0,0,0,0,0,0,0,0,0,0,0,0,0,0,0,0,0,0,0,0,0,0,0,0,0,0,0,0,0,0,0,0,0,0,0,0,0,0,0,0,0,0,0,0,0,0,0,0,0,0,0
2,800,4,0,0,0,4783,47832,247832,147832,5067.365234375,67,74,1946,1939,5,6,7,8,9,10,11,12,13,14,15,16,17,18,19,20,21,22,23,24,25,26,27,28,29,30,31,32,33,34,35,36,37,38,39,40,41,42,43,44,45,46,47,48,49,50,51,52,53,54,55,56,57,58,59,60,61,62,63,64,65,66,67,68,69,70,71,72,73,74,75,76,77,78,79,80,81,82,83,84,85,86,87,88,89,90,91,92,93,94,95,96,97,98,99,100,101,102,103,104,105,106,107,108,109,110,111,112,113,114,115,116,117,118,119,120,121,122,123,124,125,126,127,128,129,130,131,132,133,134,135,136,137,138,139,140,141,142,143,144,145,146,147,148,149,150,151,152,153,154,155,156,157,158,159,160,161,162,163,164,165,166,167,168,2,1,1,,2017,2,2013,0,0,0,0,0,0,0,0,0,0,0,0,0,0,0,0,0,0,0,0,0,0,0,0,0,0,0,0,0,0,0,0,0,0,0,0,0,0,0,0,0,0,0,0,0,0,0,0,0,0,0,0,0,0,0,0,0,0,0,9758.318359375,9847.6640625,9857.9130859375,9800,9735.0361328125,9539.6171875,9410.8544921875,9336.5888671875,0,0,0,0,0,0,0,0,0,0,0,0,0,0,0,0,0,0,0,0,0,0,0,0,0,0,0,0,0,0,0,0,0,0,0,0,0,0,0,0,0,0,0,0,0,0,0,0,0,0,0,0,0
2,800,4,0,0,0,4783,47833,147833,247833,5072.40869140625,74,67,1939,1946,12,13,14,15,16,17,18,19,20,21,22,23,24,25,26,27,28,29,30,31,32,33,34,35,36,37,38,39,40,41,42,43,44,45,46,47,48,49,50,51,52,53,54,55,56,57,58,59,60,61,62,63,64,65,66,67,68,69,70,71,72,73,74,75,76,77,78,79,80,81,82,83,84,85,86,87,88,89,90,91,92,93,94,95,96,97,98,99,100,101,102,103,104,105,106,107,108,109,110,111,112,113,114,115,116,117,118,119,120,121,122,123,124,125,126,127,128,129,130,131,132,133,134,135,136,137,138,139,140,141,142,143,144,145,146,147,148,149,150,151,152,153,154,155,156,157,158,159,160,161,162,163,164,165,166,167,168,169,170,171,172,173,174,175,1,2,1,,,1,2013,0,0,0,0,0,0,0,0,0,0,0,0,0,0,0,0,0,0,0,0,0,0,0,3765.63818359375,4200.97314453125,4556.1865234375,4981.4853515625,5461.01806640625,6085.12744140625,6887.16943359375,7655.61474609375,8231.0849609375,8727.08984375,9196.4208984375,9648.943359375,9979.703125,10397.9951171875,10902.8134765625,11464.7021484375,12039.4072265625,12496.7255859375,12866.1494140625,13203.4853515625,13475.1240234375,13733.5126953125,13979.5078125,14152.4287109375,14172.3349609375,14263.1708984375,14483.57421875,14609.3916015625,14613.658203125,14708.6513671875,14836.3623046875,15000,15132.28515625,15204.8935546875,15312.544921875,14912.716796875,14801.6044921875,14775.0322265625,14629.8955078125,0,0,0,0,0,0,0,0,0,0,0,0,0,0,0,0,0,0,0,0,0,0,0,0,0,0,0,0,0,0,0,0,0,0,0,0,0,0,0,0,0,0,0,0,0,0,0,0,0,0,0,0,0,0,0,0,0,0
2,800,4,0,0,0,4783,47833,247833,147833,5072.40869140625,67,74,1946,1939,5,6,7,8,9,10,11,12,13,14,15,16,17,18,19,20,21,22,23,24,25,26,27,28,29,30,31,32,33,34,35,36,37,38,39,40,41,42,43,44,45,46,47,48,49,50,51,52,53,54,55,56,57,58,59,60,61,62,63,64,65,66,67,68,69,70,71,72,73,74,75,76,77,78,79,80,81,82,83,84,85,86,87,88,89,90,91,92,93,94,95,96,97,98,99,100,101,102,103,104,105,106,107,108,109,110,111,112,113,114,115,116,117,118,119,120,121,122,123,124,125,126,127,128,129,130,131,132,133,134,135,136,137,138,139,140,141,142,143,144,145,146,147,148,149,150,151,152,153,154,155,156,157,158,159,160,161,162,163,164,165,166,167,168,2,1,1,,2017,2,2013,0,0,0,0,0,0,0,0,0,0,0,0,0,0,0,0,0,0,0,0,0,0,0,0,0,0,0,0,0,0,0,0,0,0,0,0,0,0,0,0,0,0,0,0,0,0,0,0,0,0,0,0,0,0,0,0,0,0,0,9758.318359375,9847.6640625,9857.9130859375,9800,9735.0361328125,9539.6171875,9410.8544921875,9336.5888671875,0,0,0,0,0,0,0,0,0,0,0,0,0,0,0,0,0,0,0,0,0,0,0,0,0,0,0,0,0,0,0,0,0,0,0,0,0,0,0,0,0,0,0,0,0,0,0,0,0,0,0,0,0
2,800,4,0,0,0,4783,47834,147834,247834,5075.8154296875,74,67,1939,1946,12,13,14,15,16,17,18,19,20,21,22,23,24,25,26,27,28,29,30,31,32,33,34,35,36,37,38,39,40,41,42,43,44,45,46,47,48,49,50,51,52,53,54,55,56,57,58,59,60,61,62,63,64,65,66,67,68,69,70,71,72,73,74,75,76,77,78,79,80,81,82,83,84,85,86,87,88,89,90,91,92,93,94,95,96,97,98,99,100,101,102,103,104,105,106,107,108,109,110,111,112,113,114,115,116,117,118,119,120,121,122,123,124,125,126,127,128,129,130,131,132,133,134,135,136,137,138,139,140,141,142,143,144,145,146,147,148,149,150,151,152,153,154,155,156,157,158,159,160,161,162,163,164,165,166,167,168,169,170,171,172,173,174,175,1,2,1,,,1,2013,0,0,0,0,0,0,0,0,0,0,0,0,0,0,0,0,0,0,0,0,0,0,0,3765.63818359375,4200.97314453125,4556.1865234375,4981.4853515625,5461.01806640625,6085.12744140625,6887.16943359375,7655.61474609375,8231.0849609375,8727.08984375,9196.4208984375,9648.943359375,9979.703125,10397.9951171875,10902.8134765625,11464.7021484375,12039.4072265625,12496.7255859375,12866.1494140625,13203.4853515625,13475.1240234375,13733.5126953125,13979.5078125,14152.4287109375,14172.3349609375,14263.1708984375,14483.57421875,14609.3916015625,14613.658203125,14708.6513671875,14836.3623046875,15000,15132.28515625,15204.8935546875,15312.544921875,14912.716796875,14801.6044921875,14775.0322265625,14629.8955078125,0,0,0,0,0,0,0,0,0,0,0,0,0,0,0,0,0,0,0,0,0,0,0,0,0,0,0,0,0,0,0,0,0,0,0,0,0,0,0,0,0,0,0,0,0,0,0,0,0,0,0,0,0,0,0,0,0,0
2,800,4,0,0,0,4783,47834,247834,147834,5075.8154296875,67,74,1946,1939,5,6,7,8,9,10,11,12,13,14,15,16,17,18,19,20,21,22,23,24,25,26,27,28,29,30,31,32,33,34,35,36,37,38,39,40,41,42,43,44,45,46,47,48,49,50,51,52,53,54,55,56,57,58,59,60,61,62,63,64,65,66,67,68,69,70,71,72,73,74,75,76,77,78,79,80,81,82,83,84,85,86,87,88,89,90,91,92,93,94,95,96,97,98,99,100,101,102,103,104,105,106,107,108,109,110,111,112,113,114,115,116,117,118,119,120,121,122,123,124,125,126,127,128,129,130,131,132,133,134,135,136,137,138,139,140,141,142,143,144,145,146,147,148,149,150,151,152,153,154,155,156,157,158,159,160,161,162,163,164,165,166,167,168,2,1,1,,2017,2,2013,0,0,0,0,0,0,0,0,0,0,0,0,0,0,0,0,0,0,0,0,0,0,0,0,0,0,0,0,0,0,0,0,0,0,0,0,0,0,0,0,0,0,0,0,0,0,0,0,0,0,0,0,0,0,0,0,0,0,0,9758.318359375,9847.6640625,9857.9130859375,9800,9735.0361328125,9539.6171875,9410.8544921875,9336.5888671875,0,0,0,0,0,0,0,0,0,0,0,0,0,0,0,0,0,0,0,0,0,0,0,0,0,0,0,0,0,0,0,0,0,0,0,0,0,0,0,0,0,0,0,0,0,0,0,0,0,0,0,0,0
2,800,4,0,0,0,4783,47835,147835,247835,5069.9375,74,67,1939,1946,12,13,14,15,16,17,18,19,20,21,22,23,24,25,26,27,28,29,30,31,32,33,34,35,36,37,38,39,40,41,42,43,44,45,46,47,48,49,50,51,52,53,54,55,56,57,58,59,60,61,62,63,64,65,66,67,68,69,70,71,72,73,74,75,76,77,78,79,80,81,82,83,84,85,86,87,88,89,90,91,92,93,94,95,96,97,98,99,100,101,102,103,104,105,106,107,108,109,110,111,112,113,114,115,116,117,118,119,120,121,122,123,124,125,126,127,128,129,130,131,132,133,134,135,136,137,138,139,140,141,142,143,144,145,146,147,148,149,150,151,152,153,154,155,156,157,158,159,160,161,162,163,164,165,166,167,168,169,170,171,172,173,174,175,1,2,1,,,1,2013,0,0,0,0,0,0,0,0,0,0,0,0,0,0,0,0,0,0,0,0,0,0,0,3765.63818359375,4200.97314453125,4556.1865234375,4981.4853515625,5461.01806640625,6085.12744140625,6887.16943359375,7655.61474609375,8231.0849609375,8727.08984375,9196.4208984375,9648.943359375,9979.703125,10397.9951171875,10902.8134765625,11464.7021484375,12039.4072265625,12496.7255859375,12866.1494140625,13203.4853515625,13475.1240234375,13733.5126953125,13979.5078125,14152.4287109375,14172.3349609375,14263.1708984375,14483.57421875,14609.3916015625,14613.658203125,14708.6513671875,14836.3623046875,15000,15132.28515625,15204.8935546875,15312.544921875,14912.716796875,14801.6044921875,14775.0322265625,14629.8955078125,0,0,0,0,0,0,0,0,0,0,0,0,0,0,0,0,0,0,0,0,0,0,0,0,0,0,0,0,0,0,0,0,0,0,0,0,0,0,0,0,0,0,0,0,0,0,0,0,0,0,0,0,0,0,0,0,0,0
2,800,4,0,0,0,4783,47835,247835,147835,5069.9375,67,74,1946,1939,5,6,7,8,9,10,11,12,13,14,15,16,17,18,19,20,21,22,23,24,25,26,27,28,29,30,31,32,33,34,35,36,37,38,39,40,41,42,43,44,45,46,47,48,49,50,51,52,53,54,55,56,57,58,59,60,61,62,63,64,65,66,67,68,69,70,71,72,73,74,75,76,77,78,79,80,81,82,83,84,85,86,87,88,89,90,91,92,93,94,95,96,97,98,99,100,101,102,103,104,105,106,107,108,109,110,111,112,113,114,115,116,117,118,119,120,121,122,123,124,125,126,127,128,129,130,131,132,133,134,135,136,137,138,139,140,141,142,143,144,145,146,147,148,149,150,151,152,153,154,155,156,157,158,159,160,161,162,163,164,165,166,167,168,2,1,1,,2017,2,2013,0,0,0,0,0,0,0,0,0,0,0,0,0,0,0,0,0,0,0,0,0,0,0,0,0,0,0,0,0,0,0,0,0,0,0,0,0,0,0,0,0,0,0,0,0,0,0,0,0,0,0,0,0,0,0,0,0,0,0,9758.318359375,9847.6640625,9857.9130859375,9800,9735.0361328125,9539.6171875,9410.8544921875,9336.5888671875,0,0,0,0,0,0,0,0,0,0,0,0,0,0,0,0,0,0,0,0,0,0,0,0,0,0,0,0,0,0,0,0,0,0,0,0,0,0,0,0,0,0,0,0,0,0,0,0,0,0,0,0,0
0,0,0,0,0,0,5171,51711,151711,251711,4813.10498046875,38,33,1975,1980,0,0,0,0,0,0,0,0,0,0,0,0,0,0,0,0,0,0,0,0,0,0,0,0,0,1,2,3,4,5,6,7,8,9,10,11,12,13,14,15,16,17,18,19,20,21,22,23,24,25,26,27,28,29,30,31,32,33,34,35,36,37,38,39,40,41,42,43,44,45,46,47,48,49,50,51,52,53,54,55,56,57,58,59,60,61,62,63,64,65,66,67,68,69,70,71,72,73,74,75,76,77,78,79,80,81,82,83,84,85,86,87,88,89,90,91,92,93,94,95,96,97,98,99,100,101,102,103,104,105,106,107,108,109,110,111,112,113,114,115,116,117,118,119,120,121,122,123,124,125,126,127,128,129,130,131,132,133,134,135,136,137,138,139,1,2,1,9999,9999,1,2013,0,0,0,0,0,0,0,0,0,0,0,0,0,0,0,0,0,0,0,0,0,0,0,0,0,0,0,0,0,0,0,0,0,0,0,0,0,0,0,0,0,0,0,13860.0048828125,14941.134765625,16086.6328125,17225.630859375,18245.53125,19422.36328125,23299.62109375,24858.5703125,26301.123046875,28000.0703125,29873.42578125,31946.255859375,34088.22265625,36228.81640625,38591.3046875,39752.98828125,41734.296875,44063.9765625,46149.5859375,48000,49886.73046875,51145.890625,52788.67578125,54793.9609375,56955.0625,58755.7890625,60308.36328125,63694.32421875,68640.1484375,71966.1796875,74557.8203125,76769.609375,78765.640625,80625.3984375,82406.1875,84116.6171875,85736.7265625,87254.6484375,88662.1328125,89952.734375,91120.328125,92159.6640625,93065.8203125,93834.71875,94462.7734375,94946.8359375,95284.921875,95475.125,95516.8671875,95409.6640625,95154.34375,94751.796875,94204.203125,93513.84375,92684.125,91718.609375,90621.875,0,0,0,0,0,0,0,0,0,0,0,0,0,0,0,0,0,0,0,0
0,0,0,0,0,0,5171,51711,251711,151711,4813.10498046875,33,38,1980,1975,0,0,0,0,0,0,0,0,0,0,0,0,0,0,0,0,0,0,0,0,0,0,0,0,0,0,0,0,0,0,1,2,3,4,5,6,7,8,9,10,11,12,13,14,15,16,17,18,19,20,21,22,23,24,25,26,27,28,29,30,31,32,33,34,35,36,37,38,39,40,41,42,43,44,45,46,47,48,49,50,51,52,53,54,55,56,57,58,59,60,61,62,63,64,65,66,67,68,69,70,71,72,73,74,75,76,77,78,79,80,81,82,83,84,85,86,87,88,89,90,91,92,93,94,95,96,97,98,99,100,101,102,103,104,105,106,107,108,109,110,111,112,113,114,115,116,117,118,119,120,121,122,123,124,125,126,127,128,129,130,131,132,133,134,2,1,1,2028,2028,2,2013,0,0,0,0,0,0,0,0,0,0,0,0,0,0,0,0,0,0,0,0,0,0,0,0,0,0,0,0,0,0,0,0,0,0,0,0,0,0,0,0,0,0,0,0,0,0,0,0,0,0,0,0,0,0,23136.705078125,24881.154296875,26650.501953125,28610.4921875,29702.341796875,31426.693359375,33440.62109375,35297.4296875,37000,38755.203125,40044.30859375,41653.9140625,43574.5,45647.51171875,47459.20703125,49094.40625,52256.49609375,56754.7734375,59970.44140625,62616.2578125,64978.28515625,67189.3359375,69313.921875,71399.2265625,0,0,0,0,0,0,0,0,0,0,0,0,0,0,0,0,0,0,0,0,0,0,0,0,0,0,0,0,0,0,0,0,0,0,0,0,0,0,0,0,0,0
0,0,0,0,0,0,5171,51712,151712,251712,4850.91259765625,38,33,1975,1980,0,0,0,0,0,0,0,0,0,0,0,0,0,0,0,0,0,0,0,0,0,0,0,0,0,1,2,3,4,5,6,7,8,9,10,11,12,13,14,15,16,17,18,19,20,21,22,23,24,25,26,27,28,29,30,31,32,33,34,35,36,37,38,39,40,41,42,43,44,45,46,47,48,49,50,51,52,53,54,55,56,57,58,59,60,61,62,63,64,65,66,67,68,69,70,71,72,73,74,75,76,77,78,79,80,81,82,83,84,85,86,87,88,89,90,91,92,93,94,95,96,97,98,99,100,101,102,103,104,105,106,107,108,109,110,111,112,113,114,115,116,117,118,119,120,121,122,123,124,125,126,127,128,129,130,131,132,133,134,135,136,137,138,139,1,2,1,9999,9999,1,2013,0,0,0,0,0,0,0,0,0,0,0,0,0,0,0,0,0,0,0,0,0,0,0,0,0,0,0,0,0,0,0,0,0,0,0,0,0,0,0,0,0,0,0,13860.0048828125,14941.134765625,16086.6328125,17225.630859375,18245.53125,19422.36328125,23299.62109375,24858.5703125,26301.123046875,28000.0703125,29873.42578125,31946.255859375,34088.22265625,36228.81640625,38591.3046875,39752.98828125,41734.296875,44063.9765625,46149.5859375,48000,49886.73046875,51145.890625,52788.67578125,54793.9609375,56955.0625,58755.7890625,60308.36328125,63694.32421875,68640.1484375,71966.1796875,74557.8203125,76769.609375,78765.640625,80625.3984375,82406.1875,84116.6171875,85736.7265625,87254.6484375,88662.1328125,89952.734375,91120.328125,92159.6640625,93065.8203125,93834.71875,94462.7734375,94946.8359375,95284.921875,95475.125,95516.8671875,95409.6640625,95154.34375,94751.796875,94204.203125,93513.84375,92684.125,91718.609375,90621.875,0,0,0,0,0,0,0,0,0,0,0,0,0,0,0,0,0,0,0,0
0,0,0,0,0,0,5171,51712,251712,151712,4850.91259765625,33,38,1980,1975,0,0,0,0,0,0,0,0,0,0,0,0,0,0,0,0,0,0,0,0,0,0,0,0,0,0,0,0,0,0,1,2,3,4,5,6,7,8,9,10,11,12,13,14,15,16,17,18,19,20,21,22,23,24,25,26,27,28,29,30,31,32,33,34,35,36,37,38,39,40,41,42,43,44,45,46,47,48,49,50,51,52,53,54,55,56,57,58,59,60,61,62,63,64,65,66,67,68,69,70,71,72,73,74,75,76,77,78,79,80,81,82,83,84,85,86,87,88,89,90,91,92,93,94,95,96,97,98,99,100,101,102,103,104,105,106,107,108,109,110,111,112,113,114,115,116,117,118,119,120,121,122,123,124,125,126,127,128,129,130,131,132,133,134,2,1,1,2028,2028,2,2013,0,0,0,0,0,0,0,0,0,0,0,0,0,0,0,0,0,0,0,0,0,0,0,0,0,0,0,0,0,0,0,0,0,0,0,0,0,0,0,0,0,0,0,0,0,0,0,0,0,0,0,0,0,0,23136.705078125,24881.154296875,26650.501953125,28610.4921875,29702.341796875,31426.693359375,33440.62109375,35297.4296875,37000,38755.203125,40044.30859375,41653.9140625,43574.5,45647.51171875,47459.20703125,49094.40625,52256.49609375,56754.7734375,59970.44140625,62616.2578125,64978.28515625,67189.3359375,69313.921875,71399.2265625,0,0,0,0,0,0,0,0,0,0,0,0,0,0,0,0,0,0,0,0,0,0,0,0,0,0,0,0,0,0,0,0,0,0,0,0,0,0,0,0,0,0
0,0,0,0,0,0,5171,51713,151713,251713,4796.62939453125,38,33,1975,1980,0,0,0,0,0,0,0,0,0,0,0,0,0,0,0,0,0,0,0,0,0,0,0,0,0,1,2,3,4,5,6,7,8,9,10,11,12,13,14,15,16,17,18,19,20,21,22,23,24,25,26,27,28,29,30,31,32,33,34,35,36,37,38,39,40,41,42,43,44,45,46,47,48,49,50,51,52,53,54,55,56,57,58,59,60,61,62,63,64,65,66,67,68,69,70,71,72,73,74,75,76,77,78,79,80,81,82,83,84,85,86,87,88,89,90,91,92,93,94,95,96,97,98,99,100,101,102,103,104,105,106,107,108,109,110,111,112,113,114,115,116,117,118,119,120,121,122,123,124,125,126,127,128,129,130,131,132,133,134,135,136,137,138,139,1,2,1,9999,9999,1,2013,0,0,0,0,0,0,0,0,0,0,0,0,0,0,0,0,0,0,0,0,0,0,0,0,0,0,0,0,0,0,0,0,0,0,0,0,0,0,0,0,0,0,0,13860.0048828125,14941.134765625,16086.6328125,17225.630859375,18245.53125,19422.36328125,23299.62109375,24858.5703125,26301.123046875,28000.0703125,29873.42578125,31946.255859375,34088.22265625,36228.81640625,38591.3046875,39752.98828125,41734.296875,44063.9765625,46149.5859375,48000,49886.73046875,51145.890625,52788.67578125,54793.9609375,56955.0625,58755.7890625,60308.36328125,63694.32421875,68640.1484375,71966.1796875,74557.8203125,76769.609375,78765.640625,80625.3984375,82406.1875,84116.6171875,85736.7265625,87254.6484375,88662.1328125,89952.734375,91120.328125,92159.6640625,93065.8203125,93834.71875,94462.7734375,94946.8359375,95284.921875,95475.125,95516.8671875,95409.6640625,95154.34375,94751.796875,94204.203125,93513.84375,92684.125,91718.609375,90621.875,0,0,0,0,0,0,0,0,0,0,0,0,0,0,0,0,0,0,0,0
0,0,0,0,0,0,5171,51713,251713,151713,4796.62939453125,33,38,1980,1975,0,0,0,0,0,0,0,0,0,0,0,0,0,0,0,0,0,0,0,0,0,0,0,0,0,0,0,0,0,0,1,2,3,4,5,6,7,8,9,10,11,12,13,14,15,16,17,18,19,20,21,22,23,24,25,26,27,28,29,30,31,32,33,34,35,36,37,38,39,40,41,42,43,44,45,46,47,48,49,50,51,52,53,54,55,56,57,58,59,60,61,62,63,64,65,66,67,68,69,70,71,72,73,74,75,76,77,78,79,80,81,82,83,84,85,86,87,88,89,90,91,92,93,94,95,96,97,98,99,100,101,102,103,104,105,106,107,108,109,110,111,112,113,114,115,116,117,118,119,120,121,122,123,124,125,126,127,128,129,130,131,132,133,134,2,1,1,2028,2028,2,2013,0,0,0,0,0,0,0,0,0,0,0,0,0,0,0,0,0,0,0,0,0,0,0,0,0,0,0,0,0,0,0,0,0,0,0,0,0,0,0,0,0,0,0,0,0,0,0,0,0,0,0,0,0,0,23136.705078125,24881.154296875,26650.501953125,28610.4921875,29702.341796875,31426.693359375,33440.62109375,35297.4296875,37000,38755.203125,40044.30859375,41653.9140625,43574.5,45647.51171875,47459.20703125,49094.40625,52256.49609375,56754.7734375,59970.44140625,62616.2578125,64978.28515625,67189.3359375,69313.921875,71399.2265625,0,0,0,0,0,0,0,0,0,0,0,0,0,0,0,0,0,0,0,0,0,0,0,0,0,0,0,0,0,0,0,0,0,0,0,0,0,0,0,0,0,0
0,0,0,0,0,0,5171,51714,151714,251714,4841.7958984375,38,33,1975,1980,0,0,0,0,0,0,0,0,0,0,0,0,0,0,0,0,0,0,0,0,0,0,0,0,0,1,2,3,4,5,6,7,8,9,10,11,12,13,14,15,16,17,18,19,20,21,22,23,24,25,26,27,28,29,30,31,32,33,34,35,36,37,38,39,40,41,42,43,44,45,46,47,48,49,50,51,52,53,54,55,56,57,58,59,60,61,62,63,64,65,66,67,68,69,70,71,72,73,74,75,76,77,78,79,80,81,82,83,84,85,86,87,88,89,90,91,92,93,94,95,96,97,98,99,100,101,102,103,104,105,106,107,108,109,110,111,112,113,114,115,116,117,118,119,120,121,122,123,124,125,126,127,128,129,130,131,132,133,134,135,136,137,138,139,1,2,1,9999,9999,1,2013,0,0,0,0,0,0,0,0,0,0,0,0,0,0,0,0,0,0,0,0,0,0,0,0,0,0,0,0,0,0,0,0,0,0,0,0,0,0,0,0,0,0,0,13860.0048828125,14941.134765625,16086.6328125,17225.630859375,18245.53125,19422.36328125,23299.62109375,24858.5703125,26301.123046875,28000.0703125,29873.42578125,31946.255859375,34088.22265625,36228.81640625,38591.3046875,39752.98828125,41734.296875,44063.9765625,46149.5859375,48000,49886.73046875,51145.890625,52788.67578125,54793.9609375,56955.0625,58755.7890625,60308.36328125,63694.32421875,68640.1484375,71966.1796875,74557.8203125,76769.609375,78765.640625,80625.3984375,82406.1875,84116.6171875,85736.7265625,87254.6484375,88662.1328125,89952.734375,91120.328125,92159.6640625,93065.8203125,93834.71875,94462.7734375,94946.8359375,95284.921875,95475.125,95516.8671875,95409.6640625,95154.34375,94751.796875,94204.203125,93513.84375,92684.125,91718.609375,90621.875,0,0,0,0,0,0,0,0,0,0,0,0,0,0,0,0,0,0,0,0
0,0,0,0,0,0,5171,51714,251714,151714,4841.7958984375,33,38,1980,1975,0,0,0,0,0,0,0,0,0,0,0,0,0,0,0,0,0,0,0,0,0,0,0,0,0,0,0,0,0,0,1,2,3,4,5,6,7,8,9,10,11,12,13,14,15,16,17,18,19,20,21,22,23,24,25,26,27,28,29,30,31,32,33,34,35,36,37,38,39,40,41,42,43,44,45,46,47,48,49,50,51,52,53,54,55,56,57,58,59,60,61,62,63,64,65,66,67,68,69,70,71,72,73,74,75,76,77,78,79,80,81,82,83,84,85,86,87,88,89,90,91,92,93,94,95,96,97,98,99,100,101,102,103,104,105,106,107,108,109,110,111,112,113,114,115,116,117,118,119,120,121,122,123,124,125,126,127,128,129,130,131,132,133,134,2,1,1,2028,2028,2,2013,0,0,0,0,0,0,0,0,0,0,0,0,0,0,0,0,0,0,0,0,0,0,0,0,0,0,0,0,0,0,0,0,0,0,0,0,0,0,0,0,0,0,0,0,0,0,0,0,0,0,0,0,0,0,23136.705078125,24881.154296875,26650.501953125,28610.4921875,29702.341796875,31426.693359375,33440.62109375,35297.4296875,37000,38755.203125,40044.30859375,41653.9140625,43574.5,45647.51171875,47459.20703125,49094.40625,52256.49609375,56754.7734375,59970.44140625,62616.2578125,64978.28515625,67189.3359375,69313.921875,71399.2265625,0,0,0,0,0,0,0,0,0,0,0,0,0,0,0,0,0,0,0,0,0,0,0,0,0,0,0,0,0,0,0,0,0,0,0,0,0,0,0,0,0,0
0,0,0,0,0,0,5171,51715,151715,251715,4827.3662109375,38,33,1975,1980,0,0,0,0,0,0,0,0,0,0,0,0,0,0,0,0,0,0,0,0,0,0,0,0,0,1,2,3,4,5,6,7,8,9,10,11,12,13,14,15,16,17,18,19,20,21,22,23,24,25,26,27,28,29,30,31,32,33,34,35,36,37,38,39,40,41,42,43,44,45,46,47,48,49,50,51,52,53,54,55,56,57,58,59,60,61,62,63,64,65,66,67,68,69,70,71,72,73,74,75,76,77,78,79,80,81,82,83,84,85,86,87,88,89,90,91,92,93,94,95,96,97,98,99,100,101,102,103,104,105,106,107,108,109,110,111,112,113,114,115,116,117,118,119,120,121,122,123,124,125,126,127,128,129,130,131,132,133,134,135,136,137,138,139,1,2,1,9999,9999,1,2013,0,0,0,0,0,0,0,0,0,0,0,0,0,0,0,0,0,0,0,0,0,0,0,0,0,0,0,0,0,0,0,0,0,0,0,0,0,0,0,0,0,0,0,13860.0048828125,14941.134765625,16086.6328125,17225.630859375,18245.53125,19422.36328125,23299.62109375,24858.5703125,26301.123046875,28000.0703125,29873.42578125,31946.255859375,34088.22265625,36228.81640625,38591.3046875,39752.98828125,41734.296875,44063.9765625,46149.5859375,48000,49886.73046875,51145.890625,52788.67578125,54793.9609375,56955.0625,58755.7890625,60308.36328125,63694.32421875,68640.1484375,71966.1796875,74557.8203125,76769.609375,78765.640625,80625.3984375,82406.1875,84116.6171875,85736.7265625,87254.6484375,88662.1328125,89952.734375,91120.328125,92159.6640625,93065.8203125,93834.71875,94462.7734375,94946.8359375,95284.921875,95475.125,95516.8671875,95409.6640625,95154.34375,94751.796875,94204.203125,93513.84375,92684.125,91718.609375,90621.875,0,0,0,0,0,0,0,0,0,0,0,0,0,0,0,0,0,0,0,0
0,0,0,0,0,0,5171,51715,251715,151715,4827.3662109375,33,38,1980,1975,0,0,0,0,0,0,0,0,0,0,0,0,0,0,0,0,0,0,0,0,0,0,0,0,0,0,0,0,0,0,1,2,3,4,5,6,7,8,9,10,11,12,13,14,15,16,17,18,19,20,21,22,23,24,25,26,27,28,29,30,31,32,33,34,35,36,37,38,39,40,41,42,43,44,45,46,47,48,49,50,51,52,53,54,55,56,57,58,59,60,61,62,63,64,65,66,67,68,69,70,71,72,73,74,75,76,77,78,79,80,81,82,83,84,85,86,87,88,89,90,91,92,93,94,95,96,97,98,99,100,101,102,103,104,105,106,107,108,109,110,111,112,113,114,115,116,117,118,119,120,121,122,123,124,125,126,127,128,129,130,131,132,133,134,2,1,1,2028,2028,2,2013,0,0,0,0,0,0,0,0,0,0,0,0,0,0,0,0,0,0,0,0,0,0,0,0,0,0,0,0,0,0,0,0,0,0,0,0,0,0,0,0,0,0,0,0,0,0,0,0,0,0,0,0,0,0,23136.705078125,24881.154296875,26650.501953125,28610.4921875,29702.341796875,31426.693359375,33440.62109375,35297.4296875,37000,38755.203125,40044.30859375,41653.9140625,43574.5,45647.51171875,47459.20703125,49094.40625,52256.49609375,56754.7734375,59970.44140625,62616.2578125,64978.28515625,67189.3359375,69313.921875,71399.2265625,0,0,0,0,0,0,0,0,0,0,0,0,0,0,0,0,0,0,0,0,0,0,0,0,0,0,0,0,0,0,0,0,0,0,0,0,0,0,0,0,0,0
0,0,0,0,0,0,5521,55211,155211,255211,3693.4296875,49,48,1964,1965,0,0,0,0,0,0,0,0,0,0,0,0,0,0,1,2,3,4,5,6,7,8,9,10,11,12,13,14,15,16,17,18,19,20,21,22,23,24,25,26,27,28,29,30,31,32,33,34,35,36,37,38,39,40,41,42,43,44,45,46,47,48,49,50,51,52,53,54,55,56,57,58,59,60,61,62,63,64,65,66,67,68,69,70,71,72,73,74,75,76,77,78,79,80,81,82,83,84,85,86,87,88,89,90,91,92,93,94,95,96,97,98,99,100,101,102,103,104,105,106,107,108,109,110,111,112,113,114,115,116,117,118,119,120,121,122,123,124,125,126,127,128,129,130,131,132,133,134,135,136,137,138,139,140,141,142,143,144,145,146,147,148,149,150,1,2,1,2033,2033,1,2013,0,0,0,0,0,0,0,0,0,0,0,0,0,0,0,0,0,0,0,0,0,0,0,0,0,0,0,0,0,0,0,14636.5283203125,16135.220703125,17678.634765625,19285.623046875,20739.412109375,22467.40234375,24494.34765625,26780.24609375,29240.265625,31557.087890625,37730.1953125,40258.12109375,42719.10546875,45268.43359375,47910.4453125,50430.55078125,52508.33203125,54944.890625,58011.14453125,60840.43359375,63276.66015625,66218.828125,69448.1875,73004.3984375,76574.9140625,80000,0,0,0,86546.421875,88026.9296875,90000,91947.3984375,92665.640625,94016.015625,95928.3359375,98016.703125,99396.6015625,100288.59375,104118.5859375,110295.7734375,113674.28125,115765.8671875,117173.59375,118176.296875,118910.046875,119470.328125,119876.921875,120108.515625,120156.9765625,120019.359375,119696.3984375,0,0,0,0,0,0,0,0,0,0,0,0,0,0,0,0,0,0,0,0,0,0,0,0,0,0,0,0,0,0,0,0,0,0,0,0,0
0,0,0,0,0,0,5521,55211,255211,155211,3693.4296875,48,49,1965,1964,0,0,0,0,0,0,0,0,0,0,0,0,0,0,0,1,2,3,4,5,6,7,8,9,10,11,12,13,14,15,16,17,18,19,20,21,22,23,24,25,26,27,28,29,30,31,32,33,34,35,36,37,38,39,40,41,42,43,44,45,46,47,48,49,50,51,52,53,54,55,56,57,58,59,60,61,62,63,64,65,66,67,68,69,70,71,72,73,74,75,76,77,78,79,80,81,82,83,84,85,86,87,88,89,90,91,92,93,94,95,96,97,98,99,100,101,102,103,104,105,106,107,108,109,110,111,112,113,114,115,116,117,118,119,120,121,122,123,124,125,126,127,128,129,130,131,132,133,134,135,136,137,138,139,140,141,142,143,144,145,146,147,148,149,2,1,1,2030,2030,2,2013,0,0,0,0,0,0,0,0,0,0,0,0,0,0,0,0,0,0,0,0,0,0,0,0,0,0,0,0,0,0,0,0,0,0,0,0,0,0,0,0,7612.77587890625,9116.16015625,9742.11328125,10353.78125,10988.76953125,11648.2568359375,12280.0810546875,12805.982421875,13421.12109375,14192.2109375,14907.5986328125,15528.736328125,16276.1337890625,17096.509765625,18000,0,0,0,0,5935.58642578125,21782.587890625,22460.73046875,23000,23534.32421875,23755.1484375,24138.931640625,24668.337890625,25244.67578125,25640.025390625,25910.490234375,26941.95703125,28584.888671875,29506.453125,30096.2578125,30509.73828125,30818.83984375,31058.58203125,31253.58984375,31408.861328125,31518.6484375,0,0,0,0,0,0,0,0,0,0,0,0,0,0,0,0,0,0,0,0,0,0,0,0,0,0,0,0,0,0,0,0,0,0,0,0,0,0,0,0
0,0,0,0,0,0,5521,55212,155212,255212,3725.248046875,49,48,1964,1965,0,0,0,0,0,0,0,0,0,0,0,0,0,0,1,2,3,4,5,6,7,8,9,10,11,12,13,14,15,16,17,18,19,20,21,22,23,24,25,26,27,28,29,30,31,32,33,34,35,36,37,38,39,40,41,42,43,44,45,46,47,48,49,50,51,52,53,54,55,56,57,58,59,60,61,62,63,64,65,66,67,68,69,70,71,72,73,74,75,76,77,78,79,80,81,82,83,84,85,86,87,88,89,90,91,92,93,94,95,96,97,98,99,100,101,102,103,104,105,106,107,108,109,110,111,112,113,114,115,116,117,118,119,120,121,122,123,124,125,126,127,128,129,130,131,132,133,134,135,136,137,138,139,140,141,142,143,144,145,146,147,148,149,150,1,2,1,2033,2033,1,2013,0,0,0,0,0,0,0,0,0,0,0,0,0,0,0,0,0,0,0,0,0,0,0,0,0,0,0,0,0,0,0,14636.5283203125,16135.220703125,17678.634765625,19285.623046875,20739.412109375,22467.40234375,24494.34765625,26780.24609375,29240.265625,31557.087890625,37730.1953125,40258.12109375,42719.10546875,45268.43359375,47910.4453125,50430.55078125,52508.33203125,54944.890625,58011.14453125,60840.43359375,63276.66015625,66218.828125,69448.1875,73004.3984375,76574.9140625,80000,0,0,0,86546.421875,88026.9296875,90000,91947.3984375,92665.640625,94016.015625,95928.3359375,98016.703125,99396.6015625,100288.59375,104118.5859375,110295.7734375,113674.28125,115765.8671875,117173.59375,118176.296875,118910.046875,119470.328125,119876.921875,120108.515625,120156.9765625,120019.359375,119696.3984375,0,0,0,0,0,0,0,0,0,0,0,0,0,0,0,0,0,0,0,0,0,0,0,0,0,0,0,0,0,0,0,0,0,0,0,0,0
0,0,0,0,0,0,5521,55212,255212,155212,3725.248046875,48,49,1965,1964,0,0,0,0,0,0,0,0,0,0,0,0,0,0,0,1,2,3,4,5,6,7,8,9,10,11,12,13,14,15,16,17,18,19,20,21,22,23,24,25,26,27,28,29,30,31,32,33,34,35,36,37,38,39,40,41,42,43,44,45,46,47,48,49,50,51,52,53,54,55,56,57,58,59,60,61,62,63,64,65,66,67,68,69,70,71,72,73,74,75,76,77,78,79,80,81,82,83,84,85,86,87,88,89,90,91,92,93,94,95,96,97,98,99,100,101,102,103,104,105,106,107,108,109,110,111,112,113,114,115,116,117,118,119,120,121,122,123,124,125,126,127,128,129,130,131,132,133,134,135,136,137,138,139,140,141,142,143,144,145,146,147,148,149,2,1,1,2030,2030,2,2013,0,0,0,0,0,0,0,0,0,0,0,0,0,0,0,0,0,0,0,0,0,0,0,0,0,0,0,0,0,0,0,0,0,0,0,0,0,0,0,0,7612.77587890625,9116.16015625,9742.11328125,10353.78125,10988.76953125,11648.2568359375,12280.0810546875,12805.982421875,13421.12109375,14192.2109375,14907.5986328125,15528.736328125,16276.1337890625,17096.509765625,18000,0,0,0,0,5935.58642578125,21782.587890625,22460.73046875,23000,23534.32421875,23755.1484375,24138.931640625,24668.337890625,25244.67578125,25640.025390625,25910.490234375,26941.95703125,28584.888671875,29506.453125,30096.2578125,30509.73828125,30818.83984375,31058.58203125,31253.58984375,31408.861328125,31518.6484375,0,0,0,0,0,0,0,0,0,0,0,0,0,0,0,0,0,0,0,0,0,0,0,0,0,0,0,0,0,0,0,0,0,0,0,0,0,0,0,0
0,0,0,0,0,0,5521,55213,155213,255213,3673.396728515625,49,48,1964,1965,0,0,0,0,0,0,0,0,0,0,0,0,0,0,1,2,3,4,5,6,7,8,9,10,11,12,13,14,15,16,17,18,19,20,21,22,23,24,25,26,27,28,29,30,31,32,33,34,35,36,37,38,39,40,41,42,43,44,45,46,47,48,49,50,51,52,53,54,55,56,57,58,59,60,61,62,63,64,65,66,67,68,69,70,71,72,73,74,75,76,77,78,79,80,81,82,83,84,85,86,87,88,89,90,91,92,93,94,95,96,97,98,99,100,101,102,103,104,105,106,107,108,109,110,111,112,113,114,115,116,117,118,119,120,121,122,123,124,125,126,127,128,129,130,131,132,133,134,135,136,137,138,139,140,141,142,143,144,145,146,147,148,149,150,1,2,1,2033,2033,1,2013,0,0,0,0,0,0,0,0,0,0,0,0,0,0,0,0,0,0,0,0,0,0,0,0,0,0,0,0,0,0,0,14636.5283203125,16135.220703125,17678.634765625,19285.623046875,20739.412109375,22467.40234375,24494.34765625,26780.24609375,29240.265625,31557.087890625,37730.1953125,40258.12109375,42719.10546875,45268.43359375,47910.4453125,50430.55078125,52508.33203125,54944.890625,58011.14453125,60840.43359375,63276.66015625,66218.828125,69448.1875,73004.3984375,76574.9140625,80000,0,0,0,86546.421875,88026.9296875,90000,91947.3984375,92665.640625,94016.015625,95928.3359375,98016.703125,99396.6015625,100288.59375,104118.5859375,110295.7734375,113674.28125,115765.8671875,117173.59375,118176.296875,118910.046875,119470.328125,119876.921875,120108.515625,120156.9765625,120019.359375,119696.3984375,0,0,0,0,0,0,0,0,0,0,0,0,0,0,0,0,0,0,0,0,0,0,0,0,0,0,0,0,0,0,0,0,0,0,0,0,0
0,0,0,0,0,0,5521,55213,255213,155213,3673.396728515625,48,49,1965,1964,0,0,0,0,0,0,0,0,0,0,0,0,0,0,0,1,2,3,4,5,6,7,8,9,10,11,12,13,14,15,16,17,18,19,20,21,22,23,24,25,26,27,28,29,30,31,32,33,34,35,36,37,38,39,40,41,42,43,44,45,46,47,48,49,50,51,52,53,54,55,56,57,58,59,60,61,62,63,64,65,66,67,68,69,70,71,72,73,74,75,76,77,78,79,80,81,82,83,84,85,86,87,88,89,90,91,92,93,94,95,96,97,98,99,100,101,102,103,104,105,106,107,108,109,110,111,112,113,114,115,116,117,118,119,120,121,122,123,124,125,126,127,128,129,130,131,132,133,134,135,136,137,138,139,140,141,142,143,144,145,146,147,148,149,2,1,1,2030,2030,2,2013,0,0,0,0,0,0,0,0,0,0,0,0,0,0,0,0,0,0,0,0,0,0,0,0,0,0,0,0,0,0,0,0,0,0,0,0,0,0,0,0,7612.77587890625,9116.16015625,9742.11328125,10353.78125,10988.76953125,11648.2568359375,12280.0810546875,12805.982421875,13421.12109375,14192.2109375,14907.5986328125,15528.736328125,16276.1337890625,17096.509765625,18000,0,0,0,0,5935.58642578125,21782.587890625,22460.73046875,23000,23534.32421875,23755.1484375,24138.931640625,24668.337890625,25244.67578125,25640.025390625,25910.490234375,26941.95703125,28584.888671875,29506.453125,30096.2578125,30509.73828125,30818.83984375,31058.58203125,31253.58984375,31408.861328125,31518.6484375,0,0,0,0,0,0,0,0,0,0,0,0,0,0,0,0,0,0,0,0,0,0,0,0,0,0,0,0,0,0,0,0,0,0,0,0,0,0,0,0
0,0,0,0,0,0,5521,55214,155214,255214,3721.763916015625,49,48,1964,1965,0,0,0,0,0,0,0,0,0,0,0,0,0,0,1,2,3,4,5,6,7,8,9,10,11,12,13,14,15,16,17,18,19,20,21,22,23,24,25,26,27,28,29,30,31,32,33,34,35,36,37,38,39,40,41,42,43,44,45,46,47,48,49,50,51,52,53,54,55,56,57,58,59,60,61,62,63,64,65,66,67,68,69,70,71,72,73,74,75,76,77,78,79,80,81,82,83,84,85,86,87,88,89,90,91,92,93,94,95,96,97,98,99,100,101,102,103,104,105,106,107,108,109,110,111,112,113,114,115,116,117,118,119,120,121,122,123,124,125,126,127,128,129,130,131,132,133,134,135,136,137,138,139,140,141,142,143,144,145,146,147,148,149,150,1,2,1,2033,2033,1,2013,0,0,0,0,0,0,0,0,0,0,0,0,0,0,0,0,0,0,0,0,0,0,0,0,0,0,0,0,0,0,0,14636.5283203125,16135.220703125,17678.634765625,19285.623046875,20739.412109375,22467.40234375,24494.34765625,26780.24609375,29240.265625,31557.087890625,37730.1953125,40258.12109375,42719.10546875,45268.43359375,47910.4453125,50430.55078125,52508.33203125,54944.890625,58011.14453125,60840.43359375,63276.66015625,66218.828125,69448.1875,73004.3984375,76574.9140625,80000,0,0,0,86546.421875,88026.9296875,90000,91947.3984375,92665.640625,94016.015625,95928.3359375,98016.703125,99396.6015625,100288.59375,104118.5859375,110295.7734375,113674.28125,115765.8671875,117173.59375,118176.296875,118910.046875,119470.328125,119876.921875,120108.515625,120156.9765625,120019.359375,119696.3984375,0,0,0,0,0,0,0,0,0,0,0,0,0,0,0,0,0,0,0,0,0,0,0,0,0,0,0,0,0,0,0,0,0,0,0,0,0
0,0,0,0,0,0,5521,55214,255214,155214,3721.763916015625,48,49,1965,1964,0,0,0,0,0,0,0,0,0,0,0,0,0,0,0,1,2,3,4,5,6,7,8,9,10,11,12,13,14,15,16,17,18,19,20,21,22,23,24,25,26,27,28,29,30,31,32,33,34,35,36,37,38,39,40,41,42,43,44,45,46,47,48,49,50,51,52,53,54,55,56,57,58,59,60,61,62,63,64,65,66,67,68,69,70,71,72,73,74,75,76,77,78,79,80,81,82,83,84,85,86,87,88,89,90,91,92,93,94,95,96,97,98,99,100,101,102,103,104,105,106,107,108,109,110,111,112,113,114,115,116,117,118,119,120,121,122,123,124,125,126,127,128,129,130,131,132,133,134,135,136,137,138,139,140,141,142,143,144,145,146,147,148,149,2,1,1,2030,2030,2,2013,0,0,0,0,0,0,0,0,0,0,0,0,0,0,0,0,0,0,0,0,0,0,0,0,0,0,0,0,0,0,0,0,0,0,0,0,0,0,0,0,7612.77587890625,9116.16015625,9742.11328125,10353.78125,10988.76953125,11648.2568359375,12280.0810546875,12805.982421875,13421.12109375,14192.2109375,14907.5986328125,15528.736328125,16276.1337890625,17096.509765625,18000,0,0,0,0,5935.58642578125,21782.587890625,22460.73046875,23000,23534.32421875,23755.1484375,24138.931640625,24668.337890625,25244.67578125,25640.025390625,25910.490234375,26941.95703125,28584.888671875,29506.453125,30096.2578125,30509.73828125,30818.83984375,31058.58203125,31253.58984375,31408.861328125,31518.6484375,0,0,0,0,0,0,0,0,0,0,0,0,0,0,0,0,0,0,0,0,0,0,0,0,0,0,0,0,0,0,0,0,0,0,0,0,0,0,0,0
0,0,0,0,0,0,5521,55215,155215,255215,3729.404296875,49,48,1964,1965,0,0,0,0,0,0,0,0,0,0,0,0,0,0,1,2,3,4,5,6,7,8,9,10,11,12,13,14,15,16,17,18,19,20,21,22,23,24,25,26,27,28,29,30,31,32,33,34,35,36,37,38,39,40,41,42,43,44,45,46,47,48,49,50,51,52,53,54,55,56,57,58,59,60,61,62,63,64,65,66,67,68,69,70,71,72,73,74,75,76,77,78,79,80,81,82,83,84,85,86,87,88,89,90,91,92,93,94,95,96,97,98,99,100,101,102,103,104,105,106,107,108,109,110,111,112,113,114,115,116,117,118,119,120,121,122,123,124,125,126,127,128,129,130,131,132,133,134,135,136,137,138,139,140,141,142,143,144,145,146,147,148,149,150,1,2,1,2033,2033,1,2013,0,0,0,0,0,0,0,0,0,0,0,0,0,0,0,0,0,0,0,0,0,0,0,0,0,0,0,0,0,0,0,14636.5283203125,16135.220703125,17678.634765625,19285.623046875,20739.412109375,22467.40234375,24494.34765625,26780.24609375,29240.265625,31557.087890625,37730.1953125,40258.12109375,42719.10546875,45268.43359375,47910.4453125,50430.55078125,52508.33203125,54944.890625,58011.14453125,60840.43359375,63276.66015625,66218.828125,69448.1875,73004.3984375,76574.9140625,80000,0,0,0,86546.421875,88026.9296875,90000,91947.3984375,92665.640625,94016.015625,95928.3359375,98016.703125,99396.6015625,100288.59375,104118.5859375,110295.7734375,113674.28125,115765.8671875,117173.59375,118176.296875,118910.046875,119470.328125,119876.921875,120108.515625,120156.9765625,120019.359375,119696.3984375,0,0,0,0,0,0,0,0,0,0,0,0,0,0,0,0,0,0,0,0,0,0,0,0,0,0,0,0,0,0,0,0,0,0,0,0,0
0,0,0,0,0,0,5521,55215,255215,155215,3729.404296875,48,49,1965,1964,0,0,0,0,0,0,0,0,0,0,0,0,0,0,0,1,2,3,4,5,6,7,8,9,10,11,12,13,14,15,16,17,18,19,20,21,22,23,24,25,26,27,28,29,30,31,32,33,34,35,36,37,38,39,40,41,42,43,44,45,46,47,48,49,50,51,52,53,54,55,56,57,58,59,60,61,62,63,64,65,66,67,68,69,70,71,72,73,74,75,76,77,78,79,80,81,82,83,84,85,86,87,88,89,90,91,92,93,94,95,96,97,98,99,100,101,102,103,104,105,106,107,108,109,110,111,112,113,114,115,116,117,118,119,120,121,122,123,124,125,126,127,128,129,130,131,132,133,134,135,136,137,138,139,140,141,142,143,144,145,146,147,148,149,2,1,1,2030,2030,2,2013,0,0,0,0,0,0,0,0,0,0,0,0,0,0,0,0,0,0,0,0,0,0,0,0,0,0,0,0,0,0,0,0,0,0,0,0,0,0,0,0,7612.77587890625,9116.16015625,9742.11328125,10353.78125,10988.76953125,11648.2568359375,12280.0810546875,12805.982421875,13421.12109375,14192.2109375,14907.5986328125,15528.736328125,16276.1337890625,17096.509765625,18000,0,0,0,0,5935.58642578125,21782.587890625,22460.73046875,23000,23534.32421875,23755.1484375,24138.931640625,24668.337890625,25244.67578125,25640.025390625,25910.490234375,26941.95703125,28584.888671875,29506.453125,30096.2578125,30509.73828125,30818.83984375,31058.58203125,31253.58984375,31408.861328125,31518.6484375,0,0,0,0,0,0,0,0,0,0,0,0,0,0,0,0,0,0,0,0,0,0,0,0,0,0,0,0,0,0,0,0,0,0,0,0,0,0,0,0
