X5304,X5307,X5309,X5312,X5306,X5311,YY1,Y1,V1,V3,wgt,age,ages,BIRTHYR,BIRTHYRs,age1951,age1952,age1953,age1954,age1955,age1956,age1957,age1958,age1959,age1960,age1961,age1962,age1963,age1964,age1965,age1966,age1967,age1968,age1969,age1970,age1971,age1972,age1973,age1974,age1975,age1976,age1977,age1978,age1979,age1980,age1981,age1982,age1983,age1984,age1985,age1986,age1987,age1988,age1989,age1990,age1991,age1992,age1993,age1994,age1995,age1996,age1997,age1998,age1999,age2000,age2001,age2002,age2003,age2004,age2005,age2006,age2007,age2008,age2009,age2010,age2011,age2012,age2013,age2014,age2015,age2016,age2017,age2018,age2019,age2020,age2021,age2022,age2023,age2024,age2025,age2026,age2027,age2028,age2029,age2030,age2031,age2032,age2033,age2034,age2035,age2036,age2037,age2038,age2039,age2040,age2041,age2042,age2043,age2044,age2045,age2046,age2047,age2048,age2049,age2050,age2051,age2052,age2053,age2054,age2055,age2056,age2057,age2058,age2059,age2060,age2061,age2062,age2063,age2064,age2065,age2066,age2067,age2068,age2069,age2070,age2071,age2072,age2073,age2074,age2075,age2076,age2077,age2078,age2079,age2080,age2081,age2082,age2083,age2084,age2085,age2086,age2087,age2088,age2089,age2090,age2091,age2092,age2093,age2094,age2095,age2096,age2097,age2098,age2099,age2100,age2101,age2102,sex,sexs,marital,willstopworkFT,willstopworkALL,rstat,year,EARN1951,EARN1952,EARN1953,EARN1954,EARN1955,EARN1956,EARN1957,EARN1958,EARN1959,EARN1960,EARN1961,EARN1962,EARN1963,EARN1964,EARN1965,EARN1966,EARN1967,EARN1968,EARN1969,EARN1970,EARN1971,EARN1972,EARN1973,EARN1974,EARN1975,EARN1976,EARN1977,EARN1978,EARN1979,EARN1980,EARN1981,EARN1982,EARN1983,EARN1984,EARN1985,EARN1986,EARN1987,EARN1988,EARN1989,EARN1990,EARN1991,EARN1992,EARN1993,EARN1994,EARN1995,EARN1996,EARN1997,EARN1998,EARN1999,EARN2000,EARN2001,EARN2002,EARN2003,EARN2004,EARN2005,EARN2006,EARN2007,EARN2008,EARN2009,EARN2010,EARN2011,EARN2012,EARN2013,EARN2014,EARN2015,EARN2016,EARN2017,EARN2018,EARN2019,EARN2020,EARN2021,EARN2022,EARN2023,EARN2024,EARN2025,EARN2026,EARN2027,EARN2028,EARN2029,EARN2030,EARN2031,EARN2032,EARN2033,EARN2034,EARN2035,EARN2036,EARN2037,EARN2038,EARN2039,EARN2040,EARN2041,EARN2042,EARN2043,EARN2044,EARN2045,EARN2046,EARN2047,EARN2048,EARN2049,EARN2050,EARN2051,EARN2052,EARN2053,EARN2054,EARN2055,EARN2056,EARN2057,EARN2058,EARO2060,EARO2061,EARO2062
0,0,0,0,0,0,11,111,100111,200111,12.578831672668457,68,63,1933,1938,18,19,20,21,22,23,24,25,26,27,28,29,30,31,32,33,34,35,36,37,38,39,40,41,42,43,44,45,46,47,48,49,50,51,52,53,54,55,56,57,58,59,60,61,62,63,64,65,66,67,68,69,70,71,72,73,74,75,76,77,78,79,80,81,82,83,84,85,86,87,88,89,90,91,92,93,94,95,96,97,98,99,100,101,102,103,104,105,106,107,108,109,110,111,112,113,114,115,116,117,118,119,120,121,122,123,124,125,126,127,128,129,130,131,132,133,134,135,136,137,138,139,140,141,142,143,144,145,146,147,148,149,150,151,152,153,154,155,156,157,158,159,160,161,162,163,164,165,166,167,168,169,1,2,1,2011,2016,1,2001,0,0,0,0,0,0,0,0,0,0,426704.0625,449431.625,472745.625,497729.0625,523181.96875,554963.75,587664.75,629811.75,677776.8125,729441.5,780629.5625,827403.75,892335.1875,1006682.375,1112606.5,1195451,1294872.125,1406306,1552437.25,1740697.625,1916906,2041813.25,2144700,2239000.25,2327302.25,2384673,2461495.25,2556973.25,2663720,2771207.5,2849695,2906624.25,2955062.5,2987785.75,3016730.5,3042180.25,3051140.5,3026986,3018028,3036135,3034000,3006634.5,2998007.75,2995887.5,3000735.5,2999017.25,2985355.25,2978504,0,0,0,0,0,0,0,0,0,0,0,0,0,0,0,0,0,0,0,0,0,0,0,0,0,0,0,0,0,0,0,0,0,0,0,0,0,0,0,0,0,0,0,0,0,0,0,0,0,0,0,0,0
0,0,0,0,0,0,11,111,200111,100111,12.578831672668457,63,68,1938,1933,13,14,15,16,17,18,19,20,21,22,23,24,25,26,27,28,29,30,31,32,33,34,35,36,37,38,39,40,41,42,43,44,45,46,47,48,49,50,51,52,53,54,55,56,57,58,59,60,61,62,63,64,65,66,67,68,69,70,71,72,73,74,75,76,77,78,79,80,81,82,83,84,85,86,87,88,89,90,91,92,93,94,95,96,97,98,99,100,101,102,103,104,105,106,107,108,109,110,111,112,113,114,115,116,117,118,119,120,121,122,123,124,125,126,127,128,129,130,131,132,133,134,135,136,137,138,139,140,141,142,143,144,145,146,147,148,149,150,151,152,153,154,155,156,157,158,159,160,161,162,163,164,2,1,1,,,2,2001,0,0,0,0,0,0,0,0,0,0,0,0,0,0,0,0,0,0,0,0,0,0,0,0,0,0,0,0,0,0,0,0,0,0,0,0,0,0,0,0,0,0,0,0,0,0,0,0,0,0,0,0,0,0,0,0,0,0,0,0,0,0,0,0,0,0,0,0,0,0,0,0,0,0,0,0,0,0,0,0,0,0,0,0,0,0,0,0,0,0,0,0,0,0,0,0,0,0,0,0,0,0,0,0,0,0,0,0,0,0,0
0,0,0,0,0,0,11,112,100112,200112,13.27890682220459,68,63,1933,1938,18,19,20,21,22,23,24,25,26,27,28,29,30,31,32,33,34,35,36,37,38,39,40,41,42,43,44,45,46,47,48,49,50,51,52,53,54,55,56,57,58,59,60,61,62,63,64,65,66,67,68,69,70,71,72,73,74,75,76,77,78,79,80,81,82,83,84,85,86,87,88,89,90,91,92,93,94,95,96,97,98,99,100,101,102,103,104,105,106,107,108,109,110,111,112,113,114,115,116,117,118,119,120,121,122,123,124,125,126,127,128,129,130,131,132,133,134,135,136,137,138,139,140,141,142,143,144,145,146,147,148,149,150,151,152,153,154,155,156,157,158,159,160,161,162,163,164,165,166,167,168,169,1,2,1,2011,2016,1,2001,0,0,0,0,0,0,0,0,0,0,468755.375,493722.71875,519334.28125,546779.8125,574741.125,609655,645578.625,691879.1875,744571.125,801327.3125,857559.875,908943.625,980274,1105890,1222252.875,1313261.625,1422480.625,1544896.125,1705428.625,1912241.875,2105815.5,2243032,2356058.25,2459651.75,2556656,2619680.5,2704073.5,2808960.5,2926227.25,3044307.5,3130530,3193069.5,3246281.25,3282229.5,3314026.5,3341984.5,3351827.75,3325292.75,3315452,3335343.5,3333000,3302935.75,3293459,3291129.5,3296455.5,3294567.75,3279559.25,3272032.75,0,0,0,0,0,0,0,0,0,0,0,0,0,0,0,0,0,0,0,0,0,0,0,0,0,0,0,0,0,0,0,0,0,0,0,0,0,0,0,0,0,0,0,0,0,0,0,0,0,0,0,0,0
0,0,0,0,0,0,11,112,200112,100112,13.27890682220459,63,68,1938,1933,13,14,15,16,17,18,19,20,21,22,23,24,25,26,27,28,29,30,31,32,33,34,35,36,37,38,39,40,41,42,43,44,45,46,47,48,49,50,51,52,53,54,55,56,57,58,59,60,61,62,63,64,65,66,67,68,69,70,71,72,73,74,75,76,77,78,79,80,81,82,83,84,85,86,87,88,89,90,91,92,93,94,95,96,97,98,99,100,101,102,103,104,105,106,107,108,109,110,111,112,113,114,115,116,117,118,119,120,121,122,123,124,125,126,127,128,129,130,131,132,133,134,135,136,137,138,139,140,141,142,143,144,145,146,147,148,149,150,151,152,153,154,155,156,157,158,159,160,161,162,163,164,2,1,1,,,2,2001,0,0,0,0,0,0,0,0,0,0,0,0,0,0,0,0,0,0,0,0,0,0,0,0,0,0,0,0,0,0,0,0,0,0,0,0,0,0,0,0,0,0,0,0,0,0,0,0,0,0,0,0,0,0,0,0,0,0,0,0,0,0,0,0,0,0,0,0,0,0,0,0,0,0,0,0,0,0,0,0,0,0,0,0,0,0,0,0,0,0,0,0,0,0,0,0,0,0,0,0,0,0,0,0,0,0,0,0,0,0,0
0,0,0,0,0,0,11,113,100113,200113,13.458992004394531,68,63,1933,1938,18,19,20,21,22,23,24,25,26,27,28,29,30,31,32,33,34,35,36,37,38,39,40,41,42,43,44,45,46,47,48,49,50,51,52,53,54,55,56,57,58,59,60,61,62,63,64,65,66,67,68,69,70,71,72,73,74,75,76,77,78,79,80,81,82,83,84,85,86,87,88,89,90,91,92,93,94,95,96,97,98,99,100,101,102,103,104,105,106,107,108,109,110,111,112,113,114,115,116,117,118,119,120,121,122,123,124,125,126,127,128,129,130,131,132,133,134,135,136,137,138,139,140,141,142,143,144,145,146,147,148,149,150,151,152,153,154,155,156,157,158,159,160,161,162,163,164,165,166,167,168,169,1,2,1,2011,2016,1,2001,0,0,0,0,0,0,0,0,0,0,426704.0625,449431.625,472745.625,497729.0625,523181.96875,554963.75,587664.75,629811.75,677776.8125,729441.5,780629.5625,827403.75,892335.1875,1006682.375,1112606.5,1195451,1294872.125,1406306,1552437.25,1740697.625,1916906,2041813.25,2144700,2239000.25,2327302.25,2384673,2461495.25,2556973.25,2663720,2771207.5,2849695,2906624.25,2955062.5,2987785.75,3016730.5,3042180.25,3051140.5,3026986,3018028,3036135,3034000,3006634.5,2998007.75,2995887.5,3000735.5,2999017.25,2985355.25,2978504,0,0,0,0,0,0,0,0,0,0,0,0,0,0,0,0,0,0,0,0,0,0,0,0,0,0,0,0,0,0,0,0,0,0,0,0,0,0,0,0,0,0,0,0,0,0,0,0,0,0,0,0,0
0,0,0,0,0,0,11,113,200113,100113,13.458992004394531,63,68,1938,1933,13,14,15,16,17,18,19,20,21,22,23,24,25,26,27,28,29,30,31,32,33,34,35,36,37,38,39,40,41,42,43,44,45,46,47,48,49,50,51,52,53,54,55,56,57,58,59,60,61,62,63,64,65,66,67,68,69,70,71,72,73,74,75,76,77,78,79,80,81,82,83,84,85,86,87,88,89,90,91,92,93,94,95,96,97,98,99,100,101,102,103,104,105,106,107,108,109,110,111,112,113,114,115,116,117,118,119,120,121,122,123,124,125,126,127,128,129,130,131,132,133,134,135,136,137,138,139,140,141,142,143,144,145,146,147,148,149,150,151,152,153,154,155,156,157,158,159,160,161,162,163,164,2,1,1,,,2,2001,0,0,0,0,0,0,0,0,0,0,0,0,0,0,0,0,0,0,0,0,0,0,0,0,0,0,0,0,0,0,0,0,0,0,0,0,0,0,0,0,0,0,0,0,0,0,0,0,0,0,0,0,0,0,0,0,0,0,0,0,0,0,0,0,0,0,0,0,0,0,0,0,0,0,0,0,0,0,0,0,0,0,0,0,0,0,0,0,0,0,0,0,0,0,0,0,0,0,0,0,0,0,0,0,0,0,0,0,0,0,0
0,0,0,0,0,0,11,114,100114,200114,13.265108108520508,68,63,1933,1938,18,19,20,21,22,23,24,25,26,27,28,29,30,31,32,33,34,35,36,37,38,39,40,41,42,43,44,45,46,47,48,49,50,51,52,53,54,55,56,57,58,59,60,61,62,63,64,65,66,67,68,69,70,71,72,73,74,75,76,77,78,79,80,81,82,83,84,85,86,87,88,89,90,91,92,93,94,95,96,97,98,99,100,101,102,103,104,105,106,107,108,109,110,111,112,113,114,115,116,117,118,119,120,121,122,123,124,125,126,127,128,129,130,131,132,133,134,135,136,137,138,139,140,141,142,143,144,145,146,147,148,149,150,151,152,153,154,155,156,157,158,159,160,161,162,163,164,165,166,167,168,169,1,2,1,2011,2016,1,2001,0,0,0,0,0,0,0,0,0,0,426563.3125,449283.34375,472589.65625,497564.84375,523009.375,554780.6875,587470.875,629604,677553.1875,729200.875,780372,827130.75,892040.75,1006350.25,1112239.375,1195056.625,1294444.875,1405842,1551925.125,1740123.375,1916273.625,2041139.625,2143992.5,2238261.5,2326534.5,2383886.25,2460683.25,2556129.5,2662841.25,2770293.25,2848755,2905665.25,2954087.5,2986800,3015735.25,3041176.5,3050133.75,3025987.25,3017032.25,3035133.5,3033000,3005642.75,2997018.75,2994899,2999745.5,2998027.75,2984370.25,2977521.25,0,0,0,0,0,0,0,0,0,0,0,0,0,0,0,0,0,0,0,0,0,0,0,0,0,0,0,0,0,0,0,0,0,0,0,0,0,0,0,0,0,0,0,0,0,0,0,0,0,0,0,0,0
0,0,0,0,0,0,11,114,200114,100114,13.265108108520508,63,68,1938,1933,13,14,15,16,17,18,19,20,21,22,23,24,25,26,27,28,29,30,31,32,33,34,35,36,37,38,39,40,41,42,43,44,45,46,47,48,49,50,51,52,53,54,55,56,57,58,59,60,61,62,63,64,65,66,67,68,69,70,71,72,73,74,75,76,77,78,79,80,81,82,83,84,85,86,87,88,89,90,91,92,93,94,95,96,97,98,99,100,101,102,103,104,105,106,107,108,109,110,111,112,113,114,115,116,117,118,119,120,121,122,123,124,125,126,127,128,129,130,131,132,133,134,135,136,137,138,139,140,141,142,143,144,145,146,147,148,149,150,151,152,153,154,155,156,157,158,159,160,161,162,163,164,2,1,1,,,2,2001,0,0,0,0,0,0,0,0,0,0,0,0,0,0,0,0,0,0,0,0,0,0,0,0,0,0,0,0,0,0,0,0,0,0,0,0,0,0,0,0,0,0,0,0,0,0,0,0,0,0,0,0,0,0,0,0,0,0,0,0,0,0,0,0,0,0,0,0,0,0,0,0,0,0,0,0,0,0,0,0,0,0,0,0,0,0,0,0,0,0,0,0,0,0,0,0,0,0,0,0,0,0,0,0,0,0,0,0,0,0,0
0,0,0,0,0,0,11,115,100115,200115,13.64660358428955,68,63,1933,1938,18,19,20,21,22,23,24,25,26,27,28,29,30,31,32,33,34,35,36,37,38,39,40,41,42,43,44,45,46,47,48,49,50,51,52,53,54,55,56,57,58,59,60,61,62,63,64,65,66,67,68,69,70,71,72,73,74,75,76,77,78,79,80,81,82,83,84,85,86,87,88,89,90,91,92,93,94,95,96,97,98,99,100,101,102,103,104,105,106,107,108,109,110,111,112,113,114,115,116,117,118,119,120,121,122,123,124,125,126,127,128,129,130,131,132,133,134,135,136,137,138,139,140,141,142,143,144,145,146,147,148,149,150,151,152,153,154,155,156,157,158,159,160,161,162,163,164,165,166,167,168,169,1,2,1,2011,2016,1,2001,0,0,0,0,0,0,0,0,0,0,426704.0625,449431.625,472745.625,497729.0625,523181.96875,554963.75,587664.75,629811.75,677776.8125,729441.5,780629.5625,827403.75,892335.1875,1006682.375,1112606.5,1195451,1294872.125,1406306,1552437.25,1740697.625,1916906,2041813.25,2144700,2239000.25,2327302.25,2384673,2461495.25,2556973.25,2663720,2771207.5,2849695,2906624.25,2955062.5,2987785.75,3016730.5,3042180.25,3051140.5,3026986,3018028,3036135,3034000,3006634.5,2998007.75,2995887.5,3000735.5,2999017.25,2985355.25,2978504,0,0,0,0,0,0,0,0,0,0,0,0,0,0,0,0,0,0,0,0,0,0,0,0,0,0,0,0,0,0,0,0,0,0,0,0,0,0,0,0,0,0,0,0,0,0,0,0,0,0,0,0,0
0,0,0,0,0,0,11,115,200115,100115,13.64660358428955,63,68,1938,1933,13,14,15,16,17,18,19,20,21,22,23,24,25,26,27,28,29,30,31,32,33,34,35,36,37,38,39,40,41,42,43,44,45,46,47,48,49,50,51,52,53,54,55,56,57,58,59,60,61,62,63,64,65,66,67,68,69,70,71,72,73,74,75,76,77,78,79,80,81,82,83,84,85,86,87,88,89,90,91,92,93,94,95,96,97,98,99,100,101,102,103,104,105,106,107,108,109,110,111,112,113,114,115,116,117,118,119,120,121,122,123,124,125,126,127,128,129,130,131,132,133,134,135,136,137,138,139,140,141,142,143,144,145,146,147,148,149,150,151,152,153,154,155,156,157,158,159,160,161,162,163,164,2,1,1,,,2,2001,0,0,0,0,0,0,0,0,0,0,0,0,0,0,0,0,0,0,0,0,0,0,0,0,0,0,0,0,0,0,0,0,0,0,0,0,0,0,0,0,0,0,0,0,0,0,0,0,0,0,0,0,0,0,0,0,0,0,0,0,0,0,0,0,0,0,0,0,0,0,0,0,0,0,0,0,0,0,0,0,0,0,0,0,0,0,0,0,0,0,0,0,0,0,0,0,0,0,0,0,0,0,0,0,0,0,0,0,0,0,0
0,0,0,0,0,0,21,211,100211,200211,193.4512481689453,45,44,1956,1957,0,0,0,0,0,0,1,2,3,4,5,6,7,8,9,10,11,12,13,14,15,16,17,18,19,20,21,22,23,24,25,26,27,28,29,30,31,32,33,34,35,36,37,38,39,40,41,42,43,44,45,46,47,48,49,50,51,52,53,54,55,56,57,58,59,60,61,62,63,64,65,66,67,68,69,70,71,72,73,74,75,76,77,78,79,80,81,82,83,84,85,86,87,88,89,90,91,92,93,94,95,96,97,98,99,100,101,102,103,104,105,106,107,108,109,110,111,112,113,114,115,116,117,118,119,120,121,122,123,124,125,126,127,128,129,130,131,132,133,134,135,136,137,138,139,140,141,142,143,144,145,146,1,2,1,2016,2016,1,2001,0,0,0,0,0,0,0,0,0,0,0,0,0,0,0,0,0,0,0,0,0,0,0,7401.89990234375,8479.35546875,9443.2861328125,10602.0224609375,11934.73046875,13655.7939453125,15870.724609375,18115.267578125,20000,0,0,0,0,0,7932.05615234375,8564.8291015625,9235.697265625,9843.953125,10407.1103515625,10966.7724609375,11492.9560546875,12027.8857421875,12572.1123046875,13069.4111328125,13439.2412109375,13888.5751953125,14481.916015625,15000,15407.302734375,15923.892578125,16493.48828125,17123.1953125,17738.078125,18301.814453125,18926.34765625,18927.1171875,19290.576171875,19773.044921875,20104.58203125,20300.4609375,20482.69140625,20386.84765625,20427.625,0,0,0,0,0,0,0,0,0,0,0,0,0,0,0,0,0,0,0,0,0,0,0,0,0,0,0,0,0,0,0,0,0,0,0,0,0,0,0,0,0,0,0,0,0
0,0,0,0,0,0,21,211,200211,100211,193.4512481689453,44,45,1957,1956,0,0,0,0,0,0,0,1,2,3,4,5,6,7,8,9,10,11,12,13,14,15,16,17,18,19,20,21,22,23,24,25,26,27,28,29,30,31,32,33,34,35,36,37,38,39,40,41,42,43,44,45,46,47,48,49,50,51,52,53,54,55,56,57,58,59,60,61,62,63,64,65,66,67,68,69,70,71,72,73,74,75,76,77,78,79,80,81,82,83,84,85,86,87,88,89,90,91,92,93,94,95,96,97,98,99,100,101,102,103,104,105,106,107,108,109,110,111,112,113,114,115,116,117,118,119,120,121,122,123,124,125,126,127,128,129,130,131,132,133,134,135,136,137,138,139,140,141,142,143,144,145,2,1,1,2017,2017,2,2001,0,0,0,0,0,0,0,0,0,0,0,0,0,0,0,0,0,0,0,0,0,0,0,0,0,0,0,0,0,0,6210.92626953125,6867.81201171875,7488.87646484375,8116.1845703125,8757.857421875,9315.8310546875,9982.494140625,10764.986328125,11641.880859375,12573.359375,13422.3310546875,14212.3447265625,15000,37894.125,39719.72265625,41581.671875,43293.91796875,44588.44921875,46151.14453125,48197.890625,50000,51437.8203125,53245.3828125,55235.96484375,57434.31640625,59589.5859375,61579.29296875,63779.9453125,63882.07421875,65210.40625,66945.59375,68174.2265625,68945.875,69673.328125,69455.4609375,69702.984375,70348.921875,0,0,0,0,0,0,0,0,0,0,0,0,0,0,0,0,0,0,0,0,0,0,0,0,0,0,0,0,0,0,0,0,0,0,0,0,0,0,0,0,0,0,0,0
0,0,0,0,0,0,21,212,100212,200212,199.32415771484375,45,44,1956,1957,0,0,0,0,0,0,1,2,3,4,5,6,7,8,9,10,11,12,13,14,15,16,17,18,19,20,21,22,23,24,25,26,27,28,29,30,31,32,33,34,35,36,37,38,39,40,41,42,43,44,45,46,47,48,49,50,51,52,53,54,55,56,57,58,59,60,61,62,63,64,65,66,67,68,69,70,71,72,73,74,75,76,77,78,79,80,81,82,83,84,85,86,87,88,89,90,91,92,93,94,95,96,97,98,99,100,101,102,103,104,105,106,107,108,109,110,111,112,113,114,115,116,117,118,119,120,121,122,123,124,125,126,127,128,129,130,131,132,133,134,135,136,137,138,139,140,141,142,143,144,145,146,1,2,1,2016,2016,1,2001,0,0,0,0,0,0,0,0,0,0,0,0,0,0,0,0,0,0,0,0,0,0,0,7401.89990234375,8479.35546875,9443.2861328125,10602.0224609375,11934.73046875,13655.7939453125,15870.724609375,18115.267578125,20000,0,0,0,0,0,11104.8818359375,11990.763671875,12929.9794921875,13781.5380859375,14569.9580078125,15353.486328125,16090.142578125,16839.044921875,17600.9609375,18297.1796875,18814.943359375,19444.009765625,20274.6875,21000,21570.23046875,22293.45703125,23090.888671875,23972.48046875,24833.31640625,25622.546875,26496.89453125,26497.97265625,27006.814453125,27682.271484375,28146.421875,28420.654296875,28675.775390625,28541.595703125,28598.681640625,0,0,0,0,0,0,0,0,0,0,0,0,0,0,0,0,0,0,0,0,0,0,0,0,0,0,0,0,0,0,0,0,0,0,0,0,0,0,0,0,0,0,0,0,0
0,0,0,0,0,0,21,212,200212,100212,199.32415771484375,44,45,1957,1956,0,0,0,0,0,0,0,1,2,3,4,5,6,7,8,9,10,11,12,13,14,15,16,17,18,19,20,21,22,23,24,25,26,27,28,29,30,31,32,33,34,35,36,37,38,39,40,41,42,43,44,45,46,47,48,49,50,51,52,53,54,55,56,57,58,59,60,61,62,63,64,65,66,67,68,69,70,71,72,73,74,75,76,77,78,79,80,81,82,83,84,85,86,87,88,89,90,91,92,93,94,95,96,97,98,99,100,101,102,103,104,105,106,107,108,109,110,111,112,113,114,115,116,117,118,119,120,121,122,123,124,125,126,127,128,129,130,131,132,133,134,135,136,137,138,139,140,141,142,143,144,145,2,1,1,2017,2017,2,2001,0,0,0,0,0,0,0,0,0,0,0,0,0,0,0,0,0,0,0,0,0,0,0,0,0,0,0,0,0,0,5796.86572265625,6409.95947265625,6989.61962890625,7575.107421875,8174.001953125,8694.77734375,9316.99609375,10047.3232421875,10865.7578125,11735.1376953125,12527.51171875,13264.8583984375,14000,37894.125,39719.72265625,41581.671875,43293.91796875,44588.44921875,46151.14453125,48197.890625,50000,51437.8203125,53245.3828125,55235.96484375,57434.31640625,59589.5859375,61579.29296875,63779.9453125,63882.07421875,65210.40625,66945.59375,68174.2265625,68945.875,69673.328125,69455.4609375,69702.984375,70348.921875,0,0,0,0,0,0,0,0,0,0,0,0,0,0,0,0,0,0,0,0,0,0,0,0,0,0,0,0,0,0,0,0,0,0,0,0,0,0,0,0,0,0,0,0
0,0,0,0,0,0,21,213,100213,200213,196.94691467285156,45,44,1956,1957,0,0,0,0,0,0,1,2,3,4,5,6,7,8,9,10,11,12,13,14,15,16,17,18,19,20,21,22,23,24,25,26,27,28,29,30,31,32,33,34,35,36,37,38,39,40,41,42,43,44,45,46,47,48,49,50,51,52,53,54,55,56,57,58,59,60,61,62,63,64,65,66,67,68,69,70,71,72,73,74,75,76,77,78,79,80,81,82,83,84,85,86,87,88,89,90,91,92,93,94,95,96,97,98,99,100,101,102,103,104,105,106,107,108,109,110,111,112,113,114,115,116,117,118,119,120,121,122,123,124,125,126,127,128,129,130,131,132,133,134,135,136,137,138,139,140,141,142,143,144,145,146,1,2,1,2016,2016,1,2001,0,0,0,0,0,0,0,0,0,0,0,0,0,0,0,0,0,0,0,0,0,0,0,7401.89990234375,8479.35546875,9443.2861328125,10602.0224609375,11934.73046875,13655.7939453125,15870.724609375,18115.267578125,20000,0,0,0,0,0,10576.080078125,11419.77734375,12314.2685546875,13125.27734375,13876.1533203125,14622.3701171875,15323.9482421875,16037.1884765625,16762.82421875,17425.888671875,17918.99609375,18518.107421875,19309.23046875,20000,20543.080078125,21231.8671875,21991.326171875,22830.9375,23650.78125,24402.4296875,25235.142578125,25236.169921875,25720.78125,26364.072265625,26806.12109375,27067.294921875,27310.267578125,27182.4765625,27236.845703125,0,0,0,0,0,0,0,0,0,0,0,0,0,0,0,0,0,0,0,0,0,0,0,0,0,0,0,0,0,0,0,0,0,0,0,0,0,0,0,0,0,0,0,0,0
0,0,0,0,0,0,21,213,200213,100213,196.94691467285156,44,45,1957,1956,0,0,0,0,0,0,0,1,2,3,4,5,6,7,8,9,10,11,12,13,14,15,16,17,18,19,20,21,22,23,24,25,26,27,28,29,30,31,32,33,34,35,36,37,38,39,40,41,42,43,44,45,46,47,48,49,50,51,52,53,54,55,56,57,58,59,60,61,62,63,64,65,66,67,68,69,70,71,72,73,74,75,76,77,78,79,80,81,82,83,84,85,86,87,88,89,90,91,92,93,94,95,96,97,98,99,100,101,102,103,104,105,106,107,108,109,110,111,112,113,114,115,116,117,118,119,120,121,122,123,124,125,126,127,128,129,130,131,132,133,134,135,136,137,138,139,140,141,142,143,144,145,2,1,1,2017,2017,2,2001,0,0,0,0,0,0,0,0,0,0,0,0,0,0,0,0,0,0,0,0,0,0,0,0,0,0,0,0,0,0,8281.23828125,9157.0869140625,9985.1728515625,10821.583984375,11677.1484375,12421.11328125,13309.998046875,14353.3212890625,15522.5146484375,16764.486328125,17896.44921875,18949.80078125,20000,37894.125,39719.72265625,41581.671875,43293.91796875,44588.44921875,46151.14453125,48197.890625,50000,51437.8203125,53245.3828125,55235.96484375,57434.31640625,59589.5859375,61579.29296875,63779.9453125,63882.07421875,65210.40625,66945.59375,68174.2265625,68945.875,69673.328125,69455.4609375,69702.984375,70348.921875,0,0,0,0,0,0,0,0,0,0,0,0,0,0,0,0,0,0,0,0,0,0,0,0,0,0,0,0,0,0,0,0,0,0,0,0,0,0,0,0,0,0,0,0
0,0,0,0,0,0,21,214,100214,200214,198.17483520507813,45,44,1956,1957,0,0,0,0,0,0,1,2,3,4,5,6,7,8,9,10,11,12,13,14,15,16,17,18,19,20,21,22,23,24,25,26,27,28,29,30,31,32,33,34,35,36,37,38,39,40,41,42,43,44,45,46,47,48,49,50,51,52,53,54,55,56,57,58,59,60,61,62,63,64,65,66,67,68,69,70,71,72,73,74,75,76,77,78,79,80,81,82,83,84,85,86,87,88,89,90,91,92,93,94,95,96,97,98,99,100,101,102,103,104,105,106,107,108,109,110,111,112,113,114,115,116,117,118,119,120,121,122,123,124,125,126,127,128,129,130,131,132,133,134,135,136,137,138,139,140,141,142,143,144,145,146,1,2,1,2016,2016,1,2001,0,0,0,0,0,0,0,0,0,0,0,0,0,0,0,0,0,0,0,0,0,0,0,7401.89990234375,8479.35546875,9443.2861328125,10602.0224609375,11934.73046875,13655.7939453125,15870.724609375,18115.267578125,20000,0,0,0,0,0,11633.6884765625,12561.755859375,13545.6962890625,14437.8046875,15263.76953125,16084.6083984375,16856.34375,17640.908203125,18439.107421875,19168.478515625,19710.896484375,20369.919921875,21240.154296875,22000,22597.388671875,23355.0546875,24190.4609375,25114.033203125,26015.861328125,26842.673828125,27758.65625,27759.787109375,28292.859375,29000.48046875,29486.734375,29774.0234375,30041.294921875,29900.7265625,29960.53125,0,0,0,0,0,0,0,0,0,0,0,0,0,0,0,0,0,0,0,0,0,0,0,0,0,0,0,0,0,0,0,0,0,0,0,0,0,0,0,0,0,0,0,0,0
0,0,0,0,0,0,21,214,200214,100214,198.17483520507813,44,45,1957,1956,0,0,0,0,0,0,0,1,2,3,4,5,6,7,8,9,10,11,12,13,14,15,16,17,18,19,20,21,22,23,24,25,26,27,28,29,30,31,32,33,34,35,36,37,38,39,40,41,42,43,44,45,46,47,48,49,50,51,52,53,54,55,56,57,58,59,60,61,62,63,64,65,66,67,68,69,70,71,72,73,74,75,76,77,78,79,80,81,82,83,84,85,86,87,88,89,90,91,92,93,94,95,96,97,98,99,100,101,102,103,104,105,106,107,108,109,110,111,112,113,114,115,116,117,118,119,120,121,122,123,124,125,126,127,128,129,130,131,132,133,134,135,136,137,138,139,140,141,142,143,144,145,2,1,1,2017,2017,2,2001,0,0,0,0,0,0,0,0,0,0,0,0,0,0,0,0,0,0,0,0,0,0,0,0,0,0,0,0,0,0,7867.17626953125,8699.232421875,9485.9140625,10280.50390625,11093.2900390625,11800.056640625,12644.4970703125,13635.654296875,14746.3876953125,15926.2607421875,17001.625,18002.310546875,19000,37894.125,39719.72265625,41581.671875,43293.91796875,44588.44921875,46151.14453125,48197.890625,50000,51437.8203125,53245.3828125,55235.96484375,57434.31640625,59589.5859375,61579.29296875,63779.9453125,63882.07421875,65210.40625,66945.59375,68174.2265625,68945.875,69673.328125,69455.4609375,69702.984375,70348.921875,0,0,0,0,0,0,0,0,0,0,0,0,0,0,0,0,0,0,0,0,0,0,0,0,0,0,0,0,0,0,0,0,0,0,0,0,0,0,0,0,0,0,0,0
0,0,0,0,0,0,21,215,100215,200215,198.0272979736328,45,44,1956,1957,0,0,0,0,0,0,1,2,3,4,5,6,7,8,9,10,11,12,13,14,15,16,17,18,19,20,21,22,23,24,25,26,27,28,29,30,31,32,33,34,35,36,37,38,39,40,41,42,43,44,45,46,47,48,49,50,51,52,53,54,55,56,57,58,59,60,61,62,63,64,65,66,67,68,69,70,71,72,73,74,75,76,77,78,79,80,81,82,83,84,85,86,87,88,89,90,91,92,93,94,95,96,97,98,99,100,101,102,103,104,105,106,107,108,109,110,111,112,113,114,115,116,117,118,119,120,121,122,123,124,125,126,127,128,129,130,131,132,133,134,135,136,137,138,139,140,141,142,143,144,145,146,1,2,1,2016,2016,1,2001,0,0,0,0,0,0,0,0,0,0,0,0,0,0,0,0,0,0,0,0,0,0,0,7401.89990234375,8479.35546875,9443.2861328125,10602.0224609375,11934.73046875,13655.7939453125,15870.724609375,18115.267578125,20000,0,0,0,0,0,12162.4912109375,13132.7431640625,14161.408203125,15094.068359375,15957.576171875,16815.7265625,17622.5390625,18442.765625,19277.248046875,20039.7734375,20606.845703125,21295.82421875,22205.615234375,23000,23624.541015625,24416.646484375,25290.025390625,26255.578125,27198.3984375,28062.794921875,29020.412109375,29021.59375,29578.896484375,30318.68359375,30827.0390625,31127.38671875,31406.806640625,31259.84765625,31322.37109375,0,0,0,0,0,0,0,0,0,0,0,0,0,0,0,0,0,0,0,0,0,0,0,0,0,0,0,0,0,0,0,0,0,0,0,0,0,0,0,0,0,0,0,0,0
0,0,0,0,0,0,21,215,200215,100215,198.0272979736328,44,45,1957,1956,0,0,0,0,0,0,0,1,2,3,4,5,6,7,8,9,10,11,12,13,14,15,16,17,18,19,20,21,22,23,24,25,26,27,28,29,30,31,32,33,34,35,36,37,38,39,40,41,42,43,44,45,46,47,48,49,50,51,52,53,54,55,56,57,58,59,60,61,62,63,64,65,66,67,68,69,70,71,72,73,74,75,76,77,78,79,80,81,82,83,84,85,86,87,88,89,90,91,92,93,94,95,96,97,98,99,100,101,102,103,104,105,106,107,108,109,110,111,112,113,114,115,116,117,118,119,120,121,122,123,124,125,126,127,128,129,130,131,132,133,134,135,136,137,138,139,140,141,142,143,144,145,2,1,1,2017,2017,2,2001,0,0,0,0,0,0,0,0,0,0,0,0,0,0,0,0,0,0,0,0,0,0,0,0,0,0,0,0,0,0,7867.17626953125,8699.232421875,9485.9140625,10280.50390625,11093.2900390625,11800.056640625,12644.4970703125,13635.654296875,14746.3876953125,15926.2607421875,17001.625,18002.310546875,19000,37894.125,39719.72265625,41581.671875,43293.91796875,44588.44921875,46151.14453125,48197.890625,50000,51437.8203125,53245.3828125,55235.96484375,57434.31640625,59589.5859375,61579.29296875,63779.9453125,63882.07421875,65210.40625,66945.59375,68174.2265625,68945.875,69673.328125,69455.4609375,69702.984375,70348.921875,0,0,0,0,0,0,0,0,0,0,0,0,0,0,0,0,0,0,0,0,0,0,0,0,0,0,0,0,0,0,0,0,0,0,0,0,0,0,0,0,0,0,0,0
0,0,0,0,0,0,29,291,100291,200291,6395.72314453125,29,27,1972,1974,0,0,0,0,0,0,0,0,0,0,0,0,0,0,0,0,0,0,0,0,0,0,1,2,3,4,5,6,7,8,9,10,11,12,13,14,15,16,17,18,19,20,21,22,23,24,25,26,27,28,29,30,31,32,33,34,35,36,37,38,39,40,41,42,43,44,45,46,47,48,49,50,51,52,53,54,55,56,57,58,59,60,61,62,63,64,65,66,67,68,69,70,71,72,73,74,75,76,77,78,79,80,81,82,83,84,85,86,87,88,89,90,91,92,93,94,95,96,97,98,99,100,101,102,103,104,105,106,107,108,109,110,111,112,113,114,115,116,117,118,119,120,121,122,123,124,125,126,127,128,129,130,1,2,1,2027,9999,1,2001,0,0,0,0,0,0,0,0,0,0,0,0,0,0,0,0,0,0,0,0,0,0,0,0,0,0,0,0,0,0,0,0,0,0,0,0,0,0,0,0,0,0,9381.943359375,10107.6015625,10873.359375,11681.4521484375,12480,14434.9169921875,15327.7666015625,16420.4296875,17472,18434.32421875,19568.3515625,20815.07421875,22190.486328125,23602.65234375,25002.091796875,26541.9375,27245.19921875,28500.08203125,29979.580078125,31279.06640625,32406.185546875,33544.98046875,34250.37109375,35201.64453125,36381.3046875,37649.34375,38664.36328125,39502.86328125,41523.91796875,44532.63671875,46460.82421875,47892.34375,49060.48828125,50073.171875,50982.5546875,14638.61328125,14859.8603515625,15060.837890625,15239.6640625,15395.2119140625,15526.66796875,15633.3349609375,15714.66015625,15770.2490234375,15799.7939453125,15803.1533203125,15780.2861328125,15731.3330078125,15656.5,15556.1767578125,15430.8564453125,15281.162109375,15107.80859375,14911.66796875,14693.6552734375,0,0,0,0,0,0,0,0,0,0,0,0,0,0
0,0,0,0,0,0,29,291,200291,100291,6395.72314453125,27,29,1974,1972,0,0,0,0,0,0,0,0,0,0,0,0,0,0,0,0,0,0,0,0,0,0,0,0,1,2,3,4,5,6,7,8,9,10,11,12,13,14,15,16,17,18,19,20,21,22,23,24,25,26,27,28,29,30,31,32,33,34,35,36,37,38,39,40,41,42,43,44,45,46,47,48,49,50,51,52,53,54,55,56,57,58,59,60,61,62,63,64,65,66,67,68,69,70,71,72,73,74,75,76,77,78,79,80,81,82,83,84,85,86,87,88,89,90,91,92,93,94,95,96,97,98,99,100,101,102,103,104,105,106,107,108,109,110,111,112,113,114,115,116,117,118,119,120,121,122,123,124,125,126,127,128,2,1,1,2029,2029,2,2001,0,0,0,0,0,0,0,0,0,0,0,0,0,0,0,0,0,0,0,0,0,0,0,0,0,0,0,0,0,0,0,0,0,0,0,0,0,0,0,0,0,7397.7783203125,8041.533203125,8692.33203125,10608,0,0,4268.32080078125,4547.4111328125,4887.7890625,5900,5523.8193359375,6651.9384765625,7099.283203125,7593.56201171875,8103.6689453125,8612.701171875,9173.56640625,9447.962890625,9915.998046875,10465.453125,10955.4150390625,11387.939453125,11827.3359375,12116.22265625,12494.1728515625,12955.8095703125,13451.98046875,13860.6083984375,14208.3017578125,14984.9208984375,16124.1455078125,16878.248046875,17456.177734375,17941.447265625,18372.6953125,18768.5859375,19142.54296875,19496.515625,0,0,0,0,0,0,0,0,0,0,0,0,0,0,0,0,0,0,0,0,0,0,0,0,0,0,0,0,0,0,0,0
0,0,0,0,0,0,29,292,100292,200292,6412.541015625,29,27,1972,1974,0,0,0,0,0,0,0,0,0,0,0,0,0,0,0,0,0,0,0,0,0,0,1,2,3,4,5,6,7,8,9,10,11,12,13,14,15,16,17,18,19,20,21,22,23,24,25,26,27,28,29,30,31,32,33,34,35,36,37,38,39,40,41,42,43,44,45,46,47,48,49,50,51,52,53,54,55,56,57,58,59,60,61,62,63,64,65,66,67,68,69,70,71,72,73,74,75,76,77,78,79,80,81,82,83,84,85,86,87,88,89,90,91,92,93,94,95,96,97,98,99,100,101,102,103,104,105,106,107,108,109,110,111,112,113,114,115,116,117,118,119,120,121,122,123,124,125,126,127,128,129,130,1,2,1,2027,9999,1,2001,0,0,0,0,0,0,0,0,0,0,0,0,0,0,0,0,0,0,0,0,0,0,0,0,0,0,0,0,0,0,0,0,0,0,0,0,0,0,0,0,0,0,9381.943359375,10107.6015625,10873.359375,11681.4521484375,12480,14434.9169921875,15327.7666015625,16420.4296875,17472,18434.32421875,19568.3515625,20815.07421875,22190.486328125,23602.65234375,25002.091796875,26541.9375,27245.19921875,28500.08203125,29979.580078125,31279.06640625,32406.185546875,33544.98046875,34250.37109375,35201.64453125,36381.3046875,37649.34375,38664.36328125,39502.86328125,41523.91796875,44532.63671875,46460.82421875,47892.34375,49060.48828125,50073.171875,50982.5546875,14638.61328125,14859.8603515625,15060.837890625,15239.6640625,15395.2119140625,15526.66796875,15633.3349609375,15714.66015625,15770.2490234375,15799.7939453125,15803.1533203125,15780.2861328125,15731.3330078125,15656.5,15556.1767578125,15430.8564453125,15281.162109375,15107.80859375,14911.66796875,14693.6552734375,0,0,0,0,0,0,0,0,0,0,0,0,0,0
0,0,0,0,0,0,29,292,200292,100292,6412.541015625,27,29,1974,1972,0,0,0,0,0,0,0,0,0,0,0,0,0,0,0,0,0,0,0,0,0,0,0,0,1,2,3,4,5,6,7,8,9,10,11,12,13,14,15,16,17,18,19,20,21,22,23,24,25,26,27,28,29,30,31,32,33,34,35,36,37,38,39,40,41,42,43,44,45,46,47,48,49,50,51,52,53,54,55,56,57,58,59,60,61,62,63,64,65,66,67,68,69,70,71,72,73,74,75,76,77,78,79,80,81,82,83,84,85,86,87,88,89,90,91,92,93,94,95,96,97,98,99,100,101,102,103,104,105,106,107,108,109,110,111,112,113,114,115,116,117,118,119,120,121,122,123,124,125,126,127,128,2,1,1,2029,2029,2,2001,0,0,0,0,0,0,0,0,0,0,0,0,0,0,0,0,0,0,0,0,0,0,0,0,0,0,0,0,0,0,0,0,0,0,0,0,0,0,0,0,0,7397.7783203125,8041.533203125,8692.33203125,10608,0,0,5064.11328125,5395.2373046875,5799.07568359375,7000,6553.6884765625,7892.1357421875,8422.884765625,9009.3173828125,9614.529296875,10218.4658203125,10883.900390625,11209.455078125,11764.751953125,12416.6484375,12997.9599609375,13511.1240234375,14032.443359375,14375.189453125,14823.60546875,15371.310546875,15959.98828125,16444.80078125,16857.318359375,17778.732421875,19130.35546875,20025.0546875,20710.734375,21286.478515625,21798.12890625,22267.828125,22711.5078125,23131.4765625,0,0,0,0,0,0,0,0,0,0,0,0,0,0,0,0,0,0,0,0,0,0,0,0,0,0,0,0,0,0,0,0
0,0,0,0,0,0,29,293,100293,200293,6467.87890625,29,27,1972,1974,0,0,0,0,0,0,0,0,0,0,0,0,0,0,0,0,0,0,0,0,0,0,1,2,3,4,5,6,7,8,9,10,11,12,13,14,15,16,17,18,19,20,21,22,23,24,25,26,27,28,29,30,31,32,33,34,35,36,37,38,39,40,41,42,43,44,45,46,47,48,49,50,51,52,53,54,55,56,57,58,59,60,61,62,63,64,65,66,67,68,69,70,71,72,73,74,75,76,77,78,79,80,81,82,83,84,85,86,87,88,89,90,91,92,93,94,95,96,97,98,99,100,101,102,103,104,105,106,107,108,109,110,111,112,113,114,115,116,117,118,119,120,121,122,123,124,125,126,127,128,129,130,1,2,1,2027,9999,1,2001,0,0,0,0,0,0,0,0,0,0,0,0,0,0,0,0,0,0,0,0,0,0,0,0,0,0,0,0,0,0,0,0,0,0,0,0,0,0,0,0,0,0,9381.943359375,10107.6015625,10873.359375,11681.4521484375,12480,14606.7568359375,15510.2353515625,16615.90625,17680,18653.775390625,19801.30078125,21062.865234375,22454.65234375,23883.62890625,25299.7265625,26857.904296875,27569.5390625,28839.359375,30336.470703125,31651.42578125,32791.96484375,33944.31640625,34658.1015625,35620.703125,36814.40625,38097.53515625,39124.640625,39973.125,42018.234375,45062.7734375,47013.9140625,48462.4765625,49644.5234375,50669.265625,51589.47265625,14812.8779296875,15036.7587890625,15240.12890625,15421.083984375,15578.4833984375,15711.5048828125,15819.44140625,15901.734375,15957.9853515625,15987.8818359375,15991.28125,15968.1416015625,15918.6064453125,15842.8818359375,15741.3642578125,15614.552734375,15463.076171875,15287.6591796875,15089.18359375,14868.5751953125,0,0,0,0,0,0,0,0,0,0,0,0,0,0
0,0,0,0,0,0,29,293,200293,100293,6467.87890625,27,29,1974,1972,0,0,0,0,0,0,0,0,0,0,0,0,0,0,0,0,0,0,0,0,0,0,0,0,1,2,3,4,5,6,7,8,9,10,11,12,13,14,15,16,17,18,19,20,21,22,23,24,25,26,27,28,29,30,31,32,33,34,35,36,37,38,39,40,41,42,43,44,45,46,47,48,49,50,51,52,53,54,55,56,57,58,59,60,61,62,63,64,65,66,67,68,69,70,71,72,73,74,75,76,77,78,79,80,81,82,83,84,85,86,87,88,89,90,91,92,93,94,95,96,97,98,99,100,101,102,103,104,105,106,107,108,109,110,111,112,113,114,115,116,117,118,119,120,121,122,123,124,125,126,127,128,2,1,1,2029,2029,2,2001,0,0,0,0,0,0,0,0,0,0,0,0,0,0,0,0,0,0,0,0,0,0,0,0,0,0,0,0,0,0,0,0,0,0,0,0,0,0,0,0,0,7397.7783203125,8041.533203125,8692.33203125,10608,0,0,4340.6669921875,4624.48779296875,4970.63525390625,6000,5617.44580078125,6764.68603515625,7219.61328125,7722.26953125,8241.0224609375,8758.6826171875,9329.0546875,9608.1015625,10084.0703125,10642.837890625,11141.10546875,11580.9599609375,12027.8046875,12321.587890625,12705.9443359375,13175.4052734375,13679.986328125,14095.5400390625,14449.126953125,15238.9091796875,16397.443359375,17164.328125,17752.052734375,18245.546875,18684.10546875,19086.705078125,19467.001953125,19826.97265625,0,0,0,0,0,0,0,0,0,0,0,0,0,0,0,0,0,0,0,0,0,0,0,0,0,0,0,0,0,0,0,0
0,0,0,0,0,0,29,294,100294,200294,6370.3408203125,29,27,1972,1974,0,0,0,0,0,0,0,0,0,0,0,0,0,0,0,0,0,0,0,0,0,0,1,2,3,4,5,6,7,8,9,10,11,12,13,14,15,16,17,18,19,20,21,22,23,24,25,26,27,28,29,30,31,32,33,34,35,36,37,38,39,40,41,42,43,44,45,46,47,48,49,50,51,52,53,54,55,56,57,58,59,60,61,62,63,64,65,66,67,68,69,70,71,72,73,74,75,76,77,78,79,80,81,82,83,84,85,86,87,88,89,90,91,92,93,94,95,96,97,98,99,100,101,102,103,104,105,106,107,108,109,110,111,112,113,114,115,116,117,118,119,120,121,122,123,124,125,126,127,128,129,130,1,2,1,2027,9999,1,2001,0,0,0,0,0,0,0,0,0,0,0,0,0,0,0,0,0,0,0,0,0,0,0,0,0,0,0,0,0,0,0,0,0,0,0,0,0,0,0,0,0,0,9381.943359375,10107.6015625,10873.359375,11681.4521484375,12480,14434.9169921875,15327.7666015625,16420.4296875,17472,18434.32421875,19568.3515625,20815.07421875,22190.486328125,23602.65234375,25002.091796875,26541.9375,27245.19921875,28500.08203125,29979.580078125,31279.06640625,32406.185546875,33544.98046875,34250.37109375,35201.64453125,36381.3046875,37649.34375,38664.36328125,39502.86328125,41523.91796875,44532.63671875,46460.82421875,47892.34375,49060.48828125,50073.171875,50982.5546875,14638.61328125,14859.8603515625,15060.837890625,15239.6640625,15395.2119140625,15526.66796875,15633.3349609375,15714.66015625,15770.2490234375,15799.7939453125,15803.1533203125,15780.2861328125,15731.3330078125,15656.5,15556.1767578125,15430.8564453125,15281.162109375,15107.80859375,14911.66796875,14693.6552734375,0,0,0,0,0,0,0,0,0,0,0,0,0,0
0,0,0,0,0,0,29,294,200294,100294,6370.3408203125,27,29,1974,1972,0,0,0,0,0,0,0,0,0,0,0,0,0,0,0,0,0,0,0,0,0,0,0,0,1,2,3,4,5,6,7,8,9,10,11,12,13,14,15,16,17,18,19,20,21,22,23,24,25,26,27,28,29,30,31,32,33,34,35,36,37,38,39,40,41,42,43,44,45,46,47,48,49,50,51,52,53,54,55,56,57,58,59,60,61,62,63,64,65,66,67,68,69,70,71,72,73,74,75,76,77,78,79,80,81,82,83,84,85,86,87,88,89,90,91,92,93,94,95,96,97,98,99,100,101,102,103,104,105,106,107,108,109,110,111,112,113,114,115,116,117,118,119,120,121,122,123,124,125,126,127,128,2,1,1,2029,2029,2,2001,0,0,0,0,0,0,0,0,0,0,0,0,0,0,0,0,0,0,0,0,0,0,0,0,0,0,0,0,0,0,0,0,0,0,0,0,0,0,0,0,0,7542.830078125,8199.2080078125,8862.7666015625,10816,0,0,4268.32080078125,4547.4111328125,4887.7890625,5900,5523.8193359375,6651.9384765625,7099.283203125,7593.56201171875,8103.6689453125,8612.701171875,9173.56640625,9447.962890625,9915.998046875,10465.453125,10955.4150390625,11387.939453125,11827.3359375,12116.22265625,12494.1728515625,12955.8095703125,13451.98046875,13860.6083984375,14208.3017578125,14984.9208984375,16124.1455078125,16878.248046875,17456.177734375,17941.447265625,18372.6953125,18768.5859375,19142.54296875,19496.515625,0,0,0,0,0,0,0,0,0,0,0,0,0,0,0,0,0,0,0,0,0,0,0,0,0,0,0,0,0,0,0,0
0,0,0,0,0,0,29,295,100295,200295,6408.2353515625,29,27,1972,1974,0,0,0,0,0,0,0,0,0,0,0,0,0,0,0,0,0,0,0,0,0,0,1,2,3,4,5,6,7,8,9,10,11,12,13,14,15,16,17,18,19,20,21,22,23,24,25,26,27,28,29,30,31,32,33,34,35,36,37,38,39,40,41,42,43,44,45,46,47,48,49,50,51,52,53,54,55,56,57,58,59,60,61,62,63,64,65,66,67,68,69,70,71,72,73,74,75,76,77,78,79,80,81,82,83,84,85,86,87,88,89,90,91,92,93,94,95,96,97,98,99,100,101,102,103,104,105,106,107,108,109,110,111,112,113,114,115,116,117,118,119,120,121,122,123,124,125,126,127,128,129,130,1,2,1,2027,9999,1,2001,0,0,0,0,0,0,0,0,0,0,0,0,0,0,0,0,0,0,0,0,0,0,0,0,0,0,0,0,0,0,0,0,0,0,0,0,0,0,0,0,0,0,9381.943359375,10107.6015625,10873.359375,11681.4521484375,12480,14434.9169921875,15327.7666015625,16420.4296875,17472,18434.32421875,19568.3515625,20815.07421875,22190.486328125,23602.65234375,25002.091796875,26541.9375,27245.19921875,28500.08203125,29979.580078125,31279.06640625,32406.185546875,33544.98046875,34250.37109375,35201.64453125,36381.3046875,37649.34375,38664.36328125,39502.86328125,41523.91796875,44532.63671875,46460.82421875,47892.34375,49060.48828125,50073.171875,50982.5546875,14638.61328125,14859.8603515625,15060.837890625,15239.6640625,15395.2119140625,15526.66796875,15633.3349609375,15714.66015625,15770.2490234375,15799.7939453125,15803.1533203125,15780.2861328125,15731.3330078125,15656.5,15556.1767578125,15430.8564453125,15281.162109375,15107.80859375,14911.66796875,14693.6552734375,0,0,0,0,0,0,0,0,0,0,0,0,0,0
0,0,0,0,0,0,29,295,200295,100295,6408.2353515625,27,29,1974,1972,0,0,0,0,0,0,0,0,0,0,0,0,0,0,0,0,0,0,0,0,0,0,0,0,1,2,3,4,5,6,7,8,9,10,11,12,13,14,15,16,17,18,19,20,21,22,23,24,25,26,27,28,29,30,31,32,33,34,35,36,37,38,39,40,41,42,43,44,45,46,47,48,49,50,51,52,53,54,55,56,57,58,59,60,61,62,63,64,65,66,67,68,69,70,71,72,73,74,75,76,77,78,79,80,81,82,83,84,85,86,87,88,89,90,91,92,93,94,95,96,97,98,99,100,101,102,103,104,105,106,107,108,109,110,111,112,113,114,115,116,117,118,119,120,121,122,123,124,125,126,127,128,2,1,1,2029,2029,2,2001,0,0,0,0,0,0,0,0,0,0,0,0,0,0,0,0,0,0,0,0,0,0,0,0,0,0,0,0,0,0,0,0,0,0,0,0,0,0,0,0,0,8528.5166015625,9270.6689453125,10020.94140625,10816,0,0,4826.103515625,5141.66015625,5526.5185546875,5900,6245.66455078125,6651.9384765625,7099.283203125,7593.56201171875,8103.6689453125,8612.701171875,9173.56640625,9447.962890625,9915.998046875,10465.453125,10955.4150390625,11387.939453125,11827.3359375,12116.22265625,12494.1728515625,12955.8095703125,13451.98046875,13860.6083984375,14208.3017578125,14984.9208984375,16124.1455078125,16878.248046875,17456.177734375,17941.447265625,18372.6953125,18768.5859375,19142.54296875,19496.515625,0,0,0,0,0,0,0,0,0,0,0,0,0,0,0,0,0,0,0,0,0,0,0,0,0,0,0,0,0,0,0,0
0,0,0,0,0,0,891,8911,108911,208911,5561.98388671875,59,51,1942,1950,9,10,11,12,13,14,15,16,17,18,19,20,21,22,23,24,25,26,27,28,29,30,31,32,33,34,35,36,37,38,39,40,41,42,43,44,45,46,47,48,49,50,51,52,53,54,55,56,57,58,59,60,61,62,63,64,65,66,67,68,69,70,71,72,73,74,75,76,77,78,79,80,81,82,83,84,85,86,87,88,89,90,91,92,93,94,95,96,97,98,99,100,101,102,103,104,105,106,107,108,109,110,111,112,113,114,115,116,117,118,119,120,121,122,123,124,125,126,127,128,129,130,131,132,133,134,135,136,137,138,139,140,141,142,143,144,145,146,147,148,149,150,151,152,153,154,155,156,157,158,159,160,1,2,0,2016,2016,1,2001,0,0,0,0,0,0,0,0,0,0,0,0,0,0,0,0,0,0,0,0,0,0,0,0,0,24812,27255.201171875,30018.962890625,33606.4375,38214.15625,42677.078125,46100.15625,49107.28125,51990.78515625,54804.72265625,56949.11328125,59614.19140625,62801.40234375,66347.515625,70000,72503.5078125,74487.109375,76276.515625,77679.2890625,78999.4140625,80242.46875,81061.21875,81555.6953125,82463.09375,23682.318359375,24000,85683.1484375,86644.3984375,87806.3125,89190.96875,90399.296875,91258.78125,92335.71875,90346.1875,90093.3984375,90353.15625,89885,88801.546875,87664.5625,85370.84375,83695.046875,0,0,0,0,0,0,0,0,0,0,0,0,0,0,0,0,0,0,0,0,0,0,0,0,0,0,0,0,0,0,0,0,0,0,0,0,0,0,0,0,0,0,0,0,0
0,0,0,0,0,0,891,8911,208911,108911,5561.98388671875,51,59,1950,1942,1,2,3,4,5,6,7,8,9,10,11,12,13,14,15,16,17,18,19,20,21,22,23,24,25,26,27,28,29,30,31,32,33,34,35,36,37,38,39,40,41,42,43,44,45,46,47,48,49,50,51,52,53,54,55,56,57,58,59,60,61,62,63,64,65,66,67,68,69,70,71,72,73,74,75,76,77,78,79,80,81,82,83,84,85,86,87,88,89,90,91,92,93,94,95,96,97,98,99,100,101,102,103,104,105,106,107,108,109,110,111,112,113,114,115,116,117,118,119,120,121,122,123,124,125,126,127,128,129,130,131,132,133,134,135,136,137,138,139,140,141,142,143,144,145,146,147,148,149,150,151,152,2,1,0,2016,2016,2,2001,0,0,0,0,0,0,0,0,0,0,0,0,0,0,0,0,0,0,0,0,0,0,0,0,0,0,0,0,0,13217.2060546875,14946.029296875,16347.423828125,17632.283203125,18901.87109375,20174.9375,21227.40625,22499.65234375,24000,0,27613.1171875,29256.708984375,30746.568359375,32207.388671875,33552.01171875,34904.890625,36267.3125,37477.734375,38309.12109375,39354.62109375,40791.9296875,42000,42738.8828125,43760.62890625,44903.99609375,46184.46484375,47397.54296875,48448.59375,49635.45703125,49175.4453125,49653.1484375,50421.21484375,50789.38671875,50806.8203125,50785.68359375,50077.4921875,49710.546875,0,0,0,0,0,0,0,0,0,0,0,0,0,0,0,0,0,0,0,0,0,0,0,0,0,0,0,0,0,0,0,0,0,0,0,0,0,0,0,0,0,0,0,0,0
0,0,0,0,0,0,891,8912,108912,208912,5685.57861328125,59,51,1942,1950,9,10,11,12,13,14,15,16,17,18,19,20,21,22,23,24,25,26,27,28,29,30,31,32,33,34,35,36,37,38,39,40,41,42,43,44,45,46,47,48,49,50,51,52,53,54,55,56,57,58,59,60,61,62,63,64,65,66,67,68,69,70,71,72,73,74,75,76,77,78,79,80,81,82,83,84,85,86,87,88,89,90,91,92,93,94,95,96,97,98,99,100,101,102,103,104,105,106,107,108,109,110,111,112,113,114,115,116,117,118,119,120,121,122,123,124,125,126,127,128,129,130,131,132,133,134,135,136,137,138,139,140,141,142,143,144,145,146,147,148,149,150,151,152,153,154,155,156,157,158,159,160,1,2,0,2010,2014,1,2001,0,0,0,0,0,0,0,0,0,0,0,0,0,0,0,0,0,0,0,0,0,0,0,0,0,0,0,0,0,0,14969.3671875,16170.0419921875,17224.818359375,18236.232421875,19223.24609375,19975.41015625,20910.2109375,22028.15234375,23271.984375,24553.12890625,25605.255859375,26485.7421875,27307.556640625,28000,0,0,22818.46875,22957.662109375,23213.115234375,23682.318359375,24000,85683.1484375,86644.3984375,87806.3125,89190.96875,90399.296875,91258.78125,92335.71875,90346.1875,90093.3984375,25434.14453125,25302.3359375,24997.37109375,24677.2890625,0,0,0,0,0,0,0,0,0,0,0,0,0,0,0,0,0,0,0,0,0,0,0,0,0,0,0,0,0,0,0,0,0,0,0,0,0,0,0,0,0,0,0,0,0,0,0
0,0,0,0,0,0,891,8912,208912,108912,5685.57861328125,51,59,1950,1942,1,2,3,4,5,6,7,8,9,10,11,12,13,14,15,16,17,18,19,20,21,22,23,24,25,26,27,28,29,30,31,32,33,34,35,36,37,38,39,40,41,42,43,44,45,46,47,48,49,50,51,52,53,54,55,56,57,58,59,60,61,62,63,64,65,66,67,68,69,70,71,72,73,74,75,76,77,78,79,80,81,82,83,84,85,86,87,88,89,90,91,92,93,94,95,96,97,98,99,100,101,102,103,104,105,106,107,108,109,110,111,112,113,114,115,116,117,118,119,120,121,122,123,124,125,126,127,128,129,130,131,132,133,134,135,136,137,138,139,140,141,142,143,144,145,146,147,148,149,150,151,152,2,1,0,2016,2016,2,2001,0,0,0,0,0,0,0,0,0,0,0,0,0,0,0,0,0,0,0,0,0,0,0,0,0,0,0,0,0,13217.2060546875,14946.029296875,16347.423828125,17632.283203125,18901.87109375,20174.9375,21227.40625,22499.65234375,24000,0,27613.1171875,29256.708984375,30746.568359375,32207.388671875,33552.01171875,34904.890625,36267.3125,37477.734375,38309.12109375,39354.62109375,40791.9296875,42000,42738.8828125,43760.62890625,44903.99609375,46184.46484375,47397.54296875,48448.59375,49635.45703125,49175.4453125,49653.1484375,50421.21484375,50789.38671875,50806.8203125,50785.68359375,50077.4921875,49710.546875,0,0,0,0,0,0,0,0,0,0,0,0,0,0,0,0,0,0,0,0,0,0,0,0,0,0,0,0,0,0,0,0,0,0,0,0,0,0,0,0,0,0,0,0,0
0,0,0,0,0,0,891,8913,108913,208913,5702.92431640625,59,51,1942,1950,9,10,11,12,13,14,15,16,17,18,19,20,21,22,23,24,25,26,27,28,29,30,31,32,33,34,35,36,37,38,39,40,41,42,43,44,45,46,47,48,49,50,51,52,53,54,55,56,57,58,59,60,61,62,63,64,65,66,67,68,69,70,71,72,73,74,75,76,77,78,79,80,81,82,83,84,85,86,87,88,89,90,91,92,93,94,95,96,97,98,99,100,101,102,103,104,105,106,107,108,109,110,111,112,113,114,115,116,117,118,119,120,121,122,123,124,125,126,127,128,129,130,131,132,133,134,135,136,137,138,139,140,141,142,143,144,145,146,147,148,149,150,151,152,153,154,155,156,157,158,159,160,1,2,0,2022,2023,1,2001,0,0,0,0,0,0,0,0,0,0,0,0,0,0,0,0,0,0,0,0,0,0,0,0,5530.05419921875,6025.76953125,6619.1181640625,7290.31689453125,8161.56005859375,9280.5771484375,10364.4296875,11195.748046875,11926.0498046875,12626.3291015625,13309.7138671875,13830.494140625,14477.7275390625,15251.763671875,16112.962890625,17000,0,0,0,0,0,0,22818.46875,22957.662109375,23213.115234375,23682.318359375,24000,24119.55078125,86644.3984375,87806.3125,89190.96875,90399.296875,91258.78125,92335.71875,90346.1875,90093.3984375,90353.15625,89885,88801.546875,87664.5625,85370.84375,83695.046875,82518.453125,0,0,0,0,0,0,0,0,0,0,0,0,0,0,0,0,0,0,0,0,0,0,0,0,0,0,0,0,0,0,0,0,0,0,0,0,0,0,0,0,0,0,0,0
0,0,0,0,0,0,891,8913,208913,108913,5702.92431640625,51,59,1950,1942,1,2,3,4,5,6,7,8,9,10,11,12,13,14,15,16,17,18,19,20,21,22,23,24,25,26,27,28,29,30,31,32,33,34,35,36,37,38,39,40,41,42,43,44,45,46,47,48,49,50,51,52,53,54,55,56,57,58,59,60,61,62,63,64,65,66,67,68,69,70,71,72,73,74,75,76,77,78,79,80,81,82,83,84,85,86,87,88,89,90,91,92,93,94,95,96,97,98,99,100,101,102,103,104,105,106,107,108,109,110,111,112,113,114,115,116,117,118,119,120,121,122,123,124,125,126,127,128,129,130,131,132,133,134,135,136,137,138,139,140,141,142,143,144,145,146,147,148,149,150,151,152,2,1,0,2016,2016,2,2001,0,0,0,0,0,0,0,0,0,0,0,0,0,0,0,0,0,0,0,0,0,0,0,0,0,0,0,0,0,13217.2060546875,14946.029296875,16347.423828125,17632.283203125,18901.87109375,20174.9375,21227.40625,22499.65234375,24000,0,27613.1171875,29256.708984375,30746.568359375,32207.388671875,33552.01171875,34904.890625,36267.3125,37477.734375,38309.12109375,39354.62109375,40791.9296875,42000,42738.8828125,43760.62890625,44903.99609375,46184.46484375,47397.54296875,48448.59375,49635.45703125,49175.4453125,49653.1484375,50421.21484375,50789.38671875,50806.8203125,50785.68359375,50077.4921875,49710.546875,0,0,0,0,0,0,0,0,0,0,0,0,0,0,0,0,0,0,0,0,0,0,0,0,0,0,0,0,0,0,0,0,0,0,0,0,0,0,0,0,0,0,0,0,0
0,0,0,0,0,0,891,8914,108914,208914,5685.7578125,59,51,1942,1950,9,10,11,12,13,14,15,16,17,18,19,20,21,22,23,24,25,26,27,28,29,30,31,32,33,34,35,36,37,38,39,40,41,42,43,44,45,46,47,48,49,50,51,52,53,54,55,56,57,58,59,60,61,62,63,64,65,66,67,68,69,70,71,72,73,74,75,76,77,78,79,80,81,82,83,84,85,86,87,88,89,90,91,92,93,94,95,96,97,98,99,100,101,102,103,104,105,106,107,108,109,110,111,112,113,114,115,116,117,118,119,120,121,122,123,124,125,126,127,128,129,130,131,132,133,134,135,136,137,138,139,140,141,142,143,144,145,146,147,148,149,150,151,152,153,154,155,156,157,158,159,160,1,2,0,2026,2026,1,2001,0,0,0,0,0,0,0,0,0,0,0,0,0,0,0,0,0,0,0,0,0,0,0,0,0,40366.40625,44341.26953125,48837.56640625,54674.04296875,62170.3046875,69431,75000,77096.0703125,78766.2890625,80123.375,80344.4453125,81160.78125,82507.515625,84115.59375,85640.1796875,86184.0859375,86027.5859375,85592.578125,84691.3515625,83684.8203125,82587.6875,81061.21875,81555.6953125,23213.115234375,23682.318359375,24000,85683.1484375,86644.3984375,87806.3125,89190.96875,90399.296875,91258.78125,92335.71875,90346.1875,90093.3984375,90353.15625,89885,88801.546875,87664.5625,85370.84375,83695.046875,82518.453125,0,0,0,0,0,0,0,0,0,0,0,0,0,0,0,0,0,0,0,0,0,0,0,0,0,0,0,0,0,0,0,0,0,0,0,0,0,0,0,0,0,0,0,0
0,0,0,0,0,0,891,8914,208914,108914,5685.7578125,51,59,1950,1942,1,2,3,4,5,6,7,8,9,10,11,12,13,14,15,16,17,18,19,20,21,22,23,24,25,26,27,28,29,30,31,32,33,34,35,36,37,38,39,40,41,42,43,44,45,46,47,48,49,50,51,52,53,54,55,56,57,58,59,60,61,62,63,64,65,66,67,68,69,70,71,72,73,74,75,76,77,78,79,80,81,82,83,84,85,86,87,88,89,90,91,92,93,94,95,96,97,98,99,100,101,102,103,104,105,106,107,108,109,110,111,112,113,114,115,116,117,118,119,120,121,122,123,124,125,126,127,128,129,130,131,132,133,134,135,136,137,138,139,140,141,142,143,144,145,146,147,148,149,150,151,152,2,1,0,2016,2016,2,2001,0,0,0,0,0,0,0,0,0,0,0,0,0,0,0,0,0,0,0,0,0,0,0,0,0,0,0,0,0,13217.2060546875,14946.029296875,16347.423828125,17632.283203125,18901.87109375,20174.9375,21227.40625,22499.65234375,24000,0,27613.1171875,29256.708984375,30746.568359375,32207.388671875,33552.01171875,34904.890625,36267.3125,37477.734375,38309.12109375,39354.62109375,40791.9296875,42000,42738.8828125,43760.62890625,44903.99609375,46184.46484375,47397.54296875,48448.59375,49635.45703125,49175.4453125,49653.1484375,50421.21484375,50789.38671875,50806.8203125,50785.68359375,50077.4921875,49710.546875,0,0,0,0,0,0,0,0,0,0,0,0,0,0,0,0,0,0,0,0,0,0,0,0,0,0,0,0,0,0,0,0,0,0,0,0,0,0,0,0,0,0,0,0,0
0,0,0,0,0,0,891,8915,108915,208915,5597.44140625,59,51,1942,1950,9,10,11,12,13,14,15,16,17,18,19,20,21,22,23,24,25,26,27,28,29,30,31,32,33,34,35,36,37,38,39,40,41,42,43,44,45,46,47,48,49,50,51,52,53,54,55,56,57,58,59,60,61,62,63,64,65,66,67,68,69,70,71,72,73,74,75,76,77,78,79,80,81,82,83,84,85,86,87,88,89,90,91,92,93,94,95,96,97,98,99,100,101,102,103,104,105,106,107,108,109,110,111,112,113,114,115,116,117,118,119,120,121,122,123,124,125,126,127,128,129,130,131,132,133,134,135,136,137,138,139,140,141,142,143,144,145,146,147,148,149,150,151,152,153,154,155,156,157,158,159,160,1,2,0,2025,2025,1,2001,0,0,0,0,0,0,0,0,0,0,0,0,0,0,0,0,0,0,0,0,0,0,0,0,0,0,41870.15625,46115.875,51627.08984375,58705.58984375,65561.6484375,70820.265625,75439.8203125,79869.53125,84192.375,87486.640625,91580.8828125,96477.15625,101924.6953125,107535.7421875,112143.765625,116000,30603.14453125,28523.654296875,26548.998046875,24680.46484375,22818.46875,22957.662109375,23213.115234375,23682.318359375,24000,85683.1484375,86644.3984375,87806.3125,89190.96875,90399.296875,91258.78125,92335.71875,90346.1875,90093.3984375,90353.15625,89885,88801.546875,87664.5625,85370.84375,83695.046875,82518.453125,0,0,0,0,0,0,0,0,0,0,0,0,0,0,0,0,0,0,0,0,0,0,0,0,0,0,0,0,0,0,0,0,0,0,0,0,0,0,0,0,0,0,0,0
0,0,0,0,0,0,891,8915,208915,108915,5597.44140625,51,59,1950,1942,1,2,3,4,5,6,7,8,9,10,11,12,13,14,15,16,17,18,19,20,21,22,23,24,25,26,27,28,29,30,31,32,33,34,35,36,37,38,39,40,41,42,43,44,45,46,47,48,49,50,51,52,53,54,55,56,57,58,59,60,61,62,63,64,65,66,67,68,69,70,71,72,73,74,75,76,77,78,79,80,81,82,83,84,85,86,87,88,89,90,91,92,93,94,95,96,97,98,99,100,101,102,103,104,105,106,107,108,109,110,111,112,113,114,115,116,117,118,119,120,121,122,123,124,125,126,127,128,129,130,131,132,133,134,135,136,137,138,139,140,141,142,143,144,145,146,147,148,149,150,151,152,2,1,0,2016,2016,2,2001,0,0,0,0,0,0,0,0,0,0,0,0,0,0,0,0,0,0,0,0,0,0,0,0,0,0,0,0,0,13217.2060546875,14946.029296875,16347.423828125,17632.283203125,18901.87109375,20174.9375,21227.40625,22499.65234375,24000,0,27613.1171875,29256.708984375,30746.568359375,32207.388671875,33552.01171875,34904.890625,36267.3125,37477.734375,38309.12109375,39354.62109375,40791.9296875,42000,42738.8828125,43760.62890625,44903.99609375,46184.46484375,47397.54296875,48448.59375,49635.45703125,49175.4453125,49653.1484375,50421.21484375,50789.38671875,50806.8203125,50785.68359375,50077.4921875,49710.546875,0,0,0,0,0,0,0,0,0,0,0,0,0,0,0,0,0,0,0,0,0,0,0,0,0,0,0,0,0,0,0,0,0,0,0,0,0,0,0,0,0,0,0,0,0
0,0,0,0,0,0,1274,12741,112741,0,5978.013671875,62,0,1939,0,12,13,14,15,16,17,18,19,20,21,22,23,24,25,26,27,28,29,30,31,32,33,34,35,36,37,38,39,40,41,42,43,44,45,46,47,48,49,50,51,52,53,54,55,56,57,58,59,60,61,62,63,64,65,66,67,68,69,70,71,72,73,74,75,76,77,78,79,80,81,82,83,84,85,86,87,88,89,90,91,92,93,94,95,96,97,98,99,100,101,102,103,104,105,106,107,108,109,110,111,112,113,114,115,116,117,118,119,120,121,122,123,124,125,126,127,128,129,130,131,132,133,134,135,136,137,138,139,140,141,142,143,144,145,146,147,148,149,150,151,152,153,154,155,156,157,158,159,160,161,162,163,2,0,0,,2009,1,2001,0,0,0,0,0,0,0,0,0,0,0,0,0,0,0,0,0,0,0,0,0,1420.491943359375,1546.36181640625,1760.9110107421875,1964.483154296875,2130.59228515625,2329.470703125,2553.715087890625,2845.56494140625,3220.61767578125,3579.966064453125,3849.067138671875,4081.011962890625,4300.4873046875,4512.09423828125,4666.7705078125,4862.37451171875,5098.43603515625,5361.18994140625,20000,36654.72265625,37738.29296875,38727.75,39524.5078125,40282.3984375,41003.9375,41511.140625,41569.52734375,41835.9609375,42482.4375,10800,10803.1552734375,10873.3798828125,10967.7900390625,11088.7646484375,11186.55078125,11240.2275390625,11319.818359375,11024.2353515625,0,0,0,0,0,0,0,0,0,0,0,0,0,0,0,0,0,0,0,0,0,0,0,0,0,0,0,0,0,0,0,0,0,0,0,0,0,0,0,0,0,0,0,0,0,0,0,0,0,0,0,0
0,0,0,0,0,0,1274,12742,112742,0,5435.09912109375,62,0,1939,0,12,13,14,15,16,17,18,19,20,21,22,23,24,25,26,27,28,29,30,31,32,33,34,35,36,37,38,39,40,41,42,43,44,45,46,47,48,49,50,51,52,53,54,55,56,57,58,59,60,61,62,63,64,65,66,67,68,69,70,71,72,73,74,75,76,77,78,79,80,81,82,83,84,85,86,87,88,89,90,91,92,93,94,95,96,97,98,99,100,101,102,103,104,105,106,107,108,109,110,111,112,113,114,115,116,117,118,119,120,121,122,123,124,125,126,127,128,129,130,131,132,133,134,135,136,137,138,139,140,141,142,143,144,145,146,147,148,149,150,151,152,153,154,155,156,157,158,159,160,161,162,163,2,0,0,,2009,1,2001,0,0,0,0,0,0,0,0,0,0,0,0,0,0,0,0,0,0,0,0,0,1420.491943359375,1546.36181640625,1760.9110107421875,1964.483154296875,2130.59228515625,2329.470703125,2553.715087890625,2845.56494140625,3220.61767578125,3579.966064453125,3849.067138671875,4081.011962890625,4300.4873046875,4512.09423828125,4666.7705078125,4862.37451171875,5098.43603515625,5361.18994140625,20000,36654.72265625,37738.29296875,38727.75,39524.5078125,40282.3984375,41003.9375,41511.140625,41569.52734375,41835.9609375,42482.4375,10800,10803.1552734375,10873.3798828125,10967.7900390625,11088.7646484375,11186.55078125,11240.2275390625,11319.818359375,11024.2353515625,0,0,0,0,0,0,0,0,0,0,0,0,0,0,0,0,0,0,0,0,0,0,0,0,0,0,0,0,0,0,0,0,0,0,0,0,0,0,0,0,0,0,0,0,0,0,0,0,0,0,0,0
0,0,0,0,0,0,1274,12743,112743,0,5081.48095703125,62,0,1939,0,12,13,14,15,16,17,18,19,20,21,22,23,24,25,26,27,28,29,30,31,32,33,34,35,36,37,38,39,40,41,42,43,44,45,46,47,48,49,50,51,52,53,54,55,56,57,58,59,60,61,62,63,64,65,66,67,68,69,70,71,72,73,74,75,76,77,78,79,80,81,82,83,84,85,86,87,88,89,90,91,92,93,94,95,96,97,98,99,100,101,102,103,104,105,106,107,108,109,110,111,112,113,114,115,116,117,118,119,120,121,122,123,124,125,126,127,128,129,130,131,132,133,134,135,136,137,138,139,140,141,142,143,144,145,146,147,148,149,150,151,152,153,154,155,156,157,158,159,160,161,162,163,2,0,0,,2009,1,2001,0,0,0,0,0,0,0,0,0,0,0,0,0,0,0,0,0,0,0,0,0,1420.491943359375,1546.36181640625,1760.9110107421875,1964.483154296875,2130.59228515625,2329.470703125,2553.715087890625,2845.56494140625,3220.61767578125,3579.966064453125,3849.067138671875,4081.011962890625,4300.4873046875,4512.09423828125,4666.7705078125,4862.37451171875,5098.43603515625,5361.18994140625,20000,36654.72265625,37738.29296875,38727.75,39524.5078125,40282.3984375,41003.9375,41511.140625,41569.52734375,41835.9609375,42482.4375,10800,10803.1552734375,10873.3798828125,10967.7900390625,11088.7646484375,11186.55078125,11240.2275390625,11319.818359375,11024.2353515625,0,0,0,0,0,0,0,0,0,0,0,0,0,0,0,0,0,0,0,0,0,0,0,0,0,0,0,0,0,0,0,0,0,0,0,0,0,0,0,0,0,0,0,0,0,0,0,0,0,0,0,0
0,0,0,0,0,0,1274,12744,112744,0,5689.43115234375,62,0,1939,0,12,13,14,15,16,17,18,19,20,21,22,23,24,25,26,27,28,29,30,31,32,33,34,35,36,37,38,39,40,41,42,43,44,45,46,47,48,49,50,51,52,53,54,55,56,57,58,59,60,61,62,63,64,65,66,67,68,69,70,71,72,73,74,75,76,77,78,79,80,81,82,83,84,85,86,87,88,89,90,91,92,93,94,95,96,97,98,99,100,101,102,103,104,105,106,107,108,109,110,111,112,113,114,115,116,117,118,119,120,121,122,123,124,125,126,127,128,129,130,131,132,133,134,135,136,137,138,139,140,141,142,143,144,145,146,147,148,149,150,151,152,153,154,155,156,157,158,159,160,161,162,163,2,0,0,,2009,1,2001,0,0,0,0,0,0,0,0,0,0,0,0,0,0,0,0,0,0,0,0,0,1420.491943359375,1546.36181640625,1760.9110107421875,1964.483154296875,2130.59228515625,2329.470703125,2553.715087890625,2845.56494140625,3220.61767578125,3579.966064453125,3849.067138671875,4081.011962890625,4300.4873046875,4512.09423828125,4666.7705078125,4862.37451171875,5098.43603515625,5361.18994140625,20000,36654.72265625,37738.29296875,38727.75,39524.5078125,40282.3984375,41003.9375,41511.140625,41569.52734375,41835.9609375,42482.4375,10800,10803.1552734375,10873.3798828125,10967.7900390625,11088.7646484375,11186.55078125,11240.2275390625,11319.818359375,11024.2353515625,0,0,0,0,0,0,0,0,0,0,0,0,0,0,0,0,0,0,0,0,0,0,0,0,0,0,0,0,0,0,0,0,0,0,0,0,0,0,0,0,0,0,0,0,0,0,0,0,0,0,0,0
0,0,0,0,0,0,1274,12745,112745,0,5464.365234375,62,0,1939,0,12,13,14,15,16,17,18,19,20,21,22,23,24,25,26,27,28,29,30,31,32,33,34,35,36,37,38,39,40,41,42,43,44,45,46,47,48,49,50,51,52,53,54,55,56,57,58,59,60,61,62,63,64,65,66,67,68,69,70,71,72,73,74,75,76,77,78,79,80,81,82,83,84,85,86,87,88,89,90,91,92,93,94,95,96,97,98,99,100,101,102,103,104,105,106,107,108,109,110,111,112,113,114,115,116,117,118,119,120,121,122,123,124,125,126,127,128,129,130,131,132,133,134,135,136,137,138,139,140,141,142,143,144,145,146,147,148,149,150,151,152,153,154,155,156,157,158,159,160,161,162,163,2,0,0,,2009,1,2001,0,0,0,0,0,0,0,0,0,0,0,0,0,0,0,0,0,0,0,0,0,1420.491943359375,1546.36181640625,1760.9110107421875,1964.483154296875,2130.59228515625,2329.470703125,2553.715087890625,2845.56494140625,3220.61767578125,3579.966064453125,3849.067138671875,4081.011962890625,4300.4873046875,4512.09423828125,4666.7705078125,4862.37451171875,5098.43603515625,5361.18994140625,20000,36654.72265625,37738.29296875,38727.75,39524.5078125,40282.3984375,41003.9375,41511.140625,41569.52734375,41835.9609375,42482.4375,10800,10803.1552734375,10873.3798828125,10967.7900390625,11088.7646484375,11186.55078125,11240.2275390625,11319.818359375,11024.2353515625,0,0,0,0,0,0,0,0,0,0,0,0,0,0,0,0,0,0,0,0,0,0,0,0,0,0,0,0,0,0,0,0,0,0,0,0,0,0,0,0,0,0,0,0,0,0,0,0,0,0,0,0
1,4,0,0,1500,0,1287,12871,112871,212871,284.6504211425781,71,67,1930,1934,21,22,23,24,25,26,27,28,29,30,31,32,33,34,35,36,37,38,39,40,41,42,43,44,45,46,47,48,49,50,51,52,53,54,55,56,57,58,59,60,61,62,63,64,65,66,67,68,69,70,71,72,73,74,75,76,77,78,79,80,81,82,83,84,85,86,87,88,89,90,91,92,93,94,95,96,97,98,99,100,101,102,103,104,105,106,107,108,109,110,111,112,113,114,115,116,117,118,119,120,121,122,123,124,125,126,127,128,129,130,131,132,133,134,135,136,137,138,139,140,141,142,143,144,145,146,147,148,149,150,151,152,153,154,155,156,157,158,159,160,161,162,163,164,165,166,167,168,169,170,171,172,1,2,1,,,1,2001,0,0,0,0,0,44647,48042.19140625,51278.28125,54179.44921875,57240.84375,60021.2890625,62923.23046875,65878.515625,77107.09375,80671.9609375,85173.4375,89771.328125,95760.8671875,102572.9609375,109876.7890625,117038.7734375,123472.7578125,132541.21875,148827.890625,163720.21875,175090.015625,188766.875,204055.375,224208.234375,250224.453125,274268.59375,290777.09375,304004.21875,315890.4375,326816.84375,333311.09375,342443.4375,354066.53125,367127.21875,380159.5625,389103,395024.4375,399733.9375,402274.6875,404276.625,405785.34375,405081.59375,400000,0,397474.15625,0,0,0,0,0,0,0,0,0,0,0,0,0,0,0,0,0,0,0,0,0,0,0,0,0,0,0,0,0,0,0,0,0,0,0,0,0,0,0,0,0,0,0,0,0,0,0,0,0,0,0,0,0,0,0,0,0,0,0,0,0
1,4,0,0,1500,0,1287,12871,212871,112871,284.6504211425781,67,71,1934,1930,17,18,19,20,21,22,23,24,25,26,27,28,29,30,31,32,33,34,35,36,37,38,39,40,41,42,43,44,45,46,47,48,49,50,51,52,53,54,55,56,57,58,59,60,61,62,63,64,65,66,67,68,69,70,71,72,73,74,75,76,77,78,79,80,81,82,83,84,85,86,87,88,89,90,91,92,93,94,95,96,97,98,99,100,101,102,103,104,105,106,107,108,109,110,111,112,113,114,115,116,117,118,119,120,121,122,123,124,125,126,127,128,129,130,131,132,133,134,135,136,137,138,139,140,141,142,143,144,145,146,147,148,149,150,151,152,153,154,155,156,157,158,159,160,161,162,163,164,165,166,167,168,2,1,1,,,2,2001,0,0,0,0,0,7711.9296875,8350.2880859375,8968.50390625,9535.1826171875,10136.9736328125,10695.8544921875,11283.1171875,11886.931640625,14000,0,0,0,0,0,0,0,0,0,0,0,0,0,0,0,0,0,0,0,0,0,0,0,0,0,0,0,0,0,0,0,0,0,89776.484375,89650.390625,90329,0,0,0,0,0,0,0,0,0,0,0,0,0,0,0,0,0,0,0,0,0,0,0,0,0,0,0,0,0,0,0,0,0,0,0,0,0,0,0,0,0,0,0,0,0,0,0,0,0,0,0,0,0,0,0,0,0,0,0,0,0
1,4,0,0,1400,0,1287,12872,112872,212872,282.4217224121094,71,67,1930,1934,21,22,23,24,25,26,27,28,29,30,31,32,33,34,35,36,37,38,39,40,41,42,43,44,45,46,47,48,49,50,51,52,53,54,55,56,57,58,59,60,61,62,63,64,65,66,67,68,69,70,71,72,73,74,75,76,77,78,79,80,81,82,83,84,85,86,87,88,89,90,91,92,93,94,95,96,97,98,99,100,101,102,103,104,105,106,107,108,109,110,111,112,113,114,115,116,117,118,119,120,121,122,123,124,125,126,127,128,129,130,131,132,133,134,135,136,137,138,139,140,141,142,143,144,145,146,147,148,149,150,151,152,153,154,155,156,157,158,159,160,161,162,163,164,165,166,167,168,169,170,171,172,1,2,1,,,1,2001,0,0,0,0,0,39066.1171875,42036.91015625,44868.48828125,47407.0078125,50085.7265625,52518.6171875,55057.8203125,57643.69140625,67468.6953125,70587.953125,74526.7421875,78549.8984375,83790.75,89751.328125,96142.171875,102408.9140625,108038.640625,115973.5546875,130224.3828125,143255.15625,153203.734375,165170.984375,178548.421875,196182.171875,218946.359375,239984.984375,254429.90625,266003.65625,276404.0625,285964.6875,291647.15625,299637.9375,309808.15625,321236.25,332639.5625,340465.0625,345646.3125,349767.15625,351990.28125,353742,355062.125,354446.34375,350000,0,347789.8125,0,0,0,0,0,0,0,0,0,0,0,0,0,0,0,0,0,0,0,0,0,0,0,0,0,0,0,0,0,0,0,0,0,0,0,0,0,0,0,0,0,0,0,0,0,0,0,0,0,0,0,0,0,0,0,0,0,0,0,0,0
1,4,0,0,1400,0,1287,12872,212872,112872,282.4217224121094,67,71,1934,1930,17,18,19,20,21,22,23,24,25,26,27,28,29,30,31,32,33,34,35,36,37,38,39,40,41,42,43,44,45,46,47,48,49,50,51,52,53,54,55,56,57,58,59,60,61,62,63,64,65,66,67,68,69,70,71,72,73,74,75,76,77,78,79,80,81,82,83,84,85,86,87,88,89,90,91,92,93,94,95,96,97,98,99,100,101,102,103,104,105,106,107,108,109,110,111,112,113,114,115,116,117,118,119,120,121,122,123,124,125,126,127,128,129,130,131,132,133,134,135,136,137,138,139,140,141,142,143,144,145,146,147,148,149,150,151,152,153,154,155,156,157,158,159,160,161,162,163,164,165,166,167,168,2,1,1,,,2,2001,0,0,0,0,0,12118.73828125,13121.8720703125,14093.353515625,14983.84765625,15929.5185546875,16807.759765625,17730.599609375,18679.451171875,22000,0,0,0,0,0,0,0,0,0,0,0,0,0,0,0,0,0,0,0,0,0,0,0,0,0,0,0,0,0,0,0,0,0,141077.21875,140879.078125,141945.46875,0,0,0,0,0,0,0,0,0,0,0,0,0,0,0,0,0,0,0,0,0,0,0,0,0,0,0,0,0,0,0,0,0,0,0,0,0,0,0,0,0,0,0,0,0,0,0,0,0,0,0,0,0,0,0,0,0,0,0,0,0
1,4,0,0,1700,0,1287,12873,112873,212873,290.865478515625,71,67,1930,1934,21,22,23,24,25,26,27,28,29,30,31,32,33,34,35,36,37,38,39,40,41,42,43,44,45,46,47,48,49,50,51,52,53,54,55,56,57,58,59,60,61,62,63,64,65,66,67,68,69,70,71,72,73,74,75,76,77,78,79,80,81,82,83,84,85,86,87,88,89,90,91,92,93,94,95,96,97,98,99,100,101,102,103,104,105,106,107,108,109,110,111,112,113,114,115,116,117,118,119,120,121,122,123,124,125,126,127,128,129,130,131,132,133,134,135,136,137,138,139,140,141,142,143,144,145,146,147,148,149,150,151,152,153,154,155,156,157,158,159,160,161,162,163,164,165,166,167,168,169,170,171,172,1,2,1,,,1,2001,0,0,0,0,0,44647,48042.19140625,51278.28125,54179.44921875,57240.84375,60021.2890625,62923.23046875,65878.515625,77107.09375,80671.9609375,85173.4375,89771.328125,95760.8671875,102572.9609375,109876.7890625,117038.7734375,123472.7578125,132541.21875,148827.890625,163720.21875,175090.015625,188766.875,204055.375,224208.234375,250224.453125,274268.59375,290777.09375,304004.21875,315890.4375,326816.84375,333311.09375,342443.4375,354066.53125,367127.21875,380159.5625,389103,395024.4375,399733.9375,402274.6875,404276.625,405785.34375,405081.59375,400000,0,397474.15625,0,0,0,0,0,0,0,0,0,0,0,0,0,0,0,0,0,0,0,0,0,0,0,0,0,0,0,0,0,0,0,0,0,0,0,0,0,0,0,0,0,0,0,0,0,0,0,0,0,0,0,0,0,0,0,0,0,0,0,0,0
1,4,0,0,1700,0,1287,12873,212873,112873,290.865478515625,67,71,1934,1930,17,18,19,20,21,22,23,24,25,26,27,28,29,30,31,32,33,34,35,36,37,38,39,40,41,42,43,44,45,46,47,48,49,50,51,52,53,54,55,56,57,58,59,60,61,62,63,64,65,66,67,68,69,70,71,72,73,74,75,76,77,78,79,80,81,82,83,84,85,86,87,88,89,90,91,92,93,94,95,96,97,98,99,100,101,102,103,104,105,106,107,108,109,110,111,112,113,114,115,116,117,118,119,120,121,122,123,124,125,126,127,128,129,130,131,132,133,134,135,136,137,138,139,140,141,142,143,144,145,146,147,148,149,150,151,152,153,154,155,156,157,158,159,160,161,162,163,164,165,166,167,168,2,1,1,,,2,2001,0,0,0,0,0,6059.3720703125,6560.939453125,7046.68017578125,7491.92724609375,7964.76318359375,8403.8837890625,8865.3037109375,9339.7294921875,11000,0,0,0,0,0,0,0,0,0,0,0,0,0,0,0,0,0,0,0,0,0,0,0,0,0,0,0,0,0,0,0,0,0,70538.6484375,70439.578125,70972.765625,0,0,0,0,0,0,0,0,0,0,0,0,0,0,0,0,0,0,0,0,0,0,0,0,0,0,0,0,0,0,0,0,0,0,0,0,0,0,0,0,0,0,0,0,0,0,0,0,0,0,0,0,0,0,0,0,0,0,0,0,0
1,4,0,0,1500,0,1287,12874,112874,212874,285.7479553222656,71,67,1930,1934,21,22,23,24,25,26,27,28,29,30,31,32,33,34,35,36,37,38,39,40,41,42,43,44,45,46,47,48,49,50,51,52,53,54,55,56,57,58,59,60,61,62,63,64,65,66,67,68,69,70,71,72,73,74,75,76,77,78,79,80,81,82,83,84,85,86,87,88,89,90,91,92,93,94,95,96,97,98,99,100,101,102,103,104,105,106,107,108,109,110,111,112,113,114,115,116,117,118,119,120,121,122,123,124,125,126,127,128,129,130,131,132,133,134,135,136,137,138,139,140,141,142,143,144,145,146,147,148,149,150,151,152,153,154,155,156,157,158,159,160,161,162,163,164,165,166,167,168,169,170,171,172,1,2,1,,,1,2001,0,0,0,0,0,29020.5390625,31227.412109375,33330.87109375,35216.62890625,37206.53515625,39013.82421875,40900.0859375,42821.01953125,50119.59375,52436.75390625,55362.71484375,58351.34375,62244.6015625,66672.3984375,71419.890625,76075.1796875,80257.265625,86151.765625,96738.09375,106418.1015625,113808.578125,122698.421875,132635.9375,145735.296875,162645.828125,178274.53125,189005.03125,197602.859375,205328.90625,212430.875,216652.140625,222588.15625,230143.15625,238632.609375,247103.875,252916.859375,256765.796875,259826.96875,261478.453125,262779.71875,263760.375,263302.9375,260000,0,258358.09375,0,0,0,0,0,0,0,0,0,0,0,0,0,0,0,0,0,0,0,0,0,0,0,0,0,0,0,0,0,0,0,0,0,0,0,0,0,0,0,0,0,0,0,0,0,0,0,0,0,0,0,0,0,0,0,0,0,0,0,0,0
1,4,0,0,1500,0,1287,12874,212874,112874,285.7479553222656,67,71,1934,1930,17,18,19,20,21,22,23,24,25,26,27,28,29,30,31,32,33,34,35,36,37,38,39,40,41,42,43,44,45,46,47,48,49,50,51,52,53,54,55,56,57,58,59,60,61,62,63,64,65,66,67,68,69,70,71,72,73,74,75,76,77,78,79,80,81,82,83,84,85,86,87,88,89,90,91,92,93,94,95,96,97,98,99,100,101,102,103,104,105,106,107,108,109,110,111,112,113,114,115,116,117,118,119,120,121,122,123,124,125,126,127,128,129,130,131,132,133,134,135,136,137,138,139,140,141,142,143,144,145,146,147,148,149,150,151,152,153,154,155,156,157,158,159,160,161,162,163,164,165,166,167,168,2,1,1,,,2,2001,0,0,0,0,0,6610.2236328125,7157.38818359375,7687.287109375,8173.01123046875,8688.83203125,9167.873046875,9671.240234375,10188.7958984375,12000,0,0,0,0,0,0,0,0,0,0,0,0,0,0,0,0,0,0,0,0,0,0,0,0,0,0,0,0,0,0,0,0,0,76951.25,76843.171875,77424.8359375,0,0,0,0,0,0,0,0,0,0,0,0,0,0,0,0,0,0,0,0,0,0,0,0,0,0,0,0,0,0,0,0,0,0,0,0,0,0,0,0,0,0,0,0,0,0,0,0,0,0,0,0,0,0,0,0,0,0,0,0,0
1,4,0,0,1500,0,1287,12875,112875,212875,297.4393005371094,71,67,1930,1934,21,22,23,24,25,26,27,28,29,30,31,32,33,34,35,36,37,38,39,40,41,42,43,44,45,46,47,48,49,50,51,52,53,54,55,56,57,58,59,60,61,62,63,64,65,66,67,68,69,70,71,72,73,74,75,76,77,78,79,80,81,82,83,84,85,86,87,88,89,90,91,92,93,94,95,96,97,98,99,100,101,102,103,104,105,106,107,108,109,110,111,112,113,114,115,116,117,118,119,120,121,122,123,124,125,126,127,128,129,130,131,132,133,134,135,136,137,138,139,140,141,142,143,144,145,146,147,148,149,150,151,152,153,154,155,156,157,158,159,160,161,162,163,164,165,166,167,168,169,170,171,172,1,2,1,,,1,2001,0,0,0,0,0,29020.5390625,31227.412109375,33330.87109375,35216.62890625,37206.53515625,39013.82421875,40900.0859375,42821.01953125,50119.59375,52436.75390625,55362.71484375,58351.34375,62244.6015625,66672.3984375,71419.890625,76075.1796875,80257.265625,86151.765625,96738.09375,106418.1015625,113808.578125,122698.421875,132635.9375,145735.296875,162645.828125,178274.53125,189005.03125,197602.859375,205328.90625,212430.875,216652.140625,222588.15625,230143.15625,238632.609375,247103.875,252916.859375,256765.796875,259826.96875,261478.453125,262779.71875,263760.375,263302.9375,260000,0,258358.09375,0,0,0,0,0,0,0,0,0,0,0,0,0,0,0,0,0,0,0,0,0,0,0,0,0,0,0,0,0,0,0,0,0,0,0,0,0,0,0,0,0,0,0,0,0,0,0,0,0,0,0,0,0,0,0,0,0,0,0,0,0
1,4,0,0,1500,0,1287,12875,212875,112875,297.4393005371094,67,71,1934,1930,17,18,19,20,21,22,23,24,25,26,27,28,29,30,31,32,33,34,35,36,37,38,39,40,41,42,43,44,45,46,47,48,49,50,51,52,53,54,55,56,57,58,59,60,61,62,63,64,65,66,67,68,69,70,71,72,73,74,75,76,77,78,79,80,81,82,83,84,85,86,87,88,89,90,91,92,93,94,95,96,97,98,99,100,101,102,103,104,105,106,107,108,109,110,111,112,113,114,115,116,117,118,119,120,121,122,123,124,125,126,127,128,129,130,131,132,133,134,135,136,137,138,139,140,141,142,143,144,145,146,147,148,149,150,151,152,153,154,155,156,157,158,159,160,161,162,163,164,165,166,167,168,2,1,1,,,2,2001,0,0,0,0,0,7161.07666015625,7753.837890625,8327.8955078125,8854.0966796875,9412.9033203125,9931.86328125,10477.1787109375,11037.86328125,13000,0,0,0,0,0,0,0,0,0,0,0,0,0,0,0,0,0,0,0,0,0,0,0,0,0,0,0,0,0,0,0,0,0,83363.859375,83246.78125,83876.9140625,0,0,0,0,0,0,0,0,0,0,0,0,0,0,0,0,0,0,0,0,0,0,0,0,0,0,0,0,0,0,0,0,0,0,0,0,0,0,0,0,0,0,0,0,0,0,0,0,0,0,0,0,0,0,0,0,0,0,0,0,0
0,0,0,0,0,0,1587,15871,115871,215871,714.911865234375,42,37,1959,1964,0,0,0,0,0,0,0,0,0,1,2,3,4,5,6,7,8,9,10,11,12,13,14,15,16,17,18,19,20,21,22,23,24,25,26,27,28,29,30,31,32,33,34,35,36,37,38,39,40,41,42,43,44,45,46,47,48,49,50,51,52,53,54,55,56,57,58,59,60,61,62,63,64,65,66,67,68,69,70,71,72,73,74,75,76,77,78,79,80,81,82,83,84,85,86,87,88,89,90,91,92,93,94,95,96,97,98,99,100,101,102,103,104,105,106,107,108,109,110,111,112,113,114,115,116,117,118,119,120,121,122,123,124,125,126,127,128,129,130,131,132,133,134,135,136,137,138,139,140,141,142,143,1,2,1,9999,9999,1,2001,0,0,0,0,0,0,0,0,0,0,0,0,0,0,0,0,0,0,0,0,0,0,0,0,0,0,0,0,0,0,0,0,50654.61328125,55069.07421875,59608.484375,71039.703125,76361.1640625,82603.9609375,89611.7421875,97083.765625,103962.7109375,110425.375,116909.203125,123092.703125,129425.8359375,135916.015625,141954.484375,146655.703125,152269.53125,159519.015625,166000,171306.90625,177880.4375,185106.703125,193074.796875,200945.578125,208303.578125,216421.359375,217444.734375,222659.25,229297.75,234235.09375,237626,240883.015625,240879.796875,242492.796875,245504.171875,248901.203125,250445.828125,250731.65625,258285.984375,271485.34375,277629.15625,280542.3125,281749.34375,281954.15625,281502.34375,280632.84375,279401.625,277768.1875,275722.78125,273268.96875,270417.65625,267180.28125,0,0,0,0,0,0,0,0,0,0,0,0,0,0,0,0,0,0,0,0,0,0,0,0,0,0,0
0,0,0,0,0,0,1587,15871,215871,115871,714.911865234375,37,42,1964,1959,0,0,0,0,0,0,0,0,0,0,0,0,0,0,1,2,3,4,5,6,7,8,9,10,11,12,13,14,15,16,17,18,19,20,21,22,23,24,25,26,27,28,29,30,31,32,33,34,35,36,37,38,39,40,41,42,43,44,45,46,47,48,49,50,51,52,53,54,55,56,57,58,59,60,61,62,63,64,65,66,67,68,69,70,71,72,73,74,75,76,77,78,79,80,81,82,83,84,85,86,87,88,89,90,91,92,93,94,95,96,97,98,99,100,101,102,103,104,105,106,107,108,109,110,111,112,113,114,115,116,117,118,119,120,121,122,123,124,125,126,127,128,129,130,131,132,133,134,135,136,137,138,2,1,1,2021,2021,2,2001,0,0,0,0,0,0,0,0,0,0,0,0,0,0,0,0,0,0,0,0,0,0,0,0,0,0,0,0,0,0,0,8025.06005859375,8846.76953125,9693.0166015625,10574.1123046875,12700.5341796875,13758.7333984375,15000,4916.294921875,5367.90283203125,5793.22314453125,6201.49853515625,6616.99951171875,7021.49755859375,7440.51611328125,7874.76806640625,8288.984375,8630.4970703125,9030.98046875,9534.962890625,10000,10400.42578125,10884.0244140625,11414.8056640625,11999.330078125,12586.1962890625,13149.142578125,13768.4755859375,13941.8271484375,14387.859375,14932.767578125,15373.6689453125,15718.2490234375,16058.353515625,16183.7919921875,16419.646484375,16753.61328125,17118.33984375,17359.3515625,17515.13671875,18184.017578125,0,0,0,0,0,0,0,0,0,0,0,0,0,0,0,0,0,0,0,0,0,0,0,0,0,0,0,0,0,0,0,0,0,0,0,0,0,0,0,0
0,0,0,0,0,0,1587,15872,115872,215872,718.6927490234375,42,37,1959,1964,0,0,0,0,0,0,0,0,0,1,2,3,4,5,6,7,8,9,10,11,12,13,14,15,16,17,18,19,20,21,22,23,24,25,26,27,28,29,30,31,32,33,34,35,36,37,38,39,40,41,42,43,44,45,46,47,48,49,50,51,52,53,54,55,56,57,58,59,60,61,62,63,64,65,66,67,68,69,70,71,72,73,74,75,76,77,78,79,80,81,82,83,84,85,86,87,88,89,90,91,92,93,94,95,96,97,98,99,100,101,102,103,104,105,106,107,108,109,110,111,112,113,114,115,116,117,118,119,120,121,122,123,124,125,126,127,128,129,130,131,132,133,134,135,136,137,138,139,140,141,142,143,1,2,1,9999,9999,1,2001,0,0,0,0,0,0,0,0,0,0,0,0,0,0,0,0,0,0,0,0,0,0,0,0,0,0,0,0,0,0,0,0,18614.044921875,20236.2265625,21904.32421875,26104.951171875,28060.427734375,30354.46875,32929.6171875,35675.359375,38203.1640625,40578,42960.61328125,45232.859375,47560.09765625,49945.04296875,52163.99609375,53891.5546875,55954.46484375,58618.4375,61000,62950.12890625,65365.70703125,68021.140625,70949.171875,73841.453125,76545.296875,79528.328125,79904.46875,81820.5703125,84260.015625,86074.34375,87320.3984375,88517.2578125,88516.0703125,89108.8046875,90215.390625,91463.78125,92031.296875,92136.3359375,94912.3203125,99762.6875,102020.359375,103090.8515625,103534.40625,103609.65625,103443.6328125,103124.1171875,102671.6875,102071.4453125,101319.8203125,100418.1171875,99370.34375,98180.7109375,0,0,0,0,0,0,0,0,0,0,0,0,0,0,0,0,0,0,0,0,0,0,0,0,0,0,0
0,0,0,0,0,0,1587,15872,215872,115872,718.6927490234375,37,42,1964,1959,0,0,0,0,0,0,0,0,0,0,0,0,0,0,1,2,3,4,5,6,7,8,9,10,11,12,13,14,15,16,17,18,19,20,21,22,23,24,25,26,27,28,29,30,31,32,33,34,35,36,37,38,39,40,41,42,43,44,45,46,47,48,49,50,51,52,53,54,55,56,57,58,59,60,61,62,63,64,65,66,67,68,69,70,71,72,73,74,75,76,77,78,79,80,81,82,83,84,85,86,87,88,89,90,91,92,93,94,95,96,97,98,99,100,101,102,103,104,105,106,107,108,109,110,111,112,113,114,115,116,117,118,119,120,121,122,123,124,125,126,127,128,129,130,131,132,133,134,135,136,137,138,2,1,1,2021,2021,2,2001,0,0,0,0,0,0,0,0,0,0,0,0,0,0,0,0,0,0,0,0,0,0,0,0,0,0,0,0,0,0,0,8025.06005859375,8846.76953125,9693.0166015625,10574.1123046875,12700.5341796875,13758.7333984375,15000,3933.03564453125,4294.322265625,4634.57861328125,4961.19873046875,5293.599609375,5617.19775390625,5952.41259765625,6299.814453125,6631.18701171875,6904.39697265625,7224.7841796875,7627.97021484375,8000,8320.33984375,8707.21875,9131.84375,9599.4638671875,10068.95703125,10519.3134765625,11014.7802734375,11153.4619140625,11510.287109375,11946.2138671875,12298.9345703125,12574.5986328125,12846.6826171875,12947.033203125,13135.716796875,13402.8896484375,13694.6708984375,13887.4814453125,14012.1083984375,14547.2138671875,0,0,0,0,0,0,0,0,0,0,0,0,0,0,0,0,0,0,0,0,0,0,0,0,0,0,0,0,0,0,0,0,0,0,0,0,0,0,0,0
0,0,0,0,0,0,1587,15873,115873,215873,722.3416748046875,42,37,1959,1964,0,0,0,0,0,0,0,0,0,1,2,3,4,5,6,7,8,9,10,11,12,13,14,15,16,17,18,19,20,21,22,23,24,25,26,27,28,29,30,31,32,33,34,35,36,37,38,39,40,41,42,43,44,45,46,47,48,49,50,51,52,53,54,55,56,57,58,59,60,61,62,63,64,65,66,67,68,69,70,71,72,73,74,75,76,77,78,79,80,81,82,83,84,85,86,87,88,89,90,91,92,93,94,95,96,97,98,99,100,101,102,103,104,105,106,107,108,109,110,111,112,113,114,115,116,117,118,119,120,121,122,123,124,125,126,127,128,129,130,131,132,133,134,135,136,137,138,139,140,141,142,143,1,2,1,9999,9999,1,2001,0,0,0,0,0,0,0,0,0,0,0,0,0,0,0,0,0,0,0,0,0,0,0,0,0,0,0,0,0,0,0,0,73540.6796875,79949.625,86539.96875,103135.8828125,110861.609375,119924.9453125,130098.8828125,140946.8125,150933.703125,160316.25,169729.515625,178706.75,187901.234375,197323.71875,206090.390625,212915.65625,221065.84375,231590.703125,241000,248704.4375,258247.9375,268739.0625,280307.1875,291734.03125,302416.4375,314201.875,315687.625,323258.09375,332895.90625,340063.96875,344986.90625,349715.46875,349710.78125,352052.5625,356424.46875,361356.3125,363598.8125,364013.78125,374981.21875,394144.125,403063.75,407293.0625,409045.46875,409342.78125,408686.875,407424.5,405637.03125,403265.59375,400296.0625,396733.59375,392594.03125,387894,0,0,0,0,0,0,0,0,0,0,0,0,0,0,0,0,0,0,0,0,0,0,0,0,0,0,0
0,0,0,0,0,0,1587,15873,215873,115873,722.3416748046875,37,42,1964,1959,0,0,0,0,0,0,0,0,0,0,0,0,0,0,1,2,3,4,5,6,7,8,9,10,11,12,13,14,15,16,17,18,19,20,21,22,23,24,25,26,27,28,29,30,31,32,33,34,35,36,37,38,39,40,41,42,43,44,45,46,47,48,49,50,51,52,53,54,55,56,57,58,59,60,61,62,63,64,65,66,67,68,69,70,71,72,73,74,75,76,77,78,79,80,81,82,83,84,85,86,87,88,89,90,91,92,93,94,95,96,97,98,99,100,101,102,103,104,105,106,107,108,109,110,111,112,113,114,115,116,117,118,119,120,121,122,123,124,125,126,127,128,129,130,131,132,133,134,135,136,137,138,2,1,1,2021,2021,2,2001,0,0,0,0,0,0,0,0,0,0,0,0,0,0,0,0,0,0,0,0,0,0,0,0,0,0,0,0,0,0,0,8025.06005859375,8846.76953125,9693.0166015625,10574.1123046875,12700.5341796875,13758.7333984375,15000,4277.17578125,4670.0751953125,5040.103515625,5395.30322265625,5756.78857421875,6108.7021484375,6473.248046875,6851.04736328125,7211.4150390625,7508.53125,7856.95166015625,8295.4169921875,8700,9048.369140625,9469.099609375,9930.87890625,10439.416015625,10949.9892578125,11439.751953125,11978.572265625,12129.388671875,12517.435546875,12991.505859375,13375.08984375,13674.875,13970.765625,14079.896484375,14285.0908203125,14575.640625,14892.953125,15102.6337890625,15238.166015625,15820.0927734375,0,0,0,0,0,0,0,0,0,0,0,0,0,0,0,0,0,0,0,0,0,0,0,0,0,0,0,0,0,0,0,0,0,0,0,0,0,0,0,0
0,0,0,0,0,0,1587,15874,115874,215874,717.6441650390625,42,37,1959,1964,0,0,0,0,0,0,0,0,0,1,2,3,4,5,6,7,8,9,10,11,12,13,14,15,16,17,18,19,20,21,22,23,24,25,26,27,28,29,30,31,32,33,34,35,36,37,38,39,40,41,42,43,44,45,46,47,48,49,50,51,52,53,54,55,56,57,58,59,60,61,62,63,64,65,66,67,68,69,70,71,72,73,74,75,76,77,78,79,80,81,82,83,84,85,86,87,88,89,90,91,92,93,94,95,96,97,98,99,100,101,102,103,104,105,106,107,108,109,110,111,112,113,114,115,116,117,118,119,120,121,122,123,124,125,126,127,128,129,130,131,132,133,134,135,136,137,138,139,140,141,142,143,1,2,1,9999,9999,1,2001,0,0,0,0,0,0,0,0,0,0,0,0,0,0,0,0,0,0,0,0,0,0,0,0,0,0,0,0,0,0,0,0,21970.66015625,23885.365234375,25854.263671875,30812.37890625,33120.48046875,35828.19921875,38867.71484375,42108.58984375,45092.2265625,47895.3125,50707.5703125,53389.56640625,56136.46484375,58951.48046875,61570.57421875,63609.65625,66044.5703125,69188.921875,72000,74301.7421875,77152.90625,80287.1875,83743.2265625,87157.0546875,90348.4765625,93869.4375,94313.40625,96575.0234375,99454.375,101595.875,103066.625,104479.3046875,104477.90625,105177.5234375,106483.65625,107957.171875,108627.0234375,108751,112027.578125,117752.59375,120417.3828125,121680.9140625,122204.453125,122293.2734375,122097.3125,121720.1796875,121186.1640625,120477.6796875,119590.5234375,118526.21875,117289.5,115885.34375,0,0,0,0,0,0,0,0,0,0,0,0,0,0,0,0,0,0,0,0,0,0,0,0,0,0,0
0,0,0,0,0,0,1587,15874,215874,115874,717.6441650390625,37,42,1964,1959,0,0,0,0,0,0,0,0,0,0,0,0,0,0,1,2,3,4,5,6,7,8,9,10,11,12,13,14,15,16,17,18,19,20,21,22,23,24,25,26,27,28,29,30,31,32,33,34,35,36,37,38,39,40,41,42,43,44,45,46,47,48,49,50,51,52,53,54,55,56,57,58,59,60,61,62,63,64,65,66,67,68,69,70,71,72,73,74,75,76,77,78,79,80,81,82,83,84,85,86,87,88,89,90,91,92,93,94,95,96,97,98,99,100,101,102,103,104,105,106,107,108,109,110,111,112,113,114,115,116,117,118,119,120,121,122,123,124,125,126,127,128,129,130,131,132,133,134,135,136,137,138,2,1,1,2021,2021,2,2001,0,0,0,0,0,0,0,0,0,0,0,0,0,0,0,0,0,0,0,0,0,0,0,0,0,0,0,0,0,0,0,8025.06005859375,8846.76953125,9693.0166015625,10574.1123046875,12700.5341796875,13758.7333984375,15000,4916.294921875,5367.90283203125,5793.22314453125,6201.49853515625,6616.99951171875,7021.49755859375,7440.51611328125,7874.76806640625,8288.984375,8630.4970703125,9030.98046875,9534.962890625,10000,10400.42578125,10884.0244140625,11414.8056640625,11999.330078125,12586.1962890625,13149.142578125,13768.4755859375,13941.8271484375,14387.859375,14932.767578125,15373.6689453125,15718.2490234375,16058.353515625,16183.7919921875,16419.646484375,16753.61328125,17118.33984375,17359.3515625,17515.13671875,18184.017578125,0,0,0,0,0,0,0,0,0,0,0,0,0,0,0,0,0,0,0,0,0,0,0,0,0,0,0,0,0,0,0,0,0,0,0,0,0,0,0,0
0,0,0,0,0,0,1587,15875,115875,215875,712.8656005859375,42,37,1959,1964,0,0,0,0,0,0,0,0,0,1,2,3,4,5,6,7,8,9,10,11,12,13,14,15,16,17,18,19,20,21,22,23,24,25,26,27,28,29,30,31,32,33,34,35,36,37,38,39,40,41,42,43,44,45,46,47,48,49,50,51,52,53,54,55,56,57,58,59,60,61,62,63,64,65,66,67,68,69,70,71,72,73,74,75,76,77,78,79,80,81,82,83,84,85,86,87,88,89,90,91,92,93,94,95,96,97,98,99,100,101,102,103,104,105,106,107,108,109,110,111,112,113,114,115,116,117,118,119,120,121,122,123,124,125,126,127,128,129,130,131,132,133,134,135,136,137,138,139,140,141,142,143,1,2,1,9999,9999,1,2001,0,0,0,0,0,0,0,0,0,0,0,0,0,0,0,0,0,0,0,0,0,0,0,0,0,0,0,0,0,0,0,0,51264.9140625,55732.5625,60326.6640625,71895.6015625,77281.1796875,83599.1953125,90691.40625,98253.453125,105215.2734375,111755.8125,118317.7578125,124575.75,130985.1875,137553.5625,143664.78125,148422.640625,154104.109375,161440.9375,168000,173370.859375,180023.59375,187336.921875,195401.015625,203366.625,210813.265625,219028.84375,220064.5625,225341.90625,232060.390625,237057.21875,240488.96875,243785.234375,243781.96875,245414.421875,248462.0625,251900.015625,253463.25,253752.53125,261397.875,274756.28125,280974.09375,283922.34375,285143.9375,285351.1875,284893.96875,284013.96875,282767.9375,281114.8125,279044.75,276561.375,273675.71875,270399.34375,0,0,0,0,0,0,0,0,0,0,0,0,0,0,0,0,0,0,0,0,0,0,0,0,0,0,0
0,0,0,0,0,0,1587,15875,215875,115875,712.8656005859375,37,42,1964,1959,0,0,0,0,0,0,0,0,0,0,0,0,0,0,1,2,3,4,5,6,7,8,9,10,11,12,13,14,15,16,17,18,19,20,21,22,23,24,25,26,27,28,29,30,31,32,33,34,35,36,37,38,39,40,41,42,43,44,45,46,47,48,49,50,51,52,53,54,55,56,57,58,59,60,61,62,63,64,65,66,67,68,69,70,71,72,73,74,75,76,77,78,79,80,81,82,83,84,85,86,87,88,89,90,91,92,93,94,95,96,97,98,99,100,101,102,103,104,105,106,107,108,109,110,111,112,113,114,115,116,117,118,119,120,121,122,123,124,125,126,127,128,129,130,131,132,133,134,135,136,137,138,2,1,1,2021,2021,2,2001,0,0,0,0,0,0,0,0,0,0,0,0,0,0,0,0,0,0,0,0,0,0,0,0,0,0,0,0,0,0,0,8025.06005859375,8846.76953125,9693.0166015625,10574.1123046875,12700.5341796875,13758.7333984375,15000,4621.3173828125,5045.8291015625,5445.63037109375,5829.4091796875,6219.97998046875,6600.2080078125,6994.08544921875,7402.2822265625,7791.6455078125,8112.66748046875,8489.1220703125,8962.865234375,9400,9776.400390625,10230.9833984375,10729.91796875,11279.37109375,11831.025390625,12360.1943359375,12942.3681640625,13105.318359375,13524.5888671875,14036.8017578125,14451.25,14775.154296875,15094.853515625,15212.7646484375,15434.46875,15748.396484375,16091.240234375,16317.7919921875,16464.228515625,17092.9765625,0,0,0,0,0,0,0,0,0,0,0,0,0,0,0,0,0,0,0,0,0,0,0,0,0,0,0,0,0,0,0,0,0,0,0,0,0,0,0,0
0,0,0,0,0,0,1912,19121,119121,219121,5253.0126953125,43,40,1958,1961,0,0,0,0,0,0,0,0,1,2,3,4,5,6,7,8,9,10,11,12,13,14,15,16,17,18,19,20,21,22,23,24,25,26,27,28,29,30,31,32,33,34,35,36,37,38,39,40,41,42,43,44,45,46,47,48,49,50,51,52,53,54,55,56,57,58,59,60,61,62,63,64,65,66,67,68,69,70,71,72,73,74,75,76,77,78,79,80,81,82,83,84,85,86,87,88,89,90,91,92,93,94,95,96,97,98,99,100,101,102,103,104,105,106,107,108,109,110,111,112,113,114,115,116,117,118,119,120,121,122,123,124,125,126,127,128,129,130,131,132,133,134,135,136,137,138,139,140,141,142,143,144,1,2,1,2023,2028,1,2001,0,0,0,0,0,0,0,0,0,0,0,0,0,0,0,0,0,0,0,0,0,0,0,0,0,0,0,0,0,0,0,0,9482.44921875,11496.0419921875,12424.2861328125,13236.462890625,14205.8291015625,15343.279296875,16618.990234375,17976.69921875,19220.44140625,20383.478515625,21546.689453125,22651,23779.2890625,24932.83984375,26000,38167.1953125,39566.453125,41385.61328125,43000,44305.5234375,45934.01953125,47725.625,49702.4609375,51648.0078125,53455.83203125,55452.57421875,55627.984375,56873.2421875,58477.69921875,59643.8515625,60413.01171875,61145.64453125,61049.62109375,61362.73046875,62027.96484375,62788.3203125,63079.5390625,63053.13671875,64851.67578125,68059.6953125,69491.46875,19736.12109375,19790.15625,19773.703125,19711.2578125,19619.775390625,0,0,0,0,0,0,0,0,0,0,0,0,0,0,0,0,0,0,0,0,0,0,0,0,0,0,0,0,0,0,0,0,0
0,0,0,0,0,0,1912,19121,219121,119121,5253.0126953125,40,43,1961,1958,0,0,0,0,0,0,0,0,0,0,0,1,2,3,4,5,6,7,8,9,10,11,12,13,14,15,16,17,18,19,20,21,22,23,24,25,26,27,28,29,30,31,32,33,34,35,36,37,38,39,40,41,42,43,44,45,46,47,48,49,50,51,52,53,54,55,56,57,58,59,60,61,62,63,64,65,66,67,68,69,70,71,72,73,74,75,76,77,78,79,80,81,82,83,84,85,86,87,88,89,90,91,92,93,94,95,96,97,98,99,100,101,102,103,104,105,106,107,108,109,110,111,112,113,114,115,116,117,118,119,120,121,122,123,124,125,126,127,128,129,130,131,132,133,134,135,136,137,138,139,140,141,2,1,1,2026,2026,2,2001,0,0,0,0,0,0,0,0,0,0,0,0,0,0,0,0,0,0,0,0,0,0,0,0,0,0,0,0,0,0,0,24760.23828125,27168.177734375,33091.7265625,35931.328125,38459.609375,41469.6328125,45000,7488.09423828125,8137.806640625,8741.6181640625,9314.02734375,9891.6982421875,10447.4140625,11019.2236328125,11607.9365234375,12161.5078125,12603.5009765625,13126.810546875,13794.7109375,14400,14906.748046875,15527.09375,16208.322265625,16958.8125,62896.78515625,65403.44921875,68164.5234375,68700.6953125,70567.8515625,72898.71875,74700.9296875,76018.9609375,77301.53125,77541.8671875,78304.8515625,79524.8046875,80876.9296875,81632.9375,81981.28125,84714.921875,89322.2890625,91628.8984375,92879.4609375,93570.3359375,93930.7265625,0,0,0,0,0,0,0,0,0,0,0,0,0,0,0,0,0,0,0,0,0,0,0,0,0,0,0,0,0,0,0,0,0,0,0
0,0,0,0,0,0,1912,19122,119122,219122,5192.52587890625,43,40,1958,1961,0,0,0,0,0,0,0,0,1,2,3,4,5,6,7,8,9,10,11,12,13,14,15,16,17,18,19,20,21,22,23,24,25,26,27,28,29,30,31,32,33,34,35,36,37,38,39,40,41,42,43,44,45,46,47,48,49,50,51,52,53,54,55,56,57,58,59,60,61,62,63,64,65,66,67,68,69,70,71,72,73,74,75,76,77,78,79,80,81,82,83,84,85,86,87,88,89,90,91,92,93,94,95,96,97,98,99,100,101,102,103,104,105,106,107,108,109,110,111,112,113,114,115,116,117,118,119,120,121,122,123,124,125,126,127,128,129,130,131,132,133,134,135,136,137,138,139,140,141,142,143,144,1,2,1,2023,2028,1,2001,0,0,0,0,0,0,0,0,0,0,0,0,0,0,0,0,0,0,0,0,0,0,0,0,0,0,0,0,0,0,0,0,9482.44921875,11496.0419921875,12424.2861328125,13236.462890625,14205.8291015625,15343.279296875,16618.990234375,17976.69921875,19220.44140625,20383.478515625,21546.689453125,22651,23779.2890625,24932.83984375,26000,38167.1953125,39566.453125,41385.61328125,43000,44305.5234375,45934.01953125,47725.625,49702.4609375,51648.0078125,53455.83203125,55452.57421875,55627.984375,56873.2421875,58477.69921875,59643.8515625,60413.01171875,61145.64453125,61049.62109375,61362.73046875,62027.96484375,62788.3203125,63079.5390625,63053.13671875,64851.67578125,68059.6953125,69491.46875,19736.12109375,19790.15625,19773.703125,19711.2578125,19619.775390625,0,0,0,0,0,0,0,0,0,0,0,0,0,0,0,0,0,0,0,0,0,0,0,0,0,0,0,0,0,0,0,0,0
0,0,0,0,0,0,1912,19122,219122,119122,5192.52587890625,40,43,1961,1958,0,0,0,0,0,0,0,0,0,0,0,1,2,3,4,5,6,7,8,9,10,11,12,13,14,15,16,17,18,19,20,21,22,23,24,25,26,27,28,29,30,31,32,33,34,35,36,37,38,39,40,41,42,43,44,45,46,47,48,49,50,51,52,53,54,55,56,57,58,59,60,61,62,63,64,65,66,67,68,69,70,71,72,73,74,75,76,77,78,79,80,81,82,83,84,85,86,87,88,89,90,91,92,93,94,95,96,97,98,99,100,101,102,103,104,105,106,107,108,109,110,111,112,113,114,115,116,117,118,119,120,121,122,123,124,125,126,127,128,129,130,131,132,133,134,135,136,137,138,139,140,141,2,1,1,2026,2026,2,2001,0,0,0,0,0,0,0,0,0,0,0,0,0,0,0,0,0,0,0,0,0,0,0,0,0,0,0,0,0,0,0,24760.23828125,27168.177734375,33091.7265625,35931.328125,38459.609375,41469.6328125,45000,5616.07373046875,6103.35791015625,6556.21728515625,6985.52392578125,7418.77734375,7835.564453125,8264.421875,8705.9560546875,9121.1357421875,9452.630859375,9845.1123046875,10346.0380859375,10800,11180.06640625,11645.326171875,12156.2470703125,12719.115234375,47172.61328125,49052.66015625,51123.41796875,51525.546875,52925.9140625,54674.06640625,56025.7265625,57014.25,57976.17578125,58156.42578125,58728.6640625,59643.6328125,60657.7265625,61224.73046875,61485.9921875,63536.28515625,66991.75,68721.703125,69659.625,70177.7890625,70448.078125,0,0,0,0,0,0,0,0,0,0,0,0,0,0,0,0,0,0,0,0,0,0,0,0,0,0,0,0,0,0,0,0,0,0,0
0,0,0,0,0,0,1912,19123,119123,219123,4997.14404296875,43,40,1958,1961,0,0,0,0,0,0,0,0,1,2,3,4,5,6,7,8,9,10,11,12,13,14,15,16,17,18,19,20,21,22,23,24,25,26,27,28,29,30,31,32,33,34,35,36,37,38,39,40,41,42,43,44,45,46,47,48,49,50,51,52,53,54,55,56,57,58,59,60,61,62,63,64,65,66,67,68,69,70,71,72,73,74,75,76,77,78,79,80,81,82,83,84,85,86,87,88,89,90,91,92,93,94,95,96,97,98,99,100,101,102,103,104,105,106,107,108,109,110,111,112,113,114,115,116,117,118,119,120,121,122,123,124,125,126,127,128,129,130,131,132,133,134,135,136,137,138,139,140,141,142,143,144,1,2,1,2023,2028,1,2001,0,0,0,0,0,0,0,0,0,0,0,0,0,0,0,0,0,0,0,0,0,0,0,0,0,0,0,0,0,0,0,0,9482.44921875,11496.0419921875,12424.2861328125,13236.462890625,14205.8291015625,15343.279296875,16618.990234375,17976.69921875,19220.44140625,20383.478515625,21546.689453125,22651,23779.2890625,24932.83984375,26000,38167.1953125,39566.453125,41385.61328125,43000,44305.5234375,45934.01953125,47725.625,49702.4609375,51648.0078125,53455.83203125,55452.57421875,55627.984375,56873.2421875,58477.69921875,59643.8515625,60413.01171875,61145.64453125,61049.62109375,61362.73046875,62027.96484375,62788.3203125,63079.5390625,63053.13671875,64851.67578125,68059.6953125,69491.46875,19736.12109375,19790.15625,19773.703125,19711.2578125,19619.775390625,0,0,0,0,0,0,0,0,0,0,0,0,0,0,0,0,0,0,0,0,0,0,0,0,0,0,0,0,0,0,0,0,0
0,0,0,0,0,0,1912,19123,219123,119123,4997.14404296875,40,43,1961,1958,0,0,0,0,0,0,0,0,0,0,0,1,2,3,4,5,6,7,8,9,10,11,12,13,14,15,16,17,18,19,20,21,22,23,24,25,26,27,28,29,30,31,32,33,34,35,36,37,38,39,40,41,42,43,44,45,46,47,48,49,50,51,52,53,54,55,56,57,58,59,60,61,62,63,64,65,66,67,68,69,70,71,72,73,74,75,76,77,78,79,80,81,82,83,84,85,86,87,88,89,90,91,92,93,94,95,96,97,98,99,100,101,102,103,104,105,106,107,108,109,110,111,112,113,114,115,116,117,118,119,120,121,122,123,124,125,126,127,128,129,130,131,132,133,134,135,136,137,138,139,140,141,2,1,1,2026,2026,2,2001,0,0,0,0,0,0,0,0,0,0,0,0,0,0,0,0,0,0,0,0,0,0,0,0,0,0,0,0,0,0,0,24760.23828125,27168.177734375,33091.7265625,35931.328125,38459.609375,41469.6328125,45000,5616.07373046875,6103.35791015625,6556.21728515625,6985.52392578125,7418.77734375,7835.564453125,8264.421875,8705.9560546875,9121.1357421875,9452.630859375,9845.1123046875,10346.0380859375,10800,11180.06640625,11645.326171875,12156.2470703125,12719.115234375,47172.61328125,49052.66015625,51123.41796875,51525.546875,52925.9140625,54674.06640625,56025.7265625,57014.25,57976.17578125,58156.42578125,58728.6640625,59643.6328125,60657.7265625,61224.73046875,61485.9921875,63536.28515625,66991.75,68721.703125,69659.625,70177.7890625,70448.078125,0,0,0,0,0,0,0,0,0,0,0,0,0,0,0,0,0,0,0,0,0,0,0,0,0,0,0,0,0,0,0,0,0,0,0
0,0,0,0,0,0,1912,19124,119124,219124,5186.80615234375,43,40,1958,1961,0,0,0,0,0,0,0,0,1,2,3,4,5,6,7,8,9,10,11,12,13,14,15,16,17,18,19,20,21,22,23,24,25,26,27,28,29,30,31,32,33,34,35,36,37,38,39,40,41,42,43,44,45,46,47,48,49,50,51,52,53,54,55,56,57,58,59,60,61,62,63,64,65,66,67,68,69,70,71,72,73,74,75,76,77,78,79,80,81,82,83,84,85,86,87,88,89,90,91,92,93,94,95,96,97,98,99,100,101,102,103,104,105,106,107,108,109,110,111,112,113,114,115,116,117,118,119,120,121,122,123,124,125,126,127,128,129,130,131,132,133,134,135,136,137,138,139,140,141,142,143,144,1,2,1,2023,2028,1,2001,0,0,0,0,0,0,0,0,0,0,0,0,0,0,0,0,0,0,0,0,0,0,0,0,0,0,0,0,0,0,0,0,9482.44921875,11496.0419921875,12424.2861328125,13236.462890625,14205.8291015625,15343.279296875,16618.990234375,17976.69921875,19220.44140625,20383.478515625,21546.689453125,22651,23779.2890625,24932.83984375,26000,38167.1953125,39566.453125,41385.61328125,43000,44305.5234375,45934.01953125,47725.625,49702.4609375,51648.0078125,53455.83203125,55452.57421875,55627.984375,56873.2421875,58477.69921875,59643.8515625,60413.01171875,61145.64453125,61049.62109375,61362.73046875,62027.96484375,62788.3203125,63079.5390625,63053.13671875,64851.67578125,68059.6953125,69491.46875,19736.12109375,19790.15625,19773.703125,19711.2578125,19619.775390625,0,0,0,0,0,0,0,0,0,0,0,0,0,0,0,0,0,0,0,0,0,0,0,0,0,0,0,0,0,0,0,0,0
0,0,0,0,0,0,1912,19124,219124,119124,5186.80615234375,40,43,1961,1958,0,0,0,0,0,0,0,0,0,0,0,1,2,3,4,5,6,7,8,9,10,11,12,13,14,15,16,17,18,19,20,21,22,23,24,25,26,27,28,29,30,31,32,33,34,35,36,37,38,39,40,41,42,43,44,45,46,47,48,49,50,51,52,53,54,55,56,57,58,59,60,61,62,63,64,65,66,67,68,69,70,71,72,73,74,75,76,77,78,79,80,81,82,83,84,85,86,87,88,89,90,91,92,93,94,95,96,97,98,99,100,101,102,103,104,105,106,107,108,109,110,111,112,113,114,115,116,117,118,119,120,121,122,123,124,125,126,127,128,129,130,131,132,133,134,135,136,137,138,139,140,141,2,1,1,2026,2026,2,2001,0,0,0,0,0,0,0,0,0,0,0,0,0,0,0,0,0,0,0,0,0,0,0,0,0,0,0,0,0,0,0,24760.23828125,27168.177734375,33091.7265625,35931.328125,38459.609375,41469.6328125,45000,7488.09423828125,8137.806640625,8741.6181640625,9314.02734375,9891.6982421875,10447.4140625,11019.2236328125,11607.9365234375,12161.5078125,12603.5009765625,13126.810546875,13794.7109375,14400,14906.748046875,15527.09375,16208.322265625,16958.8125,62896.78515625,65403.44921875,68164.5234375,68700.6953125,70567.8515625,72898.71875,74700.9296875,76018.9609375,77301.53125,77541.8671875,78304.8515625,79524.8046875,80876.9296875,81632.9375,81981.28125,84714.921875,89322.2890625,91628.8984375,92879.4609375,93570.3359375,93930.7265625,0,0,0,0,0,0,0,0,0,0,0,0,0,0,0,0,0,0,0,0,0,0,0,0,0,0,0,0,0,0,0,0,0,0,0
0,0,0,0,0,0,1912,19125,119125,219125,5463.08056640625,43,40,1958,1961,0,0,0,0,0,0,0,0,1,2,3,4,5,6,7,8,9,10,11,12,13,14,15,16,17,18,19,20,21,22,23,24,25,26,27,28,29,30,31,32,33,34,35,36,37,38,39,40,41,42,43,44,45,46,47,48,49,50,51,52,53,54,55,56,57,58,59,60,61,62,63,64,65,66,67,68,69,70,71,72,73,74,75,76,77,78,79,80,81,82,83,84,85,86,87,88,89,90,91,92,93,94,95,96,97,98,99,100,101,102,103,104,105,106,107,108,109,110,111,112,113,114,115,116,117,118,119,120,121,122,123,124,125,126,127,128,129,130,131,132,133,134,135,136,137,138,139,140,141,142,143,144,1,2,1,2023,2028,1,2001,0,0,0,0,0,0,0,0,0,0,0,0,0,0,0,0,0,0,0,0,0,0,0,0,0,0,0,0,0,0,0,0,9482.44921875,11496.0419921875,12424.2861328125,13236.462890625,14205.8291015625,15343.279296875,16618.990234375,17976.69921875,19220.44140625,20383.478515625,21546.689453125,22651,23779.2890625,24932.83984375,26000,38167.1953125,39566.453125,41385.61328125,43000,44305.5234375,45934.01953125,47725.625,49702.4609375,51648.0078125,53455.83203125,55452.57421875,55627.984375,56873.2421875,58477.69921875,59643.8515625,60413.01171875,61145.64453125,61049.62109375,61362.73046875,62027.96484375,62788.3203125,63079.5390625,63053.13671875,64851.67578125,68059.6953125,69491.46875,19736.12109375,19790.15625,19773.703125,19711.2578125,19619.775390625,0,0,0,0,0,0,0,0,0,0,0,0,0,0,0,0,0,0,0,0,0,0,0,0,0,0,0,0,0,0,0,0,0
0,0,0,0,0,0,1912,19125,219125,119125,5463.08056640625,40,43,1961,1958,0,0,0,0,0,0,0,0,0,0,0,1,2,3,4,5,6,7,8,9,10,11,12,13,14,15,16,17,18,19,20,21,22,23,24,25,26,27,28,29,30,31,32,33,34,35,36,37,38,39,40,41,42,43,44,45,46,47,48,49,50,51,52,53,54,55,56,57,58,59,60,61,62,63,64,65,66,67,68,69,70,71,72,73,74,75,76,77,78,79,80,81,82,83,84,85,86,87,88,89,90,91,92,93,94,95,96,97,98,99,100,101,102,103,104,105,106,107,108,109,110,111,112,113,114,115,116,117,118,119,120,121,122,123,124,125,126,127,128,129,130,131,132,133,134,135,136,137,138,139,140,141,2,1,1,2026,2026,2,2001,0,0,0,0,0,0,0,0,0,0,0,0,0,0,0,0,0,0,0,0,0,0,0,0,0,0,0,0,0,0,0,24760.23828125,27168.177734375,33091.7265625,35931.328125,38459.609375,41469.6328125,45000,5616.07373046875,6103.35791015625,6556.21728515625,6985.52392578125,7418.77734375,7835.564453125,8264.421875,8705.9560546875,9121.1357421875,9452.630859375,9845.1123046875,10346.0380859375,10800,11180.06640625,11645.326171875,12156.2470703125,12719.115234375,47172.61328125,49052.66015625,51123.41796875,51525.546875,52925.9140625,54674.06640625,56025.7265625,57014.25,57976.17578125,58156.42578125,58728.6640625,59643.6328125,60657.7265625,61224.73046875,61485.9921875,63536.28515625,66991.75,68721.703125,69659.625,70177.7890625,70448.078125,0,0,0,0,0,0,0,0,0,0,0,0,0,0,0,0,0,0,0,0,0,0,0,0,0,0,0,0,0,0,0,0,0,0,0
0,0,0,0,0,0,2103,21031,121031,221031,209.41371154785156,56,54,1945,1947,6,7,8,9,10,11,12,13,14,15,16,17,18,19,20,21,22,23,24,25,26,27,28,29,30,31,32,33,34,35,36,37,38,39,40,41,42,43,44,45,46,47,48,49,50,51,52,53,54,55,56,57,58,59,60,61,62,63,64,65,66,67,68,69,70,71,72,73,74,75,76,77,78,79,80,81,82,83,84,85,86,87,88,89,90,91,92,93,94,95,96,97,98,99,100,101,102,103,104,105,106,107,108,109,110,111,112,113,114,115,116,117,118,119,120,121,122,123,124,125,126,127,128,129,130,131,132,133,134,135,136,137,138,139,140,141,142,143,144,145,146,147,148,149,150,151,152,153,154,155,156,157,1,2,1,2005,2005,1,2001,0,0,0,0,0,0,0,0,0,0,0,0,0,0,0,0,45905.26953125,55986.46875,61387.8203125,67314.71875,73398.7421875,79265.5234375,87100.15625,100116.8125,112740.4453125,123422.2890625,136211.046875,150726.390625,169530.25,193677.921875,217310.765625,235841.421875,252402.859375,268476,284333.59375,296843.71875,312191.9375,330424.6875,350718.375,371760.34375,389507.6875,404790,419306.5,431954.5,444374.0625,456584.09375,466575.21875,471621.84375,479104.65625,491079.59375,500000,504845.78125,512902.09375,522217.3125,532938.5,0,0,0,0,0,0,0,0,0,0,0,0,0,0,0,0,0,0,0,0,0,0,0,0,0,0,0,0,0,0,0,0,0,0,0,0,0,0,0,0,0,0,0,0,0,0,0,0,0,0,0,0,0,0,0,0
0,0,0,0,0,0,2103,21031,221031,121031,209.41371154785156,54,56,1947,1945,4,5,6,7,8,9,10,11,12,13,14,15,16,17,18,19,20,21,22,23,24,25,26,27,28,29,30,31,32,33,34,35,36,37,38,39,40,41,42,43,44,45,46,47,48,49,50,51,52,53,54,55,56,57,58,59,60,61,62,63,64,65,66,67,68,69,70,71,72,73,74,75,76,77,78,79,80,81,82,83,84,85,86,87,88,89,90,91,92,93,94,95,96,97,98,99,100,101,102,103,104,105,106,107,108,109,110,111,112,113,114,115,116,117,118,119,120,121,122,123,124,125,126,127,128,129,130,131,132,133,134,135,136,137,138,139,140,141,142,143,144,145,146,147,148,149,150,151,152,153,154,155,2,1,1,,,2,2001,0,0,0,0,0,0,0,0,0,0,0,0,0,0,3943.75341796875,4282.41552734375,4641.92138671875,5769.55908203125,6355.02685546875,7000,0,0,0,0,0,0,0,0,0,0,0,0,0,0,0,0,0,0,0,0,0,0,0,0,0,0,0,0,0,0,0,0,0,0,0,0,0,0,0,0,0,0,0,0,0,0,0,0,0,0,0,0,0,0,0,0,0,0,0,0,0,0,0,0,0,0,0,0,0,0,0,0,0,0,0,0,0,0,0,0,0,0,0,0,0,0,0,0,0,0,0
0,0,0,0,0,0,2103,21032,121032,221032,196.43812561035156,56,54,1945,1947,6,7,8,9,10,11,12,13,14,15,16,17,18,19,20,21,22,23,24,25,26,27,28,29,30,31,32,33,34,35,36,37,38,39,40,41,42,43,44,45,46,47,48,49,50,51,52,53,54,55,56,57,58,59,60,61,62,63,64,65,66,67,68,69,70,71,72,73,74,75,76,77,78,79,80,81,82,83,84,85,86,87,88,89,90,91,92,93,94,95,96,97,98,99,100,101,102,103,104,105,106,107,108,109,110,111,112,113,114,115,116,117,118,119,120,121,122,123,124,125,126,127,128,129,130,131,132,133,134,135,136,137,138,139,140,141,142,143,144,145,146,147,148,149,150,151,152,153,154,155,156,157,1,2,1,2005,2005,1,2001,0,0,0,0,0,0,0,0,0,0,0,0,0,0,0,0,45905.26953125,55986.46875,61387.8203125,67314.71875,73398.7421875,79265.5234375,87100.15625,100116.8125,112740.4453125,123422.2890625,136211.046875,150726.390625,169530.25,193677.921875,217310.765625,235841.421875,252402.859375,268476,284333.59375,296843.71875,312191.9375,330424.6875,350718.375,371760.34375,389507.6875,404790,419306.5,431954.5,444374.0625,456584.09375,466575.21875,471621.84375,479104.65625,491079.59375,500000,504845.78125,512902.09375,522217.3125,532938.5,0,0,0,0,0,0,0,0,0,0,0,0,0,0,0,0,0,0,0,0,0,0,0,0,0,0,0,0,0,0,0,0,0,0,0,0,0,0,0,0,0,0,0,0,0,0,0,0,0,0,0,0,0,0,0,0
0,0,0,0,0,0,2103,21032,221032,121032,196.43812561035156,54,56,1947,1945,4,5,6,7,8,9,10,11,12,13,14,15,16,17,18,19,20,21,22,23,24,25,26,27,28,29,30,31,32,33,34,35,36,37,38,39,40,41,42,43,44,45,46,47,48,49,50,51,52,53,54,55,56,57,58,59,60,61,62,63,64,65,66,67,68,69,70,71,72,73,74,75,76,77,78,79,80,81,82,83,84,85,86,87,88,89,90,91,92,93,94,95,96,97,98,99,100,101,102,103,104,105,106,107,108,109,110,111,112,113,114,115,116,117,118,119,120,121,122,123,124,125,126,127,128,129,130,131,132,133,134,135,136,137,138,139,140,141,142,143,144,145,146,147,148,149,150,151,152,153,154,155,2,1,1,,,2,2001,0,0,0,0,0,0,0,0,0,0,0,0,0,0,3943.75341796875,4282.41552734375,4641.92138671875,5769.55908203125,6355.02685546875,7000,0,0,0,0,0,0,0,0,0,0,0,0,0,0,0,0,0,0,0,0,0,0,0,0,0,0,0,0,0,0,0,0,0,0,0,0,0,0,0,0,0,0,0,0,0,0,0,0,0,0,0,0,0,0,0,0,0,0,0,0,0,0,0,0,0,0,0,0,0,0,0,0,0,0,0,0,0,0,0,0,0,0,0,0,0,0,0,0,0,0,0
0,0,0,0,0,0,2103,21033,121033,221033,209.7537078857422,56,54,1945,1947,6,7,8,9,10,11,12,13,14,15,16,17,18,19,20,21,22,23,24,25,26,27,28,29,30,31,32,33,34,35,36,37,38,39,40,41,42,43,44,45,46,47,48,49,50,51,52,53,54,55,56,57,58,59,60,61,62,63,64,65,66,67,68,69,70,71,72,73,74,75,76,77,78,79,80,81,82,83,84,85,86,87,88,89,90,91,92,93,94,95,96,97,98,99,100,101,102,103,104,105,106,107,108,109,110,111,112,113,114,115,116,117,118,119,120,121,122,123,124,125,126,127,128,129,130,131,132,133,134,135,136,137,138,139,140,141,142,143,144,145,146,147,148,149,150,151,152,153,154,155,156,157,1,2,1,2005,2005,1,2001,0,0,0,0,0,0,0,0,0,0,0,0,0,0,0,0,45905.26953125,55986.46875,61387.8203125,67314.71875,73398.7421875,79265.5234375,87100.15625,100116.8125,112740.4453125,123422.2890625,136211.046875,150726.390625,169530.25,193677.921875,217310.765625,235841.421875,252402.859375,268476,284333.59375,296843.71875,312191.9375,330424.6875,350718.375,371760.34375,389507.6875,404790,419306.5,431954.5,444374.0625,456584.09375,466575.21875,471621.84375,479104.65625,491079.59375,500000,504845.78125,512902.09375,522217.3125,532938.5,0,0,0,0,0,0,0,0,0,0,0,0,0,0,0,0,0,0,0,0,0,0,0,0,0,0,0,0,0,0,0,0,0,0,0,0,0,0,0,0,0,0,0,0,0,0,0,0,0,0,0,0,0,0,0,0
0,0,0,0,0,0,2103,21033,221033,121033,209.7537078857422,54,56,1947,1945,4,5,6,7,8,9,10,11,12,13,14,15,16,17,18,19,20,21,22,23,24,25,26,27,28,29,30,31,32,33,34,35,36,37,38,39,40,41,42,43,44,45,46,47,48,49,50,51,52,53,54,55,56,57,58,59,60,61,62,63,64,65,66,67,68,69,70,71,72,73,74,75,76,77,78,79,80,81,82,83,84,85,86,87,88,89,90,91,92,93,94,95,96,97,98,99,100,101,102,103,104,105,106,107,108,109,110,111,112,113,114,115,116,117,118,119,120,121,122,123,124,125,126,127,128,129,130,131,132,133,134,135,136,137,138,139,140,141,142,143,144,145,146,147,148,149,150,151,152,153,154,155,2,1,1,,,2,2001,0,0,0,0,0,0,0,0,0,0,0,0,0,0,3943.75341796875,4282.41552734375,4641.92138671875,5769.55908203125,6355.02685546875,7000,0,0,0,0,0,0,0,0,0,0,0,0,0,0,0,0,0,0,0,0,0,0,0,0,0,0,0,0,0,0,0,0,0,0,0,0,0,0,0,0,0,0,0,0,0,0,0,0,0,0,0,0,0,0,0,0,0,0,0,0,0,0,0,0,0,0,0,0,0,0,0,0,0,0,0,0,0,0,0,0,0,0,0,0,0,0,0,0,0,0,0
0,0,0,0,0,0,2103,21034,121034,221034,206.4498748779297,56,54,1945,1947,6,7,8,9,10,11,12,13,14,15,16,17,18,19,20,21,22,23,24,25,26,27,28,29,30,31,32,33,34,35,36,37,38,39,40,41,42,43,44,45,46,47,48,49,50,51,52,53,54,55,56,57,58,59,60,61,62,63,64,65,66,67,68,69,70,71,72,73,74,75,76,77,78,79,80,81,82,83,84,85,86,87,88,89,90,91,92,93,94,95,96,97,98,99,100,101,102,103,104,105,106,107,108,109,110,111,112,113,114,115,116,117,118,119,120,121,122,123,124,125,126,127,128,129,130,131,132,133,134,135,136,137,138,139,140,141,142,143,144,145,146,147,148,149,150,151,152,153,154,155,156,157,1,2,1,2005,2005,1,2001,0,0,0,0,0,0,0,0,0,0,0,0,0,0,0,0,45905.26953125,55986.46875,61387.8203125,67314.71875,73398.7421875,79265.5234375,87100.15625,100116.8125,112740.4453125,123422.2890625,136211.046875,150726.390625,169530.25,193677.921875,217310.765625,235841.421875,252402.859375,268476,284333.59375,296843.71875,312191.9375,330424.6875,350718.375,371760.34375,389507.6875,404790,419306.5,431954.5,444374.0625,456584.09375,466575.21875,471621.84375,479104.65625,491079.59375,500000,504845.78125,512902.09375,522217.3125,532938.5,0,0,0,0,0,0,0,0,0,0,0,0,0,0,0,0,0,0,0,0,0,0,0,0,0,0,0,0,0,0,0,0,0,0,0,0,0,0,0,0,0,0,0,0,0,0,0,0,0,0,0,0,0,0,0,0
0,0,0,0,0,0,2103,21034,221034,121034,206.4498748779297,54,56,1947,1945,4,5,6,7,8,9,10,11,12,13,14,15,16,17,18,19,20,21,22,23,24,25,26,27,28,29,30,31,32,33,34,35,36,37,38,39,40,41,42,43,44,45,46,47,48,49,50,51,52,53,54,55,56,57,58,59,60,61,62,63,64,65,66,67,68,69,70,71,72,73,74,75,76,77,78,79,80,81,82,83,84,85,86,87,88,89,90,91,92,93,94,95,96,97,98,99,100,101,102,103,104,105,106,107,108,109,110,111,112,113,114,115,116,117,118,119,120,121,122,123,124,125,126,127,128,129,130,131,132,133,134,135,136,137,138,139,140,141,142,143,144,145,146,147,148,149,150,151,152,153,154,155,2,1,1,,,2,2001,0,0,0,0,0,0,0,0,0,0,0,0,0,0,3943.75341796875,4282.41552734375,4641.92138671875,5769.55908203125,6355.02685546875,7000,0,0,0,0,0,0,0,0,0,0,0,0,0,0,0,0,0,0,0,0,0,0,0,0,0,0,0,0,0,0,0,0,0,0,0,0,0,0,0,0,0,0,0,0,0,0,0,0,0,0,0,0,0,0,0,0,0,0,0,0,0,0,0,0,0,0,0,0,0,0,0,0,0,0,0,0,0,0,0,0,0,0,0,0,0,0,0,0,0,0,0
0,0,0,0,0,0,2103,21035,121035,221035,199.08587646484375,56,54,1945,1947,6,7,8,9,10,11,12,13,14,15,16,17,18,19,20,21,22,23,24,25,26,27,28,29,30,31,32,33,34,35,36,37,38,39,40,41,42,43,44,45,46,47,48,49,50,51,52,53,54,55,56,57,58,59,60,61,62,63,64,65,66,67,68,69,70,71,72,73,74,75,76,77,78,79,80,81,82,83,84,85,86,87,88,89,90,91,92,93,94,95,96,97,98,99,100,101,102,103,104,105,106,107,108,109,110,111,112,113,114,115,116,117,118,119,120,121,122,123,124,125,126,127,128,129,130,131,132,133,134,135,136,137,138,139,140,141,142,143,144,145,146,147,148,149,150,151,152,153,154,155,156,157,1,2,1,2005,2005,1,2001,0,0,0,0,0,0,0,0,0,0,0,0,0,0,0,0,45905.26953125,55986.46875,61387.8203125,67314.71875,73398.7421875,79265.5234375,87100.15625,100116.8125,112740.4453125,123422.2890625,136211.046875,150726.390625,169530.25,193677.921875,217310.765625,235841.421875,252402.859375,268476,284333.59375,296843.71875,312191.9375,330424.6875,350718.375,371760.34375,389507.6875,404790,419306.5,431954.5,444374.0625,456584.09375,466575.21875,471621.84375,479104.65625,491079.59375,500000,504845.78125,512902.09375,522217.3125,532938.5,0,0,0,0,0,0,0,0,0,0,0,0,0,0,0,0,0,0,0,0,0,0,0,0,0,0,0,0,0,0,0,0,0,0,0,0,0,0,0,0,0,0,0,0,0,0,0,0,0,0,0,0,0,0,0,0
0,0,0,0,0,0,2103,21035,221035,121035,199.08587646484375,54,56,1947,1945,4,5,6,7,8,9,10,11,12,13,14,15,16,17,18,19,20,21,22,23,24,25,26,27,28,29,30,31,32,33,34,35,36,37,38,39,40,41,42,43,44,45,46,47,48,49,50,51,52,53,54,55,56,57,58,59,60,61,62,63,64,65,66,67,68,69,70,71,72,73,74,75,76,77,78,79,80,81,82,83,84,85,86,87,88,89,90,91,92,93,94,95,96,97,98,99,100,101,102,103,104,105,106,107,108,109,110,111,112,113,114,115,116,117,118,119,120,121,122,123,124,125,126,127,128,129,130,131,132,133,134,135,136,137,138,139,140,141,142,143,144,145,146,147,148,149,150,151,152,153,154,155,2,1,1,,,2,2001,0,0,0,0,0,0,0,0,0,0,0,0,0,0,3943.75341796875,4282.41552734375,4641.92138671875,5769.55908203125,6355.02685546875,7000,0,0,0,0,0,0,0,0,0,0,0,0,0,0,0,0,0,0,0,0,0,0,0,0,0,0,0,0,0,0,0,0,0,0,0,0,0,0,0,0,0,0,0,0,0,0,0,0,0,0,0,0,0,0,0,0,0,0,0,0,0,0,0,0,0,0,0,0,0,0,0,0,0,0,0,0,0,0,0,0,0,0,0,0,0,0,0,0,0,0,0
0,0,0,0,0,0,2160,21601,121601,221601,4301.005859375,45,50,1956,1951,0,0,0,0,0,0,1,2,3,4,5,6,7,8,9,10,11,12,13,14,15,16,17,18,19,20,21,22,23,24,25,26,27,28,29,30,31,32,33,34,35,36,37,38,39,40,41,42,43,44,45,46,47,48,49,50,51,52,53,54,55,56,57,58,59,60,61,62,63,64,65,66,67,68,69,70,71,72,73,74,75,76,77,78,79,80,81,82,83,84,85,86,87,88,89,90,91,92,93,94,95,96,97,98,99,100,101,102,103,104,105,106,107,108,109,110,111,112,113,114,115,116,117,118,119,120,121,122,123,124,125,126,127,128,129,130,131,132,133,134,135,136,137,138,139,140,141,142,143,144,145,146,1,2,0,2025,2025,1,2001,0,0,0,0,0,0,0,0,0,0,0,0,0,0,0,0,0,0,0,0,0,0,0,0,0,0,0,0,0,0,0,0,0,0,10266.9375,10904.041015625,11666.166015625,12561.0341796875,13563.080078125,14625.4521484375,15588.673828125,16480.4765625,17366.74609375,18200,20848.34765625,21791.673828125,22653.658203125,23294.697265625,24073.54296875,25102.00390625,26000,26706.0078125,27601.4296875,28588.728515625,29680.22265625,30746.01953125,31723.162109375,32805.6875,32807.0234375,33437.01953125,34273.296875,34847.9296875,35187.48828125,35503.3515625,35337.22265625,35407.90234375,35680.3515625,36005.30859375,36059.7421875,35932.41796875,36842.359375,38544.48828125,39232.8515625,39459.578125,39444.44921875,0,0,0,0,0,0,0,0,0,0,0,0,0,0,0,0,0,0,0,0,0,0,0,0,0,0,0,0,0,0,0,0,0,0,0,0
0,0,0,0,0,0,2160,21601,221601,121601,4301.005859375,50,45,1951,1956,0,1,2,3,4,5,6,7,8,9,10,11,12,13,14,15,16,17,18,19,20,21,22,23,24,25,26,27,28,29,30,31,32,33,34,35,36,37,38,39,40,41,42,43,44,45,46,47,48,49,50,51,52,53,54,55,56,57,58,59,60,61,62,63,64,65,66,67,68,69,70,71,72,73,74,75,76,77,78,79,80,81,82,83,84,85,86,87,88,89,90,91,92,93,94,95,96,97,98,99,100,101,102,103,104,105,106,107,108,109,110,111,112,113,114,115,116,117,118,119,120,121,122,123,124,125,126,127,128,129,130,131,132,133,134,135,136,137,138,139,140,141,142,143,144,145,146,147,148,149,150,151,2,1,0,,,2,2001,0,0,0,0,0,0,0,0,0,0,0,0,0,0,0,0,0,0,0,0,0,0,0,0,0,0,0,0,0,0,0,0,0,0,0,6583.7685546875,6989.25048828125,7466.9423828125,8000.01220703125,8559.669921875,9052.568359375,9496.154296875,9929.134765625,10324.7529296875,10721.416015625,11119.5205078125,11469.61328125,11702.61328125,12000,12415.5185546875,0,0,0,0,0,0,0,0,0,0,0,0,0,0,0,0,0,0,0,0,0,0,0,0,0,0,0,0,0,0,0,0,0,0,0,0,0,0,0,0,0,0,0,0,0,0,0,0,0,0,0,0,0,0,0,0,0,0,0,0,0
0,0,0,0,0,0,2160,21602,121602,221602,4374.32666015625,45,50,1956,1951,0,0,0,0,0,0,1,2,3,4,5,6,7,8,9,10,11,12,13,14,15,16,17,18,19,20,21,22,23,24,25,26,27,28,29,30,31,32,33,34,35,36,37,38,39,40,41,42,43,44,45,46,47,48,49,50,51,52,53,54,55,56,57,58,59,60,61,62,63,64,65,66,67,68,69,70,71,72,73,74,75,76,77,78,79,80,81,82,83,84,85,86,87,88,89,90,91,92,93,94,95,96,97,98,99,100,101,102,103,104,105,106,107,108,109,110,111,112,113,114,115,116,117,118,119,120,121,122,123,124,125,126,127,128,129,130,131,132,133,134,135,136,137,138,139,140,141,142,143,144,145,146,1,2,0,2025,2025,1,2001,0,0,0,0,0,0,0,0,0,0,0,0,0,0,0,0,0,0,0,0,0,0,0,0,0,0,0,0,0,0,0,0,0,0,10266.9375,10904.041015625,11666.166015625,12561.0341796875,13563.080078125,14625.4521484375,15588.673828125,16480.4765625,17366.74609375,18200,20848.34765625,21791.673828125,22653.658203125,23294.697265625,24073.54296875,25102.00390625,26000,26706.0078125,27601.4296875,28588.728515625,29680.22265625,30746.01953125,31723.162109375,32805.6875,32807.0234375,33437.01953125,34273.296875,34847.9296875,35187.48828125,35503.3515625,35337.22265625,35407.90234375,35680.3515625,36005.30859375,36059.7421875,35932.41796875,36842.359375,38544.48828125,39232.8515625,39459.578125,39444.44921875,0,0,0,0,0,0,0,0,0,0,0,0,0,0,0,0,0,0,0,0,0,0,0,0,0,0,0,0,0,0,0,0,0,0,0,0
0,0,0,0,0,0,2160,21602,221602,121602,4374.32666015625,50,45,1951,1956,0,1,2,3,4,5,6,7,8,9,10,11,12,13,14,15,16,17,18,19,20,21,22,23,24,25,26,27,28,29,30,31,32,33,34,35,36,37,38,39,40,41,42,43,44,45,46,47,48,49,50,51,52,53,54,55,56,57,58,59,60,61,62,63,64,65,66,67,68,69,70,71,72,73,74,75,76,77,78,79,80,81,82,83,84,85,86,87,88,89,90,91,92,93,94,95,96,97,98,99,100,101,102,103,104,105,106,107,108,109,110,111,112,113,114,115,116,117,118,119,120,121,122,123,124,125,126,127,128,129,130,131,132,133,134,135,136,137,138,139,140,141,142,143,144,145,146,147,148,149,150,151,2,1,0,,,2,2001,0,0,0,0,0,0,0,0,0,0,0,0,0,0,0,0,0,0,0,0,0,0,0,0,0,0,0,0,0,0,0,0,0,0,0,6583.7685546875,6989.25048828125,7466.9423828125,8000.01220703125,8559.669921875,9052.568359375,9496.154296875,9929.134765625,10324.7529296875,10721.416015625,11119.5205078125,11469.61328125,11702.61328125,12000,12415.5185546875,0,0,0,0,0,0,0,0,0,0,0,0,0,0,0,0,0,0,0,0,0,0,0,0,0,0,0,0,0,0,0,0,0,0,0,0,0,0,0,0,0,0,0,0,0,0,0,0,0,0,0,0,0,0,0,0,0,0,0,0,0
0,0,0,0,0,0,2160,21603,121603,221603,4373.279296875,45,50,1956,1951,0,0,0,0,0,0,1,2,3,4,5,6,7,8,9,10,11,12,13,14,15,16,17,18,19,20,21,22,23,24,25,26,27,28,29,30,31,32,33,34,35,36,37,38,39,40,41,42,43,44,45,46,47,48,49,50,51,52,53,54,55,56,57,58,59,60,61,62,63,64,65,66,67,68,69,70,71,72,73,74,75,76,77,78,79,80,81,82,83,84,85,86,87,88,89,90,91,92,93,94,95,96,97,98,99,100,101,102,103,104,105,106,107,108,109,110,111,112,113,114,115,116,117,118,119,120,121,122,123,124,125,126,127,128,129,130,131,132,133,134,135,136,137,138,139,140,141,142,143,144,145,146,1,2,0,2025,2025,1,2001,0,0,0,0,0,0,0,0,0,0,0,0,0,0,0,0,0,0,0,0,0,0,0,0,0,0,0,0,0,0,0,0,0,0,10266.9375,10904.041015625,11666.166015625,12561.0341796875,13563.080078125,14625.4521484375,15588.673828125,16480.4765625,17366.74609375,18200,20848.34765625,21791.673828125,22653.658203125,23294.697265625,24073.54296875,25102.00390625,26000,26706.0078125,27601.4296875,28588.728515625,29680.22265625,30746.01953125,31723.162109375,32805.6875,32807.0234375,33437.01953125,34273.296875,34847.9296875,35187.48828125,35503.3515625,35337.22265625,35407.90234375,35680.3515625,36005.30859375,36059.7421875,35932.41796875,36842.359375,38544.48828125,39232.8515625,39459.578125,39444.44921875,0,0,0,0,0,0,0,0,0,0,0,0,0,0,0,0,0,0,0,0,0,0,0,0,0,0,0,0,0,0,0,0,0,0,0,0
0,0,0,0,0,0,2160,21603,221603,121603,4373.279296875,50,45,1951,1956,0,1,2,3,4,5,6,7,8,9,10,11,12,13,14,15,16,17,18,19,20,21,22,23,24,25,26,27,28,29,30,31,32,33,34,35,36,37,38,39,40,41,42,43,44,45,46,47,48,49,50,51,52,53,54,55,56,57,58,59,60,61,62,63,64,65,66,67,68,69,70,71,72,73,74,75,76,77,78,79,80,81,82,83,84,85,86,87,88,89,90,91,92,93,94,95,96,97,98,99,100,101,102,103,104,105,106,107,108,109,110,111,112,113,114,115,116,117,118,119,120,121,122,123,124,125,126,127,128,129,130,131,132,133,134,135,136,137,138,139,140,141,142,143,144,145,146,147,148,149,150,151,2,1,0,,,2,2001,0,0,0,0,0,0,0,0,0,0,0,0,0,0,0,0,0,0,0,0,0,0,0,0,0,0,0,0,0,0,0,0,0,0,0,6583.7685546875,6989.25048828125,7466.9423828125,8000.01220703125,8559.669921875,9052.568359375,9496.154296875,9929.134765625,10324.7529296875,10721.416015625,11119.5205078125,11469.61328125,11702.61328125,12000,12415.5185546875,0,0,0,0,0,0,0,0,0,0,0,0,0,0,0,0,0,0,0,0,0,0,0,0,0,0,0,0,0,0,0,0,0,0,0,0,0,0,0,0,0,0,0,0,0,0,0,0,0,0,0,0,0,0,0,0,0,0,0,0,0
0,0,0,0,0,0,2160,21604,121604,221604,4307.1572265625,45,50,1956,1951,0,0,0,0,0,0,1,2,3,4,5,6,7,8,9,10,11,12,13,14,15,16,17,18,19,20,21,22,23,24,25,26,27,28,29,30,31,32,33,34,35,36,37,38,39,40,41,42,43,44,45,46,47,48,49,50,51,52,53,54,55,56,57,58,59,60,61,62,63,64,65,66,67,68,69,70,71,72,73,74,75,76,77,78,79,80,81,82,83,84,85,86,87,88,89,90,91,92,93,94,95,96,97,98,99,100,101,102,103,104,105,106,107,108,109,110,111,112,113,114,115,116,117,118,119,120,121,122,123,124,125,126,127,128,129,130,131,132,133,134,135,136,137,138,139,140,141,142,143,144,145,146,1,2,0,2025,2025,1,2001,0,0,0,0,0,0,0,0,0,0,0,0,0,0,0,0,0,0,0,0,0,0,0,0,0,0,0,0,0,0,0,0,0,0,10266.9375,10904.041015625,11666.166015625,12561.0341796875,13563.080078125,14625.4521484375,15588.673828125,16480.4765625,17366.74609375,18200,20848.34765625,21791.673828125,22653.658203125,23294.697265625,24073.54296875,25102.00390625,26000,26706.0078125,27601.4296875,28588.728515625,29680.22265625,30746.01953125,31723.162109375,32805.6875,32807.0234375,33437.01953125,34273.296875,34847.9296875,35187.48828125,35503.3515625,35337.22265625,35407.90234375,35680.3515625,36005.30859375,36059.7421875,35932.41796875,36842.359375,38544.48828125,39232.8515625,39459.578125,39444.44921875,0,0,0,0,0,0,0,0,0,0,0,0,0,0,0,0,0,0,0,0,0,0,0,0,0,0,0,0,0,0,0,0,0,0,0,0
0,0,0,0,0,0,2160,21604,221604,121604,4307.1572265625,50,45,1951,1956,0,1,2,3,4,5,6,7,8,9,10,11,12,13,14,15,16,17,18,19,20,21,22,23,24,25,26,27,28,29,30,31,32,33,34,35,36,37,38,39,40,41,42,43,44,45,46,47,48,49,50,51,52,53,54,55,56,57,58,59,60,61,62,63,64,65,66,67,68,69,70,71,72,73,74,75,76,77,78,79,80,81,82,83,84,85,86,87,88,89,90,91,92,93,94,95,96,97,98,99,100,101,102,103,104,105,106,107,108,109,110,111,112,113,114,115,116,117,118,119,120,121,122,123,124,125,126,127,128,129,130,131,132,133,134,135,136,137,138,139,140,141,142,143,144,145,146,147,148,149,150,151,2,1,0,,,2,2001,0,0,0,0,0,0,0,0,0,0,0,0,0,0,0,0,0,0,0,0,0,0,0,0,0,0,0,0,0,0,0,0,0,0,0,6583.7685546875,6989.25048828125,7466.9423828125,8000.01220703125,8559.669921875,9052.568359375,9496.154296875,9929.134765625,10324.7529296875,10721.416015625,11119.5205078125,11469.61328125,11702.61328125,12000,12415.5185546875,0,0,0,0,0,0,0,0,0,0,0,0,0,0,0,0,0,0,0,0,0,0,0,0,0,0,0,0,0,0,0,0,0,0,0,0,0,0,0,0,0,0,0,0,0,0,0,0,0,0,0,0,0,0,0,0,0,0,0,0,0
0,0,0,0,0,0,2160,21605,121605,221605,4357.45751953125,45,50,1956,1951,0,0,0,0,0,0,1,2,3,4,5,6,7,8,9,10,11,12,13,14,15,16,17,18,19,20,21,22,23,24,25,26,27,28,29,30,31,32,33,34,35,36,37,38,39,40,41,42,43,44,45,46,47,48,49,50,51,52,53,54,55,56,57,58,59,60,61,62,63,64,65,66,67,68,69,70,71,72,73,74,75,76,77,78,79,80,81,82,83,84,85,86,87,88,89,90,91,92,93,94,95,96,97,98,99,100,101,102,103,104,105,106,107,108,109,110,111,112,113,114,115,116,117,118,119,120,121,122,123,124,125,126,127,128,129,130,131,132,133,134,135,136,137,138,139,140,141,142,143,144,145,146,1,2,0,2025,2025,1,2001,0,0,0,0,0,0,0,0,0,0,0,0,0,0,0,0,0,0,0,0,0,0,0,0,0,0,0,0,0,0,0,0,0,0,10266.9375,10904.041015625,11666.166015625,12561.0341796875,13563.080078125,14625.4521484375,15588.673828125,16480.4765625,17366.74609375,18200,20848.34765625,21791.673828125,22653.658203125,23294.697265625,24073.54296875,25102.00390625,26000,26706.0078125,27601.4296875,28588.728515625,29680.22265625,30746.01953125,31723.162109375,32805.6875,32807.0234375,33437.01953125,34273.296875,34847.9296875,35187.48828125,35503.3515625,35337.22265625,35407.90234375,35680.3515625,36005.30859375,36059.7421875,35932.41796875,36842.359375,38544.48828125,39232.8515625,39459.578125,39444.44921875,0,0,0,0,0,0,0,0,0,0,0,0,0,0,0,0,0,0,0,0,0,0,0,0,0,0,0,0,0,0,0,0,0,0,0,0
0,0,0,0,0,0,2160,21605,221605,121605,4357.45751953125,50,45,1951,1956,0,1,2,3,4,5,6,7,8,9,10,11,12,13,14,15,16,17,18,19,20,21,22,23,24,25,26,27,28,29,30,31,32,33,34,35,36,37,38,39,40,41,42,43,44,45,46,47,48,49,50,51,52,53,54,55,56,57,58,59,60,61,62,63,64,65,66,67,68,69,70,71,72,73,74,75,76,77,78,79,80,81,82,83,84,85,86,87,88,89,90,91,92,93,94,95,96,97,98,99,100,101,102,103,104,105,106,107,108,109,110,111,112,113,114,115,116,117,118,119,120,121,122,123,124,125,126,127,128,129,130,131,132,133,134,135,136,137,138,139,140,141,142,143,144,145,146,147,148,149,150,151,2,1,0,,,2,2001,0,0,0,0,0,0,0,0,0,0,0,0,0,0,0,0,0,0,0,0,0,0,0,0,0,0,0,0,0,0,0,0,0,0,0,6583.7685546875,6989.25048828125,7466.9423828125,8000.01220703125,8559.669921875,9052.568359375,9496.154296875,9929.134765625,10324.7529296875,10721.416015625,11119.5205078125,11469.61328125,11702.61328125,12000,12415.5185546875,0,0,0,0,0,0,0,0,0,0,0,0,0,0,0,0,0,0,0,0,0,0,0,0,0,0,0,0,0,0,0,0,0,0,0,0,0,0,0,0,0,0,0,0,0,0,0,0,0,0,0,0,0,0,0,0,0,0,0,0,0
0,0,1,4,0,150,2234,22341,122341,222341,3534.05224609375,78,76,1923,1925,28,29,30,31,32,33,34,35,36,37,38,39,40,41,42,43,44,45,46,47,48,49,50,51,52,53,54,55,56,57,58,59,60,61,62,63,64,65,66,67,68,69,70,71,72,73,74,75,76,77,78,79,80,81,82,83,84,85,86,87,88,89,90,91,92,93,94,95,96,97,98,99,100,101,102,103,104,105,106,107,108,109,110,111,112,113,114,115,116,117,118,119,120,121,122,123,124,125,126,127,128,129,130,131,132,133,134,135,136,137,138,139,140,141,142,143,144,145,146,147,148,149,150,151,152,153,154,155,156,157,158,159,160,161,162,163,164,165,166,167,168,169,170,171,172,173,174,175,176,177,178,179,1,2,1,,,1,2001,11652.3974609375,12379.5419921875,13036.9921875,13644.2705078125,14193.275390625,14977.05078125,15941.0986328125,16830.224609375,17589.44140625,18381.66796875,19065.369140625,19770.2578125,20474.16015625,21222.78125,21963.015625,22936.890625,23912.74609375,25231.373046875,26732.9375,28325.734375,29844.615234375,31143.568359375,33068.09765625,36728.56640625,39965.328125,42276.9296875,45084.6640625,48207.265625,52393.45703125,57838.39453125,62708.15234375,65761.1015625,68006.421875,69898.5625,71531.4765625,72161.1640625,73333.7734375,75000,0,0,0,0,0,0,0,0,0,0,0,0,0,0,0,0,0,0,0,0,0,0,0,0,0,0,0,0,0,0,0,0,0,0,0,0,0,0,0,0,0,0,0,0,0,0,0,0,0,0,0,0,0,0,0,0,0,0,0,0,0,0,0,0,0,0,0,0,0,0,0,0,0
0,0,1,4,0,150,2234,22341,222341,122341,3534.05224609375,76,78,1925,1923,26,27,28,29,30,31,32,33,34,35,36,37,38,39,40,41,42,43,44,45,46,47,48,49,50,51,52,53,54,55,56,57,58,59,60,61,62,63,64,65,66,67,68,69,70,71,72,73,74,75,76,77,78,79,80,81,82,83,84,85,86,87,88,89,90,91,92,93,94,95,96,97,98,99,100,101,102,103,104,105,106,107,108,109,110,111,112,113,114,115,116,117,118,119,120,121,122,123,124,125,126,127,128,129,130,131,132,133,134,135,136,137,138,139,140,141,142,143,144,145,146,147,148,149,150,151,152,153,154,155,156,157,158,159,160,161,162,163,164,165,166,167,168,169,170,171,172,173,174,175,176,177,2,1,1,,,2,2001,3446.923095703125,3673.455810546875,3880.620361328125,4074.0693359375,4251.2265625,4500,0,0,0,0,0,0,0,0,0,0,0,0,0,0,0,0,0,0,0,0,0,0,0,0,0,0,0,0,0,0,0,0,0,0,0,0,0,0,0,0,0,0,0,0,0,0,0,0,0,0,0,0,0,0,0,0,0,0,0,0,0,0,0,0,0,0,0,0,0,0,0,0,0,0,0,0,0,0,0,0,0,0,0,0,0,0,0,0,0,0,0,0,0,0,0,0,0,0,0,0,0,0,0,0,0
0,0,1,4,0,150,2234,22342,122342,222342,3573.636474609375,78,76,1923,1925,28,29,30,31,32,33,34,35,36,37,38,39,40,41,42,43,44,45,46,47,48,49,50,51,52,53,54,55,56,57,58,59,60,61,62,63,64,65,66,67,68,69,70,71,72,73,74,75,76,77,78,79,80,81,82,83,84,85,86,87,88,89,90,91,92,93,94,95,96,97,98,99,100,101,102,103,104,105,106,107,108,109,110,111,112,113,114,115,116,117,118,119,120,121,122,123,124,125,126,127,128,129,130,131,132,133,134,135,136,137,138,139,140,141,142,143,144,145,146,147,148,149,150,151,152,153,154,155,156,157,158,159,160,161,162,163,164,165,166,167,168,169,170,171,172,173,174,175,176,177,178,179,1,2,1,,,1,2001,11652.3974609375,12379.5419921875,13036.9921875,13644.2705078125,14193.275390625,14977.05078125,15941.0986328125,16830.224609375,17589.44140625,18381.66796875,19065.369140625,19770.2578125,20474.16015625,21222.78125,21963.015625,22936.890625,23912.74609375,25231.373046875,26732.9375,28325.734375,29844.615234375,31143.568359375,33068.09765625,36728.56640625,39965.328125,42276.9296875,45084.6640625,48207.265625,52393.45703125,57838.39453125,62708.15234375,65761.1015625,68006.421875,69898.5625,71531.4765625,72161.1640625,73333.7734375,75000,0,0,0,0,0,0,0,0,0,0,0,0,0,0,0,0,0,0,0,0,0,0,0,0,0,0,0,0,0,0,0,0,0,0,0,0,0,0,0,0,0,0,0,0,0,0,0,0,0,0,0,0,0,0,0,0,0,0,0,0,0,0,0,0,0,0,0,0,0,0,0,0,0
0,0,1,4,0,150,2234,22342,222342,122342,3573.636474609375,76,78,1925,1923,26,27,28,29,30,31,32,33,34,35,36,37,38,39,40,41,42,43,44,45,46,47,48,49,50,51,52,53,54,55,56,57,58,59,60,61,62,63,64,65,66,67,68,69,70,71,72,73,74,75,76,77,78,79,80,81,82,83,84,85,86,87,88,89,90,91,92,93,94,95,96,97,98,99,100,101,102,103,104,105,106,107,108,109,110,111,112,113,114,115,116,117,118,119,120,121,122,123,124,125,126,127,128,129,130,131,132,133,134,135,136,137,138,139,140,141,142,143,144,145,146,147,148,149,150,151,152,153,154,155,156,157,158,159,160,161,162,163,164,165,166,167,168,169,170,171,172,173,174,175,176,177,2,1,1,,,2,2001,3446.923095703125,3673.455810546875,3880.620361328125,4074.0693359375,4251.2265625,4500,0,0,0,0,0,0,0,0,0,0,0,0,0,0,0,0,0,0,0,0,0,0,0,0,0,0,0,0,0,0,0,0,0,0,0,0,0,0,0,0,0,0,0,0,0,0,0,0,0,0,0,0,0,0,0,0,0,0,0,0,0,0,0,0,0,0,0,0,0,0,0,0,0,0,0,0,0,0,0,0,0,0,0,0,0,0,0,0,0,0,0,0,0,0,0,0,0,0,0,0,0,0,0,0,0
0,0,1,4,0,150,2234,22343,122343,222343,4538.66748046875,78,76,1923,1925,28,29,30,31,32,33,34,35,36,37,38,39,40,41,42,43,44,45,46,47,48,49,50,51,52,53,54,55,56,57,58,59,60,61,62,63,64,65,66,67,68,69,70,71,72,73,74,75,76,77,78,79,80,81,82,83,84,85,86,87,88,89,90,91,92,93,94,95,96,97,98,99,100,101,102,103,104,105,106,107,108,109,110,111,112,113,114,115,116,117,118,119,120,121,122,123,124,125,126,127,128,129,130,131,132,133,134,135,136,137,138,139,140,141,142,143,144,145,146,147,148,149,150,151,152,153,154,155,156,157,158,159,160,161,162,163,164,165,166,167,168,169,170,171,172,173,174,175,176,177,178,179,1,2,1,,,1,2001,11652.3974609375,12379.5419921875,13036.9921875,13644.2705078125,14193.275390625,14977.05078125,15941.0986328125,16830.224609375,17589.44140625,18381.66796875,19065.369140625,19770.2578125,20474.16015625,21222.78125,21963.015625,22936.890625,23912.74609375,25231.373046875,26732.9375,28325.734375,29844.615234375,31143.568359375,33068.09765625,36728.56640625,39965.328125,42276.9296875,45084.6640625,48207.265625,52393.45703125,57838.39453125,62708.15234375,65761.1015625,68006.421875,69898.5625,71531.4765625,72161.1640625,73333.7734375,75000,0,0,0,0,0,0,0,0,0,0,0,0,0,0,0,0,0,0,0,0,0,0,0,0,0,0,0,0,0,0,0,0,0,0,0,0,0,0,0,0,0,0,0,0,0,0,0,0,0,0,0,0,0,0,0,0,0,0,0,0,0,0,0,0,0,0,0,0,0,0,0,0,0
0,0,1,4,0,150,2234,22343,222343,122343,4538.66748046875,76,78,1925,1923,26,27,28,29,30,31,32,33,34,35,36,37,38,39,40,41,42,43,44,45,46,47,48,49,50,51,52,53,54,55,56,57,58,59,60,61,62,63,64,65,66,67,68,69,70,71,72,73,74,75,76,77,78,79,80,81,82,83,84,85,86,87,88,89,90,91,92,93,94,95,96,97,98,99,100,101,102,103,104,105,106,107,108,109,110,111,112,113,114,115,116,117,118,119,120,121,122,123,124,125,126,127,128,129,130,131,132,133,134,135,136,137,138,139,140,141,142,143,144,145,146,147,148,149,150,151,152,153,154,155,156,157,158,159,160,161,162,163,164,165,166,167,168,169,170,171,172,173,174,175,176,177,2,1,1,,,2,2001,3446.923095703125,3673.455810546875,3880.620361328125,4074.0693359375,4251.2265625,4500,0,0,0,0,0,0,0,0,0,0,0,0,0,0,0,0,0,0,0,0,0,0,0,0,0,0,0,0,0,0,0,0,0,0,0,0,0,0,0,0,0,0,0,0,0,0,0,0,0,0,0,0,0,0,0,0,0,0,0,0,0,0,0,0,0,0,0,0,0,0,0,0,0,0,0,0,0,0,0,0,0,0,0,0,0,0,0,0,0,0,0,0,0,0,0,0,0,0,0,0,0,0,0,0,0
0,0,1,4,0,150,2234,22344,122344,222344,3731.004638671875,78,76,1923,1925,28,29,30,31,32,33,34,35,36,37,38,39,40,41,42,43,44,45,46,47,48,49,50,51,52,53,54,55,56,57,58,59,60,61,62,63,64,65,66,67,68,69,70,71,72,73,74,75,76,77,78,79,80,81,82,83,84,85,86,87,88,89,90,91,92,93,94,95,96,97,98,99,100,101,102,103,104,105,106,107,108,109,110,111,112,113,114,115,116,117,118,119,120,121,122,123,124,125,126,127,128,129,130,131,132,133,134,135,136,137,138,139,140,141,142,143,144,145,146,147,148,149,150,151,152,153,154,155,156,157,158,159,160,161,162,163,164,165,166,167,168,169,170,171,172,173,174,175,176,177,178,179,1,2,1,,,1,2001,11652.3974609375,12379.5419921875,13036.9921875,13644.2705078125,14193.275390625,14977.05078125,15941.0986328125,16830.224609375,17589.44140625,18381.66796875,19065.369140625,19770.2578125,20474.16015625,21222.78125,21963.015625,22936.890625,23912.74609375,25231.373046875,26732.9375,28325.734375,29844.615234375,31143.568359375,33068.09765625,36728.56640625,39965.328125,42276.9296875,45084.6640625,48207.265625,52393.45703125,57838.39453125,62708.15234375,65761.1015625,68006.421875,69898.5625,71531.4765625,72161.1640625,73333.7734375,75000,0,0,0,0,0,0,0,0,0,0,0,0,0,0,0,0,0,0,0,0,0,0,0,0,0,0,0,0,0,0,0,0,0,0,0,0,0,0,0,0,0,0,0,0,0,0,0,0,0,0,0,0,0,0,0,0,0,0,0,0,0,0,0,0,0,0,0,0,0,0,0,0,0
0,0,1,4,0,150,2234,22344,222344,122344,3731.004638671875,76,78,1925,1923,26,27,28,29,30,31,32,33,34,35,36,37,38,39,40,41,42,43,44,45,46,47,48,49,50,51,52,53,54,55,56,57,58,59,60,61,62,63,64,65,66,67,68,69,70,71,72,73,74,75,76,77,78,79,80,81,82,83,84,85,86,87,88,89,90,91,92,93,94,95,96,97,98,99,100,101,102,103,104,105,106,107,108,109,110,111,112,113,114,115,116,117,118,119,120,121,122,123,124,125,126,127,128,129,130,131,132,133,134,135,136,137,138,139,140,141,142,143,144,145,146,147,148,149,150,151,152,153,154,155,156,157,158,159,160,161,162,163,164,165,166,167,168,169,170,171,172,173,174,175,176,177,2,1,1,,,2,2001,3446.923095703125,3673.455810546875,3880.620361328125,4074.0693359375,4251.2265625,4500,0,0,0,0,0,0,0,0,0,0,0,0,0,0,0,0,0,0,0,0,0,0,0,0,0,0,0,0,0,0,0,0,0,0,0,0,0,0,0,0,0,0,0,0,0,0,0,0,0,0,0,0,0,0,0,0,0,0,0,0,0,0,0,0,0,0,0,0,0,0,0,0,0,0,0,0,0,0,0,0,0,0,0,0,0,0,0,0,0,0,0,0,0,0,0,0,0,0,0,0,0,0,0,0,0
0,0,1,4,0,150,2234,22345,122345,222345,3820.211181640625,78,76,1923,1925,28,29,30,31,32,33,34,35,36,37,38,39,40,41,42,43,44,45,46,47,48,49,50,51,52,53,54,55,56,57,58,59,60,61,62,63,64,65,66,67,68,69,70,71,72,73,74,75,76,77,78,79,80,81,82,83,84,85,86,87,88,89,90,91,92,93,94,95,96,97,98,99,100,101,102,103,104,105,106,107,108,109,110,111,112,113,114,115,116,117,118,119,120,121,122,123,124,125,126,127,128,129,130,131,132,133,134,135,136,137,138,139,140,141,142,143,144,145,146,147,148,149,150,151,152,153,154,155,156,157,158,159,160,161,162,163,164,165,166,167,168,169,170,171,172,173,174,175,176,177,178,179,1,2,1,,,1,2001,11652.3974609375,12379.5419921875,13036.9921875,13644.2705078125,14193.275390625,14977.05078125,15941.0986328125,16830.224609375,17589.44140625,18381.66796875,19065.369140625,19770.2578125,20474.16015625,21222.78125,21963.015625,22936.890625,23912.74609375,25231.373046875,26732.9375,28325.734375,29844.615234375,31143.568359375,33068.09765625,36728.56640625,39965.328125,42276.9296875,45084.6640625,48207.265625,52393.45703125,57838.39453125,62708.15234375,65761.1015625,68006.421875,69898.5625,71531.4765625,72161.1640625,73333.7734375,75000,0,0,0,0,0,0,0,0,0,0,0,0,0,0,0,0,0,0,0,0,0,0,0,0,0,0,0,0,0,0,0,0,0,0,0,0,0,0,0,0,0,0,0,0,0,0,0,0,0,0,0,0,0,0,0,0,0,0,0,0,0,0,0,0,0,0,0,0,0,0,0,0,0
0,0,1,4,0,150,2234,22345,222345,122345,3820.211181640625,76,78,1925,1923,26,27,28,29,30,31,32,33,34,35,36,37,38,39,40,41,42,43,44,45,46,47,48,49,50,51,52,53,54,55,56,57,58,59,60,61,62,63,64,65,66,67,68,69,70,71,72,73,74,75,76,77,78,79,80,81,82,83,84,85,86,87,88,89,90,91,92,93,94,95,96,97,98,99,100,101,102,103,104,105,106,107,108,109,110,111,112,113,114,115,116,117,118,119,120,121,122,123,124,125,126,127,128,129,130,131,132,133,134,135,136,137,138,139,140,141,142,143,144,145,146,147,148,149,150,151,152,153,154,155,156,157,158,159,160,161,162,163,164,165,166,167,168,169,170,171,172,173,174,175,176,177,2,1,1,,,2,2001,3446.923095703125,3673.455810546875,3880.620361328125,4074.0693359375,4251.2265625,4500,0,0,0,0,0,0,0,0,0,0,0,0,0,0,0,0,0,0,0,0,0,0,0,0,0,0,0,0,0,0,0,0,0,0,0,0,0,0,0,0,0,0,0,0,0,0,0,0,0,0,0,0,0,0,0,0,0,0,0,0,0,0,0,0,0,0,0,0,0,0,0,0,0,0,0,0,0,0,0,0,0,0,0,0,0,0,0,0,0,0,0,0,0,0,0,0,0,0,0,0,0,0,0,0,0
2,4,0,0,260,0,2281,22811,122811,0,5577.41845703125,65,0,1936,0,15,16,17,18,19,20,21,22,23,24,25,26,27,28,29,30,31,32,33,34,35,36,37,38,39,40,41,42,43,44,45,46,47,48,49,50,51,52,53,54,55,56,57,58,59,60,61,62,63,64,65,66,67,68,69,70,71,72,73,74,75,76,77,78,79,80,81,82,83,84,85,86,87,88,89,90,91,92,93,94,95,96,97,98,99,100,101,102,103,104,105,106,107,108,109,110,111,112,113,114,115,116,117,118,119,120,121,122,123,124,125,126,127,128,129,130,131,132,133,134,135,136,137,138,139,140,141,142,143,144,145,146,147,148,149,150,151,152,153,154,155,156,157,158,159,160,161,162,163,164,165,166,2,0,0,,,1,2001,0,0,0,686.3671875,813.7762451171875,876.29339599609375,951.79156494140625,1025.4495849609375,1093.6473388671875,1166.3018798828125,1234.4447021484375,1306.2900390625,1380.4930419921875,1460.2620849609375,1542.1309814453125,1643.4793701171875,1748.4771728515625,1882.661376953125,2035.5362548828125,2200.968017578125,2366.4609375,2520.01171875,2730.5126953125,3094.848388671875,3436.525634765625,3709.714599609375,3614.5224609375,3943.982421875,4374.21728515625,4927.6552734375,5451.90771484375,5834.3759765625,6157.09814453125,6457.951171875,6744.10205078125,6942.74609375,7200,7514.3330078125,7864.72509765625,8220.44140625,8492.8916015625,8703.15625,8889.6708984375,9030.2373046875,9160.4609375,9281.0361328125,9352.0078125,9321.46484375,9337.4375,9437.494140625,0,0,0,0,0,0,0,0,0,0,0,0,0,0,0,0,0,0,0,0,0,0,0,0,0,0,0,0,0,0,0,0,0,0,0,0,0,0,0,0,0,0,0,0,0,0,0,0,0,0,0,0,0,0,0,0,0,0,0,0,0
2,4,0,0,340,0,2281,22812,122812,0,5557.263671875,65,0,1936,0,15,16,17,18,19,20,21,22,23,24,25,26,27,28,29,30,31,32,33,34,35,36,37,38,39,40,41,42,43,44,45,46,47,48,49,50,51,52,53,54,55,56,57,58,59,60,61,62,63,64,65,66,67,68,69,70,71,72,73,74,75,76,77,78,79,80,81,82,83,84,85,86,87,88,89,90,91,92,93,94,95,96,97,98,99,100,101,102,103,104,105,106,107,108,109,110,111,112,113,114,115,116,117,118,119,120,121,122,123,124,125,126,127,128,129,130,131,132,133,134,135,136,137,138,139,140,141,142,143,144,145,146,147,148,149,150,151,152,153,154,155,156,157,158,159,160,161,162,163,164,165,166,2,0,0,,,1,2001,0,0,0,943.75494384765625,1118.9423828125,1204.9034423828125,1308.7135009765625,1409.9932861328125,1503.76513671875,1603.6650390625,1697.361572265625,1796.1488037109375,1898.177978515625,2007.8604736328125,2120.43017578125,2259.7841796875,2404.15625,2588.659423828125,2798.862548828125,3026.331298828125,3253.884033203125,3465.016357421875,3754.455322265625,4255.41650390625,4725.22314453125,5100.85791015625,4969.96875,5422.97607421875,6014.548828125,6775.5263671875,7496.3740234375,8022.26708984375,8466.0107421875,8879.68359375,9273.140625,9546.28515625,9900,10332.2080078125,10813.9970703125,11303.107421875,11677.7265625,11966.8408203125,12223.2978515625,12416.5771484375,12595.634765625,12761.42578125,12859.01171875,12817.015625,12838.9775390625,12976.5546875,0,0,0,0,0,0,0,0,0,0,0,0,0,0,0,0,0,0,0,0,0,0,0,0,0,0,0,0,0,0,0,0,0,0,0,0,0,0,0,0,0,0,0,0,0,0,0,0,0,0,0,0,0,0,0,0,0,0,0,0,0
2,4,0,0,260,0,2281,22813,122813,0,5566.47265625,65,0,1936,0,15,16,17,18,19,20,21,22,23,24,25,26,27,28,29,30,31,32,33,34,35,36,37,38,39,40,41,42,43,44,45,46,47,48,49,50,51,52,53,54,55,56,57,58,59,60,61,62,63,64,65,66,67,68,69,70,71,72,73,74,75,76,77,78,79,80,81,82,83,84,85,86,87,88,89,90,91,92,93,94,95,96,97,98,99,100,101,102,103,104,105,106,107,108,109,110,111,112,113,114,115,116,117,118,119,120,121,122,123,124,125,126,127,128,129,130,131,132,133,134,135,136,137,138,139,140,141,142,143,144,145,146,147,148,149,150,151,152,153,154,155,156,157,158,159,160,161,162,163,164,165,166,2,0,0,,,1,2001,0,0,0,495.709716796875,587.72735595703125,632.87860107421875,687.40509033203125,740.60260009765625,789.8564453125,842.32916259765625,891.54351806640625,943.4317626953125,997.0228271484375,1054.6337890625,1113.761474609375,1186.9573974609375,1262.7891845703125,1359.7000732421875,1470.109619140625,1589.5882568359375,1709.1109619140625,1820.0086669921875,1972.0372314453125,2235.16845703125,2481.935546875,2679.238525390625,2610.48876953125,2848.43212890625,3159.1572265625,3558.862548828125,3937.489501953125,4213.71630859375,4446.79345703125,4664.076171875,4870.74072265625,5014.2109375,5200,5427.01904296875,5680.07958984375,5936.98583984375,6133.755859375,6285.61376953125,6420.31884765625,6521.8388671875,6615.88916015625,6702.9716796875,6754.228515625,6732.169921875,6743.7060546875,6815.96875,0,0,0,0,0,0,0,0,0,0,0,0,0,0,0,0,0,0,0,0,0,0,0,0,0,0,0,0,0,0,0,0,0,0,0,0,0,0,0,0,0,0,0,0,0,0,0,0,0,0,0,0,0,0,0,0,0,0,0,0,0
2,4,0,0,260,0,2281,22814,122814,0,5585.79296875,65,0,1936,0,15,16,17,18,19,20,21,22,23,24,25,26,27,28,29,30,31,32,33,34,35,36,37,38,39,40,41,42,43,44,45,46,47,48,49,50,51,52,53,54,55,56,57,58,59,60,61,62,63,64,65,66,67,68,69,70,71,72,73,74,75,76,77,78,79,80,81,82,83,84,85,86,87,88,89,90,91,92,93,94,95,96,97,98,99,100,101,102,103,104,105,106,107,108,109,110,111,112,113,114,115,116,117,118,119,120,121,122,123,124,125,126,127,128,129,130,131,132,133,134,135,136,137,138,139,140,141,142,143,144,145,146,147,148,149,150,151,152,153,154,155,156,157,158,159,160,161,162,163,164,165,166,2,0,0,,,1,2001,0,0,0,800.761962890625,949.4058837890625,1022.342529296875,1110.423828125,1196.3582763671875,1275.9222412109375,1360.685791015625,1440.1859130859375,1524.0054931640625,1610.5755615234375,1703.6395263671875,1799.1533203125,1917.3931884765625,2039.890625,2196.43896484375,2374.79296875,2567.796875,2760.8720703125,2940.014404296875,3185.59912109375,3610.657470703125,4009.281005859375,4328.00146484375,4216.94384765625,4601.314453125,5103.2548828125,5748.93310546875,6360.56103515625,6806.77392578125,7183.283203125,7534.2783203125,7868.12109375,8099.873046875,8400,8766.724609375,9175.5146484375,9590.517578125,9908.376953125,10153.685546875,10371.2861328125,10535.2802734375,10687.197265625,10827.87890625,10910.6787109375,10875.0458984375,10893.6806640625,11010.4130859375,0,0,0,0,0,0,0,0,0,0,0,0,0,0,0,0,0,0,0,0,0,0,0,0,0,0,0,0,0,0,0,0,0,0,0,0,0,0,0,0,0,0,0,0,0,0,0,0,0,0,0,0,0,0,0,0,0,0,0,0,0
2,4,0,0,340,0,2281,22815,122815,0,5544.9443359375,65,0,1936,0,15,16,17,18,19,20,21,22,23,24,25,26,27,28,29,30,31,32,33,34,35,36,37,38,39,40,41,42,43,44,45,46,47,48,49,50,51,52,53,54,55,56,57,58,59,60,61,62,63,64,65,66,67,68,69,70,71,72,73,74,75,76,77,78,79,80,81,82,83,84,85,86,87,88,89,90,91,92,93,94,95,96,97,98,99,100,101,102,103,104,105,106,107,108,109,110,111,112,113,114,115,116,117,118,119,120,121,122,123,124,125,126,127,128,129,130,131,132,133,134,135,136,137,138,139,140,141,142,143,144,145,146,147,148,149,150,151,152,153,154,155,156,157,158,159,160,161,162,163,164,165,166,2,0,0,,,1,2001,0,0,0,524.30828857421875,621.6346435546875,669.39080810546875,727.06304931640625,783.32965087890625,835.425048828125,890.925048828125,942.97869873046875,997.8604736328125,1054.5433349609375,1115.47802734375,1178.016845703125,1255.4356689453125,1335.642333984375,1438.1441650390625,1554.923583984375,1681.295166015625,1807.71337890625,1925.009033203125,2085.808349609375,2364.120361328125,2625.123779296875,2833.809814453125,2761.093505859375,3012.7646484375,3341.416015625,3764.181396484375,4164.65185546875,4456.81494140625,4703.3388671875,4933.1572265625,5151.74462890625,5303.4921875,5500,5740.11572265625,6007.7763671875,6279.50390625,6487.6259765625,6648.2451171875,6790.72119140625,6898.0986328125,6997.57470703125,7089.68115234375,7143.89501953125,7120.56396484375,7132.765625,7209.197265625,0,0,0,0,0,0,0,0,0,0,0,0,0,0,0,0,0,0,0,0,0,0,0,0,0,0,0,0,0,0,0,0,0,0,0,0,0,0,0,0,0,0,0,0,0,0,0,0,0,0,0,0,0,0,0,0,0,0,0,0,0
0,0,0,0,0,0,2766,27661,127661,0,5261.02490234375,39,0,1962,0,0,0,0,0,0,0,0,0,0,0,0,0,1,2,3,4,5,6,7,8,9,10,11,12,13,14,15,16,17,18,19,20,21,22,23,24,25,26,27,28,29,30,31,32,33,34,35,36,37,38,39,40,41,42,43,44,45,46,47,48,49,50,51,52,53,54,55,56,57,58,59,60,61,62,63,64,65,66,67,68,69,70,71,72,73,74,75,76,77,78,79,80,81,82,83,84,85,86,87,88,89,90,91,92,93,94,95,96,97,98,99,100,101,102,103,104,105,106,107,108,109,110,111,112,113,114,115,116,117,118,119,120,121,122,123,124,125,126,127,128,129,130,131,132,133,134,135,136,137,138,139,140,2,0,0,9999,9999,1,2001,0,0,0,0,0,0,0,0,0,0,0,0,0,0,0,0,0,0,0,0,0,0,0,0,0,0,0,0,0,0,0,0,0,0,0,0,4480.89501953125,4869.9423828125,5307.84912109375,5777.3857421875,6215.7431640625,6633.083984375,7055.470703125,7463.4755859375,7884.24462890625,8318.427734375,8728.7177734375,9060.05859375,9450.96484375,9947.3251953125,10400,10782.775390625,11249.0283203125,11760.88671875,12324.650390625,12887.1884765625,13421.689453125,14010.11328125,14142.349609375,14549.3671875,15053.3740234375,15449.5966796875,15746.7255859375,16037.37109375,16112.3203125,16296.25,16575.96484375,16884.10546875,17068.5078125,17168.076171875,17768.224609375,18763.794921875,19278.376953125,19571.984375,19748.3203125,19855.31640625,19916.41015625,19947.966796875,19953.533203125,19929.87109375,19875.833984375,19791.291015625,19676.576171875,19532.1484375,19358.638671875,19156.833984375,18927.630859375,0,0,0,0,0,0,0,0,0,0,0,0,0,0,0,0,0,0,0,0,0,0,0,0
0,0,0,0,0,0,2766,27662,127662,0,5203.6943359375,39,0,1962,0,0,0,0,0,0,0,0,0,0,0,0,0,1,2,3,4,5,6,7,8,9,10,11,12,13,14,15,16,17,18,19,20,21,22,23,24,25,26,27,28,29,30,31,32,33,34,35,36,37,38,39,40,41,42,43,44,45,46,47,48,49,50,51,52,53,54,55,56,57,58,59,60,61,62,63,64,65,66,67,68,69,70,71,72,73,74,75,76,77,78,79,80,81,82,83,84,85,86,87,88,89,90,91,92,93,94,95,96,97,98,99,100,101,102,103,104,105,106,107,108,109,110,111,112,113,114,115,116,117,118,119,120,121,122,123,124,125,126,127,128,129,130,131,132,133,134,135,136,137,138,139,140,2,0,0,2014,2014,1,2001,0,0,0,0,0,0,0,0,0,0,0,0,0,0,0,0,0,0,0,0,0,0,0,0,0,0,0,0,0,0,0,0,0,0,0,0,4480.89501953125,4869.9423828125,5307.84912109375,5777.3857421875,6215.7431640625,6633.083984375,7055.470703125,7463.4755859375,7884.24462890625,8318.427734375,8728.7177734375,9060.05859375,9450.96484375,9947.3251953125,10400,10782.775390625,11249.0283203125,11760.88671875,12324.650390625,12887.1884765625,13421.689453125,14010.11328125,14142.349609375,14549.3671875,15053.3740234375,15449.5966796875,15746.7255859375,16037.37109375,0,0,0,0,0,0,0,0,0,0,0,0,0,0,0,0,0,0,0,0,0,0,0,0,0,0,0,0,0,0,0,0,0,0,0,0,0,0,0,0,0,0,0,0,0,0,0
0,0,0,0,0,0,2766,27663,127663,0,5221.4716796875,39,0,1962,0,0,0,0,0,0,0,0,0,0,0,0,0,1,2,3,4,5,6,7,8,9,10,11,12,13,14,15,16,17,18,19,20,21,22,23,24,25,26,27,28,29,30,31,32,33,34,35,36,37,38,39,40,41,42,43,44,45,46,47,48,49,50,51,52,53,54,55,56,57,58,59,60,61,62,63,64,65,66,67,68,69,70,71,72,73,74,75,76,77,78,79,80,81,82,83,84,85,86,87,88,89,90,91,92,93,94,95,96,97,98,99,100,101,102,103,104,105,106,107,108,109,110,111,112,113,114,115,116,117,118,119,120,121,122,123,124,125,126,127,128,129,130,131,132,133,134,135,136,137,138,139,140,2,0,0,2018,2037,1,2001,0,0,0,0,0,0,0,0,0,0,0,0,0,0,0,0,0,0,0,0,0,0,0,0,0,0,0,0,0,0,0,0,0,0,0,0,4480.89501953125,4869.9423828125,5307.84912109375,5777.3857421875,6215.7431640625,6633.083984375,7055.470703125,7463.4755859375,7884.24462890625,8318.427734375,8728.7177734375,9060.05859375,9450.96484375,9947.3251953125,10400,10782.775390625,11249.0283203125,11760.88671875,12324.650390625,12887.1884765625,13421.689453125,14010.11328125,14142.349609375,14549.3671875,15053.3740234375,15449.5966796875,15746.7255859375,16037.37109375,16112.3203125,16296.25,16575.96484375,16884.10546875,4804.73388671875,4832.76220703125,5001.7021484375,5281.9521484375,5426.80078125,5509.4501953125,5559.087890625,5589.20703125,5606.41015625,5615.28759765625,5616.85986328125,5610.19384765625,5594.98779296875,5571.18408203125,5538.8974609375,5498.236328125,5449.39892578125,5392.58642578125,5328.06640625,0,0,0,0,0,0,0,0,0,0,0,0,0,0,0,0,0,0,0,0,0,0,0,0
0,0,0,0,0,0,2766,27664,127664,0,5201.51953125,39,0,1962,0,0,0,0,0,0,0,0,0,0,0,0,0,1,2,3,4,5,6,7,8,9,10,11,12,13,14,15,16,17,18,19,20,21,22,23,24,25,26,27,28,29,30,31,32,33,34,35,36,37,38,39,40,41,42,43,44,45,46,47,48,49,50,51,52,53,54,55,56,57,58,59,60,61,62,63,64,65,66,67,68,69,70,71,72,73,74,75,76,77,78,79,80,81,82,83,84,85,86,87,88,89,90,91,92,93,94,95,96,97,98,99,100,101,102,103,104,105,106,107,108,109,110,111,112,113,114,115,116,117,118,119,120,121,122,123,124,125,126,127,128,129,130,131,132,133,134,135,136,137,138,139,140,2,0,0,9999,9999,1,2001,0,0,0,0,0,0,0,0,0,0,0,0,0,0,0,0,0,0,0,0,0,0,0,0,0,0,0,0,0,0,0,0,0,0,0,0,4480.89501953125,4869.9423828125,5307.84912109375,5777.3857421875,6215.7431640625,6633.083984375,7055.470703125,7463.4755859375,7884.24462890625,8318.427734375,8728.7177734375,9060.05859375,9450.96484375,9947.3251953125,10400,10782.775390625,11249.0283203125,11760.88671875,12324.650390625,12887.1884765625,13421.689453125,14010.11328125,14142.349609375,14549.3671875,15053.3740234375,15449.5966796875,15746.7255859375,16037.37109375,16112.3203125,16296.25,16575.96484375,16884.10546875,17068.5078125,17168.076171875,17768.224609375,18763.794921875,19278.376953125,19571.984375,19748.3203125,19855.31640625,19916.41015625,19947.966796875,19953.533203125,19929.87109375,19875.833984375,19791.291015625,19676.576171875,19532.1484375,19358.638671875,19156.833984375,18927.630859375,0,0,0,0,0,0,0,0,0,0,0,0,0,0,0,0,0,0,0,0,0,0,0,0
0,0,0,0,0,0,2766,27665,127665,0,5262.21484375,39,0,1962,0,0,0,0,0,0,0,0,0,0,0,0,0,1,2,3,4,5,6,7,8,9,10,11,12,13,14,15,16,17,18,19,20,21,22,23,24,25,26,27,28,29,30,31,32,33,34,35,36,37,38,39,40,41,42,43,44,45,46,47,48,49,50,51,52,53,54,55,56,57,58,59,60,61,62,63,64,65,66,67,68,69,70,71,72,73,74,75,76,77,78,79,80,81,82,83,84,85,86,87,88,89,90,91,92,93,94,95,96,97,98,99,100,101,102,103,104,105,106,107,108,109,110,111,112,113,114,115,116,117,118,119,120,121,122,123,124,125,126,127,128,129,130,131,132,133,134,135,136,137,138,139,140,2,0,0,9999,9999,1,2001,0,0,0,0,0,0,0,0,0,0,0,0,0,0,0,0,0,0,0,0,0,0,0,0,0,0,0,0,0,0,0,0,0,0,0,0,4480.89501953125,4869.9423828125,5307.84912109375,5777.3857421875,6215.7431640625,6633.083984375,7055.470703125,7463.4755859375,7884.24462890625,8318.427734375,8728.7177734375,9060.05859375,9450.96484375,9947.3251953125,10400,10782.775390625,11249.0283203125,11760.88671875,12324.650390625,12887.1884765625,13421.689453125,14010.11328125,14142.349609375,14549.3671875,15053.3740234375,15449.5966796875,15746.7255859375,16037.37109375,16112.3203125,16296.25,16575.96484375,16884.10546875,17068.5078125,17168.076171875,17768.224609375,18763.794921875,19278.376953125,19571.984375,19748.3203125,19855.31640625,19916.41015625,19947.966796875,19953.533203125,19929.87109375,19875.833984375,19791.291015625,19676.576171875,19532.1484375,19358.638671875,19156.833984375,18927.630859375,0,0,0,0,0,0,0,0,0,0,0,0,0,0,0,0,0,0,0,0,0,0,0,0
0,0,0,0,0,0,3186,31861,131861,231861,13.150832176208496,58,50,1943,1951,8,9,10,11,12,13,14,15,16,17,18,19,20,21,22,23,24,25,26,27,28,29,30,31,32,33,34,35,36,37,38,39,40,41,42,43,44,45,46,47,48,49,50,51,52,53,54,55,56,57,58,59,60,61,62,63,64,65,66,67,68,69,70,71,72,73,74,75,76,77,78,79,80,81,82,83,84,85,86,87,88,89,90,91,92,93,94,95,96,97,98,99,100,101,102,103,104,105,106,107,108,109,110,111,112,113,114,115,116,117,118,119,120,121,122,123,124,125,126,127,128,129,130,131,132,133,134,135,136,137,138,139,140,141,142,143,144,145,146,147,148,149,150,151,152,153,154,155,156,157,158,159,1,2,1,2011,9999,1,2001,0,0,0,0,0,0,0,0,0,0,0,0,0,0,0,0,0,0,0,21832.4765625,23731.609375,25548.734375,27986.56640625,32068.87890625,36000,0,0,0,0,0,0,0,240820.140625,283166.9375,331515.46875,382597.4375,401127.40625,423232.25,447827.625,473218.21875,494265.71875,512059.34375,528771.6875,543026.0625,556900.25,570421.0625,581088.8125,585545.75,592984.5,605913.875,615000,619027.375,626948.1875,636347.75,647390.0625,657184.5625,664468.0625,673357.9375,659877.375,659057.25,661988.875,185671.453125,183719.484375,181650.203125,177173.265625,173966.296875,171788.3125,169875.296875,0,0,0,0,0,0,0,0,0,0,0,0,0,0,0,0,0,0,0,0,0,0,0,0,0,0,0,0,0,0,0,0,0,0,0,0,0,0,0,0,0,0,0
0,0,0,0,0,0,3186,31861,231861,131861,13.150832176208496,50,58,1951,1943,0,1,2,3,4,5,6,7,8,9,10,11,12,13,14,15,16,17,18,19,20,21,22,23,24,25,26,27,28,29,30,31,32,33,34,35,36,37,38,39,40,41,42,43,44,45,46,47,48,49,50,51,52,53,54,55,56,57,58,59,60,61,62,63,64,65,66,67,68,69,70,71,72,73,74,75,76,77,78,79,80,81,82,83,84,85,86,87,88,89,90,91,92,93,94,95,96,97,98,99,100,101,102,103,104,105,106,107,108,109,110,111,112,113,114,115,116,117,118,119,120,121,122,123,124,125,126,127,128,129,130,131,132,133,134,135,136,137,138,139,140,141,142,143,144,145,146,147,148,149,150,151,2,1,1,,,2,2001,0,0,0,0,0,0,0,0,0,0,0,0,0,0,0,0,0,0,0,0,0,0,0,0,22587.5390625,24960,0,0,0,0,0,0,0,0,0,0,0,0,0,0,0,0,0,0,119892.0625,124343.9765625,128258.8828125,130864.40625,134189.90625,138836.328125,0,0,0,0,0,0,0,0,0,0,0,0,0,0,0,0,0,0,0,0,0,0,0,0,0,0,0,0,0,0,0,0,0,0,0,0,0,0,0,0,0,0,0,0,0,0,0,0,0,0,0,0,0,0,0,0,0,0,0,0,0
0,0,0,0,0,0,3186,31862,131862,231862,12.83681869506836,58,50,1943,1951,8,9,10,11,12,13,14,15,16,17,18,19,20,21,22,23,24,25,26,27,28,29,30,31,32,33,34,35,36,37,38,39,40,41,42,43,44,45,46,47,48,49,50,51,52,53,54,55,56,57,58,59,60,61,62,63,64,65,66,67,68,69,70,71,72,73,74,75,76,77,78,79,80,81,82,83,84,85,86,87,88,89,90,91,92,93,94,95,96,97,98,99,100,101,102,103,104,105,106,107,108,109,110,111,112,113,114,115,116,117,118,119,120,121,122,123,124,125,126,127,128,129,130,131,132,133,134,135,136,137,138,139,140,141,142,143,144,145,146,147,148,149,150,151,152,153,154,155,156,157,158,159,1,2,1,2011,9999,1,2001,0,0,0,0,0,0,0,0,0,0,0,0,0,0,0,0,0,0,0,21832.4765625,23731.609375,25548.734375,27986.56640625,32068.87890625,36000,0,0,0,0,0,0,0,183436.375,208477.640625,235909.0625,263152.28125,275897.28125,291101.125,308017.90625,325481.6875,339958.28125,352196.8125,363691.625,373495.84375,383038.5625,392338.25,399675.5625,402741.09375,407857.53125,416750.375,423000,425769.90625,431217.90625,437682.9375,445277.875,452014.625,457024.25,463138.71875,453866.75,453302.65625,455319.03125,127705.6953125,126363.109375,124939.859375,121860.59375,119654.8359375,118156.8046875,116841.0234375,0,0,0,0,0,0,0,0,0,0,0,0,0,0,0,0,0,0,0,0,0,0,0,0,0,0,0,0,0,0,0,0,0,0,0,0,0,0,0,0,0,0,0
0,0,0,0,0,0,3186,31862,231862,131862,12.83681869506836,50,58,1951,1943,0,1,2,3,4,5,6,7,8,9,10,11,12,13,14,15,16,17,18,19,20,21,22,23,24,25,26,27,28,29,30,31,32,33,34,35,36,37,38,39,40,41,42,43,44,45,46,47,48,49,50,51,52,53,54,55,56,57,58,59,60,61,62,63,64,65,66,67,68,69,70,71,72,73,74,75,76,77,78,79,80,81,82,83,84,85,86,87,88,89,90,91,92,93,94,95,96,97,98,99,100,101,102,103,104,105,106,107,108,109,110,111,112,113,114,115,116,117,118,119,120,121,122,123,124,125,126,127,128,129,130,131,132,133,134,135,136,137,138,139,140,141,142,143,144,145,146,147,148,149,150,151,2,1,1,,,2,2001,0,0,0,0,0,0,0,0,0,0,0,0,0,0,0,0,0,0,0,0,0,0,0,0,22587.5390625,24960,0,0,0,0,0,0,0,0,0,0,0,0,0,0,0,0,0,0,119892.0625,124343.9765625,128258.8828125,130864.40625,134189.90625,138836.328125,0,0,0,0,0,0,0,0,0,0,0,0,0,0,0,0,0,0,0,0,0,0,0,0,0,0,0,0,0,0,0,0,0,0,0,0,0,0,0,0,0,0,0,0,0,0,0,0,0,0,0,0,0,0,0,0,0,0,0,0,0
0,0,0,0,0,0,3186,31863,131863,231863,13.523293495178223,58,50,1943,1951,8,9,10,11,12,13,14,15,16,17,18,19,20,21,22,23,24,25,26,27,28,29,30,31,32,33,34,35,36,37,38,39,40,41,42,43,44,45,46,47,48,49,50,51,52,53,54,55,56,57,58,59,60,61,62,63,64,65,66,67,68,69,70,71,72,73,74,75,76,77,78,79,80,81,82,83,84,85,86,87,88,89,90,91,92,93,94,95,96,97,98,99,100,101,102,103,104,105,106,107,108,109,110,111,112,113,114,115,116,117,118,119,120,121,122,123,124,125,126,127,128,129,130,131,132,133,134,135,136,137,138,139,140,141,142,143,144,145,146,147,148,149,150,151,152,153,154,155,156,157,158,159,1,2,1,2011,9999,1,2001,0,0,0,0,0,0,0,0,0,0,0,0,0,0,0,0,0,0,0,23045.37890625,25050.017578125,26968.09375,29541.359375,33850.46484375,38000,0,0,0,0,0,0,0,153690.859375,169700.09375,186563.921875,202185.578125,211977.84375,223659.265625,236656.796875,250074.59375,261197.265625,270600.375,279432.09375,286964.90625,294296.78125,301441.9375,307079.34375,309434.65625,313365.71875,320198.3125,325000,327128.1875,331314,336281.25,342116.59375,347292.5625,351141.5625,355839.46875,348715.59375,348282.21875,349831.4375,98119.0390625,97087.5,95993.984375,93628.1171875,91933.390625,90782.421875,89771.4765625,0,0,0,0,0,0,0,0,0,0,0,0,0,0,0,0,0,0,0,0,0,0,0,0,0,0,0,0,0,0,0,0,0,0,0,0,0,0,0,0,0,0,0
0,0,0,0,0,0,3186,31863,231863,131863,13.523293495178223,50,58,1951,1943,0,1,2,3,4,5,6,7,8,9,10,11,12,13,14,15,16,17,18,19,20,21,22,23,24,25,26,27,28,29,30,31,32,33,34,35,36,37,38,39,40,41,42,43,44,45,46,47,48,49,50,51,52,53,54,55,56,57,58,59,60,61,62,63,64,65,66,67,68,69,70,71,72,73,74,75,76,77,78,79,80,81,82,83,84,85,86,87,88,89,90,91,92,93,94,95,96,97,98,99,100,101,102,103,104,105,106,107,108,109,110,111,112,113,114,115,116,117,118,119,120,121,122,123,124,125,126,127,128,129,130,131,132,133,134,135,136,137,138,139,140,141,142,143,144,145,146,147,148,149,150,151,2,1,1,,,2,2001,0,0,0,0,0,0,0,0,0,0,0,0,0,0,0,0,0,0,0,0,0,0,0,0,19293.521484375,21320,0,0,0,0,0,0,0,0,0,0,0,0,0,0,0,0,0,0,102407.796875,106210.46875,109554.453125,111780.0078125,114620.53125,118589.359375,0,0,0,0,0,0,0,0,0,0,0,0,0,0,0,0,0,0,0,0,0,0,0,0,0,0,0,0,0,0,0,0,0,0,0,0,0,0,0,0,0,0,0,0,0,0,0,0,0,0,0,0,0,0,0,0,0,0,0,0,0
0,0,0,0,0,0,3186,31864,131864,231864,13.223260879516602,58,50,1943,1951,8,9,10,11,12,13,14,15,16,17,18,19,20,21,22,23,24,25,26,27,28,29,30,31,32,33,34,35,36,37,38,39,40,41,42,43,44,45,46,47,48,49,50,51,52,53,54,55,56,57,58,59,60,61,62,63,64,65,66,67,68,69,70,71,72,73,74,75,76,77,78,79,80,81,82,83,84,85,86,87,88,89,90,91,92,93,94,95,96,97,98,99,100,101,102,103,104,105,106,107,108,109,110,111,112,113,114,115,116,117,118,119,120,121,122,123,124,125,126,127,128,129,130,131,132,133,134,135,136,137,138,139,140,141,142,143,144,145,146,147,148,149,150,151,152,153,154,155,156,157,158,159,1,2,1,2011,9999,1,2001,0,0,0,0,0,0,0,0,0,0,0,0,0,0,0,0,0,0,0,24258.294921875,26368.44140625,28387.46875,31096.169921875,35632.0703125,40000,0,0,0,0,0,0,0,349094.78125,424355.65625,513603.25,612777.625,642455.6875,677859.375,717251.9375,757918.1875,791628.375,820127.0625,846893.9375,869724.125,891945.375,913600.625,930686.375,937824.75,949738.875,970446.875,985000,991449.75,1004136,1019190.5,1036876.125,1052563.25,1064228.75,1078467,1056876.25,1055562.625,1060258,297376.0625,294249.71875,290935.53125,283765.125,278628.8125,275140.46875,272076.53125,0,0,0,0,0,0,0,0,0,0,0,0,0,0,0,0,0,0,0,0,0,0,0,0,0,0,0,0,0,0,0,0,0,0,0,0,0,0,0,0,0,0,0
0,0,0,0,0,0,3186,31864,231864,131864,13.223260879516602,50,58,1951,1943,0,1,2,3,4,5,6,7,8,9,10,11,12,13,14,15,16,17,18,19,20,21,22,23,24,25,26,27,28,29,30,31,32,33,34,35,36,37,38,39,40,41,42,43,44,45,46,47,48,49,50,51,52,53,54,55,56,57,58,59,60,61,62,63,64,65,66,67,68,69,70,71,72,73,74,75,76,77,78,79,80,81,82,83,84,85,86,87,88,89,90,91,92,93,94,95,96,97,98,99,100,101,102,103,104,105,106,107,108,109,110,111,112,113,114,115,116,117,118,119,120,121,122,123,124,125,126,127,128,129,130,131,132,133,134,135,136,137,138,139,140,141,142,143,144,145,146,147,148,149,150,151,2,1,1,,,2,2001,0,0,0,0,0,0,0,0,0,0,0,0,0,0,0,0,0,0,0,0,0,0,0,0,23528.6875,26000,0,0,0,0,0,0,0,0,0,0,0,0,0,0,0,0,0,0,124887.5703125,129524.9765625,133603.015625,136317.09375,139781.15625,144621.1875,0,0,0,0,0,0,0,0,0,0,0,0,0,0,0,0,0,0,0,0,0,0,0,0,0,0,0,0,0,0,0,0,0,0,0,0,0,0,0,0,0,0,0,0,0,0,0,0,0,0,0,0,0,0,0,0,0,0,0,0,0
0,0,0,0,0,0,3186,31865,131865,231865,12.733331680297852,58,50,1943,1951,8,9,10,11,12,13,14,15,16,17,18,19,20,21,22,23,24,25,26,27,28,29,30,31,32,33,34,35,36,37,38,39,40,41,42,43,44,45,46,47,48,49,50,51,52,53,54,55,56,57,58,59,60,61,62,63,64,65,66,67,68,69,70,71,72,73,74,75,76,77,78,79,80,81,82,83,84,85,86,87,88,89,90,91,92,93,94,95,96,97,98,99,100,101,102,103,104,105,106,107,108,109,110,111,112,113,114,115,116,117,118,119,120,121,122,123,124,125,126,127,128,129,130,131,132,133,134,135,136,137,138,139,140,141,142,143,144,145,146,147,148,149,150,151,152,153,154,155,156,157,158,159,1,2,1,2011,9999,1,2001,0,0,0,0,0,0,0,0,0,0,0,0,0,0,0,0,0,0,0,23045.37890625,25050.017578125,26968.09375,29541.359375,33850.46484375,38000,0,0,0,0,0,0,0,232731.390625,270654.46875,313390.6875,357713.0625,375037.84375,395705,418700.625,442439.8125,462118.40625,478754.6875,494380.03125,507707.3125,520679.125,533320.5,543294.4375,547461.5,554416.4375,566504.875,575000,578765.5,586171.125,594959.3125,605283.4375,614440.875,621250.6875,629562.3125,616958.5625,616191.8125,618932.75,173595.28125,171770.25,169835.578125,165649.8125,162651.4375,160615.109375,158826.515625,0,0,0,0,0,0,0,0,0,0,0,0,0,0,0,0,0,0,0,0,0,0,0,0,0,0,0,0,0,0,0,0,0,0,0,0,0,0,0,0,0,0,0
0,0,0,0,0,0,3186,31865,231865,131865,12.733331680297852,50,58,1951,1943,0,1,2,3,4,5,6,7,8,9,10,11,12,13,14,15,16,17,18,19,20,21,22,23,24,25,26,27,28,29,30,31,32,33,34,35,36,37,38,39,40,41,42,43,44,45,46,47,48,49,50,51,52,53,54,55,56,57,58,59,60,61,62,63,64,65,66,67,68,69,70,71,72,73,74,75,76,77,78,79,80,81,82,83,84,85,86,87,88,89,90,91,92,93,94,95,96,97,98,99,100,101,102,103,104,105,106,107,108,109,110,111,112,113,114,115,116,117,118,119,120,121,122,123,124,125,126,127,128,129,130,131,132,133,134,135,136,137,138,139,140,141,142,143,144,145,146,147,148,149,150,151,2,1,1,,,2,2001,0,0,0,0,0,0,0,0,0,0,0,0,0,0,0,0,0,0,0,0,0,0,0,0,20234.67578125,22360,0,0,0,0,0,0,0,0,0,0,0,0,0,0,0,0,0,0,107403.3359375,111391.5078125,114898.6171875,117232.7265625,120211.8203125,124374.25,0,0,0,0,0,0,0,0,0,0,0,0,0,0,0,0,0,0,0,0,0,0,0,0,0,0,0,0,0,0,0,0,0,0,0,0,0,0,0,0,0,0,0,0,0,0,0,0,0,0,0,0,0,0,0,0,0,0,0,0,0
0,0,0,0,0,0,3247,32471,132471,232471,31.95317268371582,64,65,1937,1936,14,15,16,17,18,19,20,21,22,23,24,25,26,27,28,29,30,31,32,33,34,35,36,37,38,39,40,41,42,43,44,45,46,47,48,49,50,51,52,53,54,55,56,57,58,59,60,61,62,63,64,65,66,67,68,69,70,71,72,73,74,75,76,77,78,79,80,81,82,83,84,85,86,87,88,89,90,91,92,93,94,95,96,97,98,99,100,101,102,103,104,105,106,107,108,109,110,111,112,113,114,115,116,117,118,119,120,121,122,123,124,125,126,127,128,129,130,131,132,133,134,135,136,137,138,139,140,141,142,143,144,145,146,147,148,149,150,151,152,153,154,155,156,157,158,159,160,161,162,163,164,165,1,2,1,9999,9999,1,2001,0,0,0,0,0,0,0,0,0,0,0,0,0,0,0,0,50248.68359375,54189.375,58681,63549.12890625,68434.0078125,72988.1484375,79208.3125,89917.265625,100000,0,0,0,0,0,21178.509765625,22699.61328125,23992.576171875,25204.166015625,26362.03125,27180.861328125,28231.9765625,29510.453125,30934.71875,32384.33203125,33509.82421875,34393.0078125,35184.890625,35797.01953125,36369.83984375,36906.09765625,37246.30859375,37182.56640625,37304.3984375,37762.9375,0,37865.2734375,37992.78125,38203.37109375,38504.52734375,38723.171875,38787.86328125,38940.890625,37806.0546875,37407.56640625,37224.1796875,36743.79296875,0,0,0,0,0,0,0,0,0,0,0,0,0,0,0,0,0,0,0,0,0,0,0,0,0,0,0,0,0,0,0,0,0,0,0,0,0,0,0,0,0,0,0,0,0,0,0,0,0
0,0,0,0,0,0,3247,32471,232471,132471,31.95317268371582,65,64,1936,1937,15,16,17,18,19,20,21,22,23,24,25,26,27,28,29,30,31,32,33,34,35,36,37,38,39,40,41,42,43,44,45,46,47,48,49,50,51,52,53,54,55,56,57,58,59,60,61,62,63,64,65,66,67,68,69,70,71,72,73,74,75,76,77,78,79,80,81,82,83,84,85,86,87,88,89,90,91,92,93,94,95,96,97,98,99,100,101,102,103,104,105,106,107,108,109,110,111,112,113,114,115,116,117,118,119,120,121,122,123,124,125,126,127,128,129,130,131,132,133,134,135,136,137,138,139,140,141,142,143,144,145,146,147,148,149,150,151,152,153,154,155,156,157,158,159,160,161,162,163,164,165,166,2,1,1,,,2,2001,0,0,0,0,0,0,0,0,0,0,0,0,0,0,0,0,0,0,0,0,0,0,0,0,0,0,0,0,0,0,0,0,0,0,0,0,0,0,0,0,0,0,0,0,0,0,0,0,0,0,0,0,0,0,0,0,0,0,0,0,0,0,0,0,0,0,0,0,0,0,0,0,0,0,0,0,0,0,0,0,0,0,0,0,0,0,0,0,0,0,0,0,0,0,0,0,0,0,0,0,0,0,0,0,0,0,0,0,0,0,0
0,0,0,0,0,0,3247,32472,132472,232472,33.736488342285156,64,65,1937,1936,14,15,16,17,18,19,20,21,22,23,24,25,26,27,28,29,30,31,32,33,34,35,36,37,38,39,40,41,42,43,44,45,46,47,48,49,50,51,52,53,54,55,56,57,58,59,60,61,62,63,64,65,66,67,68,69,70,71,72,73,74,75,76,77,78,79,80,81,82,83,84,85,86,87,88,89,90,91,92,93,94,95,96,97,98,99,100,101,102,103,104,105,106,107,108,109,110,111,112,113,114,115,116,117,118,119,120,121,122,123,124,125,126,127,128,129,130,131,132,133,134,135,136,137,138,139,140,141,142,143,144,145,146,147,148,149,150,151,152,153,154,155,156,157,158,159,160,161,162,163,164,165,1,2,1,9999,9999,1,2001,0,0,0,0,0,0,0,0,0,0,0,0,0,0,0,0,50248.68359375,54189.375,58681,63549.12890625,68434.0078125,72988.1484375,79208.3125,89917.265625,100000,0,0,0,0,0,21178.509765625,22699.61328125,23992.576171875,25204.166015625,26362.03125,27180.861328125,28231.9765625,29510.453125,30934.71875,32384.33203125,33509.82421875,34393.0078125,35184.890625,35797.01953125,36369.83984375,36906.09765625,37246.30859375,37182.56640625,37304.3984375,37762.9375,0,37865.2734375,37992.78125,38203.37109375,38504.52734375,38723.171875,38787.86328125,38940.890625,37806.0546875,37407.56640625,37224.1796875,36743.79296875,0,0,0,0,0,0,0,0,0,0,0,0,0,0,0,0,0,0,0,0,0,0,0,0,0,0,0,0,0,0,0,0,0,0,0,0,0,0,0,0,0,0,0,0,0,0,0,0,0
0,0,0,0,0,0,3247,32472,232472,132472,33.736488342285156,65,64,1936,1937,15,16,17,18,19,20,21,22,23,24,25,26,27,28,29,30,31,32,33,34,35,36,37,38,39,40,41,42,43,44,45,46,47,48,49,50,51,52,53,54,55,56,57,58,59,60,61,62,63,64,65,66,67,68,69,70,71,72,73,74,75,76,77,78,79,80,81,82,83,84,85,86,87,88,89,90,91,92,93,94,95,96,97,98,99,100,101,102,103,104,105,106,107,108,109,110,111,112,113,114,115,116,117,118,119,120,121,122,123,124,125,126,127,128,129,130,131,132,133,134,135,136,137,138,139,140,141,142,143,144,145,146,147,148,149,150,151,152,153,154,155,156,157,158,159,160,161,162,163,164,165,166,2,1,1,,,2,2001,0,0,0,0,0,0,0,0,0,0,0,0,0,0,0,0,0,0,0,0,0,0,0,0,0,0,0,0,0,0,0,0,0,0,0,0,0,0,0,0,0,0,0,0,0,0,0,0,0,0,0,0,0,0,0,0,0,0,0,0,0,0,0,0,0,0,0,0,0,0,0,0,0,0,0,0,0,0,0,0,0,0,0,0,0,0,0,0,0,0,0,0,0,0,0,0,0,0,0,0,0,0,0,0,0,0,0,0,0,0,0
0,0,0,0,0,0,3247,32473,132473,232473,34.186973571777344,64,65,1937,1936,14,15,16,17,18,19,20,21,22,23,24,25,26,27,28,29,30,31,32,33,34,35,36,37,38,39,40,41,42,43,44,45,46,47,48,49,50,51,52,53,54,55,56,57,58,59,60,61,62,63,64,65,66,67,68,69,70,71,72,73,74,75,76,77,78,79,80,81,82,83,84,85,86,87,88,89,90,91,92,93,94,95,96,97,98,99,100,101,102,103,104,105,106,107,108,109,110,111,112,113,114,115,116,117,118,119,120,121,122,123,124,125,126,127,128,129,130,131,132,133,134,135,136,137,138,139,140,141,142,143,144,145,146,147,148,149,150,151,152,153,154,155,156,157,158,159,160,161,162,163,164,165,1,2,1,9999,9999,1,2001,0,0,0,0,0,0,0,0,0,0,0,0,0,0,0,0,50248.68359375,54189.375,58681,63549.12890625,68434.0078125,72988.1484375,79208.3125,89917.265625,100000,0,0,0,0,0,21178.509765625,22699.61328125,23992.576171875,25204.166015625,26362.03125,27180.861328125,28231.9765625,29510.453125,30934.71875,32384.33203125,33509.82421875,34393.0078125,35184.890625,35797.01953125,36369.83984375,36906.09765625,37246.30859375,37182.56640625,37304.3984375,37762.9375,0,37865.2734375,37992.78125,38203.37109375,38504.52734375,38723.171875,38787.86328125,38940.890625,37806.0546875,37407.56640625,37224.1796875,36743.79296875,0,0,0,0,0,0,0,0,0,0,0,0,0,0,0,0,0,0,0,0,0,0,0,0,0,0,0,0,0,0,0,0,0,0,0,0,0,0,0,0,0,0,0,0,0,0,0,0,0
0,0,0,0,0,0,3247,32473,232473,132473,34.186973571777344,65,64,1936,1937,15,16,17,18,19,20,21,22,23,24,25,26,27,28,29,30,31,32,33,34,35,36,37,38,39,40,41,42,43,44,45,46,47,48,49,50,51,52,53,54,55,56,57,58,59,60,61,62,63,64,65,66,67,68,69,70,71,72,73,74,75,76,77,78,79,80,81,82,83,84,85,86,87,88,89,90,91,92,93,94,95,96,97,98,99,100,101,102,103,104,105,106,107,108,109,110,111,112,113,114,115,116,117,118,119,120,121,122,123,124,125,126,127,128,129,130,131,132,133,134,135,136,137,138,139,140,141,142,143,144,145,146,147,148,149,150,151,152,153,154,155,156,157,158,159,160,161,162,163,164,165,166,2,1,1,,,2,2001,0,0,0,0,0,0,0,0,0,0,0,0,0,0,0,0,0,0,0,0,0,0,0,0,0,0,0,0,0,0,0,0,0,0,0,0,0,0,0,0,0,0,0,0,0,0,0,0,0,0,0,0,0,0,0,0,0,0,0,0,0,0,0,0,0,0,0,0,0,0,0,0,0,0,0,0,0,0,0,0,0,0,0,0,0,0,0,0,0,0,0,0,0,0,0,0,0,0,0,0,0,0,0,0,0,0,0,0,0,0,0
0,0,0,0,0,0,3247,32474,132474,232474,33.7059326171875,64,65,1937,1936,14,15,16,17,18,19,20,21,22,23,24,25,26,27,28,29,30,31,32,33,34,35,36,37,38,39,40,41,42,43,44,45,46,47,48,49,50,51,52,53,54,55,56,57,58,59,60,61,62,63,64,65,66,67,68,69,70,71,72,73,74,75,76,77,78,79,80,81,82,83,84,85,86,87,88,89,90,91,92,93,94,95,96,97,98,99,100,101,102,103,104,105,106,107,108,109,110,111,112,113,114,115,116,117,118,119,120,121,122,123,124,125,126,127,128,129,130,131,132,133,134,135,136,137,138,139,140,141,142,143,144,145,146,147,148,149,150,151,152,153,154,155,156,157,158,159,160,161,162,163,164,165,1,2,1,9999,9999,1,2001,0,0,0,0,0,0,0,0,0,0,0,0,0,0,0,0,50248.68359375,54189.375,58681,63549.12890625,68434.0078125,72988.1484375,79208.3125,89917.265625,100000,0,0,0,0,0,21178.509765625,22699.61328125,23992.576171875,25204.166015625,26362.03125,27180.861328125,28231.9765625,29510.453125,30934.71875,32384.33203125,33509.82421875,34393.0078125,35184.890625,35797.01953125,36369.83984375,36906.09765625,37246.30859375,37182.56640625,37304.3984375,37762.9375,0,37865.2734375,37992.78125,38203.37109375,38504.52734375,38723.171875,38787.86328125,38940.890625,37806.0546875,37407.56640625,37224.1796875,36743.79296875,0,0,0,0,0,0,0,0,0,0,0,0,0,0,0,0,0,0,0,0,0,0,0,0,0,0,0,0,0,0,0,0,0,0,0,0,0,0,0,0,0,0,0,0,0,0,0,0,0
0,0,0,0,0,0,3247,32474,232474,132474,33.7059326171875,65,64,1936,1937,15,16,17,18,19,20,21,22,23,24,25,26,27,28,29,30,31,32,33,34,35,36,37,38,39,40,41,42,43,44,45,46,47,48,49,50,51,52,53,54,55,56,57,58,59,60,61,62,63,64,65,66,67,68,69,70,71,72,73,74,75,76,77,78,79,80,81,82,83,84,85,86,87,88,89,90,91,92,93,94,95,96,97,98,99,100,101,102,103,104,105,106,107,108,109,110,111,112,113,114,115,116,117,118,119,120,121,122,123,124,125,126,127,128,129,130,131,132,133,134,135,136,137,138,139,140,141,142,143,144,145,146,147,148,149,150,151,152,153,154,155,156,157,158,159,160,161,162,163,164,165,166,2,1,1,,,2,2001,0,0,0,0,0,0,0,0,0,0,0,0,0,0,0,0,0,0,0,0,0,0,0,0,0,0,0,0,0,0,0,0,0,0,0,0,0,0,0,0,0,0,0,0,0,0,0,0,0,0,0,0,0,0,0,0,0,0,0,0,0,0,0,0,0,0,0,0,0,0,0,0,0,0,0,0,0,0,0,0,0,0,0,0,0,0,0,0,0,0,0,0,0,0,0,0,0,0,0,0,0,0,0,0,0,0,0,0,0,0,0
0,0,0,0,0,0,3247,32475,132475,232475,34.671363830566406,64,65,1937,1936,14,15,16,17,18,19,20,21,22,23,24,25,26,27,28,29,30,31,32,33,34,35,36,37,38,39,40,41,42,43,44,45,46,47,48,49,50,51,52,53,54,55,56,57,58,59,60,61,62,63,64,65,66,67,68,69,70,71,72,73,74,75,76,77,78,79,80,81,82,83,84,85,86,87,88,89,90,91,92,93,94,95,96,97,98,99,100,101,102,103,104,105,106,107,108,109,110,111,112,113,114,115,116,117,118,119,120,121,122,123,124,125,126,127,128,129,130,131,132,133,134,135,136,137,138,139,140,141,142,143,144,145,146,147,148,149,150,151,152,153,154,155,156,157,158,159,160,161,162,163,164,165,1,2,1,9999,9999,1,2001,0,0,0,0,0,0,0,0,0,0,0,0,0,0,0,0,50248.68359375,54189.375,58681,63549.12890625,68434.0078125,72988.1484375,79208.3125,89917.265625,100000,0,0,0,0,0,21178.509765625,22699.61328125,23992.576171875,25204.166015625,26362.03125,27180.861328125,28231.9765625,29510.453125,30934.71875,32384.33203125,33509.82421875,34393.0078125,35184.890625,35797.01953125,36369.83984375,36906.09765625,37246.30859375,37182.56640625,37304.3984375,37762.9375,0,37865.2734375,37992.78125,38203.37109375,38504.52734375,38723.171875,38787.86328125,38940.890625,37806.0546875,37407.56640625,37224.1796875,36743.79296875,0,0,0,0,0,0,0,0,0,0,0,0,0,0,0,0,0,0,0,0,0,0,0,0,0,0,0,0,0,0,0,0,0,0,0,0,0,0,0,0,0,0,0,0,0,0,0,0,0
0,0,0,0,0,0,3247,32475,232475,132475,34.671363830566406,65,64,1936,1937,15,16,17,18,19,20,21,22,23,24,25,26,27,28,29,30,31,32,33,34,35,36,37,38,39,40,41,42,43,44,45,46,47,48,49,50,51,52,53,54,55,56,57,58,59,60,61,62,63,64,65,66,67,68,69,70,71,72,73,74,75,76,77,78,79,80,81,82,83,84,85,86,87,88,89,90,91,92,93,94,95,96,97,98,99,100,101,102,103,104,105,106,107,108,109,110,111,112,113,114,115,116,117,118,119,120,121,122,123,124,125,126,127,128,129,130,131,132,133,134,135,136,137,138,139,140,141,142,143,144,145,146,147,148,149,150,151,152,153,154,155,156,157,158,159,160,161,162,163,164,165,166,2,1,1,,,2,2001,0,0,0,0,0,0,0,0,0,0,0,0,0,0,0,0,0,0,0,0,0,0,0,0,0,0,0,0,0,0,0,0,0,0,0,0,0,0,0,0,0,0,0,0,0,0,0,0,0,0,0,0,0,0,0,0,0,0,0,0,0,0,0,0,0,0,0,0,0,0,0,0,0,0,0,0,0,0,0,0,0,0,0,0,0,0,0,0,0,0,0,0,0,0,0,0,0,0,0,0,0,0,0,0,0,0,0,0,0,0,0
1,4,1,4,1200,1200,3344,33441,133441,233441,9339.5302734375,74,73,1927,1928,24,25,26,27,28,29,30,31,32,33,34,35,36,37,38,39,40,41,42,43,44,45,46,47,48,49,50,51,52,53,54,55,56,57,58,59,60,61,62,63,64,65,66,67,68,69,70,71,72,73,74,75,76,77,78,79,80,81,82,83,84,85,86,87,88,89,90,91,92,93,94,95,96,97,98,99,100,101,102,103,104,105,106,107,108,109,110,111,112,113,114,115,116,117,118,119,120,121,122,123,124,125,126,127,128,129,130,131,132,133,134,135,136,137,138,139,140,141,142,143,144,145,146,147,148,149,150,151,152,153,154,155,156,157,158,159,160,161,162,163,164,165,166,167,168,169,170,171,172,173,174,175,1,2,1,,,1,2001,0,0,0,16189.9345703125,16946.689453125,17994.37890625,19272.421875,20474.638671875,21532.091796875,22642.634765625,23631.7109375,24658.69921875,25696.373046875,26802.537109375,27910.875,29330.798828125,30769.94140625,32669.794921875,34830.53125,37136.59375,39372.66015625,41343.32421875,44172.71875,49369.27734375,54056.01953125,57540.28515625,61745.49609375,66434.984375,72655.625,80707.953125,88050.53125,92914.8984375,96688.3359375,100000,102976.15625,104532.390625,106895.4609375,110008.078125,113533.6875,117015.6171875,119209.6328125,120459.1015625,121326.59375,121528.0546875,121563.1015625,121447.4453125,120671.2578125,118601.5078125,117149.71875,116755.4765625,0,0,0,0,0,0,0,0,0,0,0,0,0,0,0,0,0,0,0,0,0,0,0,0,0,0,0,0,0,0,0,0,0,0,0,0,0,0,0,0,0,0,0,0,0,0,0,0,0,0,0,0,0,0,0,0,0,0,0,0,0
1,4,1,4,1200,1200,3344,33441,233441,133441,9339.5302734375,73,74,1928,1927,23,24,25,26,27,28,29,30,31,32,33,34,35,36,37,38,39,40,41,42,43,44,45,46,47,48,49,50,51,52,53,54,55,56,57,58,59,60,61,62,63,64,65,66,67,68,69,70,71,72,73,74,75,76,77,78,79,80,81,82,83,84,85,86,87,88,89,90,91,92,93,94,95,96,97,98,99,100,101,102,103,104,105,106,107,108,109,110,111,112,113,114,115,116,117,118,119,120,121,122,123,124,125,126,127,128,129,130,131,132,133,134,135,136,137,138,139,140,141,142,143,144,145,146,147,148,149,150,151,152,153,154,155,156,157,158,159,160,161,162,163,164,165,166,167,168,169,170,171,172,173,174,2,1,1,2003,2003,2,2001,0,0,0,0,0,0,0,0,0,0,0,0,0,0,0,16165.3212890625,16984.93359375,18061.7890625,19286.40234375,20595.40625,21869.568359375,23000,0,0,0,0,0,0,0,0,29535.3984375,31215.66015625,32534.07421875,33700.890625,34758.015625,35338.359375,36193.61328125,37305.5625,38561.2734375,39805.875,40615.46875,41105.21484375,41465.80078125,41599.46875,41676.359375,41701.68359375,41499.77734375,40851.625,40414.4921875,40341.33984375,40000,39331.47265625,38914.125,0,0,0,0,0,0,0,0,0,0,0,0,0,0,0,0,0,0,0,0,0,0,0,0,0,0,0,0,0,0,0,0,0,0,0,0,0,0,0,0,0,0,0,0,0,0,0,0,0,0,0,0,0,0,0,0,0,0
1,4,1,4,1200,1300,3344,33442,133442,233442,10358.390625,74,73,1927,1928,24,25,26,27,28,29,30,31,32,33,34,35,36,37,38,39,40,41,42,43,44,45,46,47,48,49,50,51,52,53,54,55,56,57,58,59,60,61,62,63,64,65,66,67,68,69,70,71,72,73,74,75,76,77,78,79,80,81,82,83,84,85,86,87,88,89,90,91,92,93,94,95,96,97,98,99,100,101,102,103,104,105,106,107,108,109,110,111,112,113,114,115,116,117,118,119,120,121,122,123,124,125,126,127,128,129,130,131,132,133,134,135,136,137,138,139,140,141,142,143,144,145,146,147,148,149,150,151,152,153,154,155,156,157,158,159,160,161,162,163,164,165,166,167,168,169,170,171,172,173,174,175,1,2,1,,,1,2001,0,0,0,16189.9345703125,16946.689453125,17994.37890625,19272.421875,20474.638671875,21532.091796875,22642.634765625,23631.7109375,24658.69921875,25696.373046875,26802.537109375,27910.875,29330.798828125,30769.94140625,32669.794921875,34830.53125,37136.59375,39372.66015625,41343.32421875,44172.71875,49369.27734375,54056.01953125,57540.28515625,61745.49609375,66434.984375,72655.625,80707.953125,88050.53125,92914.8984375,96688.3359375,100000,102976.15625,104532.390625,106895.4609375,110008.078125,113533.6875,117015.6171875,119209.6328125,120459.1015625,121326.59375,121528.0546875,121563.1015625,121447.4453125,120671.2578125,118601.5078125,117149.71875,116755.4765625,0,0,0,0,0,0,0,0,0,0,0,0,0,0,0,0,0,0,0,0,0,0,0,0,0,0,0,0,0,0,0,0,0,0,0,0,0,0,0,0,0,0,0,0,0,0,0,0,0,0,0,0,0,0,0,0,0,0,0,0,0
1,4,1,4,1200,1300,3344,33442,233442,133442,10358.390625,73,74,1928,1927,23,24,25,26,27,28,29,30,31,32,33,34,35,36,37,38,39,40,41,42,43,44,45,46,47,48,49,50,51,52,53,54,55,56,57,58,59,60,61,62,63,64,65,66,67,68,69,70,71,72,73,74,75,76,77,78,79,80,81,82,83,84,85,86,87,88,89,90,91,92,93,94,95,96,97,98,99,100,101,102,103,104,105,106,107,108,109,110,111,112,113,114,115,116,117,118,119,120,121,122,123,124,125,126,127,128,129,130,131,132,133,134,135,136,137,138,139,140,141,142,143,144,145,146,147,148,149,150,151,152,153,154,155,156,157,158,159,160,161,162,163,164,165,166,167,168,169,170,171,172,173,174,2,1,1,2003,2003,2,2001,0,0,0,0,0,0,0,0,0,0,0,0,0,0,0,16165.3212890625,16984.93359375,18061.7890625,19286.40234375,20595.40625,21869.568359375,23000,0,0,0,0,0,0,0,0,29535.3984375,31215.66015625,32534.07421875,33700.890625,34758.015625,35338.359375,36193.61328125,37305.5625,38561.2734375,39805.875,40615.46875,41105.21484375,41465.80078125,41599.46875,41676.359375,41701.68359375,41499.77734375,40851.625,40414.4921875,40341.33984375,40000,39331.47265625,38914.125,0,0,0,0,0,0,0,0,0,0,0,0,0,0,0,0,0,0,0,0,0,0,0,0,0,0,0,0,0,0,0,0,0,0,0,0,0,0,0,0,0,0,0,0,0,0,0,0,0,0,0,0,0,0,0,0,0,0
1,4,1,4,1100,1200,3344,33443,133443,233443,10413.0634765625,74,73,1927,1928,24,25,26,27,28,29,30,31,32,33,34,35,36,37,38,39,40,41,42,43,44,45,46,47,48,49,50,51,52,53,54,55,56,57,58,59,60,61,62,63,64,65,66,67,68,69,70,71,72,73,74,75,76,77,78,79,80,81,82,83,84,85,86,87,88,89,90,91,92,93,94,95,96,97,98,99,100,101,102,103,104,105,106,107,108,109,110,111,112,113,114,115,116,117,118,119,120,121,122,123,124,125,126,127,128,129,130,131,132,133,134,135,136,137,138,139,140,141,142,143,144,145,146,147,148,149,150,151,152,153,154,155,156,157,158,159,160,161,162,163,164,165,166,167,168,169,170,171,172,173,174,175,1,2,1,,,1,2001,0,0,0,16189.9345703125,16946.689453125,17994.37890625,19272.421875,20474.638671875,21532.091796875,22642.634765625,23631.7109375,24658.69921875,25696.373046875,26802.537109375,27910.875,29330.798828125,30769.94140625,32669.794921875,34830.53125,37136.59375,39372.66015625,41343.32421875,44172.71875,49369.27734375,54056.01953125,57540.28515625,61745.49609375,66434.984375,72655.625,80707.953125,88050.53125,92914.8984375,96688.3359375,100000,102976.15625,104532.390625,106895.4609375,110008.078125,113533.6875,117015.6171875,119209.6328125,120459.1015625,121326.59375,121528.0546875,121563.1015625,121447.4453125,120671.2578125,118601.5078125,117149.71875,116755.4765625,0,0,0,0,0,0,0,0,0,0,0,0,0,0,0,0,0,0,0,0,0,0,0,0,0,0,0,0,0,0,0,0,0,0,0,0,0,0,0,0,0,0,0,0,0,0,0,0,0,0,0,0,0,0,0,0,0,0,0,0,0
1,4,1,4,1100,1200,3344,33443,233443,133443,10413.0634765625,73,74,1928,1927,23,24,25,26,27,28,29,30,31,32,33,34,35,36,37,38,39,40,41,42,43,44,45,46,47,48,49,50,51,52,53,54,55,56,57,58,59,60,61,62,63,64,65,66,67,68,69,70,71,72,73,74,75,76,77,78,79,80,81,82,83,84,85,86,87,88,89,90,91,92,93,94,95,96,97,98,99,100,101,102,103,104,105,106,107,108,109,110,111,112,113,114,115,116,117,118,119,120,121,122,123,124,125,126,127,128,129,130,131,132,133,134,135,136,137,138,139,140,141,142,143,144,145,146,147,148,149,150,151,152,153,154,155,156,157,158,159,160,161,162,163,164,165,166,167,168,169,170,171,172,173,174,2,1,1,2003,2003,2,2001,0,0,0,0,0,0,0,0,0,0,0,0,0,0,0,15462.4814453125,16246.458984375,17276.494140625,18447.86328125,19699.955078125,20918.71875,22000,0,0,0,0,0,0,0,0,29535.3984375,31215.66015625,32534.07421875,33700.890625,34758.015625,35338.359375,36193.61328125,37305.5625,38561.2734375,39805.875,40615.46875,41105.21484375,41465.80078125,41599.46875,41676.359375,41701.68359375,41499.77734375,40851.625,40414.4921875,40341.33984375,40000,39331.47265625,38914.125,0,0,0,0,0,0,0,0,0,0,0,0,0,0,0,0,0,0,0,0,0,0,0,0,0,0,0,0,0,0,0,0,0,0,0,0,0,0,0,0,0,0,0,0,0,0,0,0,0,0,0,0,0,0,0,0,0,0
1,4,1,4,1100,1200,3344,33444,133444,233444,10083.7529296875,74,73,1927,1928,24,25,26,27,28,29,30,31,32,33,34,35,36,37,38,39,40,41,42,43,44,45,46,47,48,49,50,51,52,53,54,55,56,57,58,59,60,61,62,63,64,65,66,67,68,69,70,71,72,73,74,75,76,77,78,79,80,81,82,83,84,85,86,87,88,89,90,91,92,93,94,95,96,97,98,99,100,101,102,103,104,105,106,107,108,109,110,111,112,113,114,115,116,117,118,119,120,121,122,123,124,125,126,127,128,129,130,131,132,133,134,135,136,137,138,139,140,141,142,143,144,145,146,147,148,149,150,151,152,153,154,155,156,157,158,159,160,161,162,163,164,165,166,167,168,169,170,171,172,173,174,175,1,2,1,,,1,2001,0,0,0,16189.9345703125,16946.689453125,17994.37890625,19272.421875,20474.638671875,21532.091796875,22642.634765625,23631.7109375,24658.69921875,25696.373046875,26802.537109375,27910.875,29330.798828125,30769.94140625,32669.794921875,34830.53125,37136.59375,39372.66015625,41343.32421875,44172.71875,49369.27734375,54056.01953125,57540.28515625,61745.49609375,66434.984375,72655.625,80707.953125,88050.53125,92914.8984375,96688.3359375,100000,102976.15625,104532.390625,106895.4609375,110008.078125,113533.6875,117015.6171875,119209.6328125,120459.1015625,121326.59375,121528.0546875,121563.1015625,121447.4453125,120671.2578125,118601.5078125,117149.71875,116755.4765625,0,0,0,0,0,0,0,0,0,0,0,0,0,0,0,0,0,0,0,0,0,0,0,0,0,0,0,0,0,0,0,0,0,0,0,0,0,0,0,0,0,0,0,0,0,0,0,0,0,0,0,0,0,0,0,0,0,0,0,0,0
1,4,1,4,1100,1200,3344,33444,233444,133444,10083.7529296875,73,74,1928,1927,23,24,25,26,27,28,29,30,31,32,33,34,35,36,37,38,39,40,41,42,43,44,45,46,47,48,49,50,51,52,53,54,55,56,57,58,59,60,61,62,63,64,65,66,67,68,69,70,71,72,73,74,75,76,77,78,79,80,81,82,83,84,85,86,87,88,89,90,91,92,93,94,95,96,97,98,99,100,101,102,103,104,105,106,107,108,109,110,111,112,113,114,115,116,117,118,119,120,121,122,123,124,125,126,127,128,129,130,131,132,133,134,135,136,137,138,139,140,141,142,143,144,145,146,147,148,149,150,151,152,153,154,155,156,157,158,159,160,161,162,163,164,165,166,167,168,169,170,171,172,173,174,2,1,1,2003,2003,2,2001,0,0,0,0,0,0,0,0,0,0,0,0,0,0,0,15462.4814453125,16246.458984375,17276.494140625,18447.86328125,19699.955078125,20918.71875,22000,0,0,0,0,0,0,0,0,29535.3984375,31215.66015625,32534.07421875,33700.890625,34758.015625,35338.359375,36193.61328125,37305.5625,38561.2734375,39805.875,40615.46875,41105.21484375,41465.80078125,41599.46875,41676.359375,41701.68359375,41499.77734375,40851.625,40414.4921875,40341.33984375,40000,39331.47265625,38914.125,0,0,0,0,0,0,0,0,0,0,0,0,0,0,0,0,0,0,0,0,0,0,0,0,0,0,0,0,0,0,0,0,0,0,0,0,0,0,0,0,0,0,0,0,0,0,0,0,0,0,0,0,0,0,0,0,0,0
1,4,1,4,1200,1300,3344,33445,133445,233445,10121.8583984375,74,73,1927,1928,24,25,26,27,28,29,30,31,32,33,34,35,36,37,38,39,40,41,42,43,44,45,46,47,48,49,50,51,52,53,54,55,56,57,58,59,60,61,62,63,64,65,66,67,68,69,70,71,72,73,74,75,76,77,78,79,80,81,82,83,84,85,86,87,88,89,90,91,92,93,94,95,96,97,98,99,100,101,102,103,104,105,106,107,108,109,110,111,112,113,114,115,116,117,118,119,120,121,122,123,124,125,126,127,128,129,130,131,132,133,134,135,136,137,138,139,140,141,142,143,144,145,146,147,148,149,150,151,152,153,154,155,156,157,158,159,160,161,162,163,164,165,166,167,168,169,170,171,172,173,174,175,1,2,1,,,1,2001,0,0,0,16189.9345703125,16946.689453125,17994.37890625,19272.421875,20474.638671875,21532.091796875,22642.634765625,23631.7109375,24658.69921875,25696.373046875,26802.537109375,27910.875,29330.798828125,30769.94140625,32669.794921875,34830.53125,37136.59375,39372.66015625,41343.32421875,44172.71875,49369.27734375,54056.01953125,57540.28515625,61745.49609375,66434.984375,72655.625,80707.953125,88050.53125,92914.8984375,96688.3359375,100000,102976.15625,104532.390625,106895.4609375,110008.078125,113533.6875,117015.6171875,119209.6328125,120459.1015625,121326.59375,121528.0546875,121563.1015625,121447.4453125,120671.2578125,118601.5078125,117149.71875,116755.4765625,0,0,0,0,0,0,0,0,0,0,0,0,0,0,0,0,0,0,0,0,0,0,0,0,0,0,0,0,0,0,0,0,0,0,0,0,0,0,0,0,0,0,0,0,0,0,0,0,0,0,0,0,0,0,0,0,0,0,0,0,0
1,4,1,4,1200,1300,3344,33445,233445,133445,10121.8583984375,73,74,1928,1927,23,24,25,26,27,28,29,30,31,32,33,34,35,36,37,38,39,40,41,42,43,44,45,46,47,48,49,50,51,52,53,54,55,56,57,58,59,60,61,62,63,64,65,66,67,68,69,70,71,72,73,74,75,76,77,78,79,80,81,82,83,84,85,86,87,88,89,90,91,92,93,94,95,96,97,98,99,100,101,102,103,104,105,106,107,108,109,110,111,112,113,114,115,116,117,118,119,120,121,122,123,124,125,126,127,128,129,130,131,132,133,134,135,136,137,138,139,140,141,142,143,144,145,146,147,148,149,150,151,152,153,154,155,156,157,158,159,160,161,162,163,164,165,166,167,168,169,170,171,172,173,174,2,1,1,2003,2003,2,2001,0,0,0,0,0,0,0,0,0,0,0,0,0,0,0,15462.4814453125,16246.458984375,17276.494140625,18447.86328125,19699.955078125,20918.71875,22000,0,0,0,0,0,0,0,0,29535.3984375,31215.66015625,32534.07421875,33700.890625,34758.015625,35338.359375,36193.61328125,37305.5625,38561.2734375,39805.875,40615.46875,41105.21484375,41465.80078125,41599.46875,41676.359375,41701.68359375,41499.77734375,40851.625,40414.4921875,40341.33984375,40000,39331.47265625,38914.125,0,0,0,0,0,0,0,0,0,0,0,0,0,0,0,0,0,0,0,0,0,0,0,0,0,0,0,0,0,0,0,0,0,0,0,0,0,0,0,0,0,0,0,0,0,0,0,0,0,0,0,0,0,0,0,0,0,0
1,4,1,4,1600,800,3834,38341,138341,238341,9.610553741455078,68,68,1933,1933,18,19,20,21,22,23,24,25,26,27,28,29,30,31,32,33,34,35,36,37,38,39,40,41,42,43,44,45,46,47,48,49,50,51,52,53,54,55,56,57,58,59,60,61,62,63,64,65,66,67,68,69,70,71,72,73,74,75,76,77,78,79,80,81,82,83,84,85,86,87,88,89,90,91,92,93,94,95,96,97,98,99,100,101,102,103,104,105,106,107,108,109,110,111,112,113,114,115,116,117,118,119,120,121,122,123,124,125,126,127,128,129,130,131,132,133,134,135,136,137,138,139,140,141,142,143,144,145,146,147,148,149,150,151,152,153,154,155,156,157,158,159,160,161,162,163,164,165,166,167,168,169,1,2,1,,,1,2001,0,0,0,0,0,0,0,0,0,0,0,0,0,24737.826171875,26002.84765625,27582.47265625,29207.728515625,31302.4921875,33686.41796875,36254.22265625,38798.375,41123.078125,44350.2578125,50033.46875,55298.03515625,59415.51953125,64356.8828125,69895.296875,77158.296875,86515.015625,95272.8046875,101480.859375,106594.4765625,111281.3203125,115670.0546875,118521.5703125,122339.7421875,127085.0078125,132390.46875,137732.734375,141633.671875,144463.140625,146870.71875,148496.96875,149935.5625,151200.453125,151645.78125,150445.28125,150000,150900,0,0,0,0,0,0,0,0,0,0,0,0,0,0,0,0,0,0,0,0,0,0,0,0,0,0,0,0,0,0,0,0,0,0,0,0,0,0,0,0,0,0,0,0,0,0,0,0,0,0,0,0,0,0,0,0,0,0,0,0,0
1,4,1,4,1600,800,3834,38341,238341,138341,9.610553741455078,68,68,1933,1933,18,19,20,21,22,23,24,25,26,27,28,29,30,31,32,33,34,35,36,37,38,39,40,41,42,43,44,45,46,47,48,49,50,51,52,53,54,55,56,57,58,59,60,61,62,63,64,65,66,67,68,69,70,71,72,73,74,75,76,77,78,79,80,81,82,83,84,85,86,87,88,89,90,91,92,93,94,95,96,97,98,99,100,101,102,103,104,105,106,107,108,109,110,111,112,113,114,115,116,117,118,119,120,121,122,123,124,125,126,127,128,129,130,131,132,133,134,135,136,137,138,139,140,141,142,143,144,145,146,147,148,149,150,151,152,153,154,155,156,157,158,159,160,161,162,163,164,165,166,167,168,169,2,1,1,,,2,2001,0,2085.9560546875,2231.244873046875,2371.86669921875,2506.064697265625,3000,0,0,0,0,0,0,0,0,0,0,0,0,0,0,0,0,0,0,0,0,0,0,0,0,0,0,0,0,0,0,0,0,0,0,0,0,0,0,0,0,0,0,0,0,0,0,0,0,0,0,0,0,0,0,0,0,0,0,0,0,0,0,0,0,0,0,0,0,0,0,0,0,0,0,0,0,0,0,0,0,0,0,0,0,0,0,0,0,0,0,0,0,0,0,0,0,0,0,0,0,0,0,0,0,0
1,4,1,4,1600,800,3834,38342,138342,238342,9.373037338256836,68,68,1933,1933,18,19,20,21,22,23,24,25,26,27,28,29,30,31,32,33,34,35,36,37,38,39,40,41,42,43,44,45,46,47,48,49,50,51,52,53,54,55,56,57,58,59,60,61,62,63,64,65,66,67,68,69,70,71,72,73,74,75,76,77,78,79,80,81,82,83,84,85,86,87,88,89,90,91,92,93,94,95,96,97,98,99,100,101,102,103,104,105,106,107,108,109,110,111,112,113,114,115,116,117,118,119,120,121,122,123,124,125,126,127,128,129,130,131,132,133,134,135,136,137,138,139,140,141,142,143,144,145,146,147,148,149,150,151,152,153,154,155,156,157,158,159,160,161,162,163,164,165,166,167,168,169,1,2,1,,,1,2001,0,0,0,0,0,0,0,0,0,0,0,0,0,24737.826171875,26002.84765625,27582.47265625,29207.728515625,31302.4921875,33686.41796875,36254.22265625,38798.375,41123.078125,44350.2578125,50033.46875,55298.03515625,59415.51953125,64356.8828125,69895.296875,77158.296875,86515.015625,95272.8046875,101480.859375,106594.4765625,111281.3203125,115670.0546875,118521.5703125,122339.7421875,127085.0078125,132390.46875,137732.734375,141633.671875,144463.140625,146870.71875,148496.96875,149935.5625,151200.453125,151645.78125,150445.28125,150000,150900,0,0,0,0,0,0,0,0,0,0,0,0,0,0,0,0,0,0,0,0,0,0,0,0,0,0,0,0,0,0,0,0,0,0,0,0,0,0,0,0,0,0,0,0,0,0,0,0,0,0,0,0,0,0,0,0,0,0,0,0,0
1,4,1,4,1600,800,3834,38342,238342,138342,9.373037338256836,68,68,1933,1933,18,19,20,21,22,23,24,25,26,27,28,29,30,31,32,33,34,35,36,37,38,39,40,41,42,43,44,45,46,47,48,49,50,51,52,53,54,55,56,57,58,59,60,61,62,63,64,65,66,67,68,69,70,71,72,73,74,75,76,77,78,79,80,81,82,83,84,85,86,87,88,89,90,91,92,93,94,95,96,97,98,99,100,101,102,103,104,105,106,107,108,109,110,111,112,113,114,115,116,117,118,119,120,121,122,123,124,125,126,127,128,129,130,131,132,133,134,135,136,137,138,139,140,141,142,143,144,145,146,147,148,149,150,151,152,153,154,155,156,157,158,159,160,161,162,163,164,165,166,167,168,169,2,1,1,,,2,2001,0,5562.54931640625,5949.986328125,6324.97802734375,6682.83935546875,8000,0,0,0,0,0,0,0,0,0,0,0,0,0,0,0,0,0,0,0,0,0,0,0,0,0,0,0,0,0,0,0,0,0,0,0,0,0,0,0,0,0,0,0,0,0,0,0,0,0,0,0,0,0,0,0,0,0,0,0,0,0,0,0,0,0,0,0,0,0,0,0,0,0,0,0,0,0,0,0,0,0,0,0,0,0,0,0,0,0,0,0,0,0,0,0,0,0,0,0,0,0,0,0,0,0
1,4,1,4,1600,800,3834,38343,138343,238343,9.725452423095703,68,68,1933,1933,18,19,20,21,22,23,24,25,26,27,28,29,30,31,32,33,34,35,36,37,38,39,40,41,42,43,44,45,46,47,48,49,50,51,52,53,54,55,56,57,58,59,60,61,62,63,64,65,66,67,68,69,70,71,72,73,74,75,76,77,78,79,80,81,82,83,84,85,86,87,88,89,90,91,92,93,94,95,96,97,98,99,100,101,102,103,104,105,106,107,108,109,110,111,112,113,114,115,116,117,118,119,120,121,122,123,124,125,126,127,128,129,130,131,132,133,134,135,136,137,138,139,140,141,142,143,144,145,146,147,148,149,150,151,152,153,154,155,156,157,158,159,160,161,162,163,164,165,166,167,168,169,1,2,1,,,1,2001,0,0,0,0,0,0,0,0,0,0,0,0,0,24737.826171875,26002.84765625,27582.47265625,29207.728515625,31302.4921875,33686.41796875,36254.22265625,38798.375,41123.078125,44350.2578125,50033.46875,55298.03515625,59415.51953125,64356.8828125,69895.296875,77158.296875,86515.015625,95272.8046875,101480.859375,106594.4765625,111281.3203125,115670.0546875,118521.5703125,122339.7421875,127085.0078125,132390.46875,137732.734375,141633.671875,144463.140625,146870.71875,148496.96875,149935.5625,151200.453125,151645.78125,150445.28125,150000,150900,0,0,0,0,0,0,0,0,0,0,0,0,0,0,0,0,0,0,0,0,0,0,0,0,0,0,0,0,0,0,0,0,0,0,0,0,0,0,0,0,0,0,0,0,0,0,0,0,0,0,0,0,0,0,0,0,0,0,0,0,0
1,4,1,4,1600,800,3834,38343,238343,138343,9.725452423095703,68,68,1933,1933,18,19,20,21,22,23,24,25,26,27,28,29,30,31,32,33,34,35,36,37,38,39,40,41,42,43,44,45,46,47,48,49,50,51,52,53,54,55,56,57,58,59,60,61,62,63,64,65,66,67,68,69,70,71,72,73,74,75,76,77,78,79,80,81,82,83,84,85,86,87,88,89,90,91,92,93,94,95,96,97,98,99,100,101,102,103,104,105,106,107,108,109,110,111,112,113,114,115,116,117,118,119,120,121,122,123,124,125,126,127,128,129,130,131,132,133,134,135,136,137,138,139,140,141,142,143,144,145,146,147,148,149,150,151,152,153,154,155,156,157,158,159,160,161,162,163,164,165,166,167,168,169,2,1,1,,,2,2001,0,5214.8876953125,5578.10986328125,5929.6640625,6265.1591796875,7500,0,0,0,0,0,0,0,0,0,0,0,0,0,0,0,0,0,0,0,0,0,0,0,0,0,0,0,0,0,0,0,0,0,0,0,0,0,0,0,0,0,0,0,0,0,0,0,0,0,0,0,0,0,0,0,0,0,0,0,0,0,0,0,0,0,0,0,0,0,0,0,0,0,0,0,0,0,0,0,0,0,0,0,0,0,0,0,0,0,0,0,0,0,0,0,0,0,0,0,0,0,0,0,0,0
1,4,1,4,1600,800,3834,38344,138344,238344,10.05099868774414,68,68,1933,1933,18,19,20,21,22,23,24,25,26,27,28,29,30,31,32,33,34,35,36,37,38,39,40,41,42,43,44,45,46,47,48,49,50,51,52,53,54,55,56,57,58,59,60,61,62,63,64,65,66,67,68,69,70,71,72,73,74,75,76,77,78,79,80,81,82,83,84,85,86,87,88,89,90,91,92,93,94,95,96,97,98,99,100,101,102,103,104,105,106,107,108,109,110,111,112,113,114,115,116,117,118,119,120,121,122,123,124,125,126,127,128,129,130,131,132,133,134,135,136,137,138,139,140,141,142,143,144,145,146,147,148,149,150,151,152,153,154,155,156,157,158,159,160,161,162,163,164,165,166,167,168,169,1,2,1,,,1,2001,0,0,0,0,0,0,0,0,0,0,0,0,0,24737.826171875,26002.84765625,27582.47265625,29207.728515625,31302.4921875,33686.41796875,36254.22265625,38798.375,41123.078125,44350.2578125,50033.46875,55298.03515625,59415.51953125,64356.8828125,69895.296875,77158.296875,86515.015625,95272.8046875,101480.859375,106594.4765625,111281.3203125,115670.0546875,118521.5703125,122339.7421875,127085.0078125,132390.46875,137732.734375,141633.671875,144463.140625,146870.71875,148496.96875,149935.5625,151200.453125,151645.78125,150445.28125,150000,150900,0,0,0,0,0,0,0,0,0,0,0,0,0,0,0,0,0,0,0,0,0,0,0,0,0,0,0,0,0,0,0,0,0,0,0,0,0,0,0,0,0,0,0,0,0,0,0,0,0,0,0,0,0,0,0,0,0,0,0,0,0
1,4,1,4,1600,800,3834,38344,238344,138344,10.05099868774414,68,68,1933,1933,18,19,20,21,22,23,24,25,26,27,28,29,30,31,32,33,34,35,36,37,38,39,40,41,42,43,44,45,46,47,48,49,50,51,52,53,54,55,56,57,58,59,60,61,62,63,64,65,66,67,68,69,70,71,72,73,74,75,76,77,78,79,80,81,82,83,84,85,86,87,88,89,90,91,92,93,94,95,96,97,98,99,100,101,102,103,104,105,106,107,108,109,110,111,112,113,114,115,116,117,118,119,120,121,122,123,124,125,126,127,128,129,130,131,132,133,134,135,136,137,138,139,140,141,142,143,144,145,146,147,148,149,150,151,152,153,154,155,156,157,158,159,160,161,162,163,164,165,166,167,168,169,2,1,1,,,2,2001,0,6327.3994140625,6768.109375,7194.66162109375,7601.7294921875,9100,0,0,0,0,0,0,0,0,0,0,0,0,0,0,0,0,0,0,0,0,0,0,0,0,0,0,0,0,0,0,0,0,0,0,0,0,0,0,0,0,0,0,0,0,0,0,0,0,0,0,0,0,0,0,0,0,0,0,0,0,0,0,0,0,0,0,0,0,0,0,0,0,0,0,0,0,0,0,0,0,0,0,0,0,0,0,0,0,0,0,0,0,0,0,0,0,0,0,0,0,0,0,0,0,0
1,4,1,4,1600,800,3834,38345,138345,238345,9.6563081741333,68,68,1933,1933,18,19,20,21,22,23,24,25,26,27,28,29,30,31,32,33,34,35,36,37,38,39,40,41,42,43,44,45,46,47,48,49,50,51,52,53,54,55,56,57,58,59,60,61,62,63,64,65,66,67,68,69,70,71,72,73,74,75,76,77,78,79,80,81,82,83,84,85,86,87,88,89,90,91,92,93,94,95,96,97,98,99,100,101,102,103,104,105,106,107,108,109,110,111,112,113,114,115,116,117,118,119,120,121,122,123,124,125,126,127,128,129,130,131,132,133,134,135,136,137,138,139,140,141,142,143,144,145,146,147,148,149,150,151,152,153,154,155,156,157,158,159,160,161,162,163,164,165,166,167,168,169,1,2,1,,,1,2001,0,0,0,0,0,0,0,0,0,0,0,0,0,24737.826171875,26002.84765625,27582.47265625,29207.728515625,31302.4921875,33686.41796875,36254.22265625,38798.375,41123.078125,44350.2578125,50033.46875,55298.03515625,59415.51953125,64356.8828125,69895.296875,77158.296875,86515.015625,95272.8046875,101480.859375,106594.4765625,111281.3203125,115670.0546875,118521.5703125,122339.7421875,127085.0078125,132390.46875,137732.734375,141633.671875,144463.140625,146870.71875,148496.96875,149935.5625,151200.453125,151645.78125,150445.28125,150000,150900,0,0,0,0,0,0,0,0,0,0,0,0,0,0,0,0,0,0,0,0,0,0,0,0,0,0,0,0,0,0,0,0,0,0,0,0,0,0,0,0,0,0,0,0,0,0,0,0,0,0,0,0,0,0,0,0,0,0,0,0,0
1,4,1,4,1600,800,3834,38345,238345,138345,9.6563081741333,68,68,1933,1933,18,19,20,21,22,23,24,25,26,27,28,29,30,31,32,33,34,35,36,37,38,39,40,41,42,43,44,45,46,47,48,49,50,51,52,53,54,55,56,57,58,59,60,61,62,63,64,65,66,67,68,69,70,71,72,73,74,75,76,77,78,79,80,81,82,83,84,85,86,87,88,89,90,91,92,93,94,95,96,97,98,99,100,101,102,103,104,105,106,107,108,109,110,111,112,113,114,115,116,117,118,119,120,121,122,123,124,125,126,127,128,129,130,131,132,133,134,135,136,137,138,139,140,141,142,143,144,145,146,147,148,149,150,151,152,153,154,155,156,157,158,159,160,161,162,163,164,165,166,167,168,169,2,1,1,,,2,2001,0,6049.27197265625,6470.60986328125,6878.41259765625,7267.5869140625,8700,0,0,0,0,0,0,0,0,0,0,0,0,0,0,0,0,0,0,0,0,0,0,0,0,0,0,0,0,0,0,0,0,0,0,0,0,0,0,0,0,0,0,0,0,0,0,0,0,0,0,0,0,0,0,0,0,0,0,0,0,0,0,0,0,0,0,0,0,0,0,0,0,0,0,0,0,0,0,0,0,0,0,0,0,0,0,0,0,0,0,0,0,0,0,0,0,0,0,0,0,0,0,0,0,0
0,0,0,0,0,0,3991,39911,139911,239911,9835.9462890625,35,35,1966,1966,0,0,0,0,0,0,0,0,0,0,0,0,0,0,0,0,1,2,3,4,5,6,7,8,9,10,11,12,13,14,15,16,17,18,19,20,21,22,23,24,25,26,27,28,29,30,31,32,33,34,35,36,37,38,39,40,41,42,43,44,45,46,47,48,49,50,51,52,53,54,55,56,57,58,59,60,61,62,63,64,65,66,67,68,69,70,71,72,73,74,75,76,77,78,79,80,81,82,83,84,85,86,87,88,89,90,91,92,93,94,95,96,97,98,99,100,101,102,103,104,105,106,107,108,109,110,111,112,113,114,115,116,117,118,119,120,121,122,123,124,125,126,127,128,129,130,131,132,133,134,135,136,1,2,1,2031,2031,1,2001,0,0,0,0,0,0,0,0,0,0,0,0,0,0,0,0,0,0,0,0,0,0,0,0,0,0,0,0,0,0,0,0,0,0,0,0,0,23635.755859375,25922.21484375,31710.900390625,34330.30859375,36864.5078125,39457.25390625,42000,62072.37109375,65900.2421875,69583.2109375,72676.3125,76286.1953125,80794.90625,85000,88679.6484375,93092.84375,97937.5546875,103274.1640625,108663.359375,113878.1484375,119614.2109375,121498.28125,125776.8046875,130947.921875,135235.203125,138698.1875,142141.71875,143699.203125,146248.640625,149689.328125,153425.640625,156071.40625,157963.703125,164508.359375,174812.34375,180729.796875,184629.90625,187458.53125,189653.015625,191426.421875,192928.921875,194189.96875,195172.640625,195861.046875,0,0,0,0,0,0,0,0,0,0,0,0,0,0,0,0,0,0,0,0,0,0,0,0,0,0,0,0,0,0
0,0,0,0,0,0,3991,39911,239911,139911,9835.9462890625,35,35,1966,1966,0,0,0,0,0,0,0,0,0,0,0,0,0,0,0,0,1,2,3,4,5,6,7,8,9,10,11,12,13,14,15,16,17,18,19,20,21,22,23,24,25,26,27,28,29,30,31,32,33,34,35,36,37,38,39,40,41,42,43,44,45,46,47,48,49,50,51,52,53,54,55,56,57,58,59,60,61,62,63,64,65,66,67,68,69,70,71,72,73,74,75,76,77,78,79,80,81,82,83,84,85,86,87,88,89,90,91,92,93,94,95,96,97,98,99,100,101,102,103,104,105,106,107,108,109,110,111,112,113,114,115,116,117,118,119,120,121,122,123,124,125,126,127,128,129,130,131,132,133,134,135,136,2,1,1,2031,2031,2,2001,0,0,0,0,0,0,0,0,0,0,0,0,0,0,0,0,0,0,0,0,0,0,0,0,0,0,0,0,0,0,0,0,0,0,0,0,0,27554.998046875,30220.595703125,36969.15234375,40022.9453125,42977.3203125,46000,48964.38671875,52048.421875,55258.13671875,58346.3515625,60939.953125,63966.8828125,67747.4921875,0,74358.9453125,78059.4609375,82121.8046875,86596.6171875,91115.5234375,95488.1875,100297.9375,101877.7578125,105465.453125,109801.390625,113396.3359375,116300.078125,119187.5234375,120493.4921875,122631.2265625,125516.28125,128649.2265625,130867.734375,132454.4375,137942.21875,146582.375,151544.09375,154814.375,157186.21875,159026.3125,160513.484375,161773.203125,162830.609375,163654.734375,164231.828125,0,0,0,0,0,0,0,0,0,0,0,0,0,0,0,0,0,0,0,0,0,0,0,0,0,0,0,0,0,0
0,0,0,0,0,0,3991,39912,139912,239912,10085.0625,35,35,1966,1966,0,0,0,0,0,0,0,0,0,0,0,0,0,0,0,0,1,2,3,4,5,6,7,8,9,10,11,12,13,14,15,16,17,18,19,20,21,22,23,24,25,26,27,28,29,30,31,32,33,34,35,36,37,38,39,40,41,42,43,44,45,46,47,48,49,50,51,52,53,54,55,56,57,58,59,60,61,62,63,64,65,66,67,68,69,70,71,72,73,74,75,76,77,78,79,80,81,82,83,84,85,86,87,88,89,90,91,92,93,94,95,96,97,98,99,100,101,102,103,104,105,106,107,108,109,110,111,112,113,114,115,116,117,118,119,120,121,122,123,124,125,126,127,128,129,130,131,132,133,134,135,136,1,2,1,2031,2031,1,2001,0,0,0,0,0,0,0,0,0,0,0,0,0,0,0,0,0,0,0,0,0,0,0,0,0,0,0,0,0,0,0,0,0,0,0,0,0,18570.947265625,20367.44921875,24915.701171875,26973.80859375,28964.96484375,31002.119140625,33000,56960.5390625,60473.171875,63852.83984375,66691.21875,70003.8125,74141.21875,78000,81376.6328125,85426.390625,89872.125,94769.2421875,99714.625,104499.96875,109763.640625,111492.5625,115418.734375,120163.9921875,124098.2109375,127276,130435.953125,131865.171875,134204.65625,137361.984375,140790.609375,143218.484375,144954.9375,150960.640625,160416.0625,165846.203125,169425.125,172020.796875,174034.5625,175661.921875,177040.6875,178197.890625,179099.625,179731.34375,0,0,0,0,0,0,0,0,0,0,0,0,0,0,0,0,0,0,0,0,0,0,0,0,0,0,0,0,0,0
0,0,0,0,0,0,3991,39912,239912,139912,10085.0625,35,35,1966,1966,0,0,0,0,0,0,0,0,0,0,0,0,0,0,0,0,1,2,3,4,5,6,7,8,9,10,11,12,13,14,15,16,17,18,19,20,21,22,23,24,25,26,27,28,29,30,31,32,33,34,35,36,37,38,39,40,41,42,43,44,45,46,47,48,49,50,51,52,53,54,55,56,57,58,59,60,61,62,63,64,65,66,67,68,69,70,71,72,73,74,75,76,77,78,79,80,81,82,83,84,85,86,87,88,89,90,91,92,93,94,95,96,97,98,99,100,101,102,103,104,105,106,107,108,109,110,111,112,113,114,115,116,117,118,119,120,121,122,123,124,125,126,127,128,129,130,131,132,133,134,135,136,2,1,1,2031,2031,2,2001,0,0,0,0,0,0,0,0,0,0,0,0,0,0,0,0,0,0,0,0,0,0,0,0,0,0,0,0,0,0,0,0,0,0,0,0,0,15574.57421875,17081.216796875,20895.62109375,22621.677734375,24291.544921875,26000,27675.541015625,29418.693359375,31232.87890625,32978.39453125,34444.34375,36155.21484375,38292.0859375,0,42028.99609375,44120.58984375,46416.69921875,48945.94140625,51500.109375,53971.6171875,56690.17578125,57583.1171875,59610.9453125,62061.6953125,64093.62109375,65734.8671875,67366.90625,68105.0625,69313.34375,70944.03125,72714.828125,73968.765625,74865.6015625,77967.390625,82850.9609375,85655.4140625,87503.8359375,88844.4375,89884.4921875,90725.0703125,91437.078125,92034.7421875,92500.5625,92826.7421875,0,0,0,0,0,0,0,0,0,0,0,0,0,0,0,0,0,0,0,0,0,0,0,0,0,0,0,0,0,0
0,0,0,0,0,0,3991,39913,139913,239913,10181.1025390625,35,35,1966,1966,0,0,0,0,0,0,0,0,0,0,0,0,0,0,0,0,1,2,3,4,5,6,7,8,9,10,11,12,13,14,15,16,17,18,19,20,21,22,23,24,25,26,27,28,29,30,31,32,33,34,35,36,37,38,39,40,41,42,43,44,45,46,47,48,49,50,51,52,53,54,55,56,57,58,59,60,61,62,63,64,65,66,67,68,69,70,71,72,73,74,75,76,77,78,79,80,81,82,83,84,85,86,87,88,89,90,91,92,93,94,95,96,97,98,99,100,101,102,103,104,105,106,107,108,109,110,111,112,113,114,115,116,117,118,119,120,121,122,123,124,125,126,127,128,129,130,131,132,133,134,135,136,1,2,1,2031,2031,1,2001,0,0,0,0,0,0,0,0,0,0,0,0,0,0,0,0,0,0,0,0,0,0,0,0,0,0,0,0,0,0,0,0,0,0,0,0,0,24761.25,27156.5859375,33220.91796875,35965.05859375,38619.93359375,41336.140625,44000,58421.0859375,62023.78515625,65490.11328125,68401.2734375,71798.8046875,76042.3046875,80000,83463.2421875,87616.8359375,92176.5625,97199.2578125,102271.4453125,107179.484375,112578.1328125,114351.3828125,118378.2265625,123245.1640625,127280.2578125,130539.53125,133780.515625,135246.375,137645.84375,140884.140625,144400.671875,146890.8125,148671.78125,154831.46875,164529.34375,170098.71875,173769.40625,176431.640625,178497.046875,180166.125,181580.25,182767.125,183691.984375,184339.90625,0,0,0,0,0,0,0,0,0,0,0,0,0,0,0,0,0,0,0,0,0,0,0,0,0,0,0,0,0,0
0,0,0,0,0,0,3991,39913,239913,139913,10181.1025390625,35,35,1966,1966,0,0,0,0,0,0,0,0,0,0,0,0,0,0,0,0,1,2,3,4,5,6,7,8,9,10,11,12,13,14,15,16,17,18,19,20,21,22,23,24,25,26,27,28,29,30,31,32,33,34,35,36,37,38,39,40,41,42,43,44,45,46,47,48,49,50,51,52,53,54,55,56,57,58,59,60,61,62,63,64,65,66,67,68,69,70,71,72,73,74,75,76,77,78,79,80,81,82,83,84,85,86,87,88,89,90,91,92,93,94,95,96,97,98,99,100,101,102,103,104,105,106,107,108,109,110,111,112,113,114,115,116,117,118,119,120,121,122,123,124,125,126,127,128,129,130,131,132,133,134,135,136,2,1,1,2031,2031,2,2001,0,0,0,0,0,0,0,0,0,0,0,0,0,0,0,0,0,0,0,0,0,0,0,0,0,0,0,0,0,0,0,0,0,0,0,0,0,27554.998046875,30220.595703125,36969.15234375,40022.9453125,42977.3203125,46000,48964.38671875,52048.421875,55258.13671875,58346.3515625,60939.953125,63966.8828125,67747.4921875,0,74358.9453125,78059.4609375,82121.8046875,86596.6171875,91115.5234375,95488.1875,100297.9375,101877.7578125,105465.453125,109801.390625,113396.3359375,116300.078125,119187.5234375,120493.4921875,122631.2265625,125516.28125,128649.2265625,130867.734375,132454.4375,137942.21875,146582.375,151544.09375,154814.375,157186.21875,159026.3125,160513.484375,161773.203125,162830.609375,163654.734375,164231.828125,0,0,0,0,0,0,0,0,0,0,0,0,0,0,0,0,0,0,0,0,0,0,0,0,0,0,0,0,0,0
0,0,0,0,0,0,3991,39914,139914,239914,10047.287109375,35,35,1966,1966,0,0,0,0,0,0,0,0,0,0,0,0,0,0,0,0,1,2,3,4,5,6,7,8,9,10,11,12,13,14,15,16,17,18,19,20,21,22,23,24,25,26,27,28,29,30,31,32,33,34,35,36,37,38,39,40,41,42,43,44,45,46,47,48,49,50,51,52,53,54,55,56,57,58,59,60,61,62,63,64,65,66,67,68,69,70,71,72,73,74,75,76,77,78,79,80,81,82,83,84,85,86,87,88,89,90,91,92,93,94,95,96,97,98,99,100,101,102,103,104,105,106,107,108,109,110,111,112,113,114,115,116,117,118,119,120,121,122,123,124,125,126,127,128,129,130,131,132,133,134,135,136,1,2,1,2031,2031,1,2001,0,0,0,0,0,0,0,0,0,0,0,0,0,0,0,0,0,0,0,0,0,0,0,0,0,0,0,0,0,0,0,0,0,0,0,0,0,26449.51953125,29008.173828125,35485.984375,38417.2265625,41253.11328125,44154.515625,47000,68644.78125,72877.953125,76950.890625,80371.5,84363.6015625,89349.7109375,94000,98069.3203125,102949.796875,108307.4765625,114209.140625,120168.9609375,125935.90625,132279.3125,134362.890625,139094.4375,144813.078125,149554.3125,153383.953125,157192.109375,158914.5,161733.875,165538.875,169670.8125,172596.71875,174689.359375,181927,193322,199866.015625,204179.078125,207307.203125,209734.046875,211695.21875,213356.8125,214751.390625,215838.109375,216599.40625,0,0,0,0,0,0,0,0,0,0,0,0,0,0,0,0,0,0,0,0,0,0,0,0,0,0,0,0,0,0
0,0,0,0,0,0,3991,39914,239914,139914,10047.287109375,35,35,1966,1966,0,0,0,0,0,0,0,0,0,0,0,0,0,0,0,0,1,2,3,4,5,6,7,8,9,10,11,12,13,14,15,16,17,18,19,20,21,22,23,24,25,26,27,28,29,30,31,32,33,34,35,36,37,38,39,40,41,42,43,44,45,46,47,48,49,50,51,52,53,54,55,56,57,58,59,60,61,62,63,64,65,66,67,68,69,70,71,72,73,74,75,76,77,78,79,80,81,82,83,84,85,86,87,88,89,90,91,92,93,94,95,96,97,98,99,100,101,102,103,104,105,106,107,108,109,110,111,112,113,114,115,116,117,118,119,120,121,122,123,124,125,126,127,128,129,130,131,132,133,134,135,136,2,1,1,2031,2031,2,2001,0,0,0,0,0,0,0,0,0,0,0,0,0,0,0,0,0,0,0,0,0,0,0,0,0,0,0,0,0,0,0,0,0,0,0,0,0,23361.861328125,25621.826171875,31343.431640625,33932.51953125,36437.31640625,39000,41513.3125,44128.0390625,46849.3203125,49467.58984375,51666.515625,54232.82421875,57438.12890625,0,63043.4921875,66180.890625,69625.0546875,73418.9140625,77250.1640625,80957.421875,85035.265625,86374.6796875,89416.4140625,93092.546875,96140.4296875,98602.3046875,101050.359375,102157.59375,103970.015625,106416.046875,109072.2421875,110953.1484375,112298.3984375,116951.0859375,124276.4375,128483.1171875,131255.75,133266.65625,134826.75,136087.609375,137155.625,138052.125,138750.84375,139240.109375,0,0,0,0,0,0,0,0,0,0,0,0,0,0,0,0,0,0,0,0,0,0,0,0,0,0,0,0,0,0
0,0,0,0,0,0,3991,39915,139915,239915,10038.826171875,35,35,1966,1966,0,0,0,0,0,0,0,0,0,0,0,0,0,0,0,0,1,2,3,4,5,6,7,8,9,10,11,12,13,14,15,16,17,18,19,20,21,22,23,24,25,26,27,28,29,30,31,32,33,34,35,36,37,38,39,40,41,42,43,44,45,46,47,48,49,50,51,52,53,54,55,56,57,58,59,60,61,62,63,64,65,66,67,68,69,70,71,72,73,74,75,76,77,78,79,80,81,82,83,84,85,86,87,88,89,90,91,92,93,94,95,96,97,98,99,100,101,102,103,104,105,106,107,108,109,110,111,112,113,114,115,116,117,118,119,120,121,122,123,124,125,126,127,128,129,130,131,132,133,134,135,136,1,2,1,2031,2031,1,2001,0,0,0,0,0,0,0,0,0,0,0,0,0,0,0,0,0,0,0,0,0,0,0,0,0,0,0,0,0,0,0,0,0,0,0,0,0,14068.8984375,15429.8857421875,18875.53125,20434.72265625,21943.154296875,23486.453125,25000,68644.78125,72877.953125,76950.890625,80371.5,84363.6015625,89349.7109375,94000,98069.3203125,102949.796875,108307.4765625,114209.140625,120168.9609375,125935.90625,132279.3125,134362.890625,139094.4375,144813.078125,149554.3125,153383.953125,157192.109375,158914.5,161733.875,165538.875,169670.8125,172596.71875,174689.359375,181927,193322,199866.015625,204179.078125,207307.203125,209734.046875,211695.21875,213356.8125,214751.390625,215838.109375,216599.40625,0,0,0,0,0,0,0,0,0,0,0,0,0,0,0,0,0,0,0,0,0,0,0,0,0,0,0,0,0,0
0,0,0,0,0,0,3991,39915,239915,139915,10038.826171875,35,35,1966,1966,0,0,0,0,0,0,0,0,0,0,0,0,0,0,0,0,1,2,3,4,5,6,7,8,9,10,11,12,13,14,15,16,17,18,19,20,21,22,23,24,25,26,27,28,29,30,31,32,33,34,35,36,37,38,39,40,41,42,43,44,45,46,47,48,49,50,51,52,53,54,55,56,57,58,59,60,61,62,63,64,65,66,67,68,69,70,71,72,73,74,75,76,77,78,79,80,81,82,83,84,85,86,87,88,89,90,91,92,93,94,95,96,97,98,99,100,101,102,103,104,105,106,107,108,109,110,111,112,113,114,115,116,117,118,119,120,121,122,123,124,125,126,127,128,129,130,131,132,133,134,135,136,2,1,1,2031,2031,2,2001,0,0,0,0,0,0,0,0,0,0,0,0,0,0,0,0,0,0,0,0,0,0,0,0,0,0,0,0,0,0,0,0,0,0,0,0,0,17371.626953125,19052.11328125,23306.63671875,25231.853515625,27094.39453125,29000,30868.849609375,32813.1328125,34836.6484375,36783.56640625,38418.6640625,40326.94140625,42710.37109375,0,46878.4609375,49211.39453125,51772.4375,54593.51171875,57442.38671875,60199.06640625,63231.30078125,64227.27734375,66489.078125,69222.609375,71488.984375,73319.609375,75139.953125,75963.28125,77310.984375,79129.8203125,81104.9375,82503.5625,83503.875,86963.5625,92410.6171875,95538.65625,97600.359375,99095.6484375,100255.7109375,101193.2734375,101987.4375,102654.0625,103173.6328125,103537.4453125,0,0,0,0,0,0,0,0,0,0,0,0,0,0,0,0,0,0,0,0,0,0,0,0,0,0,0,0,0,0
0,0,1,4,0,530,4023,40231,140231,240231,45.17343521118164,79,75,1922,1926,29,30,31,32,33,34,35,36,37,38,39,40,41,42,43,44,45,46,47,48,49,50,51,52,53,54,55,56,57,58,59,60,61,62,63,64,65,66,67,68,69,70,71,72,73,74,75,76,77,78,79,80,81,82,83,84,85,86,87,88,89,90,91,92,93,94,95,96,97,98,99,100,101,102,103,104,105,106,107,108,109,110,111,112,113,114,115,116,117,118,119,120,121,122,123,124,125,126,127,128,129,130,131,132,133,134,135,136,137,138,139,140,141,142,143,144,145,146,147,148,149,150,151,152,153,154,155,156,157,158,159,160,161,162,163,164,165,166,167,168,169,170,171,172,173,174,175,176,177,178,179,180,1,2,1,,,1,2001,4945.43505859375,5245.8583984375,5515.84716796875,5763.79296875,5986.369140625,6307.1103515625,6702.62939453125,7065.45458984375,7372.67431640625,7692.74169921875,7966.439453125,8248.10546875,8528.47265625,8826.53515625,9120.1748046875,9509.73828125,9898.89453125,10428.48828125,11031.8916015625,11670.9794921875,12277.6533203125,12792.07421875,13561.4033203125,15039.11328125,16338.9765625,17257.115234375,18374.537109375,19616.5625,21286.794921875,23462.412109375,25398.244140625,26593.28515625,27458.427734375,28178.4296875,28791.783203125,29000,0,0,0,0,0,0,31871.953125,31677.041015625,31440.162109375,31166.408203125,30726.78515625,0,0,0,0,0,0,0,0,0,0,0,0,0,0,0,0,0,0,0,0,0,0,0,0,0,0,0,0,0,0,0,0,0,0,0,0,0,0,0,0,0,0,0,0,0,0,0,0,0,0,0,0,0,0,0,0,0,0,0,0,0,0,0,0
0,0,1,4,0,530,4023,40231,240231,140231,45.17343521118164,75,79,1926,1922,25,26,27,28,29,30,31,32,33,34,35,36,37,38,39,40,41,42,43,44,45,46,47,48,49,50,51,52,53,54,55,56,57,58,59,60,61,62,63,64,65,66,67,68,69,70,71,72,73,74,75,76,77,78,79,80,81,82,83,84,85,86,87,88,89,90,91,92,93,94,95,96,97,98,99,100,101,102,103,104,105,106,107,108,109,110,111,112,113,114,115,116,117,118,119,120,121,122,123,124,125,126,127,128,129,130,131,132,133,134,135,136,137,138,139,140,141,142,143,144,145,146,147,148,149,150,151,152,153,154,155,156,157,158,159,160,161,162,163,164,165,166,167,168,169,170,171,172,173,174,175,176,2,1,1,,,2,2001,0,0,0,0,0,0,0,4419.50927734375,4640.52685546875,4872.26416015625,5077.17626953125,5289.56689453125,5503.576171875,5731.54736328125,5959.2646484375,6252.67626953125,6549.24951171875,6942.7978515625,7390.45263671875,7867.49072265625,8328.21875,8731.435546875,9314.4580078125,10394.0087890625,11363.00390625,12076.591796875,12939.0048828125,13900.0146484375,15177.8583984375,16833.74609375,18336.619140625,19319.48046875,20072.775390625,20727.953125,21311.6015625,21600,0,0,0,0,0,0,0,0,0,0,0,24052.9765625,23721.55078125,23604.88671875,0,0,0,0,0,0,0,0,0,0,0,0,0,0,0,0,0,0,0,0,0,0,0,0,0,0,0,0,0,0,0,0,0,0,0,0,0,0,0,0,0,0,0,0,0,0,0,0,0,0,0,0,0,0,0,0,0,0,0,0,0
0,0,1,4,0,530,4023,40232,140232,240232,49.196468353271484,79,75,1922,1926,29,30,31,32,33,34,35,36,37,38,39,40,41,42,43,44,45,46,47,48,49,50,51,52,53,54,55,56,57,58,59,60,61,62,63,64,65,66,67,68,69,70,71,72,73,74,75,76,77,78,79,80,81,82,83,84,85,86,87,88,89,90,91,92,93,94,95,96,97,98,99,100,101,102,103,104,105,106,107,108,109,110,111,112,113,114,115,116,117,118,119,120,121,122,123,124,125,126,127,128,129,130,131,132,133,134,135,136,137,138,139,140,141,142,143,144,145,146,147,148,149,150,151,152,153,154,155,156,157,158,159,160,161,162,163,164,165,166,167,168,169,170,171,172,173,174,175,176,177,178,179,180,1,2,1,,,1,2001,4945.43505859375,5245.8583984375,5515.84716796875,5763.79296875,5986.369140625,6307.1103515625,6702.62939453125,7065.45458984375,7372.67431640625,7692.74169921875,7966.439453125,8248.10546875,8528.47265625,8826.53515625,9120.1748046875,9509.73828125,9898.89453125,10428.48828125,11031.8916015625,11670.9794921875,12277.6533203125,12792.07421875,13561.4033203125,15039.11328125,16338.9765625,17257.115234375,18374.537109375,19616.5625,21286.794921875,23462.412109375,25398.244140625,26593.28515625,27458.427734375,28178.4296875,28791.783203125,29000,0,0,0,0,0,0,31871.953125,31677.041015625,31440.162109375,31166.408203125,30726.78515625,0,0,0,0,0,0,0,0,0,0,0,0,0,0,0,0,0,0,0,0,0,0,0,0,0,0,0,0,0,0,0,0,0,0,0,0,0,0,0,0,0,0,0,0,0,0,0,0,0,0,0,0,0,0,0,0,0,0,0,0,0,0,0,0
0,0,1,4,0,530,4023,40232,240232,140232,49.196468353271484,75,79,1926,1922,25,26,27,28,29,30,31,32,33,34,35,36,37,38,39,40,41,42,43,44,45,46,47,48,49,50,51,52,53,54,55,56,57,58,59,60,61,62,63,64,65,66,67,68,69,70,71,72,73,74,75,76,77,78,79,80,81,82,83,84,85,86,87,88,89,90,91,92,93,94,95,96,97,98,99,100,101,102,103,104,105,106,107,108,109,110,111,112,113,114,115,116,117,118,119,120,121,122,123,124,125,126,127,128,129,130,131,132,133,134,135,136,137,138,139,140,141,142,143,144,145,146,147,148,149,150,151,152,153,154,155,156,157,158,159,160,161,162,163,164,165,166,167,168,169,170,171,172,173,174,175,176,2,1,1,,,2,2001,0,0,0,0,0,0,0,4910.56787109375,5156.1435546875,5413.62939453125,5641.31005859375,5877.298828125,6115.087890625,6368.38916015625,6621.408203125,6947.42138671875,7276.947265625,7714.22314453125,8211.6171875,8741.66015625,9253.5810546875,9701.599609375,10349.4033203125,11548.9033203125,12625.56640625,13418.44140625,14376.6787109375,15444.4677734375,16864.294921875,18704.171875,20374.03125,21466.099609375,22303.09375,23031.0703125,23679.568359375,24000,0,0,0,0,0,0,0,0,0,0,0,26725.541015625,26357.291015625,26227.6640625,0,0,0,0,0,0,0,0,0,0,0,0,0,0,0,0,0,0,0,0,0,0,0,0,0,0,0,0,0,0,0,0,0,0,0,0,0,0,0,0,0,0,0,0,0,0,0,0,0,0,0,0,0,0,0,0,0,0,0,0,0
0,0,1,4,0,480,4023,40233,140233,240233,48.00836944580078,79,75,1922,1926,29,30,31,32,33,34,35,36,37,38,39,40,41,42,43,44,45,46,47,48,49,50,51,52,53,54,55,56,57,58,59,60,61,62,63,64,65,66,67,68,69,70,71,72,73,74,75,76,77,78,79,80,81,82,83,84,85,86,87,88,89,90,91,92,93,94,95,96,97,98,99,100,101,102,103,104,105,106,107,108,109,110,111,112,113,114,115,116,117,118,119,120,121,122,123,124,125,126,127,128,129,130,131,132,133,134,135,136,137,138,139,140,141,142,143,144,145,146,147,148,149,150,151,152,153,154,155,156,157,158,159,160,161,162,163,164,165,166,167,168,169,170,171,172,173,174,175,176,177,178,179,180,1,2,1,,,1,2001,4945.43505859375,5245.8583984375,5515.84716796875,5763.79296875,5986.369140625,6307.1103515625,6702.62939453125,7065.45458984375,7372.67431640625,7692.74169921875,7966.439453125,8248.10546875,8528.47265625,8826.53515625,9120.1748046875,9509.73828125,9898.89453125,10428.48828125,11031.8916015625,11670.9794921875,12277.6533203125,12792.07421875,13561.4033203125,15039.11328125,16338.9765625,17257.115234375,18374.537109375,19616.5625,21286.794921875,23462.412109375,25398.244140625,26593.28515625,27458.427734375,28178.4296875,28791.783203125,29000,0,0,0,0,0,0,31871.953125,31677.041015625,31440.162109375,31166.408203125,30726.78515625,0,0,0,0,0,0,0,0,0,0,0,0,0,0,0,0,0,0,0,0,0,0,0,0,0,0,0,0,0,0,0,0,0,0,0,0,0,0,0,0,0,0,0,0,0,0,0,0,0,0,0,0,0,0,0,0,0,0,0,0,0,0,0,0
0,0,1,4,0,480,4023,40233,240233,140233,48.00836944580078,75,79,1926,1922,25,26,27,28,29,30,31,32,33,34,35,36,37,38,39,40,41,42,43,44,45,46,47,48,49,50,51,52,53,54,55,56,57,58,59,60,61,62,63,64,65,66,67,68,69,70,71,72,73,74,75,76,77,78,79,80,81,82,83,84,85,86,87,88,89,90,91,92,93,94,95,96,97,98,99,100,101,102,103,104,105,106,107,108,109,110,111,112,113,114,115,116,117,118,119,120,121,122,123,124,125,126,127,128,129,130,131,132,133,134,135,136,137,138,139,140,141,142,143,144,145,146,147,148,149,150,151,152,153,154,155,156,157,158,159,160,161,162,163,164,165,166,167,168,169,170,171,172,173,174,175,176,2,1,1,,,2,2001,0,0,0,0,0,0,0,4910.56787109375,5156.1435546875,5413.62939453125,5641.31005859375,5877.298828125,6115.087890625,6368.38916015625,6621.408203125,6947.42138671875,7276.947265625,7714.22314453125,8211.6171875,8741.66015625,9253.5810546875,9701.599609375,10349.4033203125,11548.9033203125,12625.56640625,13418.44140625,14376.6787109375,15444.4677734375,16864.294921875,18704.171875,20374.03125,21466.099609375,22303.09375,23031.0703125,23679.568359375,24000,0,0,0,0,0,0,0,0,0,0,0,26725.541015625,26357.291015625,26227.6640625,0,0,0,0,0,0,0,0,0,0,0,0,0,0,0,0,0,0,0,0,0,0,0,0,0,0,0,0,0,0,0,0,0,0,0,0,0,0,0,0,0,0,0,0,0,0,0,0,0,0,0,0,0,0,0,0,0,0,0,0,0
0,0,1,4,0,510,4023,40234,140234,240234,47.17180633544922,79,75,1922,1926,29,30,31,32,33,34,35,36,37,38,39,40,41,42,43,44,45,46,47,48,49,50,51,52,53,54,55,56,57,58,59,60,61,62,63,64,65,66,67,68,69,70,71,72,73,74,75,76,77,78,79,80,81,82,83,84,85,86,87,88,89,90,91,92,93,94,95,96,97,98,99,100,101,102,103,104,105,106,107,108,109,110,111,112,113,114,115,116,117,118,119,120,121,122,123,124,125,126,127,128,129,130,131,132,133,134,135,136,137,138,139,140,141,142,143,144,145,146,147,148,149,150,151,152,153,154,155,156,157,158,159,160,161,162,163,164,165,166,167,168,169,170,171,172,173,174,175,176,177,178,179,180,1,2,1,,,1,2001,4945.43505859375,5245.8583984375,5515.84716796875,5763.79296875,5986.369140625,6307.1103515625,6702.62939453125,7065.45458984375,7372.67431640625,7692.74169921875,7966.439453125,8248.10546875,8528.47265625,8826.53515625,9120.1748046875,9509.73828125,9898.89453125,10428.48828125,11031.8916015625,11670.9794921875,12277.6533203125,12792.07421875,13561.4033203125,15039.11328125,16338.9765625,17257.115234375,18374.537109375,19616.5625,21286.794921875,23462.412109375,25398.244140625,26593.28515625,27458.427734375,28178.4296875,28791.783203125,29000,0,0,0,0,0,0,31871.953125,31677.041015625,31440.162109375,31166.408203125,30726.78515625,0,0,0,0,0,0,0,0,0,0,0,0,0,0,0,0,0,0,0,0,0,0,0,0,0,0,0,0,0,0,0,0,0,0,0,0,0,0,0,0,0,0,0,0,0,0,0,0,0,0,0,0,0,0,0,0,0,0,0,0,0,0,0,0
0,0,1,4,0,510,4023,40234,240234,140234,47.17180633544922,75,79,1926,1922,25,26,27,28,29,30,31,32,33,34,35,36,37,38,39,40,41,42,43,44,45,46,47,48,49,50,51,52,53,54,55,56,57,58,59,60,61,62,63,64,65,66,67,68,69,70,71,72,73,74,75,76,77,78,79,80,81,82,83,84,85,86,87,88,89,90,91,92,93,94,95,96,97,98,99,100,101,102,103,104,105,106,107,108,109,110,111,112,113,114,115,116,117,118,119,120,121,122,123,124,125,126,127,128,129,130,131,132,133,134,135,136,137,138,139,140,141,142,143,144,145,146,147,148,149,150,151,152,153,154,155,156,157,158,159,160,161,162,163,164,165,166,167,168,169,170,171,172,173,174,175,176,2,1,1,,,2,2001,0,0,0,0,0,0,0,4665.0390625,4898.3359375,5142.94775390625,5359.244140625,5583.43359375,5809.3330078125,6049.96923828125,6290.33740234375,6600.0498046875,6913.099609375,7328.51171875,7801.0361328125,8304.576171875,8790.9013671875,9216.5185546875,9831.931640625,10971.4580078125,11994.287109375,12747.5185546875,13657.84375,14672.2431640625,16021.0791015625,17768.9609375,19355.328125,20392.79296875,21187.9375,21879.513671875,22495.587890625,22800,0,0,0,0,0,0,0,0,0,0,0,25389.263671875,25039.42578125,24916.279296875,0,0,0,0,0,0,0,0,0,0,0,0,0,0,0,0,0,0,0,0,0,0,0,0,0,0,0,0,0,0,0,0,0,0,0,0,0,0,0,0,0,0,0,0,0,0,0,0,0,0,0,0,0,0,0,0,0,0,0,0,0
0,0,1,4,0,470,4023,40235,140235,240235,49.82838821411133,79,75,1922,1926,29,30,31,32,33,34,35,36,37,38,39,40,41,42,43,44,45,46,47,48,49,50,51,52,53,54,55,56,57,58,59,60,61,62,63,64,65,66,67,68,69,70,71,72,73,74,75,76,77,78,79,80,81,82,83,84,85,86,87,88,89,90,91,92,93,94,95,96,97,98,99,100,101,102,103,104,105,106,107,108,109,110,111,112,113,114,115,116,117,118,119,120,121,122,123,124,125,126,127,128,129,130,131,132,133,134,135,136,137,138,139,140,141,142,143,144,145,146,147,148,149,150,151,152,153,154,155,156,157,158,159,160,161,162,163,164,165,166,167,168,169,170,171,172,173,174,175,176,177,178,179,180,1,2,1,,,1,2001,4945.43505859375,5245.8583984375,5515.84716796875,5763.79296875,5986.369140625,6307.1103515625,6702.62939453125,7065.45458984375,7372.67431640625,7692.74169921875,7966.439453125,8248.10546875,8528.47265625,8826.53515625,9120.1748046875,9509.73828125,9898.89453125,10428.48828125,11031.8916015625,11670.9794921875,12277.6533203125,12792.07421875,13561.4033203125,15039.11328125,16338.9765625,17257.115234375,18374.537109375,19616.5625,21286.794921875,23462.412109375,25398.244140625,26593.28515625,27458.427734375,28178.4296875,28791.783203125,29000,0,0,0,0,0,0,31871.953125,31677.041015625,31440.162109375,31166.408203125,30726.78515625,0,0,0,0,0,0,0,0,0,0,0,0,0,0,0,0,0,0,0,0,0,0,0,0,0,0,0,0,0,0,0,0,0,0,0,0,0,0,0,0,0,0,0,0,0,0,0,0,0,0,0,0,0,0,0,0,0,0,0,0,0,0,0,0
0,0,1,4,0,470,4023,40235,240235,140235,49.82838821411133,75,79,1926,1922,25,26,27,28,29,30,31,32,33,34,35,36,37,38,39,40,41,42,43,44,45,46,47,48,49,50,51,52,53,54,55,56,57,58,59,60,61,62,63,64,65,66,67,68,69,70,71,72,73,74,75,76,77,78,79,80,81,82,83,84,85,86,87,88,89,90,91,92,93,94,95,96,97,98,99,100,101,102,103,104,105,106,107,108,109,110,111,112,113,114,115,116,117,118,119,120,121,122,123,124,125,126,127,128,129,130,131,132,133,134,135,136,137,138,139,140,141,142,143,144,145,146,147,148,149,150,151,152,153,154,155,156,157,158,159,160,161,162,163,164,165,166,167,168,169,170,171,172,173,174,175,176,2,1,1,,,2,2001,0,0,0,0,0,0,0,4419.50927734375,4640.52685546875,4872.26416015625,5077.17626953125,5289.56689453125,5503.576171875,5731.54736328125,5959.2646484375,6252.67626953125,6549.24951171875,6942.7978515625,7390.45263671875,7867.49072265625,8328.21875,8731.435546875,9314.4580078125,10394.0087890625,11363.00390625,12076.591796875,12939.0048828125,13900.0146484375,15177.8583984375,16833.74609375,18336.619140625,19319.48046875,20072.775390625,20727.953125,21311.6015625,21600,0,0,0,0,0,0,0,0,0,0,0,24052.9765625,23721.55078125,23604.88671875,0,0,0,0,0,0,0,0,0,0,0,0,0,0,0,0,0,0,0,0,0,0,0,0,0,0,0,0,0,0,0,0,0,0,0,0,0,0,0,0,0,0,0,0,0,0,0,0,0,0,0,0,0,0,0,0,0,0,0,0,0
0,0,0,0,0,0,4420,44201,144201,244201,14.60814094543457,59,59,1942,1942,9,10,11,12,13,14,15,16,17,18,19,20,21,22,23,24,25,26,27,28,29,30,31,32,33,34,35,36,37,38,39,40,41,42,43,44,45,46,47,48,49,50,51,52,53,54,55,56,57,58,59,60,61,62,63,64,65,66,67,68,69,70,71,72,73,74,75,76,77,78,79,80,81,82,83,84,85,86,87,88,89,90,91,92,93,94,95,96,97,98,99,100,101,102,103,104,105,106,107,108,109,110,111,112,113,114,115,116,117,118,119,120,121,122,123,124,125,126,127,128,129,130,131,132,133,134,135,136,137,138,139,140,141,142,143,144,145,146,147,148,149,150,151,152,153,154,155,156,157,158,159,160,1,2,1,9999,9999,1,2001,0,0,0,0,0,0,0,0,0,0,0,0,0,0,0,0,0,0,6769.17626953125,8251.79296875,8955.61328125,9626.330078125,10528.4453125,12045.3994140625,13500.9169921875,14711.1279296875,16159.7265625,17798.35546875,19925.3828125,22657.337890625,25303.400390625,27332.955078125,29115.890625,30825.53125,32493.92578125,33765.34375,35345.4765625,37235.22265625,39337.69140625,41503.265625,43281.7265625,44770.05078125,46159.203125,47329.68359375,48463.3671875,49562.69921875,50410.93359375,50718.44140625,51282.7421875,52319.3125,0,53285.3046875,53883.0390625,54605.671875,55466.72265625,56218.1640625,56752.6640625,57422.40234375,56185.13671875,56027.93359375,56189.47265625,55898.33203125,55224.54296875,54517.46484375,53091.03125,52048.87890625,51317.16796875,0,0,0,0,0,0,0,0,0,0,0,0,0,0,0,0,0,0,0,0,0,0,0,0,0,0,0,0,0,0,0,0,0,0,0,0,0,0,0,0,0,0,0,0
0,0,0,0,0,0,4420,44201,244201,144201,14.60814094543457,59,59,1942,1942,9,10,11,12,13,14,15,16,17,18,19,20,21,22,23,24,25,26,27,28,29,30,31,32,33,34,35,36,37,38,39,40,41,42,43,44,45,46,47,48,49,50,51,52,53,54,55,56,57,58,59,60,61,62,63,64,65,66,67,68,69,70,71,72,73,74,75,76,77,78,79,80,81,82,83,84,85,86,87,88,89,90,91,92,93,94,95,96,97,98,99,100,101,102,103,104,105,106,107,108,109,110,111,112,113,114,115,116,117,118,119,120,121,122,123,124,125,126,127,128,129,130,131,132,133,134,135,136,137,138,139,140,141,142,143,144,145,146,147,148,149,150,151,152,153,154,155,156,157,158,159,160,2,1,1,9999,9999,2,2001,0,0,0,0,0,0,0,0,0,0,0,0,0,0,0,0,0,0,0,0,0,0,0,0,0,0,0,11069.8466796875,12392.78125,14091.9345703125,15737.69140625,17000,0,0,0,143922.984375,150658.375,158713.15625,167674.828125,176905.46875,184486.0625,190829.96875,196751.15625,201740.265625,206572.53125,211258.390625,214873.9375,216184.65625,218590.1875,223008.5,226000,227125.796875,229673.609375,232753.78125,236423.96875,239626.953125,241905.453125,244759.9375,239486.40625,238816.09375,239504.875,238263.671875,235391.921875,232377.8125,226297.71875,221855.578125,218736.703125,0,0,0,0,0,0,0,0,0,0,0,0,0,0,0,0,0,0,0,0,0,0,0,0,0,0,0,0,0,0,0,0,0,0,0,0,0,0,0,0,0,0,0,0
0,0,0,0,0,0,4420,44202,144202,244202,15.874372482299805,59,59,1942,1942,9,10,11,12,13,14,15,16,17,18,19,20,21,22,23,24,25,26,27,28,29,30,31,32,33,34,35,36,37,38,39,40,41,42,43,44,45,46,47,48,49,50,51,52,53,54,55,56,57,58,59,60,61,62,63,64,65,66,67,68,69,70,71,72,73,74,75,76,77,78,79,80,81,82,83,84,85,86,87,88,89,90,91,92,93,94,95,96,97,98,99,100,101,102,103,104,105,106,107,108,109,110,111,112,113,114,115,116,117,118,119,120,121,122,123,124,125,126,127,128,129,130,131,132,133,134,135,136,137,138,139,140,141,142,143,144,145,146,147,148,149,150,151,152,153,154,155,156,157,158,159,160,1,2,1,9999,9999,1,2001,0,0,0,0,0,0,0,0,0,0,0,0,0,0,0,0,0,0,6769.17626953125,8251.79296875,8955.61328125,9626.330078125,10528.4453125,12045.3994140625,13500.9169921875,14711.1279296875,16159.7265625,17798.35546875,19925.3828125,22657.337890625,25303.400390625,27332.955078125,29115.890625,30825.53125,32493.92578125,33765.34375,35345.4765625,37235.22265625,39337.69140625,41503.265625,43281.7265625,44770.05078125,46159.203125,47329.68359375,48463.3671875,49562.69921875,50410.93359375,50718.44140625,51282.7421875,52319.3125,0,53285.3046875,53883.0390625,54605.671875,55466.72265625,56218.1640625,56752.6640625,57422.40234375,56185.13671875,56027.93359375,56189.47265625,55898.33203125,55224.54296875,54517.46484375,53091.03125,52048.87890625,51317.16796875,0,0,0,0,0,0,0,0,0,0,0,0,0,0,0,0,0,0,0,0,0,0,0,0,0,0,0,0,0,0,0,0,0,0,0,0,0,0,0,0,0,0,0,0
0,0,0,0,0,0,4420,44202,244202,144202,15.874372482299805,59,59,1942,1942,9,10,11,12,13,14,15,16,17,18,19,20,21,22,23,24,25,26,27,28,29,30,31,32,33,34,35,36,37,38,39,40,41,42,43,44,45,46,47,48,49,50,51,52,53,54,55,56,57,58,59,60,61,62,63,64,65,66,67,68,69,70,71,72,73,74,75,76,77,78,79,80,81,82,83,84,85,86,87,88,89,90,91,92,93,94,95,96,97,98,99,100,101,102,103,104,105,106,107,108,109,110,111,112,113,114,115,116,117,118,119,120,121,122,123,124,125,126,127,128,129,130,131,132,133,134,135,136,137,138,139,140,141,142,143,144,145,146,147,148,149,150,151,152,153,154,155,156,157,158,159,160,2,1,1,9999,9999,2,2001,0,0,0,0,0,0,0,0,0,0,0,0,0,0,0,0,0,0,0,0,0,0,0,0,0,0,0,16930.365234375,18953.677734375,21552.384765625,24069.42578125,26000,0,0,0,53493.484375,55996.90234375,58990.71875,62321.6015625,65752.4609375,68570.0234375,70927.9375,73128.7265625,74983.09375,76779.15625,78520.796875,79864.6328125,80351.8046875,81245.890625,82888.1015625,84000,84418.4140625,85365.390625,86510.234375,87874.375,89064.8671875,89911.7421875,90972.703125,89012.625,88763.484375,89019.4921875,88558.15625,87490.78125,86370.4921875,84110.6328125,82459.578125,81300.3515625,0,0,0,0,0,0,0,0,0,0,0,0,0,0,0,0,0,0,0,0,0,0,0,0,0,0,0,0,0,0,0,0,0,0,0,0,0,0,0,0,0,0,0,0
0,0,0,0,0,0,4420,44203,144203,244203,15.508856773376465,59,59,1942,1942,9,10,11,12,13,14,15,16,17,18,19,20,21,22,23,24,25,26,27,28,29,30,31,32,33,34,35,36,37,38,39,40,41,42,43,44,45,46,47,48,49,50,51,52,53,54,55,56,57,58,59,60,61,62,63,64,65,66,67,68,69,70,71,72,73,74,75,76,77,78,79,80,81,82,83,84,85,86,87,88,89,90,91,92,93,94,95,96,97,98,99,100,101,102,103,104,105,106,107,108,109,110,111,112,113,114,115,116,117,118,119,120,121,122,123,124,125,126,127,128,129,130,131,132,133,134,135,136,137,138,139,140,141,142,143,144,145,146,147,148,149,150,151,152,153,154,155,156,157,158,159,160,1,2,1,9999,9999,1,2001,0,0,0,0,0,0,0,0,0,0,0,0,0,0,0,0,0,0,6769.17626953125,8251.79296875,8955.61328125,9626.330078125,10528.4453125,12045.3994140625,13500.9169921875,14711.1279296875,16159.7265625,17798.35546875,19925.3828125,22657.337890625,25303.400390625,27332.955078125,29115.890625,30825.53125,32493.92578125,33765.34375,35345.4765625,37235.22265625,39337.69140625,41503.265625,43281.7265625,44770.05078125,46159.203125,47329.68359375,48463.3671875,49562.69921875,50410.93359375,50718.44140625,51282.7421875,52319.3125,0,53285.3046875,53883.0390625,54605.671875,55466.72265625,56218.1640625,56752.6640625,57422.40234375,56185.13671875,56027.93359375,56189.47265625,55898.33203125,55224.54296875,54517.46484375,53091.03125,52048.87890625,51317.16796875,0,0,0,0,0,0,0,0,0,0,0,0,0,0,0,0,0,0,0,0,0,0,0,0,0,0,0,0,0,0,0,0,0,0,0,0,0,0,0,0,0,0,0,0
0,0,0,0,0,0,4420,44203,244203,144203,15.508856773376465,59,59,1942,1942,9,10,11,12,13,14,15,16,17,18,19,20,21,22,23,24,25,26,27,28,29,30,31,32,33,34,35,36,37,38,39,40,41,42,43,44,45,46,47,48,49,50,51,52,53,54,55,56,57,58,59,60,61,62,63,64,65,66,67,68,69,70,71,72,73,74,75,76,77,78,79,80,81,82,83,84,85,86,87,88,89,90,91,92,93,94,95,96,97,98,99,100,101,102,103,104,105,106,107,108,109,110,111,112,113,114,115,116,117,118,119,120,121,122,123,124,125,126,127,128,129,130,131,132,133,134,135,136,137,138,139,140,141,142,143,144,145,146,147,148,149,150,151,152,153,154,155,156,157,158,159,160,2,1,1,9999,9999,2,2001,0,0,0,0,0,0,0,0,0,0,0,0,0,0,0,0,0,0,0,0,0,0,0,0,0,0,0,11069.8466796875,12392.78125,14091.9345703125,15737.69140625,17000,0,0,0,90429.453125,94661.4140625,99722.390625,105353.171875,111152.953125,115915.9765625,119901.96875,123622.359375,126757.109375,129793.3125,132737.515625,135009.234375,135832.78125,137344.21875,140120.328125,142000,142707.296875,144308.140625,146243.46875,148549.515625,150562.015625,151993.640625,153787.15625,150473.703125,150052.53125,150485.3125,149705.4375,147901.0625,146007.234375,142187,139395.9375,137436.28125,0,0,0,0,0,0,0,0,0,0,0,0,0,0,0,0,0,0,0,0,0,0,0,0,0,0,0,0,0,0,0,0,0,0,0,0,0,0,0,0,0,0,0,0
0,0,0,0,0,0,4420,44204,144204,244204,15.24551773071289,59,59,1942,1942,9,10,11,12,13,14,15,16,17,18,19,20,21,22,23,24,25,26,27,28,29,30,31,32,33,34,35,36,37,38,39,40,41,42,43,44,45,46,47,48,49,50,51,52,53,54,55,56,57,58,59,60,61,62,63,64,65,66,67,68,69,70,71,72,73,74,75,76,77,78,79,80,81,82,83,84,85,86,87,88,89,90,91,92,93,94,95,96,97,98,99,100,101,102,103,104,105,106,107,108,109,110,111,112,113,114,115,116,117,118,119,120,121,122,123,124,125,126,127,128,129,130,131,132,133,134,135,136,137,138,139,140,141,142,143,144,145,146,147,148,149,150,151,152,153,154,155,156,157,158,159,160,1,2,1,9999,9999,1,2001,0,0,0,0,0,0,0,0,0,0,0,0,0,0,0,0,0,0,6769.17626953125,8251.79296875,8955.61328125,9626.330078125,10528.4453125,12045.3994140625,13500.9169921875,14711.1279296875,16159.7265625,17798.35546875,19925.3828125,22657.337890625,25303.400390625,27332.955078125,29115.890625,30825.53125,32493.92578125,33765.34375,35345.4765625,37235.22265625,39337.69140625,41503.265625,43281.7265625,44770.05078125,46159.203125,47329.68359375,48463.3671875,49562.69921875,50410.93359375,50718.44140625,51282.7421875,52319.3125,0,53285.3046875,53883.0390625,54605.671875,55466.72265625,56218.1640625,56752.6640625,57422.40234375,56185.13671875,56027.93359375,56189.47265625,55898.33203125,55224.54296875,54517.46484375,53091.03125,52048.87890625,51317.16796875,0,0,0,0,0,0,0,0,0,0,0,0,0,0,0,0,0,0,0,0,0,0,0,0,0,0,0,0,0,0,0,0,0,0,0,0,0,0,0,0,0,0,0,0
0,0,0,0,0,0,4420,44204,244204,144204,15.24551773071289,59,59,1942,1942,9,10,11,12,13,14,15,16,17,18,19,20,21,22,23,24,25,26,27,28,29,30,31,32,33,34,35,36,37,38,39,40,41,42,43,44,45,46,47,48,49,50,51,52,53,54,55,56,57,58,59,60,61,62,63,64,65,66,67,68,69,70,71,72,73,74,75,76,77,78,79,80,81,82,83,84,85,86,87,88,89,90,91,92,93,94,95,96,97,98,99,100,101,102,103,104,105,106,107,108,109,110,111,112,113,114,115,116,117,118,119,120,121,122,123,124,125,126,127,128,129,130,131,132,133,134,135,136,137,138,139,140,141,142,143,144,145,146,147,148,149,150,151,152,153,154,155,156,157,158,159,160,2,1,1,9999,9999,2,2001,0,0,0,0,0,0,0,0,0,0,0,0,0,0,0,0,0,0,0,0,0,0,0,0,0,0,0,18883.873046875,21140.646484375,24039.203125,26846.673828125,29000,0,0,0,430495.40625,450641.9375,474735.03125,501540.75,529151,551825.6875,570801.3125,588512.4375,603435.625,617889.6875,631905.75,642720.4375,646641,653836.25,667052.125,676000,679367.5625,686988.4375,696201.75,707179.8125,716760.4375,723575.75,732114,716340,714335,716395.25,712682.6875,704092.8125,695077.125,676890.6875,663603.5625,654274.5625,0,0,0,0,0,0,0,0,0,0,0,0,0,0,0,0,0,0,0,0,0,0,0,0,0,0,0,0,0,0,0,0,0,0,0,0,0,0,0,0,0,0,0,0
0,0,0,0,0,0,4420,44205,144205,244205,16.088342666625977,59,59,1942,1942,9,10,11,12,13,14,15,16,17,18,19,20,21,22,23,24,25,26,27,28,29,30,31,32,33,34,35,36,37,38,39,40,41,42,43,44,45,46,47,48,49,50,51,52,53,54,55,56,57,58,59,60,61,62,63,64,65,66,67,68,69,70,71,72,73,74,75,76,77,78,79,80,81,82,83,84,85,86,87,88,89,90,91,92,93,94,95,96,97,98,99,100,101,102,103,104,105,106,107,108,109,110,111,112,113,114,115,116,117,118,119,120,121,122,123,124,125,126,127,128,129,130,131,132,133,134,135,136,137,138,139,140,141,142,143,144,145,146,147,148,149,150,151,152,153,154,155,156,157,158,159,160,1,2,1,9999,9999,1,2001,0,0,0,0,0,0,0,0,0,0,0,0,0,0,0,0,0,0,6769.17626953125,8251.79296875,8955.61328125,9626.330078125,10528.4453125,12045.3994140625,13500.9169921875,14711.1279296875,16159.7265625,17798.35546875,19925.3828125,22657.337890625,25303.400390625,27332.955078125,29115.890625,30825.53125,32493.92578125,33765.34375,35345.4765625,37235.22265625,39337.69140625,41503.265625,43281.7265625,44770.05078125,46159.203125,47329.68359375,48463.3671875,49562.69921875,50410.93359375,50718.44140625,51282.7421875,52319.3125,0,53285.3046875,53883.0390625,54605.671875,55466.72265625,56218.1640625,56752.6640625,57422.40234375,56185.13671875,56027.93359375,56189.47265625,55898.33203125,55224.54296875,54517.46484375,53091.03125,52048.87890625,51317.16796875,0,0,0,0,0,0,0,0,0,0,0,0,0,0,0,0,0,0,0,0,0,0,0,0,0,0,0,0,0,0,0,0,0,0,0,0,0,0,0,0,0,0,0,0
0,0,0,0,0,0,4420,44205,244205,144205,16.088342666625977,59,59,1942,1942,9,10,11,12,13,14,15,16,17,18,19,20,21,22,23,24,25,26,27,28,29,30,31,32,33,34,35,36,37,38,39,40,41,42,43,44,45,46,47,48,49,50,51,52,53,54,55,56,57,58,59,60,61,62,63,64,65,66,67,68,69,70,71,72,73,74,75,76,77,78,79,80,81,82,83,84,85,86,87,88,89,90,91,92,93,94,95,96,97,98,99,100,101,102,103,104,105,106,107,108,109,110,111,112,113,114,115,116,117,118,119,120,121,122,123,124,125,126,127,128,129,130,131,132,133,134,135,136,137,138,139,140,141,142,143,144,145,146,147,148,149,150,151,152,153,154,155,156,157,158,159,160,2,1,1,9999,9999,2,2001,0,0,0,0,0,0,0,0,0,0,0,0,0,0,0,0,0,0,0,0,0,0,0,0,0,0,0,8465.1787109375,9476.8349609375,10776.1865234375,12034.70703125,13000,0,0,0,255367.71875,267318.5625,281610.46875,297511.46875,313889.75,327340.25,338596.46875,349102.65625,357955,366529.0625,374843.34375,381258.5625,383584.21875,387852.4375,395692,401000,402997.46875,407518.125,412983.40625,419495.53125,425178.71875,429221.5625,434286.375,424929.34375,423739.96875,424962.125,422759.8125,417664.34375,412316.3125,401528.15625,393646.34375,388112.40625,0,0,0,0,0,0,0,0,0,0,0,0,0,0,0,0,0,0,0,0,0,0,0,0,0,0,0,0,0,0,0,0,0,0,0,0,0,0,0,0,0,0,0,0
0,0,0,0,0,0,4459,44591,144591,244591,7567.31103515625,20,26,1981,1975,0,0,0,0,0,0,0,0,0,0,0,0,0,0,0,0,0,0,0,0,0,0,0,0,0,0,0,0,0,0,0,1,2,3,4,5,6,7,8,9,10,11,12,13,14,15,16,17,18,19,20,21,22,23,24,25,26,27,28,29,30,31,32,33,34,35,36,37,38,39,40,41,42,43,44,45,46,47,48,49,50,51,52,53,54,55,56,57,58,59,60,61,62,63,64,65,66,67,68,69,70,71,72,73,74,75,76,77,78,79,80,81,82,83,84,85,86,87,88,89,90,91,92,93,94,95,96,97,98,99,100,101,102,103,104,105,106,107,108,109,110,111,112,113,114,115,116,117,118,119,120,121,1,2,0,2028,2033,1,2001,0,0,0,0,0,0,0,0,0,0,0,0,0,0,0,0,0,0,0,0,0,0,0,0,0,0,0,0,0,0,0,0,0,0,0,0,0,0,0,0,0,0,0,0,0,0,0,0,15813.763671875,17196.16015625,21000,19890.9375,21432.498046875,23141.26171875,25041.853515625,28401.216796875,30538.140625,32907.1171875,34287.65234375,36406.9609375,38873.53125,41169.26953125,43294.97265625,45491.2265625,47147.19921875,49186.296875,51600.03515625,54202.5390625,56501.98046875,58596.53515625,62521.90234375,68061.640625,72077.7890625,75417.3359375,78420.1953125,81244,83965.0859375,86639.2734375,25215.7890625,25941.64453125,26644.9140625,27322.16796875,27970.375,0,0,0,0,0,0,0,0,0,0,0,0,0,0,0,0,0,0,0,0,0,0,0,0,0,0,0,0
0,0,0,0,0,0,4459,44591,244591,144591,7567.31103515625,26,20,1975,1981,0,0,0,0,0,0,0,0,0,0,0,0,0,0,0,0,0,0,0,0,0,0,0,0,0,1,2,3,4,5,6,7,8,9,10,11,12,13,14,15,16,17,18,19,20,21,22,23,24,25,26,27,28,29,30,31,32,33,34,35,36,37,38,39,40,41,42,43,44,45,46,47,48,49,50,51,52,53,54,55,56,57,58,59,60,61,62,63,64,65,66,67,68,69,70,71,72,73,74,75,76,77,78,79,80,81,82,83,84,85,86,87,88,89,90,91,92,93,94,95,96,97,98,99,100,101,102,103,104,105,106,107,108,109,110,111,112,113,114,115,116,117,118,119,120,121,122,123,124,125,126,127,2,1,0,2029,2029,2,2001,0,0,0,0,0,0,0,0,0,0,0,0,0,0,0,0,0,0,0,0,0,0,0,0,0,0,0,0,0,0,0,0,0,0,0,0,0,0,0,0,0,0,0,0,0,0,0,15759.0654296875,16817.392578125,18106.228515625,24000,20530.408203125,29901.611328125,31965.533203125,34247.94140625,36609.32421875,38973.6328125,41580.60546875,42895.47265625,45095.29296875,47673.15234375,49988,52047.890625,54146.0078125,55560.71484375,57389.06640625,59608.43359375,61994.11328125,63983.37890625,65697.453125,69403.5859375,74804.078125,78432.7421875,81253.15625,83650.71875,85803.7265625,87798.3359375,89696.4921875,91506.9140625,0,0,0,0,0,0,0,0,0,0,0,0,0,0,0,0,0,0,0,0,0,0,0,0,0,0,0,0,0,0,0,0
0,0,0,0,0,0,4459,44592,144592,244592,7497.63037109375,20,26,1981,1975,0,0,0,0,0,0,0,0,0,0,0,0,0,0,0,0,0,0,0,0,0,0,0,0,0,0,0,0,0,0,0,1,2,3,4,5,6,7,8,9,10,11,12,13,14,15,16,17,18,19,20,21,22,23,24,25,26,27,28,29,30,31,32,33,34,35,36,37,38,39,40,41,42,43,44,45,46,47,48,49,50,51,52,53,54,55,56,57,58,59,60,61,62,63,64,65,66,67,68,69,70,71,72,73,74,75,76,77,78,79,80,81,82,83,84,85,86,87,88,89,90,91,92,93,94,95,96,97,98,99,100,101,102,103,104,105,106,107,108,109,110,111,112,113,114,115,116,117,118,119,120,121,1,2,0,2039,2042,1,2001,0,0,0,0,0,0,0,0,0,0,0,0,0,0,0,0,0,0,0,0,0,0,0,0,0,0,0,0,0,0,0,0,0,0,0,0,0,0,0,0,0,0,0,0,0,0,0,0,17880.28515625,19443.330078125,21000,22490.2578125,24233.267578125,26165.330078125,28314.2890625,30569.630859375,32869.70703125,35419.51953125,36905.4921875,39186.5703125,41841.49609375,44312.47265625,46600.51171875,48964.44921875,50746.80859375,52941.63671875,55539.60546875,58340.8671875,60815.80859375,63070.27734375,67295.40625,73258.1015625,77580.875,81175.3984375,84407.5234375,87446.921875,90375.6796875,93254.03125,96088.9375,98854.9296875,101534.8515625,104115.5390625,106585.640625,108933.78125,111149.234375,113221.9453125,115142.0625,116900.640625,118489.140625,33866.64453125,34213.0546875,34505.6796875,0,0,0,0,0,0,0,0,0,0,0,0,0,0,0,0,0,0,0
0,0,0,0,0,0,4459,44592,244592,144592,7497.63037109375,26,20,1975,1981,0,0,0,0,0,0,0,0,0,0,0,0,0,0,0,0,0,0,0,0,0,0,0,0,0,1,2,3,4,5,6,7,8,9,10,11,12,13,14,15,16,17,18,19,20,21,22,23,24,25,26,27,28,29,30,31,32,33,34,35,36,37,38,39,40,41,42,43,44,45,46,47,48,49,50,51,52,53,54,55,56,57,58,59,60,61,62,63,64,65,66,67,68,69,70,71,72,73,74,75,76,77,78,79,80,81,82,83,84,85,86,87,88,89,90,91,92,93,94,95,96,97,98,99,100,101,102,103,104,105,106,107,108,109,110,111,112,113,114,115,116,117,118,119,120,121,122,123,124,125,126,127,2,1,0,2022,2022,2,2001,0,0,0,0,0,0,0,0,0,0,0,0,0,0,0,0,0,0,0,0,0,0,0,0,0,0,0,0,0,0,0,0,0,0,0,0,0,0,0,0,0,0,0,0,0,0,0,19534.0546875,20845.900390625,22443.46875,24000,25448.322265625,27148.74609375,29022.65625,31094.9375,33238.921875,35385.5625,37752.52734375,38946.33984375,40943.63671875,43284.16796875,45385.90234375,47256.15234375,49161.10546875,50445.5703125,52105.59375,54120.63671875,56286.68359375,58092.80859375,59649.08203125,63014.01171875,67917.3046875,0,0,0,0,0,0,0,0,0,0,0,0,0,0,0,0,0,0,0,0,0,0,0,0,0,0,0,0,0,0,0,0,0,0,0,0,0,0,0
0,0,0,0,0,0,4459,44593,144593,244593,7497.3544921875,20,26,1981,1975,0,0,0,0,0,0,0,0,0,0,0,0,0,0,0,0,0,0,0,0,0,0,0,0,0,0,0,0,0,0,0,1,2,3,4,5,6,7,8,9,10,11,12,13,14,15,16,17,18,19,20,21,22,23,24,25,26,27,28,29,30,31,32,33,34,35,36,37,38,39,40,41,42,43,44,45,46,47,48,49,50,51,52,53,54,55,56,57,58,59,60,61,62,63,64,65,66,67,68,69,70,71,72,73,74,75,76,77,78,79,80,81,82,83,84,85,86,87,88,89,90,91,92,93,94,95,96,97,98,99,100,101,102,103,104,105,106,107,108,109,110,111,112,113,114,115,116,117,118,119,120,121,1,2,0,2021,2037,1,2001,0,0,0,0,0,0,0,0,0,0,0,0,0,0,0,0,0,0,0,0,0,0,0,0,0,0,0,0,0,0,0,0,0,0,0,0,0,0,0,0,0,0,0,0,0,0,0,0,17880.28515625,19443.330078125,21000,22490.2578125,24233.267578125,26165.330078125,28314.2890625,30569.630859375,32869.70703125,35419.51953125,36905.4921875,39186.5703125,41841.49609375,44312.47265625,46600.51171875,48964.44921875,50746.80859375,52941.63671875,55539.60546875,58340.8671875,60815.80859375,63070.27734375,67295.40625,20692.265625,21913.265625,22928.5625,23841.498046875,24699.998046875,25527.24609375,26340.2578125,27140.99609375,27922.26953125,28679.232421875,29408.166015625,30105.86328125,30769.11328125,31394.9140625,31980.3359375,32522.6875,0,0,0,0,0,0,0,0,0,0,0,0,0,0,0,0,0,0,0,0,0,0,0,0
0,0,0,0,0,0,4459,44593,244593,144593,7497.3544921875,26,20,1975,1981,0,0,0,0,0,0,0,0,0,0,0,0,0,0,0,0,0,0,0,0,0,0,0,0,0,1,2,3,4,5,6,7,8,9,10,11,12,13,14,15,16,17,18,19,20,21,22,23,24,25,26,27,28,29,30,31,32,33,34,35,36,37,38,39,40,41,42,43,44,45,46,47,48,49,50,51,52,53,54,55,56,57,58,59,60,61,62,63,64,65,66,67,68,69,70,71,72,73,74,75,76,77,78,79,80,81,82,83,84,85,86,87,88,89,90,91,92,93,94,95,96,97,98,99,100,101,102,103,104,105,106,107,108,109,110,111,112,113,114,115,116,117,118,119,120,121,122,123,124,125,126,127,2,1,0,2010,2010,2,2001,0,0,0,0,0,0,0,0,0,0,0,0,0,0,0,0,0,0,0,0,0,0,0,0,0,0,0,0,0,0,0,0,0,0,0,0,0,0,0,0,0,0,0,0,0,0,0,15759.0654296875,16817.392578125,18106.228515625,24000,20530.408203125,29901.611328125,31965.533203125,34247.94140625,36609.32421875,38973.6328125,41580.60546875,42895.47265625,45095.29296875,0,0,0,0,0,0,0,0,0,0,0,0,0,0,0,0,0,0,0,0,0,0,0,0,0,0,0,0,0,0,0,0,0,0,0,0,0,0,0,0,0,0,0,0,0,0,0,0,0,0,0
0,0,0,0,0,0,4459,44594,144594,244594,7476.68994140625,20,26,1981,1975,0,0,0,0,0,0,0,0,0,0,0,0,0,0,0,0,0,0,0,0,0,0,0,0,0,0,0,0,0,0,0,1,2,3,4,5,6,7,8,9,10,11,12,13,14,15,16,17,18,19,20,21,22,23,24,25,26,27,28,29,30,31,32,33,34,35,36,37,38,39,40,41,42,43,44,45,46,47,48,49,50,51,52,53,54,55,56,57,58,59,60,61,62,63,64,65,66,67,68,69,70,71,72,73,74,75,76,77,78,79,80,81,82,83,84,85,86,87,88,89,90,91,92,93,94,95,96,97,98,99,100,101,102,103,104,105,106,107,108,109,110,111,112,113,114,115,116,117,118,119,120,121,1,2,0,2029,2032,1,2001,0,0,0,0,0,0,0,0,0,0,0,0,0,0,0,0,0,0,0,0,0,0,0,0,0,0,0,0,0,0,0,0,0,0,0,0,0,0,0,0,0,0,0,0,0,0,0,0,15813.763671875,17196.16015625,21000,19890.9375,21432.498046875,23141.26171875,25041.853515625,28401.216796875,30538.140625,32907.1171875,34287.65234375,36406.9609375,38873.53125,41169.26953125,43294.97265625,45491.2265625,47147.19921875,49186.296875,51600.03515625,54202.5390625,56501.98046875,58596.53515625,62521.90234375,68061.640625,72077.7890625,75417.3359375,78420.1953125,81244,83965.0859375,86639.2734375,89273.0078125,25941.64453125,26644.9140625,27322.16796875,0,0,0,0,0,0,0,0,0,0,0,0,0,0,0,0,0,0,0,0,0,0,0,0,0,0,0,0,0
0,0,0,0,0,0,4459,44594,244594,144594,7476.68994140625,26,20,1975,1981,0,0,0,0,0,0,0,0,0,0,0,0,0,0,0,0,0,0,0,0,0,0,0,0,0,1,2,3,4,5,6,7,8,9,10,11,12,13,14,15,16,17,18,19,20,21,22,23,24,25,26,27,28,29,30,31,32,33,34,35,36,37,38,39,40,41,42,43,44,45,46,47,48,49,50,51,52,53,54,55,56,57,58,59,60,61,62,63,64,65,66,67,68,69,70,71,72,73,74,75,76,77,78,79,80,81,82,83,84,85,86,87,88,89,90,91,92,93,94,95,96,97,98,99,100,101,102,103,104,105,106,107,108,109,110,111,112,113,114,115,116,117,118,119,120,121,122,123,124,125,126,127,2,1,0,2018,2018,2,2001,0,0,0,0,0,0,0,0,0,0,0,0,0,0,0,0,0,0,0,0,0,0,0,0,0,0,0,0,0,0,0,0,0,0,0,0,0,0,0,0,0,0,0,0,0,0,0,19534.0546875,20845.900390625,22443.46875,24000,25448.322265625,27148.74609375,29022.65625,31094.9375,33238.921875,35385.5625,37752.52734375,38946.33984375,40943.63671875,43284.16796875,45385.90234375,47256.15234375,49161.10546875,50445.5703125,52105.59375,54120.63671875,56286.68359375,0,0,0,0,0,0,0,0,0,0,0,0,0,0,0,0,0,0,0,0,0,0,0,0,0,0,0,0,0,0,0,0,0,0,0,0,0,0,0,0,0,0,0
0,0,0,0,0,0,4459,44595,144595,244595,7465.93017578125,20,26,1981,1975,0,0,0,0,0,0,0,0,0,0,0,0,0,0,0,0,0,0,0,0,0,0,0,0,0,0,0,0,0,0,0,1,2,3,4,5,6,7,8,9,10,11,12,13,14,15,16,17,18,19,20,21,22,23,24,25,26,27,28,29,30,31,32,33,34,35,36,37,38,39,40,41,42,43,44,45,46,47,48,49,50,51,52,53,54,55,56,57,58,59,60,61,62,63,64,65,66,67,68,69,70,71,72,73,74,75,76,77,78,79,80,81,82,83,84,85,86,87,88,89,90,91,92,93,94,95,96,97,98,99,100,101,102,103,104,105,106,107,108,109,110,111,112,113,114,115,116,117,118,119,120,121,1,2,0,2040,2049,1,2001,0,0,0,0,0,0,0,0,0,0,0,0,0,0,0,0,0,0,0,0,0,0,0,0,0,0,0,0,0,0,0,0,0,0,0,0,0,0,0,0,0,0,0,0,0,0,0,0,17880.28515625,19443.330078125,21000,22490.2578125,24233.267578125,26165.330078125,28314.2890625,30569.630859375,32869.70703125,35419.51953125,36905.4921875,39186.5703125,41841.49609375,44312.47265625,46600.51171875,48964.44921875,50746.80859375,52941.63671875,55539.60546875,58340.8671875,60815.80859375,63070.27734375,67295.40625,73258.1015625,77580.875,81175.3984375,84407.5234375,87446.921875,90375.6796875,93254.03125,96088.9375,98854.9296875,101534.8515625,104115.5390625,106585.640625,108933.78125,111149.234375,113221.9453125,115142.0625,116900.640625,118489.140625,119900.15625,34213.0546875,34505.6796875,34743.078125,34924.09765625,35047.8046875,35113.62890625,35121.2421875,35070.59375,34961.91015625,0,0,0,0,0,0,0,0,0,0,0,0
0,0,0,0,0,0,4459,44595,244595,144595,7465.93017578125,26,20,1975,1981,0,0,0,0,0,0,0,0,0,0,0,0,0,0,0,0,0,0,0,0,0,0,0,0,0,1,2,3,4,5,6,7,8,9,10,11,12,13,14,15,16,17,18,19,20,21,22,23,24,25,26,27,28,29,30,31,32,33,34,35,36,37,38,39,40,41,42,43,44,45,46,47,48,49,50,51,52,53,54,55,56,57,58,59,60,61,62,63,64,65,66,67,68,69,70,71,72,73,74,75,76,77,78,79,80,81,82,83,84,85,86,87,88,89,90,91,92,93,94,95,96,97,98,99,100,101,102,103,104,105,106,107,108,109,110,111,112,113,114,115,116,117,118,119,120,121,122,123,124,125,126,127,2,1,0,2037,2037,2,2001,0,0,0,0,0,0,0,0,0,0,0,0,0,0,0,0,0,0,0,0,0,0,0,0,0,0,0,0,0,0,0,0,0,0,0,0,0,0,0,0,0,0,0,0,0,0,0,19534.0546875,20845.900390625,22443.46875,24000,25448.322265625,27148.74609375,29022.65625,31094.9375,33238.921875,35385.5625,37752.52734375,38946.33984375,40943.63671875,43284.16796875,45385.90234375,47256.15234375,49161.10546875,50445.5703125,52105.59375,54120.63671875,56286.68359375,58092.80859375,59649.08203125,63014.01171875,67917.3046875,71211.90625,73772.59375,75949.4921875,77904.2890625,79715.265625,81438.671875,83082.421875,84626.65625,86059.1640625,87371.5859375,88557.7265625,89611.4453125,90527.4921875,91301.3671875,91929.2734375,0,0,0,0,0,0,0,0,0,0,0,0,0,0,0,0,0,0,0,0,0,0,0,0
