X5304,X5306,X5307,X5309,X5311,X5312,YY1,Y1,V1,V3,wgt,age,ages,BIRTHYR,BIRTHYRs,age1951,age1952,age1953,age1954,age1955,age1956,age1957,age1958,age1959,age1960,age1961,age1962,age1963,age1964,age1965,age1966,age1967,age1968,age1969,age1970,age1971,age1972,age1973,age1974,age1975,age1976,age1977,age1978,age1979,age1980,age1981,age1982,age1983,age1984,age1985,age1986,age1987,age1988,age1989,age1990,age1991,age1992,age1993,age1994,age1995,age1996,age1997,age1998,age1999,age2000,age2001,age2002,age2003,age2004,age2005,age2006,age2007,age2008,age2009,age2010,age2011,age2012,age2013,age2014,age2015,age2016,age2017,age2018,age2019,age2020,age2021,age2022,age2023,age2024,age2025,age2026,age2027,age2028,age2029,age2030,age2031,age2032,age2033,age2034,age2035,age2036,age2037,age2038,age2039,age2040,age2041,age2042,age2043,age2044,age2045,age2046,age2047,age2048,age2049,age2050,age2051,age2052,age2053,age2054,age2055,age2056,age2057,age2058,age2059,age2060,age2061,age2062,age2063,age2064,age2065,age2066,age2067,age2068,age2069,age2070,age2071,age2072,age2073,age2074,age2075,age2076,age2077,age2078,age2079,age2080,age2081,age2082,age2083,age2084,age2085,age2086,age2087,age2088,age2089,age2090,age2091,age2092,age2093,age2094,age2095,age2096,age2097,age2098,age2099,age2100,age2101,age2102,age2103,age2104,age2105,age2106,age2107,age2108,sex,sexs,marital,willstopworkFT,willstopworkALL,rstat,year,EARN1951,EARN1952,EARN1953,EARN1954,EARN1955,EARN1956,EARN1957,EARN1958,EARN1959,EARN1960,EARN1961,EARN1962,EARN1963,EARN1964,EARN1965,EARN1966,EARN1967,EARN1968,EARN1969,EARN1970,EARN1971,EARN1972,EARN1973,EARN1974,EARN1975,EARN1976,EARN1977,EARN1978,EARN1979,EARN1980,EARN1981,EARN1982,EARN1983,EARN1984,EARN1985,EARN1986,EARN1987,EARN1988,EARN1989,EARN1990,EARN1991,EARN1992,EARN1993,EARN1994,EARN1995,EARN1996,EARN1997,EARN1998,EARN1999,EARN2000,EARN2001,EARN2002,EARN2003,EARN2004,EARN2005,EARN2006,EARN2007,EARN2008,EARN2009,EARN2010,EARN2011,EARN2012,EARN2013,EARN2014,EARN2015,EARN2016,EARN2017,EARN2018,EARN2019,EARN2020,EARN2021,EARN2022,EARN2023,EARN2024,EARN2025,EARN2026,EARN2027,EARN2028,EARN2029,EARN2030,EARN2031,EARN2032,EARN2033,EARN2034,EARN2035,EARN2036,EARN2037,EARN2038,EARN2039,EARN2040,EARN2041,EARN2042,EARN2043,EARN2044,EARN2045,EARN2046,EARN2047,EARN2048,EARN2049,EARN2050,EARN2051,EARN2052,EARN2053,EARN2054,EARN2055,EARN2056,EARN2057,EARN2058,EARN2059,EARN2060,EARN2061,EARN2062,EARN2063,EARN2064,EARO2066,EARO2067,EARO2068,EARO2069,EARO2070,EARO2071,EARO2072,EARO2073,EARO2074,EARO2075,EARO2076,EARO2077,EARO2078,EARO2079,EARO2080,EARO2081,EARO2082
0,0,0,0,0,0,11,111,100111,200111,38.609317779541016,54,63,1953,1944,0,0,0,1,2,3,4,5,6,7,8,9,10,11,12,13,14,15,16,17,18,19,20,21,22,23,24,25,26,27,28,29,30,31,32,33,34,35,36,37,38,39,40,41,42,43,44,45,46,47,48,49,50,51,52,53,54,55,56,57,58,59,60,61,62,63,64,65,66,67,68,69,70,71,72,73,74,75,76,77,78,79,80,81,82,83,84,85,86,87,88,89,90,91,92,93,94,95,96,97,98,99,100,101,102,103,104,105,106,107,108,109,110,111,112,113,114,115,116,117,118,119,120,121,122,123,124,125,126,127,128,129,130,131,132,133,134,135,136,137,138,139,140,141,142,143,144,145,146,147,148,149,150,151,152,153,154,155,1,2,1,2012,2012,1,2007,0,0,0,0,0,0,0,0,0,0,0,0,0,0,0,0,0,0,0,0,0,0,0,0,9029.5927734375,10009.1630859375,11184.9150390625,12532.1455078125,14272.4677734375,16510.025390625,18757.0546875,23021.55078125,24947.380859375,26869.025390625,28813.126953125,30458.3125,32435.142578125,34760.17578125,37358.046875,40096.27734375,42537.578125,44761.30078125,46948.34375,48971.390625,51011.59375,53070.984375,54912.828125,56203.24609375,57811.421875,60000,104987.7890625,182178.46875,318084.5,556581.1875,575135.5,593008.3125,609000,626843,623944.25,632959.3125,645762.8125,653526.75,0,0,0,0,0,0,0,0,0,0,0,0,0,0,0,0,0,0,0,0,0,0,0,0,0,0,0,0,0,0,0,0,0,0,0,0,0,0,0,0,0,0,0,0,0,0,0,0,0,0,0,0,0,0,0,0,0,0,0,0,0,0,0,0,0,0,0,0,0
0,0,0,0,0,0,11,111,200111,100111,38.609317779541016,63,54,1944,1953,7,8,9,10,11,12,13,14,15,16,17,18,19,20,21,22,23,24,25,26,27,28,29,30,31,32,33,34,35,36,37,38,39,40,41,42,43,44,45,46,47,48,49,50,51,52,53,54,55,56,57,58,59,60,61,62,63,64,65,66,67,68,69,70,71,72,73,74,75,76,77,78,79,80,81,82,83,84,85,86,87,88,89,90,91,92,93,94,95,96,97,98,99,100,101,102,103,104,105,106,107,108,109,110,111,112,113,114,115,116,117,118,119,120,121,122,123,124,125,126,127,128,129,130,131,132,133,134,135,136,137,138,139,140,141,142,143,144,145,146,147,148,149,150,151,152,153,154,155,156,157,158,159,160,161,162,163,164,2,1,1,,,2,2007,0,0,0,0,0,0,0,0,0,0,0,0,0,0,0,0,0,0,0,0,0,0,0,23732.408203125,26683.193359375,29165.837890625,32137.822265625,35507.1875,39874.6953125,45483.421875,50953.90625,61667.296875,65894.9140625,69982,74000,0,0,0,0,0,0,0,0,0,0,0,119179.6640625,120281.0625,121999.078125,124853.65625,126923.578125,127954.0859375,129793.5625,131944.9375,134444,136690.875,0,0,0,0,0,0,0,0,0,0,0,0,0,0,0,0,0,0,0,0,0,0,0,0,0,0,0,0,0,0,0,0,0,0,0,0,0,0,0,0,0,0,0,0,0,0,0,0,0,0,0,0,0,0,0,0,0,0,0,0,0,0,0,0,0,0,0,0,0,0,0,0,0,0,0
0,0,0,0,0,0,11,112,100112,200112,35.155296325683594,54,63,1953,1944,0,0,0,1,2,3,4,5,6,7,8,9,10,11,12,13,14,15,16,17,18,19,20,21,22,23,24,25,26,27,28,29,30,31,32,33,34,35,36,37,38,39,40,41,42,43,44,45,46,47,48,49,50,51,52,53,54,55,56,57,58,59,60,61,62,63,64,65,66,67,68,69,70,71,72,73,74,75,76,77,78,79,80,81,82,83,84,85,86,87,88,89,90,91,92,93,94,95,96,97,98,99,100,101,102,103,104,105,106,107,108,109,110,111,112,113,114,115,116,117,118,119,120,121,122,123,124,125,126,127,128,129,130,131,132,133,134,135,136,137,138,139,140,141,142,143,144,145,146,147,148,149,150,151,152,153,154,155,1,2,1,2012,2012,1,2007,0,0,0,0,0,0,0,0,0,0,0,0,0,0,0,0,0,0,0,0,0,0,0,0,9029.5927734375,10009.1630859375,11184.9150390625,12532.1455078125,14272.4677734375,16510.025390625,18757.0546875,23021.55078125,24947.380859375,26869.025390625,28813.126953125,30458.3125,32435.142578125,34760.17578125,37358.046875,40096.27734375,42537.578125,44761.30078125,46948.34375,48971.390625,51011.59375,53070.984375,54912.828125,56203.24609375,57811.421875,60000,114114.1171875,215227.53125,408454.28125,776836.5625,802733.3125,827679.75,850000,874903.875,870857.9375,883440.5625,901310.8125,912147.1875,0,0,0,0,0,0,0,0,0,0,0,0,0,0,0,0,0,0,0,0,0,0,0,0,0,0,0,0,0,0,0,0,0,0,0,0,0,0,0,0,0,0,0,0,0,0,0,0,0,0,0,0,0,0,0,0,0,0,0,0,0,0,0,0,0,0,0,0,0
0,0,0,0,0,0,11,112,200112,100112,35.155296325683594,63,54,1944,1953,7,8,9,10,11,12,13,14,15,16,17,18,19,20,21,22,23,24,25,26,27,28,29,30,31,32,33,34,35,36,37,38,39,40,41,42,43,44,45,46,47,48,49,50,51,52,53,54,55,56,57,58,59,60,61,62,63,64,65,66,67,68,69,70,71,72,73,74,75,76,77,78,79,80,81,82,83,84,85,86,87,88,89,90,91,92,93,94,95,96,97,98,99,100,101,102,103,104,105,106,107,108,109,110,111,112,113,114,115,116,117,118,119,120,121,122,123,124,125,126,127,128,129,130,131,132,133,134,135,136,137,138,139,140,141,142,143,144,145,146,147,148,149,150,151,152,153,154,155,156,157,158,159,160,161,162,163,164,2,1,1,,,2,2007,0,0,0,0,0,0,0,0,0,0,0,0,0,0,0,0,0,0,0,0,0,0,0,22449.55859375,25240.83984375,27589.28515625,30400.619140625,33587.8515625,37719.27734375,43024.82421875,48199.60546875,58333.8828125,62332.984375,66199.140625,70000,0,0,0,0,0,0,0,0,0,0,0,112737.4375,113779.296875,115404.4453125,118104.71875,120062.75,121037.5546875,122777.6015625,124812.6953125,127176.6640625,129302.0859375,0,0,0,0,0,0,0,0,0,0,0,0,0,0,0,0,0,0,0,0,0,0,0,0,0,0,0,0,0,0,0,0,0,0,0,0,0,0,0,0,0,0,0,0,0,0,0,0,0,0,0,0,0,0,0,0,0,0,0,0,0,0,0,0,0,0,0,0,0,0,0,0,0,0,0
0,0,0,0,0,0,11,113,100113,200113,36.17143630981445,54,63,1953,1944,0,0,0,1,2,3,4,5,6,7,8,9,10,11,12,13,14,15,16,17,18,19,20,21,22,23,24,25,26,27,28,29,30,31,32,33,34,35,36,37,38,39,40,41,42,43,44,45,46,47,48,49,50,51,52,53,54,55,56,57,58,59,60,61,62,63,64,65,66,67,68,69,70,71,72,73,74,75,76,77,78,79,80,81,82,83,84,85,86,87,88,89,90,91,92,93,94,95,96,97,98,99,100,101,102,103,104,105,106,107,108,109,110,111,112,113,114,115,116,117,118,119,120,121,122,123,124,125,126,127,128,129,130,131,132,133,134,135,136,137,138,139,140,141,142,143,144,145,146,147,148,149,150,151,152,153,154,155,1,2,1,2012,2012,1,2007,0,0,0,0,0,0,0,0,0,0,0,0,0,0,0,0,0,0,0,0,0,0,0,0,9029.5927734375,10009.1630859375,11184.9150390625,12532.1455078125,14272.4677734375,16510.025390625,18757.0546875,23021.55078125,24947.380859375,26869.025390625,28813.126953125,30458.3125,32435.142578125,34760.17578125,37358.046875,40096.27734375,42537.578125,44761.30078125,46948.34375,48971.390625,51011.59375,53070.984375,54912.828125,56203.24609375,57811.421875,60000,118845.9765625,233447.109375,461402.15625,913925.875,944392.625,973741.375,1000000,1029299.25,1024539.3125,1039342.375,1060366.25,1073114.875,0,0,0,0,0,0,0,0,0,0,0,0,0,0,0,0,0,0,0,0,0,0,0,0,0,0,0,0,0,0,0,0,0,0,0,0,0,0,0,0,0,0,0,0,0,0,0,0,0,0,0,0,0,0,0,0,0,0,0,0,0,0,0,0,0,0,0,0,0
0,0,0,0,0,0,11,113,200113,100113,36.17143630981445,63,54,1944,1953,7,8,9,10,11,12,13,14,15,16,17,18,19,20,21,22,23,24,25,26,27,28,29,30,31,32,33,34,35,36,37,38,39,40,41,42,43,44,45,46,47,48,49,50,51,52,53,54,55,56,57,58,59,60,61,62,63,64,65,66,67,68,69,70,71,72,73,74,75,76,77,78,79,80,81,82,83,84,85,86,87,88,89,90,91,92,93,94,95,96,97,98,99,100,101,102,103,104,105,106,107,108,109,110,111,112,113,114,115,116,117,118,119,120,121,122,123,124,125,126,127,128,129,130,131,132,133,134,135,136,137,138,139,140,141,142,143,144,145,146,147,148,149,150,151,152,153,154,155,156,157,158,159,160,161,162,163,164,2,1,1,,,2,2007,0,0,0,0,0,0,0,0,0,0,0,0,0,0,0,0,0,0,0,0,0,0,0,23732.408203125,26683.193359375,29165.837890625,32137.822265625,35507.1875,39874.6953125,45483.421875,50953.90625,61667.296875,65894.9140625,69982,74000,0,0,0,0,0,0,0,0,0,0,0,119179.6640625,120281.0625,121999.078125,124853.65625,126923.578125,127954.0859375,129793.5625,131944.9375,134444,136690.875,0,0,0,0,0,0,0,0,0,0,0,0,0,0,0,0,0,0,0,0,0,0,0,0,0,0,0,0,0,0,0,0,0,0,0,0,0,0,0,0,0,0,0,0,0,0,0,0,0,0,0,0,0,0,0,0,0,0,0,0,0,0,0,0,0,0,0,0,0,0,0,0,0,0,0
0,0,0,0,0,0,11,114,100114,200114,36.544742584228516,54,63,1953,1944,0,0,0,1,2,3,4,5,6,7,8,9,10,11,12,13,14,15,16,17,18,19,20,21,22,23,24,25,26,27,28,29,30,31,32,33,34,35,36,37,38,39,40,41,42,43,44,45,46,47,48,49,50,51,52,53,54,55,56,57,58,59,60,61,62,63,64,65,66,67,68,69,70,71,72,73,74,75,76,77,78,79,80,81,82,83,84,85,86,87,88,89,90,91,92,93,94,95,96,97,98,99,100,101,102,103,104,105,106,107,108,109,110,111,112,113,114,115,116,117,118,119,120,121,122,123,124,125,126,127,128,129,130,131,132,133,134,135,136,137,138,139,140,141,142,143,144,145,146,147,148,149,150,151,152,153,154,155,1,2,1,2012,2012,1,2007,0,0,0,0,0,0,0,0,0,0,0,0,0,0,0,0,0,0,0,0,0,0,0,0,9029.5927734375,10009.1630859375,11184.9150390625,12532.1455078125,14272.4677734375,16510.025390625,18757.0546875,23021.55078125,24947.380859375,26869.025390625,28813.126953125,30458.3125,32435.142578125,34760.17578125,37358.046875,40096.27734375,42537.578125,44761.30078125,46948.34375,48971.390625,51011.59375,53070.984375,54912.828125,56203.24609375,57811.421875,60000,116520.6171875,224400.921875,434843.75,844467.375,872618.625,899736.875,924000,951072.3125,946674.125,960352.1875,979778.1875,991558,0,0,0,0,0,0,0,0,0,0,0,0,0,0,0,0,0,0,0,0,0,0,0,0,0,0,0,0,0,0,0,0,0,0,0,0,0,0,0,0,0,0,0,0,0,0,0,0,0,0,0,0,0,0,0,0,0,0,0,0,0,0,0,0,0,0,0,0,0
0,0,0,0,0,0,11,114,200114,100114,36.544742584228516,63,54,1944,1953,7,8,9,10,11,12,13,14,15,16,17,18,19,20,21,22,23,24,25,26,27,28,29,30,31,32,33,34,35,36,37,38,39,40,41,42,43,44,45,46,47,48,49,50,51,52,53,54,55,56,57,58,59,60,61,62,63,64,65,66,67,68,69,70,71,72,73,74,75,76,77,78,79,80,81,82,83,84,85,86,87,88,89,90,91,92,93,94,95,96,97,98,99,100,101,102,103,104,105,106,107,108,109,110,111,112,113,114,115,116,117,118,119,120,121,122,123,124,125,126,127,128,129,130,131,132,133,134,135,136,137,138,139,140,141,142,143,144,145,146,147,148,149,150,151,152,153,154,155,156,157,158,159,160,161,162,163,164,2,1,1,,,2,2007,0,0,0,0,0,0,0,0,0,0,0,0,0,0,0,0,0,0,0,0,0,0,0,24053.115234375,27043.775390625,29559.970703125,32572.115234375,35987.01171875,40413.5390625,46098.05859375,51642.46875,62500.6328125,66785.3828125,70927.703125,75000,0,0,0,0,0,0,0,0,0,0,0,120790.1953125,121906.46875,123647.703125,126540.859375,128638.75,129683.1875,131547.515625,133727.984375,136260.8125,138538.046875,0,0,0,0,0,0,0,0,0,0,0,0,0,0,0,0,0,0,0,0,0,0,0,0,0,0,0,0,0,0,0,0,0,0,0,0,0,0,0,0,0,0,0,0,0,0,0,0,0,0,0,0,0,0,0,0,0,0,0,0,0,0,0,0,0,0,0,0,0,0,0,0,0,0,0
0,0,0,0,0,0,11,115,100115,200115,34.45478439331055,54,63,1953,1944,0,0,0,1,2,3,4,5,6,7,8,9,10,11,12,13,14,15,16,17,18,19,20,21,22,23,24,25,26,27,28,29,30,31,32,33,34,35,36,37,38,39,40,41,42,43,44,45,46,47,48,49,50,51,52,53,54,55,56,57,58,59,60,61,62,63,64,65,66,67,68,69,70,71,72,73,74,75,76,77,78,79,80,81,82,83,84,85,86,87,88,89,90,91,92,93,94,95,96,97,98,99,100,101,102,103,104,105,106,107,108,109,110,111,112,113,114,115,116,117,118,119,120,121,122,123,124,125,126,127,128,129,130,131,132,133,134,135,136,137,138,139,140,141,142,143,144,145,146,147,148,149,150,151,152,153,154,155,1,2,1,2012,2012,1,2007,0,0,0,0,0,0,0,0,0,0,0,0,0,0,0,0,0,0,0,0,0,0,0,0,9029.5927734375,10009.1630859375,11184.9150390625,12532.1455078125,14272.4677734375,16510.025390625,18757.0546875,23021.55078125,24947.380859375,26869.025390625,28813.126953125,30458.3125,32435.142578125,34760.17578125,37358.046875,40096.27734375,42537.578125,44761.30078125,46948.34375,48971.390625,51011.59375,53070.984375,54912.828125,56203.24609375,57811.421875,60000,115756.5,221467.421875,426344.875,822532.9375,849953,876366.875,900000,926368.875,922084.9375,935407.6875,954329.125,965803,0,0,0,0,0,0,0,0,0,0,0,0,0,0,0,0,0,0,0,0,0,0,0,0,0,0,0,0,0,0,0,0,0,0,0,0,0,0,0,0,0,0,0,0,0,0,0,0,0,0,0,0,0,0,0,0,0,0,0,0,0,0,0,0,0,0,0,0,0
0,0,0,0,0,0,11,115,200115,100115,34.45478439331055,63,54,1944,1953,7,8,9,10,11,12,13,14,15,16,17,18,19,20,21,22,23,24,25,26,27,28,29,30,31,32,33,34,35,36,37,38,39,40,41,42,43,44,45,46,47,48,49,50,51,52,53,54,55,56,57,58,59,60,61,62,63,64,65,66,67,68,69,70,71,72,73,74,75,76,77,78,79,80,81,82,83,84,85,86,87,88,89,90,91,92,93,94,95,96,97,98,99,100,101,102,103,104,105,106,107,108,109,110,111,112,113,114,115,116,117,118,119,120,121,122,123,124,125,126,127,128,129,130,131,132,133,134,135,136,137,138,139,140,141,142,143,144,145,146,147,148,149,150,151,152,153,154,155,156,157,158,159,160,161,162,163,164,2,1,1,,,2,2007,0,0,0,0,0,0,0,0,0,0,0,0,0,0,0,0,0,0,0,0,0,0,0,23732.408203125,26683.193359375,29165.837890625,32137.822265625,35507.1875,39874.6953125,45483.421875,50953.90625,61667.296875,65894.9140625,69982,74000,0,0,0,0,0,0,0,0,0,0,0,119179.6640625,120281.0625,121999.078125,124853.65625,126923.578125,127954.0859375,129793.5625,131944.9375,134444,136690.875,0,0,0,0,0,0,0,0,0,0,0,0,0,0,0,0,0,0,0,0,0,0,0,0,0,0,0,0,0,0,0,0,0,0,0,0,0,0,0,0,0,0,0,0,0,0,0,0,0,0,0,0,0,0,0,0,0,0,0,0,0,0,0,0,0,0,0,0,0,0,0,0,0,0,0
0,0,0,0,0,0,21,211,100211,200211,1395.6943359375,52,52,1955,1955,0,0,0,0,0,1,2,3,4,5,6,7,8,9,10,11,12,13,14,15,16,17,18,19,20,21,22,23,24,25,26,27,28,29,30,31,32,33,34,35,36,37,38,39,40,41,42,43,44,45,46,47,48,49,50,51,52,53,54,55,56,57,58,59,60,61,62,63,64,65,66,67,68,69,70,71,72,73,74,75,76,77,78,79,80,81,82,83,84,85,86,87,88,89,90,91,92,93,94,95,96,97,98,99,100,101,102,103,104,105,106,107,108,109,110,111,112,113,114,115,116,117,118,119,120,121,122,123,124,125,126,127,128,129,130,131,132,133,134,135,136,137,138,139,140,141,142,143,144,145,146,147,148,149,150,151,152,153,1,2,1,2017,9999,1,2007,0,0,0,0,0,0,0,0,0,0,0,0,0,0,0,0,0,0,0,0,0,0,0,0,0,0,0,0,0,0,0,0,0,59000,36660.69921875,38874.9765625,41527.3359375,44643.078125,48129.3828125,51818.4140625,55145.13671875,58209.06640625,61243.8046875,64082.328125,66960.5,69881.28125,72532.296875,74468.640625,76838.625,79996.4609375,82729.171875,84843.2734375,87551.3515625,90541.7578125,93852.296875,97070.9921875,100000,103251.265625,103094.6875,104910.8125,107367.1484375,108997.2890625,109887.8828125,110701.6640625,110012,110060.3984375,110734.5703125,31406.333984375,31404.779296875,31245.1953125,31986.494140625,33412.171875,33955.921875,34098.9453125,34032.76171875,33845.83984375,33581.53515625,33269.75,32917.8671875,32522.009765625,0,0,0,0,0,0,0,0,0,0,0,0,0,0,0,0,0,0,0,0,0,0,0,0,0,0,0,0,0,0,0,0,0,0,0,0,0,0,0,0,0,0,0,0,0,0,0,0,0,0,0
0,0,0,0,0,0,21,211,200211,100211,1395.6943359375,52,52,1955,1955,0,0,0,0,0,1,2,3,4,5,6,7,8,9,10,11,12,13,14,15,16,17,18,19,20,21,22,23,24,25,26,27,28,29,30,31,32,33,34,35,36,37,38,39,40,41,42,43,44,45,46,47,48,49,50,51,52,53,54,55,56,57,58,59,60,61,62,63,64,65,66,67,68,69,70,71,72,73,74,75,76,77,78,79,80,81,82,83,84,85,86,87,88,89,90,91,92,93,94,95,96,97,98,99,100,101,102,103,104,105,106,107,108,109,110,111,112,113,114,115,116,117,118,119,120,121,122,123,124,125,126,127,128,129,130,131,132,133,134,135,136,137,138,139,140,141,142,143,144,145,146,147,148,149,150,151,152,153,2,1,1,2027,2027,2,2007,0,0,0,0,0,0,0,0,0,0,0,0,0,0,0,0,0,0,0,0,0,0,0,0,0,0,0,0,0,0,0,0,0,0,0,0,0,0,0,51914.125,55246.9921875,58316.58203125,61356.92578125,64200.69140625,67084.1796875,70010.359375,72666.2734375,74606.1875,76980.5546875,80144.21875,82881.9765625,85000,80547.2421875,83298.4921875,86344.109375,89305.3125,92000,94991.15625,94847.109375,96517.9375,98777.7734375,100277.5078125,101096.8515625,101845.53125,101211.0390625,101255.5625,101875.796875,102643.453125,102638.4765625,102116.8125,104539.65625,109199.015625,110976.125,111443.546875,111227.359375,110616.34375,109752.640625,0,0,0,0,0,0,0,0,0,0,0,0,0,0,0,0,0,0,0,0,0,0,0,0,0,0,0,0,0,0,0,0,0,0,0,0,0,0,0,0,0,0,0,0,0,0,0,0,0,0,0,0,0,0
0,0,0,0,0,0,21,212,100212,200212,1391.9759521484375,52,52,1955,1955,0,0,0,0,0,1,2,3,4,5,6,7,8,9,10,11,12,13,14,15,16,17,18,19,20,21,22,23,24,25,26,27,28,29,30,31,32,33,34,35,36,37,38,39,40,41,42,43,44,45,46,47,48,49,50,51,52,53,54,55,56,57,58,59,60,61,62,63,64,65,66,67,68,69,70,71,72,73,74,75,76,77,78,79,80,81,82,83,84,85,86,87,88,89,90,91,92,93,94,95,96,97,98,99,100,101,102,103,104,105,106,107,108,109,110,111,112,113,114,115,116,117,118,119,120,121,122,123,124,125,126,127,128,129,130,131,132,133,134,135,136,137,138,139,140,141,142,143,144,145,146,147,148,149,150,151,152,153,1,2,1,2017,9999,1,2007,0,0,0,0,0,0,0,0,0,0,0,0,0,0,0,0,0,0,0,0,0,0,0,0,0,0,0,0,0,0,0,0,0,59000,36660.69921875,38874.9765625,41527.3359375,44643.078125,48129.3828125,51818.4140625,55145.13671875,58209.06640625,61243.8046875,64082.328125,66960.5,69881.28125,72532.296875,74468.640625,76838.625,79996.4609375,82729.171875,84843.2734375,87551.3515625,90541.7578125,93852.296875,97070.9921875,100000,103251.265625,103094.6875,104910.8125,107367.1484375,108997.2890625,109887.8828125,110701.6640625,110012,110060.3984375,110734.5703125,31406.333984375,31404.779296875,31245.1953125,31986.494140625,33412.171875,33955.921875,34098.9453125,34032.76171875,33845.83984375,33581.53515625,33269.75,32917.8671875,32522.009765625,0,0,0,0,0,0,0,0,0,0,0,0,0,0,0,0,0,0,0,0,0,0,0,0,0,0,0,0,0,0,0,0,0,0,0,0,0,0,0,0,0,0,0,0,0,0,0,0,0,0,0
0,0,0,0,0,0,21,212,200212,100212,1391.9759521484375,52,52,1955,1955,0,0,0,0,0,1,2,3,4,5,6,7,8,9,10,11,12,13,14,15,16,17,18,19,20,21,22,23,24,25,26,27,28,29,30,31,32,33,34,35,36,37,38,39,40,41,42,43,44,45,46,47,48,49,50,51,52,53,54,55,56,57,58,59,60,61,62,63,64,65,66,67,68,69,70,71,72,73,74,75,76,77,78,79,80,81,82,83,84,85,86,87,88,89,90,91,92,93,94,95,96,97,98,99,100,101,102,103,104,105,106,107,108,109,110,111,112,113,114,115,116,117,118,119,120,121,122,123,124,125,126,127,128,129,130,131,132,133,134,135,136,137,138,139,140,141,142,143,144,145,146,147,148,149,150,151,152,153,2,1,1,2027,2027,2,2007,0,0,0,0,0,0,0,0,0,0,0,0,0,0,0,0,0,0,0,0,0,0,0,0,0,0,0,0,0,0,0,0,0,0,0,0,0,0,0,51914.125,55246.9921875,58316.58203125,61356.92578125,64200.69140625,67084.1796875,70010.359375,72666.2734375,74606.1875,76980.5546875,80144.21875,82881.9765625,85000,80547.2421875,83298.4921875,86344.109375,89305.3125,92000,94991.15625,94847.109375,96517.9375,98777.7734375,100277.5078125,101096.8515625,101845.53125,101211.0390625,101255.5625,101875.796875,102643.453125,102638.4765625,102116.8125,104539.65625,109199.015625,110976.125,111443.546875,111227.359375,110616.34375,109752.640625,0,0,0,0,0,0,0,0,0,0,0,0,0,0,0,0,0,0,0,0,0,0,0,0,0,0,0,0,0,0,0,0,0,0,0,0,0,0,0,0,0,0,0,0,0,0,0,0,0,0,0,0,0,0
0,0,0,0,0,0,21,213,100213,200213,1371.2178955078125,52,52,1955,1955,0,0,0,0,0,1,2,3,4,5,6,7,8,9,10,11,12,13,14,15,16,17,18,19,20,21,22,23,24,25,26,27,28,29,30,31,32,33,34,35,36,37,38,39,40,41,42,43,44,45,46,47,48,49,50,51,52,53,54,55,56,57,58,59,60,61,62,63,64,65,66,67,68,69,70,71,72,73,74,75,76,77,78,79,80,81,82,83,84,85,86,87,88,89,90,91,92,93,94,95,96,97,98,99,100,101,102,103,104,105,106,107,108,109,110,111,112,113,114,115,116,117,118,119,120,121,122,123,124,125,126,127,128,129,130,131,132,133,134,135,136,137,138,139,140,141,142,143,144,145,146,147,148,149,150,151,152,153,1,2,1,2017,2023,1,2007,0,0,0,0,0,0,0,0,0,0,0,0,0,0,0,0,0,0,0,0,0,0,0,0,0,0,0,0,0,0,0,0,0,59000,36660.69921875,38874.9765625,41527.3359375,44643.078125,48129.3828125,51818.4140625,55145.13671875,58209.06640625,61243.8046875,64082.328125,66960.5,69881.28125,72532.296875,74468.640625,76838.625,79996.4609375,82729.171875,84843.2734375,87551.3515625,90541.7578125,93852.296875,97070.9921875,100000,103251.265625,103094.6875,104910.8125,107367.1484375,108997.2890625,109887.8828125,110701.6640625,110012,110060.3984375,110734.5703125,31406.333984375,31404.779296875,31245.1953125,31986.494140625,33412.171875,33955.921875,0,0,0,0,0,0,0,0,0,0,0,0,0,0,0,0,0,0,0,0,0,0,0,0,0,0,0,0,0,0,0,0,0,0,0,0,0,0,0,0,0,0,0,0,0,0,0,0,0,0,0,0,0,0,0,0,0,0
0,0,0,0,0,0,21,213,200213,100213,1371.2178955078125,52,52,1955,1955,0,0,0,0,0,1,2,3,4,5,6,7,8,9,10,11,12,13,14,15,16,17,18,19,20,21,22,23,24,25,26,27,28,29,30,31,32,33,34,35,36,37,38,39,40,41,42,43,44,45,46,47,48,49,50,51,52,53,54,55,56,57,58,59,60,61,62,63,64,65,66,67,68,69,70,71,72,73,74,75,76,77,78,79,80,81,82,83,84,85,86,87,88,89,90,91,92,93,94,95,96,97,98,99,100,101,102,103,104,105,106,107,108,109,110,111,112,113,114,115,116,117,118,119,120,121,122,123,124,125,126,127,128,129,130,131,132,133,134,135,136,137,138,139,140,141,142,143,144,145,146,147,148,149,150,151,152,153,2,1,1,2027,2027,2,2007,0,0,0,0,0,0,0,0,0,0,0,0,0,0,0,0,0,0,0,0,0,0,0,0,0,0,0,0,0,0,0,0,0,0,0,0,0,0,0,51914.125,55246.9921875,58316.58203125,61356.92578125,64200.69140625,67084.1796875,70010.359375,72666.2734375,74606.1875,76980.5546875,80144.21875,82881.9765625,85000,80547.2421875,83298.4921875,86344.109375,89305.3125,92000,94991.15625,94847.109375,96517.9375,98777.7734375,100277.5078125,101096.8515625,101845.53125,101211.0390625,101255.5625,101875.796875,102643.453125,102638.4765625,102116.8125,104539.65625,109199.015625,110976.125,111443.546875,111227.359375,110616.34375,109752.640625,0,0,0,0,0,0,0,0,0,0,0,0,0,0,0,0,0,0,0,0,0,0,0,0,0,0,0,0,0,0,0,0,0,0,0,0,0,0,0,0,0,0,0,0,0,0,0,0,0,0,0,0,0,0
0,0,0,0,0,0,21,214,100214,200214,1361.1278076171875,52,52,1955,1955,0,0,0,0,0,1,2,3,4,5,6,7,8,9,10,11,12,13,14,15,16,17,18,19,20,21,22,23,24,25,26,27,28,29,30,31,32,33,34,35,36,37,38,39,40,41,42,43,44,45,46,47,48,49,50,51,52,53,54,55,56,57,58,59,60,61,62,63,64,65,66,67,68,69,70,71,72,73,74,75,76,77,78,79,80,81,82,83,84,85,86,87,88,89,90,91,92,93,94,95,96,97,98,99,100,101,102,103,104,105,106,107,108,109,110,111,112,113,114,115,116,117,118,119,120,121,122,123,124,125,126,127,128,129,130,131,132,133,134,135,136,137,138,139,140,141,142,143,144,145,146,147,148,149,150,151,152,153,1,2,1,2017,2020,1,2007,0,0,0,0,0,0,0,0,0,0,0,0,0,0,0,0,0,0,0,0,0,0,0,0,0,0,0,0,0,0,0,0,0,59000,36660.69921875,38874.9765625,41527.3359375,44643.078125,48129.3828125,51818.4140625,55145.13671875,58209.06640625,61243.8046875,64082.328125,66960.5,69881.28125,72532.296875,74468.640625,76838.625,79996.4609375,82729.171875,84843.2734375,87551.3515625,90541.7578125,93852.296875,97070.9921875,100000,103251.265625,103094.6875,104910.8125,107367.1484375,108997.2890625,109887.8828125,110701.6640625,110012,110060.3984375,110734.5703125,31406.333984375,31404.779296875,31245.1953125,0,0,0,0,0,0,0,0,0,0,0,0,0,0,0,0,0,0,0,0,0,0,0,0,0,0,0,0,0,0,0,0,0,0,0,0,0,0,0,0,0,0,0,0,0,0,0,0,0,0,0,0,0,0,0,0,0,0,0,0,0
0,0,0,0,0,0,21,214,200214,100214,1361.1278076171875,52,52,1955,1955,0,0,0,0,0,1,2,3,4,5,6,7,8,9,10,11,12,13,14,15,16,17,18,19,20,21,22,23,24,25,26,27,28,29,30,31,32,33,34,35,36,37,38,39,40,41,42,43,44,45,46,47,48,49,50,51,52,53,54,55,56,57,58,59,60,61,62,63,64,65,66,67,68,69,70,71,72,73,74,75,76,77,78,79,80,81,82,83,84,85,86,87,88,89,90,91,92,93,94,95,96,97,98,99,100,101,102,103,104,105,106,107,108,109,110,111,112,113,114,115,116,117,118,119,120,121,122,123,124,125,126,127,128,129,130,131,132,133,134,135,136,137,138,139,140,141,142,143,144,145,146,147,148,149,150,151,152,153,2,1,1,2027,2027,2,2007,0,0,0,0,0,0,0,0,0,0,0,0,0,0,0,0,0,0,0,0,0,0,0,0,0,0,0,0,0,0,0,0,0,0,0,0,0,0,0,51914.125,55246.9921875,58316.58203125,61356.92578125,64200.69140625,67084.1796875,70010.359375,72666.2734375,74606.1875,76980.5546875,80144.21875,82881.9765625,85000,80547.2421875,83298.4921875,86344.109375,89305.3125,92000,94991.15625,94847.109375,96517.9375,98777.7734375,100277.5078125,101096.8515625,101845.53125,101211.0390625,101255.5625,101875.796875,102643.453125,102638.4765625,102116.8125,104539.65625,109199.015625,110976.125,111443.546875,111227.359375,110616.34375,109752.640625,0,0,0,0,0,0,0,0,0,0,0,0,0,0,0,0,0,0,0,0,0,0,0,0,0,0,0,0,0,0,0,0,0,0,0,0,0,0,0,0,0,0,0,0,0,0,0,0,0,0,0,0,0,0
0,0,0,0,0,0,21,215,100215,200215,1394.04296875,52,52,1955,1955,0,0,0,0,0,1,2,3,4,5,6,7,8,9,10,11,12,13,14,15,16,17,18,19,20,21,22,23,24,25,26,27,28,29,30,31,32,33,34,35,36,37,38,39,40,41,42,43,44,45,46,47,48,49,50,51,52,53,54,55,56,57,58,59,60,61,62,63,64,65,66,67,68,69,70,71,72,73,74,75,76,77,78,79,80,81,82,83,84,85,86,87,88,89,90,91,92,93,94,95,96,97,98,99,100,101,102,103,104,105,106,107,108,109,110,111,112,113,114,115,116,117,118,119,120,121,122,123,124,125,126,127,128,129,130,131,132,133,134,135,136,137,138,139,140,141,142,143,144,145,146,147,148,149,150,151,152,153,1,2,1,2017,9999,1,2007,0,0,0,0,0,0,0,0,0,0,0,0,0,0,0,0,0,0,0,0,0,0,0,0,0,0,0,0,0,0,0,0,0,59000,36660.69921875,38874.9765625,41527.3359375,44643.078125,48129.3828125,51818.4140625,55145.13671875,58209.06640625,61243.8046875,64082.328125,66960.5,69881.28125,72532.296875,74468.640625,76838.625,79996.4609375,82729.171875,84843.2734375,87551.3515625,90541.7578125,93852.296875,97070.9921875,100000,103251.265625,103094.6875,104910.8125,107367.1484375,108997.2890625,109887.8828125,110701.6640625,110012,110060.3984375,110734.5703125,31406.333984375,31404.779296875,31245.1953125,31986.494140625,33412.171875,33955.921875,34098.9453125,34032.76171875,33845.83984375,33581.53515625,33269.75,32917.8671875,32522.009765625,0,0,0,0,0,0,0,0,0,0,0,0,0,0,0,0,0,0,0,0,0,0,0,0,0,0,0,0,0,0,0,0,0,0,0,0,0,0,0,0,0,0,0,0,0,0,0,0,0,0,0
0,0,0,0,0,0,21,215,200215,100215,1394.04296875,52,52,1955,1955,0,0,0,0,0,1,2,3,4,5,6,7,8,9,10,11,12,13,14,15,16,17,18,19,20,21,22,23,24,25,26,27,28,29,30,31,32,33,34,35,36,37,38,39,40,41,42,43,44,45,46,47,48,49,50,51,52,53,54,55,56,57,58,59,60,61,62,63,64,65,66,67,68,69,70,71,72,73,74,75,76,77,78,79,80,81,82,83,84,85,86,87,88,89,90,91,92,93,94,95,96,97,98,99,100,101,102,103,104,105,106,107,108,109,110,111,112,113,114,115,116,117,118,119,120,121,122,123,124,125,126,127,128,129,130,131,132,133,134,135,136,137,138,139,140,141,142,143,144,145,146,147,148,149,150,151,152,153,2,1,1,2027,2027,2,2007,0,0,0,0,0,0,0,0,0,0,0,0,0,0,0,0,0,0,0,0,0,0,0,0,0,0,0,0,0,0,0,0,0,0,0,0,0,0,0,51914.125,55246.9921875,58316.58203125,61356.92578125,64200.69140625,67084.1796875,70010.359375,72666.2734375,74606.1875,76980.5546875,80144.21875,82881.9765625,85000,80547.2421875,83298.4921875,86344.109375,89305.3125,92000,94991.15625,94847.109375,96517.9375,98777.7734375,100277.5078125,101096.8515625,101845.53125,101211.0390625,101255.5625,101875.796875,102643.453125,102638.4765625,102116.8125,104539.65625,109199.015625,110976.125,111443.546875,111227.359375,110616.34375,109752.640625,0,0,0,0,0,0,0,0,0,0,0,0,0,0,0,0,0,0,0,0,0,0,0,0,0,0,0,0,0,0,0,0,0,0,0,0,0,0,0,0,0,0,0,0,0,0,0,0,0,0,0,0,0,0
0,0,0,0,0,0,28,281,100281,200281,5643.86767578125,39,39,1968,1968,0,0,0,0,0,0,0,0,0,0,0,0,0,0,0,0,0,0,1,2,3,4,5,6,7,8,9,10,11,12,13,14,15,16,17,18,19,20,21,22,23,24,25,26,27,28,29,30,31,32,33,34,35,36,37,38,39,40,41,42,43,44,45,46,47,48,49,50,51,52,53,54,55,56,57,58,59,60,61,62,63,64,65,66,67,68,69,70,71,72,73,74,75,76,77,78,79,80,81,82,83,84,85,86,87,88,89,90,91,92,93,94,95,96,97,98,99,100,101,102,103,104,105,106,107,108,109,110,111,112,113,114,115,116,117,118,119,120,121,122,123,124,125,126,127,128,129,130,131,132,133,134,135,136,137,138,139,140,1,2,1,2031,2038,1,2007,0,0,0,0,0,0,0,0,0,0,0,0,0,0,0,0,0,0,0,0,0,0,0,0,0,0,0,0,0,0,0,0,0,0,0,0,0,11833.740234375,13019.029296875,14303.873046875,15533.779296875,16732.521484375,17965.26953125,21425.255859375,22845.84375,24330.431640625,25770.404296875,27000,0,44010.28515625,48866.4765625,53806.98828125,59614.7109375,66192.5078125,73667.0546875,81806.390625,86000,90613.8828125,92328.6484375,95878.4140625,100131.984375,103733.234375,106721.625,109712.7734375,111261.3515625,113588.859375,116624.0859375,119908.3203125,122357.0703125,124227.2734375,129778.0234375,138337.40625,143466.75,147020.359375,149738.875,151964.828125,153864.75,155556.625,157062.28125,158350.125,159404.6875,45100.88671875,45260.8515625,45350.76171875,45370.296875,45319.171875,45197.7421875,45006.41796875,0,0,0,0,0,0,0,0,0,0,0,0,0,0,0,0,0,0,0,0,0,0,0,0,0,0,0,0,0,0,0,0,0,0,0,0,0,0,0,0,0,0,0
0,0,0,0,0,0,28,281,200281,100281,5643.86767578125,39,39,1968,1968,0,0,0,0,0,0,0,0,0,0,0,0,0,0,0,0,0,0,1,2,3,4,5,6,7,8,9,10,11,12,13,14,15,16,17,18,19,20,21,22,23,24,25,26,27,28,29,30,31,32,33,34,35,36,37,38,39,40,41,42,43,44,45,46,47,48,49,50,51,52,53,54,55,56,57,58,59,60,61,62,63,64,65,66,67,68,69,70,71,72,73,74,75,76,77,78,79,80,81,82,83,84,85,86,87,88,89,90,91,92,93,94,95,96,97,98,99,100,101,102,103,104,105,106,107,108,109,110,111,112,113,114,115,116,117,118,119,120,121,122,123,124,125,126,127,128,129,130,131,132,133,134,135,136,137,138,139,140,2,1,1,2035,2035,2,2007,0,0,0,0,0,0,0,0,0,0,0,0,0,0,0,0,0,0,0,0,0,0,0,0,0,0,0,0,0,0,0,0,0,0,0,0,0,0,0,0,0,0,0,0,21178.86328125,22555.125,23890.02734375,25029.892578125,26355.1796875,28000,41024.46875,42934.11328125,45211.44140625,47712.8359375,50469.8046875,53269.30078125,56000,59004.41796875,60121.0078125,62432.484375,65202.25390625,67547.2578125,69493.1875,71440.90625,72449.28125,73964.875,75941.3046875,78079.875,79674.40625,80892.21875,84506.6640625,90080.21875,93420.2578125,95734.234375,97504.4296875,98953.8828125,100191.046875,101292.734375,102273.1640625,103111.7578125,103798.453125,104328.140625,104698.078125,104906.1640625,104951.25,0,0,0,0,0,0,0,0,0,0,0,0,0,0,0,0,0,0,0,0,0,0,0,0,0,0,0,0,0,0,0,0,0,0,0,0,0,0,0,0,0,0,0,0,0,0
0,0,0,0,0,0,28,282,100282,200282,5774.36474609375,39,39,1968,1968,0,0,0,0,0,0,0,0,0,0,0,0,0,0,0,0,0,0,1,2,3,4,5,6,7,8,9,10,11,12,13,14,15,16,17,18,19,20,21,22,23,24,25,26,27,28,29,30,31,32,33,34,35,36,37,38,39,40,41,42,43,44,45,46,47,48,49,50,51,52,53,54,55,56,57,58,59,60,61,62,63,64,65,66,67,68,69,70,71,72,73,74,75,76,77,78,79,80,81,82,83,84,85,86,87,88,89,90,91,92,93,94,95,96,97,98,99,100,101,102,103,104,105,106,107,108,109,110,111,112,113,114,115,116,117,118,119,120,121,122,123,124,125,126,127,128,129,130,131,132,133,134,135,136,137,138,139,140,1,2,1,2031,2038,1,2007,0,0,0,0,0,0,0,0,0,0,0,0,0,0,0,0,0,0,0,0,0,0,0,0,0,0,0,0,0,0,0,0,0,0,0,0,0,12272.0361328125,13501.2255859375,14833.65625,16109.1162109375,17352.255859375,18630.662109375,22218.80078125,23692.00390625,25231.576171875,26724.8828125,28000,0,45227.234375,49989.97265625,54794.3984375,60433.3359375,66797.1015625,74002.71875,81806.390625,86000,90613.8828125,92328.6484375,95878.4140625,100131.984375,103733.234375,106721.625,109712.7734375,111261.3515625,113588.859375,116624.0859375,119908.3203125,122357.0703125,124227.2734375,129778.0234375,138337.40625,143466.75,147020.359375,149738.875,151964.828125,153864.75,155556.625,157062.28125,158350.125,159404.6875,45100.88671875,45260.8515625,45350.76171875,45370.296875,45319.171875,45197.7421875,45006.41796875,0,0,0,0,0,0,0,0,0,0,0,0,0,0,0,0,0,0,0,0,0,0,0,0,0,0,0,0,0,0,0,0,0,0,0,0,0,0,0,0,0,0,0
0,0,0,0,0,0,28,282,200282,100282,5774.36474609375,39,39,1968,1968,0,0,0,0,0,0,0,0,0,0,0,0,0,0,0,0,0,0,1,2,3,4,5,6,7,8,9,10,11,12,13,14,15,16,17,18,19,20,21,22,23,24,25,26,27,28,29,30,31,32,33,34,35,36,37,38,39,40,41,42,43,44,45,46,47,48,49,50,51,52,53,54,55,56,57,58,59,60,61,62,63,64,65,66,67,68,69,70,71,72,73,74,75,76,77,78,79,80,81,82,83,84,85,86,87,88,89,90,91,92,93,94,95,96,97,98,99,100,101,102,103,104,105,106,107,108,109,110,111,112,113,114,115,116,117,118,119,120,121,122,123,124,125,126,127,128,129,130,131,132,133,134,135,136,137,138,139,140,2,1,1,2035,2035,2,2007,0,0,0,0,0,0,0,0,0,0,0,0,0,0,0,0,0,0,0,0,0,0,0,0,0,0,0,0,0,0,0,0,0,0,0,0,0,0,0,0,0,0,0,0,21935.251953125,23360.666015625,24743.244140625,25923.8203125,27296.439453125,29000,41024.46875,42934.11328125,45211.44140625,47712.8359375,50469.8046875,53269.30078125,56000,59004.41796875,60121.0078125,62432.484375,65202.25390625,67547.2578125,69493.1875,71440.90625,72449.28125,73964.875,75941.3046875,78079.875,79674.40625,80892.21875,84506.6640625,90080.21875,93420.2578125,95734.234375,97504.4296875,98953.8828125,100191.046875,101292.734375,102273.1640625,103111.7578125,103798.453125,104328.140625,104698.078125,104906.1640625,104951.25,0,0,0,0,0,0,0,0,0,0,0,0,0,0,0,0,0,0,0,0,0,0,0,0,0,0,0,0,0,0,0,0,0,0,0,0,0,0,0,0,0,0,0,0,0,0
0,0,0,0,0,0,28,283,100283,200283,5430.7607421875,39,39,1968,1968,0,0,0,0,0,0,0,0,0,0,0,0,0,0,0,0,0,0,1,2,3,4,5,6,7,8,9,10,11,12,13,14,15,16,17,18,19,20,21,22,23,24,25,26,27,28,29,30,31,32,33,34,35,36,37,38,39,40,41,42,43,44,45,46,47,48,49,50,51,52,53,54,55,56,57,58,59,60,61,62,63,64,65,66,67,68,69,70,71,72,73,74,75,76,77,78,79,80,81,82,83,84,85,86,87,88,89,90,91,92,93,94,95,96,97,98,99,100,101,102,103,104,105,106,107,108,109,110,111,112,113,114,115,116,117,118,119,120,121,122,123,124,125,126,127,128,129,130,131,132,133,134,135,136,137,138,139,140,1,2,1,2031,2038,1,2007,0,0,0,0,0,0,0,0,0,0,0,0,0,0,0,0,0,0,0,0,0,0,0,0,0,0,0,0,0,0,0,0,0,0,0,0,0,12272.0361328125,13501.2255859375,14833.65625,16109.1162109375,17352.255859375,18630.662109375,22218.80078125,23692.00390625,25231.576171875,26724.8828125,28000,0,45227.234375,49989.97265625,54794.3984375,60433.3359375,66797.1015625,74002.71875,81806.390625,86000,90613.8828125,92328.6484375,95878.4140625,100131.984375,103733.234375,106721.625,109712.7734375,111261.3515625,113588.859375,116624.0859375,119908.3203125,122357.0703125,124227.2734375,129778.0234375,138337.40625,143466.75,147020.359375,149738.875,151964.828125,153864.75,155556.625,157062.28125,158350.125,159404.6875,45100.88671875,45260.8515625,45350.76171875,45370.296875,45319.171875,45197.7421875,45006.41796875,0,0,0,0,0,0,0,0,0,0,0,0,0,0,0,0,0,0,0,0,0,0,0,0,0,0,0,0,0,0,0,0,0,0,0,0,0,0,0,0,0,0,0
0,0,0,0,0,0,28,283,200283,100283,5430.7607421875,39,39,1968,1968,0,0,0,0,0,0,0,0,0,0,0,0,0,0,0,0,0,0,1,2,3,4,5,6,7,8,9,10,11,12,13,14,15,16,17,18,19,20,21,22,23,24,25,26,27,28,29,30,31,32,33,34,35,36,37,38,39,40,41,42,43,44,45,46,47,48,49,50,51,52,53,54,55,56,57,58,59,60,61,62,63,64,65,66,67,68,69,70,71,72,73,74,75,76,77,78,79,80,81,82,83,84,85,86,87,88,89,90,91,92,93,94,95,96,97,98,99,100,101,102,103,104,105,106,107,108,109,110,111,112,113,114,115,116,117,118,119,120,121,122,123,124,125,126,127,128,129,130,131,132,133,134,135,136,137,138,139,140,2,1,1,2035,2035,2,2007,0,0,0,0,0,0,0,0,0,0,0,0,0,0,0,0,0,0,0,0,0,0,0,0,0,0,0,0,0,0,0,0,0,0,0,0,0,0,0,0,0,0,0,0,21178.86328125,22555.125,23890.02734375,25029.892578125,26355.1796875,28000,41024.46875,42934.11328125,45211.44140625,47712.8359375,50469.8046875,53269.30078125,56000,59004.41796875,60121.0078125,62432.484375,65202.25390625,67547.2578125,69493.1875,71440.90625,72449.28125,73964.875,75941.3046875,78079.875,79674.40625,80892.21875,84506.6640625,90080.21875,93420.2578125,95734.234375,97504.4296875,98953.8828125,100191.046875,101292.734375,102273.1640625,103111.7578125,103798.453125,104328.140625,104698.078125,104906.1640625,104951.25,0,0,0,0,0,0,0,0,0,0,0,0,0,0,0,0,0,0,0,0,0,0,0,0,0,0,0,0,0,0,0,0,0,0,0,0,0,0,0,0,0,0,0,0,0,0
0,0,0,0,0,0,28,284,100284,200284,5687.3857421875,39,39,1968,1968,0,0,0,0,0,0,0,0,0,0,0,0,0,0,0,0,0,0,1,2,3,4,5,6,7,8,9,10,11,12,13,14,15,16,17,18,19,20,21,22,23,24,25,26,27,28,29,30,31,32,33,34,35,36,37,38,39,40,41,42,43,44,45,46,47,48,49,50,51,52,53,54,55,56,57,58,59,60,61,62,63,64,65,66,67,68,69,70,71,72,73,74,75,76,77,78,79,80,81,82,83,84,85,86,87,88,89,90,91,92,93,94,95,96,97,98,99,100,101,102,103,104,105,106,107,108,109,110,111,112,113,114,115,116,117,118,119,120,121,122,123,124,125,126,127,128,129,130,131,132,133,134,135,136,137,138,139,140,1,2,1,2031,2038,1,2007,0,0,0,0,0,0,0,0,0,0,0,0,0,0,0,0,0,0,0,0,0,0,0,0,0,0,0,0,0,0,0,0,0,0,0,0,0,12272.0361328125,13501.2255859375,14833.65625,16109.1162109375,17352.255859375,18630.662109375,22218.80078125,23692.00390625,25231.576171875,26724.8828125,28000,0,45227.234375,49989.97265625,54794.3984375,60433.3359375,66797.1015625,74002.71875,81806.390625,86000,90613.8828125,92328.6484375,95878.4140625,100131.984375,103733.234375,106721.625,109712.7734375,111261.3515625,113588.859375,116624.0859375,119908.3203125,122357.0703125,124227.2734375,129778.0234375,138337.40625,143466.75,147020.359375,149738.875,151964.828125,153864.75,155556.625,157062.28125,158350.125,159404.6875,45100.88671875,45260.8515625,45350.76171875,45370.296875,45319.171875,45197.7421875,45006.41796875,0,0,0,0,0,0,0,0,0,0,0,0,0,0,0,0,0,0,0,0,0,0,0,0,0,0,0,0,0,0,0,0,0,0,0,0,0,0,0,0,0,0,0
0,0,0,0,0,0,28,284,200284,100284,5687.3857421875,39,39,1968,1968,0,0,0,0,0,0,0,0,0,0,0,0,0,0,0,0,0,0,1,2,3,4,5,6,7,8,9,10,11,12,13,14,15,16,17,18,19,20,21,22,23,24,25,26,27,28,29,30,31,32,33,34,35,36,37,38,39,40,41,42,43,44,45,46,47,48,49,50,51,52,53,54,55,56,57,58,59,60,61,62,63,64,65,66,67,68,69,70,71,72,73,74,75,76,77,78,79,80,81,82,83,84,85,86,87,88,89,90,91,92,93,94,95,96,97,98,99,100,101,102,103,104,105,106,107,108,109,110,111,112,113,114,115,116,117,118,119,120,121,122,123,124,125,126,127,128,129,130,131,132,133,134,135,136,137,138,139,140,2,1,1,2035,2035,2,2007,0,0,0,0,0,0,0,0,0,0,0,0,0,0,0,0,0,0,0,0,0,0,0,0,0,0,0,0,0,0,0,0,0,0,0,0,0,0,0,0,0,0,0,0,21178.86328125,22555.125,23890.02734375,25029.892578125,26355.1796875,28000,41024.46875,42934.11328125,45211.44140625,47712.8359375,50469.8046875,53269.30078125,56000,59004.41796875,60121.0078125,62432.484375,65202.25390625,67547.2578125,69493.1875,71440.90625,72449.28125,73964.875,75941.3046875,78079.875,79674.40625,80892.21875,84506.6640625,90080.21875,93420.2578125,95734.234375,97504.4296875,98953.8828125,100191.046875,101292.734375,102273.1640625,103111.7578125,103798.453125,104328.140625,104698.078125,104906.1640625,104951.25,0,0,0,0,0,0,0,0,0,0,0,0,0,0,0,0,0,0,0,0,0,0,0,0,0,0,0,0,0,0,0,0,0,0,0,0,0,0,0,0,0,0,0,0,0,0
0,0,0,0,0,0,28,285,100285,200285,5733.892578125,39,39,1968,1968,0,0,0,0,0,0,0,0,0,0,0,0,0,0,0,0,0,0,1,2,3,4,5,6,7,8,9,10,11,12,13,14,15,16,17,18,19,20,21,22,23,24,25,26,27,28,29,30,31,32,33,34,35,36,37,38,39,40,41,42,43,44,45,46,47,48,49,50,51,52,53,54,55,56,57,58,59,60,61,62,63,64,65,66,67,68,69,70,71,72,73,74,75,76,77,78,79,80,81,82,83,84,85,86,87,88,89,90,91,92,93,94,95,96,97,98,99,100,101,102,103,104,105,106,107,108,109,110,111,112,113,114,115,116,117,118,119,120,121,122,123,124,125,126,127,128,129,130,131,132,133,134,135,136,137,138,139,140,1,2,1,2031,2038,1,2007,0,0,0,0,0,0,0,0,0,0,0,0,0,0,0,0,0,0,0,0,0,0,0,0,0,0,0,0,0,0,0,0,0,0,0,0,0,12272.0361328125,13501.2255859375,14833.65625,16109.1162109375,17352.255859375,18630.662109375,22218.80078125,23692.00390625,25231.576171875,26724.8828125,28000,0,45227.234375,49989.97265625,54794.3984375,60433.3359375,66797.1015625,74002.71875,81806.390625,86000,90613.8828125,92328.6484375,95878.4140625,100131.984375,103733.234375,106721.625,109712.7734375,111261.3515625,113588.859375,116624.0859375,119908.3203125,122357.0703125,124227.2734375,129778.0234375,138337.40625,143466.75,147020.359375,149738.875,151964.828125,153864.75,155556.625,157062.28125,158350.125,159404.6875,45100.88671875,45260.8515625,45350.76171875,45370.296875,45319.171875,45197.7421875,45006.41796875,0,0,0,0,0,0,0,0,0,0,0,0,0,0,0,0,0,0,0,0,0,0,0,0,0,0,0,0,0,0,0,0,0,0,0,0,0,0,0,0,0,0,0
0,0,0,0,0,0,28,285,200285,100285,5733.892578125,39,39,1968,1968,0,0,0,0,0,0,0,0,0,0,0,0,0,0,0,0,0,0,1,2,3,4,5,6,7,8,9,10,11,12,13,14,15,16,17,18,19,20,21,22,23,24,25,26,27,28,29,30,31,32,33,34,35,36,37,38,39,40,41,42,43,44,45,46,47,48,49,50,51,52,53,54,55,56,57,58,59,60,61,62,63,64,65,66,67,68,69,70,71,72,73,74,75,76,77,78,79,80,81,82,83,84,85,86,87,88,89,90,91,92,93,94,95,96,97,98,99,100,101,102,103,104,105,106,107,108,109,110,111,112,113,114,115,116,117,118,119,120,121,122,123,124,125,126,127,128,129,130,131,132,133,134,135,136,137,138,139,140,2,1,1,2035,2035,2,2007,0,0,0,0,0,0,0,0,0,0,0,0,0,0,0,0,0,0,0,0,0,0,0,0,0,0,0,0,0,0,0,0,0,0,0,0,0,0,0,0,0,0,0,0,21935.251953125,23360.666015625,24743.244140625,25923.8203125,27296.439453125,29000,41024.46875,42934.11328125,45211.44140625,47712.8359375,50469.8046875,53269.30078125,56000,59004.41796875,60121.0078125,62432.484375,65202.25390625,67547.2578125,69493.1875,71440.90625,72449.28125,73964.875,75941.3046875,78079.875,79674.40625,80892.21875,84506.6640625,90080.21875,93420.2578125,95734.234375,97504.4296875,98953.8828125,100191.046875,101292.734375,102273.1640625,103111.7578125,103798.453125,104328.140625,104698.078125,104906.1640625,104951.25,0,0,0,0,0,0,0,0,0,0,0,0,0,0,0,0,0,0,0,0,0,0,0,0,0,0,0,0,0,0,0,0,0,0,0,0,0,0,0,0,0,0,0,0,0,0
0,0,0,0,0,0,891,8911,108911,0,6849.30615234375,36,0,1971,0,0,0,0,0,0,0,0,0,0,0,0,0,0,0,0,0,0,0,0,0,0,1,2,3,4,5,6,7,8,9,10,11,12,13,14,15,16,17,18,19,20,21,22,23,24,25,26,27,28,29,30,31,32,33,34,35,36,37,38,39,40,41,42,43,44,45,46,47,48,49,50,51,52,53,54,55,56,57,58,59,60,61,62,63,64,65,66,67,68,69,70,71,72,73,74,75,76,77,78,79,80,81,82,83,84,85,86,87,88,89,90,91,92,93,94,95,96,97,98,99,100,101,102,103,104,105,106,107,108,109,110,111,112,113,114,115,116,117,118,119,120,121,122,123,124,125,126,127,128,129,130,131,132,133,134,135,136,137,1,0,0,9999,9999,1,2007,0,0,0,0,0,0,0,0,0,0,0,0,0,0,0,0,0,0,0,0,0,0,0,0,0,0,0,0,0,0,0,0,0,0,0,0,0,0,0,0,0,0,0,0,0,0,15800.7822265625,16632.291015625,17595.01953125,18780.748046875,19912.798828125,20937.390625,24740.888671875,26232.08984375,24960,25525.615234375,26000,27523.3125,28175.595703125,29396.0234375,30844.04296875,32103.109375,33182.77734375,34272.72265625,34919.37109375,35816.98046875,36946.44140625,38164.921875,39126.84375,39911.109375,41889.8828125,44861.96875,46743.4375,48125.80078125,49245.45703125,50211.75390625,51077.84375,51881.5625,52629.25,53309.46875,53916.0625,54445.18359375,54894.37109375,55261.265625,55544.1796875,55741.7265625,55852.8671875,55877.20703125,55814.44921875,55665.02734375,55429.45703125,55109.00390625,54705,54219.4296875,53654.5234375,53012.81640625,0,0,0,0,0,0,0,0,0,0,0,0,0,0,0,0,0,0,0,0,0,0,0,0,0,0,0,0,0,0,0,0,0,0,0
0,0,0,0,0,0,891,8912,108912,0,6856.06298828125,36,0,1971,0,0,0,0,0,0,0,0,0,0,0,0,0,0,0,0,0,0,0,0,0,0,1,2,3,4,5,6,7,8,9,10,11,12,13,14,15,16,17,18,19,20,21,22,23,24,25,26,27,28,29,30,31,32,33,34,35,36,37,38,39,40,41,42,43,44,45,46,47,48,49,50,51,52,53,54,55,56,57,58,59,60,61,62,63,64,65,66,67,68,69,70,71,72,73,74,75,76,77,78,79,80,81,82,83,84,85,86,87,88,89,90,91,92,93,94,95,96,97,98,99,100,101,102,103,104,105,106,107,108,109,110,111,112,113,114,115,116,117,118,119,120,121,122,123,124,125,126,127,128,129,130,131,132,133,134,135,136,137,1,0,0,9999,9999,1,2007,0,0,0,0,0,0,0,0,0,0,0,0,0,0,0,0,0,0,0,0,0,0,0,0,0,0,0,0,0,0,0,0,0,0,0,0,0,0,0,0,0,0,0,0,0,0,15800.7822265625,16632.291015625,17595.01953125,18780.748046875,19912.798828125,20937.390625,24740.888671875,26232.08984375,24960,25525.615234375,26000,27523.3125,28175.595703125,29396.0234375,30844.04296875,32103.109375,33182.77734375,34272.72265625,34919.37109375,35816.98046875,36946.44140625,38164.921875,39126.84375,39911.109375,41889.8828125,44861.96875,46743.4375,48125.80078125,49245.45703125,50211.75390625,51077.84375,51881.5625,52629.25,53309.46875,53916.0625,54445.18359375,54894.37109375,55261.265625,55544.1796875,55741.7265625,55852.8671875,55877.20703125,55814.44921875,55665.02734375,55429.45703125,55109.00390625,54705,54219.4296875,53654.5234375,53012.81640625,0,0,0,0,0,0,0,0,0,0,0,0,0,0,0,0,0,0,0,0,0,0,0,0,0,0,0,0,0,0,0,0,0,0,0
0,0,0,0,0,0,891,8913,108913,0,6805.35107421875,36,0,1971,0,0,0,0,0,0,0,0,0,0,0,0,0,0,0,0,0,0,0,0,0,0,1,2,3,4,5,6,7,8,9,10,11,12,13,14,15,16,17,18,19,20,21,22,23,24,25,26,27,28,29,30,31,32,33,34,35,36,37,38,39,40,41,42,43,44,45,46,47,48,49,50,51,52,53,54,55,56,57,58,59,60,61,62,63,64,65,66,67,68,69,70,71,72,73,74,75,76,77,78,79,80,81,82,83,84,85,86,87,88,89,90,91,92,93,94,95,96,97,98,99,100,101,102,103,104,105,106,107,108,109,110,111,112,113,114,115,116,117,118,119,120,121,122,123,124,125,126,127,128,129,130,131,132,133,134,135,136,137,1,0,0,9999,9999,1,2007,0,0,0,0,0,0,0,0,0,0,0,0,0,0,0,0,0,0,0,0,0,0,0,0,0,0,0,0,0,0,0,0,0,0,0,0,0,0,0,0,0,0,0,0,0,0,15800.7822265625,16632.291015625,17595.01953125,18780.748046875,19912.798828125,20937.390625,24740.888671875,26232.08984375,24960,25525.615234375,26000,27523.3125,28175.595703125,29396.0234375,30844.04296875,32103.109375,33182.77734375,34272.72265625,34919.37109375,35816.98046875,36946.44140625,38164.921875,39126.84375,39911.109375,41889.8828125,44861.96875,46743.4375,48125.80078125,49245.45703125,50211.75390625,51077.84375,51881.5625,52629.25,53309.46875,53916.0625,54445.18359375,54894.37109375,55261.265625,55544.1796875,55741.7265625,55852.8671875,55877.20703125,55814.44921875,55665.02734375,55429.45703125,55109.00390625,54705,54219.4296875,53654.5234375,53012.81640625,0,0,0,0,0,0,0,0,0,0,0,0,0,0,0,0,0,0,0,0,0,0,0,0,0,0,0,0,0,0,0,0,0,0,0
0,0,0,0,0,0,891,8914,108914,0,6822.2353515625,36,0,1971,0,0,0,0,0,0,0,0,0,0,0,0,0,0,0,0,0,0,0,0,0,0,1,2,3,4,5,6,7,8,9,10,11,12,13,14,15,16,17,18,19,20,21,22,23,24,25,26,27,28,29,30,31,32,33,34,35,36,37,38,39,40,41,42,43,44,45,46,47,48,49,50,51,52,53,54,55,56,57,58,59,60,61,62,63,64,65,66,67,68,69,70,71,72,73,74,75,76,77,78,79,80,81,82,83,84,85,86,87,88,89,90,91,92,93,94,95,96,97,98,99,100,101,102,103,104,105,106,107,108,109,110,111,112,113,114,115,116,117,118,119,120,121,122,123,124,125,126,127,128,129,130,131,132,133,134,135,136,137,1,0,0,9999,9999,1,2007,0,0,0,0,0,0,0,0,0,0,0,0,0,0,0,0,0,0,0,0,0,0,0,0,0,0,0,0,0,0,0,0,0,0,0,0,0,0,0,0,0,0,0,0,0,0,15800.7822265625,16632.291015625,17595.01953125,18780.748046875,19912.798828125,20937.390625,24740.888671875,26232.08984375,24960,25525.615234375,26000,27523.3125,28175.595703125,29396.0234375,30844.04296875,32103.109375,33182.77734375,34272.72265625,34919.37109375,35816.98046875,36946.44140625,38164.921875,39126.84375,39911.109375,41889.8828125,44861.96875,46743.4375,48125.80078125,49245.45703125,50211.75390625,51077.84375,51881.5625,52629.25,53309.46875,53916.0625,54445.18359375,54894.37109375,55261.265625,55544.1796875,55741.7265625,55852.8671875,55877.20703125,55814.44921875,55665.02734375,55429.45703125,55109.00390625,54705,54219.4296875,53654.5234375,53012.81640625,0,0,0,0,0,0,0,0,0,0,0,0,0,0,0,0,0,0,0,0,0,0,0,0,0,0,0,0,0,0,0,0,0,0,0
0,0,0,0,0,0,891,8915,108915,0,6884.10205078125,36,0,1971,0,0,0,0,0,0,0,0,0,0,0,0,0,0,0,0,0,0,0,0,0,0,1,2,3,4,5,6,7,8,9,10,11,12,13,14,15,16,17,18,19,20,21,22,23,24,25,26,27,28,29,30,31,32,33,34,35,36,37,38,39,40,41,42,43,44,45,46,47,48,49,50,51,52,53,54,55,56,57,58,59,60,61,62,63,64,65,66,67,68,69,70,71,72,73,74,75,76,77,78,79,80,81,82,83,84,85,86,87,88,89,90,91,92,93,94,95,96,97,98,99,100,101,102,103,104,105,106,107,108,109,110,111,112,113,114,115,116,117,118,119,120,121,122,123,124,125,126,127,128,129,130,131,132,133,134,135,136,137,1,0,0,9999,9999,1,2007,0,0,0,0,0,0,0,0,0,0,0,0,0,0,0,0,0,0,0,0,0,0,0,0,0,0,0,0,0,0,0,0,0,0,0,0,0,0,0,0,0,0,0,0,0,0,15800.7822265625,16632.291015625,17595.01953125,18780.748046875,19912.798828125,20937.390625,24740.888671875,26232.08984375,24960,25525.615234375,26000,27523.3125,28175.595703125,29396.0234375,30844.04296875,32103.109375,33182.77734375,34272.72265625,34919.37109375,35816.98046875,36946.44140625,38164.921875,39126.84375,39911.109375,41889.8828125,44861.96875,46743.4375,48125.80078125,49245.45703125,50211.75390625,51077.84375,51881.5625,52629.25,53309.46875,53916.0625,54445.18359375,54894.37109375,55261.265625,55544.1796875,55741.7265625,55852.8671875,55877.20703125,55814.44921875,55665.02734375,55429.45703125,55109.00390625,54705,54219.4296875,53654.5234375,53012.81640625,0,0,0,0,0,0,0,0,0,0,0,0,0,0,0,0,0,0,0,0,0,0,0,0,0,0,0,0,0,0,0,0,0,0,0
0,0,0,0,0,0,1270,12701,112701,212701,5459.26904296875,34,30,1973,1977,0,0,0,0,0,0,0,0,0,0,0,0,0,0,0,0,0,0,0,0,0,0,0,1,2,3,4,5,6,7,8,9,10,11,12,13,14,15,16,17,18,19,20,21,22,23,24,25,26,27,28,29,30,31,32,33,34,35,36,37,38,39,40,41,42,43,44,45,46,47,48,49,50,51,52,53,54,55,56,57,58,59,60,61,62,63,64,65,66,67,68,69,70,71,72,73,74,75,76,77,78,79,80,81,82,83,84,85,86,87,88,89,90,91,92,93,94,95,96,97,98,99,100,101,102,103,104,105,106,107,108,109,110,111,112,113,114,115,116,117,118,119,120,121,122,123,124,125,126,127,128,129,130,131,132,133,134,135,1,2,0,9999,9999,1,2007,0,0,0,0,0,0,0,0,0,0,0,0,0,0,0,0,0,0,0,0,0,0,0,0,0,0,0,0,0,0,0,0,0,0,0,0,0,0,0,0,4800,0,0,0,0,0,0,0,31116.0078125,35432.734375,40079.44921875,44958.27734375,50743.953125,57398.42578125,65076.578125,73620.515625,78000,82827.796875,85055.515625,89016.78125,93693.296875,97822.390625,101428.09375,105086.671875,107403.7421875,110508.546875,114349.2890625,118489.421875,121855.171875,124685.65625,131276.125,141029.28125,147402.75,152235.671875,156263.875,159827.71875,163092.21875,166175.609375,169096.765625,171817.296875,174314.9375,176575.25,178587.9375,180342.90625,181832.171875,183048.484375,183986.328125,184641.0625,185009.75,185090.578125,184882.78125,184387.875,183607.625,182546.109375,181208.234375,179600.03125,177729.078125,175603.671875,0,0,0,0,0,0,0,0,0,0,0,0,0,0,0,0,0,0,0,0,0,0,0,0,0,0,0,0,0,0,0,0,0
0,0,0,0,0,0,1270,12701,212701,112701,5459.26904296875,30,34,1977,1973,0,0,0,0,0,0,0,0,0,0,0,0,0,0,0,0,0,0,0,0,0,0,0,0,0,0,0,1,2,3,4,5,6,7,8,9,10,11,12,13,14,15,16,17,18,19,20,21,22,23,24,25,26,27,28,29,30,31,32,33,34,35,36,37,38,39,40,41,42,43,44,45,46,47,48,49,50,51,52,53,54,55,56,57,58,59,60,61,62,63,64,65,66,67,68,69,70,71,72,73,74,75,76,77,78,79,80,81,82,83,84,85,86,87,88,89,90,91,92,93,94,95,96,97,98,99,100,101,102,103,104,105,106,107,108,109,110,111,112,113,114,115,116,117,118,119,120,121,122,123,124,125,126,127,128,129,130,131,2,1,0,2027,2057,2,2007,0,0,0,0,0,0,0,0,0,0,0,0,0,0,0,0,0,0,0,0,0,0,0,0,0,0,0,0,0,0,0,0,0,0,0,0,0,0,0,0,0,0,0,0,0,0,0,18885.16015625,20220.48046875,21842.53125,23435.103515625,24931.984375,26686.404296875,28623.29296875,30769.064453125,33000,0,37730.9296875,39053.56640625,41192.92578125,43692.59765625,45966.59375,48019.96875,50121.87890625,51602.515625,53477.953125,55730.828125,58154.1640625,60219.91015625,62038.8359375,65756.5703125,71109.0859375,74806.5078125,77754.296875,80314.9453125,82656.125,84858.96875,24568.66015625,25147.9453125,25700.568359375,26222.54296875,26711.021484375,27163.724609375,27578.3359375,27952.94921875,28285.70703125,28574.96484375,28819.328125,29017.580078125,29168.7109375,29272.015625,29326.9296875,29333.2109375,29290.80859375,29199.98828125,29061.150390625,28875.015625,28642.490234375,28364.71875,28043.03125,27679.03515625,27274.412109375,0,0,0,0,0,0,0,0,0,0,0,0,0,0,0,0,0,0,0,0,0,0,0,0,0,0,0,0,0
0,0,0,0,0,0,1270,12702,112702,212702,5450.43115234375,34,30,1973,1977,0,0,0,0,0,0,0,0,0,0,0,0,0,0,0,0,0,0,0,0,0,0,0,1,2,3,4,5,6,7,8,9,10,11,12,13,14,15,16,17,18,19,20,21,22,23,24,25,26,27,28,29,30,31,32,33,34,35,36,37,38,39,40,41,42,43,44,45,46,47,48,49,50,51,52,53,54,55,56,57,58,59,60,61,62,63,64,65,66,67,68,69,70,71,72,73,74,75,76,77,78,79,80,81,82,83,84,85,86,87,88,89,90,91,92,93,94,95,96,97,98,99,100,101,102,103,104,105,106,107,108,109,110,111,112,113,114,115,116,117,118,119,120,121,122,123,124,125,126,127,128,129,130,131,132,133,134,135,1,2,0,9999,9999,1,2007,0,0,0,0,0,0,0,0,0,0,0,0,0,0,0,0,0,0,0,0,0,0,0,0,0,0,0,0,0,0,0,0,0,0,0,0,0,0,0,0,4200,0,0,0,0,0,0,0,29236.193359375,33589.83984375,38334.63671875,43385.55859375,49406.734375,56385.5390625,64499.86328125,73620.515625,78000,82827.796875,85055.515625,89016.78125,93693.296875,97822.390625,101428.09375,105086.671875,107403.7421875,110508.546875,114349.2890625,118489.421875,121855.171875,124685.65625,131276.125,141029.28125,147402.75,152235.671875,156263.875,159827.71875,163092.21875,166175.609375,169096.765625,171817.296875,174314.9375,176575.25,178587.9375,180342.90625,181832.171875,183048.484375,183986.328125,184641.0625,185009.75,185090.578125,184882.78125,184387.875,183607.625,182546.109375,181208.234375,179600.03125,177729.078125,175603.671875,0,0,0,0,0,0,0,0,0,0,0,0,0,0,0,0,0,0,0,0,0,0,0,0,0,0,0,0,0,0,0,0,0
0,0,0,0,0,0,1270,12702,212702,112702,5450.43115234375,30,34,1977,1973,0,0,0,0,0,0,0,0,0,0,0,0,0,0,0,0,0,0,0,0,0,0,0,0,0,0,0,1,2,3,4,5,6,7,8,9,10,11,12,13,14,15,16,17,18,19,20,21,22,23,24,25,26,27,28,29,30,31,32,33,34,35,36,37,38,39,40,41,42,43,44,45,46,47,48,49,50,51,52,53,54,55,56,57,58,59,60,61,62,63,64,65,66,67,68,69,70,71,72,73,74,75,76,77,78,79,80,81,82,83,84,85,86,87,88,89,90,91,92,93,94,95,96,97,98,99,100,101,102,103,104,105,106,107,108,109,110,111,112,113,114,115,116,117,118,119,120,121,122,123,124,125,126,127,128,129,130,131,2,1,0,2027,2057,2,2007,0,0,0,0,0,0,0,0,0,0,0,0,0,0,0,0,0,0,0,0,0,0,0,0,0,0,0,0,0,0,0,0,0,0,0,0,0,0,0,0,0,0,0,0,0,0,0,18885.16015625,20220.48046875,21842.53125,23435.103515625,24931.984375,26686.404296875,28623.29296875,30769.064453125,33000,0,37730.9296875,39053.56640625,41192.92578125,43692.59765625,45966.59375,48019.96875,50121.87890625,51602.515625,53477.953125,55730.828125,58154.1640625,60219.91015625,62038.8359375,65756.5703125,71109.0859375,74806.5078125,77754.296875,80314.9453125,82656.125,84858.96875,24568.66015625,25147.9453125,25700.568359375,26222.54296875,26711.021484375,27163.724609375,27578.3359375,27952.94921875,28285.70703125,28574.96484375,28819.328125,29017.580078125,29168.7109375,29272.015625,29326.9296875,29333.2109375,29290.80859375,29199.98828125,29061.150390625,28875.015625,28642.490234375,28364.71875,28043.03125,27679.03515625,27274.412109375,0,0,0,0,0,0,0,0,0,0,0,0,0,0,0,0,0,0,0,0,0,0,0,0,0,0,0,0,0
0,0,0,0,0,0,1270,12703,112703,212703,5444.75048828125,34,30,1973,1977,0,0,0,0,0,0,0,0,0,0,0,0,0,0,0,0,0,0,0,0,0,0,0,1,2,3,4,5,6,7,8,9,10,11,12,13,14,15,16,17,18,19,20,21,22,23,24,25,26,27,28,29,30,31,32,33,34,35,36,37,38,39,40,41,42,43,44,45,46,47,48,49,50,51,52,53,54,55,56,57,58,59,60,61,62,63,64,65,66,67,68,69,70,71,72,73,74,75,76,77,78,79,80,81,82,83,84,85,86,87,88,89,90,91,92,93,94,95,96,97,98,99,100,101,102,103,104,105,106,107,108,109,110,111,112,113,114,115,116,117,118,119,120,121,122,123,124,125,126,127,128,129,130,131,132,133,134,135,1,2,0,9999,9999,1,2007,0,0,0,0,0,0,0,0,0,0,0,0,0,0,0,0,0,0,0,0,0,0,0,0,0,0,0,0,0,0,0,0,0,0,0,0,0,0,0,0,4200,0,0,0,0,0,0,0,29236.193359375,33589.83984375,38334.63671875,43385.55859375,49406.734375,56385.5390625,64499.86328125,73620.515625,78000,82827.796875,85055.515625,89016.78125,93693.296875,97822.390625,101428.09375,105086.671875,107403.7421875,110508.546875,114349.2890625,118489.421875,121855.171875,124685.65625,131276.125,141029.28125,147402.75,152235.671875,156263.875,159827.71875,163092.21875,166175.609375,169096.765625,171817.296875,174314.9375,176575.25,178587.9375,180342.90625,181832.171875,183048.484375,183986.328125,184641.0625,185009.75,185090.578125,184882.78125,184387.875,183607.625,182546.109375,181208.234375,179600.03125,177729.078125,175603.671875,0,0,0,0,0,0,0,0,0,0,0,0,0,0,0,0,0,0,0,0,0,0,0,0,0,0,0,0,0,0,0,0,0
0,0,0,0,0,0,1270,12703,212703,112703,5444.75048828125,30,34,1977,1973,0,0,0,0,0,0,0,0,0,0,0,0,0,0,0,0,0,0,0,0,0,0,0,0,0,0,0,1,2,3,4,5,6,7,8,9,10,11,12,13,14,15,16,17,18,19,20,21,22,23,24,25,26,27,28,29,30,31,32,33,34,35,36,37,38,39,40,41,42,43,44,45,46,47,48,49,50,51,52,53,54,55,56,57,58,59,60,61,62,63,64,65,66,67,68,69,70,71,72,73,74,75,76,77,78,79,80,81,82,83,84,85,86,87,88,89,90,91,92,93,94,95,96,97,98,99,100,101,102,103,104,105,106,107,108,109,110,111,112,113,114,115,116,117,118,119,120,121,122,123,124,125,126,127,128,129,130,131,2,1,0,2027,2057,2,2007,0,0,0,0,0,0,0,0,0,0,0,0,0,0,0,0,0,0,0,0,0,0,0,0,0,0,0,0,0,0,0,0,0,0,0,0,0,0,0,0,0,0,0,0,0,0,0,18885.16015625,20220.48046875,21842.53125,23435.103515625,24931.984375,26686.404296875,28623.29296875,30769.064453125,33000,0,37730.9296875,39053.56640625,41192.92578125,43692.59765625,45966.59375,48019.96875,50121.87890625,51602.515625,53477.953125,55730.828125,58154.1640625,60219.91015625,62038.8359375,65756.5703125,71109.0859375,74806.5078125,77754.296875,80314.9453125,82656.125,84858.96875,24568.66015625,25147.9453125,25700.568359375,26222.54296875,26711.021484375,27163.724609375,27578.3359375,27952.94921875,28285.70703125,28574.96484375,28819.328125,29017.580078125,29168.7109375,29272.015625,29326.9296875,29333.2109375,29290.80859375,29199.98828125,29061.150390625,28875.015625,28642.490234375,28364.71875,28043.03125,27679.03515625,27274.412109375,0,0,0,0,0,0,0,0,0,0,0,0,0,0,0,0,0,0,0,0,0,0,0,0,0,0,0,0,0
0,0,0,0,0,0,1270,12704,112704,212704,5459.86962890625,34,30,1973,1977,0,0,0,0,0,0,0,0,0,0,0,0,0,0,0,0,0,0,0,0,0,0,0,1,2,3,4,5,6,7,8,9,10,11,12,13,14,15,16,17,18,19,20,21,22,23,24,25,26,27,28,29,30,31,32,33,34,35,36,37,38,39,40,41,42,43,44,45,46,47,48,49,50,51,52,53,54,55,56,57,58,59,60,61,62,63,64,65,66,67,68,69,70,71,72,73,74,75,76,77,78,79,80,81,82,83,84,85,86,87,88,89,90,91,92,93,94,95,96,97,98,99,100,101,102,103,104,105,106,107,108,109,110,111,112,113,114,115,116,117,118,119,120,121,122,123,124,125,126,127,128,129,130,131,132,133,134,135,1,2,0,9999,9999,1,2007,0,0,0,0,0,0,0,0,0,0,0,0,0,0,0,0,0,0,0,0,0,0,0,0,0,0,0,0,0,0,0,0,0,0,0,0,0,0,0,0,4800,0,0,0,0,0,0,0,31116.0078125,35432.734375,40079.44921875,44958.27734375,50743.953125,57398.42578125,65076.578125,73620.515625,78000,82827.796875,85055.515625,89016.78125,93693.296875,97822.390625,101428.09375,105086.671875,107403.7421875,110508.546875,114349.2890625,118489.421875,121855.171875,124685.65625,131276.125,141029.28125,147402.75,152235.671875,156263.875,159827.71875,163092.21875,166175.609375,169096.765625,171817.296875,174314.9375,176575.25,178587.9375,180342.90625,181832.171875,183048.484375,183986.328125,184641.0625,185009.75,185090.578125,184882.78125,184387.875,183607.625,182546.109375,181208.234375,179600.03125,177729.078125,175603.671875,0,0,0,0,0,0,0,0,0,0,0,0,0,0,0,0,0,0,0,0,0,0,0,0,0,0,0,0,0,0,0,0,0
0,0,0,0,0,0,1270,12704,212704,112704,5459.86962890625,30,34,1977,1973,0,0,0,0,0,0,0,0,0,0,0,0,0,0,0,0,0,0,0,0,0,0,0,0,0,0,0,1,2,3,4,5,6,7,8,9,10,11,12,13,14,15,16,17,18,19,20,21,22,23,24,25,26,27,28,29,30,31,32,33,34,35,36,37,38,39,40,41,42,43,44,45,46,47,48,49,50,51,52,53,54,55,56,57,58,59,60,61,62,63,64,65,66,67,68,69,70,71,72,73,74,75,76,77,78,79,80,81,82,83,84,85,86,87,88,89,90,91,92,93,94,95,96,97,98,99,100,101,102,103,104,105,106,107,108,109,110,111,112,113,114,115,116,117,118,119,120,121,122,123,124,125,126,127,128,129,130,131,2,1,0,2027,2057,2,2007,0,0,0,0,0,0,0,0,0,0,0,0,0,0,0,0,0,0,0,0,0,0,0,0,0,0,0,0,0,0,0,0,0,0,0,0,0,0,0,0,0,0,0,0,0,0,0,18312.873046875,19607.728515625,21180.623046875,22724.935546875,24176.45703125,25877.7109375,27755.90625,29836.65234375,32000,0,36587.546875,37870.10546875,39944.6328125,42368.55859375,44573.64453125,46564.79296875,48603.0078125,50038.77734375,51857.3828125,54041.984375,56391.88671875,58395.03515625,60158.83984375,63763.9140625,68954.2265625,72539.609375,75398.0625,77881.1171875,80151.34375,82287.4375,23824.142578125,24385.873046875,24921.75,25427.90625,25901.58203125,26340.56640625,26742.61328125,27105.875,27428.548828125,27709.041015625,27946,28138.244140625,28284.794921875,28384.96875,28438.21875,28444.30859375,28403.19140625,28315.123046875,28180.494140625,28000,27774.51953125,27505.16796875,27193.2265625,26840.26171875,26447.900390625,0,0,0,0,0,0,0,0,0,0,0,0,0,0,0,0,0,0,0,0,0,0,0,0,0,0,0,0,0
0,0,0,0,0,0,1270,12705,112705,212705,5487.94140625,34,30,1973,1977,0,0,0,0,0,0,0,0,0,0,0,0,0,0,0,0,0,0,0,0,0,0,0,1,2,3,4,5,6,7,8,9,10,11,12,13,14,15,16,17,18,19,20,21,22,23,24,25,26,27,28,29,30,31,32,33,34,35,36,37,38,39,40,41,42,43,44,45,46,47,48,49,50,51,52,53,54,55,56,57,58,59,60,61,62,63,64,65,66,67,68,69,70,71,72,73,74,75,76,77,78,79,80,81,82,83,84,85,86,87,88,89,90,91,92,93,94,95,96,97,98,99,100,101,102,103,104,105,106,107,108,109,110,111,112,113,114,115,116,117,118,119,120,121,122,123,124,125,126,127,128,129,130,131,132,133,134,135,1,2,0,9999,9999,1,2007,0,0,0,0,0,0,0,0,0,0,0,0,0,0,0,0,0,0,0,0,0,0,0,0,0,0,0,0,0,0,0,0,0,0,0,0,0,0,0,0,4200,0,0,0,0,0,0,0,29236.193359375,33589.83984375,38334.63671875,43385.55859375,49406.734375,56385.5390625,64499.86328125,73620.515625,78000,82827.796875,85055.515625,89016.78125,93693.296875,97822.390625,101428.09375,105086.671875,107403.7421875,110508.546875,114349.2890625,118489.421875,121855.171875,124685.65625,131276.125,141029.28125,147402.75,152235.671875,156263.875,159827.71875,163092.21875,166175.609375,169096.765625,171817.296875,174314.9375,176575.25,178587.9375,180342.90625,181832.171875,183048.484375,183986.328125,184641.0625,185009.75,185090.578125,184882.78125,184387.875,183607.625,182546.109375,181208.234375,179600.03125,177729.078125,175603.671875,0,0,0,0,0,0,0,0,0,0,0,0,0,0,0,0,0,0,0,0,0,0,0,0,0,0,0,0,0,0,0,0,0
0,0,0,0,0,0,1270,12705,212705,112705,5487.94140625,30,34,1977,1973,0,0,0,0,0,0,0,0,0,0,0,0,0,0,0,0,0,0,0,0,0,0,0,0,0,0,0,1,2,3,4,5,6,7,8,9,10,11,12,13,14,15,16,17,18,19,20,21,22,23,24,25,26,27,28,29,30,31,32,33,34,35,36,37,38,39,40,41,42,43,44,45,46,47,48,49,50,51,52,53,54,55,56,57,58,59,60,61,62,63,64,65,66,67,68,69,70,71,72,73,74,75,76,77,78,79,80,81,82,83,84,85,86,87,88,89,90,91,92,93,94,95,96,97,98,99,100,101,102,103,104,105,106,107,108,109,110,111,112,113,114,115,116,117,118,119,120,121,122,123,124,125,126,127,128,129,130,131,2,1,0,2027,2057,2,2007,0,0,0,0,0,0,0,0,0,0,0,0,0,0,0,0,0,0,0,0,0,0,0,0,0,0,0,0,0,0,0,0,0,0,0,0,0,0,0,0,0,0,0,0,0,0,0,18885.16015625,20220.48046875,21842.53125,23435.103515625,24931.984375,26686.404296875,28623.29296875,30769.064453125,33000,0,37730.9296875,39053.56640625,41192.92578125,43692.59765625,45966.59375,48019.96875,50121.87890625,51602.515625,53477.953125,55730.828125,58154.1640625,60219.91015625,62038.8359375,65756.5703125,71109.0859375,74806.5078125,77754.296875,80314.9453125,82656.125,84858.96875,24568.66015625,25147.9453125,25700.568359375,26222.54296875,26711.021484375,27163.724609375,27578.3359375,27952.94921875,28285.70703125,28574.96484375,28819.328125,29017.580078125,29168.7109375,29272.015625,29326.9296875,29333.2109375,29290.80859375,29199.98828125,29061.150390625,28875.015625,28642.490234375,28364.71875,28043.03125,27679.03515625,27274.412109375,0,0,0,0,0,0,0,0,0,0,0,0,0,0,0,0,0,0,0,0,0,0,0,0,0,0,0,0,0
0,0,0,0,0,0,1283,12831,112831,212831,3134.47607421875,47,46,1960,1961,0,0,0,0,0,0,0,0,0,0,1,2,3,4,5,6,7,8,9,10,11,12,13,14,15,16,17,18,19,20,21,22,23,24,25,26,27,28,29,30,31,32,33,34,35,36,37,38,39,40,41,42,43,44,45,46,47,48,49,50,51,52,53,54,55,56,57,58,59,60,61,62,63,64,65,66,67,68,69,70,71,72,73,74,75,76,77,78,79,80,81,82,83,84,85,86,87,88,89,90,91,92,93,94,95,96,97,98,99,100,101,102,103,104,105,106,107,108,109,110,111,112,113,114,115,116,117,118,119,120,121,122,123,124,125,126,127,128,129,130,131,132,133,134,135,136,137,138,139,140,141,142,143,144,145,146,147,148,1,2,1,2027,2027,1,2007,0,0,0,0,0,0,0,0,0,0,0,0,0,0,0,0,0,0,0,0,0,0,0,0,0,0,0,0,0,0,0,0,0,0,0,0,0,0,107855.3515625,130712.265625,140192.140625,149139.46875,158142.546875,166766.921875,175620.390625,184715.015625,193222.375,199932.796875,207909.9375,218148.125,227365.453125,235000,254592.109375,265348.15625,277201.9375,288952.125,300000,312177.71875,314143.34375,322178.4375,332301.46875,339986.46875,345446.5,350727.46875,351269.75,354173.78125,359131.21875,364668.6875,367504.3125,368497.1875,380192.0625,400244.84375,409940.84375,414888.75,417323.65625,418278.6875,418259.71875,0,0,0,0,0,0,0,0,0,0,0,0,0,0,0,0,0,0,0,0,0,0,0,0,0,0,0,0,0,0,0,0,0,0,0,0,0,0,0,0,0,0,0,0,0,0,0,0,0,0,0,0,0,0
0,0,0,0,0,0,1283,12831,212831,112831,3134.47607421875,46,47,1961,1960,0,0,0,0,0,0,0,0,0,0,0,1,2,3,4,5,6,7,8,9,10,11,12,13,14,15,16,17,18,19,20,21,22,23,24,25,26,27,28,29,30,31,32,33,34,35,36,37,38,39,40,41,42,43,44,45,46,47,48,49,50,51,52,53,54,55,56,57,58,59,60,61,62,63,64,65,66,67,68,69,70,71,72,73,74,75,76,77,78,79,80,81,82,83,84,85,86,87,88,89,90,91,92,93,94,95,96,97,98,99,100,101,102,103,104,105,106,107,108,109,110,111,112,113,114,115,116,117,118,119,120,121,122,123,124,125,126,127,128,129,130,131,132,133,134,135,136,137,138,139,140,141,142,143,144,145,146,147,2,1,1,,,2,2007,0,0,0,0,0,0,0,0,0,0,0,0,0,0,0,0,0,0,0,0,0,0,0,0,0,0,0,0,0,0,0,0,24712.314453125,26949.86328125,29262.4296875,31321.4609375,33772.8203125,36647.9453125,39881.10546875,48408.2109375,52000,0,0,0,0,0,0,0,0,0,0,88673.5625,92363.71875,96416.140625,100880.46875,105320.7421875,0,0,0,0,0,0,0,0,0,0,0,0,0,0,0,0,0,0,0,0,0,0,0,0,0,0,0,0,0,0,0,0,0,0,0,0,0,0,0,0,0,0,0,0,0,0,0,0,0,0,0,0,0,0,0,0,0,0,0,0,0,0,0,0,0,0,0,0,0,0,0,0,0,0,0
0,0,0,0,0,0,1283,12832,112832,212832,1743.28271484375,47,46,1960,1961,0,0,0,0,0,0,0,0,0,0,1,2,3,4,5,6,7,8,9,10,11,12,13,14,15,16,17,18,19,20,21,22,23,24,25,26,27,28,29,30,31,32,33,34,35,36,37,38,39,40,41,42,43,44,45,46,47,48,49,50,51,52,53,54,55,56,57,58,59,60,61,62,63,64,65,66,67,68,69,70,71,72,73,74,75,76,77,78,79,80,81,82,83,84,85,86,87,88,89,90,91,92,93,94,95,96,97,98,99,100,101,102,103,104,105,106,107,108,109,110,111,112,113,114,115,116,117,118,119,120,121,122,123,124,125,126,127,128,129,130,131,132,133,134,135,136,137,138,139,140,141,142,143,144,145,146,147,148,1,2,1,2027,2027,1,2007,0,0,0,0,0,0,0,0,0,0,0,0,0,0,0,0,0,0,0,0,0,0,0,0,0,0,0,0,0,0,0,0,0,0,0,0,0,0,71138.625,86214.4609375,92467.140625,98368.5625,104306.765625,109995.1875,115834.703125,121833.28125,127444.5234375,131870.546875,137132.0625,143884.90625,149964.421875,155000,232527.453125,242351.3125,253177.765625,263909.59375,274000,285122.3125,286917.59375,294256.3125,303502.03125,310520.96875,315507.8125,320331.09375,320826.375,323478.71875,328006.53125,333064.0625,335653.9375,336560.75,347242.0625,365556.96875,374412.65625,378931.71875,381155.59375,382027.84375,382010.53125,0,0,0,0,0,0,0,0,0,0,0,0,0,0,0,0,0,0,0,0,0,0,0,0,0,0,0,0,0,0,0,0,0,0,0,0,0,0,0,0,0,0,0,0,0,0,0,0,0,0,0,0,0,0
0,0,0,0,0,0,1283,12832,212832,112832,1743.28271484375,46,47,1961,1960,0,0,0,0,0,0,0,0,0,0,0,1,2,3,4,5,6,7,8,9,10,11,12,13,14,15,16,17,18,19,20,21,22,23,24,25,26,27,28,29,30,31,32,33,34,35,36,37,38,39,40,41,42,43,44,45,46,47,48,49,50,51,52,53,54,55,56,57,58,59,60,61,62,63,64,65,66,67,68,69,70,71,72,73,74,75,76,77,78,79,80,81,82,83,84,85,86,87,88,89,90,91,92,93,94,95,96,97,98,99,100,101,102,103,104,105,106,107,108,109,110,111,112,113,114,115,116,117,118,119,120,121,122,123,124,125,126,127,128,129,130,131,132,133,134,135,136,137,138,139,140,141,142,143,144,145,146,147,2,1,1,,,2,2007,0,0,0,0,0,0,0,0,0,0,0,0,0,0,0,0,0,0,0,0,0,0,0,0,0,0,0,0,0,0,0,0,28038.95703125,30577.712890625,33201.5859375,35537.79296875,38319.140625,41581.30078125,45249.69140625,54924.671875,59000,0,0,0,0,0,0,0,0,0,0,100610.3359375,104797.2421875,109395.171875,114460.46875,119498.46875,0,0,0,0,0,0,0,0,0,0,0,0,0,0,0,0,0,0,0,0,0,0,0,0,0,0,0,0,0,0,0,0,0,0,0,0,0,0,0,0,0,0,0,0,0,0,0,0,0,0,0,0,0,0,0,0,0,0,0,0,0,0,0,0,0,0,0,0,0,0,0,0,0,0,0
0,0,0,0,0,0,1283,12833,112833,212833,3167.284912109375,47,46,1960,1961,0,0,0,0,0,0,0,0,0,0,1,2,3,4,5,6,7,8,9,10,11,12,13,14,15,16,17,18,19,20,21,22,23,24,25,26,27,28,29,30,31,32,33,34,35,36,37,38,39,40,41,42,43,44,45,46,47,48,49,50,51,52,53,54,55,56,57,58,59,60,61,62,63,64,65,66,67,68,69,70,71,72,73,74,75,76,77,78,79,80,81,82,83,84,85,86,87,88,89,90,91,92,93,94,95,96,97,98,99,100,101,102,103,104,105,106,107,108,109,110,111,112,113,114,115,116,117,118,119,120,121,122,123,124,125,126,127,128,129,130,131,132,133,134,135,136,137,138,139,140,141,142,143,144,145,146,147,148,1,2,1,2027,2027,1,2007,0,0,0,0,0,0,0,0,0,0,0,0,0,0,0,0,0,0,0,0,0,0,0,0,0,0,0,0,0,0,0,0,0,0,0,0,0,0,64254.234375,77871.1171875,83518.6953125,88849.015625,94212.5546875,99350.4765625,104624.8828125,110042.953125,115111.171875,119108.859375,123861.203125,129960.546875,135451.71875,140000,220646.515625,229968.421875,240241.703125,250425.203125,260000,270554.03125,272257.59375,279221.34375,287994.65625,294654.96875,299387,303963.84375,304433.8125,306950.625,311247.09375,316046.21875,318503.78125,319364.25,329499.8125,346878.90625,355282.125,359570.28125,361680.53125,362508.21875,362491.78125,0,0,0,0,0,0,0,0,0,0,0,0,0,0,0,0,0,0,0,0,0,0,0,0,0,0,0,0,0,0,0,0,0,0,0,0,0,0,0,0,0,0,0,0,0,0,0,0,0,0,0,0,0,0
0,0,0,0,0,0,1283,12833,212833,112833,3167.284912109375,46,47,1961,1960,0,0,0,0,0,0,0,0,0,0,0,1,2,3,4,5,6,7,8,9,10,11,12,13,14,15,16,17,18,19,20,21,22,23,24,25,26,27,28,29,30,31,32,33,34,35,36,37,38,39,40,41,42,43,44,45,46,47,48,49,50,51,52,53,54,55,56,57,58,59,60,61,62,63,64,65,66,67,68,69,70,71,72,73,74,75,76,77,78,79,80,81,82,83,84,85,86,87,88,89,90,91,92,93,94,95,96,97,98,99,100,101,102,103,104,105,106,107,108,109,110,111,112,113,114,115,116,117,118,119,120,121,122,123,124,125,126,127,128,129,130,131,132,133,134,135,136,137,138,139,140,141,142,143,144,145,146,147,2,1,1,,,2,2007,0,0,0,0,0,0,0,0,0,0,0,0,0,0,0,0,0,0,0,0,0,0,0,0,0,0,0,0,0,0,0,0,45622.70703125,49753.5625,54022.9140625,57824.19921875,62349.78515625,67657.703125,73626.6171875,89368.9453125,96000,0,0,0,0,0,0,0,0,0,0,163704.9375,170517.53125,177998.921875,186240.75,194438.171875,0,0,0,0,0,0,0,0,0,0,0,0,0,0,0,0,0,0,0,0,0,0,0,0,0,0,0,0,0,0,0,0,0,0,0,0,0,0,0,0,0,0,0,0,0,0,0,0,0,0,0,0,0,0,0,0,0,0,0,0,0,0,0,0,0,0,0,0,0,0,0,0,0,0,0
0,0,0,0,0,0,1283,12834,112834,212834,1676.15283203125,47,46,1960,1961,0,0,0,0,0,0,0,0,0,0,1,2,3,4,5,6,7,8,9,10,11,12,13,14,15,16,17,18,19,20,21,22,23,24,25,26,27,28,29,30,31,32,33,34,35,36,37,38,39,40,41,42,43,44,45,46,47,48,49,50,51,52,53,54,55,56,57,58,59,60,61,62,63,64,65,66,67,68,69,70,71,72,73,74,75,76,77,78,79,80,81,82,83,84,85,86,87,88,89,90,91,92,93,94,95,96,97,98,99,100,101,102,103,104,105,106,107,108,109,110,111,112,113,114,115,116,117,118,119,120,121,122,123,124,125,126,127,128,129,130,131,132,133,134,135,136,137,138,139,140,141,142,143,144,145,146,147,148,1,2,1,2027,2027,1,2007,0,0,0,0,0,0,0,0,0,0,0,0,0,0,0,0,0,0,0,0,0,0,0,0,0,0,0,0,0,0,0,0,0,0,0,0,0,0,73433.421875,88995.578125,95449.9609375,101541.75,107671.5078125,113543.421875,119571.3203125,125763.3984375,131555.640625,136124.4375,141555.6875,148526.375,154801.984375,160000,348791.1875,363526.96875,379766.65625,395864.40625,411000,427683.46875,430376.40625,441384.46875,455253.03125,465781.46875,473261.71875,480496.625,481239.5625,485218.09375,492009.78125,499596.09375,503480.9375,504841.15625,520863.125,548335.4375,561619,568397.625,571733.4375,573041.8125,573015.8125,0,0,0,0,0,0,0,0,0,0,0,0,0,0,0,0,0,0,0,0,0,0,0,0,0,0,0,0,0,0,0,0,0,0,0,0,0,0,0,0,0,0,0,0,0,0,0,0,0,0,0,0,0,0
0,0,0,0,0,0,1283,12834,212834,112834,1676.15283203125,46,47,1961,1960,0,0,0,0,0,0,0,0,0,0,0,1,2,3,4,5,6,7,8,9,10,11,12,13,14,15,16,17,18,19,20,21,22,23,24,25,26,27,28,29,30,31,32,33,34,35,36,37,38,39,40,41,42,43,44,45,46,47,48,49,50,51,52,53,54,55,56,57,58,59,60,61,62,63,64,65,66,67,68,69,70,71,72,73,74,75,76,77,78,79,80,81,82,83,84,85,86,87,88,89,90,91,92,93,94,95,96,97,98,99,100,101,102,103,104,105,106,107,108,109,110,111,112,113,114,115,116,117,118,119,120,121,122,123,124,125,126,127,128,129,130,131,132,133,134,135,136,137,138,139,140,141,142,143,144,145,146,147,2,1,1,,,2,2007,0,0,0,0,0,0,0,0,0,0,0,0,0,0,0,0,0,0,0,0,0,0,0,0,0,0,0,0,0,0,0,0,47523.65625,51826.62890625,56273.87109375,60233.54296875,64947.6953125,70476.78125,76694.390625,93092.65625,100000,0,0,0,0,0,0,0,0,0,0,170525.984375,177622.4375,185415.546875,194000.796875,202539.765625,0,0,0,0,0,0,0,0,0,0,0,0,0,0,0,0,0,0,0,0,0,0,0,0,0,0,0,0,0,0,0,0,0,0,0,0,0,0,0,0,0,0,0,0,0,0,0,0,0,0,0,0,0,0,0,0,0,0,0,0,0,0,0,0,0,0,0,0,0,0,0,0,0,0,0
0,0,0,0,0,0,1283,12835,112835,212835,3262.092529296875,47,46,1960,1961,0,0,0,0,0,0,0,0,0,0,1,2,3,4,5,6,7,8,9,10,11,12,13,14,15,16,17,18,19,20,21,22,23,24,25,26,27,28,29,30,31,32,33,34,35,36,37,38,39,40,41,42,43,44,45,46,47,48,49,50,51,52,53,54,55,56,57,58,59,60,61,62,63,64,65,66,67,68,69,70,71,72,73,74,75,76,77,78,79,80,81,82,83,84,85,86,87,88,89,90,91,92,93,94,95,96,97,98,99,100,101,102,103,104,105,106,107,108,109,110,111,112,113,114,115,116,117,118,119,120,121,122,123,124,125,126,127,128,129,130,131,132,133,134,135,136,137,138,139,140,141,142,143,144,145,146,147,148,1,2,1,2027,2027,1,2007,0,0,0,0,0,0,0,0,0,0,0,0,0,0,0,0,0,0,0,0,0,0,0,0,0,0,0,0,0,0,0,0,0,0,0,0,0,0,57369.890625,69527.828125,74570.3203125,79329.53125,84118.4140625,88705.84375,93415.140625,98252.703125,102777.90625,106347.2734375,110590.4375,116036.2890625,120939.1171875,125000,280051.3125,291882.96875,304922.15625,317847.34375,330000,343395.5,345557.6875,354396.28125,365531.65625,373985.125,379991.15625,385800.21875,386396.71875,389591.15625,395044.375,401135.5625,404254.78125,405346.90625,418211.28125,440269.34375,450934.96875,456377.625,459056.03125,460106.5625,460085.6875,0,0,0,0,0,0,0,0,0,0,0,0,0,0,0,0,0,0,0,0,0,0,0,0,0,0,0,0,0,0,0,0,0,0,0,0,0,0,0,0,0,0,0,0,0,0,0,0,0,0,0,0,0,0
0,0,0,0,0,0,1283,12835,212835,112835,3262.092529296875,46,47,1961,1960,0,0,0,0,0,0,0,0,0,0,0,1,2,3,4,5,6,7,8,9,10,11,12,13,14,15,16,17,18,19,20,21,22,23,24,25,26,27,28,29,30,31,32,33,34,35,36,37,38,39,40,41,42,43,44,45,46,47,48,49,50,51,52,53,54,55,56,57,58,59,60,61,62,63,64,65,66,67,68,69,70,71,72,73,74,75,76,77,78,79,80,81,82,83,84,85,86,87,88,89,90,91,92,93,94,95,96,97,98,99,100,101,102,103,104,105,106,107,108,109,110,111,112,113,114,115,116,117,118,119,120,121,122,123,124,125,126,127,128,129,130,131,132,133,134,135,136,137,138,139,140,141,142,143,144,145,146,147,2,1,1,,,2,2007,0,0,0,0,0,0,0,0,0,0,0,0,0,0,0,0,0,0,0,0,0,0,0,0,0,0,0,0,0,0,0,0,45622.70703125,49753.5625,54022.9140625,57824.19921875,62349.78515625,67657.703125,73626.6171875,89368.9453125,96000,0,0,0,0,0,0,0,0,0,0,163704.9375,170517.53125,177998.921875,186240.75,194438.171875,0,0,0,0,0,0,0,0,0,0,0,0,0,0,0,0,0,0,0,0,0,0,0,0,0,0,0,0,0,0,0,0,0,0,0,0,0,0,0,0,0,0,0,0,0,0,0,0,0,0,0,0,0,0,0,0,0,0,0,0,0,0,0,0,0,0,0,0,0,0,0,0,0,0,0
0,0,0,0,0,0,1581,15811,115811,215811,36.922706604003906,50,50,1957,1957,0,0,0,0,0,0,0,1,2,3,4,5,6,7,8,9,10,11,12,13,14,15,16,17,18,19,20,21,22,23,24,25,26,27,28,29,30,31,32,33,34,35,36,37,38,39,40,41,42,43,44,45,46,47,48,49,50,51,52,53,54,55,56,57,58,59,60,61,62,63,64,65,66,67,68,69,70,71,72,73,74,75,76,77,78,79,80,81,82,83,84,85,86,87,88,89,90,91,92,93,94,95,96,97,98,99,100,101,102,103,104,105,106,107,108,109,110,111,112,113,114,115,116,117,118,119,120,121,122,123,124,125,126,127,128,129,130,131,132,133,134,135,136,137,138,139,140,141,142,143,144,145,146,147,148,149,150,151,1,2,1,2018,2028,1,2007,0,0,0,0,0,0,0,0,0,0,0,0,0,0,0,0,0,0,0,0,0,0,0,0,0,0,0,0,0,0,0,0,72349.8125,78410.2109375,84609.3984375,90000,881786.6875,950906.8125,1028365.875,1110646.375,1185638.875,1255423.375,1324999.375,1390739.375,1457740,1526076.125,1588915.25,1636425.375,1693779,1768894.25,1835032.375,1887801.75,1954140.5,2027198.125,2107879,2186977,2260000,2340768,2344516.25,2393264.75,2456947.25,2502039,2530359,2557057,2549063.5,2558145.25,2581851.5,2609428.75,736804.25,735348.375,755145.9375,791265.9375,806653.875,812580.8125,813536.8125,811594,807771.3125,802769.625,0,0,0,0,0,0,0,0,0,0,0,0,0,0,0,0,0,0,0,0,0,0,0,0,0,0,0,0,0,0,0,0,0,0,0,0,0,0,0,0,0,0,0,0,0,0,0,0,0,0,0,0,0
0,0,0,0,0,0,1581,15811,215811,115811,36.922706604003906,50,50,1957,1957,0,0,0,0,0,0,0,1,2,3,4,5,6,7,8,9,10,11,12,13,14,15,16,17,18,19,20,21,22,23,24,25,26,27,28,29,30,31,32,33,34,35,36,37,38,39,40,41,42,43,44,45,46,47,48,49,50,51,52,53,54,55,56,57,58,59,60,61,62,63,64,65,66,67,68,69,70,71,72,73,74,75,76,77,78,79,80,81,82,83,84,85,86,87,88,89,90,91,92,93,94,95,96,97,98,99,100,101,102,103,104,105,106,107,108,109,110,111,112,113,114,115,116,117,118,119,120,121,122,123,124,125,126,127,128,129,130,131,132,133,134,135,136,137,138,139,140,141,142,143,144,145,146,147,148,149,150,151,2,1,1,2018,2018,2,2007,0,0,0,0,0,0,0,0,0,0,0,0,0,0,0,0,0,0,0,0,0,0,0,0,0,0,0,0,0,0,0,0,0,0,0,0,861497.3125,929027.0625,1004703.75,1085091.125,1158358,1226536.875,1294512,1358739.25,1424198.25,1490960.625,1552355.25,1598772.25,1654804.625,1728193,1792809.375,1844364.625,1909176.875,1980551.625,2059376.125,2136656,2208000,2286906.25,2290568.25,2338197,2400414.5,2444468.75,2472137,2498220.75,2490408.75,2499284,2522444.75,2549387.5,0,0,0,0,0,0,0,0,0,0,0,0,0,0,0,0,0,0,0,0,0,0,0,0,0,0,0,0,0,0,0,0,0,0,0,0,0,0,0,0,0,0,0,0,0,0,0,0,0,0,0,0,0,0,0,0,0,0,0,0,0,0,0
0,0,0,0,0,0,1581,15812,115812,215812,39.946319580078125,50,50,1957,1957,0,0,0,0,0,0,0,1,2,3,4,5,6,7,8,9,10,11,12,13,14,15,16,17,18,19,20,21,22,23,24,25,26,27,28,29,30,31,32,33,34,35,36,37,38,39,40,41,42,43,44,45,46,47,48,49,50,51,52,53,54,55,56,57,58,59,60,61,62,63,64,65,66,67,68,69,70,71,72,73,74,75,76,77,78,79,80,81,82,83,84,85,86,87,88,89,90,91,92,93,94,95,96,97,98,99,100,101,102,103,104,105,106,107,108,109,110,111,112,113,114,115,116,117,118,119,120,121,122,123,124,125,126,127,128,129,130,131,132,133,134,135,136,137,138,139,140,141,142,143,144,145,146,147,148,149,150,151,1,2,1,2018,2028,1,2007,0,0,0,0,0,0,0,0,0,0,0,0,0,0,0,0,0,0,0,0,0,0,0,0,0,0,0,0,0,0,0,0,72349.8125,78410.2109375,84609.3984375,90000,881786.6875,950906.8125,1028365.875,1110646.375,1185638.875,1255423.375,1324999.375,1390739.375,1457740,1526076.125,1588915.25,1636425.375,1693779,1768894.25,1835032.375,1887801.75,1954140.5,2027198.125,2107879,2186977,2260000,2340768,2344516.25,2393264.75,2456947.25,2502039,2530359,2557057,2549063.5,2558145.25,2581851.5,2609428.75,736804.25,735348.375,755145.9375,791265.9375,806653.875,812580.8125,813536.8125,811594,807771.3125,802769.625,0,0,0,0,0,0,0,0,0,0,0,0,0,0,0,0,0,0,0,0,0,0,0,0,0,0,0,0,0,0,0,0,0,0,0,0,0,0,0,0,0,0,0,0,0,0,0,0,0,0,0,0,0
0,0,0,0,0,0,1581,15812,215812,115812,39.946319580078125,50,50,1957,1957,0,0,0,0,0,0,0,1,2,3,4,5,6,7,8,9,10,11,12,13,14,15,16,17,18,19,20,21,22,23,24,25,26,27,28,29,30,31,32,33,34,35,36,37,38,39,40,41,42,43,44,45,46,47,48,49,50,51,52,53,54,55,56,57,58,59,60,61,62,63,64,65,66,67,68,69,70,71,72,73,74,75,76,77,78,79,80,81,82,83,84,85,86,87,88,89,90,91,92,93,94,95,96,97,98,99,100,101,102,103,104,105,106,107,108,109,110,111,112,113,114,115,116,117,118,119,120,121,122,123,124,125,126,127,128,129,130,131,132,133,134,135,136,137,138,139,140,141,142,143,144,145,146,147,148,149,150,151,2,1,1,2018,2018,2,2007,0,0,0,0,0,0,0,0,0,0,0,0,0,0,0,0,0,0,0,0,0,0,0,0,0,0,0,0,0,0,0,0,0,0,0,0,861497.3125,929027.0625,1004703.75,1085091.125,1158358,1226536.875,1294512,1358739.25,1424198.25,1490960.625,1552355.25,1598772.25,1654804.625,1728193,1792809.375,1844364.625,1909176.875,1980551.625,2059376.125,2136656,2208000,2286906.25,2290568.25,2338197,2400414.5,2444468.75,2472137,2498220.75,2490408.75,2499284,2522444.75,2549387.5,0,0,0,0,0,0,0,0,0,0,0,0,0,0,0,0,0,0,0,0,0,0,0,0,0,0,0,0,0,0,0,0,0,0,0,0,0,0,0,0,0,0,0,0,0,0,0,0,0,0,0,0,0,0,0,0,0,0,0,0,0,0,0
0,0,0,0,0,0,1581,15813,115813,215813,39.49239730834961,50,50,1957,1957,0,0,0,0,0,0,0,1,2,3,4,5,6,7,8,9,10,11,12,13,14,15,16,17,18,19,20,21,22,23,24,25,26,27,28,29,30,31,32,33,34,35,36,37,38,39,40,41,42,43,44,45,46,47,48,49,50,51,52,53,54,55,56,57,58,59,60,61,62,63,64,65,66,67,68,69,70,71,72,73,74,75,76,77,78,79,80,81,82,83,84,85,86,87,88,89,90,91,92,93,94,95,96,97,98,99,100,101,102,103,104,105,106,107,108,109,110,111,112,113,114,115,116,117,118,119,120,121,122,123,124,125,126,127,128,129,130,131,132,133,134,135,136,137,138,139,140,141,142,143,144,145,146,147,148,149,150,151,1,2,1,2018,2028,1,2007,0,0,0,0,0,0,0,0,0,0,0,0,0,0,0,0,0,0,0,0,0,0,0,0,0,0,0,0,0,0,0,0,72349.8125,78410.2109375,84609.3984375,90000,881786.6875,950906.8125,1028365.875,1110646.375,1185638.875,1255423.375,1324999.375,1390739.375,1457740,1526076.125,1588915.25,1636425.375,1693779,1768894.25,1835032.375,1887801.75,1954140.5,2027198.125,2107879,2186977,2260000,2340768,2344516.25,2393264.75,2456947.25,2502039,2530359,2557057,2549063.5,2558145.25,2581851.5,2609428.75,736804.25,735348.375,755145.9375,791265.9375,806653.875,812580.8125,813536.8125,811594,807771.3125,802769.625,0,0,0,0,0,0,0,0,0,0,0,0,0,0,0,0,0,0,0,0,0,0,0,0,0,0,0,0,0,0,0,0,0,0,0,0,0,0,0,0,0,0,0,0,0,0,0,0,0,0,0,0,0
0,0,0,0,0,0,1581,15813,215813,115813,39.49239730834961,50,50,1957,1957,0,0,0,0,0,0,0,1,2,3,4,5,6,7,8,9,10,11,12,13,14,15,16,17,18,19,20,21,22,23,24,25,26,27,28,29,30,31,32,33,34,35,36,37,38,39,40,41,42,43,44,45,46,47,48,49,50,51,52,53,54,55,56,57,58,59,60,61,62,63,64,65,66,67,68,69,70,71,72,73,74,75,76,77,78,79,80,81,82,83,84,85,86,87,88,89,90,91,92,93,94,95,96,97,98,99,100,101,102,103,104,105,106,107,108,109,110,111,112,113,114,115,116,117,118,119,120,121,122,123,124,125,126,127,128,129,130,131,132,133,134,135,136,137,138,139,140,141,142,143,144,145,146,147,148,149,150,151,2,1,1,2018,2018,2,2007,0,0,0,0,0,0,0,0,0,0,0,0,0,0,0,0,0,0,0,0,0,0,0,0,0,0,0,0,0,0,0,0,0,0,0,0,861497.3125,929027.0625,1004703.75,1085091.125,1158358,1226536.875,1294512,1358739.25,1424198.25,1490960.625,1552355.25,1598772.25,1654804.625,1728193,1792809.375,1844364.625,1909176.875,1980551.625,2059376.125,2136656,2208000,2286906.25,2290568.25,2338197,2400414.5,2444468.75,2472137,2498220.75,2490408.75,2499284,2522444.75,2549387.5,0,0,0,0,0,0,0,0,0,0,0,0,0,0,0,0,0,0,0,0,0,0,0,0,0,0,0,0,0,0,0,0,0,0,0,0,0,0,0,0,0,0,0,0,0,0,0,0,0,0,0,0,0,0,0,0,0,0,0,0,0,0,0
0,0,0,0,0,0,1581,15814,115814,215814,40.164913177490234,50,50,1957,1957,0,0,0,0,0,0,0,1,2,3,4,5,6,7,8,9,10,11,12,13,14,15,16,17,18,19,20,21,22,23,24,25,26,27,28,29,30,31,32,33,34,35,36,37,38,39,40,41,42,43,44,45,46,47,48,49,50,51,52,53,54,55,56,57,58,59,60,61,62,63,64,65,66,67,68,69,70,71,72,73,74,75,76,77,78,79,80,81,82,83,84,85,86,87,88,89,90,91,92,93,94,95,96,97,98,99,100,101,102,103,104,105,106,107,108,109,110,111,112,113,114,115,116,117,118,119,120,121,122,123,124,125,126,127,128,129,130,131,132,133,134,135,136,137,138,139,140,141,142,143,144,145,146,147,148,149,150,151,1,2,1,2018,2028,1,2007,0,0,0,0,0,0,0,0,0,0,0,0,0,0,0,0,0,0,0,0,0,0,0,0,0,0,0,0,0,0,0,0,72349.8125,78410.2109375,84609.3984375,90000,881786.6875,950906.8125,1028365.875,1110646.375,1185638.875,1255423.375,1324999.375,1390739.375,1457740,1526076.125,1588915.25,1636425.375,1693779,1768894.25,1835032.375,1887801.75,1954140.5,2027198.125,2107879,2186977,2260000,2340768,2344516.25,2393264.75,2456947.25,2502039,2530359,2557057,2549063.5,2558145.25,2581851.5,2609428.75,736804.25,735348.375,755145.9375,791265.9375,806653.875,812580.8125,813536.8125,811594,807771.3125,802769.625,0,0,0,0,0,0,0,0,0,0,0,0,0,0,0,0,0,0,0,0,0,0,0,0,0,0,0,0,0,0,0,0,0,0,0,0,0,0,0,0,0,0,0,0,0,0,0,0,0,0,0,0,0
0,0,0,0,0,0,1581,15814,215814,115814,40.164913177490234,50,50,1957,1957,0,0,0,0,0,0,0,1,2,3,4,5,6,7,8,9,10,11,12,13,14,15,16,17,18,19,20,21,22,23,24,25,26,27,28,29,30,31,32,33,34,35,36,37,38,39,40,41,42,43,44,45,46,47,48,49,50,51,52,53,54,55,56,57,58,59,60,61,62,63,64,65,66,67,68,69,70,71,72,73,74,75,76,77,78,79,80,81,82,83,84,85,86,87,88,89,90,91,92,93,94,95,96,97,98,99,100,101,102,103,104,105,106,107,108,109,110,111,112,113,114,115,116,117,118,119,120,121,122,123,124,125,126,127,128,129,130,131,132,133,134,135,136,137,138,139,140,141,142,143,144,145,146,147,148,149,150,151,2,1,1,2018,2018,2,2007,0,0,0,0,0,0,0,0,0,0,0,0,0,0,0,0,0,0,0,0,0,0,0,0,0,0,0,0,0,0,0,0,0,0,0,0,861497.3125,929027.0625,1004703.75,1085091.125,1158358,1226536.875,1294512,1358739.25,1424198.25,1490960.625,1552355.25,1598772.25,1654804.625,1728193,1792809.375,1844364.625,1909176.875,1980551.625,2059376.125,2136656,2208000,2286906.25,2290568.25,2338197,2400414.5,2444468.75,2472137,2498220.75,2490408.75,2499284,2522444.75,2549387.5,0,0,0,0,0,0,0,0,0,0,0,0,0,0,0,0,0,0,0,0,0,0,0,0,0,0,0,0,0,0,0,0,0,0,0,0,0,0,0,0,0,0,0,0,0,0,0,0,0,0,0,0,0,0,0,0,0,0,0,0,0,0,0
0,0,0,0,0,0,1581,15815,115815,215815,40.45044708251953,50,50,1957,1957,0,0,0,0,0,0,0,1,2,3,4,5,6,7,8,9,10,11,12,13,14,15,16,17,18,19,20,21,22,23,24,25,26,27,28,29,30,31,32,33,34,35,36,37,38,39,40,41,42,43,44,45,46,47,48,49,50,51,52,53,54,55,56,57,58,59,60,61,62,63,64,65,66,67,68,69,70,71,72,73,74,75,76,77,78,79,80,81,82,83,84,85,86,87,88,89,90,91,92,93,94,95,96,97,98,99,100,101,102,103,104,105,106,107,108,109,110,111,112,113,114,115,116,117,118,119,120,121,122,123,124,125,126,127,128,129,130,131,132,133,134,135,136,137,138,139,140,141,142,143,144,145,146,147,148,149,150,151,1,2,1,2018,2028,1,2007,0,0,0,0,0,0,0,0,0,0,0,0,0,0,0,0,0,0,0,0,0,0,0,0,0,0,0,0,0,0,0,0,72349.8125,78410.2109375,84609.3984375,90000,881786.6875,950906.8125,1028365.875,1110646.375,1185638.875,1255423.375,1324999.375,1390739.375,1457740,1526076.125,1588915.25,1636425.375,1693779,1768894.25,1835032.375,1887801.75,1954140.5,2027198.125,2107879,2186977,2260000,2340768,2344516.25,2393264.75,2456947.25,2502039,2530359,2557057,2549063.5,2558145.25,2581851.5,2609428.75,736804.25,735348.375,755145.9375,791265.9375,806653.875,812580.8125,813536.8125,811594,807771.3125,802769.625,0,0,0,0,0,0,0,0,0,0,0,0,0,0,0,0,0,0,0,0,0,0,0,0,0,0,0,0,0,0,0,0,0,0,0,0,0,0,0,0,0,0,0,0,0,0,0,0,0,0,0,0,0
0,0,0,0,0,0,1581,15815,215815,115815,40.45044708251953,50,50,1957,1957,0,0,0,0,0,0,0,1,2,3,4,5,6,7,8,9,10,11,12,13,14,15,16,17,18,19,20,21,22,23,24,25,26,27,28,29,30,31,32,33,34,35,36,37,38,39,40,41,42,43,44,45,46,47,48,49,50,51,52,53,54,55,56,57,58,59,60,61,62,63,64,65,66,67,68,69,70,71,72,73,74,75,76,77,78,79,80,81,82,83,84,85,86,87,88,89,90,91,92,93,94,95,96,97,98,99,100,101,102,103,104,105,106,107,108,109,110,111,112,113,114,115,116,117,118,119,120,121,122,123,124,125,126,127,128,129,130,131,132,133,134,135,136,137,138,139,140,141,142,143,144,145,146,147,148,149,150,151,2,1,1,2018,2018,2,2007,0,0,0,0,0,0,0,0,0,0,0,0,0,0,0,0,0,0,0,0,0,0,0,0,0,0,0,0,0,0,0,0,0,0,0,0,861497.3125,929027.0625,1004703.75,1085091.125,1158358,1226536.875,1294512,1358739.25,1424198.25,1490960.625,1552355.25,1598772.25,1654804.625,1728193,1792809.375,1844364.625,1909176.875,1980551.625,2059376.125,2136656,2208000,2286906.25,2290568.25,2338197,2400414.5,2444468.75,2472137,2498220.75,2490408.75,2499284,2522444.75,2549387.5,0,0,0,0,0,0,0,0,0,0,0,0,0,0,0,0,0,0,0,0,0,0,0,0,0,0,0,0,0,0,0,0,0,0,0,0,0,0,0,0,0,0,0,0,0,0,0,0,0,0,0,0,0,0,0,0,0,0,0,0,0,0,0
0,0,0,0,0,0,1909,19091,119091,219091,6720.76220703125,47,39,1960,1968,0,0,0,0,0,0,0,0,0,0,1,2,3,4,5,6,7,8,9,10,11,12,13,14,15,16,17,18,19,20,21,22,23,24,25,26,27,28,29,30,31,32,33,34,35,36,37,38,39,40,41,42,43,44,45,46,47,48,49,50,51,52,53,54,55,56,57,58,59,60,61,62,63,64,65,66,67,68,69,70,71,72,73,74,75,76,77,78,79,80,81,82,83,84,85,86,87,88,89,90,91,92,93,94,95,96,97,98,99,100,101,102,103,104,105,106,107,108,109,110,111,112,113,114,115,116,117,118,119,120,121,122,123,124,125,126,127,128,129,130,131,132,133,134,135,136,137,138,139,140,141,142,143,144,145,146,147,148,1,2,0,2020,2025,1,2007,0,0,0,0,0,0,0,0,0,0,0,0,0,0,0,0,0,0,0,0,0,0,0,0,0,0,0,0,0,0,0,34628.1640625,37936.59765625,41307.06640625,44781.78515625,47858.14453125,51523.38671875,55822.5859375,60652.73046875,65812.6875,70585.734375,75090.6484375,79623.640625,83965.9453125,88423.6015625,93002.6796875,97286.078125,100664.8203125,104681.1640625,109836.015625,114476.8671875,118320.8046875,123052.8359375,128251.5859375,133980.921875,139660.171875,145000,150885.875,151835.9375,155719.546875,160612.359375,164326.765625,166965.78125,169518.25,169780.359375,171183.96875,173580.0625,176256.5,177627.0625,178106.953125,51727.69140625,54456.01171875,55775.26953125,56448.41015625,56779.75,0,0,0,0,0,0,0,0,0,0,0,0,0,0,0,0,0,0,0,0,0,0,0,0,0,0,0,0,0,0,0,0,0,0,0,0,0,0,0,0,0,0,0,0,0,0,0,0,0,0,0,0,0,0,0,0
0,0,0,0,0,0,1909,19091,219091,119091,6720.76220703125,39,47,1968,1960,0,0,0,0,0,0,0,0,0,0,0,0,0,0,0,0,0,0,1,2,3,4,5,6,7,8,9,10,11,12,13,14,15,16,17,18,19,20,21,22,23,24,25,26,27,28,29,30,31,32,33,34,35,36,37,38,39,40,41,42,43,44,45,46,47,48,49,50,51,52,53,54,55,56,57,58,59,60,61,62,63,64,65,66,67,68,69,70,71,72,73,74,75,76,77,78,79,80,81,82,83,84,85,86,87,88,89,90,91,92,93,94,95,96,97,98,99,100,101,102,103,104,105,106,107,108,109,110,111,112,113,114,115,116,117,118,119,120,121,122,123,124,125,126,127,128,129,130,131,132,133,134,135,136,137,138,139,140,2,1,0,,2023,2,2007,0,0,0,0,0,0,0,0,0,0,0,0,0,0,0,0,0,0,0,0,0,0,0,0,0,0,0,0,0,0,0,0,0,0,0,0,0,0,3701.396484375,4066.682373046875,4416.3525390625,4757.1669921875,5107.640625,5453.775390625,5815.384765625,6193.28466796875,6559.828125,6872.8173828125,7236.720703125,7688.36181640625,8113.76708984375,8491.4462890625,8941.861328125,9436.583984375,9981.853515625,10535.5341796875,0,11669.818359375,11890.6455078125,12347.8056640625,12895.6064453125,13359.3974609375,13744.2734375,14129.4912109375,14328.9130859375,14628.6640625,15019.57421875,15442.5380859375,15757.8876953125,15998.744140625,16713.619140625,17815.951171875,18476.521484375,0,0,0,0,0,0,0,0,0,0,0,0,0,0,0,0,0,0,0,0,0,0,0,0,0,0,0,0,0,0,0,0,0,0,0,0,0,0,0,0,0,0,0,0,0,0,0,0,0,0,0,0,0,0,0,0,0,0
0,0,0,0,0,0,1909,19092,119092,219092,6873.8525390625,47,39,1960,1968,0,0,0,0,0,0,0,0,0,0,1,2,3,4,5,6,7,8,9,10,11,12,13,14,15,16,17,18,19,20,21,22,23,24,25,26,27,28,29,30,31,32,33,34,35,36,37,38,39,40,41,42,43,44,45,46,47,48,49,50,51,52,53,54,55,56,57,58,59,60,61,62,63,64,65,66,67,68,69,70,71,72,73,74,75,76,77,78,79,80,81,82,83,84,85,86,87,88,89,90,91,92,93,94,95,96,97,98,99,100,101,102,103,104,105,106,107,108,109,110,111,112,113,114,115,116,117,118,119,120,121,122,123,124,125,126,127,128,129,130,131,132,133,134,135,136,137,138,139,140,141,142,143,144,145,146,147,148,1,2,0,2020,2025,1,2007,0,0,0,0,0,0,0,0,0,0,0,0,0,0,0,0,0,0,0,0,0,0,0,0,0,0,0,0,0,0,0,34628.1640625,37936.59765625,41307.06640625,44781.78515625,47858.14453125,51523.38671875,55822.5859375,60652.73046875,65812.6875,70585.734375,75090.6484375,79623.640625,83965.9453125,88423.6015625,93002.6796875,97286.078125,100664.8203125,104681.1640625,109836.015625,114476.8671875,118320.8046875,123052.8359375,128251.5859375,133980.921875,139660.171875,145000,150885.875,151835.9375,155719.546875,160612.359375,164326.765625,166965.78125,169518.25,169780.359375,171183.96875,173580.0625,176256.5,177627.0625,178106.953125,51727.69140625,54456.01171875,55775.26953125,56448.41015625,56779.75,0,0,0,0,0,0,0,0,0,0,0,0,0,0,0,0,0,0,0,0,0,0,0,0,0,0,0,0,0,0,0,0,0,0,0,0,0,0,0,0,0,0,0,0,0,0,0,0,0,0,0,0,0,0,0,0
0,0,0,0,0,0,1909,19092,219092,119092,6873.8525390625,39,47,1968,1960,0,0,0,0,0,0,0,0,0,0,0,0,0,0,0,0,0,0,1,2,3,4,5,6,7,8,9,10,11,12,13,14,15,16,17,18,19,20,21,22,23,24,25,26,27,28,29,30,31,32,33,34,35,36,37,38,39,40,41,42,43,44,45,46,47,48,49,50,51,52,53,54,55,56,57,58,59,60,61,62,63,64,65,66,67,68,69,70,71,72,73,74,75,76,77,78,79,80,81,82,83,84,85,86,87,88,89,90,91,92,93,94,95,96,97,98,99,100,101,102,103,104,105,106,107,108,109,110,111,112,113,114,115,116,117,118,119,120,121,122,123,124,125,126,127,128,129,130,131,132,133,134,135,136,137,138,139,140,2,1,0,,2023,2,2007,0,0,0,0,0,0,0,0,0,0,0,0,0,0,0,0,0,0,0,0,0,0,0,0,0,0,0,0,0,0,0,0,0,0,0,0,0,0,3701.396484375,4066.682373046875,4416.3525390625,4757.1669921875,5107.640625,5453.775390625,5815.384765625,6193.28466796875,6559.828125,6872.8173828125,7236.720703125,7688.36181640625,8113.76708984375,8491.4462890625,8941.861328125,9436.583984375,9981.853515625,10535.5341796875,0,11669.818359375,11890.6455078125,12347.8056640625,12895.6064453125,13359.3974609375,13744.2734375,14129.4912109375,14328.9130859375,14628.6640625,15019.57421875,15442.5380859375,15757.8876953125,15998.744140625,16713.619140625,17815.951171875,18476.521484375,0,0,0,0,0,0,0,0,0,0,0,0,0,0,0,0,0,0,0,0,0,0,0,0,0,0,0,0,0,0,0,0,0,0,0,0,0,0,0,0,0,0,0,0,0,0,0,0,0,0,0,0,0,0,0,0,0,0
0,0,0,0,0,0,1909,19093,119093,219093,6470.05078125,47,39,1960,1968,0,0,0,0,0,0,0,0,0,0,1,2,3,4,5,6,7,8,9,10,11,12,13,14,15,16,17,18,19,20,21,22,23,24,25,26,27,28,29,30,31,32,33,34,35,36,37,38,39,40,41,42,43,44,45,46,47,48,49,50,51,52,53,54,55,56,57,58,59,60,61,62,63,64,65,66,67,68,69,70,71,72,73,74,75,76,77,78,79,80,81,82,83,84,85,86,87,88,89,90,91,92,93,94,95,96,97,98,99,100,101,102,103,104,105,106,107,108,109,110,111,112,113,114,115,116,117,118,119,120,121,122,123,124,125,126,127,128,129,130,131,132,133,134,135,136,137,138,139,140,141,142,143,144,145,146,147,148,1,2,0,2020,2025,1,2007,0,0,0,0,0,0,0,0,0,0,0,0,0,0,0,0,0,0,0,0,0,0,0,0,0,0,0,0,0,0,0,34628.1640625,37936.59765625,41307.06640625,44781.78515625,47858.14453125,51523.38671875,55822.5859375,60652.73046875,65812.6875,70585.734375,75090.6484375,79623.640625,83965.9453125,88423.6015625,93002.6796875,97286.078125,100664.8203125,104681.1640625,109836.015625,114476.8671875,118320.8046875,123052.8359375,128251.5859375,133980.921875,139660.171875,145000,150885.875,151835.9375,155719.546875,160612.359375,164326.765625,166965.78125,169518.25,169780.359375,171183.96875,173580.0625,176256.5,177627.0625,178106.953125,51727.69140625,54456.01171875,55775.26953125,56448.41015625,56779.75,0,0,0,0,0,0,0,0,0,0,0,0,0,0,0,0,0,0,0,0,0,0,0,0,0,0,0,0,0,0,0,0,0,0,0,0,0,0,0,0,0,0,0,0,0,0,0,0,0,0,0,0,0,0,0,0
0,0,0,0,0,0,1909,19093,219093,119093,6470.05078125,39,47,1968,1960,0,0,0,0,0,0,0,0,0,0,0,0,0,0,0,0,0,0,1,2,3,4,5,6,7,8,9,10,11,12,13,14,15,16,17,18,19,20,21,22,23,24,25,26,27,28,29,30,31,32,33,34,35,36,37,38,39,40,41,42,43,44,45,46,47,48,49,50,51,52,53,54,55,56,57,58,59,60,61,62,63,64,65,66,67,68,69,70,71,72,73,74,75,76,77,78,79,80,81,82,83,84,85,86,87,88,89,90,91,92,93,94,95,96,97,98,99,100,101,102,103,104,105,106,107,108,109,110,111,112,113,114,115,116,117,118,119,120,121,122,123,124,125,126,127,128,129,130,131,132,133,134,135,136,137,138,139,140,2,1,0,,2023,2,2007,0,0,0,0,0,0,0,0,0,0,0,0,0,0,0,0,0,0,0,0,0,0,0,0,0,0,0,0,0,0,0,0,0,0,0,0,0,0,3701.396484375,4066.682373046875,4416.3525390625,4757.1669921875,5107.640625,5453.775390625,5815.384765625,6193.28466796875,6559.828125,6872.8173828125,7236.720703125,7688.36181640625,8113.76708984375,8491.4462890625,8941.861328125,9436.583984375,9981.853515625,10535.5341796875,0,11669.818359375,11890.6455078125,12347.8056640625,12895.6064453125,13359.3974609375,13744.2734375,14129.4912109375,14328.9130859375,14628.6640625,15019.57421875,15442.5380859375,15757.8876953125,15998.744140625,16713.619140625,17815.951171875,18476.521484375,0,0,0,0,0,0,0,0,0,0,0,0,0,0,0,0,0,0,0,0,0,0,0,0,0,0,0,0,0,0,0,0,0,0,0,0,0,0,0,0,0,0,0,0,0,0,0,0,0,0,0,0,0,0,0,0,0,0
0,0,0,0,0,0,1909,19094,119094,219094,6772.12744140625,47,39,1960,1968,0,0,0,0,0,0,0,0,0,0,1,2,3,4,5,6,7,8,9,10,11,12,13,14,15,16,17,18,19,20,21,22,23,24,25,26,27,28,29,30,31,32,33,34,35,36,37,38,39,40,41,42,43,44,45,46,47,48,49,50,51,52,53,54,55,56,57,58,59,60,61,62,63,64,65,66,67,68,69,70,71,72,73,74,75,76,77,78,79,80,81,82,83,84,85,86,87,88,89,90,91,92,93,94,95,96,97,98,99,100,101,102,103,104,105,106,107,108,109,110,111,112,113,114,115,116,117,118,119,120,121,122,123,124,125,126,127,128,129,130,131,132,133,134,135,136,137,138,139,140,141,142,143,144,145,146,147,148,1,2,0,2020,2025,1,2007,0,0,0,0,0,0,0,0,0,0,0,0,0,0,0,0,0,0,0,0,0,0,0,0,0,0,0,0,0,0,0,34628.1640625,37936.59765625,41307.06640625,44781.78515625,47858.14453125,51523.38671875,55822.5859375,60652.73046875,65812.6875,70585.734375,75090.6484375,79623.640625,83965.9453125,88423.6015625,93002.6796875,97286.078125,100664.8203125,104681.1640625,109836.015625,114476.8671875,118320.8046875,123052.8359375,128251.5859375,133980.921875,139660.171875,145000,150885.875,151835.9375,155719.546875,160612.359375,164326.765625,166965.78125,169518.25,169780.359375,171183.96875,173580.0625,176256.5,177627.0625,178106.953125,51727.69140625,54456.01171875,55775.26953125,56448.41015625,56779.75,0,0,0,0,0,0,0,0,0,0,0,0,0,0,0,0,0,0,0,0,0,0,0,0,0,0,0,0,0,0,0,0,0,0,0,0,0,0,0,0,0,0,0,0,0,0,0,0,0,0,0,0,0,0,0,0
0,0,0,0,0,0,1909,19094,219094,119094,6772.12744140625,39,47,1968,1960,0,0,0,0,0,0,0,0,0,0,0,0,0,0,0,0,0,0,1,2,3,4,5,6,7,8,9,10,11,12,13,14,15,16,17,18,19,20,21,22,23,24,25,26,27,28,29,30,31,32,33,34,35,36,37,38,39,40,41,42,43,44,45,46,47,48,49,50,51,52,53,54,55,56,57,58,59,60,61,62,63,64,65,66,67,68,69,70,71,72,73,74,75,76,77,78,79,80,81,82,83,84,85,86,87,88,89,90,91,92,93,94,95,96,97,98,99,100,101,102,103,104,105,106,107,108,109,110,111,112,113,114,115,116,117,118,119,120,121,122,123,124,125,126,127,128,129,130,131,132,133,134,135,136,137,138,139,140,2,1,0,,2023,2,2007,0,0,0,0,0,0,0,0,0,0,0,0,0,0,0,0,0,0,0,0,0,0,0,0,0,0,0,0,0,0,0,0,0,0,0,0,0,0,3701.396484375,4066.682373046875,4416.3525390625,4757.1669921875,5107.640625,5453.775390625,5815.384765625,6193.28466796875,6559.828125,6872.8173828125,7236.720703125,7688.36181640625,8113.76708984375,8491.4462890625,8941.861328125,9436.583984375,9981.853515625,10535.5341796875,0,11669.818359375,11890.6455078125,12347.8056640625,12895.6064453125,13359.3974609375,13744.2734375,14129.4912109375,14328.9130859375,14628.6640625,15019.57421875,15442.5380859375,15757.8876953125,15998.744140625,16713.619140625,17815.951171875,18476.521484375,0,0,0,0,0,0,0,0,0,0,0,0,0,0,0,0,0,0,0,0,0,0,0,0,0,0,0,0,0,0,0,0,0,0,0,0,0,0,0,0,0,0,0,0,0,0,0,0,0,0,0,0,0,0,0,0,0,0
0,0,0,0,0,0,1909,19095,119095,219095,6828.36083984375,47,39,1960,1968,0,0,0,0,0,0,0,0,0,0,1,2,3,4,5,6,7,8,9,10,11,12,13,14,15,16,17,18,19,20,21,22,23,24,25,26,27,28,29,30,31,32,33,34,35,36,37,38,39,40,41,42,43,44,45,46,47,48,49,50,51,52,53,54,55,56,57,58,59,60,61,62,63,64,65,66,67,68,69,70,71,72,73,74,75,76,77,78,79,80,81,82,83,84,85,86,87,88,89,90,91,92,93,94,95,96,97,98,99,100,101,102,103,104,105,106,107,108,109,110,111,112,113,114,115,116,117,118,119,120,121,122,123,124,125,126,127,128,129,130,131,132,133,134,135,136,137,138,139,140,141,142,143,144,145,146,147,148,1,2,0,2020,2025,1,2007,0,0,0,0,0,0,0,0,0,0,0,0,0,0,0,0,0,0,0,0,0,0,0,0,0,0,0,0,0,0,0,34628.1640625,37936.59765625,41307.06640625,44781.78515625,47858.14453125,51523.38671875,55822.5859375,60652.73046875,65812.6875,70585.734375,75090.6484375,79623.640625,83965.9453125,88423.6015625,93002.6796875,97286.078125,100664.8203125,104681.1640625,109836.015625,114476.8671875,118320.8046875,123052.8359375,128251.5859375,133980.921875,139660.171875,145000,150885.875,151835.9375,155719.546875,160612.359375,164326.765625,166965.78125,169518.25,169780.359375,171183.96875,173580.0625,176256.5,177627.0625,178106.953125,51727.69140625,54456.01171875,55775.26953125,56448.41015625,56779.75,0,0,0,0,0,0,0,0,0,0,0,0,0,0,0,0,0,0,0,0,0,0,0,0,0,0,0,0,0,0,0,0,0,0,0,0,0,0,0,0,0,0,0,0,0,0,0,0,0,0,0,0,0,0,0,0
0,0,0,0,0,0,1909,19095,219095,119095,6828.36083984375,39,47,1968,1960,0,0,0,0,0,0,0,0,0,0,0,0,0,0,0,0,0,0,1,2,3,4,5,6,7,8,9,10,11,12,13,14,15,16,17,18,19,20,21,22,23,24,25,26,27,28,29,30,31,32,33,34,35,36,37,38,39,40,41,42,43,44,45,46,47,48,49,50,51,52,53,54,55,56,57,58,59,60,61,62,63,64,65,66,67,68,69,70,71,72,73,74,75,76,77,78,79,80,81,82,83,84,85,86,87,88,89,90,91,92,93,94,95,96,97,98,99,100,101,102,103,104,105,106,107,108,109,110,111,112,113,114,115,116,117,118,119,120,121,122,123,124,125,126,127,128,129,130,131,132,133,134,135,136,137,138,139,140,2,1,0,,2023,2,2007,0,0,0,0,0,0,0,0,0,0,0,0,0,0,0,0,0,0,0,0,0,0,0,0,0,0,0,0,0,0,0,0,0,0,0,0,0,0,3701.396484375,4066.682373046875,4416.3525390625,4757.1669921875,5107.640625,5453.775390625,5815.384765625,6193.28466796875,6559.828125,6872.8173828125,7236.720703125,7688.36181640625,8113.76708984375,8491.4462890625,8941.861328125,9436.583984375,9981.853515625,10535.5341796875,0,11669.818359375,11890.6455078125,12347.8056640625,12895.6064453125,13359.3974609375,13744.2734375,14129.4912109375,14328.9130859375,14628.6640625,15019.57421875,15442.5380859375,15757.8876953125,15998.744140625,16713.619140625,17815.951171875,18476.521484375,0,0,0,0,0,0,0,0,0,0,0,0,0,0,0,0,0,0,0,0,0,0,0,0,0,0,0,0,0,0,0,0,0,0,0,0,0,0,0,0,0,0,0,0,0,0,0,0,0,0,0,0,0,0,0,0,0,0
1,1400,4,0,0,0,2101,21011,121011,221011,7284.47021484375,63,59,1944,1948,7,8,9,10,11,12,13,14,15,16,17,18,19,20,21,22,23,24,25,26,27,28,29,30,31,32,33,34,35,36,37,38,39,40,41,42,43,44,45,46,47,48,49,50,51,52,53,54,55,56,57,58,59,60,61,62,63,64,65,66,67,68,69,70,71,72,73,74,75,76,77,78,79,80,81,82,83,84,85,86,87,88,89,90,91,92,93,94,95,96,97,98,99,100,101,102,103,104,105,106,107,108,109,110,111,112,113,114,115,116,117,118,119,120,121,122,123,124,125,126,127,128,129,130,131,132,133,134,135,136,137,138,139,140,141,142,143,144,145,146,147,148,149,150,151,152,153,154,155,156,157,158,159,160,161,162,163,164,1,2,1,,2010,1,2007,0,0,0,0,0,0,0,0,0,0,0,0,0,0,0,0,0,0,0,0,0,0,14827.8466796875,17017.236328125,19133.083984375,20913.255859375,23044.3046875,25460.294921875,28592.001953125,32613.71875,36536.30859375,39590.07421875,42304.18359375,44928.11328125,47507.625,49520.63671875,52000,54951.1640625,58235.28125,61633.03125,64474.69921875,66900.03125,69191.28125,71167.3203125,73099.453125,74991.046875,76512.703125,77219.796875,78322.7578125,80155.375,81484.3359375,82145.8359375,83326.7734375,84707.9453125,86312.328125,87754.8125,0,25389.68359375,24920.189453125,24928.056640625,0,0,0,0,0,0,0,0,0,0,0,0,0,0,0,0,0,0,0,0,0,0,0,0,0,0,0,0,0,0,0,0,0,0,0,0,0,0,0,0,0,0,0,0,0,0,0,0,0,0,0,0,0,0,0,0,0,0,0,0,0,0,0,0,0,0,0,0,0,0,0
1,1400,4,0,0,0,2101,21011,221011,121011,7284.47021484375,59,63,1948,1944,3,4,5,6,7,8,9,10,11,12,13,14,15,16,17,18,19,20,21,22,23,24,25,26,27,28,29,30,31,32,33,34,35,36,37,38,39,40,41,42,43,44,45,46,47,48,49,50,51,52,53,54,55,56,57,58,59,60,61,62,63,64,65,66,67,68,69,70,71,72,73,74,75,76,77,78,79,80,81,82,83,84,85,86,87,88,89,90,91,92,93,94,95,96,97,98,99,100,101,102,103,104,105,106,107,108,109,110,111,112,113,114,115,116,117,118,119,120,121,122,123,124,125,126,127,128,129,130,131,132,133,134,135,136,137,138,139,140,141,142,143,144,145,146,147,148,149,150,151,152,153,154,155,156,157,158,159,160,2,1,1,2013,2013,2,2007,0,0,0,0,0,0,0,0,0,0,0,0,0,0,0,0,0,0,0,0,0,0,0,0,0,0,0,0,0,0,0,0,0,0,0,0,0,38168.1015625,40702.18359375,43346.390625,45628.58984375,47641.11328125,49580.90234375,51315.8515625,53038.7578125,54751.56640625,56211.9375,57086.25,58263.78515625,60000,31797.599609375,32256.263671875,32924.6015625,33679.68359375,34532.2578125,35328.96875,36000,36767.08984375,36312.921875,36551.58203125,37001.4140625,37155.58203125,37052.67578125,0,0,0,0,0,0,0,0,0,0,0,0,0,0,0,0,0,0,0,0,0,0,0,0,0,0,0,0,0,0,0,0,0,0,0,0,0,0,0,0,0,0,0,0,0,0,0,0,0,0,0,0,0,0,0,0,0,0,0,0,0,0,0,0,0,0,0,0
1,1400,4,0,0,0,2101,21012,121012,221012,7449.03515625,63,59,1944,1948,7,8,9,10,11,12,13,14,15,16,17,18,19,20,21,22,23,24,25,26,27,28,29,30,31,32,33,34,35,36,37,38,39,40,41,42,43,44,45,46,47,48,49,50,51,52,53,54,55,56,57,58,59,60,61,62,63,64,65,66,67,68,69,70,71,72,73,74,75,76,77,78,79,80,81,82,83,84,85,86,87,88,89,90,91,92,93,94,95,96,97,98,99,100,101,102,103,104,105,106,107,108,109,110,111,112,113,114,115,116,117,118,119,120,121,122,123,124,125,126,127,128,129,130,131,132,133,134,135,136,137,138,139,140,141,142,143,144,145,146,147,148,149,150,151,152,153,154,155,156,157,158,159,160,161,162,163,164,1,2,1,,2010,1,2007,0,0,0,0,0,0,0,0,0,0,0,0,0,0,0,0,0,0,0,0,0,0,14827.8466796875,17017.236328125,19133.083984375,20913.255859375,23044.3046875,25460.294921875,28592.001953125,32613.71875,36536.30859375,39590.07421875,42304.18359375,44928.11328125,47507.625,49520.63671875,52000,54951.1640625,58235.28125,61633.03125,64474.69921875,66900.03125,69191.28125,71167.3203125,73099.453125,74991.046875,76512.703125,77219.796875,78322.7578125,80155.375,81484.3359375,82145.8359375,83326.7734375,84707.9453125,86312.328125,87754.8125,0,25389.68359375,24920.189453125,24928.056640625,0,0,0,0,0,0,0,0,0,0,0,0,0,0,0,0,0,0,0,0,0,0,0,0,0,0,0,0,0,0,0,0,0,0,0,0,0,0,0,0,0,0,0,0,0,0,0,0,0,0,0,0,0,0,0,0,0,0,0,0,0,0,0,0,0,0,0,0,0,0,0
1,1400,4,0,0,0,2101,21012,221012,121012,7449.03515625,59,63,1948,1944,3,4,5,6,7,8,9,10,11,12,13,14,15,16,17,18,19,20,21,22,23,24,25,26,27,28,29,30,31,32,33,34,35,36,37,38,39,40,41,42,43,44,45,46,47,48,49,50,51,52,53,54,55,56,57,58,59,60,61,62,63,64,65,66,67,68,69,70,71,72,73,74,75,76,77,78,79,80,81,82,83,84,85,86,87,88,89,90,91,92,93,94,95,96,97,98,99,100,101,102,103,104,105,106,107,108,109,110,111,112,113,114,115,116,117,118,119,120,121,122,123,124,125,126,127,128,129,130,131,132,133,134,135,136,137,138,139,140,141,142,143,144,145,146,147,148,149,150,151,152,153,154,155,156,157,158,159,160,2,1,1,2013,2013,2,2007,0,0,0,0,0,0,0,0,0,0,0,0,0,0,0,0,0,0,0,0,0,0,0,0,0,0,0,0,0,0,0,0,0,0,0,0,0,38168.1015625,40702.18359375,43346.390625,45628.58984375,47641.11328125,49580.90234375,51315.8515625,53038.7578125,54751.56640625,56211.9375,57086.25,58263.78515625,60000,31797.599609375,32256.263671875,32924.6015625,33679.68359375,34532.2578125,35328.96875,36000,36767.08984375,36312.921875,36551.58203125,37001.4140625,37155.58203125,37052.67578125,0,0,0,0,0,0,0,0,0,0,0,0,0,0,0,0,0,0,0,0,0,0,0,0,0,0,0,0,0,0,0,0,0,0,0,0,0,0,0,0,0,0,0,0,0,0,0,0,0,0,0,0,0,0,0,0,0,0,0,0,0,0,0,0,0,0,0,0
1,1400,4,0,0,0,2101,21013,121013,221013,7011.41162109375,63,59,1944,1948,7,8,9,10,11,12,13,14,15,16,17,18,19,20,21,22,23,24,25,26,27,28,29,30,31,32,33,34,35,36,37,38,39,40,41,42,43,44,45,46,47,48,49,50,51,52,53,54,55,56,57,58,59,60,61,62,63,64,65,66,67,68,69,70,71,72,73,74,75,76,77,78,79,80,81,82,83,84,85,86,87,88,89,90,91,92,93,94,95,96,97,98,99,100,101,102,103,104,105,106,107,108,109,110,111,112,113,114,115,116,117,118,119,120,121,122,123,124,125,126,127,128,129,130,131,132,133,134,135,136,137,138,139,140,141,142,143,144,145,146,147,148,149,150,151,152,153,154,155,156,157,158,159,160,161,162,163,164,1,2,1,,2010,1,2007,0,0,0,0,0,0,0,0,0,0,0,0,0,0,0,0,0,0,0,0,0,0,14827.8466796875,17017.236328125,19133.083984375,20913.255859375,23044.3046875,25460.294921875,28592.001953125,32613.71875,36536.30859375,39590.07421875,42304.18359375,44928.11328125,47507.625,49520.63671875,52000,54951.1640625,58235.28125,61633.03125,64474.69921875,66900.03125,69191.28125,71167.3203125,73099.453125,74991.046875,76512.703125,77219.796875,78322.7578125,80155.375,81484.3359375,82145.8359375,83326.7734375,84707.9453125,86312.328125,87754.8125,0,25389.68359375,24920.189453125,24928.056640625,0,0,0,0,0,0,0,0,0,0,0,0,0,0,0,0,0,0,0,0,0,0,0,0,0,0,0,0,0,0,0,0,0,0,0,0,0,0,0,0,0,0,0,0,0,0,0,0,0,0,0,0,0,0,0,0,0,0,0,0,0,0,0,0,0,0,0,0,0,0,0
1,1400,4,0,0,0,2101,21013,221013,121013,7011.41162109375,59,63,1948,1944,3,4,5,6,7,8,9,10,11,12,13,14,15,16,17,18,19,20,21,22,23,24,25,26,27,28,29,30,31,32,33,34,35,36,37,38,39,40,41,42,43,44,45,46,47,48,49,50,51,52,53,54,55,56,57,58,59,60,61,62,63,64,65,66,67,68,69,70,71,72,73,74,75,76,77,78,79,80,81,82,83,84,85,86,87,88,89,90,91,92,93,94,95,96,97,98,99,100,101,102,103,104,105,106,107,108,109,110,111,112,113,114,115,116,117,118,119,120,121,122,123,124,125,126,127,128,129,130,131,132,133,134,135,136,137,138,139,140,141,142,143,144,145,146,147,148,149,150,151,152,153,154,155,156,157,158,159,160,2,1,1,2013,2013,2,2007,0,0,0,0,0,0,0,0,0,0,0,0,0,0,0,0,0,0,0,0,0,0,0,0,0,0,0,0,0,0,0,0,0,0,0,0,0,38168.1015625,40702.18359375,43346.390625,45628.58984375,47641.11328125,49580.90234375,51315.8515625,53038.7578125,54751.56640625,56211.9375,57086.25,58263.78515625,60000,31797.599609375,32256.263671875,32924.6015625,33679.68359375,34532.2578125,35328.96875,36000,36767.08984375,36312.921875,36551.58203125,37001.4140625,37155.58203125,37052.67578125,0,0,0,0,0,0,0,0,0,0,0,0,0,0,0,0,0,0,0,0,0,0,0,0,0,0,0,0,0,0,0,0,0,0,0,0,0,0,0,0,0,0,0,0,0,0,0,0,0,0,0,0,0,0,0,0,0,0,0,0,0,0,0,0,0,0,0,0
1,1400,4,0,0,0,2101,21014,121014,221014,7336.0390625,63,59,1944,1948,7,8,9,10,11,12,13,14,15,16,17,18,19,20,21,22,23,24,25,26,27,28,29,30,31,32,33,34,35,36,37,38,39,40,41,42,43,44,45,46,47,48,49,50,51,52,53,54,55,56,57,58,59,60,61,62,63,64,65,66,67,68,69,70,71,72,73,74,75,76,77,78,79,80,81,82,83,84,85,86,87,88,89,90,91,92,93,94,95,96,97,98,99,100,101,102,103,104,105,106,107,108,109,110,111,112,113,114,115,116,117,118,119,120,121,122,123,124,125,126,127,128,129,130,131,132,133,134,135,136,137,138,139,140,141,142,143,144,145,146,147,148,149,150,151,152,153,154,155,156,157,158,159,160,161,162,163,164,1,2,1,,2010,1,2007,0,0,0,0,0,0,0,0,0,0,0,0,0,0,0,0,0,0,0,0,0,0,14827.8466796875,17017.236328125,19133.083984375,20913.255859375,23044.3046875,25460.294921875,28592.001953125,32613.71875,36536.30859375,39590.07421875,42304.18359375,44928.11328125,47507.625,49520.63671875,52000,54951.1640625,58235.28125,61633.03125,64474.69921875,66900.03125,69191.28125,71167.3203125,73099.453125,74991.046875,76512.703125,77219.796875,78322.7578125,80155.375,81484.3359375,82145.8359375,83326.7734375,84707.9453125,86312.328125,87754.8125,0,25389.68359375,24920.189453125,24928.056640625,0,0,0,0,0,0,0,0,0,0,0,0,0,0,0,0,0,0,0,0,0,0,0,0,0,0,0,0,0,0,0,0,0,0,0,0,0,0,0,0,0,0,0,0,0,0,0,0,0,0,0,0,0,0,0,0,0,0,0,0,0,0,0,0,0,0,0,0,0,0,0
1,1400,4,0,0,0,2101,21014,221014,121014,7336.0390625,59,63,1948,1944,3,4,5,6,7,8,9,10,11,12,13,14,15,16,17,18,19,20,21,22,23,24,25,26,27,28,29,30,31,32,33,34,35,36,37,38,39,40,41,42,43,44,45,46,47,48,49,50,51,52,53,54,55,56,57,58,59,60,61,62,63,64,65,66,67,68,69,70,71,72,73,74,75,76,77,78,79,80,81,82,83,84,85,86,87,88,89,90,91,92,93,94,95,96,97,98,99,100,101,102,103,104,105,106,107,108,109,110,111,112,113,114,115,116,117,118,119,120,121,122,123,124,125,126,127,128,129,130,131,132,133,134,135,136,137,138,139,140,141,142,143,144,145,146,147,148,149,150,151,152,153,154,155,156,157,158,159,160,2,1,1,2013,2013,2,2007,0,0,0,0,0,0,0,0,0,0,0,0,0,0,0,0,0,0,0,0,0,0,0,0,0,0,0,0,0,0,0,0,0,0,0,0,0,38168.1015625,40702.18359375,43346.390625,45628.58984375,47641.11328125,49580.90234375,51315.8515625,53038.7578125,54751.56640625,56211.9375,57086.25,58263.78515625,60000,31797.599609375,32256.263671875,32924.6015625,33679.68359375,34532.2578125,35328.96875,36000,36767.08984375,36312.921875,36551.58203125,37001.4140625,37155.58203125,37052.67578125,0,0,0,0,0,0,0,0,0,0,0,0,0,0,0,0,0,0,0,0,0,0,0,0,0,0,0,0,0,0,0,0,0,0,0,0,0,0,0,0,0,0,0,0,0,0,0,0,0,0,0,0,0,0,0,0,0,0,0,0,0,0,0,0,0,0,0,0
1,1400,4,0,0,0,2101,21015,121015,221015,7396.46435546875,63,59,1944,1948,7,8,9,10,11,12,13,14,15,16,17,18,19,20,21,22,23,24,25,26,27,28,29,30,31,32,33,34,35,36,37,38,39,40,41,42,43,44,45,46,47,48,49,50,51,52,53,54,55,56,57,58,59,60,61,62,63,64,65,66,67,68,69,70,71,72,73,74,75,76,77,78,79,80,81,82,83,84,85,86,87,88,89,90,91,92,93,94,95,96,97,98,99,100,101,102,103,104,105,106,107,108,109,110,111,112,113,114,115,116,117,118,119,120,121,122,123,124,125,126,127,128,129,130,131,132,133,134,135,136,137,138,139,140,141,142,143,144,145,146,147,148,149,150,151,152,153,154,155,156,157,158,159,160,161,162,163,164,1,2,1,,2010,1,2007,0,0,0,0,0,0,0,0,0,0,0,0,0,0,0,0,0,0,0,0,0,0,14827.8466796875,17017.236328125,19133.083984375,20913.255859375,23044.3046875,25460.294921875,28592.001953125,32613.71875,36536.30859375,39590.07421875,42304.18359375,44928.11328125,47507.625,49520.63671875,52000,54951.1640625,58235.28125,61633.03125,64474.69921875,66900.03125,69191.28125,71167.3203125,73099.453125,74991.046875,76512.703125,77219.796875,78322.7578125,80155.375,81484.3359375,82145.8359375,83326.7734375,84707.9453125,86312.328125,87754.8125,0,25389.68359375,24920.189453125,24928.056640625,0,0,0,0,0,0,0,0,0,0,0,0,0,0,0,0,0,0,0,0,0,0,0,0,0,0,0,0,0,0,0,0,0,0,0,0,0,0,0,0,0,0,0,0,0,0,0,0,0,0,0,0,0,0,0,0,0,0,0,0,0,0,0,0,0,0,0,0,0,0,0
1,1400,4,0,0,0,2101,21015,221015,121015,7396.46435546875,59,63,1948,1944,3,4,5,6,7,8,9,10,11,12,13,14,15,16,17,18,19,20,21,22,23,24,25,26,27,28,29,30,31,32,33,34,35,36,37,38,39,40,41,42,43,44,45,46,47,48,49,50,51,52,53,54,55,56,57,58,59,60,61,62,63,64,65,66,67,68,69,70,71,72,73,74,75,76,77,78,79,80,81,82,83,84,85,86,87,88,89,90,91,92,93,94,95,96,97,98,99,100,101,102,103,104,105,106,107,108,109,110,111,112,113,114,115,116,117,118,119,120,121,122,123,124,125,126,127,128,129,130,131,132,133,134,135,136,137,138,139,140,141,142,143,144,145,146,147,148,149,150,151,152,153,154,155,156,157,158,159,160,2,1,1,2013,2013,2,2007,0,0,0,0,0,0,0,0,0,0,0,0,0,0,0,0,0,0,0,0,0,0,0,0,0,0,0,0,0,0,0,0,0,0,0,0,0,38168.1015625,40702.18359375,43346.390625,45628.58984375,47641.11328125,49580.90234375,51315.8515625,53038.7578125,54751.56640625,56211.9375,57086.25,58263.78515625,60000,31797.599609375,32256.263671875,32924.6015625,33679.68359375,34532.2578125,35328.96875,36000,36767.08984375,36312.921875,36551.58203125,37001.4140625,37155.58203125,37052.67578125,0,0,0,0,0,0,0,0,0,0,0,0,0,0,0,0,0,0,0,0,0,0,0,0,0,0,0,0,0,0,0,0,0,0,0,0,0,0,0,0,0,0,0,0,0,0,0,0,0,0,0,0,0,0,0,0,0,0,0,0,0,0,0,0,0,0,0,0
0,0,0,0,0,0,2158,21581,121581,221581,8405.0927734375,40,47,1967,1960,0,0,0,0,0,0,0,0,0,0,0,0,0,0,0,0,0,1,2,3,4,5,6,7,8,9,10,11,12,13,14,15,16,17,18,19,20,21,22,23,24,25,26,27,28,29,30,31,32,33,34,35,36,37,38,39,40,41,42,43,44,45,46,47,48,49,50,51,52,53,54,55,56,57,58,59,60,61,62,63,64,65,66,67,68,69,70,71,72,73,74,75,76,77,78,79,80,81,82,83,84,85,86,87,88,89,90,91,92,93,94,95,96,97,98,99,100,101,102,103,104,105,106,107,108,109,110,111,112,113,114,115,116,117,118,119,120,121,122,123,124,125,126,127,128,129,130,131,132,133,134,135,136,137,138,139,140,141,1,2,1,2023,9999,1,2007,0,0,0,0,0,0,0,0,0,0,0,0,0,0,0,0,0,0,0,0,0,0,0,0,0,0,0,0,0,0,0,0,0,0,0,0,8385.197265625,9184.5400390625,10088.74609375,11067.130859375,12000,0,0,0,27780.927734375,29540.140625,31239.697265625,32679.2734375,34355.96875,36443.27734375,38399.8046875,44815.34375,47118.97265625,49648.48046875,52435.46875,55257.8203125,58000,61016.5078125,62074.30859375,64360.453125,67111.03125,69416.421875,71305,73189.359375,74106.78125,75539.1640625,77436.8984375,79493.609375,80990.6328125,82100.4453125,85635.328125,91141.1875,94373.296875,27181.408203125,27640.90625,28008.095703125,28314.107421875,28580.84765625,28812.525390625,29003.515625,29151.208984375,29254.318359375,29312.337890625,29324.86328125,29291.7578125,29213.21875,29089.521484375,28921.30859375,28709.26171875,28454.404296875,28157.8984375,27821.07421875,0,0,0,0,0,0,0,0,0,0,0,0,0,0,0,0,0,0,0,0,0,0,0,0,0,0,0,0,0,0,0,0,0,0,0,0,0,0,0
0,0,0,0,0,0,2158,21581,221581,121581,8405.0927734375,47,40,1960,1967,0,0,0,0,0,0,0,0,0,0,1,2,3,4,5,6,7,8,9,10,11,12,13,14,15,16,17,18,19,20,21,22,23,24,25,26,27,28,29,30,31,32,33,34,35,36,37,38,39,40,41,42,43,44,45,46,47,48,49,50,51,52,53,54,55,56,57,58,59,60,61,62,63,64,65,66,67,68,69,70,71,72,73,74,75,76,77,78,79,80,81,82,83,84,85,86,87,88,89,90,91,92,93,94,95,96,97,98,99,100,101,102,103,104,105,106,107,108,109,110,111,112,113,114,115,116,117,118,119,120,121,122,123,124,125,126,127,128,129,130,131,132,133,134,135,136,137,138,139,140,141,142,143,144,145,146,147,148,2,1,1,2025,2025,2,2007,0,0,0,0,0,0,0,0,0,0,0,0,0,0,0,0,0,0,0,0,0,0,0,0,0,0,0,0,0,0,0,0,0,0,17691.52734375,18906.892578125,20354.888671875,22053.314453125,23961.53515625,26000,0,0,0,0,33851.375,35604.359375,37244.21484375,38537.66796875,40075.2890625,42048.73046875,43825.35546875,50592.3203125,52615.66796875,54838.58203125,57288.36328125,59716.734375,62000,64516.6875,64922.91796875,66583.5,68675.59375,70263.828125,71392.234375,72483.6328125,72595.703125,73195.8671875,74220.40625,75364.8125,75950.84375,76156.0390625,78572.9765625,82717.21875,84721.0546875,85743.625,86246.8359375,0,0,0,0,0,0,0,0,0,0,0,0,0,0,0,0,0,0,0,0,0,0,0,0,0,0,0,0,0,0,0,0,0,0,0,0,0,0,0,0,0,0,0,0,0,0,0,0,0,0,0,0,0,0,0,0
0,0,0,0,0,0,2158,21582,121582,221582,8264.1650390625,40,47,1967,1960,0,0,0,0,0,0,0,0,0,0,0,0,0,0,0,0,0,1,2,3,4,5,6,7,8,9,10,11,12,13,14,15,16,17,18,19,20,21,22,23,24,25,26,27,28,29,30,31,32,33,34,35,36,37,38,39,40,41,42,43,44,45,46,47,48,49,50,51,52,53,54,55,56,57,58,59,60,61,62,63,64,65,66,67,68,69,70,71,72,73,74,75,76,77,78,79,80,81,82,83,84,85,86,87,88,89,90,91,92,93,94,95,96,97,98,99,100,101,102,103,104,105,106,107,108,109,110,111,112,113,114,115,116,117,118,119,120,121,122,123,124,125,126,127,128,129,130,131,132,133,134,135,136,137,138,139,140,141,1,2,1,2023,9999,1,2007,0,0,0,0,0,0,0,0,0,0,0,0,0,0,0,0,0,0,0,0,0,0,0,0,0,0,0,0,0,0,0,0,0,0,0,0,12577.7958984375,13776.8095703125,15133.119140625,16600.697265625,18000,0,0,0,27780.927734375,29540.140625,31239.697265625,32679.2734375,34355.96875,36443.27734375,38399.8046875,44815.34375,47118.97265625,49648.48046875,52435.46875,55257.8203125,58000,61016.5078125,62074.30859375,64360.453125,67111.03125,69416.421875,71305,73189.359375,74106.78125,75539.1640625,77436.8984375,79493.609375,80990.6328125,82100.4453125,85635.328125,91141.1875,94373.296875,27181.408203125,27640.90625,28008.095703125,28314.107421875,28580.84765625,28812.525390625,29003.515625,29151.208984375,29254.318359375,29312.337890625,29324.86328125,29291.7578125,29213.21875,29089.521484375,28921.30859375,28709.26171875,28454.404296875,28157.8984375,27821.07421875,0,0,0,0,0,0,0,0,0,0,0,0,0,0,0,0,0,0,0,0,0,0,0,0,0,0,0,0,0,0,0,0,0,0,0,0,0,0,0
0,0,0,0,0,0,2158,21582,221582,121582,8264.1650390625,47,40,1960,1967,0,0,0,0,0,0,0,0,0,0,1,2,3,4,5,6,7,8,9,10,11,12,13,14,15,16,17,18,19,20,21,22,23,24,25,26,27,28,29,30,31,32,33,34,35,36,37,38,39,40,41,42,43,44,45,46,47,48,49,50,51,52,53,54,55,56,57,58,59,60,61,62,63,64,65,66,67,68,69,70,71,72,73,74,75,76,77,78,79,80,81,82,83,84,85,86,87,88,89,90,91,92,93,94,95,96,97,98,99,100,101,102,103,104,105,106,107,108,109,110,111,112,113,114,115,116,117,118,119,120,121,122,123,124,125,126,127,128,129,130,131,132,133,134,135,136,137,138,139,140,141,142,143,144,145,146,147,148,2,1,1,2025,2025,2,2007,0,0,0,0,0,0,0,0,0,0,0,0,0,0,0,0,0,0,0,0,0,0,0,0,0,0,0,0,0,0,0,0,0,0,17691.52734375,18906.892578125,20354.888671875,22053.314453125,23961.53515625,26000,0,0,0,0,33851.375,35604.359375,37244.21484375,38537.66796875,40075.2890625,42048.73046875,43825.35546875,50592.3203125,52615.66796875,54838.58203125,57288.36328125,59716.734375,62000,64516.6875,64922.91796875,66583.5,68675.59375,70263.828125,71392.234375,72483.6328125,72595.703125,73195.8671875,74220.40625,75364.8125,75950.84375,76156.0390625,78572.9765625,82717.21875,84721.0546875,85743.625,86246.8359375,0,0,0,0,0,0,0,0,0,0,0,0,0,0,0,0,0,0,0,0,0,0,0,0,0,0,0,0,0,0,0,0,0,0,0,0,0,0,0,0,0,0,0,0,0,0,0,0,0,0,0,0,0,0,0,0
0,0,0,0,0,0,2158,21583,121583,221583,8497.806640625,40,47,1967,1960,0,0,0,0,0,0,0,0,0,0,0,0,0,0,0,0,0,1,2,3,4,5,6,7,8,9,10,11,12,13,14,15,16,17,18,19,20,21,22,23,24,25,26,27,28,29,30,31,32,33,34,35,36,37,38,39,40,41,42,43,44,45,46,47,48,49,50,51,52,53,54,55,56,57,58,59,60,61,62,63,64,65,66,67,68,69,70,71,72,73,74,75,76,77,78,79,80,81,82,83,84,85,86,87,88,89,90,91,92,93,94,95,96,97,98,99,100,101,102,103,104,105,106,107,108,109,110,111,112,113,114,115,116,117,118,119,120,121,122,123,124,125,126,127,128,129,130,131,132,133,134,135,136,137,138,139,140,141,1,2,1,2023,9999,1,2007,0,0,0,0,0,0,0,0,0,0,0,0,0,0,0,0,0,0,0,0,0,0,0,0,0,0,0,0,0,0,0,0,0,0,0,0,9083.96484375,9949.9189453125,10929.4765625,11989.3935546875,13000,0,0,0,27780.927734375,29540.140625,31239.697265625,32679.2734375,34355.96875,36443.27734375,38399.8046875,44815.34375,47118.97265625,49648.48046875,52435.46875,55257.8203125,58000,61016.5078125,62074.30859375,64360.453125,67111.03125,69416.421875,71305,73189.359375,74106.78125,75539.1640625,77436.8984375,79493.609375,80990.6328125,82100.4453125,85635.328125,91141.1875,94373.296875,27181.408203125,27640.90625,28008.095703125,28314.107421875,28580.84765625,28812.525390625,29003.515625,29151.208984375,29254.318359375,29312.337890625,29324.86328125,29291.7578125,29213.21875,29089.521484375,28921.30859375,28709.26171875,28454.404296875,28157.8984375,27821.07421875,0,0,0,0,0,0,0,0,0,0,0,0,0,0,0,0,0,0,0,0,0,0,0,0,0,0,0,0,0,0,0,0,0,0,0,0,0,0,0
0,0,0,0,0,0,2158,21583,221583,121583,8497.806640625,47,40,1960,1967,0,0,0,0,0,0,0,0,0,0,1,2,3,4,5,6,7,8,9,10,11,12,13,14,15,16,17,18,19,20,21,22,23,24,25,26,27,28,29,30,31,32,33,34,35,36,37,38,39,40,41,42,43,44,45,46,47,48,49,50,51,52,53,54,55,56,57,58,59,60,61,62,63,64,65,66,67,68,69,70,71,72,73,74,75,76,77,78,79,80,81,82,83,84,85,86,87,88,89,90,91,92,93,94,95,96,97,98,99,100,101,102,103,104,105,106,107,108,109,110,111,112,113,114,115,116,117,118,119,120,121,122,123,124,125,126,127,128,129,130,131,132,133,134,135,136,137,138,139,140,141,142,143,144,145,146,147,148,2,1,1,2025,2025,2,2007,0,0,0,0,0,0,0,0,0,0,0,0,0,0,0,0,0,0,0,0,0,0,0,0,0,0,0,0,0,0,0,0,0,0,17691.52734375,18906.892578125,20354.888671875,22053.314453125,23961.53515625,26000,0,0,0,0,33851.375,35604.359375,37244.21484375,38537.66796875,40075.2890625,42048.73046875,43825.35546875,50592.3203125,52615.66796875,54838.58203125,57288.36328125,59716.734375,62000,64516.6875,64922.91796875,66583.5,68675.59375,70263.828125,71392.234375,72483.6328125,72595.703125,73195.8671875,74220.40625,75364.8125,75950.84375,76156.0390625,78572.9765625,82717.21875,84721.0546875,85743.625,86246.8359375,0,0,0,0,0,0,0,0,0,0,0,0,0,0,0,0,0,0,0,0,0,0,0,0,0,0,0,0,0,0,0,0,0,0,0,0,0,0,0,0,0,0,0,0,0,0,0,0,0,0,0,0,0,0,0,0
0,0,0,0,0,0,2158,21584,121584,221584,8303.2490234375,40,47,1967,1960,0,0,0,0,0,0,0,0,0,0,0,0,0,0,0,0,0,1,2,3,4,5,6,7,8,9,10,11,12,13,14,15,16,17,18,19,20,21,22,23,24,25,26,27,28,29,30,31,32,33,34,35,36,37,38,39,40,41,42,43,44,45,46,47,48,49,50,51,52,53,54,55,56,57,58,59,60,61,62,63,64,65,66,67,68,69,70,71,72,73,74,75,76,77,78,79,80,81,82,83,84,85,86,87,88,89,90,91,92,93,94,95,96,97,98,99,100,101,102,103,104,105,106,107,108,109,110,111,112,113,114,115,116,117,118,119,120,121,122,123,124,125,126,127,128,129,130,131,132,133,134,135,136,137,138,139,140,141,1,2,1,2023,9999,1,2007,0,0,0,0,0,0,0,0,0,0,0,0,0,0,0,0,0,0,0,0,0,0,0,0,0,0,0,0,0,0,0,0,0,0,0,0,14674.0849609375,16072.93359375,17655.29296875,19367.466796875,21000,0,0,0,27780.927734375,29540.140625,31239.697265625,32679.2734375,34355.96875,36443.27734375,38399.8046875,44815.34375,47118.97265625,49648.48046875,52435.46875,55257.8203125,58000,61016.5078125,62074.30859375,64360.453125,67111.03125,69416.421875,71305,73189.359375,74106.78125,75539.1640625,77436.8984375,79493.609375,80990.6328125,82100.4453125,85635.328125,91141.1875,94373.296875,27181.408203125,27640.90625,28008.095703125,28314.107421875,28580.84765625,28812.525390625,29003.515625,29151.208984375,29254.318359375,29312.337890625,29324.86328125,29291.7578125,29213.21875,29089.521484375,28921.30859375,28709.26171875,28454.404296875,28157.8984375,27821.07421875,0,0,0,0,0,0,0,0,0,0,0,0,0,0,0,0,0,0,0,0,0,0,0,0,0,0,0,0,0,0,0,0,0,0,0,0,0,0,0
0,0,0,0,0,0,2158,21584,221584,121584,8303.2490234375,47,40,1960,1967,0,0,0,0,0,0,0,0,0,0,1,2,3,4,5,6,7,8,9,10,11,12,13,14,15,16,17,18,19,20,21,22,23,24,25,26,27,28,29,30,31,32,33,34,35,36,37,38,39,40,41,42,43,44,45,46,47,48,49,50,51,52,53,54,55,56,57,58,59,60,61,62,63,64,65,66,67,68,69,70,71,72,73,74,75,76,77,78,79,80,81,82,83,84,85,86,87,88,89,90,91,92,93,94,95,96,97,98,99,100,101,102,103,104,105,106,107,108,109,110,111,112,113,114,115,116,117,118,119,120,121,122,123,124,125,126,127,128,129,130,131,132,133,134,135,136,137,138,139,140,141,142,143,144,145,146,147,148,2,1,1,2025,2025,2,2007,0,0,0,0,0,0,0,0,0,0,0,0,0,0,0,0,0,0,0,0,0,0,0,0,0,0,0,0,0,0,0,0,0,0,17691.52734375,18906.892578125,20354.888671875,22053.314453125,23961.53515625,26000,0,0,0,0,33851.375,35604.359375,37244.21484375,38537.66796875,40075.2890625,42048.73046875,43825.35546875,50592.3203125,52615.66796875,54838.58203125,57288.36328125,59716.734375,62000,64516.6875,64922.91796875,66583.5,68675.59375,70263.828125,71392.234375,72483.6328125,72595.703125,73195.8671875,74220.40625,75364.8125,75950.84375,76156.0390625,78572.9765625,82717.21875,84721.0546875,85743.625,86246.8359375,0,0,0,0,0,0,0,0,0,0,0,0,0,0,0,0,0,0,0,0,0,0,0,0,0,0,0,0,0,0,0,0,0,0,0,0,0,0,0,0,0,0,0,0,0,0,0,0,0,0,0,0,0,0,0,0
0,0,0,0,0,0,2158,21585,121585,221585,8313.775390625,40,47,1967,1960,0,0,0,0,0,0,0,0,0,0,0,0,0,0,0,0,0,1,2,3,4,5,6,7,8,9,10,11,12,13,14,15,16,17,18,19,20,21,22,23,24,25,26,27,28,29,30,31,32,33,34,35,36,37,38,39,40,41,42,43,44,45,46,47,48,49,50,51,52,53,54,55,56,57,58,59,60,61,62,63,64,65,66,67,68,69,70,71,72,73,74,75,76,77,78,79,80,81,82,83,84,85,86,87,88,89,90,91,92,93,94,95,96,97,98,99,100,101,102,103,104,105,106,107,108,109,110,111,112,113,114,115,116,117,118,119,120,121,122,123,124,125,126,127,128,129,130,131,132,133,134,135,136,137,138,139,140,141,1,2,1,2023,9999,1,2007,0,0,0,0,0,0,0,0,0,0,0,0,0,0,0,0,0,0,0,0,0,0,0,0,0,0,0,0,0,0,0,0,0,0,0,0,16770.38671875,18369.0703125,20177.482421875,22134.251953125,24000,0,0,0,27780.927734375,29540.140625,31239.697265625,32679.2734375,34355.96875,36443.27734375,38399.8046875,44815.34375,47118.97265625,49648.48046875,52435.46875,55257.8203125,58000,61016.5078125,62074.30859375,64360.453125,67111.03125,69416.421875,71305,73189.359375,74106.78125,75539.1640625,77436.8984375,79493.609375,80990.6328125,82100.4453125,85635.328125,91141.1875,94373.296875,27181.408203125,27640.90625,28008.095703125,28314.107421875,28580.84765625,28812.525390625,29003.515625,29151.208984375,29254.318359375,29312.337890625,29324.86328125,29291.7578125,29213.21875,29089.521484375,28921.30859375,28709.26171875,28454.404296875,28157.8984375,27821.07421875,0,0,0,0,0,0,0,0,0,0,0,0,0,0,0,0,0,0,0,0,0,0,0,0,0,0,0,0,0,0,0,0,0,0,0,0,0,0,0
0,0,0,0,0,0,2158,21585,221585,121585,8313.775390625,47,40,1960,1967,0,0,0,0,0,0,0,0,0,0,1,2,3,4,5,6,7,8,9,10,11,12,13,14,15,16,17,18,19,20,21,22,23,24,25,26,27,28,29,30,31,32,33,34,35,36,37,38,39,40,41,42,43,44,45,46,47,48,49,50,51,52,53,54,55,56,57,58,59,60,61,62,63,64,65,66,67,68,69,70,71,72,73,74,75,76,77,78,79,80,81,82,83,84,85,86,87,88,89,90,91,92,93,94,95,96,97,98,99,100,101,102,103,104,105,106,107,108,109,110,111,112,113,114,115,116,117,118,119,120,121,122,123,124,125,126,127,128,129,130,131,132,133,134,135,136,137,138,139,140,141,142,143,144,145,146,147,148,2,1,1,2025,2025,2,2007,0,0,0,0,0,0,0,0,0,0,0,0,0,0,0,0,0,0,0,0,0,0,0,0,0,0,0,0,0,0,0,0,0,0,17691.52734375,18906.892578125,20354.888671875,22053.314453125,23961.53515625,26000,0,0,0,0,33851.375,35604.359375,37244.21484375,38537.66796875,40075.2890625,42048.73046875,43825.35546875,50592.3203125,52615.66796875,54838.58203125,57288.36328125,59716.734375,62000,64516.6875,64922.91796875,66583.5,68675.59375,70263.828125,71392.234375,72483.6328125,72595.703125,73195.8671875,74220.40625,75364.8125,75950.84375,76156.0390625,78572.9765625,82717.21875,84721.0546875,85743.625,86246.8359375,0,0,0,0,0,0,0,0,0,0,0,0,0,0,0,0,0,0,0,0,0,0,0,0,0,0,0,0,0,0,0,0,0,0,0,0,0,0,0,0,0,0,0,0,0,0,0,0,0,0,0,0,0,0,0,0
1,680,4,1,230,4,2232,22321,122321,222321,12038.0712890625,79,77,1928,1930,23,24,25,26,27,28,29,30,31,32,33,34,35,36,37,38,39,40,41,42,43,44,45,46,47,48,49,50,51,52,53,54,55,56,57,58,59,60,61,62,63,64,65,66,67,68,69,70,71,72,73,74,75,76,77,78,79,80,81,82,83,84,85,86,87,88,89,90,91,92,93,94,95,96,97,98,99,100,101,102,103,104,105,106,107,108,109,110,111,112,113,114,115,116,117,118,119,120,121,122,123,124,125,126,127,128,129,130,131,132,133,134,135,136,137,138,139,140,141,142,143,144,145,146,147,148,149,150,151,152,153,154,155,156,157,158,159,160,161,162,163,164,165,166,167,168,169,170,171,172,173,174,175,176,177,178,179,180,1,2,1,,,1,2007,8039.521484375,9614.349609375,10204.162109375,10763.0498046875,11283.7197265625,12000,0,13696.6494140625,14426.5185546875,15194.2412109375,15882.701171875,16598.779296875,17324.271484375,18098.21875,18876.025390625,19867.25,20874.578125,22198.017578125,23703.07421875,25311.869140625,26877.796875,28267.08984375,30248.71875,33859.95703125,37132.1796875,39587.3125,42546.71484375,45849.47265625,50220.8359375,55873.796875,61052.09765625,64525.40234375,67250.609375,69662.515625,71847.75,73047.3671875,74815.171875,77113.7421875,79709.328125,82282.0234375,83955.5234375,84967.8671875,85713.3046875,85989.53125,86148.546875,86200.8125,85783.5390625,84443.671875,83540.1640625,83388.875,82683.34375,81301.390625,80438.6953125,0,0,0,0,0,0,0,0,0,0,0,0,0,0,0,0,0,0,0,0,0,0,0,0,0,0,0,0,0,0,0,0,0,0,0,0,0,0,0,0,0,0,0,0,0,0,0,0,0,0,0,0,0,0,0,0,0,0,0,0,0,0,0,0,0,0,0,0,0,0,0,0,0,0,0,0,0,0
1,680,4,1,230,4,2232,22321,222321,122321,12038.0712890625,77,79,1930,1928,21,22,23,24,25,26,27,28,29,30,31,32,33,34,35,36,37,38,39,40,41,42,43,44,45,46,47,48,49,50,51,52,53,54,55,56,57,58,59,60,61,62,63,64,65,66,67,68,69,70,71,72,73,74,75,76,77,78,79,80,81,82,83,84,85,86,87,88,89,90,91,92,93,94,95,96,97,98,99,100,101,102,103,104,105,106,107,108,109,110,111,112,113,114,115,116,117,118,119,120,121,122,123,124,125,126,127,128,129,130,131,132,133,134,135,136,137,138,139,140,141,142,143,144,145,146,147,148,149,150,151,152,153,154,155,156,157,158,159,160,161,162,163,164,165,166,167,168,169,170,171,172,173,174,175,176,177,178,2,1,1,,,2,2007,0,0,0,0,0,0,0,0,0,0,0,0,0,0,0,0,0,0,0,0,0,0,0,0,0,0,0,0,0,0,0,0,0,0,0,0,0,0,0,0,0,0,0,0,0,0,0,0,0,0,0,0,0,0,0,0,0,0,0,0,0,0,0,0,0,0,0,0,0,0,0,0,0,0,0,0,0,0,0,0,0,0,0,0,0,0,0,0,0,0,0,0,0,0,0,0,0,0,0,0,0,0,0,0,0,0,0,0,0,0,0,0,0,0,0,0,0,0,0,0,0,0,0,0,0,0,0,0,0,0,0
1,680,4,1,240,4,2232,22322,122322,222322,11700.5478515625,79,77,1928,1930,23,24,25,26,27,28,29,30,31,32,33,34,35,36,37,38,39,40,41,42,43,44,45,46,47,48,49,50,51,52,53,54,55,56,57,58,59,60,61,62,63,64,65,66,67,68,69,70,71,72,73,74,75,76,77,78,79,80,81,82,83,84,85,86,87,88,89,90,91,92,93,94,95,96,97,98,99,100,101,102,103,104,105,106,107,108,109,110,111,112,113,114,115,116,117,118,119,120,121,122,123,124,125,126,127,128,129,130,131,132,133,134,135,136,137,138,139,140,141,142,143,144,145,146,147,148,149,150,151,152,153,154,155,156,157,158,159,160,161,162,163,164,165,166,167,168,169,170,171,172,173,174,175,176,177,178,179,180,1,2,1,,,1,2007,8039.521484375,9614.349609375,10204.162109375,10763.0498046875,11283.7197265625,12000,0,13696.6494140625,14426.5185546875,15194.2412109375,15882.701171875,16598.779296875,17324.271484375,18098.21875,18876.025390625,19867.25,20874.578125,22198.017578125,23703.07421875,25311.869140625,26877.796875,28267.08984375,30248.71875,33859.95703125,37132.1796875,39587.3125,42546.71484375,45849.47265625,50220.8359375,55873.796875,61052.09765625,64525.40234375,67250.609375,69662.515625,71847.75,73047.3671875,74815.171875,77113.7421875,79709.328125,82282.0234375,83955.5234375,84967.8671875,85713.3046875,85989.53125,86148.546875,86200.8125,85783.5390625,84443.671875,83540.1640625,83388.875,82683.34375,81301.390625,80438.6953125,0,0,0,0,0,0,0,0,0,0,0,0,0,0,0,0,0,0,0,0,0,0,0,0,0,0,0,0,0,0,0,0,0,0,0,0,0,0,0,0,0,0,0,0,0,0,0,0,0,0,0,0,0,0,0,0,0,0,0,0,0,0,0,0,0,0,0,0,0,0,0,0,0,0,0,0,0,0
1,680,4,1,240,4,2232,22322,222322,122322,11700.5478515625,77,79,1930,1928,21,22,23,24,25,26,27,28,29,30,31,32,33,34,35,36,37,38,39,40,41,42,43,44,45,46,47,48,49,50,51,52,53,54,55,56,57,58,59,60,61,62,63,64,65,66,67,68,69,70,71,72,73,74,75,76,77,78,79,80,81,82,83,84,85,86,87,88,89,90,91,92,93,94,95,96,97,98,99,100,101,102,103,104,105,106,107,108,109,110,111,112,113,114,115,116,117,118,119,120,121,122,123,124,125,126,127,128,129,130,131,132,133,134,135,136,137,138,139,140,141,142,143,144,145,146,147,148,149,150,151,152,153,154,155,156,157,158,159,160,161,162,163,164,165,166,167,168,169,170,171,172,173,174,175,176,177,178,2,1,1,,,2,2007,0,0,0,0,0,0,0,0,0,0,0,0,0,0,0,0,0,0,0,0,0,0,0,0,0,0,0,0,0,0,0,0,0,0,0,0,0,0,0,0,0,0,0,0,0,0,0,0,0,0,0,0,0,0,0,0,0,0,0,0,0,0,0,0,0,0,0,0,0,0,0,0,0,0,0,0,0,0,0,0,0,0,0,0,0,0,0,0,0,0,0,0,0,0,0,0,0,0,0,0,0,0,0,0,0,0,0,0,0,0,0,0,0,0,0,0,0,0,0,0,0,0,0,0,0,0,0,0,0,0,0
1,690,4,1,230,4,2232,22323,122323,222323,12299.451171875,79,77,1928,1930,23,24,25,26,27,28,29,30,31,32,33,34,35,36,37,38,39,40,41,42,43,44,45,46,47,48,49,50,51,52,53,54,55,56,57,58,59,60,61,62,63,64,65,66,67,68,69,70,71,72,73,74,75,76,77,78,79,80,81,82,83,84,85,86,87,88,89,90,91,92,93,94,95,96,97,98,99,100,101,102,103,104,105,106,107,108,109,110,111,112,113,114,115,116,117,118,119,120,121,122,123,124,125,126,127,128,129,130,131,132,133,134,135,136,137,138,139,140,141,142,143,144,145,146,147,148,149,150,151,152,153,154,155,156,157,158,159,160,161,162,163,164,165,166,167,168,169,170,171,172,173,174,175,176,177,178,179,180,1,2,1,,,1,2007,8039.521484375,9614.349609375,10204.162109375,10763.0498046875,11283.7197265625,12000,0,13696.6494140625,14426.5185546875,15194.2412109375,15882.701171875,16598.779296875,17324.271484375,18098.21875,18876.025390625,19867.25,20874.578125,22198.017578125,23703.07421875,25311.869140625,26877.796875,28267.08984375,30248.71875,33859.95703125,37132.1796875,39587.3125,42546.71484375,45849.47265625,50220.8359375,55873.796875,61052.09765625,64525.40234375,67250.609375,69662.515625,71847.75,73047.3671875,74815.171875,77113.7421875,79709.328125,82282.0234375,83955.5234375,84967.8671875,85713.3046875,85989.53125,86148.546875,86200.8125,85783.5390625,84443.671875,83540.1640625,83388.875,82683.34375,81301.390625,80438.6953125,0,0,0,0,0,0,0,0,0,0,0,0,0,0,0,0,0,0,0,0,0,0,0,0,0,0,0,0,0,0,0,0,0,0,0,0,0,0,0,0,0,0,0,0,0,0,0,0,0,0,0,0,0,0,0,0,0,0,0,0,0,0,0,0,0,0,0,0,0,0,0,0,0,0,0,0,0,0
1,690,4,1,230,4,2232,22323,222323,122323,12299.451171875,77,79,1930,1928,21,22,23,24,25,26,27,28,29,30,31,32,33,34,35,36,37,38,39,40,41,42,43,44,45,46,47,48,49,50,51,52,53,54,55,56,57,58,59,60,61,62,63,64,65,66,67,68,69,70,71,72,73,74,75,76,77,78,79,80,81,82,83,84,85,86,87,88,89,90,91,92,93,94,95,96,97,98,99,100,101,102,103,104,105,106,107,108,109,110,111,112,113,114,115,116,117,118,119,120,121,122,123,124,125,126,127,128,129,130,131,132,133,134,135,136,137,138,139,140,141,142,143,144,145,146,147,148,149,150,151,152,153,154,155,156,157,158,159,160,161,162,163,164,165,166,167,168,169,170,171,172,173,174,175,176,177,178,2,1,1,,,2,2007,0,0,0,0,0,0,0,0,0,0,0,0,0,0,0,0,0,0,0,0,0,0,0,0,0,0,0,0,0,0,0,0,0,0,0,0,0,0,0,0,0,0,0,0,0,0,0,0,0,0,0,0,0,0,0,0,0,0,0,0,0,0,0,0,0,0,0,0,0,0,0,0,0,0,0,0,0,0,0,0,0,0,0,0,0,0,0,0,0,0,0,0,0,0,0,0,0,0,0,0,0,0,0,0,0,0,0,0,0,0,0,0,0,0,0,0,0,0,0,0,0,0,0,0,0,0,0,0,0,0,0
1,690,4,1,230,4,2232,22324,122324,222324,11935.759765625,79,77,1928,1930,23,24,25,26,27,28,29,30,31,32,33,34,35,36,37,38,39,40,41,42,43,44,45,46,47,48,49,50,51,52,53,54,55,56,57,58,59,60,61,62,63,64,65,66,67,68,69,70,71,72,73,74,75,76,77,78,79,80,81,82,83,84,85,86,87,88,89,90,91,92,93,94,95,96,97,98,99,100,101,102,103,104,105,106,107,108,109,110,111,112,113,114,115,116,117,118,119,120,121,122,123,124,125,126,127,128,129,130,131,132,133,134,135,136,137,138,139,140,141,142,143,144,145,146,147,148,149,150,151,152,153,154,155,156,157,158,159,160,161,162,163,164,165,166,167,168,169,170,171,172,173,174,175,176,177,178,179,180,1,2,1,,,1,2007,8039.521484375,9614.349609375,10204.162109375,10763.0498046875,11283.7197265625,12000,0,13696.6494140625,14426.5185546875,15194.2412109375,15882.701171875,16598.779296875,17324.271484375,18098.21875,18876.025390625,19867.25,20874.578125,22198.017578125,23703.07421875,25311.869140625,26877.796875,28267.08984375,30248.71875,33859.95703125,37132.1796875,39587.3125,42546.71484375,45849.47265625,50220.8359375,55873.796875,61052.09765625,64525.40234375,67250.609375,69662.515625,71847.75,73047.3671875,74815.171875,77113.7421875,79709.328125,82282.0234375,83955.5234375,84967.8671875,85713.3046875,85989.53125,86148.546875,86200.8125,85783.5390625,84443.671875,83540.1640625,83388.875,82683.34375,81301.390625,80438.6953125,0,0,0,0,0,0,0,0,0,0,0,0,0,0,0,0,0,0,0,0,0,0,0,0,0,0,0,0,0,0,0,0,0,0,0,0,0,0,0,0,0,0,0,0,0,0,0,0,0,0,0,0,0,0,0,0,0,0,0,0,0,0,0,0,0,0,0,0,0,0,0,0,0,0,0,0,0,0
1,690,4,1,230,4,2232,22324,222324,122324,11935.759765625,77,79,1930,1928,21,22,23,24,25,26,27,28,29,30,31,32,33,34,35,36,37,38,39,40,41,42,43,44,45,46,47,48,49,50,51,52,53,54,55,56,57,58,59,60,61,62,63,64,65,66,67,68,69,70,71,72,73,74,75,76,77,78,79,80,81,82,83,84,85,86,87,88,89,90,91,92,93,94,95,96,97,98,99,100,101,102,103,104,105,106,107,108,109,110,111,112,113,114,115,116,117,118,119,120,121,122,123,124,125,126,127,128,129,130,131,132,133,134,135,136,137,138,139,140,141,142,143,144,145,146,147,148,149,150,151,152,153,154,155,156,157,158,159,160,161,162,163,164,165,166,167,168,169,170,171,172,173,174,175,176,177,178,2,1,1,,,2,2007,0,0,0,0,0,0,0,0,0,0,0,0,0,0,0,0,0,0,0,0,0,0,0,0,0,0,0,0,0,0,0,0,0,0,0,0,0,0,0,0,0,0,0,0,0,0,0,0,0,0,0,0,0,0,0,0,0,0,0,0,0,0,0,0,0,0,0,0,0,0,0,0,0,0,0,0,0,0,0,0,0,0,0,0,0,0,0,0,0,0,0,0,0,0,0,0,0,0,0,0,0,0,0,0,0,0,0,0,0,0,0,0,0,0,0,0,0,0,0,0,0,0,0,0,0,0,0,0,0,0,0
1,690,4,1,240,4,2232,22325,122325,222325,12078.6513671875,79,77,1928,1930,23,24,25,26,27,28,29,30,31,32,33,34,35,36,37,38,39,40,41,42,43,44,45,46,47,48,49,50,51,52,53,54,55,56,57,58,59,60,61,62,63,64,65,66,67,68,69,70,71,72,73,74,75,76,77,78,79,80,81,82,83,84,85,86,87,88,89,90,91,92,93,94,95,96,97,98,99,100,101,102,103,104,105,106,107,108,109,110,111,112,113,114,115,116,117,118,119,120,121,122,123,124,125,126,127,128,129,130,131,132,133,134,135,136,137,138,139,140,141,142,143,144,145,146,147,148,149,150,151,152,153,154,155,156,157,158,159,160,161,162,163,164,165,166,167,168,169,170,171,172,173,174,175,176,177,178,179,180,1,2,1,,,1,2007,8039.521484375,9614.349609375,10204.162109375,10763.0498046875,11283.7197265625,12000,0,13696.6494140625,14426.5185546875,15194.2412109375,15882.701171875,16598.779296875,17324.271484375,18098.21875,18876.025390625,19867.25,20874.578125,22198.017578125,23703.07421875,25311.869140625,26877.796875,28267.08984375,30248.71875,33859.95703125,37132.1796875,39587.3125,42546.71484375,45849.47265625,50220.8359375,55873.796875,61052.09765625,64525.40234375,67250.609375,69662.515625,71847.75,73047.3671875,74815.171875,77113.7421875,79709.328125,82282.0234375,83955.5234375,84967.8671875,85713.3046875,85989.53125,86148.546875,86200.8125,85783.5390625,84443.671875,83540.1640625,83388.875,82683.34375,81301.390625,80438.6953125,0,0,0,0,0,0,0,0,0,0,0,0,0,0,0,0,0,0,0,0,0,0,0,0,0,0,0,0,0,0,0,0,0,0,0,0,0,0,0,0,0,0,0,0,0,0,0,0,0,0,0,0,0,0,0,0,0,0,0,0,0,0,0,0,0,0,0,0,0,0,0,0,0,0,0,0,0,0
1,690,4,1,240,4,2232,22325,222325,122325,12078.6513671875,77,79,1930,1928,21,22,23,24,25,26,27,28,29,30,31,32,33,34,35,36,37,38,39,40,41,42,43,44,45,46,47,48,49,50,51,52,53,54,55,56,57,58,59,60,61,62,63,64,65,66,67,68,69,70,71,72,73,74,75,76,77,78,79,80,81,82,83,84,85,86,87,88,89,90,91,92,93,94,95,96,97,98,99,100,101,102,103,104,105,106,107,108,109,110,111,112,113,114,115,116,117,118,119,120,121,122,123,124,125,126,127,128,129,130,131,132,133,134,135,136,137,138,139,140,141,142,143,144,145,146,147,148,149,150,151,152,153,154,155,156,157,158,159,160,161,162,163,164,165,166,167,168,169,170,171,172,173,174,175,176,177,178,2,1,1,,,2,2007,0,0,0,0,0,0,0,0,0,0,0,0,0,0,0,0,0,0,0,0,0,0,0,0,0,0,0,0,0,0,0,0,0,0,0,0,0,0,0,0,0,0,0,0,0,0,0,0,0,0,0,0,0,0,0,0,0,0,0,0,0,0,0,0,0,0,0,0,0,0,0,0,0,0,0,0,0,0,0,0,0,0,0,0,0,0,0,0,0,0,0,0,0,0,0,0,0,0,0,0,0,0,0,0,0,0,0,0,0,0,0,0,0,0,0,0,0,0,0,0,0,0,0,0,0,0,0,0,0,0,0
0,0,0,0,0,0,2283,22831,122831,222831,5928.48828125,31,25,1976,1982,0,0,0,0,0,0,0,0,0,0,0,0,0,0,0,0,0,0,0,0,0,0,0,0,0,0,1,2,3,4,5,6,7,8,9,10,11,12,13,14,15,16,17,18,19,20,21,22,23,24,25,26,27,28,29,30,31,32,33,34,35,36,37,38,39,40,41,42,43,44,45,46,47,48,49,50,51,52,53,54,55,56,57,58,59,60,61,62,63,64,65,66,67,68,69,70,71,72,73,74,75,76,77,78,79,80,81,82,83,84,85,86,87,88,89,90,91,92,93,94,95,96,97,98,99,100,101,102,103,104,105,106,107,108,109,110,111,112,113,114,115,116,117,118,119,120,121,122,123,124,125,126,127,128,129,130,131,132,1,2,1,2042,9999,1,2007,0,0,0,0,0,0,0,0,0,0,0,0,0,0,0,0,0,0,0,0,0,0,0,0,0,0,0,0,0,0,0,0,0,0,0,0,0,0,0,0,0,0,0,0,0,0,0,136069.28125,145071.734375,174303.59375,186256.25,197372.09375,210449.4375,224879.78125,240858.8125,257408.96875,274000,292322.8125,301592.28125,317117.59375,335342.09375,351762,366437.25,381434.625,391672.4375,404883.59375,420919.34375,438203.375,452762.875,465451.5,492351,531409.1875,558028.5625,579026.5,597133.25,613614.375,629082.6875,643980.75,658372.4375,672100,685066.5625,697202.125,708454.75,718770.375,728102.5,736408.9375,743651,749795.875,754814.875,758683.1875,761384.6875,762905.4375,214849.125,214608.328125,214033.921875,213128.828125,211897.09375,210344.515625,208478.125,206306.65625,203839.84375,0,0,0,0,0,0,0,0,0,0,0,0,0,0,0,0,0,0,0,0,0,0,0,0,0,0,0,0,0,0
0,0,0,0,0,0,2283,22831,222831,122831,5928.48828125,25,31,1982,1976,0,0,0,0,0,0,0,0,0,0,0,0,0,0,0,0,0,0,0,0,0,0,0,0,0,0,0,0,0,0,0,0,1,2,3,4,5,6,7,8,9,10,11,12,13,14,15,16,17,18,19,20,21,22,23,24,25,26,27,28,29,30,31,32,33,34,35,36,37,38,39,40,41,42,43,44,45,46,47,48,49,50,51,52,53,54,55,56,57,58,59,60,61,62,63,64,65,66,67,68,69,70,71,72,73,74,75,76,77,78,79,80,81,82,83,84,85,86,87,88,89,90,91,92,93,94,95,96,97,98,99,100,101,102,103,104,105,106,107,108,109,110,111,112,113,114,115,116,117,118,119,120,121,122,123,124,125,126,2,1,1,,,2,2007,0,0,0,0,0,0,0,0,0,0,0,0,0,0,0,0,0,0,0,0,0,0,0,0,0,0,0,0,0,0,0,0,0,0,0,0,0,0,0,0,0,0,0,0,0,0,0,0,0,13901.5390625,15069.8232421875,16197.595703125,17514.86328125,18977.13671875,28000,0,0,0,0,0,0,0,0,0,0,0,0,0,0,0,0,0,0,0,0,0,0,0,0,0,0,0,0,0,0,0,0,0,0,0,0,0,0,0,0,0,0,0,0,0,0,0,0,0,0,0,0,0,0,0,0,0,0,0,0,0,0,0,0,0,0,0,0,0,0,0,0,0,0,0,0
0,0,0,0,0,0,2283,22832,122832,222832,5925.3076171875,31,25,1976,1982,0,0,0,0,0,0,0,0,0,0,0,0,0,0,0,0,0,0,0,0,0,0,0,0,0,0,1,2,3,4,5,6,7,8,9,10,11,12,13,14,15,16,17,18,19,20,21,22,23,24,25,26,27,28,29,30,31,32,33,34,35,36,37,38,39,40,41,42,43,44,45,46,47,48,49,50,51,52,53,54,55,56,57,58,59,60,61,62,63,64,65,66,67,68,69,70,71,72,73,74,75,76,77,78,79,80,81,82,83,84,85,86,87,88,89,90,91,92,93,94,95,96,97,98,99,100,101,102,103,104,105,106,107,108,109,110,111,112,113,114,115,116,117,118,119,120,121,122,123,124,125,126,127,128,129,130,131,132,1,2,1,2042,9999,1,2007,0,0,0,0,0,0,0,0,0,0,0,0,0,0,0,0,0,0,0,0,0,0,0,0,0,0,0,0,0,0,0,0,0,0,0,0,0,0,0,0,0,0,0,0,0,0,0,211056.34375,225020.03125,270361.40625,288901.09375,306142.8125,326427.03125,348809.875,373594.84375,399265.71875,425000,453420.40625,467798.21875,491879.4375,520147.375,545616.25,568378.9375,591641.3125,607521.125,628012.875,652885.1875,679695,702278.125,721959.4375,763683.125,824266.0625,865554.4375,898125,926210.375,951774.0625,975766.9375,998875.25,1021198.125,1042490.875,1062602.125,1081426.625,1098880.5,1114881,1129356.125,1142240.125,1153473.25,1163004.5,1170788.375,1176789.625,1180979.875,1183337.625,333251.375,332877.875,331986.90625,330583.03125,328672.46875,326264.28125,323369.34375,320001.1875,316174.90625,0,0,0,0,0,0,0,0,0,0,0,0,0,0,0,0,0,0,0,0,0,0,0,0,0,0,0,0,0,0
0,0,0,0,0,0,2283,22832,222832,122832,5925.3076171875,25,31,1982,1976,0,0,0,0,0,0,0,0,0,0,0,0,0,0,0,0,0,0,0,0,0,0,0,0,0,0,0,0,0,0,0,0,1,2,3,4,5,6,7,8,9,10,11,12,13,14,15,16,17,18,19,20,21,22,23,24,25,26,27,28,29,30,31,32,33,34,35,36,37,38,39,40,41,42,43,44,45,46,47,48,49,50,51,52,53,54,55,56,57,58,59,60,61,62,63,64,65,66,67,68,69,70,71,72,73,74,75,76,77,78,79,80,81,82,83,84,85,86,87,88,89,90,91,92,93,94,95,96,97,98,99,100,101,102,103,104,105,106,107,108,109,110,111,112,113,114,115,116,117,118,119,120,121,122,123,124,125,126,2,1,1,,,2,2007,0,0,0,0,0,0,0,0,0,0,0,0,0,0,0,0,0,0,0,0,0,0,0,0,0,0,0,0,0,0,0,0,0,0,0,0,0,0,0,0,0,0,0,0,0,0,0,0,0,12908.5693359375,13993.4052734375,15040.6220703125,16263.798828125,17621.623046875,26000,0,0,0,0,0,0,0,0,0,0,0,0,0,0,0,0,0,0,0,0,0,0,0,0,0,0,0,0,0,0,0,0,0,0,0,0,0,0,0,0,0,0,0,0,0,0,0,0,0,0,0,0,0,0,0,0,0,0,0,0,0,0,0,0,0,0,0,0,0,0,0,0,0,0,0,0
0,0,0,0,0,0,2283,22833,122833,222833,5901.1298828125,31,25,1976,1982,0,0,0,0,0,0,0,0,0,0,0,0,0,0,0,0,0,0,0,0,0,0,0,0,0,0,1,2,3,4,5,6,7,8,9,10,11,12,13,14,15,16,17,18,19,20,21,22,23,24,25,26,27,28,29,30,31,32,33,34,35,36,37,38,39,40,41,42,43,44,45,46,47,48,49,50,51,52,53,54,55,56,57,58,59,60,61,62,63,64,65,66,67,68,69,70,71,72,73,74,75,76,77,78,79,80,81,82,83,84,85,86,87,88,89,90,91,92,93,94,95,96,97,98,99,100,101,102,103,104,105,106,107,108,109,110,111,112,113,114,115,116,117,118,119,120,121,122,123,124,125,126,127,128,129,130,131,132,1,2,1,2042,9999,1,2007,0,0,0,0,0,0,0,0,0,0,0,0,0,0,0,0,0,0,0,0,0,0,0,0,0,0,0,0,0,0,0,0,0,0,0,0,0,0,0,0,0,0,0,0,0,0,0,173811,185310.5,222650.4375,237918.40625,252117.46875,268822.09375,287255,307666.15625,328806.84375,350000,373404.8125,385245.34375,405076.9375,428356.40625,449330.75,468076.46875,487233.6875,500311.1875,517186.75,537669.8125,559748.4375,578346.3125,594554.4375,628915.0625,678806.9375,712809.0625,739631.875,762761,783813.4375,803572.25,822602.625,840986.1875,858521.375,875083.5625,890586.0625,904959.8125,918136.75,930057.375,940667.6875,949918.5,957767.8125,964178.0625,969120.25,972571,974512.6875,274442.125,274134.53125,273400.8125,272244.6875,270671.28125,268688.0625,266304,263530.21875,260379.1875,0,0,0,0,0,0,0,0,0,0,0,0,0,0,0,0,0,0,0,0,0,0,0,0,0,0,0,0,0,0
0,0,0,0,0,0,2283,22833,222833,122833,5901.1298828125,25,31,1982,1976,0,0,0,0,0,0,0,0,0,0,0,0,0,0,0,0,0,0,0,0,0,0,0,0,0,0,0,0,0,0,0,0,1,2,3,4,5,6,7,8,9,10,11,12,13,14,15,16,17,18,19,20,21,22,23,24,25,26,27,28,29,30,31,32,33,34,35,36,37,38,39,40,41,42,43,44,45,46,47,48,49,50,51,52,53,54,55,56,57,58,59,60,61,62,63,64,65,66,67,68,69,70,71,72,73,74,75,76,77,78,79,80,81,82,83,84,85,86,87,88,89,90,91,92,93,94,95,96,97,98,99,100,101,102,103,104,105,106,107,108,109,110,111,112,113,114,115,116,117,118,119,120,121,122,123,124,125,126,2,1,1,,,2,2007,0,0,0,0,0,0,0,0,0,0,0,0,0,0,0,0,0,0,0,0,0,0,0,0,0,0,0,0,0,0,0,0,0,0,0,0,0,0,0,0,0,0,0,0,0,0,0,0,0,13901.5390625,15069.8232421875,16197.595703125,17514.86328125,18977.13671875,28000,0,0,0,0,0,0,0,0,0,0,0,0,0,0,0,0,0,0,0,0,0,0,0,0,0,0,0,0,0,0,0,0,0,0,0,0,0,0,0,0,0,0,0,0,0,0,0,0,0,0,0,0,0,0,0,0,0,0,0,0,0,0,0,0,0,0,0,0,0,0,0,0,0,0,0,0
0,0,0,0,0,0,2283,22834,122834,222834,5902.32568359375,31,25,1976,1982,0,0,0,0,0,0,0,0,0,0,0,0,0,0,0,0,0,0,0,0,0,0,0,0,0,0,1,2,3,4,5,6,7,8,9,10,11,12,13,14,15,16,17,18,19,20,21,22,23,24,25,26,27,28,29,30,31,32,33,34,35,36,37,38,39,40,41,42,43,44,45,46,47,48,49,50,51,52,53,54,55,56,57,58,59,60,61,62,63,64,65,66,67,68,69,70,71,72,73,74,75,76,77,78,79,80,81,82,83,84,85,86,87,88,89,90,91,92,93,94,95,96,97,98,99,100,101,102,103,104,105,106,107,108,109,110,111,112,113,114,115,116,117,118,119,120,121,122,123,124,125,126,127,128,129,130,131,132,1,2,1,2042,9999,1,2007,0,0,0,0,0,0,0,0,0,0,0,0,0,0,0,0,0,0,0,0,0,0,0,0,0,0,0,0,0,0,0,0,0,0,0,0,0,0,0,0,0,0,0,0,0,0,0,129116.84375,137659.328125,165397.59375,176739.53125,187287.40625,199696.5625,213389.59375,228552.171875,244256.71875,260000,277386.65625,286182.46875,300914.53125,318207.875,333788.8125,347714.21875,361945.3125,371660.03125,384196.15625,399412.5625,415813.46875,429629.03125,441669.375,467194.4375,504256.96875,529516.25,549441.25,566622.875,582261.875,596939.875,611076.6875,624733.0625,637759.1875,650063.1875,661578.75,672256.375,682044.9375,690900.3125,698782.25,705654.3125,711485.1875,716247.75,719918.4375,722481.875,723924.9375,203871.453125,203642.96875,203097.90625,202239.0625,201070.25,199597.015625,197825.984375,195765.46875,193424.6875,0,0,0,0,0,0,0,0,0,0,0,0,0,0,0,0,0,0,0,0,0,0,0,0,0,0,0,0,0,0
0,0,0,0,0,0,2283,22834,222834,122834,5902.32568359375,25,31,1982,1976,0,0,0,0,0,0,0,0,0,0,0,0,0,0,0,0,0,0,0,0,0,0,0,0,0,0,0,0,0,0,0,0,1,2,3,4,5,6,7,8,9,10,11,12,13,14,15,16,17,18,19,20,21,22,23,24,25,26,27,28,29,30,31,32,33,34,35,36,37,38,39,40,41,42,43,44,45,46,47,48,49,50,51,52,53,54,55,56,57,58,59,60,61,62,63,64,65,66,67,68,69,70,71,72,73,74,75,76,77,78,79,80,81,82,83,84,85,86,87,88,89,90,91,92,93,94,95,96,97,98,99,100,101,102,103,104,105,106,107,108,109,110,111,112,113,114,115,116,117,118,119,120,121,122,123,124,125,126,2,1,1,,,2,2007,0,0,0,0,0,0,0,0,0,0,0,0,0,0,0,0,0,0,0,0,0,0,0,0,0,0,0,0,0,0,0,0,0,0,0,0,0,0,0,0,0,0,0,0,0,0,0,0,0,17376.923828125,18837.279296875,20246.994140625,21893.580078125,23721.419921875,35000,0,0,0,0,0,0,0,0,0,0,0,0,0,0,0,0,0,0,0,0,0,0,0,0,0,0,0,0,0,0,0,0,0,0,0,0,0,0,0,0,0,0,0,0,0,0,0,0,0,0,0,0,0,0,0,0,0,0,0,0,0,0,0,0,0,0,0,0,0,0,0,0,0,0,0,0
0,0,0,0,0,0,2283,22835,122835,222835,5949.43896484375,31,25,1976,1982,0,0,0,0,0,0,0,0,0,0,0,0,0,0,0,0,0,0,0,0,0,0,0,0,0,0,1,2,3,4,5,6,7,8,9,10,11,12,13,14,15,16,17,18,19,20,21,22,23,24,25,26,27,28,29,30,31,32,33,34,35,36,37,38,39,40,41,42,43,44,45,46,47,48,49,50,51,52,53,54,55,56,57,58,59,60,61,62,63,64,65,66,67,68,69,70,71,72,73,74,75,76,77,78,79,80,81,82,83,84,85,86,87,88,89,90,91,92,93,94,95,96,97,98,99,100,101,102,103,104,105,106,107,108,109,110,111,112,113,114,115,116,117,118,119,120,121,122,123,124,125,126,127,128,129,130,131,132,1,2,1,2042,9999,1,2007,0,0,0,0,0,0,0,0,0,0,0,0,0,0,0,0,0,0,0,0,0,0,0,0,0,0,0,0,0,0,0,0,0,0,0,0,0,0,0,0,0,0,0,0,0,0,0,231417.046875,246727.8125,296443.28125,316771.53125,335676.5625,357917.59375,382459.71875,409635.71875,437783.0625,466000,497162.09375,512926.90625,539331.25,570326.25,598252.0625,623210.6875,648717.1875,666128.9375,688597.5625,715869.3125,745265.4375,770027.25,791607.1875,837355.9375,903783.375,949054.875,984767.5,1015562.25,1043592.125,1069899.625,1095237.25,1119713.5,1143060.375,1165111.875,1185752.375,1204890,1222434.125,1238305.5,1252432.5,1264749.25,1275200,1283734.875,1290315,1294909.5,1297494.625,365400.28125,364990.75,364013.84375,362474.53125,360379.65625,357739.15625,354564.9375,350871.84375,346676.4375,0,0,0,0,0,0,0,0,0,0,0,0,0,0,0,0,0,0,0,0,0,0,0,0,0,0,0,0,0,0
0,0,0,0,0,0,2283,22835,222835,122835,5949.43896484375,25,31,1982,1976,0,0,0,0,0,0,0,0,0,0,0,0,0,0,0,0,0,0,0,0,0,0,0,0,0,0,0,0,0,0,0,0,1,2,3,4,5,6,7,8,9,10,11,12,13,14,15,16,17,18,19,20,21,22,23,24,25,26,27,28,29,30,31,32,33,34,35,36,37,38,39,40,41,42,43,44,45,46,47,48,49,50,51,52,53,54,55,56,57,58,59,60,61,62,63,64,65,66,67,68,69,70,71,72,73,74,75,76,77,78,79,80,81,82,83,84,85,86,87,88,89,90,91,92,93,94,95,96,97,98,99,100,101,102,103,104,105,106,107,108,109,110,111,112,113,114,115,116,117,118,119,120,121,122,123,124,125,126,2,1,1,,,2,2007,0,0,0,0,0,0,0,0,0,0,0,0,0,0,0,0,0,0,0,0,0,0,0,0,0,0,0,0,0,0,0,0,0,0,0,0,0,0,0,0,0,0,0,0,0,0,0,0,0,15390.9912109375,16684.44921875,17933.0546875,19391.45703125,21010.40234375,31000,0,0,0,0,0,0,0,0,0,0,0,0,0,0,0,0,0,0,0,0,0,0,0,0,0,0,0,0,0,0,0,0,0,0,0,0,0,0,0,0,0,0,0,0,0,0,0,0,0,0,0,0,0,0,0,0,0,0,0,0,0,0,0,0,0,0,0,0,0,0,0,0,0,0,0,0
0,0,0,0,0,0,2765,27651,127651,227651,7018.09619140625,48,45,1959,1962,0,0,0,0,0,0,0,0,0,1,2,3,4,5,6,7,8,9,10,11,12,13,14,15,16,17,18,19,20,21,22,23,24,25,26,27,28,29,30,31,32,33,34,35,36,37,38,39,40,41,42,43,44,45,46,47,48,49,50,51,52,53,54,55,56,57,58,59,60,61,62,63,64,65,66,67,68,69,70,71,72,73,74,75,76,77,78,79,80,81,82,83,84,85,86,87,88,89,90,91,92,93,94,95,96,97,98,99,100,101,102,103,104,105,106,107,108,109,110,111,112,113,114,115,116,117,118,119,120,121,122,123,124,125,126,127,128,129,130,131,132,133,134,135,136,137,138,139,140,141,142,143,144,145,146,147,148,149,1,2,1,2025,2025,1,2007,0,0,0,0,0,0,0,0,0,0,0,0,0,0,0,0,0,0,0,0,0,0,0,0,0,0,0,0,0,0,0,0,0,0,0,51248.99609375,55087.96875,59591.609375,64647.0546875,70037.53125,75000,0,0,0,0,0,0,0,58903.82421875,61708.15234375,64215.3359375,74015.171875,76855.34375,79977.5390625,83420.2421875,86820.90625,90000,93507.484375,93949.6484375,96202.5546875,99070.796875,101204.1328125,102669.1171875,104076.34375,104074.953125,104771.875,106072.96875,107540.796875,108208.0703125,108331.5625,111595.5078125,117298.4453125,119952.953125,121211.609375,121733.1328125,0,0,0,0,0,0,0,0,0,0,0,0,0,0,0,0,0,0,0,0,0,0,0,0,0,0,0,0,0,0,0,0,0,0,0,0,0,0,0,0,0,0,0,0,0,0,0,0,0,0,0,0,0,0,0,0
0,0,0,0,0,0,2765,27651,227651,127651,7018.09619140625,45,48,1962,1959,0,0,0,0,0,0,0,0,0,0,0,0,1,2,3,4,5,6,7,8,9,10,11,12,13,14,15,16,17,18,19,20,21,22,23,24,25,26,27,28,29,30,31,32,33,34,35,36,37,38,39,40,41,42,43,44,45,46,47,48,49,50,51,52,53,54,55,56,57,58,59,60,61,62,63,64,65,66,67,68,69,70,71,72,73,74,75,76,77,78,79,80,81,82,83,84,85,86,87,88,89,90,91,92,93,94,95,96,97,98,99,100,101,102,103,104,105,106,107,108,109,110,111,112,113,114,115,116,117,118,119,120,121,122,123,124,125,126,127,128,129,130,131,132,133,134,135,136,137,138,139,140,141,142,143,144,145,146,2,1,1,2018,2018,2,2007,0,0,0,0,0,0,0,0,0,0,0,0,0,0,0,0,0,0,0,0,0,0,0,0,0,0,0,0,0,0,0,0,0,0,0,0,0,27609.44921875,30092.099609375,32754.0703125,35239.2734375,37605.328125,40000,0,0,0,0,0,0,0,0,0,115883.3203125,127198.3203125,139943.171875,153628.09375,160000,167014.640625,168591.03125,173443.078125,179451.359375,184174.734375,187716.796875,191181.59375,192075.0625,194267.6875,197602.15625,201275.5,0,0,0,0,0,0,0,0,0,0,0,0,0,0,0,0,0,0,0,0,0,0,0,0,0,0,0,0,0,0,0,0,0,0,0,0,0,0,0,0,0,0,0,0,0,0,0,0,0,0,0,0,0,0,0,0,0,0,0,0,0,0,0
0,0,0,0,0,0,2765,27652,127652,227652,7177.95947265625,48,45,1959,1962,0,0,0,0,0,0,0,0,0,1,2,3,4,5,6,7,8,9,10,11,12,13,14,15,16,17,18,19,20,21,22,23,24,25,26,27,28,29,30,31,32,33,34,35,36,37,38,39,40,41,42,43,44,45,46,47,48,49,50,51,52,53,54,55,56,57,58,59,60,61,62,63,64,65,66,67,68,69,70,71,72,73,74,75,76,77,78,79,80,81,82,83,84,85,86,87,88,89,90,91,92,93,94,95,96,97,98,99,100,101,102,103,104,105,106,107,108,109,110,111,112,113,114,115,116,117,118,119,120,121,122,123,124,125,126,127,128,129,130,131,132,133,134,135,136,137,138,139,140,141,142,143,144,145,146,147,148,149,1,2,1,2025,2025,1,2007,0,0,0,0,0,0,0,0,0,0,0,0,0,0,0,0,0,0,0,0,0,0,0,0,0,0,0,0,0,0,0,0,0,0,0,51248.99609375,55087.96875,59591.609375,64647.0546875,70037.53125,75000,0,0,0,0,0,0,0,58903.82421875,61708.15234375,64215.3359375,74015.171875,76855.34375,79977.5390625,83420.2421875,86820.90625,90000,93507.484375,93949.6484375,96202.5546875,99070.796875,101204.1328125,102669.1171875,104076.34375,104074.953125,104771.875,106072.96875,107540.796875,108208.0703125,108331.5625,111595.5078125,117298.4453125,119952.953125,121211.609375,121733.1328125,0,0,0,0,0,0,0,0,0,0,0,0,0,0,0,0,0,0,0,0,0,0,0,0,0,0,0,0,0,0,0,0,0,0,0,0,0,0,0,0,0,0,0,0,0,0,0,0,0,0,0,0,0,0,0,0
0,0,0,0,0,0,2765,27652,227652,127652,7177.95947265625,45,48,1962,1959,0,0,0,0,0,0,0,0,0,0,0,0,1,2,3,4,5,6,7,8,9,10,11,12,13,14,15,16,17,18,19,20,21,22,23,24,25,26,27,28,29,30,31,32,33,34,35,36,37,38,39,40,41,42,43,44,45,46,47,48,49,50,51,52,53,54,55,56,57,58,59,60,61,62,63,64,65,66,67,68,69,70,71,72,73,74,75,76,77,78,79,80,81,82,83,84,85,86,87,88,89,90,91,92,93,94,95,96,97,98,99,100,101,102,103,104,105,106,107,108,109,110,111,112,113,114,115,116,117,118,119,120,121,122,123,124,125,126,127,128,129,130,131,132,133,134,135,136,137,138,139,140,141,142,143,144,145,146,2,1,1,2018,2018,2,2007,0,0,0,0,0,0,0,0,0,0,0,0,0,0,0,0,0,0,0,0,0,0,0,0,0,0,0,0,0,0,0,0,0,0,0,0,0,27609.44921875,30092.099609375,32754.0703125,35239.2734375,37605.328125,40000,0,0,0,0,0,0,0,0,0,115883.3203125,127198.3203125,139943.171875,153628.09375,160000,167014.640625,168591.03125,173443.078125,179451.359375,184174.734375,187716.796875,191181.59375,192075.0625,194267.6875,197602.15625,201275.5,0,0,0,0,0,0,0,0,0,0,0,0,0,0,0,0,0,0,0,0,0,0,0,0,0,0,0,0,0,0,0,0,0,0,0,0,0,0,0,0,0,0,0,0,0,0,0,0,0,0,0,0,0,0,0,0,0,0,0,0,0,0,0
0,0,0,0,0,0,2765,27653,127653,227653,6756.29296875,48,45,1959,1962,0,0,0,0,0,0,0,0,0,1,2,3,4,5,6,7,8,9,10,11,12,13,14,15,16,17,18,19,20,21,22,23,24,25,26,27,28,29,30,31,32,33,34,35,36,37,38,39,40,41,42,43,44,45,46,47,48,49,50,51,52,53,54,55,56,57,58,59,60,61,62,63,64,65,66,67,68,69,70,71,72,73,74,75,76,77,78,79,80,81,82,83,84,85,86,87,88,89,90,91,92,93,94,95,96,97,98,99,100,101,102,103,104,105,106,107,108,109,110,111,112,113,114,115,116,117,118,119,120,121,122,123,124,125,126,127,128,129,130,131,132,133,134,135,136,137,138,139,140,141,142,143,144,145,146,147,148,149,1,2,1,2025,2025,1,2007,0,0,0,0,0,0,0,0,0,0,0,0,0,0,0,0,0,0,0,0,0,0,0,0,0,0,0,0,0,0,0,0,0,0,0,51248.99609375,55087.96875,59591.609375,64647.0546875,70037.53125,75000,0,0,0,0,0,0,0,58903.82421875,61708.15234375,64215.3359375,74015.171875,76855.34375,79977.5390625,83420.2421875,86820.90625,90000,93507.484375,93949.6484375,96202.5546875,99070.796875,101204.1328125,102669.1171875,104076.34375,104074.953125,104771.875,106072.96875,107540.796875,108208.0703125,108331.5625,111595.5078125,117298.4453125,119952.953125,121211.609375,121733.1328125,0,0,0,0,0,0,0,0,0,0,0,0,0,0,0,0,0,0,0,0,0,0,0,0,0,0,0,0,0,0,0,0,0,0,0,0,0,0,0,0,0,0,0,0,0,0,0,0,0,0,0,0,0,0,0,0
0,0,0,0,0,0,2765,27653,227653,127653,6756.29296875,45,48,1962,1959,0,0,0,0,0,0,0,0,0,0,0,0,1,2,3,4,5,6,7,8,9,10,11,12,13,14,15,16,17,18,19,20,21,22,23,24,25,26,27,28,29,30,31,32,33,34,35,36,37,38,39,40,41,42,43,44,45,46,47,48,49,50,51,52,53,54,55,56,57,58,59,60,61,62,63,64,65,66,67,68,69,70,71,72,73,74,75,76,77,78,79,80,81,82,83,84,85,86,87,88,89,90,91,92,93,94,95,96,97,98,99,100,101,102,103,104,105,106,107,108,109,110,111,112,113,114,115,116,117,118,119,120,121,122,123,124,125,126,127,128,129,130,131,132,133,134,135,136,137,138,139,140,141,142,143,144,145,146,2,1,1,2018,2018,2,2007,0,0,0,0,0,0,0,0,0,0,0,0,0,0,0,0,0,0,0,0,0,0,0,0,0,0,0,0,0,0,0,0,0,0,0,0,0,27609.44921875,30092.099609375,32754.0703125,35239.2734375,37605.328125,40000,0,0,0,0,0,0,0,0,0,115883.3203125,127198.3203125,139943.171875,153628.09375,160000,167014.640625,168591.03125,173443.078125,179451.359375,184174.734375,187716.796875,191181.59375,192075.0625,194267.6875,197602.15625,201275.5,0,0,0,0,0,0,0,0,0,0,0,0,0,0,0,0,0,0,0,0,0,0,0,0,0,0,0,0,0,0,0,0,0,0,0,0,0,0,0,0,0,0,0,0,0,0,0,0,0,0,0,0,0,0,0,0,0,0,0,0,0,0,0
0,0,0,0,0,0,2765,27654,127654,227654,7071.7333984375,48,45,1959,1962,0,0,0,0,0,0,0,0,0,1,2,3,4,5,6,7,8,9,10,11,12,13,14,15,16,17,18,19,20,21,22,23,24,25,26,27,28,29,30,31,32,33,34,35,36,37,38,39,40,41,42,43,44,45,46,47,48,49,50,51,52,53,54,55,56,57,58,59,60,61,62,63,64,65,66,67,68,69,70,71,72,73,74,75,76,77,78,79,80,81,82,83,84,85,86,87,88,89,90,91,92,93,94,95,96,97,98,99,100,101,102,103,104,105,106,107,108,109,110,111,112,113,114,115,116,117,118,119,120,121,122,123,124,125,126,127,128,129,130,131,132,133,134,135,136,137,138,139,140,141,142,143,144,145,146,147,148,149,1,2,1,2025,2025,1,2007,0,0,0,0,0,0,0,0,0,0,0,0,0,0,0,0,0,0,0,0,0,0,0,0,0,0,0,0,0,0,0,0,0,0,0,51248.99609375,55087.96875,59591.609375,64647.0546875,70037.53125,75000,0,0,0,0,0,0,0,58903.82421875,61708.15234375,64215.3359375,74015.171875,76855.34375,79977.5390625,83420.2421875,86820.90625,90000,93507.484375,93949.6484375,96202.5546875,99070.796875,101204.1328125,102669.1171875,104076.34375,104074.953125,104771.875,106072.96875,107540.796875,108208.0703125,108331.5625,111595.5078125,117298.4453125,119952.953125,121211.609375,121733.1328125,0,0,0,0,0,0,0,0,0,0,0,0,0,0,0,0,0,0,0,0,0,0,0,0,0,0,0,0,0,0,0,0,0,0,0,0,0,0,0,0,0,0,0,0,0,0,0,0,0,0,0,0,0,0,0,0
0,0,0,0,0,0,2765,27654,227654,127654,7071.7333984375,45,48,1962,1959,0,0,0,0,0,0,0,0,0,0,0,0,1,2,3,4,5,6,7,8,9,10,11,12,13,14,15,16,17,18,19,20,21,22,23,24,25,26,27,28,29,30,31,32,33,34,35,36,37,38,39,40,41,42,43,44,45,46,47,48,49,50,51,52,53,54,55,56,57,58,59,60,61,62,63,64,65,66,67,68,69,70,71,72,73,74,75,76,77,78,79,80,81,82,83,84,85,86,87,88,89,90,91,92,93,94,95,96,97,98,99,100,101,102,103,104,105,106,107,108,109,110,111,112,113,114,115,116,117,118,119,120,121,122,123,124,125,126,127,128,129,130,131,132,133,134,135,136,137,138,139,140,141,142,143,144,145,146,2,1,1,2018,2018,2,2007,0,0,0,0,0,0,0,0,0,0,0,0,0,0,0,0,0,0,0,0,0,0,0,0,0,0,0,0,0,0,0,0,0,0,0,0,0,27609.44921875,30092.099609375,32754.0703125,35239.2734375,37605.328125,40000,0,0,0,0,0,0,0,0,0,115883.3203125,127198.3203125,139943.171875,153628.09375,160000,167014.640625,168591.03125,173443.078125,179451.359375,184174.734375,187716.796875,191181.59375,192075.0625,194267.6875,197602.15625,201275.5,0,0,0,0,0,0,0,0,0,0,0,0,0,0,0,0,0,0,0,0,0,0,0,0,0,0,0,0,0,0,0,0,0,0,0,0,0,0,0,0,0,0,0,0,0,0,0,0,0,0,0,0,0,0,0,0,0,0,0,0,0,0,0
0,0,0,0,0,0,2765,27655,127655,227655,7130.455078125,48,45,1959,1962,0,0,0,0,0,0,0,0,0,1,2,3,4,5,6,7,8,9,10,11,12,13,14,15,16,17,18,19,20,21,22,23,24,25,26,27,28,29,30,31,32,33,34,35,36,37,38,39,40,41,42,43,44,45,46,47,48,49,50,51,52,53,54,55,56,57,58,59,60,61,62,63,64,65,66,67,68,69,70,71,72,73,74,75,76,77,78,79,80,81,82,83,84,85,86,87,88,89,90,91,92,93,94,95,96,97,98,99,100,101,102,103,104,105,106,107,108,109,110,111,112,113,114,115,116,117,118,119,120,121,122,123,124,125,126,127,128,129,130,131,132,133,134,135,136,137,138,139,140,141,142,143,144,145,146,147,148,149,1,2,1,2025,2025,1,2007,0,0,0,0,0,0,0,0,0,0,0,0,0,0,0,0,0,0,0,0,0,0,0,0,0,0,0,0,0,0,0,0,0,0,0,51248.99609375,55087.96875,59591.609375,64647.0546875,70037.53125,75000,0,0,0,0,0,0,0,58903.82421875,61708.15234375,64215.3359375,74015.171875,76855.34375,79977.5390625,83420.2421875,86820.90625,90000,93507.484375,93949.6484375,96202.5546875,99070.796875,101204.1328125,102669.1171875,104076.34375,104074.953125,104771.875,106072.96875,107540.796875,108208.0703125,108331.5625,111595.5078125,117298.4453125,119952.953125,121211.609375,121733.1328125,0,0,0,0,0,0,0,0,0,0,0,0,0,0,0,0,0,0,0,0,0,0,0,0,0,0,0,0,0,0,0,0,0,0,0,0,0,0,0,0,0,0,0,0,0,0,0,0,0,0,0,0,0,0,0,0
0,0,0,0,0,0,2765,27655,227655,127655,7130.455078125,45,48,1962,1959,0,0,0,0,0,0,0,0,0,0,0,0,1,2,3,4,5,6,7,8,9,10,11,12,13,14,15,16,17,18,19,20,21,22,23,24,25,26,27,28,29,30,31,32,33,34,35,36,37,38,39,40,41,42,43,44,45,46,47,48,49,50,51,52,53,54,55,56,57,58,59,60,61,62,63,64,65,66,67,68,69,70,71,72,73,74,75,76,77,78,79,80,81,82,83,84,85,86,87,88,89,90,91,92,93,94,95,96,97,98,99,100,101,102,103,104,105,106,107,108,109,110,111,112,113,114,115,116,117,118,119,120,121,122,123,124,125,126,127,128,129,130,131,132,133,134,135,136,137,138,139,140,141,142,143,144,145,146,2,1,1,2018,2018,2,2007,0,0,0,0,0,0,0,0,0,0,0,0,0,0,0,0,0,0,0,0,0,0,0,0,0,0,0,0,0,0,0,0,0,0,0,0,0,27609.44921875,30092.099609375,32754.0703125,35239.2734375,37605.328125,40000,0,0,0,0,0,0,0,0,0,115883.3203125,127198.3203125,139943.171875,153628.09375,160000,167014.640625,168591.03125,173443.078125,179451.359375,184174.734375,187716.796875,191181.59375,192075.0625,194267.6875,197602.15625,201275.5,0,0,0,0,0,0,0,0,0,0,0,0,0,0,0,0,0,0,0,0,0,0,0,0,0,0,0,0,0,0,0,0,0,0,0,0,0,0,0,0,0,0,0,0,0,0,0,0,0,0,0,0,0,0,0,0,0,0,0,0,0,0,0
0,0,0,0,0,0,3180,31801,131801,231801,10308.1728515625,42,38,1965,1969,0,0,0,0,0,0,0,0,0,0,0,0,0,0,0,1,2,3,4,5,6,7,8,9,10,11,12,13,14,15,16,17,18,19,20,21,22,23,24,25,26,27,28,29,30,31,32,33,34,35,36,37,38,39,40,41,42,43,44,45,46,47,48,49,50,51,52,53,54,55,56,57,58,59,60,61,62,63,64,65,66,67,68,69,70,71,72,73,74,75,76,77,78,79,80,81,82,83,84,85,86,87,88,89,90,91,92,93,94,95,96,97,98,99,100,101,102,103,104,105,106,107,108,109,110,111,112,113,114,115,116,117,118,119,120,121,122,123,124,125,126,127,128,129,130,131,132,133,134,135,136,137,138,139,140,141,142,143,1,2,1,2025,2025,1,2007,0,0,0,0,0,0,0,0,0,0,0,0,0,0,0,0,0,0,0,0,0,0,0,0,0,0,0,0,0,0,0,0,0,24304.880859375,26555.54296875,28601.88671875,31033.294921875,33885.828125,37105.984375,40577.703125,43861.171875,47025.5390625,50254.50390625,53409.78515625,56685.359375,67111.6875,70752.0234375,73781.9453125,77326.15625,81768.734375,85890.53125,89469.1484375,93775.3046875,98501.9140625,103707.4375,108949.3359375,114000,119555.703125,121249.765625,125323.96875,130273.1796875,134328.890625,137554,140749.640625,142070.296875,144365.5625,147531.71875,150978.59375,153343.015625,154960.5625,161129.359375,170955.09375,176466.609375,179994.015625,182466.875,0,0,0,0,0,0,0,0,0,0,0,0,0,0,0,0,0,0,0,0,0,0,0,0,0,0,0,0,0,0,0,0,0,0,0,0,0,0,0,0,0,0,0,0,0,0,0,0,0,0,0,0,0,0,0,0
0,0,0,0,0,0,3180,31801,231801,131801,10308.1728515625,38,42,1969,1965,0,0,0,0,0,0,0,0,0,0,0,0,0,0,0,0,0,0,0,1,2,3,4,5,6,7,8,9,10,11,12,13,14,15,16,17,18,19,20,21,22,23,24,25,26,27,28,29,30,31,32,33,34,35,36,37,38,39,40,41,42,43,44,45,46,47,48,49,50,51,52,53,54,55,56,57,58,59,60,61,62,63,64,65,66,67,68,69,70,71,72,73,74,75,76,77,78,79,80,81,82,83,84,85,86,87,88,89,90,91,92,93,94,95,96,97,98,99,100,101,102,103,104,105,106,107,108,109,110,111,112,113,114,115,116,117,118,119,120,121,122,123,124,125,126,127,128,129,130,131,132,133,134,135,136,137,138,139,2,1,1,,2024,2,2007,0,0,0,0,0,0,0,0,0,0,0,0,0,0,0,0,0,0,0,0,0,0,0,0,0,0,0,0,0,0,0,0,0,0,0,0,0,17894.728515625,19717.81640625,21697.52734375,23599.939453125,25460.81640625,27379.2421875,29280.2734375,31270.375,37253.6328125,39520,0,0,0,49187.5,51557.40625,54376.85546875,57474.890625,60890.74609375,64368.5703125,0,0,0,0,0,0,0,0,24991.78515625,25554.38671875,26278.171875,27060.34765625,27656.033203125,28122.541015625,29424.962890625,31414.603515625,32630.21875,33490.6015625,0,0,0,0,0,0,0,0,0,0,0,0,0,0,0,0,0,0,0,0,0,0,0,0,0,0,0,0,0,0,0,0,0,0,0,0,0,0,0,0,0,0,0,0,0,0,0,0,0,0,0,0,0,0,0,0,0
0,0,0,0,0,0,3180,31802,131802,231802,10566.2861328125,42,38,1965,1969,0,0,0,0,0,0,0,0,0,0,0,0,0,0,0,1,2,3,4,5,6,7,8,9,10,11,12,13,14,15,16,17,18,19,20,21,22,23,24,25,26,27,28,29,30,31,32,33,34,35,36,37,38,39,40,41,42,43,44,45,46,47,48,49,50,51,52,53,54,55,56,57,58,59,60,61,62,63,64,65,66,67,68,69,70,71,72,73,74,75,76,77,78,79,80,81,82,83,84,85,86,87,88,89,90,91,92,93,94,95,96,97,98,99,100,101,102,103,104,105,106,107,108,109,110,111,112,113,114,115,116,117,118,119,120,121,122,123,124,125,126,127,128,129,130,131,132,133,134,135,136,137,138,139,140,141,142,143,1,2,1,2025,2025,1,2007,0,0,0,0,0,0,0,0,0,0,0,0,0,0,0,0,0,0,0,0,0,0,0,0,0,0,0,0,0,0,0,0,0,24304.880859375,26555.54296875,28601.88671875,31033.294921875,33885.828125,37105.984375,40577.703125,43861.171875,47025.5390625,50254.50390625,53409.78515625,56685.359375,67111.6875,70752.0234375,73781.9453125,77326.15625,81768.734375,85890.53125,89469.1484375,93775.3046875,98501.9140625,103707.4375,108949.3359375,114000,119555.703125,121249.765625,125323.96875,130273.1796875,134328.890625,137554,140749.640625,142070.296875,144365.5625,147531.71875,150978.59375,153343.015625,154960.5625,161129.359375,170955.09375,176466.609375,179994.015625,182466.875,0,0,0,0,0,0,0,0,0,0,0,0,0,0,0,0,0,0,0,0,0,0,0,0,0,0,0,0,0,0,0,0,0,0,0,0,0,0,0,0,0,0,0,0,0,0,0,0,0,0,0,0,0,0,0,0
0,0,0,0,0,0,3180,31802,231802,131802,10566.2861328125,38,42,1969,1965,0,0,0,0,0,0,0,0,0,0,0,0,0,0,0,0,0,0,0,1,2,3,4,5,6,7,8,9,10,11,12,13,14,15,16,17,18,19,20,21,22,23,24,25,26,27,28,29,30,31,32,33,34,35,36,37,38,39,40,41,42,43,44,45,46,47,48,49,50,51,52,53,54,55,56,57,58,59,60,61,62,63,64,65,66,67,68,69,70,71,72,73,74,75,76,77,78,79,80,81,82,83,84,85,86,87,88,89,90,91,92,93,94,95,96,97,98,99,100,101,102,103,104,105,106,107,108,109,110,111,112,113,114,115,116,117,118,119,120,121,122,123,124,125,126,127,128,129,130,131,132,133,134,135,136,137,138,139,2,1,1,,2024,2,2007,0,0,0,0,0,0,0,0,0,0,0,0,0,0,0,0,0,0,0,0,0,0,0,0,0,0,0,0,0,0,0,0,0,0,0,0,0,17894.728515625,19717.81640625,21697.52734375,23599.939453125,25460.81640625,27379.2421875,29280.2734375,31270.375,37253.6328125,39520,0,0,0,49187.5,51557.40625,54376.85546875,57474.890625,60890.74609375,64368.5703125,0,0,0,0,0,0,0,0,24991.78515625,25554.38671875,26278.171875,27060.34765625,27656.033203125,28122.541015625,29424.962890625,31414.603515625,32630.21875,33490.6015625,0,0,0,0,0,0,0,0,0,0,0,0,0,0,0,0,0,0,0,0,0,0,0,0,0,0,0,0,0,0,0,0,0,0,0,0,0,0,0,0,0,0,0,0,0,0,0,0,0,0,0,0,0,0,0,0,0
0,0,0,0,0,0,3180,31803,131803,231803,9905.4287109375,42,38,1965,1969,0,0,0,0,0,0,0,0,0,0,0,0,0,0,0,1,2,3,4,5,6,7,8,9,10,11,12,13,14,15,16,17,18,19,20,21,22,23,24,25,26,27,28,29,30,31,32,33,34,35,36,37,38,39,40,41,42,43,44,45,46,47,48,49,50,51,52,53,54,55,56,57,58,59,60,61,62,63,64,65,66,67,68,69,70,71,72,73,74,75,76,77,78,79,80,81,82,83,84,85,86,87,88,89,90,91,92,93,94,95,96,97,98,99,100,101,102,103,104,105,106,107,108,109,110,111,112,113,114,115,116,117,118,119,120,121,122,123,124,125,126,127,128,129,130,131,132,133,134,135,136,137,138,139,140,141,142,143,1,2,1,2025,2025,1,2007,0,0,0,0,0,0,0,0,0,0,0,0,0,0,0,0,0,0,0,0,0,0,0,0,0,0,0,0,0,0,0,0,0,24304.880859375,26555.54296875,28601.88671875,31033.294921875,33885.828125,37105.984375,40577.703125,43861.171875,47025.5390625,50254.50390625,53409.78515625,56685.359375,67111.6875,70752.0234375,73781.9453125,77326.15625,81768.734375,85890.53125,89469.1484375,93775.3046875,98501.9140625,103707.4375,108949.3359375,114000,119555.703125,121249.765625,125323.96875,130273.1796875,134328.890625,137554,140749.640625,142070.296875,144365.5625,147531.71875,150978.59375,153343.015625,154960.5625,161129.359375,170955.09375,176466.609375,179994.015625,182466.875,0,0,0,0,0,0,0,0,0,0,0,0,0,0,0,0,0,0,0,0,0,0,0,0,0,0,0,0,0,0,0,0,0,0,0,0,0,0,0,0,0,0,0,0,0,0,0,0,0,0,0,0,0,0,0,0
0,0,0,0,0,0,3180,31803,231803,131803,9905.4287109375,38,42,1969,1965,0,0,0,0,0,0,0,0,0,0,0,0,0,0,0,0,0,0,0,1,2,3,4,5,6,7,8,9,10,11,12,13,14,15,16,17,18,19,20,21,22,23,24,25,26,27,28,29,30,31,32,33,34,35,36,37,38,39,40,41,42,43,44,45,46,47,48,49,50,51,52,53,54,55,56,57,58,59,60,61,62,63,64,65,66,67,68,69,70,71,72,73,74,75,76,77,78,79,80,81,82,83,84,85,86,87,88,89,90,91,92,93,94,95,96,97,98,99,100,101,102,103,104,105,106,107,108,109,110,111,112,113,114,115,116,117,118,119,120,121,122,123,124,125,126,127,128,129,130,131,132,133,134,135,136,137,138,139,2,1,1,,2024,2,2007,0,0,0,0,0,0,0,0,0,0,0,0,0,0,0,0,0,0,0,0,0,0,0,0,0,0,0,0,0,0,0,0,0,0,0,0,0,17894.728515625,19717.81640625,21697.52734375,23599.939453125,25460.81640625,27379.2421875,29280.2734375,31270.375,37253.6328125,39520,0,0,0,49187.5,51557.40625,54376.85546875,57474.890625,60890.74609375,64368.5703125,0,0,0,0,0,0,0,0,24991.78515625,25554.38671875,26278.171875,27060.34765625,27656.033203125,28122.541015625,29424.962890625,31414.603515625,32630.21875,33490.6015625,0,0,0,0,0,0,0,0,0,0,0,0,0,0,0,0,0,0,0,0,0,0,0,0,0,0,0,0,0,0,0,0,0,0,0,0,0,0,0,0,0,0,0,0,0,0,0,0,0,0,0,0,0,0,0,0,0
0,0,0,0,0,0,3180,31804,131804,231804,10385.8701171875,42,38,1965,1969,0,0,0,0,0,0,0,0,0,0,0,0,0,0,0,1,2,3,4,5,6,7,8,9,10,11,12,13,14,15,16,17,18,19,20,21,22,23,24,25,26,27,28,29,30,31,32,33,34,35,36,37,38,39,40,41,42,43,44,45,46,47,48,49,50,51,52,53,54,55,56,57,58,59,60,61,62,63,64,65,66,67,68,69,70,71,72,73,74,75,76,77,78,79,80,81,82,83,84,85,86,87,88,89,90,91,92,93,94,95,96,97,98,99,100,101,102,103,104,105,106,107,108,109,110,111,112,113,114,115,116,117,118,119,120,121,122,123,124,125,126,127,128,129,130,131,132,133,134,135,136,137,138,139,140,141,142,143,1,2,1,2025,2025,1,2007,0,0,0,0,0,0,0,0,0,0,0,0,0,0,0,0,0,0,0,0,0,0,0,0,0,0,0,0,0,0,0,0,0,24304.880859375,26555.54296875,28601.88671875,31033.294921875,33885.828125,37105.984375,40577.703125,43861.171875,47025.5390625,50254.50390625,53409.78515625,56685.359375,67111.6875,70752.0234375,73781.9453125,77326.15625,81768.734375,85890.53125,89469.1484375,93775.3046875,98501.9140625,103707.4375,108949.3359375,114000,119555.703125,121249.765625,125323.96875,130273.1796875,134328.890625,137554,140749.640625,142070.296875,144365.5625,147531.71875,150978.59375,153343.015625,154960.5625,161129.359375,170955.09375,176466.609375,179994.015625,182466.875,0,0,0,0,0,0,0,0,0,0,0,0,0,0,0,0,0,0,0,0,0,0,0,0,0,0,0,0,0,0,0,0,0,0,0,0,0,0,0,0,0,0,0,0,0,0,0,0,0,0,0,0,0,0,0,0
0,0,0,0,0,0,3180,31804,231804,131804,10385.8701171875,38,42,1969,1965,0,0,0,0,0,0,0,0,0,0,0,0,0,0,0,0,0,0,0,1,2,3,4,5,6,7,8,9,10,11,12,13,14,15,16,17,18,19,20,21,22,23,24,25,26,27,28,29,30,31,32,33,34,35,36,37,38,39,40,41,42,43,44,45,46,47,48,49,50,51,52,53,54,55,56,57,58,59,60,61,62,63,64,65,66,67,68,69,70,71,72,73,74,75,76,77,78,79,80,81,82,83,84,85,86,87,88,89,90,91,92,93,94,95,96,97,98,99,100,101,102,103,104,105,106,107,108,109,110,111,112,113,114,115,116,117,118,119,120,121,122,123,124,125,126,127,128,129,130,131,132,133,134,135,136,137,138,139,2,1,1,,2024,2,2007,0,0,0,0,0,0,0,0,0,0,0,0,0,0,0,0,0,0,0,0,0,0,0,0,0,0,0,0,0,0,0,0,0,0,0,0,0,17894.728515625,19717.81640625,21697.52734375,23599.939453125,25460.81640625,27379.2421875,29280.2734375,31270.375,37253.6328125,39520,0,0,0,49187.5,51557.40625,54376.85546875,57474.890625,60890.74609375,64368.5703125,0,0,0,0,0,0,0,0,24991.78515625,25554.38671875,26278.171875,27060.34765625,27656.033203125,28122.541015625,29424.962890625,31414.603515625,32630.21875,33490.6015625,0,0,0,0,0,0,0,0,0,0,0,0,0,0,0,0,0,0,0,0,0,0,0,0,0,0,0,0,0,0,0,0,0,0,0,0,0,0,0,0,0,0,0,0,0,0,0,0,0,0,0,0,0,0,0,0,0
0,0,0,0,0,0,3180,31805,131805,231805,10488.5458984375,42,38,1965,1969,0,0,0,0,0,0,0,0,0,0,0,0,0,0,0,1,2,3,4,5,6,7,8,9,10,11,12,13,14,15,16,17,18,19,20,21,22,23,24,25,26,27,28,29,30,31,32,33,34,35,36,37,38,39,40,41,42,43,44,45,46,47,48,49,50,51,52,53,54,55,56,57,58,59,60,61,62,63,64,65,66,67,68,69,70,71,72,73,74,75,76,77,78,79,80,81,82,83,84,85,86,87,88,89,90,91,92,93,94,95,96,97,98,99,100,101,102,103,104,105,106,107,108,109,110,111,112,113,114,115,116,117,118,119,120,121,122,123,124,125,126,127,128,129,130,131,132,133,134,135,136,137,138,139,140,141,142,143,1,2,1,2025,2025,1,2007,0,0,0,0,0,0,0,0,0,0,0,0,0,0,0,0,0,0,0,0,0,0,0,0,0,0,0,0,0,0,0,0,0,24304.880859375,26555.54296875,28601.88671875,31033.294921875,33885.828125,37105.984375,40577.703125,43861.171875,47025.5390625,50254.50390625,53409.78515625,56685.359375,67111.6875,70752.0234375,73781.9453125,77326.15625,81768.734375,85890.53125,89469.1484375,93775.3046875,98501.9140625,103707.4375,108949.3359375,114000,119555.703125,121249.765625,125323.96875,130273.1796875,134328.890625,137554,140749.640625,142070.296875,144365.5625,147531.71875,150978.59375,153343.015625,154960.5625,161129.359375,170955.09375,176466.609375,179994.015625,182466.875,0,0,0,0,0,0,0,0,0,0,0,0,0,0,0,0,0,0,0,0,0,0,0,0,0,0,0,0,0,0,0,0,0,0,0,0,0,0,0,0,0,0,0,0,0,0,0,0,0,0,0,0,0,0,0,0
0,0,0,0,0,0,3180,31805,231805,131805,10488.5458984375,38,42,1969,1965,0,0,0,0,0,0,0,0,0,0,0,0,0,0,0,0,0,0,0,1,2,3,4,5,6,7,8,9,10,11,12,13,14,15,16,17,18,19,20,21,22,23,24,25,26,27,28,29,30,31,32,33,34,35,36,37,38,39,40,41,42,43,44,45,46,47,48,49,50,51,52,53,54,55,56,57,58,59,60,61,62,63,64,65,66,67,68,69,70,71,72,73,74,75,76,77,78,79,80,81,82,83,84,85,86,87,88,89,90,91,92,93,94,95,96,97,98,99,100,101,102,103,104,105,106,107,108,109,110,111,112,113,114,115,116,117,118,119,120,121,122,123,124,125,126,127,128,129,130,131,132,133,134,135,136,137,138,139,2,1,1,,2024,2,2007,0,0,0,0,0,0,0,0,0,0,0,0,0,0,0,0,0,0,0,0,0,0,0,0,0,0,0,0,0,0,0,0,0,0,0,0,0,17894.728515625,19717.81640625,21697.52734375,23599.939453125,25460.81640625,27379.2421875,29280.2734375,31270.375,37253.6328125,39520,0,0,0,49187.5,51557.40625,54376.85546875,57474.890625,60890.74609375,64368.5703125,0,0,0,0,0,0,0,0,24991.78515625,25554.38671875,26278.171875,27060.34765625,27656.033203125,28122.541015625,29424.962890625,31414.603515625,32630.21875,33490.6015625,0,0,0,0,0,0,0,0,0,0,0,0,0,0,0,0,0,0,0,0,0,0,0,0,0,0,0,0,0,0,0,0,0,0,0,0,0,0,0,0,0,0,0,0,0,0,0,0,0,0,0,0,0,0,0,0,0
1,1200,4,1,680,4,3241,32411,132411,232411,1829.393798828125,77,76,1930,1931,21,22,23,24,25,26,27,28,29,30,31,32,33,34,35,36,37,38,39,40,41,42,43,44,45,46,47,48,49,50,51,52,53,54,55,56,57,58,59,60,61,62,63,64,65,66,67,68,69,70,71,72,73,74,75,76,77,78,79,80,81,82,83,84,85,86,87,88,89,90,91,92,93,94,95,96,97,98,99,100,101,102,103,104,105,106,107,108,109,110,111,112,113,114,115,116,117,118,119,120,121,122,123,124,125,126,127,128,129,130,131,132,133,134,135,136,137,138,139,140,141,142,143,144,145,146,147,148,149,150,151,152,153,154,155,156,157,158,159,160,161,162,163,164,165,166,167,168,169,170,171,172,173,174,175,176,177,178,1,2,1,,,1,2007,0,0,0,0,0,0,0,10738.6650390625,11346.21484375,11987.3408203125,12569.6201171875,13177.34375,13796.2373046875,14457.57421875,15125.9853515625,15970.0126953125,16832.1171875,17955.171875,19232.421875,20601.888671875,21944.759765625,23151.130859375,24851.46875,27905.216796875,30697.525390625,32829.39453125,35393.7734375,38260.36328125,42039.02734375,46917.0625,51425.33984375,54520.67578125,57000.8203125,59229.484375,61278.12890625,62495.80078125,64208.11328125,66387.4453125,68836.3203125,71279.953125,72956.78125,74067.046875,74950.078125,75426.46875,75801.8359375,76084.71875,75952.765625,75000,0,0,0,0,0,0,0,0,0,0,0,0,0,0,0,0,0,0,0,0,0,0,0,0,0,0,0,0,0,0,0,0,0,0,0,0,0,0,0,0,0,0,0,0,0,0,0,0,0,0,0,0,0,0,0,0,0,0,0,0,0,0,0,0,0,0,0,0,0,0,0,0,0,0,0,0,0,0,0,0,0,0,0
1,1200,4,1,680,4,3241,32411,232411,132411,1829.393798828125,76,77,1931,1930,20,21,22,23,24,25,26,27,28,29,30,31,32,33,34,35,36,37,38,39,40,41,42,43,44,45,46,47,48,49,50,51,52,53,54,55,56,57,58,59,60,61,62,63,64,65,66,67,68,69,70,71,72,73,74,75,76,77,78,79,80,81,82,83,84,85,86,87,88,89,90,91,92,93,94,95,96,97,98,99,100,101,102,103,104,105,106,107,108,109,110,111,112,113,114,115,116,117,118,119,120,121,122,123,124,125,126,127,128,129,130,131,132,133,134,135,136,137,138,139,140,141,142,143,144,145,146,147,148,149,150,151,152,153,154,155,156,157,158,159,160,161,162,163,164,165,166,167,168,169,170,171,172,173,174,175,176,177,2,1,1,,,2,2007,0,0,0,0,0,0,0,0,7742.2666015625,8192.5048828125,8603.8486328125,9033.908203125,9472.958984375,9942.5361328125,10418.447265625,11016.9384765625,11629.7822265625,12425.080078125,13329.7119140625,14301.1513671875,15257.0859375,16120.931640625,17331.921875,19492.037109375,21475.951171875,23003.19921875,24838.73046875,26892.35546875,29594.373046875,33079.890625,36315.12890625,38561.05078125,40378.0625,42022.23046875,43543.55078125,44478.11328125,45768.06640625,47395.3125,49220.25390625,51047.01953125,52329.40234375,53208.6640625,53926.98828125,54354.44140625,54710.1796875,55000,0,0,0,0,0,0,0,0,52749.6953125,52555.38671875,0,0,0,0,0,0,0,0,0,0,0,0,0,0,0,0,0,0,0,0,0,0,0,0,0,0,0,0,0,0,0,0,0,0,0,0,0,0,0,0,0,0,0,0,0,0,0,0,0,0,0,0,0,0,0,0,0,0,0,0,0,0,0,0,0,0,0,0,0,0,0,0,0,0,0
1,1200,4,1,680,4,3241,32412,132412,232412,1930.5228271484375,77,76,1930,1931,21,22,23,24,25,26,27,28,29,30,31,32,33,34,35,36,37,38,39,40,41,42,43,44,45,46,47,48,49,50,51,52,53,54,55,56,57,58,59,60,61,62,63,64,65,66,67,68,69,70,71,72,73,74,75,76,77,78,79,80,81,82,83,84,85,86,87,88,89,90,91,92,93,94,95,96,97,98,99,100,101,102,103,104,105,106,107,108,109,110,111,112,113,114,115,116,117,118,119,120,121,122,123,124,125,126,127,128,129,130,131,132,133,134,135,136,137,138,139,140,141,142,143,144,145,146,147,148,149,150,151,152,153,154,155,156,157,158,159,160,161,162,163,164,165,166,167,168,169,170,171,172,173,174,175,176,177,178,1,2,1,,,1,2007,0,0,0,0,0,0,0,10738.6650390625,11346.21484375,11987.3408203125,12569.6201171875,13177.34375,13796.2373046875,14457.57421875,15125.9853515625,15970.0126953125,16832.1171875,17955.171875,19232.421875,20601.888671875,21944.759765625,23151.130859375,24851.46875,27905.216796875,30697.525390625,32829.39453125,35393.7734375,38260.36328125,42039.02734375,46917.0625,51425.33984375,54520.67578125,57000.8203125,59229.484375,61278.12890625,62495.80078125,64208.11328125,66387.4453125,68836.3203125,71279.953125,72956.78125,74067.046875,74950.078125,75426.46875,75801.8359375,76084.71875,75952.765625,75000,0,0,0,0,0,0,0,0,0,0,0,0,0,0,0,0,0,0,0,0,0,0,0,0,0,0,0,0,0,0,0,0,0,0,0,0,0,0,0,0,0,0,0,0,0,0,0,0,0,0,0,0,0,0,0,0,0,0,0,0,0,0,0,0,0,0,0,0,0,0,0,0,0,0,0,0,0,0,0,0,0,0,0
1,1200,4,1,680,4,3241,32412,232412,132412,1930.5228271484375,76,77,1931,1930,20,21,22,23,24,25,26,27,28,29,30,31,32,33,34,35,36,37,38,39,40,41,42,43,44,45,46,47,48,49,50,51,52,53,54,55,56,57,58,59,60,61,62,63,64,65,66,67,68,69,70,71,72,73,74,75,76,77,78,79,80,81,82,83,84,85,86,87,88,89,90,91,92,93,94,95,96,97,98,99,100,101,102,103,104,105,106,107,108,109,110,111,112,113,114,115,116,117,118,119,120,121,122,123,124,125,126,127,128,129,130,131,132,133,134,135,136,137,138,139,140,141,142,143,144,145,146,147,148,149,150,151,152,153,154,155,156,157,158,159,160,161,162,163,164,165,166,167,168,169,170,171,172,173,174,175,176,177,2,1,1,,,2,2007,0,0,0,0,0,0,0,0,7742.2666015625,8192.5048828125,8603.8486328125,9033.908203125,9472.958984375,9942.5361328125,10418.447265625,11016.9384765625,11629.7822265625,12425.080078125,13329.7119140625,14301.1513671875,15257.0859375,16120.931640625,17331.921875,19492.037109375,21475.951171875,23003.19921875,24838.73046875,26892.35546875,29594.373046875,33079.890625,36315.12890625,38561.05078125,40378.0625,42022.23046875,43543.55078125,44478.11328125,45768.06640625,47395.3125,49220.25390625,51047.01953125,52329.40234375,53208.6640625,53926.98828125,54354.44140625,54710.1796875,55000,0,0,0,0,0,0,0,0,52749.6953125,52555.38671875,0,0,0,0,0,0,0,0,0,0,0,0,0,0,0,0,0,0,0,0,0,0,0,0,0,0,0,0,0,0,0,0,0,0,0,0,0,0,0,0,0,0,0,0,0,0,0,0,0,0,0,0,0,0,0,0,0,0,0,0,0,0,0,0,0,0,0,0,0,0,0,0,0,0,0
1,1200,4,1,680,4,3241,32413,132413,232413,1847.0997314453125,77,76,1930,1931,21,22,23,24,25,26,27,28,29,30,31,32,33,34,35,36,37,38,39,40,41,42,43,44,45,46,47,48,49,50,51,52,53,54,55,56,57,58,59,60,61,62,63,64,65,66,67,68,69,70,71,72,73,74,75,76,77,78,79,80,81,82,83,84,85,86,87,88,89,90,91,92,93,94,95,96,97,98,99,100,101,102,103,104,105,106,107,108,109,110,111,112,113,114,115,116,117,118,119,120,121,122,123,124,125,126,127,128,129,130,131,132,133,134,135,136,137,138,139,140,141,142,143,144,145,146,147,148,149,150,151,152,153,154,155,156,157,158,159,160,161,162,163,164,165,166,167,168,169,170,171,172,173,174,175,176,177,178,1,2,1,,,1,2007,0,0,0,0,0,0,0,10738.6650390625,11346.21484375,11987.3408203125,12569.6201171875,13177.34375,13796.2373046875,14457.57421875,15125.9853515625,15970.0126953125,16832.1171875,17955.171875,19232.421875,20601.888671875,21944.759765625,23151.130859375,24851.46875,27905.216796875,30697.525390625,32829.39453125,35393.7734375,38260.36328125,42039.02734375,46917.0625,51425.33984375,54520.67578125,57000.8203125,59229.484375,61278.12890625,62495.80078125,64208.11328125,66387.4453125,68836.3203125,71279.953125,72956.78125,74067.046875,74950.078125,75426.46875,75801.8359375,76084.71875,75952.765625,75000,0,0,0,0,0,0,0,0,0,0,0,0,0,0,0,0,0,0,0,0,0,0,0,0,0,0,0,0,0,0,0,0,0,0,0,0,0,0,0,0,0,0,0,0,0,0,0,0,0,0,0,0,0,0,0,0,0,0,0,0,0,0,0,0,0,0,0,0,0,0,0,0,0,0,0,0,0,0,0,0,0,0,0
1,1200,4,1,680,4,3241,32413,232413,132413,1847.0997314453125,76,77,1931,1930,20,21,22,23,24,25,26,27,28,29,30,31,32,33,34,35,36,37,38,39,40,41,42,43,44,45,46,47,48,49,50,51,52,53,54,55,56,57,58,59,60,61,62,63,64,65,66,67,68,69,70,71,72,73,74,75,76,77,78,79,80,81,82,83,84,85,86,87,88,89,90,91,92,93,94,95,96,97,98,99,100,101,102,103,104,105,106,107,108,109,110,111,112,113,114,115,116,117,118,119,120,121,122,123,124,125,126,127,128,129,130,131,132,133,134,135,136,137,138,139,140,141,142,143,144,145,146,147,148,149,150,151,152,153,154,155,156,157,158,159,160,161,162,163,164,165,166,167,168,169,170,171,172,173,174,175,176,177,2,1,1,,,2,2007,0,0,0,0,0,0,0,0,7742.2666015625,8192.5048828125,8603.8486328125,9033.908203125,9472.958984375,9942.5361328125,10418.447265625,11016.9384765625,11629.7822265625,12425.080078125,13329.7119140625,14301.1513671875,15257.0859375,16120.931640625,17331.921875,19492.037109375,21475.951171875,23003.19921875,24838.73046875,26892.35546875,29594.373046875,33079.890625,36315.12890625,38561.05078125,40378.0625,42022.23046875,43543.55078125,44478.11328125,45768.06640625,47395.3125,49220.25390625,51047.01953125,52329.40234375,53208.6640625,53926.98828125,54354.44140625,54710.1796875,55000,0,0,0,0,0,0,0,0,52749.6953125,52555.38671875,0,0,0,0,0,0,0,0,0,0,0,0,0,0,0,0,0,0,0,0,0,0,0,0,0,0,0,0,0,0,0,0,0,0,0,0,0,0,0,0,0,0,0,0,0,0,0,0,0,0,0,0,0,0,0,0,0,0,0,0,0,0,0,0,0,0,0,0,0,0,0,0,0,0,0
1,1200,4,1,680,4,3241,32414,132414,232414,1825.8128662109375,77,76,1930,1931,21,22,23,24,25,26,27,28,29,30,31,32,33,34,35,36,37,38,39,40,41,42,43,44,45,46,47,48,49,50,51,52,53,54,55,56,57,58,59,60,61,62,63,64,65,66,67,68,69,70,71,72,73,74,75,76,77,78,79,80,81,82,83,84,85,86,87,88,89,90,91,92,93,94,95,96,97,98,99,100,101,102,103,104,105,106,107,108,109,110,111,112,113,114,115,116,117,118,119,120,121,122,123,124,125,126,127,128,129,130,131,132,133,134,135,136,137,138,139,140,141,142,143,144,145,146,147,148,149,150,151,152,153,154,155,156,157,158,159,160,161,162,163,164,165,166,167,168,169,170,171,172,173,174,175,176,177,178,1,2,1,,,1,2007,0,0,0,0,0,0,0,10738.6650390625,11346.21484375,11987.3408203125,12569.6201171875,13177.34375,13796.2373046875,14457.57421875,15125.9853515625,15970.0126953125,16832.1171875,17955.171875,19232.421875,20601.888671875,21944.759765625,23151.130859375,24851.46875,27905.216796875,30697.525390625,32829.39453125,35393.7734375,38260.36328125,42039.02734375,46917.0625,51425.33984375,54520.67578125,57000.8203125,59229.484375,61278.12890625,62495.80078125,64208.11328125,66387.4453125,68836.3203125,71279.953125,72956.78125,74067.046875,74950.078125,75426.46875,75801.8359375,76084.71875,75952.765625,75000,0,0,0,0,0,0,0,0,0,0,0,0,0,0,0,0,0,0,0,0,0,0,0,0,0,0,0,0,0,0,0,0,0,0,0,0,0,0,0,0,0,0,0,0,0,0,0,0,0,0,0,0,0,0,0,0,0,0,0,0,0,0,0,0,0,0,0,0,0,0,0,0,0,0,0,0,0,0,0,0,0,0,0
1,1200,4,1,680,4,3241,32414,232414,132414,1825.8128662109375,76,77,1931,1930,20,21,22,23,24,25,26,27,28,29,30,31,32,33,34,35,36,37,38,39,40,41,42,43,44,45,46,47,48,49,50,51,52,53,54,55,56,57,58,59,60,61,62,63,64,65,66,67,68,69,70,71,72,73,74,75,76,77,78,79,80,81,82,83,84,85,86,87,88,89,90,91,92,93,94,95,96,97,98,99,100,101,102,103,104,105,106,107,108,109,110,111,112,113,114,115,116,117,118,119,120,121,122,123,124,125,126,127,128,129,130,131,132,133,134,135,136,137,138,139,140,141,142,143,144,145,146,147,148,149,150,151,152,153,154,155,156,157,158,159,160,161,162,163,164,165,166,167,168,169,170,171,172,173,174,175,176,177,2,1,1,,,2,2007,0,0,0,0,0,0,0,0,7742.2666015625,8192.5048828125,8603.8486328125,9033.908203125,9472.958984375,9942.5361328125,10418.447265625,11016.9384765625,11629.7822265625,12425.080078125,13329.7119140625,14301.1513671875,15257.0859375,16120.931640625,17331.921875,19492.037109375,21475.951171875,23003.19921875,24838.73046875,26892.35546875,29594.373046875,33079.890625,36315.12890625,38561.05078125,40378.0625,42022.23046875,43543.55078125,44478.11328125,45768.06640625,47395.3125,49220.25390625,51047.01953125,52329.40234375,53208.6640625,53926.98828125,54354.44140625,54710.1796875,55000,0,0,0,0,0,0,0,0,52749.6953125,52555.38671875,0,0,0,0,0,0,0,0,0,0,0,0,0,0,0,0,0,0,0,0,0,0,0,0,0,0,0,0,0,0,0,0,0,0,0,0,0,0,0,0,0,0,0,0,0,0,0,0,0,0,0,0,0,0,0,0,0,0,0,0,0,0,0,0,0,0,0,0,0,0,0,0,0,0,0
1,1200,4,1,680,4,3241,32415,132415,232415,1827.2335205078125,77,76,1930,1931,21,22,23,24,25,26,27,28,29,30,31,32,33,34,35,36,37,38,39,40,41,42,43,44,45,46,47,48,49,50,51,52,53,54,55,56,57,58,59,60,61,62,63,64,65,66,67,68,69,70,71,72,73,74,75,76,77,78,79,80,81,82,83,84,85,86,87,88,89,90,91,92,93,94,95,96,97,98,99,100,101,102,103,104,105,106,107,108,109,110,111,112,113,114,115,116,117,118,119,120,121,122,123,124,125,126,127,128,129,130,131,132,133,134,135,136,137,138,139,140,141,142,143,144,145,146,147,148,149,150,151,152,153,154,155,156,157,158,159,160,161,162,163,164,165,166,167,168,169,170,171,172,173,174,175,176,177,178,1,2,1,,,1,2007,0,0,0,0,0,0,0,10738.6650390625,11346.21484375,11987.3408203125,12569.6201171875,13177.34375,13796.2373046875,14457.57421875,15125.9853515625,15970.0126953125,16832.1171875,17955.171875,19232.421875,20601.888671875,21944.759765625,23151.130859375,24851.46875,27905.216796875,30697.525390625,32829.39453125,35393.7734375,38260.36328125,42039.02734375,46917.0625,51425.33984375,54520.67578125,57000.8203125,59229.484375,61278.12890625,62495.80078125,64208.11328125,66387.4453125,68836.3203125,71279.953125,72956.78125,74067.046875,74950.078125,75426.46875,75801.8359375,76084.71875,75952.765625,75000,0,0,0,0,0,0,0,0,0,0,0,0,0,0,0,0,0,0,0,0,0,0,0,0,0,0,0,0,0,0,0,0,0,0,0,0,0,0,0,0,0,0,0,0,0,0,0,0,0,0,0,0,0,0,0,0,0,0,0,0,0,0,0,0,0,0,0,0,0,0,0,0,0,0,0,0,0,0,0,0,0,0,0
1,1200,4,1,680,4,3241,32415,232415,132415,1827.2335205078125,76,77,1931,1930,20,21,22,23,24,25,26,27,28,29,30,31,32,33,34,35,36,37,38,39,40,41,42,43,44,45,46,47,48,49,50,51,52,53,54,55,56,57,58,59,60,61,62,63,64,65,66,67,68,69,70,71,72,73,74,75,76,77,78,79,80,81,82,83,84,85,86,87,88,89,90,91,92,93,94,95,96,97,98,99,100,101,102,103,104,105,106,107,108,109,110,111,112,113,114,115,116,117,118,119,120,121,122,123,124,125,126,127,128,129,130,131,132,133,134,135,136,137,138,139,140,141,142,143,144,145,146,147,148,149,150,151,152,153,154,155,156,157,158,159,160,161,162,163,164,165,166,167,168,169,170,171,172,173,174,175,176,177,2,1,1,,,2,2007,0,0,0,0,0,0,0,0,7742.2666015625,8192.5048828125,8603.8486328125,9033.908203125,9472.958984375,9942.5361328125,10418.447265625,11016.9384765625,11629.7822265625,12425.080078125,13329.7119140625,14301.1513671875,15257.0859375,16120.931640625,17331.921875,19492.037109375,21475.951171875,23003.19921875,24838.73046875,26892.35546875,29594.373046875,33079.890625,36315.12890625,38561.05078125,40378.0625,42022.23046875,43543.55078125,44478.11328125,45768.06640625,47395.3125,49220.25390625,51047.01953125,52329.40234375,53208.6640625,53926.98828125,54354.44140625,54710.1796875,55000,0,0,0,0,0,0,0,0,52749.6953125,52555.38671875,0,0,0,0,0,0,0,0,0,0,0,0,0,0,0,0,0,0,0,0,0,0,0,0,0,0,0,0,0,0,0,0,0,0,0,0,0,0,0,0,0,0,0,0,0,0,0,0,0,0,0,0,0,0,0,0,0,0,0,0,0,0,0,0,0,0,0,0,0,0,0,0,0,0,0
1,1700,4,1,1200,4,3339,33391,133391,233391,21.895397186279297,81,75,1926,1932,25,26,27,28,29,30,31,32,33,34,35,36,37,38,39,40,41,42,43,44,45,46,47,48,49,50,51,52,53,54,55,56,57,58,59,60,61,62,63,64,65,66,67,68,69,70,71,72,73,74,75,76,77,78,79,80,81,82,83,84,85,86,87,88,89,90,91,92,93,94,95,96,97,98,99,100,101,102,103,104,105,106,107,108,109,110,111,112,113,114,115,116,117,118,119,120,121,122,123,124,125,126,127,128,129,130,131,132,133,134,135,136,137,138,139,140,141,142,143,144,145,146,147,148,149,150,151,152,153,154,155,156,157,158,159,160,161,162,163,164,165,166,167,168,169,170,171,172,173,174,175,176,177,178,179,180,181,182,1,2,1,,9999,1,2007,64003.4765625,68316.171875,72281.484375,76003.0625,79431.7421875,84211.015625,90051.625,95520,100296.9140625,105305.515625,109734.3359375,114324.78125,118950.2265625,123877.4296875,128799.140625,135140.71875,141550.78125,150056.5,159731.765625,170042.125,180000,0,0,0,0,0,4849.98486328125,5210.20458984375,5689.18994140625,6309.87451171875,6873.20361328125,7241.6142578125,7523.97509765625,7769.55126953125,7988.330078125,8096.42822265625,8266.556640625,8494.0107421875,8752.5830078125,9006.95703125,9161.5390625,9243.1494140625,9295.208984375,9296.146484375,9284.3388671875,9261.0634765625,9187.537109375,9015.892578125,8891.6552734375,8847.93359375,8745.7578125,0,0,0,0,0,0,0,0,0,0,0,0,0,0,0,0,0,0,0,0,0,0,0,0,0,0,0,0,0,0,0,0,0,0,0,0,0,0,0,0,0,0,0,0,0,0,0,0,0,0,0,0,0,0,0,0,0,0,0,0,0,0,0,0,0,0,0,0,0,0,0,0,0,0,0,0,0,0,0,0
1,1700,4,1,1200,4,3339,33391,233391,133391,21.895397186279297,75,81,1932,1926,19,20,21,22,23,24,25,26,27,28,29,30,31,32,33,34,35,36,37,38,39,40,41,42,43,44,45,46,47,48,49,50,51,52,53,54,55,56,57,58,59,60,61,62,63,64,65,66,67,68,69,70,71,72,73,74,75,76,77,78,79,80,81,82,83,84,85,86,87,88,89,90,91,92,93,94,95,96,97,98,99,100,101,102,103,104,105,106,107,108,109,110,111,112,113,114,115,116,117,118,119,120,121,122,123,124,125,126,127,128,129,130,131,132,133,134,135,136,137,138,139,140,141,142,143,144,145,146,147,148,149,150,151,152,153,154,155,156,157,158,159,160,161,162,163,164,165,166,167,168,169,170,171,172,173,174,175,176,2,1,1,9999,9999,2,2007,0,0,0,0,0,0,0,0,0,0,0,0,0,0,0,0,0,0,24119.939453125,25918.103515625,27693.69921875,32733.470703125,35247.265625,39702.02734375,43811.1875,47000,59085.8125,64070.75390625,70618.2421875,79058.578125,86926.0078125,92445.9140625,96952.96875,101058.28125,104880.2734375,107298.359375,110582.421875,114692.7734375,119294.7421875,123915.3203125,127226.5,129565.9609375,131520.03125,132769.265625,133846.625,134765.609375,134951.953125,133675.125,133071.875,133661.8125,133359.75,131951.09375,131367.484375,131070.171875,131077.734375,130798.6875,130000,0,0,0,0,0,0,0,0,0,0,0,0,0,0,0,0,0,0,0,0,0,0,0,0,0,0,0,0,0,0,0,0,0,0,0,0,0,0,0,0,0,0,0,0,0,0,0,0,0,0,0,0,0,0,0,0,0,0,0,0,0,0,0,0,0,0,0,0,0,0,0,0,0,0
1,1500,4,1,1400,4,3339,33392,133392,233392,20.702377319335938,81,75,1926,1932,25,26,27,28,29,30,31,32,33,34,35,36,37,38,39,40,41,42,43,44,45,46,47,48,49,50,51,52,53,54,55,56,57,58,59,60,61,62,63,64,65,66,67,68,69,70,71,72,73,74,75,76,77,78,79,80,81,82,83,84,85,86,87,88,89,90,91,92,93,94,95,96,97,98,99,100,101,102,103,104,105,106,107,108,109,110,111,112,113,114,115,116,117,118,119,120,121,122,123,124,125,126,127,128,129,130,131,132,133,134,135,136,137,138,139,140,141,142,143,144,145,146,147,148,149,150,151,152,153,154,155,156,157,158,159,160,161,162,163,164,165,166,167,168,169,170,171,172,173,174,175,176,177,178,179,180,181,182,1,2,1,,9999,1,2007,53336.23046875,56930.14453125,60234.5703125,63335.8828125,66193.1171875,70175.84375,75043.0234375,79600,83580.765625,87754.6015625,91445.28125,95270.65625,99125.1953125,103231.1875,107332.6171875,112617.2734375,117958.9765625,125047.078125,133109.8125,141701.765625,150000,0,0,0,0,0,4849.98486328125,5210.20458984375,5689.18994140625,6309.87451171875,6873.20361328125,7241.6142578125,7523.97509765625,7769.55126953125,7988.330078125,8096.42822265625,8266.556640625,8494.0107421875,8752.5830078125,9006.95703125,9161.5390625,9243.1494140625,9295.208984375,9296.146484375,9284.3388671875,9261.0634765625,9187.537109375,9015.892578125,8891.6552734375,8847.93359375,8745.7578125,0,0,0,0,0,0,0,0,0,0,0,0,0,0,0,0,0,0,0,0,0,0,0,0,0,0,0,0,0,0,0,0,0,0,0,0,0,0,0,0,0,0,0,0,0,0,0,0,0,0,0,0,0,0,0,0,0,0,0,0,0,0,0,0,0,0,0,0,0,0,0,0,0,0,0,0,0,0,0,0
1,1500,4,1,1400,4,3339,33392,233392,133392,20.702377319335938,75,81,1932,1926,19,20,21,22,23,24,25,26,27,28,29,30,31,32,33,34,35,36,37,38,39,40,41,42,43,44,45,46,47,48,49,50,51,52,53,54,55,56,57,58,59,60,61,62,63,64,65,66,67,68,69,70,71,72,73,74,75,76,77,78,79,80,81,82,83,84,85,86,87,88,89,90,91,92,93,94,95,96,97,98,99,100,101,102,103,104,105,106,107,108,109,110,111,112,113,114,115,116,117,118,119,120,121,122,123,124,125,126,127,128,129,130,131,132,133,134,135,136,137,138,139,140,141,142,143,144,145,146,147,148,149,150,151,152,153,154,155,156,157,158,159,160,161,162,163,164,165,166,167,168,169,170,171,172,173,174,175,176,2,1,1,9999,9999,2,2007,0,0,0,0,0,0,0,0,0,0,0,0,0,0,0,0,0,0,0,0,0,0,0,0,0,0,340880,369638.9375,407412.90625,456107.15625,501496.15625,533341.75,559344,583028.5,605078.4375,619028.9375,637975.4375,661689.0625,688238.8125,714896,733999,747495.875,758769.375,765976.4375,772192,777493.8125,778568.875,771202.625,767722.3125,771125.8125,769383.0625,761256.1875,757889.3125,756174.0625,756217.625,754607.75,750000,0,0,0,0,0,0,0,0,0,0,0,0,0,0,0,0,0,0,0,0,0,0,0,0,0,0,0,0,0,0,0,0,0,0,0,0,0,0,0,0,0,0,0,0,0,0,0,0,0,0,0,0,0,0,0,0,0,0,0,0,0,0,0,0,0,0,0,0,0,0,0,0,0,0
1,1500,4,1,1200,4,3339,33393,133393,233393,23.411718368530273,81,75,1926,1932,25,26,27,28,29,30,31,32,33,34,35,36,37,38,39,40,41,42,43,44,45,46,47,48,49,50,51,52,53,54,55,56,57,58,59,60,61,62,63,64,65,66,67,68,69,70,71,72,73,74,75,76,77,78,79,80,81,82,83,84,85,86,87,88,89,90,91,92,93,94,95,96,97,98,99,100,101,102,103,104,105,106,107,108,109,110,111,112,113,114,115,116,117,118,119,120,121,122,123,124,125,126,127,128,129,130,131,132,133,134,135,136,137,138,139,140,141,142,143,144,145,146,147,148,149,150,151,152,153,154,155,156,157,158,159,160,161,162,163,164,165,166,167,168,169,170,171,172,173,174,175,176,177,178,179,180,181,182,1,2,1,,9999,1,2007,88893.7578125,94883.625,100391,105559.859375,110321.921875,116959.8046875,125071.765625,132666.734375,139301.34375,146257.734375,152408.875,158784.5,165208.734375,172052.0625,178887.78125,187695.546875,196598.390625,208411.90625,221849.796875,236169.734375,250000,0,0,0,0,0,4849.98486328125,5210.20458984375,5689.18994140625,6309.87451171875,6873.20361328125,7241.6142578125,7523.97509765625,7769.55126953125,7988.330078125,8096.42822265625,8266.556640625,8494.0107421875,8752.5830078125,9006.95703125,9161.5390625,9243.1494140625,9295.208984375,9296.146484375,9284.3388671875,9261.0634765625,9187.537109375,9015.892578125,8891.6552734375,8847.93359375,8745.7578125,0,0,0,0,0,0,0,0,0,0,0,0,0,0,0,0,0,0,0,0,0,0,0,0,0,0,0,0,0,0,0,0,0,0,0,0,0,0,0,0,0,0,0,0,0,0,0,0,0,0,0,0,0,0,0,0,0,0,0,0,0,0,0,0,0,0,0,0,0,0,0,0,0,0,0,0,0,0,0,0
1,1500,4,1,1200,4,3339,33393,233393,133393,23.411718368530273,75,81,1932,1926,19,20,21,22,23,24,25,26,27,28,29,30,31,32,33,34,35,36,37,38,39,40,41,42,43,44,45,46,47,48,49,50,51,52,53,54,55,56,57,58,59,60,61,62,63,64,65,66,67,68,69,70,71,72,73,74,75,76,77,78,79,80,81,82,83,84,85,86,87,88,89,90,91,92,93,94,95,96,97,98,99,100,101,102,103,104,105,106,107,108,109,110,111,112,113,114,115,116,117,118,119,120,121,122,123,124,125,126,127,128,129,130,131,132,133,134,135,136,137,138,139,140,141,142,143,144,145,146,147,148,149,150,151,152,153,154,155,156,157,158,159,160,161,162,163,164,165,166,167,168,169,170,171,172,173,174,175,176,2,1,1,9999,9999,2,2007,0,0,0,0,0,0,0,0,0,0,0,0,0,0,0,0,0,0,0,28396.138671875,30341.498046875,35863.125,38617.26171875,43497.9453125,48000,0,159077.296875,172498.125,190125.96875,212849.953125,234031.484375,248892.78125,261027.140625,272079.90625,282369.875,288880.125,297721.8125,308788.15625,321178.0625,333618.0625,342532.78125,348831.34375,354092.3125,357455.59375,360356.1875,362830.375,363332.0625,359894.46875,358270.3125,359858.625,359045.375,355252.8125,353681.59375,352881.125,352901.5,352150.21875,350000,0,0,0,0,0,0,0,0,0,0,0,0,0,0,0,0,0,0,0,0,0,0,0,0,0,0,0,0,0,0,0,0,0,0,0,0,0,0,0,0,0,0,0,0,0,0,0,0,0,0,0,0,0,0,0,0,0,0,0,0,0,0,0,0,0,0,0,0,0,0,0,0,0,0
1,1500,4,1,1300,4,3339,33394,133394,233394,22.706146240234375,81,75,1926,1932,25,26,27,28,29,30,31,32,33,34,35,36,37,38,39,40,41,42,43,44,45,46,47,48,49,50,51,52,53,54,55,56,57,58,59,60,61,62,63,64,65,66,67,68,69,70,71,72,73,74,75,76,77,78,79,80,81,82,83,84,85,86,87,88,89,90,91,92,93,94,95,96,97,98,99,100,101,102,103,104,105,106,107,108,109,110,111,112,113,114,115,116,117,118,119,120,121,122,123,124,125,126,127,128,129,130,131,132,133,134,135,136,137,138,139,140,141,142,143,144,145,146,147,148,149,150,151,152,153,154,155,156,157,158,159,160,161,162,163,164,165,166,167,168,169,170,171,172,173,174,175,176,177,178,179,180,181,182,1,2,1,,9999,1,2007,42668.984375,45544.11328125,48187.65625,50668.70703125,52954.49609375,56140.67578125,60034.4140625,63680,66864.609375,70203.6796875,73156.2265625,76216.5234375,79300.1484375,82584.953125,85866.09375,90093.8125,94367.1796875,100037.6640625,106487.84375,113361.4140625,120000,0,0,0,0,0,4849.98486328125,5210.20458984375,5689.18994140625,6309.87451171875,6873.20361328125,7241.6142578125,7523.97509765625,7769.55126953125,7988.330078125,8096.42822265625,8266.556640625,8494.0107421875,8752.5830078125,9006.95703125,9161.5390625,9243.1494140625,9295.208984375,9296.146484375,9284.3388671875,9261.0634765625,9187.537109375,9015.892578125,8891.6552734375,8847.93359375,8745.7578125,0,0,0,0,0,0,0,0,0,0,0,0,0,0,0,0,0,0,0,0,0,0,0,0,0,0,0,0,0,0,0,0,0,0,0,0,0,0,0,0,0,0,0,0,0,0,0,0,0,0,0,0,0,0,0,0,0,0,0,0,0,0,0,0,0,0,0,0,0,0,0,0,0,0,0,0,0,0,0,0
1,1500,4,1,1300,4,3339,33394,233394,133394,22.706146240234375,75,81,1932,1926,19,20,21,22,23,24,25,26,27,28,29,30,31,32,33,34,35,36,37,38,39,40,41,42,43,44,45,46,47,48,49,50,51,52,53,54,55,56,57,58,59,60,61,62,63,64,65,66,67,68,69,70,71,72,73,74,75,76,77,78,79,80,81,82,83,84,85,86,87,88,89,90,91,92,93,94,95,96,97,98,99,100,101,102,103,104,105,106,107,108,109,110,111,112,113,114,115,116,117,118,119,120,121,122,123,124,125,126,127,128,129,130,131,132,133,134,135,136,137,138,139,140,141,142,143,144,145,146,147,148,149,150,151,152,153,154,155,156,157,158,159,160,161,162,163,164,165,166,167,168,169,170,171,172,173,174,175,176,2,1,1,9999,9999,2,2007,0,0,0,0,13781.7138671875,14748.2431640625,15919.3134765625,17044.69921875,18065.267578125,19145.634765625,20138.30859375,21177.888671875,22241.771484375,23380.732421875,24538.0859375,25988.17578125,27476.640625,29401.3984375,31591.24609375,33946.40234375,36272,42872.83203125,46165.33203125,52000,0,0,113626.71875,123213.03125,135804.359375,152035.78125,167165.453125,177780.671875,186448.078125,194342.921875,201692.90625,206343.078125,212658.578125,220563.109375,229413.046875,238298.78125,244666.4375,249165.40625,252923.25,255325.59375,257397.4375,259164.734375,259523.078125,257067.65625,255907.546875,257042.046875,256461.140625,253752.1875,252629.890625,252058.125,252072.65625,251536.03125,250000,0,0,0,0,0,0,0,0,0,0,0,0,0,0,0,0,0,0,0,0,0,0,0,0,0,0,0,0,0,0,0,0,0,0,0,0,0,0,0,0,0,0,0,0,0,0,0,0,0,0,0,0,0,0,0,0,0,0,0,0,0,0,0,0,0,0,0,0,0,0,0,0,0,0
1,1600,4,1,1300,4,3339,33395,133395,233395,24.148502349853516,81,75,1926,1932,25,26,27,28,29,30,31,32,33,34,35,36,37,38,39,40,41,42,43,44,45,46,47,48,49,50,51,52,53,54,55,56,57,58,59,60,61,62,63,64,65,66,67,68,69,70,71,72,73,74,75,76,77,78,79,80,81,82,83,84,85,86,87,88,89,90,91,92,93,94,95,96,97,98,99,100,101,102,103,104,105,106,107,108,109,110,111,112,113,114,115,116,117,118,119,120,121,122,123,124,125,126,127,128,129,130,131,132,133,134,135,136,137,138,139,140,141,142,143,144,145,146,147,148,149,150,151,152,153,154,155,156,157,158,159,160,161,162,163,164,165,166,167,168,169,170,171,172,173,174,175,176,177,178,179,180,181,182,1,2,1,,9999,1,2007,96005.2109375,102474.265625,108422.2265625,114004.59375,119147.6171875,126316.5234375,135077.4375,143280,150445.375,157958.28125,164601.515625,171487.171875,178425.34375,185816.140625,193198.703125,202711.09375,212326.171875,225084.75,239597.671875,255063.1875,270000,0,0,0,0,0,4849.98486328125,5210.20458984375,5689.18994140625,6309.87451171875,6873.20361328125,7241.6142578125,7523.97509765625,7769.55126953125,7988.330078125,8096.42822265625,8266.556640625,8494.0107421875,8752.5830078125,9006.95703125,9161.5390625,9243.1494140625,9295.208984375,9296.146484375,9284.3388671875,9261.0634765625,9187.537109375,9015.892578125,8891.6552734375,8847.93359375,8745.7578125,0,0,0,0,0,0,0,0,0,0,0,0,0,0,0,0,0,0,0,0,0,0,0,0,0,0,0,0,0,0,0,0,0,0,0,0,0,0,0,0,0,0,0,0,0,0,0,0,0,0,0,0,0,0,0,0,0,0,0,0,0,0,0,0,0,0,0,0,0,0,0,0,0,0,0,0,0,0,0,0
1,1600,4,1,1300,4,3339,33395,233395,133395,24.148502349853516,75,81,1932,1926,19,20,21,22,23,24,25,26,27,28,29,30,31,32,33,34,35,36,37,38,39,40,41,42,43,44,45,46,47,48,49,50,51,52,53,54,55,56,57,58,59,60,61,62,63,64,65,66,67,68,69,70,71,72,73,74,75,76,77,78,79,80,81,82,83,84,85,86,87,88,89,90,91,92,93,94,95,96,97,98,99,100,101,102,103,104,105,106,107,108,109,110,111,112,113,114,115,116,117,118,119,120,121,122,123,124,125,126,127,128,129,130,131,132,133,134,135,136,137,138,139,140,141,142,143,144,145,146,147,148,149,150,151,152,153,154,155,156,157,158,159,160,161,162,163,164,165,166,167,168,169,170,171,172,173,174,175,176,2,1,1,9999,9999,2,2007,0,0,0,0,0,0,0,0,0,0,0,0,0,0,0,0,0,0,0,0,0,0,0,0,0,0,23179.814453125,25135.443359375,27704.07421875,31015.283203125,34101.734375,36267.23828125,38035.38671875,39645.93359375,41145.33203125,42093.96484375,43382.328125,44994.8515625,46800.234375,48612.92578125,49911.92578125,50829.71484375,51596.3125,52086.39453125,52509.046875,52869.57421875,52942.6796875,52441.7734375,52205.109375,52436.546875,52318.04296875,51765.41796875,51536.46875,51419.828125,51422.79296875,51313.32421875,51000,0,0,0,0,0,0,0,0,0,0,0,0,0,0,0,0,0,0,0,0,0,0,0,0,0,0,0,0,0,0,0,0,0,0,0,0,0,0,0,0,0,0,0,0,0,0,0,0,0,0,0,0,0,0,0,0,0,0,0,0,0,0,0,0,0,0,0,0,0,0,0,0,0,0
0,0,0,0,0,0,3827,38271,138271,0,413.34417724609375,63,0,1944,0,7,8,9,10,11,12,13,14,15,16,17,18,19,20,21,22,23,24,25,26,27,28,29,30,31,32,33,34,35,36,37,38,39,40,41,42,43,44,45,46,47,48,49,50,51,52,53,54,55,56,57,58,59,60,61,62,63,64,65,66,67,68,69,70,71,72,73,74,75,76,77,78,79,80,81,82,83,84,85,86,87,88,89,90,91,92,93,94,95,96,97,98,99,100,101,102,103,104,105,106,107,108,109,110,111,112,113,114,115,116,117,118,119,120,121,122,123,124,125,126,127,128,129,130,131,132,133,134,135,136,137,138,139,140,141,142,143,144,145,146,147,148,149,150,151,152,153,154,155,156,157,158,159,160,161,162,163,164,1,0,0,2014,2014,1,2007,0,0,0,0,0,0,0,0,0,0,0,0,0,0,0,0,0,0,0,9909.4912109375,10788.29296875,11632.4638671875,12762.3046875,14646.7080078125,16467.81640625,18000,164924.8125,182215.875,204628.875,233411.953125,261485.15625,283340.5,302765.3125,359133.84375,379753.21875,395844.65625,415663.0625,439253.3125,465504.96875,492664.96875,515379.90625,534767.3125,495192.59375,509334.84375,523162.84375,536700.75,547591.0625,552651.0625,560545.3125,573661.1875,583171.75,587906.625,596358.375,606242.6875,617725.625,628049.3125,636000,645514.9375,633578.375,633778.375,637590.3125,636267.1875,630560.5,624430.6875,0,0,0,0,0,0,0,0,0,0,0,0,0,0,0,0,0,0,0,0,0,0,0,0,0,0,0,0,0,0,0,0,0,0,0,0,0,0,0,0,0,0,0,0,0,0,0,0,0,0,0,0,0,0,0,0,0,0,0,0,0,0,0,0,0,0,0
0,0,0,0,0,0,3827,38272,138272,0,405.38189697265625,63,0,1944,0,7,8,9,10,11,12,13,14,15,16,17,18,19,20,21,22,23,24,25,26,27,28,29,30,31,32,33,34,35,36,37,38,39,40,41,42,43,44,45,46,47,48,49,50,51,52,53,54,55,56,57,58,59,60,61,62,63,64,65,66,67,68,69,70,71,72,73,74,75,76,77,78,79,80,81,82,83,84,85,86,87,88,89,90,91,92,93,94,95,96,97,98,99,100,101,102,103,104,105,106,107,108,109,110,111,112,113,114,115,116,117,118,119,120,121,122,123,124,125,126,127,128,129,130,131,132,133,134,135,136,137,138,139,140,141,142,143,144,145,146,147,148,149,150,151,152,153,154,155,156,157,158,159,160,161,162,163,164,1,0,0,2014,2014,1,2007,0,0,0,0,0,0,0,0,0,0,0,0,0,0,0,0,0,0,0,9909.4912109375,10788.29296875,11632.4638671875,12762.3046875,14646.7080078125,16467.81640625,18000,164924.8125,182215.875,204628.875,233411.953125,261485.15625,283340.5,302765.3125,359133.84375,379753.21875,395844.65625,415663.0625,439253.3125,465504.96875,492664.96875,515379.90625,534767.3125,495192.59375,509334.84375,523162.84375,536700.75,547591.0625,552651.0625,560545.3125,573661.1875,583171.75,587906.625,596358.375,606242.6875,617725.625,628049.3125,636000,645514.9375,633578.375,633778.375,637590.3125,636267.1875,630560.5,624430.6875,0,0,0,0,0,0,0,0,0,0,0,0,0,0,0,0,0,0,0,0,0,0,0,0,0,0,0,0,0,0,0,0,0,0,0,0,0,0,0,0,0,0,0,0,0,0,0,0,0,0,0,0,0,0,0,0,0,0,0,0,0,0,0,0,0,0,0
0,0,0,0,0,0,3827,38273,138273,0,403.20013427734375,63,0,1944,0,7,8,9,10,11,12,13,14,15,16,17,18,19,20,21,22,23,24,25,26,27,28,29,30,31,32,33,34,35,36,37,38,39,40,41,42,43,44,45,46,47,48,49,50,51,52,53,54,55,56,57,58,59,60,61,62,63,64,65,66,67,68,69,70,71,72,73,74,75,76,77,78,79,80,81,82,83,84,85,86,87,88,89,90,91,92,93,94,95,96,97,98,99,100,101,102,103,104,105,106,107,108,109,110,111,112,113,114,115,116,117,118,119,120,121,122,123,124,125,126,127,128,129,130,131,132,133,134,135,136,137,138,139,140,141,142,143,144,145,146,147,148,149,150,151,152,153,154,155,156,157,158,159,160,161,162,163,164,1,0,0,2014,2014,1,2007,0,0,0,0,0,0,0,0,0,0,0,0,0,0,0,0,0,0,0,9909.4912109375,10788.29296875,11632.4638671875,12762.3046875,14646.7080078125,16467.81640625,18000,164924.8125,182215.875,204628.875,233411.953125,261485.15625,283340.5,302765.3125,359133.84375,379753.21875,395844.65625,415663.0625,439253.3125,465504.96875,492664.96875,515379.90625,534767.3125,495192.59375,509334.84375,523162.84375,536700.75,547591.0625,552651.0625,560545.3125,573661.1875,583171.75,587906.625,596358.375,606242.6875,617725.625,628049.3125,636000,645514.9375,633578.375,633778.375,637590.3125,636267.1875,630560.5,624430.6875,0,0,0,0,0,0,0,0,0,0,0,0,0,0,0,0,0,0,0,0,0,0,0,0,0,0,0,0,0,0,0,0,0,0,0,0,0,0,0,0,0,0,0,0,0,0,0,0,0,0,0,0,0,0,0,0,0,0,0,0,0,0,0,0,0,0,0
0,0,0,0,0,0,3827,38274,138274,0,400.0981750488281,63,0,1944,0,7,8,9,10,11,12,13,14,15,16,17,18,19,20,21,22,23,24,25,26,27,28,29,30,31,32,33,34,35,36,37,38,39,40,41,42,43,44,45,46,47,48,49,50,51,52,53,54,55,56,57,58,59,60,61,62,63,64,65,66,67,68,69,70,71,72,73,74,75,76,77,78,79,80,81,82,83,84,85,86,87,88,89,90,91,92,93,94,95,96,97,98,99,100,101,102,103,104,105,106,107,108,109,110,111,112,113,114,115,116,117,118,119,120,121,122,123,124,125,126,127,128,129,130,131,132,133,134,135,136,137,138,139,140,141,142,143,144,145,146,147,148,149,150,151,152,153,154,155,156,157,158,159,160,161,162,163,164,1,0,0,2014,2014,1,2007,0,0,0,0,0,0,0,0,0,0,0,0,0,0,0,0,0,0,0,9909.4912109375,10788.29296875,11632.4638671875,12762.3046875,14646.7080078125,16467.81640625,18000,164924.8125,182215.875,204628.875,233411.953125,261485.15625,283340.5,302765.3125,359133.84375,379753.21875,395844.65625,415663.0625,439253.3125,465504.96875,492664.96875,515379.90625,534767.3125,495192.59375,509334.84375,523162.84375,536700.75,547591.0625,552651.0625,560545.3125,573661.1875,583171.75,587906.625,596358.375,606242.6875,617725.625,628049.3125,636000,645514.9375,633578.375,633778.375,637590.3125,636267.1875,630560.5,624430.6875,0,0,0,0,0,0,0,0,0,0,0,0,0,0,0,0,0,0,0,0,0,0,0,0,0,0,0,0,0,0,0,0,0,0,0,0,0,0,0,0,0,0,0,0,0,0,0,0,0,0,0,0,0,0,0,0,0,0,0,0,0,0,0,0,0,0,0
0,0,0,0,0,0,3827,38275,138275,0,406.61016845703125,63,0,1944,0,7,8,9,10,11,12,13,14,15,16,17,18,19,20,21,22,23,24,25,26,27,28,29,30,31,32,33,34,35,36,37,38,39,40,41,42,43,44,45,46,47,48,49,50,51,52,53,54,55,56,57,58,59,60,61,62,63,64,65,66,67,68,69,70,71,72,73,74,75,76,77,78,79,80,81,82,83,84,85,86,87,88,89,90,91,92,93,94,95,96,97,98,99,100,101,102,103,104,105,106,107,108,109,110,111,112,113,114,115,116,117,118,119,120,121,122,123,124,125,126,127,128,129,130,131,132,133,134,135,136,137,138,139,140,141,142,143,144,145,146,147,148,149,150,151,152,153,154,155,156,157,158,159,160,161,162,163,164,1,0,0,2014,2014,1,2007,0,0,0,0,0,0,0,0,0,0,0,0,0,0,0,0,0,0,0,9909.4912109375,10788.29296875,11632.4638671875,12762.3046875,14646.7080078125,16467.81640625,18000,164924.8125,182215.875,204628.875,233411.953125,261485.15625,283340.5,302765.3125,359133.84375,379753.21875,395844.65625,415663.0625,439253.3125,465504.96875,492664.96875,515379.90625,534767.3125,495192.59375,509334.84375,523162.84375,536700.75,547591.0625,552651.0625,560545.3125,573661.1875,583171.75,587906.625,596358.375,606242.6875,617725.625,628049.3125,636000,645514.9375,633578.375,633778.375,637590.3125,636267.1875,630560.5,624430.6875,0,0,0,0,0,0,0,0,0,0,0,0,0,0,0,0,0,0,0,0,0,0,0,0,0,0,0,0,0,0,0,0,0,0,0,0,0,0,0,0,0,0,0,0,0,0,0,0,0,0,0,0,0,0,0,0,0,0,0,0,0,0,0,0,0,0,0
0,0,0,0,0,0,3982,39821,139821,0,7891.78125,50,0,1957,0,0,0,0,0,0,0,0,1,2,3,4,5,6,7,8,9,10,11,12,13,14,15,16,17,18,19,20,21,22,23,24,25,26,27,28,29,30,31,32,33,34,35,36,37,38,39,40,41,42,43,44,45,46,47,48,49,50,51,52,53,54,55,56,57,58,59,60,61,62,63,64,65,66,67,68,69,70,71,72,73,74,75,76,77,78,79,80,81,82,83,84,85,86,87,88,89,90,91,92,93,94,95,96,97,98,99,100,101,102,103,104,105,106,107,108,109,110,111,112,113,114,115,116,117,118,119,120,121,122,123,124,125,126,127,128,129,130,131,132,133,134,135,136,137,138,139,140,141,142,143,144,145,146,147,148,149,150,151,2,0,0,2017,2023,1,2007,0,0,0,0,0,0,0,0,0,0,0,0,0,0,0,0,0,0,0,0,0,0,0,0,0,0,0,0,0,0,0,0,0,0,0,0,0,0,0,0,28854.04296875,30552.337890625,32245.55859375,33845.42578125,35475.97265625,37139.01953125,38668.2890625,39824.51171875,41220.24609375,43048.30859375,44657.86328125,45942.078125,47556.515625,49334.41796875,51297.890625,53222.890625,55000,56965.5390625,57056.75390625,58243.1640625,59792.96484375,60890.328125,61579.53125,62229.26171875,62034.73046875,62255.74609375,62832.671875,17876.12890625,17931.076171875,17895.646484375,18377.443359375,19256.47265625,19630.95703125,0,0,0,0,0,0,0,0,0,0,0,0,0,0,0,0,0,0,0,0,0,0,0,0,0,0,0,0,0,0,0,0,0,0,0,0,0,0,0,0,0,0,0,0,0,0,0,0,0,0,0,0,0,0,0,0,0,0
0,0,0,0,0,0,3982,39822,139822,0,7749.732421875,50,0,1957,0,0,0,0,0,0,0,0,1,2,3,4,5,6,7,8,9,10,11,12,13,14,15,16,17,18,19,20,21,22,23,24,25,26,27,28,29,30,31,32,33,34,35,36,37,38,39,40,41,42,43,44,45,46,47,48,49,50,51,52,53,54,55,56,57,58,59,60,61,62,63,64,65,66,67,68,69,70,71,72,73,74,75,76,77,78,79,80,81,82,83,84,85,86,87,88,89,90,91,92,93,94,95,96,97,98,99,100,101,102,103,104,105,106,107,108,109,110,111,112,113,114,115,116,117,118,119,120,121,122,123,124,125,126,127,128,129,130,131,132,133,134,135,136,137,138,139,140,141,142,143,144,145,146,147,148,149,150,151,2,0,0,2017,2023,1,2007,0,0,0,0,0,0,0,0,0,0,0,0,0,0,0,0,0,0,0,0,0,0,0,0,0,0,0,0,0,0,0,0,0,0,0,0,0,0,0,0,28854.04296875,30552.337890625,32245.55859375,33845.42578125,35475.97265625,37139.01953125,38668.2890625,39824.51171875,41220.24609375,43048.30859375,44657.86328125,45942.078125,47556.515625,49334.41796875,51297.890625,53222.890625,55000,56965.5390625,57056.75390625,58243.1640625,59792.96484375,60890.328125,61579.53125,62229.26171875,62034.73046875,62255.74609375,62832.671875,17876.12890625,17931.076171875,17895.646484375,18377.443359375,19256.47265625,19630.95703125,0,0,0,0,0,0,0,0,0,0,0,0,0,0,0,0,0,0,0,0,0,0,0,0,0,0,0,0,0,0,0,0,0,0,0,0,0,0,0,0,0,0,0,0,0,0,0,0,0,0,0,0,0,0,0,0,0,0
0,0,0,0,0,0,3982,39823,139823,0,8145.09228515625,50,0,1957,0,0,0,0,0,0,0,0,1,2,3,4,5,6,7,8,9,10,11,12,13,14,15,16,17,18,19,20,21,22,23,24,25,26,27,28,29,30,31,32,33,34,35,36,37,38,39,40,41,42,43,44,45,46,47,48,49,50,51,52,53,54,55,56,57,58,59,60,61,62,63,64,65,66,67,68,69,70,71,72,73,74,75,76,77,78,79,80,81,82,83,84,85,86,87,88,89,90,91,92,93,94,95,96,97,98,99,100,101,102,103,104,105,106,107,108,109,110,111,112,113,114,115,116,117,118,119,120,121,122,123,124,125,126,127,128,129,130,131,132,133,134,135,136,137,138,139,140,141,142,143,144,145,146,147,148,149,150,151,2,0,0,2020,2023,1,2007,0,0,0,0,0,0,0,0,0,0,0,0,0,0,0,0,0,0,0,0,0,0,0,0,0,0,0,0,0,0,0,0,0,0,0,0,0,0,0,0,28854.04296875,30552.337890625,32245.55859375,33845.42578125,35475.97265625,37139.01953125,38668.2890625,39824.51171875,41220.24609375,43048.30859375,44657.86328125,45942.078125,47556.515625,49334.41796875,51297.890625,53222.890625,55000,56965.5390625,57056.75390625,58243.1640625,59792.96484375,60890.328125,61579.53125,62229.26171875,62034.73046875,62255.74609375,62832.671875,63503.796875,63698.9921875,63573.12890625,18377.443359375,19256.47265625,19630.95703125,0,0,0,0,0,0,0,0,0,0,0,0,0,0,0,0,0,0,0,0,0,0,0,0,0,0,0,0,0,0,0,0,0,0,0,0,0,0,0,0,0,0,0,0,0,0,0,0,0,0,0,0,0,0,0,0,0,0
0,0,0,0,0,0,3982,39824,139824,0,7886.0322265625,50,0,1957,0,0,0,0,0,0,0,0,1,2,3,4,5,6,7,8,9,10,11,12,13,14,15,16,17,18,19,20,21,22,23,24,25,26,27,28,29,30,31,32,33,34,35,36,37,38,39,40,41,42,43,44,45,46,47,48,49,50,51,52,53,54,55,56,57,58,59,60,61,62,63,64,65,66,67,68,69,70,71,72,73,74,75,76,77,78,79,80,81,82,83,84,85,86,87,88,89,90,91,92,93,94,95,96,97,98,99,100,101,102,103,104,105,106,107,108,109,110,111,112,113,114,115,116,117,118,119,120,121,122,123,124,125,126,127,128,129,130,131,132,133,134,135,136,137,138,139,140,141,142,143,144,145,146,147,148,149,150,151,2,0,0,2017,2023,1,2007,0,0,0,0,0,0,0,0,0,0,0,0,0,0,0,0,0,0,0,0,0,0,0,0,0,0,0,0,0,0,0,0,0,0,0,0,0,0,0,0,28854.04296875,30552.337890625,32245.55859375,33845.42578125,35475.97265625,37139.01953125,38668.2890625,39824.51171875,41220.24609375,43048.30859375,44657.86328125,45942.078125,47556.515625,49334.41796875,51297.890625,53222.890625,55000,56965.5390625,57056.75390625,58243.1640625,59792.96484375,60890.328125,61579.53125,62229.26171875,62034.73046875,62255.74609375,62832.671875,17876.12890625,17931.076171875,17895.646484375,18377.443359375,19256.47265625,19630.95703125,0,0,0,0,0,0,0,0,0,0,0,0,0,0,0,0,0,0,0,0,0,0,0,0,0,0,0,0,0,0,0,0,0,0,0,0,0,0,0,0,0,0,0,0,0,0,0,0,0,0,0,0,0,0,0,0,0,0
0,0,0,0,0,0,3982,39825,139825,0,7759.6337890625,50,0,1957,0,0,0,0,0,0,0,0,1,2,3,4,5,6,7,8,9,10,11,12,13,14,15,16,17,18,19,20,21,22,23,24,25,26,27,28,29,30,31,32,33,34,35,36,37,38,39,40,41,42,43,44,45,46,47,48,49,50,51,52,53,54,55,56,57,58,59,60,61,62,63,64,65,66,67,68,69,70,71,72,73,74,75,76,77,78,79,80,81,82,83,84,85,86,87,88,89,90,91,92,93,94,95,96,97,98,99,100,101,102,103,104,105,106,107,108,109,110,111,112,113,114,115,116,117,118,119,120,121,122,123,124,125,126,127,128,129,130,131,132,133,134,135,136,137,138,139,140,141,142,143,144,145,146,147,148,149,150,151,2,0,0,2017,2023,1,2007,0,0,0,0,0,0,0,0,0,0,0,0,0,0,0,0,0,0,0,0,0,0,0,0,0,0,0,0,0,0,0,0,0,0,0,0,0,0,0,0,28854.04296875,30552.337890625,32245.55859375,33845.42578125,35475.97265625,37139.01953125,38668.2890625,39824.51171875,41220.24609375,43048.30859375,44657.86328125,45942.078125,47556.515625,49334.41796875,51297.890625,53222.890625,55000,56965.5390625,57056.75390625,58243.1640625,59792.96484375,60890.328125,61579.53125,62229.26171875,62034.73046875,62255.74609375,62832.671875,17876.12890625,17931.076171875,17895.646484375,18377.443359375,19256.47265625,19630.95703125,0,0,0,0,0,0,0,0,0,0,0,0,0,0,0,0,0,0,0,0,0,0,0,0,0,0,0,0,0,0,0,0,0,0,0,0,0,0,0,0,0,0,0,0,0,0,0,0,0,0,0,0,0,0,0,0,0,0
0,0,0,0,0,0,4015,40151,140151,240151,6201.48974609375,55,56,1952,1951,0,0,1,2,3,4,5,6,7,8,9,10,11,12,13,14,15,16,17,18,19,20,21,22,23,24,25,26,27,28,29,30,31,32,33,34,35,36,37,38,39,40,41,42,43,44,45,46,47,48,49,50,51,52,53,54,55,56,57,58,59,60,61,62,63,64,65,66,67,68,69,70,71,72,73,74,75,76,77,78,79,80,81,82,83,84,85,86,87,88,89,90,91,92,93,94,95,96,97,98,99,100,101,102,103,104,105,106,107,108,109,110,111,112,113,114,115,116,117,118,119,120,121,122,123,124,125,126,127,128,129,130,131,132,133,134,135,136,137,138,139,140,141,142,143,144,145,146,147,148,149,150,151,152,153,154,155,156,1,2,1,2014,2014,1,2007,0,0,0,0,0,0,0,0,0,0,0,0,0,0,0,0,0,0,0,0,0,0,0,0,0,0,0,0,0,10358.822265625,11750.341796875,12892.2255859375,13948.9365234375,15000,15846.9404296875,16725.708984375,17783.486328125,19028.59375,20418.8515625,21881.38671875,23177.490234375,24351.130859375,25501.162109375,26558.587890625,27621.970703125,28692.32421875,29641.84375,30291.169921875,31109.392578125,32236.8046875,33182.5078125,33871.6875,34789.73828125,35810.18359375,36946.3359375,38035.16015625,39000,40080.1484375,39832.64453125,40345.20703125,41097.21875,41526.56640625,41670.52734375,41783.25390625,0,0,0,0,0,0,0,0,0,0,0,0,0,0,0,0,0,0,0,0,0,0,0,0,0,0,0,0,0,0,0,0,0,0,0,0,0,0,0,0,0,0,0,0,0,0,0,0,0,0,0,0,0,0,0,0,0,0,0,0,0,0,0,0,0,0,0
0,0,0,0,0,0,4015,40151,240151,140151,6201.48974609375,56,55,1951,1952,0,1,2,3,4,5,6,7,8,9,10,11,12,13,14,15,16,17,18,19,20,21,22,23,24,25,26,27,28,29,30,31,32,33,34,35,36,37,38,39,40,41,42,43,44,45,46,47,48,49,50,51,52,53,54,55,56,57,58,59,60,61,62,63,64,65,66,67,68,69,70,71,72,73,74,75,76,77,78,79,80,81,82,83,84,85,86,87,88,89,90,91,92,93,94,95,96,97,98,99,100,101,102,103,104,105,106,107,108,109,110,111,112,113,114,115,116,117,118,119,120,121,122,123,124,125,126,127,128,129,130,131,132,133,134,135,136,137,138,139,140,141,142,143,144,145,146,147,148,149,150,151,152,153,154,155,156,157,2,1,1,9999,9999,2,2007,0,0,0,0,0,0,0,0,0,0,0,0,0,0,0,0,0,0,0,0,0,0,0,0,2440.3779296875,2696.70068359375,3004.092529296875,3747.7265625,4254.8828125,4906.619140625,5557.0625,6087.59716796875,6576.3046875,7060.82373046875,7548.13232421875,7954.2900390625,8444.171875,9021.310546875,9665.3486328125,10341.5078125,10937.0107421875,11472.9267578125,11996.0380859375,12474.009765625,12953.2451171875,13434.234375,13857.2041015625,14138.6943359375,14497.9833984375,15000,0,35012.0078125,35904.96875,36900.578125,38012.01171875,39071.26953125,40000,41043.8125,40726.83984375,41186.6796875,41889.0078125,42260.68359375,42341.15625,42389.546875,41863.6640625,41621.7109375,41616.37109375,41669.33203125,41408.3203125,40941.78515625,41652.65625,43238.6875,43669.21875,43580.57421875,43225.671875,42721.015625,0,0,0,0,0,0,0,0,0,0,0,0,0,0,0,0,0,0,0,0,0,0,0,0,0,0,0,0,0,0,0,0,0,0,0,0,0,0,0,0,0,0,0,0,0,0,0,0,0,0,0,0,0,0,0
0,0,0,0,0,0,4015,40152,140152,240152,6353.78759765625,55,56,1952,1951,0,0,1,2,3,4,5,6,7,8,9,10,11,12,13,14,15,16,17,18,19,20,21,22,23,24,25,26,27,28,29,30,31,32,33,34,35,36,37,38,39,40,41,42,43,44,45,46,47,48,49,50,51,52,53,54,55,56,57,58,59,60,61,62,63,64,65,66,67,68,69,70,71,72,73,74,75,76,77,78,79,80,81,82,83,84,85,86,87,88,89,90,91,92,93,94,95,96,97,98,99,100,101,102,103,104,105,106,107,108,109,110,111,112,113,114,115,116,117,118,119,120,121,122,123,124,125,126,127,128,129,130,131,132,133,134,135,136,137,138,139,140,141,142,143,144,145,146,147,148,149,150,151,152,153,154,155,156,1,2,1,2014,2014,1,2007,0,0,0,0,0,0,0,0,0,0,0,0,0,0,0,0,0,0,0,0,0,0,0,0,0,0,0,0,0,10358.822265625,11750.341796875,12892.2255859375,13948.9365234375,15000,15846.9404296875,16725.708984375,17783.486328125,19028.59375,20418.8515625,21881.38671875,23177.490234375,24351.130859375,25501.162109375,26558.587890625,27621.970703125,28692.32421875,29641.84375,30291.169921875,31109.392578125,32236.8046875,33182.5078125,33871.6875,34789.73828125,35810.18359375,36946.3359375,38035.16015625,39000,40080.1484375,39832.64453125,40345.20703125,41097.21875,41526.56640625,41670.52734375,41783.25390625,0,0,0,0,0,0,0,0,0,0,0,0,0,0,0,0,0,0,0,0,0,0,0,0,0,0,0,0,0,0,0,0,0,0,0,0,0,0,0,0,0,0,0,0,0,0,0,0,0,0,0,0,0,0,0,0,0,0,0,0,0,0,0,0,0,0,0
0,0,0,0,0,0,4015,40152,240152,140152,6353.78759765625,56,55,1951,1952,0,1,2,3,4,5,6,7,8,9,10,11,12,13,14,15,16,17,18,19,20,21,22,23,24,25,26,27,28,29,30,31,32,33,34,35,36,37,38,39,40,41,42,43,44,45,46,47,48,49,50,51,52,53,54,55,56,57,58,59,60,61,62,63,64,65,66,67,68,69,70,71,72,73,74,75,76,77,78,79,80,81,82,83,84,85,86,87,88,89,90,91,92,93,94,95,96,97,98,99,100,101,102,103,104,105,106,107,108,109,110,111,112,113,114,115,116,117,118,119,120,121,122,123,124,125,126,127,128,129,130,131,132,133,134,135,136,137,138,139,140,141,142,143,144,145,146,147,148,149,150,151,152,153,154,155,156,157,2,1,1,9999,9999,2,2007,0,0,0,0,0,0,0,0,0,0,0,0,0,0,0,0,0,0,0,0,0,0,0,0,2440.3779296875,2696.70068359375,3004.092529296875,3747.7265625,4254.8828125,4906.619140625,5557.0625,6087.59716796875,6576.3046875,7060.82373046875,7548.13232421875,7954.2900390625,8444.171875,9021.310546875,9665.3486328125,10341.5078125,10937.0107421875,11472.9267578125,11996.0380859375,12474.009765625,12953.2451171875,13434.234375,13857.2041015625,14138.6943359375,14497.9833984375,15000,0,35012.0078125,35904.96875,36900.578125,38012.01171875,39071.26953125,40000,41043.8125,40726.83984375,41186.6796875,41889.0078125,42260.68359375,42341.15625,42389.546875,41863.6640625,41621.7109375,41616.37109375,41669.33203125,41408.3203125,40941.78515625,41652.65625,43238.6875,43669.21875,43580.57421875,43225.671875,42721.015625,0,0,0,0,0,0,0,0,0,0,0,0,0,0,0,0,0,0,0,0,0,0,0,0,0,0,0,0,0,0,0,0,0,0,0,0,0,0,0,0,0,0,0,0,0,0,0,0,0,0,0,0,0,0,0
0,0,0,0,0,0,4015,40153,140153,240153,6003.39111328125,55,56,1952,1951,0,0,1,2,3,4,5,6,7,8,9,10,11,12,13,14,15,16,17,18,19,20,21,22,23,24,25,26,27,28,29,30,31,32,33,34,35,36,37,38,39,40,41,42,43,44,45,46,47,48,49,50,51,52,53,54,55,56,57,58,59,60,61,62,63,64,65,66,67,68,69,70,71,72,73,74,75,76,77,78,79,80,81,82,83,84,85,86,87,88,89,90,91,92,93,94,95,96,97,98,99,100,101,102,103,104,105,106,107,108,109,110,111,112,113,114,115,116,117,118,119,120,121,122,123,124,125,126,127,128,129,130,131,132,133,134,135,136,137,138,139,140,141,142,143,144,145,146,147,148,149,150,151,152,153,154,155,156,1,2,1,2014,2014,1,2007,0,0,0,0,0,0,0,0,0,0,0,0,0,0,0,0,0,0,0,0,0,0,0,0,0,0,0,0,0,10358.822265625,11750.341796875,12892.2255859375,13948.9365234375,15000,15846.9404296875,16725.708984375,17783.486328125,19028.59375,20418.8515625,21881.38671875,23177.490234375,24351.130859375,25501.162109375,26558.587890625,27621.970703125,28692.32421875,29641.84375,30291.169921875,31109.392578125,32236.8046875,33182.5078125,33871.6875,34789.73828125,35810.18359375,36946.3359375,38035.16015625,39000,40080.1484375,39832.64453125,40345.20703125,41097.21875,41526.56640625,41670.52734375,41783.25390625,0,0,0,0,0,0,0,0,0,0,0,0,0,0,0,0,0,0,0,0,0,0,0,0,0,0,0,0,0,0,0,0,0,0,0,0,0,0,0,0,0,0,0,0,0,0,0,0,0,0,0,0,0,0,0,0,0,0,0,0,0,0,0,0,0,0,0
0,0,0,0,0,0,4015,40153,240153,140153,6003.39111328125,56,55,1951,1952,0,1,2,3,4,5,6,7,8,9,10,11,12,13,14,15,16,17,18,19,20,21,22,23,24,25,26,27,28,29,30,31,32,33,34,35,36,37,38,39,40,41,42,43,44,45,46,47,48,49,50,51,52,53,54,55,56,57,58,59,60,61,62,63,64,65,66,67,68,69,70,71,72,73,74,75,76,77,78,79,80,81,82,83,84,85,86,87,88,89,90,91,92,93,94,95,96,97,98,99,100,101,102,103,104,105,106,107,108,109,110,111,112,113,114,115,116,117,118,119,120,121,122,123,124,125,126,127,128,129,130,131,132,133,134,135,136,137,138,139,140,141,142,143,144,145,146,147,148,149,150,151,152,153,154,155,156,157,2,1,1,9999,9999,2,2007,0,0,0,0,0,0,0,0,0,0,0,0,0,0,0,0,0,0,0,0,0,0,0,0,2440.3779296875,2696.70068359375,3004.092529296875,3747.7265625,4254.8828125,4906.619140625,5557.0625,6087.59716796875,6576.3046875,7060.82373046875,7548.13232421875,7954.2900390625,8444.171875,9021.310546875,9665.3486328125,10341.5078125,10937.0107421875,11472.9267578125,11996.0380859375,12474.009765625,12953.2451171875,13434.234375,13857.2041015625,14138.6943359375,14497.9833984375,15000,0,35012.0078125,35904.96875,36900.578125,38012.01171875,39071.26953125,40000,41043.8125,40726.83984375,41186.6796875,41889.0078125,42260.68359375,42341.15625,42389.546875,41863.6640625,41621.7109375,41616.37109375,41669.33203125,41408.3203125,40941.78515625,41652.65625,43238.6875,43669.21875,43580.57421875,43225.671875,42721.015625,0,0,0,0,0,0,0,0,0,0,0,0,0,0,0,0,0,0,0,0,0,0,0,0,0,0,0,0,0,0,0,0,0,0,0,0,0,0,0,0,0,0,0,0,0,0,0,0,0,0,0,0,0,0,0
0,0,0,0,0,0,4015,40154,140154,240154,6315.91845703125,55,56,1952,1951,0,0,1,2,3,4,5,6,7,8,9,10,11,12,13,14,15,16,17,18,19,20,21,22,23,24,25,26,27,28,29,30,31,32,33,34,35,36,37,38,39,40,41,42,43,44,45,46,47,48,49,50,51,52,53,54,55,56,57,58,59,60,61,62,63,64,65,66,67,68,69,70,71,72,73,74,75,76,77,78,79,80,81,82,83,84,85,86,87,88,89,90,91,92,93,94,95,96,97,98,99,100,101,102,103,104,105,106,107,108,109,110,111,112,113,114,115,116,117,118,119,120,121,122,123,124,125,126,127,128,129,130,131,132,133,134,135,136,137,138,139,140,141,142,143,144,145,146,147,148,149,150,151,152,153,154,155,156,1,2,1,2014,2014,1,2007,0,0,0,0,0,0,0,0,0,0,0,0,0,0,0,0,0,0,0,0,0,0,0,0,0,0,0,0,0,10358.822265625,11750.341796875,12892.2255859375,13948.9365234375,15000,15846.9404296875,16725.708984375,17783.486328125,19028.59375,20418.8515625,21881.38671875,23177.490234375,24351.130859375,25501.162109375,26558.587890625,27621.970703125,28692.32421875,29641.84375,30291.169921875,31109.392578125,32236.8046875,33182.5078125,33871.6875,34789.73828125,35810.18359375,36946.3359375,38035.16015625,39000,40080.1484375,39832.64453125,40345.20703125,41097.21875,41526.56640625,41670.52734375,41783.25390625,0,0,0,0,0,0,0,0,0,0,0,0,0,0,0,0,0,0,0,0,0,0,0,0,0,0,0,0,0,0,0,0,0,0,0,0,0,0,0,0,0,0,0,0,0,0,0,0,0,0,0,0,0,0,0,0,0,0,0,0,0,0,0,0,0,0,0
0,0,0,0,0,0,4015,40154,240154,140154,6315.91845703125,56,55,1951,1952,0,1,2,3,4,5,6,7,8,9,10,11,12,13,14,15,16,17,18,19,20,21,22,23,24,25,26,27,28,29,30,31,32,33,34,35,36,37,38,39,40,41,42,43,44,45,46,47,48,49,50,51,52,53,54,55,56,57,58,59,60,61,62,63,64,65,66,67,68,69,70,71,72,73,74,75,76,77,78,79,80,81,82,83,84,85,86,87,88,89,90,91,92,93,94,95,96,97,98,99,100,101,102,103,104,105,106,107,108,109,110,111,112,113,114,115,116,117,118,119,120,121,122,123,124,125,126,127,128,129,130,131,132,133,134,135,136,137,138,139,140,141,142,143,144,145,146,147,148,149,150,151,152,153,154,155,156,157,2,1,1,9999,9999,2,2007,0,0,0,0,0,0,0,0,0,0,0,0,0,0,0,0,0,0,0,0,0,0,0,0,2440.3779296875,2696.70068359375,3004.092529296875,3747.7265625,4254.8828125,4906.619140625,5557.0625,6087.59716796875,6576.3046875,7060.82373046875,7548.13232421875,7954.2900390625,8444.171875,9021.310546875,9665.3486328125,10341.5078125,10937.0107421875,11472.9267578125,11996.0380859375,12474.009765625,12953.2451171875,13434.234375,13857.2041015625,14138.6943359375,14497.9833984375,15000,0,35012.0078125,35904.96875,36900.578125,38012.01171875,39071.26953125,40000,41043.8125,40726.83984375,41186.6796875,41889.0078125,42260.68359375,42341.15625,42389.546875,41863.6640625,41621.7109375,41616.37109375,41669.33203125,41408.3203125,40941.78515625,41652.65625,43238.6875,43669.21875,43580.57421875,43225.671875,42721.015625,0,0,0,0,0,0,0,0,0,0,0,0,0,0,0,0,0,0,0,0,0,0,0,0,0,0,0,0,0,0,0,0,0,0,0,0,0,0,0,0,0,0,0,0,0,0,0,0,0,0,0,0,0,0,0
0,0,0,0,0,0,4015,40155,140155,240155,6401.6923828125,55,56,1952,1951,0,0,1,2,3,4,5,6,7,8,9,10,11,12,13,14,15,16,17,18,19,20,21,22,23,24,25,26,27,28,29,30,31,32,33,34,35,36,37,38,39,40,41,42,43,44,45,46,47,48,49,50,51,52,53,54,55,56,57,58,59,60,61,62,63,64,65,66,67,68,69,70,71,72,73,74,75,76,77,78,79,80,81,82,83,84,85,86,87,88,89,90,91,92,93,94,95,96,97,98,99,100,101,102,103,104,105,106,107,108,109,110,111,112,113,114,115,116,117,118,119,120,121,122,123,124,125,126,127,128,129,130,131,132,133,134,135,136,137,138,139,140,141,142,143,144,145,146,147,148,149,150,151,152,153,154,155,156,1,2,1,2014,2014,1,2007,0,0,0,0,0,0,0,0,0,0,0,0,0,0,0,0,0,0,0,0,0,0,0,0,0,0,0,0,0,10358.822265625,11750.341796875,12892.2255859375,13948.9365234375,15000,15846.9404296875,16725.708984375,17783.486328125,19028.59375,20418.8515625,21881.38671875,23177.490234375,24351.130859375,25501.162109375,26558.587890625,27621.970703125,28692.32421875,29641.84375,30291.169921875,31109.392578125,32236.8046875,33182.5078125,33871.6875,34789.73828125,35810.18359375,36946.3359375,38035.16015625,39000,40080.1484375,39832.64453125,40345.20703125,41097.21875,41526.56640625,41670.52734375,41783.25390625,0,0,0,0,0,0,0,0,0,0,0,0,0,0,0,0,0,0,0,0,0,0,0,0,0,0,0,0,0,0,0,0,0,0,0,0,0,0,0,0,0,0,0,0,0,0,0,0,0,0,0,0,0,0,0,0,0,0,0,0,0,0,0,0,0,0,0
0,0,0,0,0,0,4015,40155,240155,140155,6401.6923828125,56,55,1951,1952,0,1,2,3,4,5,6,7,8,9,10,11,12,13,14,15,16,17,18,19,20,21,22,23,24,25,26,27,28,29,30,31,32,33,34,35,36,37,38,39,40,41,42,43,44,45,46,47,48,49,50,51,52,53,54,55,56,57,58,59,60,61,62,63,64,65,66,67,68,69,70,71,72,73,74,75,76,77,78,79,80,81,82,83,84,85,86,87,88,89,90,91,92,93,94,95,96,97,98,99,100,101,102,103,104,105,106,107,108,109,110,111,112,113,114,115,116,117,118,119,120,121,122,123,124,125,126,127,128,129,130,131,132,133,134,135,136,137,138,139,140,141,142,143,144,145,146,147,148,149,150,151,152,153,154,155,156,157,2,1,1,9999,9999,2,2007,0,0,0,0,0,0,0,0,0,0,0,0,0,0,0,0,0,0,0,0,0,0,0,0,2440.3779296875,2696.70068359375,3004.092529296875,3747.7265625,4254.8828125,4906.619140625,5557.0625,6087.59716796875,6576.3046875,7060.82373046875,7548.13232421875,7954.2900390625,8444.171875,9021.310546875,9665.3486328125,10341.5078125,10937.0107421875,11472.9267578125,11996.0380859375,12474.009765625,12953.2451171875,13434.234375,13857.2041015625,14138.6943359375,14497.9833984375,15000,0,35012.0078125,35904.96875,36900.578125,38012.01171875,39071.26953125,40000,41043.8125,40726.83984375,41186.6796875,41889.0078125,42260.68359375,42341.15625,42389.546875,41863.6640625,41621.7109375,41616.37109375,41669.33203125,41408.3203125,40941.78515625,41652.65625,43238.6875,43669.21875,43580.57421875,43225.671875,42721.015625,0,0,0,0,0,0,0,0,0,0,0,0,0,0,0,0,0,0,0,0,0,0,0,0,0,0,0,0,0,0,0,0,0,0,0,0,0,0,0,0,0,0,0,0,0,0,0,0,0,0,0,0,0,0,0
0,0,0,0,0,0,4407,44071,144071,0,2795.618408203125,23,0,1984,0,0,0,0,0,0,0,0,0,0,0,0,0,0,0,0,0,0,0,0,0,0,0,0,0,0,0,0,0,0,0,0,0,0,0,1,2,3,4,5,6,7,8,9,10,11,12,13,14,15,16,17,18,19,20,21,22,23,24,25,26,27,28,29,30,31,32,33,34,35,36,37,38,39,40,41,42,43,44,45,46,47,48,49,50,51,52,53,54,55,56,57,58,59,60,61,62,63,64,65,66,67,68,69,70,71,72,73,74,75,76,77,78,79,80,81,82,83,84,85,86,87,88,89,90,91,92,93,94,95,96,97,98,99,100,101,102,103,104,105,106,107,108,109,110,111,112,113,114,115,116,117,118,119,120,121,122,123,124,1,0,0,9999,9999,1,2007,0,0,0,0,0,0,0,0,0,0,0,0,0,0,0,0,0,0,0,0,0,0,0,0,0,0,0,0,0,0,0,0,0,0,0,0,0,0,0,0,0,0,0,0,0,0,0,0,0,0,0,0,0,35253.515625,38339.41796875,41600,118800,128655.1015625,134722.03125,143763.453125,154270.078125,164196.75,173537,183250.8125,190869.890625,200119.640625,210988.515625,222736.65625,233345.46875,243204.09375,260792.5625,285317.9375,303662.625,319319,333691.15625,347433.53125,360863.0625,374215.8125,387517.34375,400663.09375,413580.25,426210.21875,438501.0625,450399.375,461854.65625,472816.59375,483236.53125,493066.90625,502263.46875,510782.53125,518584.34375,525631.4375,531891.125,537332.1875,541928.6875,545658.1875,548501.8125,550446.3125,551481.1875,551601.625,550807.0625,549100.625,546491.75,542992.375,540932.5,537986.9375,534169.8125,529499.375,523999,0,0,0,0,0,0,0,0,0,0,0,0,0,0,0,0,0,0,0,0,0,0
0,0,0,0,0,0,4407,44072,144072,0,2786.615234375,23,0,1984,0,0,0,0,0,0,0,0,0,0,0,0,0,0,0,0,0,0,0,0,0,0,0,0,0,0,0,0,0,0,0,0,0,0,0,1,2,3,4,5,6,7,8,9,10,11,12,13,14,15,16,17,18,19,20,21,22,23,24,25,26,27,28,29,30,31,32,33,34,35,36,37,38,39,40,41,42,43,44,45,46,47,48,49,50,51,52,53,54,55,56,57,58,59,60,61,62,63,64,65,66,67,68,69,70,71,72,73,74,75,76,77,78,79,80,81,82,83,84,85,86,87,88,89,90,91,92,93,94,95,96,97,98,99,100,101,102,103,104,105,106,107,108,109,110,111,112,113,114,115,116,117,118,119,120,121,122,123,124,1,0,0,9999,9999,1,2007,0,0,0,0,0,0,0,0,0,0,0,0,0,0,0,0,0,0,0,0,0,0,0,0,0,0,0,0,0,0,0,0,0,0,0,0,0,0,0,0,0,0,0,0,0,0,0,0,0,0,0,0,0,35253.515625,38339.41796875,41600,116200,125839.359375,131773.5,140617.046875,150893.71875,160603.140625,169738.953125,179240.1875,186692.5,195739.8125,206370.8125,217861.84375,228238.46875,237881.3125,255084.859375,279073.46875,297016.6875,312330.375,326388,339829.59375,352965.21875,366025.71875,379036.125,391894.15625,404528.625,416882.1875,428904.03125,440541.9375,451746.5,462468.5,472660.40625,482275.65625,491270.9375,499603.53125,507234.59375,514127.46875,520250.125,525572.125,530068.0625,533715.875,536497.3125,538399.25,539411.4375,539529.25,538752.125,537083,534531.1875,531108.4375,529093.625,526212.5625,522478.96875,517910.71875,512530.75,0,0,0,0,0,0,0,0,0,0,0,0,0,0,0,0,0,0,0,0,0,0
0,0,0,0,0,0,4407,44073,144073,0,2754.160888671875,23,0,1984,0,0,0,0,0,0,0,0,0,0,0,0,0,0,0,0,0,0,0,0,0,0,0,0,0,0,0,0,0,0,0,0,0,0,0,1,2,3,4,5,6,7,8,9,10,11,12,13,14,15,16,17,18,19,20,21,22,23,24,25,26,27,28,29,30,31,32,33,34,35,36,37,38,39,40,41,42,43,44,45,46,47,48,49,50,51,52,53,54,55,56,57,58,59,60,61,62,63,64,65,66,67,68,69,70,71,72,73,74,75,76,77,78,79,80,81,82,83,84,85,86,87,88,89,90,91,92,93,94,95,96,97,98,99,100,101,102,103,104,105,106,107,108,109,110,111,112,113,114,115,116,117,118,119,120,121,122,123,124,1,0,0,9999,9999,1,2007,0,0,0,0,0,0,0,0,0,0,0,0,0,0,0,0,0,0,0,0,0,0,0,0,0,0,0,0,0,0,0,0,0,0,0,0,0,0,0,0,0,0,0,0,0,0,0,0,0,0,0,0,0,35253.515625,38339.41796875,41600,116200,125839.359375,131773.5,140617.046875,150893.71875,160603.140625,169738.953125,179240.1875,186692.5,195739.8125,206370.8125,217861.84375,228238.46875,237881.3125,255084.859375,279073.46875,297016.6875,312330.375,326388,339829.59375,352965.21875,366025.71875,379036.125,391894.15625,404528.625,416882.1875,428904.03125,440541.9375,451746.5,462468.5,472660.40625,482275.65625,491270.9375,499603.53125,507234.59375,514127.46875,520250.125,525572.125,530068.0625,533715.875,536497.3125,538399.25,539411.4375,539529.25,538752.125,537083,534531.1875,531108.4375,529093.625,526212.5625,522478.96875,517910.71875,512530.75,0,0,0,0,0,0,0,0,0,0,0,0,0,0,0,0,0,0,0,0,0,0
0,0,0,0,0,0,4407,44074,144074,0,2731.85400390625,23,0,1984,0,0,0,0,0,0,0,0,0,0,0,0,0,0,0,0,0,0,0,0,0,0,0,0,0,0,0,0,0,0,0,0,0,0,0,1,2,3,4,5,6,7,8,9,10,11,12,13,14,15,16,17,18,19,20,21,22,23,24,25,26,27,28,29,30,31,32,33,34,35,36,37,38,39,40,41,42,43,44,45,46,47,48,49,50,51,52,53,54,55,56,57,58,59,60,61,62,63,64,65,66,67,68,69,70,71,72,73,74,75,76,77,78,79,80,81,82,83,84,85,86,87,88,89,90,91,92,93,94,95,96,97,98,99,100,101,102,103,104,105,106,107,108,109,110,111,112,113,114,115,116,117,118,119,120,121,122,123,124,1,0,0,9999,9999,1,2007,0,0,0,0,0,0,0,0,0,0,0,0,0,0,0,0,0,0,0,0,0,0,0,0,0,0,0,0,0,0,0,0,0,0,0,0,0,0,0,0,0,0,0,0,0,0,0,0,0,0,0,0,0,33050.19140625,35943.22265625,39000,118800,128655.1015625,134722.03125,143763.453125,154270.078125,164196.75,173537,183250.8125,190869.890625,200119.640625,210988.515625,222736.65625,233345.46875,243204.09375,260792.5625,285317.9375,303662.625,319319,333691.15625,347433.53125,360863.0625,374215.8125,387517.34375,400663.09375,413580.25,426210.21875,438501.0625,450399.375,461854.65625,472816.59375,483236.53125,493066.90625,502263.46875,510782.53125,518584.34375,525631.4375,531891.125,537332.1875,541928.6875,545658.1875,548501.8125,550446.3125,551481.1875,551601.625,550807.0625,549100.625,546491.75,542992.375,540932.5,537986.9375,534169.8125,529499.375,523999,0,0,0,0,0,0,0,0,0,0,0,0,0,0,0,0,0,0,0,0,0,0
0,0,0,0,0,0,4407,44075,144075,0,2740.276123046875,23,0,1984,0,0,0,0,0,0,0,0,0,0,0,0,0,0,0,0,0,0,0,0,0,0,0,0,0,0,0,0,0,0,0,0,0,0,0,1,2,3,4,5,6,7,8,9,10,11,12,13,14,15,16,17,18,19,20,21,22,23,24,25,26,27,28,29,30,31,32,33,34,35,36,37,38,39,40,41,42,43,44,45,46,47,48,49,50,51,52,53,54,55,56,57,58,59,60,61,62,63,64,65,66,67,68,69,70,71,72,73,74,75,76,77,78,79,80,81,82,83,84,85,86,87,88,89,90,91,92,93,94,95,96,97,98,99,100,101,102,103,104,105,106,107,108,109,110,111,112,113,114,115,116,117,118,119,120,121,122,123,124,1,0,0,9999,9999,1,2007,0,0,0,0,0,0,0,0,0,0,0,0,0,0,0,0,0,0,0,0,0,0,0,0,0,0,0,0,0,0,0,0,0,0,0,0,0,0,0,0,0,0,0,0,0,0,0,0,0,0,0,0,0,37456.87890625,40735.65234375,44200,118800,128655.1015625,134722.03125,143763.453125,154270.078125,164196.75,173537,183250.8125,190869.890625,200119.640625,210988.515625,222736.65625,233345.46875,243204.09375,260792.5625,285317.9375,303662.625,319319,333691.15625,347433.53125,360863.0625,374215.8125,387517.34375,400663.09375,413580.25,426210.21875,438501.0625,450399.375,461854.65625,472816.59375,483236.53125,493066.90625,502263.46875,510782.53125,518584.34375,525631.4375,531891.125,537332.1875,541928.6875,545658.1875,548501.8125,550446.3125,551481.1875,551601.625,550807.0625,549100.625,546491.75,542992.375,540932.5,537986.9375,534169.8125,529499.375,523999,0,0,0,0,0,0,0,0,0,0,0,0,0,0,0,0,0,0,0,0,0,0
