X5304,X5309,X5306,X5311,X5307,X5312,YY1,Y1,V1,V3,wgt,age,ages,BIRTHYR,BIRTHYRs,age1951,age1952,age1953,age1954,age1955,age1956,age1957,age1958,age1959,age1960,age1961,age1962,age1963,age1964,age1965,age1966,age1967,age1968,age1969,age1970,age1971,age1972,age1973,age1974,age1975,age1976,age1977,age1978,age1979,age1980,age1981,age1982,age1983,age1984,age1985,age1986,age1987,age1988,age1989,age1990,age1991,age1992,age1993,age1994,age1995,age1996,age1997,age1998,age1999,age2000,age2001,age2002,age2003,age2004,age2005,age2006,age2007,age2008,age2009,age2010,age2011,age2012,age2013,age2014,age2015,age2016,age2017,age2018,age2019,age2020,age2021,age2022,age2023,age2024,age2025,age2026,age2027,age2028,age2029,age2030,age2031,age2032,age2033,age2034,age2035,age2036,age2037,age2038,age2039,age2040,age2041,age2042,age2043,age2044,age2045,age2046,age2047,age2048,age2049,age2050,age2051,age2052,age2053,age2054,age2055,age2056,age2057,age2058,age2059,age2060,age2061,age2062,age2063,age2064,age2065,age2066,age2067,age2068,age2069,age2070,age2071,age2072,age2073,age2074,age2075,age2076,age2077,age2078,age2079,age2080,age2081,age2082,age2083,age2084,age2085,age2086,age2087,age2088,age2089,age2090,age2091,age2092,age2093,sex,sexs,marital,willstopworkFT,willstopworkALL,rstat,year,EARN1951,EARN1952,EARN1953,EARN1954,EARN1955,EARN1956,EARN1957,EARN1958,EARN1959,EARN1960,EARN1961,EARN1962,EARN1963,EARN1964,EARN1965,EARN1966,EARN1967,EARN1968,EARN1969,EARN1970,EARN1971,EARN1972,EARN1973,EARN1974,EARN1975,EARN1976,EARN1977,EARN1978,EARN1979,EARN1980,EARN1981,EARN1982,EARN1983,EARN1984,EARN1985,EARN1986,EARN1987,EARN1988,EARN1989,EARN1990,EARN1991,EARN1992,EARN1993,EARN1994,EARN1995,EARN1996,EARN1997,EARN1998,EARN1999,EARN2000,EARN2001,EARN2002,EARN2003,EARN2004,EARN2005,EARN2006,EARN2007,EARN2008,EARN2009,EARN2010,EARN2011,EARN2012,EARN2013,EARN2014,EARN2015,EARN2016,EARN2017,EARN2018,EARN2019,EARN2020,EARN2021,EARN2022,EARN2023,EARN2024,EARN2025,EARN2026,EARN2027,EARN2028,EARN2029,EARN2030,EARN2031,EARN2032,EARN2033,EARN2034,EARN2035,EARN2036,EARN2037,EARN2038,EARN2039,EARN2040,EARN2041,EARN2042,EARN2043,EARN2044,EARN2045,EARN2046,EARN2047,EARN2048,EARN2049,EARO2051
1,0,1100,0,4,0,11,111,100111,0,5851.87060546875,78,0,1914,0,37,38,39,40,41,42,43,44,45,46,47,48,49,50,51,52,53,54,55,56,57,58,59,60,61,62,63,64,65,66,67,68,69,70,71,72,73,74,75,76,77,78,79,80,81,82,83,84,85,86,87,88,89,90,91,92,93,94,95,96,97,98,99,100,101,102,103,104,105,106,107,108,109,110,111,112,113,114,115,116,117,118,119,120,121,122,123,124,125,126,127,128,129,130,131,132,133,134,135,136,137,138,139,140,141,142,143,144,145,146,147,148,149,150,151,152,153,154,155,156,157,158,159,160,161,162,163,164,165,166,167,168,169,170,171,172,173,174,175,176,177,178,179,2,0,0,,,1,1992,0,0,0,0,0,0,0,0,0,0,0,0,0,0,0,0,0,0,0,0,0,0,0,0,16579.240234375,17293.87109375,18185.494140625,19174.1171875,20548.845703125,22368.3359375,23913.818359375,24728.6875,25216.765625,25557.26171875,25789.966796875,25654.537109375,25708.228515625,25926.04296875,26220.201171875,0,0,0,0,0,0,0,0,0,0,0,0,0,0,0,0,0,0,0,0,0,0,0,0,0,0,0,0,0,0,0,0,0,0,0,0,0,0,0,0,0,0,0,0,0,0,0,0,0,0,0,0,0,0,0,0,0,0,0,0,0
1,0,1100,0,4,0,11,112,100112,0,5911.4404296875,78,0,1914,0,37,38,39,40,41,42,43,44,45,46,47,48,49,50,51,52,53,54,55,56,57,58,59,60,61,62,63,64,65,66,67,68,69,70,71,72,73,74,75,76,77,78,79,80,81,82,83,84,85,86,87,88,89,90,91,92,93,94,95,96,97,98,99,100,101,102,103,104,105,106,107,108,109,110,111,112,113,114,115,116,117,118,119,120,121,122,123,124,125,126,127,128,129,130,131,132,133,134,135,136,137,138,139,140,141,142,143,144,145,146,147,148,149,150,151,152,153,154,155,156,157,158,159,160,161,162,163,164,165,166,167,168,169,170,171,172,173,174,175,176,177,178,179,2,0,0,,,1,1992,0,0,0,0,0,0,0,0,0,0,0,0,0,0,0,0,0,0,0,0,0,0,0,0,16579.240234375,17293.87109375,18185.494140625,19174.1171875,20548.845703125,22368.3359375,23913.818359375,24728.6875,25216.765625,25557.26171875,25789.966796875,25654.537109375,25708.228515625,25926.04296875,26220.201171875,0,0,0,0,0,0,0,0,0,0,0,0,0,0,0,0,0,0,0,0,0,0,0,0,0,0,0,0,0,0,0,0,0,0,0,0,0,0,0,0,0,0,0,0,0,0,0,0,0,0,0,0,0,0,0,0,0,0,0,0,0
1,0,1100,0,4,0,11,113,100113,0,6381.22021484375,78,0,1914,0,37,38,39,40,41,42,43,44,45,46,47,48,49,50,51,52,53,54,55,56,57,58,59,60,61,62,63,64,65,66,67,68,69,70,71,72,73,74,75,76,77,78,79,80,81,82,83,84,85,86,87,88,89,90,91,92,93,94,95,96,97,98,99,100,101,102,103,104,105,106,107,108,109,110,111,112,113,114,115,116,117,118,119,120,121,122,123,124,125,126,127,128,129,130,131,132,133,134,135,136,137,138,139,140,141,142,143,144,145,146,147,148,149,150,151,152,153,154,155,156,157,158,159,160,161,162,163,164,165,166,167,168,169,170,171,172,173,174,175,176,177,178,179,2,0,0,,,1,1992,0,0,0,0,0,0,0,0,0,0,0,0,0,0,0,0,0,0,0,0,0,0,0,0,16579.240234375,17293.87109375,18185.494140625,19174.1171875,20548.845703125,22368.3359375,23913.818359375,24728.6875,25216.765625,25557.26171875,25789.966796875,25654.537109375,25708.228515625,25926.04296875,26220.201171875,0,0,0,0,0,0,0,0,0,0,0,0,0,0,0,0,0,0,0,0,0,0,0,0,0,0,0,0,0,0,0,0,0,0,0,0,0,0,0,0,0,0,0,0,0,0,0,0,0,0,0,0,0,0,0,0,0,0,0,0,0
1,0,1100,0,4,0,11,114,100114,0,6068.10986328125,78,0,1914,0,37,38,39,40,41,42,43,44,45,46,47,48,49,50,51,52,53,54,55,56,57,58,59,60,61,62,63,64,65,66,67,68,69,70,71,72,73,74,75,76,77,78,79,80,81,82,83,84,85,86,87,88,89,90,91,92,93,94,95,96,97,98,99,100,101,102,103,104,105,106,107,108,109,110,111,112,113,114,115,116,117,118,119,120,121,122,123,124,125,126,127,128,129,130,131,132,133,134,135,136,137,138,139,140,141,142,143,144,145,146,147,148,149,150,151,152,153,154,155,156,157,158,159,160,161,162,163,164,165,166,167,168,169,170,171,172,173,174,175,176,177,178,179,2,0,0,,,1,1992,0,0,0,0,0,0,0,0,0,0,0,0,0,0,0,0,0,0,0,0,0,0,0,0,16579.240234375,17293.87109375,18185.494140625,19174.1171875,20548.845703125,22368.3359375,23913.818359375,24728.6875,25216.765625,25557.26171875,25789.966796875,25654.537109375,25708.228515625,25926.04296875,26220.201171875,0,0,0,0,0,0,0,0,0,0,0,0,0,0,0,0,0,0,0,0,0,0,0,0,0,0,0,0,0,0,0,0,0,0,0,0,0,0,0,0,0,0,0,0,0,0,0,0,0,0,0,0,0,0,0,0,0,0,0,0,0
1,0,1100,0,4,0,11,115,100115,0,6049.46533203125,78,0,1914,0,37,38,39,40,41,42,43,44,45,46,47,48,49,50,51,52,53,54,55,56,57,58,59,60,61,62,63,64,65,66,67,68,69,70,71,72,73,74,75,76,77,78,79,80,81,82,83,84,85,86,87,88,89,90,91,92,93,94,95,96,97,98,99,100,101,102,103,104,105,106,107,108,109,110,111,112,113,114,115,116,117,118,119,120,121,122,123,124,125,126,127,128,129,130,131,132,133,134,135,136,137,138,139,140,141,142,143,144,145,146,147,148,149,150,151,152,153,154,155,156,157,158,159,160,161,162,163,164,165,166,167,168,169,170,171,172,173,174,175,176,177,178,179,2,0,0,,,1,1992,0,0,0,0,0,0,0,0,0,0,0,0,0,0,0,0,0,0,0,0,0,0,0,0,16579.240234375,17293.87109375,18185.494140625,19174.1171875,20548.845703125,22368.3359375,23913.818359375,24728.6875,25216.765625,25557.26171875,25789.966796875,25654.537109375,25708.228515625,25926.04296875,26220.201171875,0,0,0,0,0,0,0,0,0,0,0,0,0,0,0,0,0,0,0,0,0,0,0,0,0,0,0,0,0,0,0,0,0,0,0,0,0,0,0,0,0,0,0,0,0,0,0,0,0,0,0,0,0,0,0,0,0,0,0,0,0
0,0,0,0,0,0,21,211,100211,200211,15.379950523376465,50,49,1942,1943,9,10,11,12,13,14,15,16,17,18,19,20,21,22,23,24,25,26,27,28,29,30,31,32,33,34,35,36,37,38,39,40,41,42,43,44,45,46,47,48,49,50,51,52,53,54,55,56,57,58,59,60,61,62,63,64,65,66,67,68,69,70,71,72,73,74,75,76,77,78,79,80,81,82,83,84,85,86,87,88,89,90,91,92,93,94,95,96,97,98,99,100,101,102,103,104,105,106,107,108,109,110,111,112,113,114,115,116,117,118,119,120,121,122,123,124,125,126,127,128,129,130,131,132,133,134,135,136,137,138,139,140,141,142,143,144,145,146,147,148,149,150,151,1,2,1,2005,9999,1,1992,0,0,0,0,0,0,0,0,0,0,0,0,0,0,0,0,0,0,0,0,0,33155.28515625,40501.5859375,46337.1171875,51936.3046875,56591.83203125,62164.40625,68468.0078125,76650.4765625,87159.890625,97339.046875,105146.4921875,112005.1171875,118581.890625,125000,75419.4921875,78949.015625,83169.9375,87866.09375,92703.1953125,96675.625,100000,103102.8671875,105717.296875,108249.53125,110705.0390625,112599.6875,113286.5390625,114547.1015625,116862.421875,118430.0703125,119019.984375,120355.109375,121969.203125,123892.4765625,35347.83984375,35683.9140625,36105.01953125,35327.07421875,35228.23046875,35329.80078125,35146.7421875,34723.08984375,34278.5078125,33381.62109375,32726.3515625,32266.28125,0,0,0,0,0,0,0,0,0,0,0,0,0,0,0,0,0,0,0,0,0,0,0,0,0,0,0,0,0,0,0,0,0
0,0,0,0,0,0,21,211,200211,100211,15.379950523376465,49,50,1943,1942,8,9,10,11,12,13,14,15,16,17,18,19,20,21,22,23,24,25,26,27,28,29,30,31,32,33,34,35,36,37,38,39,40,41,42,43,44,45,46,47,48,49,50,51,52,53,54,55,56,57,58,59,60,61,62,63,64,65,66,67,68,69,70,71,72,73,74,75,76,77,78,79,80,81,82,83,84,85,86,87,88,89,90,91,92,93,94,95,96,97,98,99,100,101,102,103,104,105,106,107,108,109,110,111,112,113,114,115,116,117,118,119,120,121,122,123,124,125,126,127,128,129,130,131,132,133,134,135,136,137,138,139,140,141,142,143,144,145,146,147,148,149,150,2,1,1,9999,9999,2,1992,0,0,0,0,0,0,0,0,0,0,0,0,6937.08447265625,7418.43994140625,7920.2998046875,8533.4296875,9178.2080078125,9991.00390625,10920.7978515625,11937.908203125,12976.359375,13969.943359375,17091.912109375,19585.056640625,21985.8671875,23994.046875,26397.833984375,29120,0,0,0,0,0,0,0,0,0,0,0,0,0,0,0,0,0,0,0,0,0,0,0,25476.513671875,25802.501953125,93035.875,94650.3828125,96082.375,97147.1484375,98446.96875,96476.0703125,96356.1640625,96784.7734375,96433.453125,95419.7265625,94344.90625,92019.6875,90354.1484375,89222.8671875,88229.375,0,0,0,0,0,0,0,0,0,0,0,0,0,0,0,0,0,0,0,0,0,0,0,0,0,0,0,0,0,0,0,0
0,0,0,0,0,0,21,212,100212,200212,15.963064193725586,50,49,1942,1943,9,10,11,12,13,14,15,16,17,18,19,20,21,22,23,24,25,26,27,28,29,30,31,32,33,34,35,36,37,38,39,40,41,42,43,44,45,46,47,48,49,50,51,52,53,54,55,56,57,58,59,60,61,62,63,64,65,66,67,68,69,70,71,72,73,74,75,76,77,78,79,80,81,82,83,84,85,86,87,88,89,90,91,92,93,94,95,96,97,98,99,100,101,102,103,104,105,106,107,108,109,110,111,112,113,114,115,116,117,118,119,120,121,122,123,124,125,126,127,128,129,130,131,132,133,134,135,136,137,138,139,140,141,142,143,144,145,146,147,148,149,150,151,1,2,1,2005,2020,1,1992,0,0,0,0,0,0,0,0,0,0,0,0,0,0,0,0,0,0,0,0,0,33155.28515625,40501.5859375,46337.1171875,51936.3046875,56591.83203125,62164.40625,68468.0078125,76650.4765625,87159.890625,97339.046875,105146.4921875,112005.1171875,118581.890625,125000,75419.4921875,78949.015625,83169.9375,87866.09375,92703.1953125,96675.625,100000,103102.8671875,105717.296875,108249.53125,110705.0390625,112599.6875,113286.5390625,114547.1015625,116862.421875,118430.0703125,119019.984375,120355.109375,121969.203125,123892.4765625,35347.83984375,35683.9140625,36105.01953125,35327.07421875,35228.23046875,35329.80078125,35146.7421875,34723.08984375,34278.5078125,33381.62109375,32726.3515625,32266.28125,0,0,0,0,0,0,0,0,0,0,0,0,0,0,0,0,0,0,0,0,0,0,0,0,0,0,0,0,0,0,0,0,0
0,0,0,0,0,0,21,212,200212,100212,15.963064193725586,49,50,1943,1942,8,9,10,11,12,13,14,15,16,17,18,19,20,21,22,23,24,25,26,27,28,29,30,31,32,33,34,35,36,37,38,39,40,41,42,43,44,45,46,47,48,49,50,51,52,53,54,55,56,57,58,59,60,61,62,63,64,65,66,67,68,69,70,71,72,73,74,75,76,77,78,79,80,81,82,83,84,85,86,87,88,89,90,91,92,93,94,95,96,97,98,99,100,101,102,103,104,105,106,107,108,109,110,111,112,113,114,115,116,117,118,119,120,121,122,123,124,125,126,127,128,129,130,131,132,133,134,135,136,137,138,139,140,141,142,143,144,145,146,147,148,149,150,2,1,1,9999,9999,2,1992,0,0,0,0,0,0,0,0,0,0,0,0,0,0,0,0,0,0,8943.0537109375,9775.966796875,10626.345703125,11440,0,0,0,0,0,0,0,0,0,0,0,41688.41015625,44013.27734375,45806.79296875,48025.26171875,50671.83203125,53616.52734375,56656.38671875,59176.3125,0,0,0,0,0,0,0,0,0,0,20862.7265625,21129.677734375,21446.46484375,77509.3046875,78681.890625,79553.9140625,80618.2578125,79004.2890625,78906.1015625,79257.0859375,78969.390625,78139.25,77259.078125,75355.0234375,73991.046875,73064.7109375,72251.0703125,0,0,0,0,0,0,0,0,0,0,0,0,0,0,0,0,0,0,0,0,0,0,0,0,0,0,0,0,0,0,0,0
0,0,0,0,0,0,21,213,100213,200213,17.348773956298828,50,49,1942,1943,9,10,11,12,13,14,15,16,17,18,19,20,21,22,23,24,25,26,27,28,29,30,31,32,33,34,35,36,37,38,39,40,41,42,43,44,45,46,47,48,49,50,51,52,53,54,55,56,57,58,59,60,61,62,63,64,65,66,67,68,69,70,71,72,73,74,75,76,77,78,79,80,81,82,83,84,85,86,87,88,89,90,91,92,93,94,95,96,97,98,99,100,101,102,103,104,105,106,107,108,109,110,111,112,113,114,115,116,117,118,119,120,121,122,123,124,125,126,127,128,129,130,131,132,133,134,135,136,137,138,139,140,141,142,143,144,145,146,147,148,149,150,151,1,2,1,2005,9999,1,1992,0,0,0,0,0,0,0,0,0,0,0,0,0,0,0,0,0,0,0,0,0,33155.28515625,40501.5859375,46337.1171875,51936.3046875,56591.83203125,62164.40625,68468.0078125,76650.4765625,87159.890625,97339.046875,105146.4921875,112005.1171875,118581.890625,125000,75419.4921875,78949.015625,83169.9375,87866.09375,92703.1953125,96675.625,100000,103102.8671875,105717.296875,108249.53125,110705.0390625,112599.6875,113286.5390625,114547.1015625,116862.421875,118430.0703125,119019.984375,120355.109375,121969.203125,123892.4765625,35347.83984375,35683.9140625,36105.01953125,35327.07421875,35228.23046875,35329.80078125,35146.7421875,34723.08984375,34278.5078125,33381.62109375,32726.3515625,32266.28125,0,0,0,0,0,0,0,0,0,0,0,0,0,0,0,0,0,0,0,0,0,0,0,0,0,0,0,0,0,0,0,0,0
0,0,0,0,0,0,21,213,200213,100213,17.348773956298828,49,50,1943,1942,8,9,10,11,12,13,14,15,16,17,18,19,20,21,22,23,24,25,26,27,28,29,30,31,32,33,34,35,36,37,38,39,40,41,42,43,44,45,46,47,48,49,50,51,52,53,54,55,56,57,58,59,60,61,62,63,64,65,66,67,68,69,70,71,72,73,74,75,76,77,78,79,80,81,82,83,84,85,86,87,88,89,90,91,92,93,94,95,96,97,98,99,100,101,102,103,104,105,106,107,108,109,110,111,112,113,114,115,116,117,118,119,120,121,122,123,124,125,126,127,128,129,130,131,132,133,134,135,136,137,138,139,140,141,142,143,144,145,146,147,148,149,150,2,1,1,2017,2020,2,1992,0,0,0,0,0,0,0,0,0,0,0,0,0,0,0,0,0,0,0,0,0,0,0,0,8403.552734375,9171.1298828125,10089.91796875,11130.3984375,12480,0,0,0,0,0,20543.365234375,21380.494140625,22415.974609375,23651.26953125,25025.71875,26444.583984375,27620.76953125,0,0,0,0,0,0,0,0,0,0,9737.765625,9862.357421875,10010.21875,36177.76171875,36725.0703125,37132.08984375,37628.9140625,36875.55078125,36829.7578125,36993.546875,36859.296875,36471.79296875,36061.00390625,35172.2421875,34535.6015625,34103.23046875,9493.0537109375,0,0,0,0,0,0,0,0,0,0,0,0,0,0,0,0,0,0,0,0,0,0,0,0,0,0,0,0,0,0,0,0
0,0,0,0,0,0,21,214,100214,200214,14.191173553466797,50,49,1942,1943,9,10,11,12,13,14,15,16,17,18,19,20,21,22,23,24,25,26,27,28,29,30,31,32,33,34,35,36,37,38,39,40,41,42,43,44,45,46,47,48,49,50,51,52,53,54,55,56,57,58,59,60,61,62,63,64,65,66,67,68,69,70,71,72,73,74,75,76,77,78,79,80,81,82,83,84,85,86,87,88,89,90,91,92,93,94,95,96,97,98,99,100,101,102,103,104,105,106,107,108,109,110,111,112,113,114,115,116,117,118,119,120,121,122,123,124,125,126,127,128,129,130,131,132,133,134,135,136,137,138,139,140,141,142,143,144,145,146,147,148,149,150,151,1,2,1,2005,9999,1,1992,0,0,0,0,0,0,0,0,0,0,0,0,0,0,0,0,0,0,0,0,0,33155.28515625,40501.5859375,46337.1171875,51936.3046875,56591.83203125,62164.40625,68468.0078125,76650.4765625,87159.890625,97339.046875,105146.4921875,112005.1171875,118581.890625,125000,75419.4921875,78949.015625,83169.9375,87866.09375,92703.1953125,96675.625,100000,103102.8671875,105717.296875,108249.53125,110705.0390625,112599.6875,113286.5390625,114547.1015625,116862.421875,118430.0703125,119019.984375,120355.109375,121969.203125,123892.4765625,35347.83984375,35683.9140625,36105.01953125,35327.07421875,35228.23046875,35329.80078125,35146.7421875,34723.08984375,34278.5078125,33381.62109375,32726.3515625,32266.28125,0,0,0,0,0,0,0,0,0,0,0,0,0,0,0,0,0,0,0,0,0,0,0,0,0,0,0,0,0,0,0,0,0
0,0,0,0,0,0,21,214,200214,100214,14.191173553466797,49,50,1943,1942,8,9,10,11,12,13,14,15,16,17,18,19,20,21,22,23,24,25,26,27,28,29,30,31,32,33,34,35,36,37,38,39,40,41,42,43,44,45,46,47,48,49,50,51,52,53,54,55,56,57,58,59,60,61,62,63,64,65,66,67,68,69,70,71,72,73,74,75,76,77,78,79,80,81,82,83,84,85,86,87,88,89,90,91,92,93,94,95,96,97,98,99,100,101,102,103,104,105,106,107,108,109,110,111,112,113,114,115,116,117,118,119,120,121,122,123,124,125,126,127,128,129,130,131,132,133,134,135,136,137,138,139,140,141,142,143,144,145,146,147,148,149,150,2,1,1,9999,9999,2,1992,0,0,0,0,0,0,0,0,0,0,0,0,0,0,0,0,0,0,0,0,11025.072265625,11869.2490234375,14521.759765625,16640,0,0,0,0,0,0,0,0,0,43252.625,45664.765625,47525.53125,49827.2421875,52573.11328125,55628.30078125,58782.27734375,61396.7578125,0,0,0,0,0,0,0,0,0,0,21645.548828125,21922.515625,79045.84375,80417.5703125,81634.234375,82538.8984375,83643.2578125,81968.6484375,81866.8515625,82230.9375,81932.515625,81071.15625,80158.03125,78182.4609375,76767.375,75806.2109375,74962.0390625,0,0,0,0,0,0,0,0,0,0,0,0,0,0,0,0,0,0,0,0,0,0,0,0,0,0,0,0,0,0,0,0
0,0,0,0,0,0,21,215,100215,200215,16.52897071838379,50,49,1942,1943,9,10,11,12,13,14,15,16,17,18,19,20,21,22,23,24,25,26,27,28,29,30,31,32,33,34,35,36,37,38,39,40,41,42,43,44,45,46,47,48,49,50,51,52,53,54,55,56,57,58,59,60,61,62,63,64,65,66,67,68,69,70,71,72,73,74,75,76,77,78,79,80,81,82,83,84,85,86,87,88,89,90,91,92,93,94,95,96,97,98,99,100,101,102,103,104,105,106,107,108,109,110,111,112,113,114,115,116,117,118,119,120,121,122,123,124,125,126,127,128,129,130,131,132,133,134,135,136,137,138,139,140,141,142,143,144,145,146,147,148,149,150,151,1,2,1,2005,9999,1,1992,0,0,0,0,0,0,0,0,0,0,0,0,0,0,0,0,0,0,0,0,0,33155.28515625,40501.5859375,46337.1171875,51936.3046875,56591.83203125,62164.40625,68468.0078125,76650.4765625,87159.890625,97339.046875,105146.4921875,112005.1171875,118581.890625,125000,75419.4921875,78949.015625,83169.9375,87866.09375,92703.1953125,96675.625,100000,103102.8671875,105717.296875,108249.53125,110705.0390625,112599.6875,113286.5390625,114547.1015625,116862.421875,118430.0703125,119019.984375,120355.109375,121969.203125,123892.4765625,35347.83984375,35683.9140625,36105.01953125,35327.07421875,35228.23046875,35329.80078125,35146.7421875,34723.08984375,34278.5078125,33381.62109375,32726.3515625,32266.28125,0,0,0,0,0,0,0,0,0,0,0,0,0,0,0,0,0,0,0,0,0,0,0,0,0,0,0,0,0,0,0,0,0
0,0,0,0,0,0,21,215,200215,100215,16.52897071838379,49,50,1943,1942,8,9,10,11,12,13,14,15,16,17,18,19,20,21,22,23,24,25,26,27,28,29,30,31,32,33,34,35,36,37,38,39,40,41,42,43,44,45,46,47,48,49,50,51,52,53,54,55,56,57,58,59,60,61,62,63,64,65,66,67,68,69,70,71,72,73,74,75,76,77,78,79,80,81,82,83,84,85,86,87,88,89,90,91,92,93,94,95,96,97,98,99,100,101,102,103,104,105,106,107,108,109,110,111,112,113,114,115,116,117,118,119,120,121,122,123,124,125,126,127,128,129,130,131,132,133,134,135,136,137,138,139,140,141,142,143,144,145,146,147,148,149,150,2,1,1,9999,9999,2,1992,0,0,0,0,0,0,0,0,0,0,0,1996.395751953125,2132.94580078125,2280.9482421875,2435.257568359375,2623.776611328125,2822.02685546875,3071.937744140625,3357.821533203125,3670.552978515625,3989.842041015625,4295.34326171875,5255.25634765625,6021.82421875,6760,0,0,0,0,0,0,0,0,0,0,0,0,0,0,0,0,0,0,0,0,0,0,0,0,0,0,27827.197265625,28183.26171875,28605.7734375,29102.185546875,29542.453125,29869.869140625,30269.494140625,29663.50390625,29626.63671875,29758.421875,29650.3984375,29338.708984375,29008.234375,28293.32421875,27781.197265625,27433.38671875,27127.890625,0,0,0,0,0,0,0,0,0,0,0,0,0,0,0,0,0,0,0,0,0,0,0,0,0,0,0,0,0,0,0,0
0,0,0,0,0,0,28,281,100281,200281,5499.48583984375,61,57,1931,1935,20,21,22,23,24,25,26,27,28,29,30,31,32,33,34,35,36,37,38,39,40,41,42,43,44,45,46,47,48,49,50,51,52,53,54,55,56,57,58,59,60,61,62,63,64,65,66,67,68,69,70,71,72,73,74,75,76,77,78,79,80,81,82,83,84,85,86,87,88,89,90,91,92,93,94,95,96,97,98,99,100,101,102,103,104,105,106,107,108,109,110,111,112,113,114,115,116,117,118,119,120,121,122,123,124,125,126,127,128,129,130,131,132,133,134,135,136,137,138,139,140,141,142,143,144,145,146,147,148,149,150,151,152,153,154,155,156,157,158,159,160,161,162,1,2,1,2000,2000,1,1992,0,4692.43017578125,5003.63916015625,4747.4375,5000.43017578125,5967.36474609375,6431.17431640625,6875.0791015625,7275.38525390625,7698.4736328125,8085.01220703125,8489.1376953125,8901.703125,9342.97265625,9790.17578125,10352.5849609375,10928.47265625,11675.80078125,12525.8916015625,13438.73828125,14337.025390625,15148.7783203125,16286.7412109375,18316.59375,20180.869140625,21616.041015625,23340.884765625,25270.64453125,27809.720703125,31085.078125,34125.22265625,36235.671875,37943.11328125,39488.16796875,40917.74609375,41795.9140625,43008.078125,44537.1953125,46252.0859375,47968.734375,49173.7890625,50000,50675.03515625,51076.66015625,51410.94921875,51683.28515625,51674.16015625,51105.5078125,50795.66015625,50941.35546875,0,0,0,0,0,0,0,0,0,0,0,0,0,0,0,0,0,0,0,0,0,0,0,0,0,0,0,0,0,0,0,0,0,0,0,0,0,0,0,0,0,0,0,0,0,0,0,0,0,0
0,0,0,0,0,0,28,281,200281,100281,5499.48583984375,57,61,1935,1931,16,17,18,19,20,21,22,23,24,25,26,27,28,29,30,31,32,33,34,35,36,37,38,39,40,41,42,43,44,45,46,47,48,49,50,51,52,53,54,55,56,57,58,59,60,61,62,63,64,65,66,67,68,69,70,71,72,73,74,75,76,77,78,79,80,81,82,83,84,85,86,87,88,89,90,91,92,93,94,95,96,97,98,99,100,101,102,103,104,105,106,107,108,109,110,111,112,113,114,115,116,117,118,119,120,121,122,123,124,125,126,127,128,129,130,131,132,133,134,135,136,137,138,139,140,141,142,143,144,145,146,147,148,149,150,151,152,153,154,155,156,157,158,2,1,1,,9999,2,1992,0,0,0,0,0,0,0,0,0,0,0,0,6675.796875,7050.548828125,7434.234375,7910.47314453125,8402.7412109375,9033.5087890625,9751.8251953125,10527.9560546875,11301.9267578125,12016.5263671875,13000,13027.9716796875,14443.74609375,15567.6826171875,16915.0390625,18428.08984375,20406.498046875,22952.5703125,25354.97265625,27091.42578125,28545.4140625,29893.603515625,31169.57421875,32037.666015625,33173.015625,34567.34765625,36122.8828125,37697.87109375,38886.61328125,11200,11422.2080078125,11584.7421875,11733.494140625,11869.4375,11941.556640625,11884.0234375,11885.8505859375,11994.4970703125,12023.4912109375,11952.2451171875,11955.1640625,11984.01171875,12040.884765625,12071.564453125,12054.09375,12063.9814453125,11675.9375,11516.9189453125,0,0,0,0,0,0,0,0,0,0,0,0,0,0,0,0,0,0,0,0,0,0,0,0,0,0,0,0,0,0,0,0,0,0,0,0,0,0,0,0
0,0,0,0,0,0,28,282,100282,200282,5517.76220703125,61,57,1931,1935,20,21,22,23,24,25,26,27,28,29,30,31,32,33,34,35,36,37,38,39,40,41,42,43,44,45,46,47,48,49,50,51,52,53,54,55,56,57,58,59,60,61,62,63,64,65,66,67,68,69,70,71,72,73,74,75,76,77,78,79,80,81,82,83,84,85,86,87,88,89,90,91,92,93,94,95,96,97,98,99,100,101,102,103,104,105,106,107,108,109,110,111,112,113,114,115,116,117,118,119,120,121,122,123,124,125,126,127,128,129,130,131,132,133,134,135,136,137,138,139,140,141,142,143,144,145,146,147,148,149,150,151,152,153,154,155,156,157,158,159,160,161,162,1,2,1,1996,2002,1,1992,0,4692.43017578125,5003.63916015625,4747.4375,5000.43017578125,5967.36474609375,6431.17431640625,6875.0791015625,7275.38525390625,7698.4736328125,8085.01220703125,8489.1376953125,8901.703125,9342.97265625,9790.17578125,10352.5849609375,10928.47265625,11675.80078125,12525.8916015625,13438.73828125,14337.025390625,15148.7783203125,16286.7412109375,18316.59375,20180.869140625,21616.041015625,23340.884765625,25270.64453125,27809.720703125,31085.078125,34125.22265625,36235.671875,37943.11328125,39488.16796875,40917.74609375,41795.9140625,43008.078125,44537.1953125,46252.0859375,47968.734375,49173.7890625,50000,50675.03515625,51076.66015625,51410.94921875,51683.28515625,14546.1220703125,14386.0478515625,14298.826171875,14339.83984375,14285.154296875,14112.240234375,0,0,0,0,0,0,0,0,0,0,0,0,0,0,0,0,0,0,0,0,0,0,0,0,0,0,0,0,0,0,0,0,0,0,0,0,0,0,0,0,0,0,0,0,0,0,0,0
0,0,0,0,0,0,28,282,200282,100282,5517.76220703125,57,61,1935,1931,16,17,18,19,20,21,22,23,24,25,26,27,28,29,30,31,32,33,34,35,36,37,38,39,40,41,42,43,44,45,46,47,48,49,50,51,52,53,54,55,56,57,58,59,60,61,62,63,64,65,66,67,68,69,70,71,72,73,74,75,76,77,78,79,80,81,82,83,84,85,86,87,88,89,90,91,92,93,94,95,96,97,98,99,100,101,102,103,104,105,106,107,108,109,110,111,112,113,114,115,116,117,118,119,120,121,122,123,124,125,126,127,128,129,130,131,132,133,134,135,136,137,138,139,140,141,142,143,144,145,146,147,148,149,150,151,152,153,154,155,156,157,158,2,1,1,,1993,2,1992,0,0,0,0,0,0,0,0,0,0,0,0,4539.53955078125,4794.37060546875,5055.2763671875,5379.11865234375,5713.86083984375,6142.78271484375,6631.23779296875,7159.00634765625,7685.30615234375,8171.2333984375,8840,13027.9716796875,14443.74609375,15567.6826171875,16915.0390625,18428.08984375,20406.498046875,22952.5703125,25354.97265625,27091.42578125,28545.4140625,29893.603515625,31169.57421875,32037.666015625,33173.015625,34567.34765625,36122.8828125,37697.87109375,38886.61328125,11200,11422.2080078125,0,0,0,0,0,0,0,0,0,0,0,0,0,0,0,0,0,0,0,0,0,0,0,0,0,0,0,0,0,0,0,0,0,0,0,0,0,0,0,0,0,0,0,0,0,0,0,0,0,0,0,0,0,0,0,0,0
0,0,0,0,0,0,28,283,100283,200283,5989.09765625,61,57,1931,1935,20,21,22,23,24,25,26,27,28,29,30,31,32,33,34,35,36,37,38,39,40,41,42,43,44,45,46,47,48,49,50,51,52,53,54,55,56,57,58,59,60,61,62,63,64,65,66,67,68,69,70,71,72,73,74,75,76,77,78,79,80,81,82,83,84,85,86,87,88,89,90,91,92,93,94,95,96,97,98,99,100,101,102,103,104,105,106,107,108,109,110,111,112,113,114,115,116,117,118,119,120,121,122,123,124,125,126,127,128,129,130,131,132,133,134,135,136,137,138,139,140,141,142,143,144,145,146,147,148,149,150,151,152,153,154,155,156,157,158,159,160,161,162,1,2,1,1996,1999,1,1992,0,4692.43017578125,5003.63916015625,4747.4375,5000.43017578125,5967.36474609375,6431.17431640625,6875.0791015625,7275.38525390625,7698.4736328125,8085.01220703125,8489.1376953125,8901.703125,9342.97265625,9790.17578125,10352.5849609375,10928.47265625,11675.80078125,12525.8916015625,13438.73828125,14337.025390625,15148.7783203125,16286.7412109375,18316.59375,20180.869140625,21616.041015625,23340.884765625,25270.64453125,27809.720703125,31085.078125,34125.22265625,36235.671875,37943.11328125,39488.16796875,40917.74609375,41795.9140625,43008.078125,44537.1953125,46252.0859375,47968.734375,49173.7890625,50000,50675.03515625,51076.66015625,51410.94921875,51683.28515625,14546.1220703125,14386.0478515625,14298.826171875,0,0,0,0,0,0,0,0,0,0,0,0,0,0,0,0,0,0,0,0,0,0,0,0,0,0,0,0,0,0,0,0,0,0,0,0,0,0,0,0,0,0,0,0,0,0,0,0,0,0,0
0,0,0,0,0,0,28,283,200283,100283,5989.09765625,57,61,1935,1931,16,17,18,19,20,21,22,23,24,25,26,27,28,29,30,31,32,33,34,35,36,37,38,39,40,41,42,43,44,45,46,47,48,49,50,51,52,53,54,55,56,57,58,59,60,61,62,63,64,65,66,67,68,69,70,71,72,73,74,75,76,77,78,79,80,81,82,83,84,85,86,87,88,89,90,91,92,93,94,95,96,97,98,99,100,101,102,103,104,105,106,107,108,109,110,111,112,113,114,115,116,117,118,119,120,121,122,123,124,125,126,127,128,129,130,131,132,133,134,135,136,137,138,139,140,141,142,143,144,145,146,147,148,149,150,151,152,153,154,155,156,157,158,2,1,1,,1994,2,1992,0,0,0,0,0,0,0,0,0,0,0,0,7743.9267578125,8178.6396484375,8623.71484375,9176.1513671875,9747.1826171875,10478.8740234375,11312.12109375,12212.4326171875,13110.240234375,13939.1748046875,15080,13027.9716796875,14443.74609375,15567.6826171875,16915.0390625,18428.08984375,20406.498046875,22952.5703125,25354.97265625,27091.42578125,28545.4140625,29893.603515625,31169.57421875,32037.666015625,33173.015625,34567.34765625,36122.8828125,37697.87109375,38886.61328125,11200,11422.2080078125,11584.7421875,0,0,0,0,0,0,0,0,0,0,0,0,0,0,0,0,0,0,0,0,0,0,0,0,0,0,0,0,0,0,0,0,0,0,0,0,0,0,0,0,0,0,0,0,0,0,0,0,0,0,0,0,0,0,0,0
0,0,0,0,0,0,28,284,100284,200284,5719.65771484375,61,57,1931,1935,20,21,22,23,24,25,26,27,28,29,30,31,32,33,34,35,36,37,38,39,40,41,42,43,44,45,46,47,48,49,50,51,52,53,54,55,56,57,58,59,60,61,62,63,64,65,66,67,68,69,70,71,72,73,74,75,76,77,78,79,80,81,82,83,84,85,86,87,88,89,90,91,92,93,94,95,96,97,98,99,100,101,102,103,104,105,106,107,108,109,110,111,112,113,114,115,116,117,118,119,120,121,122,123,124,125,126,127,128,129,130,131,132,133,134,135,136,137,138,139,140,141,142,143,144,145,146,147,148,149,150,151,152,153,154,155,156,157,158,159,160,161,162,1,2,1,1996,9999,1,1992,0,4692.43017578125,5003.63916015625,4747.4375,5000.43017578125,5967.36474609375,6431.17431640625,6875.0791015625,7275.38525390625,7698.4736328125,8085.01220703125,8489.1376953125,8901.703125,9342.97265625,9790.17578125,10352.5849609375,10928.47265625,11675.80078125,12525.8916015625,13438.73828125,14337.025390625,15148.7783203125,16286.7412109375,18316.59375,20180.869140625,21616.041015625,23340.884765625,25270.64453125,27809.720703125,31085.078125,34125.22265625,36235.671875,37943.11328125,39488.16796875,40917.74609375,41795.9140625,43008.078125,44537.1953125,46252.0859375,47968.734375,49173.7890625,50000,50675.03515625,51076.66015625,51410.94921875,51683.28515625,14546.1220703125,14386.0478515625,14298.826171875,14339.83984375,14285.154296875,14112.240234375,14027.9482421875,13974.392578125,13953.4375,13902.0390625,0,0,0,0,0,0,0,0,0,0,0,0,0,0,0,0,0,0,0,0,0,0,0,0,0,0,0,0,0,0,0,0,0,0,0,0,0,0,0,0,0,0,0,0
0,0,0,0,0,0,28,284,200284,100284,5719.65771484375,57,61,1935,1931,16,17,18,19,20,21,22,23,24,25,26,27,28,29,30,31,32,33,34,35,36,37,38,39,40,41,42,43,44,45,46,47,48,49,50,51,52,53,54,55,56,57,58,59,60,61,62,63,64,65,66,67,68,69,70,71,72,73,74,75,76,77,78,79,80,81,82,83,84,85,86,87,88,89,90,91,92,93,94,95,96,97,98,99,100,101,102,103,104,105,106,107,108,109,110,111,112,113,114,115,116,117,118,119,120,121,122,123,124,125,126,127,128,129,130,131,132,133,134,135,136,137,138,139,140,141,142,143,144,145,146,147,148,149,150,151,152,153,154,155,156,157,158,2,1,1,,9999,2,1992,0,0,0,0,0,0,0,0,0,0,0,0,5607.66796875,5922.4599609375,6244.75537109375,6644.7958984375,7058.30126953125,7588.14599609375,8191.53173828125,8843.4814453125,9493.6171875,10093.8798828125,10920,13027.9716796875,14443.74609375,15567.6826171875,16915.0390625,18428.08984375,20406.498046875,22952.5703125,25354.97265625,27091.42578125,28545.4140625,29893.603515625,31169.57421875,32037.666015625,33173.015625,34567.34765625,36122.8828125,37697.87109375,38886.61328125,11200,11422.2080078125,11584.7421875,11733.494140625,11869.4375,11941.556640625,11884.0234375,11885.8505859375,11994.4970703125,12023.4912109375,11952.2451171875,11955.1640625,11984.01171875,12040.884765625,12071.564453125,12054.09375,12063.9814453125,11675.9375,11516.9189453125,0,0,0,0,0,0,0,0,0,0,0,0,0,0,0,0,0,0,0,0,0,0,0,0,0,0,0,0,0,0,0,0,0,0,0,0,0,0,0,0
0,0,0,0,0,0,28,285,100285,200285,5638.521484375,61,57,1931,1935,20,21,22,23,24,25,26,27,28,29,30,31,32,33,34,35,36,37,38,39,40,41,42,43,44,45,46,47,48,49,50,51,52,53,54,55,56,57,58,59,60,61,62,63,64,65,66,67,68,69,70,71,72,73,74,75,76,77,78,79,80,81,82,83,84,85,86,87,88,89,90,91,92,93,94,95,96,97,98,99,100,101,102,103,104,105,106,107,108,109,110,111,112,113,114,115,116,117,118,119,120,121,122,123,124,125,126,127,128,129,130,131,132,133,134,135,136,137,138,139,140,141,142,143,144,145,146,147,148,149,150,151,152,153,154,155,156,157,158,159,160,161,162,1,2,1,1995,9999,1,1992,0,4692.43017578125,5003.63916015625,4747.4375,5000.43017578125,5967.36474609375,6431.17431640625,6875.0791015625,7275.38525390625,7698.4736328125,8085.01220703125,8489.1376953125,8901.703125,9342.97265625,9790.17578125,10352.5849609375,10928.47265625,11675.80078125,12525.8916015625,13438.73828125,14337.025390625,15148.7783203125,16286.7412109375,18316.59375,20180.869140625,21616.041015625,23340.884765625,25270.64453125,27809.720703125,31085.078125,34125.22265625,36235.671875,37943.11328125,39488.16796875,40917.74609375,41795.9140625,43008.078125,44537.1953125,46252.0859375,47968.734375,49173.7890625,50000,50675.03515625,51076.66015625,51410.94921875,14548.6904296875,14546.1220703125,14386.0478515625,14298.826171875,14339.83984375,14285.154296875,14112.240234375,14027.9482421875,13974.392578125,13953.4375,13902.0390625,0,0,0,0,0,0,0,0,0,0,0,0,0,0,0,0,0,0,0,0,0,0,0,0,0,0,0,0,0,0,0,0,0,0,0,0,0,0,0,0,0,0,0,0
0,0,0,0,0,0,28,285,200285,100285,5638.521484375,57,61,1935,1931,16,17,18,19,20,21,22,23,24,25,26,27,28,29,30,31,32,33,34,35,36,37,38,39,40,41,42,43,44,45,46,47,48,49,50,51,52,53,54,55,56,57,58,59,60,61,62,63,64,65,66,67,68,69,70,71,72,73,74,75,76,77,78,79,80,81,82,83,84,85,86,87,88,89,90,91,92,93,94,95,96,97,98,99,100,101,102,103,104,105,106,107,108,109,110,111,112,113,114,115,116,117,118,119,120,121,122,123,124,125,126,127,128,129,130,131,132,133,134,135,136,137,138,139,140,141,142,143,144,145,146,147,148,149,150,151,152,153,154,155,156,157,158,2,1,1,,9999,2,1992,0,0,0,0,0,0,0,0,0,0,0,0,2403.286865234375,2538.197509765625,2676.32421875,2847.770263671875,3024.98681640625,3252.063232421875,3510.6572265625,3790.06396484375,4068.693603515625,4325.94921875,4680,13027.9716796875,14443.74609375,15567.6826171875,16915.0390625,18428.08984375,20406.498046875,22952.5703125,25354.97265625,27091.42578125,28545.4140625,29893.603515625,31169.57421875,32037.666015625,33173.015625,34567.34765625,36122.8828125,37697.87109375,38886.61328125,11200,11422.2080078125,11584.7421875,11733.494140625,11869.4375,11941.556640625,11884.0234375,11885.8505859375,11994.4970703125,12023.4912109375,11952.2451171875,11955.1640625,11984.01171875,12040.884765625,12071.564453125,12054.09375,12063.9814453125,11675.9375,11516.9189453125,0,0,0,0,0,0,0,0,0,0,0,0,0,0,0,0,0,0,0,0,0,0,0,0,0,0,0,0,0,0,0,0,0,0,0,0,0,0,0,0
0,0,0,0,0,0,451,4511,104511,204511,7705.21435546875,32,28,1960,1964,0,0,0,0,0,0,0,0,0,0,1,2,3,4,5,6,7,8,9,10,11,12,13,14,15,16,17,18,19,20,21,22,23,24,25,26,27,28,29,30,31,32,33,34,35,36,37,38,39,40,41,42,43,44,45,46,47,48,49,50,51,52,53,54,55,56,57,58,59,60,61,62,63,64,65,66,67,68,69,70,71,72,73,74,75,76,77,78,79,80,81,82,83,84,85,86,87,88,89,90,91,92,93,94,95,96,97,98,99,100,101,102,103,104,105,106,107,108,109,110,111,112,113,114,115,116,117,118,119,120,121,122,123,124,125,126,127,128,129,130,131,132,133,1,2,1,9999,9999,1,1992,0,0,0,0,0,0,0,0,0,0,0,0,0,0,0,0,0,0,0,0,0,0,0,0,0,0,0,0,5533.775390625,6471.55712890625,7433.0087890625,8257.68359375,9046.6376953125,11001.9208984375,11927.39453125,12746.7783203125,13722.998046875,14868.0537109375,16154.5517578125,17528.865234375,18800.158203125,20000,21207.359375,22363.890625,23551.185546875,24770.77734375,25911.662109375,26811.546875,27881.279296875,29254.275390625,30490.314453125,31514.126953125,32774.4765625,34159.13671875,35685.1484375,37197.7890625,38619.9921875,40187.66015625,40440.703125,41475.0859375,42778.26171875,43767.57421875,44470.4609375,45150.296875,45220.109375,45593.953125,46232.1875,46944.99609375,47310.0390625,47437.8984375,48943.37109375,51524.83203125,52773.03125,53409.9921875,53723.4453125,53846.38671875,53843.9453125,53761.390625,53609.0546875,53378.7578125,53068.328125,52678.1171875,52209.76171875,51665.21484375,51046.8671875,0,0,0,0,0,0,0,0,0,0,0,0,0,0,0
0,0,0,0,0,0,451,4511,204511,104511,7705.21435546875,28,32,1964,1960,0,0,0,0,0,0,0,0,0,0,0,0,0,0,1,2,3,4,5,6,7,8,9,10,11,12,13,14,15,16,17,18,19,20,21,22,23,24,25,26,27,28,29,30,31,32,33,34,35,36,37,38,39,40,41,42,43,44,45,46,47,48,49,50,51,52,53,54,55,56,57,58,59,60,61,62,63,64,65,66,67,68,69,70,71,72,73,74,75,76,77,78,79,80,81,82,83,84,85,86,87,88,89,90,91,92,93,94,95,96,97,98,99,100,101,102,103,104,105,106,107,108,109,110,111,112,113,114,115,116,117,118,119,120,121,122,123,124,125,126,127,128,129,2,1,1,2019,2019,2,1992,0,0,0,0,0,0,0,0,0,0,0,0,0,0,0,0,0,0,0,0,0,0,0,0,0,0,0,0,0,0,0,0,0,5664.578125,6196.80322265625,6681.9140625,7257.44775390625,7931.94287109375,8692.9375,9513.224609375,10289.4716796875,12480,9665.02734375,10275.1767578125,10907.7578125,11563.7724609375,12191.2353515625,12712.2529296875,13320.423828125,14081.6728515625,14785.748046875,15394.2314453125,16125.6025390625,16926.634765625,17806.970703125,18690.2265625,19537.123046875,20466.701171875,20731.740234375,21400.42578125,22214.287109375,22871.337890625,23382.78515625,23885.064453125,24065.48828125,24407.5,24892.537109375,25420.189453125,25761.029296875,0,0,0,0,0,0,0,0,0,0,0,0,0,0,0,0,0,0,0,0,0,0,0,0,0,0,0,0,0,0,0
0,0,0,0,0,0,451,4512,104512,204512,7684.5478515625,32,28,1960,1964,0,0,0,0,0,0,0,0,0,0,1,2,3,4,5,6,7,8,9,10,11,12,13,14,15,16,17,18,19,20,21,22,23,24,25,26,27,28,29,30,31,32,33,34,35,36,37,38,39,40,41,42,43,44,45,46,47,48,49,50,51,52,53,54,55,56,57,58,59,60,61,62,63,64,65,66,67,68,69,70,71,72,73,74,75,76,77,78,79,80,81,82,83,84,85,86,87,88,89,90,91,92,93,94,95,96,97,98,99,100,101,102,103,104,105,106,107,108,109,110,111,112,113,114,115,116,117,118,119,120,121,122,123,124,125,126,127,128,129,130,131,132,133,1,2,1,9999,9999,1,1992,0,0,0,0,0,0,0,0,0,0,0,0,0,0,0,0,0,0,0,0,0,0,0,0,0,0,0,0,5533.775390625,6471.55712890625,7433.0087890625,8257.68359375,9046.6376953125,11001.9208984375,11927.39453125,12746.7783203125,13722.998046875,14868.0537109375,16154.5517578125,17528.865234375,18800.158203125,20000,21207.359375,22363.890625,23551.185546875,24770.77734375,25911.662109375,26811.546875,27881.279296875,29254.275390625,30490.314453125,31514.126953125,32774.4765625,34159.13671875,35685.1484375,37197.7890625,38619.9921875,40187.66015625,40440.703125,41475.0859375,42778.26171875,43767.57421875,44470.4609375,45150.296875,45220.109375,45593.953125,46232.1875,46944.99609375,47310.0390625,47437.8984375,48943.37109375,51524.83203125,52773.03125,53409.9921875,53723.4453125,53846.38671875,53843.9453125,53761.390625,53609.0546875,53378.7578125,53068.328125,52678.1171875,52209.76171875,51665.21484375,51046.8671875,0,0,0,0,0,0,0,0,0,0,0,0,0,0,0
0,0,0,0,0,0,451,4512,204512,104512,7684.5478515625,28,32,1964,1960,0,0,0,0,0,0,0,0,0,0,0,0,0,0,1,2,3,4,5,6,7,8,9,10,11,12,13,14,15,16,17,18,19,20,21,22,23,24,25,26,27,28,29,30,31,32,33,34,35,36,37,38,39,40,41,42,43,44,45,46,47,48,49,50,51,52,53,54,55,56,57,58,59,60,61,62,63,64,65,66,67,68,69,70,71,72,73,74,75,76,77,78,79,80,81,82,83,84,85,86,87,88,89,90,91,92,93,94,95,96,97,98,99,100,101,102,103,104,105,106,107,108,109,110,111,112,113,114,115,116,117,118,119,120,121,122,123,124,125,126,127,128,129,2,1,1,2019,2019,2,1992,0,0,0,0,0,0,0,0,0,0,0,0,0,0,0,0,0,0,0,0,0,0,0,0,0,0,0,0,0,0,0,0,0,6404.8173828125,7006.5927734375,7555.09765625,8205.8486328125,8968.4775390625,9828.9189453125,10756.400390625,11634.0859375,12480,13342.5966796875,14184.91015625,15058.189453125,15963.8056640625,16830.017578125,17549.30078125,18388.8828125,19439.7890625,20411.74609375,21251.779296875,22261.439453125,23367.244140625,24582.548828125,25801.91015625,26971.02734375,28254.310546875,28620.2265625,29543.34765625,30666.884765625,31573.9453125,32279.96875,32973.3984375,33222.47265625,33694.62109375,34364.18359375,35092.64453125,35563.140625,0,0,0,0,0,0,0,0,0,0,0,0,0,0,0,0,0,0,0,0,0,0,0,0,0,0,0,0,0,0,0
0,0,0,0,0,0,451,4513,104513,204513,7717.62451171875,32,28,1960,1964,0,0,0,0,0,0,0,0,0,0,1,2,3,4,5,6,7,8,9,10,11,12,13,14,15,16,17,18,19,20,21,22,23,24,25,26,27,28,29,30,31,32,33,34,35,36,37,38,39,40,41,42,43,44,45,46,47,48,49,50,51,52,53,54,55,56,57,58,59,60,61,62,63,64,65,66,67,68,69,70,71,72,73,74,75,76,77,78,79,80,81,82,83,84,85,86,87,88,89,90,91,92,93,94,95,96,97,98,99,100,101,102,103,104,105,106,107,108,109,110,111,112,113,114,115,116,117,118,119,120,121,122,123,124,125,126,127,128,129,130,131,132,133,1,2,1,9999,9999,1,1992,0,0,0,0,0,0,0,0,0,0,0,0,0,0,0,0,0,0,0,0,0,0,0,0,0,0,0,0,5533.775390625,6471.55712890625,7433.0087890625,8257.68359375,9046.6376953125,11001.9208984375,11927.39453125,12746.7783203125,13722.998046875,14868.0537109375,16154.5517578125,17528.865234375,18800.158203125,20000,21207.359375,22363.890625,23551.185546875,24770.77734375,25911.662109375,26811.546875,27881.279296875,29254.275390625,30490.314453125,31514.126953125,32774.4765625,34159.13671875,35685.1484375,37197.7890625,38619.9921875,40187.66015625,40440.703125,41475.0859375,42778.26171875,43767.57421875,44470.4609375,45150.296875,45220.109375,45593.953125,46232.1875,46944.99609375,47310.0390625,47437.8984375,48943.37109375,51524.83203125,52773.03125,53409.9921875,53723.4453125,53846.38671875,53843.9453125,53761.390625,53609.0546875,53378.7578125,53068.328125,52678.1171875,52209.76171875,51665.21484375,51046.8671875,0,0,0,0,0,0,0,0,0,0,0,0,0,0,0
0,0,0,0,0,0,451,4513,204513,104513,7717.62451171875,28,32,1964,1960,0,0,0,0,0,0,0,0,0,0,0,0,0,0,1,2,3,4,5,6,7,8,9,10,11,12,13,14,15,16,17,18,19,20,21,22,23,24,25,26,27,28,29,30,31,32,33,34,35,36,37,38,39,40,41,42,43,44,45,46,47,48,49,50,51,52,53,54,55,56,57,58,59,60,61,62,63,64,65,66,67,68,69,70,71,72,73,74,75,76,77,78,79,80,81,82,83,84,85,86,87,88,89,90,91,92,93,94,95,96,97,98,99,100,101,102,103,104,105,106,107,108,109,110,111,112,113,114,115,116,117,118,119,120,121,122,123,124,125,126,127,128,129,2,1,1,2019,2019,2,1992,0,0,0,0,0,0,0,0,0,0,0,0,0,0,0,0,0,0,0,0,0,0,0,0,0,0,0,0,0,0,0,0,0,6404.8173828125,7006.5927734375,7555.09765625,8205.8486328125,8968.4775390625,9828.9189453125,10756.400390625,11634.0859375,12480,13342.5966796875,14184.91015625,15058.189453125,15963.8056640625,16830.017578125,17549.30078125,18388.8828125,19439.7890625,20411.74609375,21251.779296875,22261.439453125,23367.244140625,24582.548828125,25801.91015625,26971.02734375,28254.310546875,28620.2265625,29543.34765625,30666.884765625,31573.9453125,32279.96875,32973.3984375,33222.47265625,33694.62109375,34364.18359375,35092.64453125,35563.140625,0,0,0,0,0,0,0,0,0,0,0,0,0,0,0,0,0,0,0,0,0,0,0,0,0,0,0,0,0,0,0
0,0,0,0,0,0,451,4514,104514,204514,7700.50439453125,32,28,1960,1964,0,0,0,0,0,0,0,0,0,0,1,2,3,4,5,6,7,8,9,10,11,12,13,14,15,16,17,18,19,20,21,22,23,24,25,26,27,28,29,30,31,32,33,34,35,36,37,38,39,40,41,42,43,44,45,46,47,48,49,50,51,52,53,54,55,56,57,58,59,60,61,62,63,64,65,66,67,68,69,70,71,72,73,74,75,76,77,78,79,80,81,82,83,84,85,86,87,88,89,90,91,92,93,94,95,96,97,98,99,100,101,102,103,104,105,106,107,108,109,110,111,112,113,114,115,116,117,118,119,120,121,122,123,124,125,126,127,128,129,130,131,132,133,1,2,1,9999,9999,1,1992,0,0,0,0,0,0,0,0,0,0,0,0,0,0,0,0,0,0,0,0,0,0,0,0,0,0,0,0,5533.775390625,6471.55712890625,7433.0087890625,8257.68359375,9046.6376953125,11001.9208984375,11927.39453125,12746.7783203125,13722.998046875,14868.0537109375,16154.5517578125,17528.865234375,18800.158203125,20000,21207.359375,22363.890625,23551.185546875,24770.77734375,25911.662109375,26811.546875,27881.279296875,29254.275390625,30490.314453125,31514.126953125,32774.4765625,34159.13671875,35685.1484375,37197.7890625,38619.9921875,40187.66015625,40440.703125,41475.0859375,42778.26171875,43767.57421875,44470.4609375,45150.296875,45220.109375,45593.953125,46232.1875,46944.99609375,47310.0390625,47437.8984375,48943.37109375,51524.83203125,52773.03125,53409.9921875,53723.4453125,53846.38671875,53843.9453125,53761.390625,53609.0546875,53378.7578125,53068.328125,52678.1171875,52209.76171875,51665.21484375,51046.8671875,0,0,0,0,0,0,0,0,0,0,0,0,0,0,0
0,0,0,0,0,0,451,4514,204514,104514,7700.50439453125,28,32,1964,1960,0,0,0,0,0,0,0,0,0,0,0,0,0,0,1,2,3,4,5,6,7,8,9,10,11,12,13,14,15,16,17,18,19,20,21,22,23,24,25,26,27,28,29,30,31,32,33,34,35,36,37,38,39,40,41,42,43,44,45,46,47,48,49,50,51,52,53,54,55,56,57,58,59,60,61,62,63,64,65,66,67,68,69,70,71,72,73,74,75,76,77,78,79,80,81,82,83,84,85,86,87,88,89,90,91,92,93,94,95,96,97,98,99,100,101,102,103,104,105,106,107,108,109,110,111,112,113,114,115,116,117,118,119,120,121,122,123,124,125,126,127,128,129,2,1,1,2019,2019,2,1992,0,0,0,0,0,0,0,0,0,0,0,0,0,0,0,0,0,0,0,0,0,0,0,0,0,0,0,0,0,0,0,0,0,6404.8173828125,7006.5927734375,7555.09765625,8205.8486328125,8968.4775390625,9828.9189453125,10756.400390625,11634.0859375,12480,13342.5966796875,14184.91015625,15058.189453125,15963.8056640625,16830.017578125,17549.30078125,18388.8828125,19439.7890625,20411.74609375,21251.779296875,22261.439453125,23367.244140625,24582.548828125,25801.91015625,26971.02734375,28254.310546875,28620.2265625,29543.34765625,30666.884765625,31573.9453125,32279.96875,32973.3984375,33222.47265625,33694.62109375,34364.18359375,35092.64453125,35563.140625,0,0,0,0,0,0,0,0,0,0,0,0,0,0,0,0,0,0,0,0,0,0,0,0,0,0,0,0,0,0,0
0,0,0,0,0,0,451,4515,104515,204515,7652.1220703125,32,28,1960,1964,0,0,0,0,0,0,0,0,0,0,1,2,3,4,5,6,7,8,9,10,11,12,13,14,15,16,17,18,19,20,21,22,23,24,25,26,27,28,29,30,31,32,33,34,35,36,37,38,39,40,41,42,43,44,45,46,47,48,49,50,51,52,53,54,55,56,57,58,59,60,61,62,63,64,65,66,67,68,69,70,71,72,73,74,75,76,77,78,79,80,81,82,83,84,85,86,87,88,89,90,91,92,93,94,95,96,97,98,99,100,101,102,103,104,105,106,107,108,109,110,111,112,113,114,115,116,117,118,119,120,121,122,123,124,125,126,127,128,129,130,131,132,133,1,2,1,9999,9999,1,1992,0,0,0,0,0,0,0,0,0,0,0,0,0,0,0,0,0,0,0,0,0,0,0,0,0,0,0,0,5533.775390625,6471.55712890625,7433.0087890625,8257.68359375,9046.6376953125,11001.9208984375,11927.39453125,12746.7783203125,13722.998046875,14868.0537109375,16154.5517578125,17528.865234375,18800.158203125,20000,21207.359375,22363.890625,23551.185546875,24770.77734375,25911.662109375,26811.546875,27881.279296875,29254.275390625,30490.314453125,31514.126953125,32774.4765625,34159.13671875,35685.1484375,37197.7890625,38619.9921875,40187.66015625,40440.703125,41475.0859375,42778.26171875,43767.57421875,44470.4609375,45150.296875,45220.109375,45593.953125,46232.1875,46944.99609375,47310.0390625,47437.8984375,48943.37109375,51524.83203125,52773.03125,53409.9921875,53723.4453125,53846.38671875,53843.9453125,53761.390625,53609.0546875,53378.7578125,53068.328125,52678.1171875,52209.76171875,51665.21484375,51046.8671875,0,0,0,0,0,0,0,0,0,0,0,0,0,0,0
0,0,0,0,0,0,451,4515,204515,104515,7652.1220703125,28,32,1964,1960,0,0,0,0,0,0,0,0,0,0,0,0,0,0,1,2,3,4,5,6,7,8,9,10,11,12,13,14,15,16,17,18,19,20,21,22,23,24,25,26,27,28,29,30,31,32,33,34,35,36,37,38,39,40,41,42,43,44,45,46,47,48,49,50,51,52,53,54,55,56,57,58,59,60,61,62,63,64,65,66,67,68,69,70,71,72,73,74,75,76,77,78,79,80,81,82,83,84,85,86,87,88,89,90,91,92,93,94,95,96,97,98,99,100,101,102,103,104,105,106,107,108,109,110,111,112,113,114,115,116,117,118,119,120,121,122,123,124,125,126,127,128,129,2,1,1,2019,2019,2,1992,0,0,0,0,0,0,0,0,0,0,0,0,0,0,0,0,0,0,0,0,0,0,0,0,0,0,0,0,0,0,0,0,0,5664.578125,6196.80322265625,6681.9140625,7257.44775390625,7931.94287109375,8692.9375,9513.224609375,10289.4716796875,12480,9665.02734375,10275.1767578125,10907.7578125,11563.7724609375,12191.2353515625,12712.2529296875,13320.423828125,14081.6728515625,14785.748046875,15394.2314453125,16125.6025390625,16926.634765625,17806.970703125,18690.2265625,19537.123046875,20466.701171875,20731.740234375,21400.42578125,22214.287109375,22871.337890625,23382.78515625,23885.064453125,24065.48828125,24407.5,24892.537109375,25420.189453125,25761.029296875,0,0,0,0,0,0,0,0,0,0,0,0,0,0,0,0,0,0,0,0,0,0,0,0,0,0,0,0,0,0,0
3,0,710,0,4,0,568,5681,105681,0,12254.5263671875,87,0,1905,0,46,47,48,49,50,51,52,53,54,55,56,57,58,59,60,61,62,63,64,65,66,67,68,69,70,71,72,73,74,75,76,77,78,79,80,81,82,83,84,85,86,87,88,89,90,91,92,93,94,95,96,97,98,99,100,101,102,103,104,105,106,107,108,109,110,111,112,113,114,115,116,117,118,119,120,121,122,123,124,125,126,127,128,129,130,131,132,133,134,135,136,137,138,139,140,141,142,143,144,145,146,147,148,149,150,151,152,153,154,155,156,157,158,159,160,161,162,163,164,165,166,167,168,169,170,171,172,173,174,175,176,177,178,179,180,181,182,183,184,185,186,187,188,2,0,0,,,1,1992,2171.22265625,2242.89111328125,2296.651611328125,2337.12841796875,2363.8994140625,2425.423828125,2510.11572265625,2576.79541015625,2618.524169921875,2660.74951171875,2683.35693359375,2705.578369140625,2724.384765625,2745.8623046875,2763.01318359375,2805.68994140625,2844.127685546875,2917.934326171875,3006.044677734375,3097.0234375,3172.80517578125,3219.294677734375,3323.656494140625,3589.426025390625,3797.685302734375,3906.192138671875,4050.355224609375,4211.05908203125,4450.1025390625,4776.6533203125,0,0,0,0,0,0,0,0,0,0,0,0,0,0,0,0,0,0,0,0,0,0,0,0,0,0,0,0,0,0,0,0,0,0,0,0,0,0,0,0,0,0,0,0,0,0,0,0,0,0,0,0,0,0,0,0,0,0,0,0,0,0,0,0,0,0,0,0,0,0
3,0,710,0,4,0,568,5682,105682,0,12208.3544921875,87,0,1905,0,46,47,48,49,50,51,52,53,54,55,56,57,58,59,60,61,62,63,64,65,66,67,68,69,70,71,72,73,74,75,76,77,78,79,80,81,82,83,84,85,86,87,88,89,90,91,92,93,94,95,96,97,98,99,100,101,102,103,104,105,106,107,108,109,110,111,112,113,114,115,116,117,118,119,120,121,122,123,124,125,126,127,128,129,130,131,132,133,134,135,136,137,138,139,140,141,142,143,144,145,146,147,148,149,150,151,152,153,154,155,156,157,158,159,160,161,162,163,164,165,166,167,168,169,170,171,172,173,174,175,176,177,178,179,180,181,182,183,184,185,186,187,188,2,0,0,,,1,1992,4516.14111328125,4665.21142578125,4777.03369140625,4861.22509765625,4916.9091796875,5044.8798828125,5221.03857421875,5359.732421875,5446.5283203125,5534.35693359375,5581.38037109375,5627.6005859375,5666.71826171875,5711.3916015625,5747.0654296875,5835.8330078125,5915.78369140625,6069.30078125,6252.57080078125,6441.80615234375,6599.43212890625,6696.130859375,6913.20263671875,7466.00341796875,7899.18212890625,8124.87646484375,8424.7353515625,8758.9990234375,9256.208984375,9935.4345703125,0,0,0,0,0,0,0,0,0,0,0,0,0,0,0,0,0,0,0,0,0,0,0,0,0,0,0,0,0,0,0,0,0,0,0,0,0,0,0,0,0,0,0,0,0,0,0,0,0,0,0,0,0,0,0,0,0,0,0,0,0,0,0,0,0,0,0,0,0,0
3,0,710,0,4,0,568,5683,105683,0,11982.9169921875,87,0,1905,0,46,47,48,49,50,51,52,53,54,55,56,57,58,59,60,61,62,63,64,65,66,67,68,69,70,71,72,73,74,75,76,77,78,79,80,81,82,83,84,85,86,87,88,89,90,91,92,93,94,95,96,97,98,99,100,101,102,103,104,105,106,107,108,109,110,111,112,113,114,115,116,117,118,119,120,121,122,123,124,125,126,127,128,129,130,131,132,133,134,135,136,137,138,139,140,141,142,143,144,145,146,147,148,149,150,151,152,153,154,155,156,157,158,159,160,161,162,163,164,165,166,167,168,169,170,171,172,173,174,175,176,177,178,179,180,181,182,183,184,185,186,187,188,2,0,0,,,1,1992,12014.1015625,12410.666015625,12708.1416015625,12932.11328125,13080.2470703125,13420.6826171875,13889.3095703125,14258.2705078125,14489.1708984375,14722.8037109375,14847.9111328125,14970.8701171875,15074.9326171875,15193.7744140625,15288.6767578125,15524.8212890625,15737.5107421875,16145.90625,16633.451171875,17136.8671875,17556.193359375,17813.435546875,18390.88671875,19861.49609375,21013.84375,21614.267578125,22411.970703125,23301.197265625,24623.904296875,26430.8203125,0,0,0,0,0,0,0,0,0,0,0,0,0,0,0,0,0,0,0,0,0,0,0,0,0,0,0,0,0,0,0,0,0,0,0,0,0,0,0,0,0,0,0,0,0,0,0,0,0,0,0,0,0,0,0,0,0,0,0,0,0,0,0,0,0,0,0,0,0,0
3,0,710,0,4,0,568,5684,105684,0,12143.994140625,87,0,1905,0,46,47,48,49,50,51,52,53,54,55,56,57,58,59,60,61,62,63,64,65,66,67,68,69,70,71,72,73,74,75,76,77,78,79,80,81,82,83,84,85,86,87,88,89,90,91,92,93,94,95,96,97,98,99,100,101,102,103,104,105,106,107,108,109,110,111,112,113,114,115,116,117,118,119,120,121,122,123,124,125,126,127,128,129,130,131,132,133,134,135,136,137,138,139,140,141,142,143,144,145,146,147,148,149,150,151,152,153,154,155,156,157,158,159,160,161,162,163,164,165,166,167,168,169,170,171,172,173,174,175,176,177,178,179,180,181,182,183,184,185,186,187,188,2,0,0,,,1,1992,6368.919921875,6579.14697265625,6736.8447265625,6855.57666015625,6934.10546875,7114.5771484375,7363.005859375,7558.60009765625,7681.0048828125,7804.86572265625,7871.18017578125,7936.36328125,7991.52880859375,8054.529296875,8104.8388671875,8230.0234375,8342.775390625,8559.2734375,8817.7314453125,9084.6015625,9306.8955078125,9443.2646484375,9749.392578125,10528.9833984375,11139.876953125,11458.1640625,11881.0419921875,12352.439453125,13053.6337890625,14011.5166015625,0,0,0,0,0,0,0,0,0,0,0,0,0,0,0,0,0,0,0,0,0,0,0,0,0,0,0,0,0,0,0,0,0,0,0,0,0,0,0,0,0,0,0,0,0,0,0,0,0,0,0,0,0,0,0,0,0,0,0,0,0,0,0,0,0,0,0,0,0,0
3,0,710,0,4,0,568,5685,105685,0,12061.013671875,87,0,1905,0,46,47,48,49,50,51,52,53,54,55,56,57,58,59,60,61,62,63,64,65,66,67,68,69,70,71,72,73,74,75,76,77,78,79,80,81,82,83,84,85,86,87,88,89,90,91,92,93,94,95,96,97,98,99,100,101,102,103,104,105,106,107,108,109,110,111,112,113,114,115,116,117,118,119,120,121,122,123,124,125,126,127,128,129,130,131,132,133,134,135,136,137,138,139,140,141,142,143,144,145,146,147,148,149,150,151,152,153,154,155,156,157,158,159,160,161,162,163,164,165,166,167,168,169,170,171,172,173,174,175,176,177,178,179,180,181,182,183,184,185,186,187,188,2,0,0,,,1,1992,7526.90576171875,7775.3564453125,7961.7265625,8102.0458984375,8194.8525390625,8408.1376953125,8701.7353515625,8932.8916015625,9077.5517578125,9223.923828125,9302.3046875,9379.3388671875,9444.53515625,9518.990234375,9578.447265625,9726.392578125,9859.64453125,10115.5068359375,10420.9560546875,10736.3486328125,10999.0595703125,11160.2236328125,11521.9990234375,12443.3447265625,13165.2978515625,13541.4677734375,14041.2333984375,14598.3388671875,15427.0234375,16559.06640625,0,0,0,0,0,0,0,0,0,0,0,0,0,0,0,0,0,0,0,0,0,0,0,0,0,0,0,0,0,0,0,0,0,0,0,0,0,0,0,0,0,0,0,0,0,0,0,0,0,0,0,0,0,0,0,0,0,0,0,0,0,0,0,0,0,0,0,0,0,0
3,0,400,0,4,0,880,8801,108801,0,24.740367889404297,73,0,1919,0,32,33,34,35,36,37,38,39,40,41,42,43,44,45,46,47,48,49,50,51,52,53,54,55,56,57,58,59,60,61,62,63,64,65,66,67,68,69,70,71,72,73,74,75,76,77,78,79,80,81,82,83,84,85,86,87,88,89,90,91,92,93,94,95,96,97,98,99,100,101,102,103,104,105,106,107,108,109,110,111,112,113,114,115,116,117,118,119,120,121,122,123,124,125,126,127,128,129,130,131,132,133,134,135,136,137,138,139,140,141,142,143,144,145,146,147,148,149,150,151,152,153,154,155,156,157,158,159,160,161,162,163,164,165,166,167,168,169,170,171,172,173,174,2,0,0,,,1,1992,0,0,0,0,0,0,0,0,0,0,0,0,0,0,0,0,0,0,0,0,0,0,0,0,0,0,0,0,0,0,0,640882.9375,658645.4375,672762.3125,684199.5,685932.25,692745.6875,704081.5625,717641.9375,654026.5,658031.5,0,0,0,0,0,0,0,0,0,0,0,0,0,0,0,0,0,0,0,0,0,0,0,0,0,0,0,0,0,0,0,0,0,0,0,0,0,0,0,0,0,0,0,0,0,0,0,0,0,0,0,0,0,0,0,0,0,0,0
3,0,400,0,4,0,880,8802,108802,0,25.75615692138672,73,0,1919,0,32,33,34,35,36,37,38,39,40,41,42,43,44,45,46,47,48,49,50,51,52,53,54,55,56,57,58,59,60,61,62,63,64,65,66,67,68,69,70,71,72,73,74,75,76,77,78,79,80,81,82,83,84,85,86,87,88,89,90,91,92,93,94,95,96,97,98,99,100,101,102,103,104,105,106,107,108,109,110,111,112,113,114,115,116,117,118,119,120,121,122,123,124,125,126,127,128,129,130,131,132,133,134,135,136,137,138,139,140,141,142,143,144,145,146,147,148,149,150,151,152,153,154,155,156,157,158,159,160,161,162,163,164,165,166,167,168,169,170,171,172,173,174,2,0,0,,,1,1992,0,0,0,0,0,0,0,0,0,0,0,0,0,0,0,0,0,0,0,0,0,0,0,0,0,0,0,0,0,0,0,179447.265625,184420.765625,188373.5,191575.90625,192061.078125,193968.84375,197142.890625,200939.796875,183127.46875,184248.875,0,0,0,0,0,0,0,0,0,0,0,0,0,0,0,0,0,0,0,0,0,0,0,0,0,0,0,0,0,0,0,0,0,0,0,0,0,0,0,0,0,0,0,0,0,0,0,0,0,0,0,0,0,0,0,0,0,0,0
3,0,400,0,4,0,880,8803,108803,0,27.882835388183594,73,0,1919,0,32,33,34,35,36,37,38,39,40,41,42,43,44,45,46,47,48,49,50,51,52,53,54,55,56,57,58,59,60,61,62,63,64,65,66,67,68,69,70,71,72,73,74,75,76,77,78,79,80,81,82,83,84,85,86,87,88,89,90,91,92,93,94,95,96,97,98,99,100,101,102,103,104,105,106,107,108,109,110,111,112,113,114,115,116,117,118,119,120,121,122,123,124,125,126,127,128,129,130,131,132,133,134,135,136,137,138,139,140,141,142,143,144,145,146,147,148,149,150,151,152,153,154,155,156,157,158,159,160,161,162,163,164,165,166,167,168,169,170,171,172,173,174,2,0,0,,,1,1992,0,0,0,0,0,0,0,0,0,0,0,0,0,0,0,0,0,0,0,0,0,0,0,0,0,0,0,0,0,0,0,284837.125,292731.5625,299005.75,304088.9375,304859.0625,307887.25,312925.4375,318952.25,290678.71875,292458.71875,0,0,0,0,0,0,0,0,0,0,0,0,0,0,0,0,0,0,0,0,0,0,0,0,0,0,0,0,0,0,0,0,0,0,0,0,0,0,0,0,0,0,0,0,0,0,0,0,0,0,0,0,0,0,0,0,0,0,0
3,0,400,0,4,0,880,8804,108804,0,22.895896911621094,73,0,1919,0,32,33,34,35,36,37,38,39,40,41,42,43,44,45,46,47,48,49,50,51,52,53,54,55,56,57,58,59,60,61,62,63,64,65,66,67,68,69,70,71,72,73,74,75,76,77,78,79,80,81,82,83,84,85,86,87,88,89,90,91,92,93,94,95,96,97,98,99,100,101,102,103,104,105,106,107,108,109,110,111,112,113,114,115,116,117,118,119,120,121,122,123,124,125,126,127,128,129,130,131,132,133,134,135,136,137,138,139,140,141,142,143,144,145,146,147,148,149,150,151,152,153,154,155,156,157,158,159,160,161,162,163,164,165,166,167,168,169,170,171,172,173,174,2,0,0,,,1,1992,0,0,0,0,0,0,0,0,0,0,0,0,0,0,0,0,0,0,0,0,0,0,0,0,0,0,0,0,0,0,0,136721.75,140511.078125,143522.6875,145962.625,146332.28125,147785.796875,150204.125,153097.015625,139525.703125,140380.109375,0,0,0,0,0,0,0,0,0,0,0,0,0,0,0,0,0,0,0,0,0,0,0,0,0,0,0,0,0,0,0,0,0,0,0,0,0,0,0,0,0,0,0,0,0,0,0,0,0,0,0,0,0,0,0,0,0,0,0
3,0,400,0,4,0,880,8805,108805,0,26.644542694091797,73,0,1919,0,32,33,34,35,36,37,38,39,40,41,42,43,44,45,46,47,48,49,50,51,52,53,54,55,56,57,58,59,60,61,62,63,64,65,66,67,68,69,70,71,72,73,74,75,76,77,78,79,80,81,82,83,84,85,86,87,88,89,90,91,92,93,94,95,96,97,98,99,100,101,102,103,104,105,106,107,108,109,110,111,112,113,114,115,116,117,118,119,120,121,122,123,124,125,126,127,128,129,130,131,132,133,134,135,136,137,138,139,140,141,142,143,144,145,146,147,148,149,150,151,152,153,154,155,156,157,158,159,160,161,162,163,164,165,166,167,168,169,170,171,172,173,174,2,0,0,,,1,1992,0,0,0,0,0,0,0,0,0,0,0,0,0,0,0,0,0,0,0,0,0,0,0,0,0,0,0,0,0,0,0,854510.9375,878194.3125,897016.875,912266.4375,914576.75,923661.3125,938775.875,956856.375,872035.75,877375.75,0,0,0,0,0,0,0,0,0,0,0,0,0,0,0,0,0,0,0,0,0,0,0,0,0,0,0,0,0,0,0,0,0,0,0,0,0,0,0,0,0,0,0,0,0,0,0,0,0,0,0,0,0,0,0,0,0,0,0
0,0,0,0,0,0,991,9911,109911,209911,291.1817932128906,47,43,1945,1949,6,7,8,9,10,11,12,13,14,15,16,17,18,19,20,21,22,23,24,25,26,27,28,29,30,31,32,33,34,35,36,37,38,39,40,41,42,43,44,45,46,47,48,49,50,51,52,53,54,55,56,57,58,59,60,61,62,63,64,65,66,67,68,69,70,71,72,73,74,75,76,77,78,79,80,81,82,83,84,85,86,87,88,89,90,91,92,93,94,95,96,97,98,99,100,101,102,103,104,105,106,107,108,109,110,111,112,113,114,115,116,117,118,119,120,121,122,123,124,125,126,127,128,129,130,131,132,133,134,135,136,137,138,139,140,141,142,143,144,145,146,147,148,1,2,1,9999,9999,1,1992,0,0,0,0,0,0,0,0,0,0,0,0,0,0,0,0,0,0,28191.859375,30913.7109375,33707.74609375,36402.046875,40000,13850.4794921875,15596.8876953125,17074.6328125,18843.888671875,20851.970703125,23453.37890625,26794.021484375,30063.494140625,32627.052734375,34918.21484375,37141.859375,39335.6171875,41066.34765625,43189.66796875,45712.046875,48519.54296875,51430.5078125,53885.734375,56000,58008.25,59758.01953125,61476.1796875,63165.359375,64547.5625,65245.734375,66280.9296875,67937.578125,69171.6796875,69842.0390625,70956.578125,72245.2734375,73728.4140625,75077.5625,76146.6640625,77406.3671875,76093.5625,76236.2890625,76814.5,76774.640625,76204.78125,75581.6640625,73949.1328125,72837.3203125,72150.015625,71569.328125,70458.953125,69016.6015625,0,0,0,0,0,0,0,0,0,0,0,0,0,0,0,0,0,0,0,0,0,0,0,0,0,0,0,0,0,0
0,0,0,0,0,0,991,9911,209911,109911,291.1817932128906,43,47,1949,1945,2,3,4,5,6,7,8,9,10,11,12,13,14,15,16,17,18,19,20,21,22,23,24,25,26,27,28,29,30,31,32,33,34,35,36,37,38,39,40,41,42,43,44,45,46,47,48,49,50,51,52,53,54,55,56,57,58,59,60,61,62,63,64,65,66,67,68,69,70,71,72,73,74,75,76,77,78,79,80,81,82,83,84,85,86,87,88,89,90,91,92,93,94,95,96,97,98,99,100,101,102,103,104,105,106,107,108,109,110,111,112,113,114,115,116,117,118,119,120,121,122,123,124,125,126,127,128,129,130,131,132,133,134,135,136,137,138,139,140,141,142,143,144,2,1,1,,9999,2,1992,0,0,0,0,0,0,0,0,0,0,0,0,0,0,0,0,0,0,0,0,0,0,0,0,0,0,0,0,0,0,0,0,31833.689453125,34072.69140625,36310.87109375,38145.61328125,40368.84375,42993.67578125,45919.68359375,48979.109375,51638.27734375,54000,56286.40234375,58346.90234375,60399.91796875,62447.6796875,64213.31640625,65313.83984375,66765.109375,68861.890625,70551.3046875,71680.65625,73280.0234375,75077.5078125,77098.0859375,78999.9375,80625.9609375,82472.46875,81580.828125,82245.0546875,83387.15625,83865.171875,83763.328125,83598.03125,82303.921875,81573.546875,81309.1875,81159.2578125,80399.8359375,79246.5625,80371.5625,83172.2109375,83738.8984375,83308.7890625,0,0,0,0,0,0,0,0,0,0,0,0,0,0,0,0,0,0,0,0,0,0,0,0,0,0
0,0,0,0,0,0,991,9912,109912,209912,262.4253234863281,47,43,1945,1949,6,7,8,9,10,11,12,13,14,15,16,17,18,19,20,21,22,23,24,25,26,27,28,29,30,31,32,33,34,35,36,37,38,39,40,41,42,43,44,45,46,47,48,49,50,51,52,53,54,55,56,57,58,59,60,61,62,63,64,65,66,67,68,69,70,71,72,73,74,75,76,77,78,79,80,81,82,83,84,85,86,87,88,89,90,91,92,93,94,95,96,97,98,99,100,101,102,103,104,105,106,107,108,109,110,111,112,113,114,115,116,117,118,119,120,121,122,123,124,125,126,127,128,129,130,131,132,133,134,135,136,137,138,139,140,141,142,143,144,145,146,147,148,1,2,1,9999,9999,1,1992,0,0,0,0,0,0,0,0,0,0,0,0,0,0,0,0,0,0,28191.859375,30913.7109375,33707.74609375,36402.046875,40000,63069.16015625,71021.5546875,77750.578125,85807.0078125,94950.953125,106796.65625,122008.515625,136896.296875,148569.640625,159002.625,169128.15625,179117.578125,186998.578125,196667.28125,208153.109375,220937.25,234192.546875,245372.59375,255000,264144.78125,272112.46875,279936.25,287628.03125,293922,297100.875,301814.71875,309358.6875,314978.21875,318030.78125,323105.90625,328974.09375,335727.65625,341871.125,346739.34375,352475.5,346497.53125,347147.4375,349780.375,349598.90625,347004,344166.5625,336732.71875,331670.03125,328540.3125,325896.125,320839.9375,314272.0625,0,0,0,0,0,0,0,0,0,0,0,0,0,0,0,0,0,0,0,0,0,0,0,0,0,0,0,0,0,0
0,0,0,0,0,0,991,9912,209912,109912,262.4253234863281,43,47,1949,1945,2,3,4,5,6,7,8,9,10,11,12,13,14,15,16,17,18,19,20,21,22,23,24,25,26,27,28,29,30,31,32,33,34,35,36,37,38,39,40,41,42,43,44,45,46,47,48,49,50,51,52,53,54,55,56,57,58,59,60,61,62,63,64,65,66,67,68,69,70,71,72,73,74,75,76,77,78,79,80,81,82,83,84,85,86,87,88,89,90,91,92,93,94,95,96,97,98,99,100,101,102,103,104,105,106,107,108,109,110,111,112,113,114,115,116,117,118,119,120,121,122,123,124,125,126,127,128,129,130,131,132,133,134,135,136,137,138,139,140,141,142,143,144,2,1,1,,1995,2,1992,0,0,0,0,0,0,0,0,0,0,0,0,0,0,0,0,0,0,0,0,0,0,0,0,0,0,0,0,0,0,0,0,31833.689453125,34072.69140625,36310.87109375,38145.61328125,40368.84375,42993.67578125,45919.68359375,48979.109375,51638.27734375,54000,56286.40234375,58346.90234375,60399.91796875,0,0,0,0,0,0,0,0,0,0,0,0,0,0,0,0,0,0,0,0,0,0,0,0,0,0,0,0,0,0,0,0,0,0,0,0,0,0,0,0,0,0,0,0,0,0,0,0,0,0,0,0,0,0,0
0,0,0,0,0,0,991,9913,109913,209913,263.7479248046875,47,43,1945,1949,6,7,8,9,10,11,12,13,14,15,16,17,18,19,20,21,22,23,24,25,26,27,28,29,30,31,32,33,34,35,36,37,38,39,40,41,42,43,44,45,46,47,48,49,50,51,52,53,54,55,56,57,58,59,60,61,62,63,64,65,66,67,68,69,70,71,72,73,74,75,76,77,78,79,80,81,82,83,84,85,86,87,88,89,90,91,92,93,94,95,96,97,98,99,100,101,102,103,104,105,106,107,108,109,110,111,112,113,114,115,116,117,118,119,120,121,122,123,124,125,126,127,128,129,130,131,132,133,134,135,136,137,138,139,140,141,142,143,144,145,146,147,148,1,2,1,9999,9999,1,1992,0,0,0,0,0,0,0,0,0,0,0,0,0,0,0,0,0,0,28191.859375,30913.7109375,33707.74609375,36402.046875,40000,64305.7890625,72414.109375,79275.0703125,87489.46875,96812.7109375,108890.671875,124400.8046875,139580.484375,151482.734375,162120.265625,172444.328125,182629.625,190665.15625,200523.4375,212234.484375,225269.28125,238784.484375,250183.734375,260000,269324,277447.90625,285425.09375,293267.6875,299685.09375,302926.28125,307732.5625,315424.4375,321154.15625,324266.5625,329441.21875,335424.46875,342310.46875,348574.375,353538.03125,359386.65625,353291.46875,353954.15625,356638.71875,356453.65625,353807.875,350914.8125,343335.21875,338173.25,334982.15625,332286.125,327130.8125,320434.15625,0,0,0,0,0,0,0,0,0,0,0,0,0,0,0,0,0,0,0,0,0,0,0,0,0,0,0,0,0,0
0,0,0,0,0,0,991,9913,209913,109913,263.7479248046875,43,47,1949,1945,2,3,4,5,6,7,8,9,10,11,12,13,14,15,16,17,18,19,20,21,22,23,24,25,26,27,28,29,30,31,32,33,34,35,36,37,38,39,40,41,42,43,44,45,46,47,48,49,50,51,52,53,54,55,56,57,58,59,60,61,62,63,64,65,66,67,68,69,70,71,72,73,74,75,76,77,78,79,80,81,82,83,84,85,86,87,88,89,90,91,92,93,94,95,96,97,98,99,100,101,102,103,104,105,106,107,108,109,110,111,112,113,114,115,116,117,118,119,120,121,122,123,124,125,126,127,128,129,130,131,132,133,134,135,136,137,138,139,140,141,142,143,144,2,1,1,,1995,2,1992,0,0,0,0,0,0,0,0,0,0,0,0,0,0,0,0,0,0,0,0,0,0,0,0,0,0,0,0,0,0,0,0,31833.689453125,34072.69140625,36310.87109375,38145.61328125,40368.84375,42993.67578125,45919.68359375,48979.109375,51638.27734375,54000,56286.40234375,58346.90234375,60399.91796875,0,0,0,0,0,0,0,0,0,0,0,0,0,0,0,0,0,0,0,0,0,0,0,0,0,0,0,0,0,0,0,0,0,0,0,0,0,0,0,0,0,0,0,0,0,0,0,0,0,0,0,0,0,0,0
0,0,0,0,0,0,991,9914,109914,209914,310.1157531738281,47,43,1945,1949,6,7,8,9,10,11,12,13,14,15,16,17,18,19,20,21,22,23,24,25,26,27,28,29,30,31,32,33,34,35,36,37,38,39,40,41,42,43,44,45,46,47,48,49,50,51,52,53,54,55,56,57,58,59,60,61,62,63,64,65,66,67,68,69,70,71,72,73,74,75,76,77,78,79,80,81,82,83,84,85,86,87,88,89,90,91,92,93,94,95,96,97,98,99,100,101,102,103,104,105,106,107,108,109,110,111,112,113,114,115,116,117,118,119,120,121,122,123,124,125,126,127,128,129,130,131,132,133,134,135,136,137,138,139,140,141,142,143,144,145,146,147,148,1,2,1,9999,9999,1,1992,0,0,0,0,0,0,0,0,0,0,0,0,0,0,0,0,0,0,28191.859375,30913.7109375,33707.74609375,36402.046875,40000,32894.90234375,37042.625,40552.26953125,44754.25390625,49523.44921875,55701.796875,63635.828125,71400.828125,77489.28125,82930.796875,88211.9609375,93422.1328125,97532.6171875,102575.5078125,108566.15625,115233.96875,122147.515625,127978.671875,133000,137769.65625,141925.359375,146006,150017.78125,153300.53125,154958.53125,157417.125,161351.828125,164282.796875,165874.921875,168521.953125,171582.609375,175105.0625,178309.296875,180848.40625,183840.203125,180722.28125,181061.265625,182434.515625,182339.859375,180986.4375,179506.53125,175629.265625,172988.71875,171356.34375,169977.234375,167340.078125,163914.5,0,0,0,0,0,0,0,0,0,0,0,0,0,0,0,0,0,0,0,0,0,0,0,0,0,0,0,0,0,0
0,0,0,0,0,0,991,9914,209914,109914,310.1157531738281,43,47,1949,1945,2,3,4,5,6,7,8,9,10,11,12,13,14,15,16,17,18,19,20,21,22,23,24,25,26,27,28,29,30,31,32,33,34,35,36,37,38,39,40,41,42,43,44,45,46,47,48,49,50,51,52,53,54,55,56,57,58,59,60,61,62,63,64,65,66,67,68,69,70,71,72,73,74,75,76,77,78,79,80,81,82,83,84,85,86,87,88,89,90,91,92,93,94,95,96,97,98,99,100,101,102,103,104,105,106,107,108,109,110,111,112,113,114,115,116,117,118,119,120,121,122,123,124,125,126,127,128,129,130,131,132,133,134,135,136,137,138,139,140,141,142,143,144,2,1,1,,1995,2,1992,0,0,0,0,0,0,0,0,0,0,0,0,0,0,0,0,0,0,0,0,0,0,0,0,0,0,0,0,0,0,0,0,31833.689453125,34072.69140625,36310.87109375,38145.61328125,40368.84375,42993.67578125,45919.68359375,48979.109375,51638.27734375,54000,56286.40234375,58346.90234375,60399.91796875,0,0,0,0,0,0,0,0,0,0,0,0,0,0,0,0,0,0,0,0,0,0,0,0,0,0,0,0,0,0,0,0,0,0,0,0,0,0,0,0,0,0,0,0,0,0,0,0,0,0,0,0,0,0,0
0,0,0,0,0,0,991,9915,109915,209915,313.3447265625,47,43,1945,1949,6,7,8,9,10,11,12,13,14,15,16,17,18,19,20,21,22,23,24,25,26,27,28,29,30,31,32,33,34,35,36,37,38,39,40,41,42,43,44,45,46,47,48,49,50,51,52,53,54,55,56,57,58,59,60,61,62,63,64,65,66,67,68,69,70,71,72,73,74,75,76,77,78,79,80,81,82,83,84,85,86,87,88,89,90,91,92,93,94,95,96,97,98,99,100,101,102,103,104,105,106,107,108,109,110,111,112,113,114,115,116,117,118,119,120,121,122,123,124,125,126,127,128,129,130,131,132,133,134,135,136,137,138,139,140,141,142,143,144,145,146,147,148,1,2,1,9999,9999,1,1992,0,0,0,0,0,0,0,0,0,0,0,0,0,0,0,0,0,0,28191.859375,30913.7109375,33707.74609375,36402.046875,40000,13850.4794921875,15596.8876953125,17074.6328125,18843.888671875,20851.970703125,23453.37890625,26794.021484375,30063.494140625,32627.052734375,34918.21484375,37141.859375,39335.6171875,41066.34765625,43189.66796875,45712.046875,48519.54296875,51430.5078125,53885.734375,56000,58008.25,59758.01953125,61476.1796875,63165.359375,64547.5625,65245.734375,66280.9296875,67937.578125,69171.6796875,69842.0390625,70956.578125,72245.2734375,73728.4140625,75077.5625,76146.6640625,77406.3671875,76093.5625,76236.2890625,76814.5,76774.640625,76204.78125,75581.6640625,73949.1328125,72837.3203125,72150.015625,71569.328125,70458.953125,69016.6015625,0,0,0,0,0,0,0,0,0,0,0,0,0,0,0,0,0,0,0,0,0,0,0,0,0,0,0,0,0,0
0,0,0,0,0,0,991,9915,209915,109915,313.3447265625,43,47,1949,1945,2,3,4,5,6,7,8,9,10,11,12,13,14,15,16,17,18,19,20,21,22,23,24,25,26,27,28,29,30,31,32,33,34,35,36,37,38,39,40,41,42,43,44,45,46,47,48,49,50,51,52,53,54,55,56,57,58,59,60,61,62,63,64,65,66,67,68,69,70,71,72,73,74,75,76,77,78,79,80,81,82,83,84,85,86,87,88,89,90,91,92,93,94,95,96,97,98,99,100,101,102,103,104,105,106,107,108,109,110,111,112,113,114,115,116,117,118,119,120,121,122,123,124,125,126,127,128,129,130,131,132,133,134,135,136,137,138,139,140,141,142,143,144,2,1,1,,9999,2,1992,0,0,0,0,0,0,0,0,0,0,0,0,0,0,0,0,0,0,0,0,0,0,0,0,0,0,0,0,0,0,0,0,31833.689453125,34072.69140625,36310.87109375,38145.61328125,40368.84375,42993.67578125,45919.68359375,48979.109375,51638.27734375,54000,56286.40234375,58346.90234375,60399.91796875,62447.6796875,64213.31640625,65313.83984375,66765.109375,68861.890625,70551.3046875,71680.65625,73280.0234375,75077.5078125,77098.0859375,78999.9375,80625.9609375,82472.46875,81580.828125,82245.0546875,83387.15625,83865.171875,83763.328125,83598.03125,82303.921875,81573.546875,81309.1875,81159.2578125,80399.8359375,79246.5625,80371.5625,83172.2109375,83738.8984375,83308.7890625,0,0,0,0,0,0,0,0,0,0,0,0,0,0,0,0,0,0,0,0,0,0,0,0,0,0
0,0,0,0,0,0,1257,12571,112571,212571,170.65426635742188,58,52,1934,1940,17,18,19,20,21,22,23,24,25,26,27,28,29,30,31,32,33,34,35,36,37,38,39,40,41,42,43,44,45,46,47,48,49,50,51,52,53,54,55,56,57,58,59,60,61,62,63,64,65,66,67,68,69,70,71,72,73,74,75,76,77,78,79,80,81,82,83,84,85,86,87,88,89,90,91,92,93,94,95,96,97,98,99,100,101,102,103,104,105,106,107,108,109,110,111,112,113,114,115,116,117,118,119,120,121,122,123,124,125,126,127,128,129,130,131,132,133,134,135,136,137,138,139,140,141,142,143,144,145,146,147,148,149,150,151,152,153,154,155,156,157,158,159,1,2,1,2000,9999,1,1992,0,0,0,0,0,0,0,72000,8978.376953125,9545.02734375,10071.2724609375,10624.2412109375,11192.7958984375,11802.6962890625,12425.6123046875,11819.2919921875,12535.2568359375,13455.2431640625,14502.544921875,15632.3828125,16755.48046875,17787.140625,19212.921875,21708.76171875,24030.396484375,25859.962890625,28054.345703125,30516.1875,33739.73828125,37890.2734375,41790.92578125,44583.4765625,46903.11328125,49041.80078125,51055.41796875,52395.62890625,54167.953125,56356.80078125,65675.1796875,68431.953125,70479.859375,72000,73314.0546875,74241.5078125,75077.7109375,75829.15625,76171.1796875,75686.0859375,75579.7890625,76151.890625,21454.865234375,21294.505859375,21266.541015625,21284.640625,21352.353515625,21373.40625,21309.220703125,21293.4921875,20576.486328125,0,0,0,0,0,0,0,0,0,0,0,0,0,0,0,0,0,0,0,0,0,0,0,0,0,0,0,0,0,0,0,0,0,0,0,0,0,0,0,0,0
0,0,0,0,0,0,1257,12571,212571,112571,170.65426635742188,52,58,1940,1934,11,12,13,14,15,16,17,18,19,20,21,22,23,24,25,26,27,28,29,30,31,32,33,34,35,36,37,38,39,40,41,42,43,44,45,46,47,48,49,50,51,52,53,54,55,56,57,58,59,60,61,62,63,64,65,66,67,68,69,70,71,72,73,74,75,76,77,78,79,80,81,82,83,84,85,86,87,88,89,90,91,92,93,94,95,96,97,98,99,100,101,102,103,104,105,106,107,108,109,110,111,112,113,114,115,116,117,118,119,120,121,122,123,124,125,126,127,128,129,130,131,132,133,134,135,136,137,138,139,140,141,142,143,144,145,146,147,148,149,150,151,152,153,2,1,1,2000,2005,2,1992,0,0,0,0,0,0,0,0,0,0,0,0,0,0,0,0,0,0,0,0,0,0,0,0,0,0,0,0,0,0,0,0,12010.8662109375,12676.544921875,13321.041015625,13799.177734375,14400,0,5645.99609375,5756.986328125,5802.2802734375,0,21179.04296875,21648.494140625,22098.0390625,22528.9609375,22843.203125,22911.009765625,23093.8125,23487.265625,6679.4306640625,6691.80712890625,6745.81005859375,6814.99951171875,6900.9208984375,0,0,0,0,0,0,0,0,0,0,0,0,0,0,0,0,0,0,0,0,0,0,0,0,0,0,0,0,0,0,0,0,0,0,0,0,0,0,0,0,0,0,0,0,0
0,0,0,0,0,0,1257,12572,112572,212572,180.26539611816406,58,52,1934,1940,17,18,19,20,21,22,23,24,25,26,27,28,29,30,31,32,33,34,35,36,37,38,39,40,41,42,43,44,45,46,47,48,49,50,51,52,53,54,55,56,57,58,59,60,61,62,63,64,65,66,67,68,69,70,71,72,73,74,75,76,77,78,79,80,81,82,83,84,85,86,87,88,89,90,91,92,93,94,95,96,97,98,99,100,101,102,103,104,105,106,107,108,109,110,111,112,113,114,115,116,117,118,119,120,121,122,123,124,125,126,127,128,129,130,131,132,133,134,135,136,137,138,139,140,141,142,143,144,145,146,147,148,149,150,151,152,153,154,155,156,157,158,159,1,2,1,2000,9999,1,1992,0,0,0,0,0,0,0,72000,8978.376953125,9545.02734375,10071.2724609375,10624.2412109375,11192.7958984375,11802.6962890625,12425.6123046875,11819.2919921875,12535.2568359375,13455.2431640625,14502.544921875,15632.3828125,16755.48046875,17787.140625,19212.921875,21708.76171875,24030.396484375,25859.962890625,28054.345703125,30516.1875,33739.73828125,37890.2734375,41790.92578125,44583.4765625,46903.11328125,49041.80078125,51055.41796875,52395.62890625,54167.953125,56356.80078125,65675.1796875,68431.953125,70479.859375,72000,73314.0546875,74241.5078125,75077.7109375,75829.15625,76171.1796875,75686.0859375,75579.7890625,76151.890625,21454.865234375,21294.505859375,21266.541015625,21284.640625,21352.353515625,21373.40625,21309.220703125,21293.4921875,20576.486328125,0,0,0,0,0,0,0,0,0,0,0,0,0,0,0,0,0,0,0,0,0,0,0,0,0,0,0,0,0,0,0,0,0,0,0,0,0,0,0,0,0
0,0,0,0,0,0,1257,12572,212572,112572,180.26539611816406,52,58,1940,1934,11,12,13,14,15,16,17,18,19,20,21,22,23,24,25,26,27,28,29,30,31,32,33,34,35,36,37,38,39,40,41,42,43,44,45,46,47,48,49,50,51,52,53,54,55,56,57,58,59,60,61,62,63,64,65,66,67,68,69,70,71,72,73,74,75,76,77,78,79,80,81,82,83,84,85,86,87,88,89,90,91,92,93,94,95,96,97,98,99,100,101,102,103,104,105,106,107,108,109,110,111,112,113,114,115,116,117,118,119,120,121,122,123,124,125,126,127,128,129,130,131,132,133,134,135,136,137,138,139,140,141,142,143,144,145,146,147,148,149,150,151,152,153,2,1,1,2000,2005,2,1992,0,0,0,0,0,0,0,0,0,0,0,0,0,0,0,0,0,0,0,0,0,0,0,0,0,0,0,0,0,0,0,0,12010.8662109375,12676.544921875,13321.041015625,13799.177734375,14400,0,5645.99609375,5756.986328125,5802.2802734375,0,21179.04296875,21648.494140625,22098.0390625,22528.9609375,22843.203125,22911.009765625,23093.8125,23487.265625,6679.4306640625,6691.80712890625,6745.81005859375,6814.99951171875,6900.9208984375,0,0,0,0,0,0,0,0,0,0,0,0,0,0,0,0,0,0,0,0,0,0,0,0,0,0,0,0,0,0,0,0,0,0,0,0,0,0,0,0,0,0,0,0,0
0,0,0,0,0,0,1257,12573,112573,212573,184.93951416015625,58,52,1934,1940,17,18,19,20,21,22,23,24,25,26,27,28,29,30,31,32,33,34,35,36,37,38,39,40,41,42,43,44,45,46,47,48,49,50,51,52,53,54,55,56,57,58,59,60,61,62,63,64,65,66,67,68,69,70,71,72,73,74,75,76,77,78,79,80,81,82,83,84,85,86,87,88,89,90,91,92,93,94,95,96,97,98,99,100,101,102,103,104,105,106,107,108,109,110,111,112,113,114,115,116,117,118,119,120,121,122,123,124,125,126,127,128,129,130,131,132,133,134,135,136,137,138,139,140,141,142,143,144,145,146,147,148,149,150,151,152,153,154,155,156,157,158,159,1,2,1,2000,9999,1,1992,0,0,0,0,0,0,0,72000,8978.376953125,9545.02734375,10071.2724609375,10624.2412109375,11192.7958984375,11802.6962890625,12425.6123046875,11819.2919921875,12535.2568359375,13455.2431640625,14502.544921875,15632.3828125,16755.48046875,17787.140625,19212.921875,21708.76171875,24030.396484375,25859.962890625,28054.345703125,30516.1875,33739.73828125,37890.2734375,41790.92578125,44583.4765625,46903.11328125,49041.80078125,51055.41796875,52395.62890625,54167.953125,56356.80078125,65675.1796875,68431.953125,70479.859375,72000,73314.0546875,74241.5078125,75077.7109375,75829.15625,76171.1796875,75686.0859375,75579.7890625,76151.890625,21454.865234375,21294.505859375,21266.541015625,21284.640625,21352.353515625,21373.40625,21309.220703125,21293.4921875,20576.486328125,0,0,0,0,0,0,0,0,0,0,0,0,0,0,0,0,0,0,0,0,0,0,0,0,0,0,0,0,0,0,0,0,0,0,0,0,0,0,0,0,0
0,0,0,0,0,0,1257,12573,212573,112573,184.93951416015625,52,58,1940,1934,11,12,13,14,15,16,17,18,19,20,21,22,23,24,25,26,27,28,29,30,31,32,33,34,35,36,37,38,39,40,41,42,43,44,45,46,47,48,49,50,51,52,53,54,55,56,57,58,59,60,61,62,63,64,65,66,67,68,69,70,71,72,73,74,75,76,77,78,79,80,81,82,83,84,85,86,87,88,89,90,91,92,93,94,95,96,97,98,99,100,101,102,103,104,105,106,107,108,109,110,111,112,113,114,115,116,117,118,119,120,121,122,123,124,125,126,127,128,129,130,131,132,133,134,135,136,137,138,139,140,141,142,143,144,145,146,147,148,149,150,151,152,153,2,1,1,2000,2005,2,1992,0,0,0,0,0,0,0,0,0,0,0,0,0,0,0,0,0,0,0,0,0,0,0,0,0,0,0,0,0,0,0,0,12010.8662109375,12676.544921875,13321.041015625,13799.177734375,14400,0,5645.99609375,5756.986328125,5802.2802734375,0,21179.04296875,21648.494140625,22098.0390625,22528.9609375,22843.203125,22911.009765625,23093.8125,23487.265625,6679.4306640625,6691.80712890625,6745.81005859375,6814.99951171875,6900.9208984375,0,0,0,0,0,0,0,0,0,0,0,0,0,0,0,0,0,0,0,0,0,0,0,0,0,0,0,0,0,0,0,0,0,0,0,0,0,0,0,0,0,0,0,0,0
0,0,0,0,0,0,1257,12574,112574,212574,161.2830810546875,58,52,1934,1940,17,18,19,20,21,22,23,24,25,26,27,28,29,30,31,32,33,34,35,36,37,38,39,40,41,42,43,44,45,46,47,48,49,50,51,52,53,54,55,56,57,58,59,60,61,62,63,64,65,66,67,68,69,70,71,72,73,74,75,76,77,78,79,80,81,82,83,84,85,86,87,88,89,90,91,92,93,94,95,96,97,98,99,100,101,102,103,104,105,106,107,108,109,110,111,112,113,114,115,116,117,118,119,120,121,122,123,124,125,126,127,128,129,130,131,132,133,134,135,136,137,138,139,140,141,142,143,144,145,146,147,148,149,150,151,152,153,154,155,156,157,158,159,1,2,1,2000,9999,1,1992,0,0,0,0,0,0,0,72000,8978.376953125,9545.02734375,10071.2724609375,10624.2412109375,11192.7958984375,11802.6962890625,12425.6123046875,11819.2919921875,12535.2568359375,13455.2431640625,14502.544921875,15632.3828125,16755.48046875,17787.140625,19212.921875,21708.76171875,24030.396484375,25859.962890625,28054.345703125,30516.1875,33739.73828125,37890.2734375,41790.92578125,44583.4765625,46903.11328125,49041.80078125,51055.41796875,52395.62890625,54167.953125,56356.80078125,65675.1796875,68431.953125,70479.859375,72000,73314.0546875,74241.5078125,75077.7109375,75829.15625,76171.1796875,75686.0859375,75579.7890625,76151.890625,21454.865234375,21294.505859375,21266.541015625,21284.640625,21352.353515625,21373.40625,21309.220703125,21293.4921875,20576.486328125,0,0,0,0,0,0,0,0,0,0,0,0,0,0,0,0,0,0,0,0,0,0,0,0,0,0,0,0,0,0,0,0,0,0,0,0,0,0,0,0,0
0,0,0,0,0,0,1257,12574,212574,112574,161.2830810546875,52,58,1940,1934,11,12,13,14,15,16,17,18,19,20,21,22,23,24,25,26,27,28,29,30,31,32,33,34,35,36,37,38,39,40,41,42,43,44,45,46,47,48,49,50,51,52,53,54,55,56,57,58,59,60,61,62,63,64,65,66,67,68,69,70,71,72,73,74,75,76,77,78,79,80,81,82,83,84,85,86,87,88,89,90,91,92,93,94,95,96,97,98,99,100,101,102,103,104,105,106,107,108,109,110,111,112,113,114,115,116,117,118,119,120,121,122,123,124,125,126,127,128,129,130,131,132,133,134,135,136,137,138,139,140,141,142,143,144,145,146,147,148,149,150,151,152,153,2,1,1,2000,2005,2,1992,0,0,0,0,0,0,0,0,0,0,0,0,0,0,0,0,0,0,0,0,0,0,0,0,0,0,0,0,0,0,0,0,12010.8662109375,12676.544921875,13321.041015625,13799.177734375,14400,0,5645.99609375,5756.986328125,5802.2802734375,0,21179.04296875,21648.494140625,22098.0390625,22528.9609375,22843.203125,22911.009765625,23093.8125,23487.265625,6679.4306640625,6691.80712890625,6745.81005859375,6814.99951171875,6900.9208984375,0,0,0,0,0,0,0,0,0,0,0,0,0,0,0,0,0,0,0,0,0,0,0,0,0,0,0,0,0,0,0,0,0,0,0,0,0,0,0,0,0,0,0,0,0
0,0,0,0,0,0,1257,12575,112575,212575,207.13645935058594,58,52,1934,1940,17,18,19,20,21,22,23,24,25,26,27,28,29,30,31,32,33,34,35,36,37,38,39,40,41,42,43,44,45,46,47,48,49,50,51,52,53,54,55,56,57,58,59,60,61,62,63,64,65,66,67,68,69,70,71,72,73,74,75,76,77,78,79,80,81,82,83,84,85,86,87,88,89,90,91,92,93,94,95,96,97,98,99,100,101,102,103,104,105,106,107,108,109,110,111,112,113,114,115,116,117,118,119,120,121,122,123,124,125,126,127,128,129,130,131,132,133,134,135,136,137,138,139,140,141,142,143,144,145,146,147,148,149,150,151,152,153,154,155,156,157,158,159,1,2,1,2000,9999,1,1992,0,0,0,0,0,0,0,72000,8978.376953125,9545.02734375,10071.2724609375,10624.2412109375,11192.7958984375,11802.6962890625,12425.6123046875,11819.2919921875,12535.2568359375,13455.2431640625,14502.544921875,15632.3828125,16755.48046875,17787.140625,19212.921875,21708.76171875,24030.396484375,25859.962890625,28054.345703125,30516.1875,33739.73828125,37890.2734375,41790.92578125,44583.4765625,46903.11328125,49041.80078125,51055.41796875,52395.62890625,54167.953125,56356.80078125,65675.1796875,68431.953125,70479.859375,72000,73314.0546875,74241.5078125,75077.7109375,75829.15625,76171.1796875,75686.0859375,75579.7890625,76151.890625,21454.865234375,21294.505859375,21266.541015625,21284.640625,21352.353515625,21373.40625,21309.220703125,21293.4921875,20576.486328125,0,0,0,0,0,0,0,0,0,0,0,0,0,0,0,0,0,0,0,0,0,0,0,0,0,0,0,0,0,0,0,0,0,0,0,0,0,0,0,0,0
0,0,0,0,0,0,1257,12575,212575,112575,207.13645935058594,52,58,1940,1934,11,12,13,14,15,16,17,18,19,20,21,22,23,24,25,26,27,28,29,30,31,32,33,34,35,36,37,38,39,40,41,42,43,44,45,46,47,48,49,50,51,52,53,54,55,56,57,58,59,60,61,62,63,64,65,66,67,68,69,70,71,72,73,74,75,76,77,78,79,80,81,82,83,84,85,86,87,88,89,90,91,92,93,94,95,96,97,98,99,100,101,102,103,104,105,106,107,108,109,110,111,112,113,114,115,116,117,118,119,120,121,122,123,124,125,126,127,128,129,130,131,132,133,134,135,136,137,138,139,140,141,142,143,144,145,146,147,148,149,150,151,152,153,2,1,1,2000,2005,2,1992,0,0,0,0,0,0,0,0,0,0,0,0,0,0,0,0,0,0,0,0,0,0,0,0,0,0,0,0,0,0,0,0,12010.8662109375,12676.544921875,13321.041015625,13799.177734375,14400,0,5645.99609375,5756.986328125,5802.2802734375,0,21179.04296875,21648.494140625,22098.0390625,22528.9609375,22843.203125,22911.009765625,23093.8125,23487.265625,6679.4306640625,6691.80712890625,6745.81005859375,6814.99951171875,6900.9208984375,0,0,0,0,0,0,0,0,0,0,0,0,0,0,0,0,0,0,0,0,0,0,0,0,0,0,0,0,0,0,0,0,0,0,0,0,0,0,0,0,0,0,0,0,0
1,0,610,0,4,0,1270,12701,112701,0,8402.9912109375,71,0,1921,0,30,31,32,33,34,35,36,37,38,39,40,41,42,43,44,45,46,47,48,49,50,51,52,53,54,55,56,57,58,59,60,61,62,63,64,65,66,67,68,69,70,71,72,73,74,75,76,77,78,79,80,81,82,83,84,85,86,87,88,89,90,91,92,93,94,95,96,97,98,99,100,101,102,103,104,105,106,107,108,109,110,111,112,113,114,115,116,117,118,119,120,121,122,123,124,125,126,127,128,129,130,131,132,133,134,135,136,137,138,139,140,141,142,143,144,145,146,147,148,149,150,151,152,153,154,155,156,157,158,159,160,161,162,163,164,165,166,167,168,169,170,171,172,1,0,0,,,1,1992,0,0,0,0,0,3210.726318359375,3406.7548828125,3585.57666015625,3735.658935546875,3891.757080078125,4023.94921875,4159.73095703125,4294.42578125,4437.591796875,4578.0771484375,4766.1943359375,4953.505859375,5210.38916015625,5503.28564453125,5813.03076171875,6105.671875,6351.58203125,6723.08837890625,7444.05615234375,8074.86181640625,8515.3251953125,9052.5869140625,9649.4375,10454.724609375,11505.30859375,12435.1806640625,13000,0,0,0,0,0,0,0,0,0,0,0,0,0,0,0,0,0,0,0,0,0,0,0,0,0,0,0,0,0,0,0,0,0,0,0,0,0,0,0,0,0,0,0,0,0,0,0,0,0,0,0,0,0,0,0,0,0,0,0,0,0,0,0,0,0,0,0,0
1,0,610,0,4,0,1270,12702,112702,0,8262.556640625,71,0,1921,0,30,31,32,33,34,35,36,37,38,39,40,41,42,43,44,45,46,47,48,49,50,51,52,53,54,55,56,57,58,59,60,61,62,63,64,65,66,67,68,69,70,71,72,73,74,75,76,77,78,79,80,81,82,83,84,85,86,87,88,89,90,91,92,93,94,95,96,97,98,99,100,101,102,103,104,105,106,107,108,109,110,111,112,113,114,115,116,117,118,119,120,121,122,123,124,125,126,127,128,129,130,131,132,133,134,135,136,137,138,139,140,141,142,143,144,145,146,147,148,149,150,151,152,153,154,155,156,157,158,159,160,161,162,163,164,165,166,167,168,169,170,171,172,1,0,0,,,1,1992,0,0,0,0,0,2568.5810546875,2725.40380859375,2868.45849609375,2988.527099609375,3113.405517578125,3219.15625,3327.784912109375,3435.54052734375,3550.073486328125,3662.46142578125,3812.955322265625,3962.8046875,4168.3115234375,4402.62841796875,4650.42431640625,4884.53759765625,5081.265625,5378.47021484375,5955.24462890625,6459.88916015625,6812.259765625,7242.0693359375,7719.5498046875,8363.779296875,9204.24609375,9948.14453125,10400,0,0,0,0,0,0,0,0,0,0,0,0,0,0,0,0,0,0,0,0,0,0,0,0,0,0,0,0,0,0,0,0,0,0,0,0,0,0,0,0,0,0,0,0,0,0,0,0,0,0,0,0,0,0,0,0,0,0,0,0,0,0,0,0,0,0,0,0
1,0,610,0,4,0,1270,12703,112703,0,8117.18115234375,71,0,1921,0,30,31,32,33,34,35,36,37,38,39,40,41,42,43,44,45,46,47,48,49,50,51,52,53,54,55,56,57,58,59,60,61,62,63,64,65,66,67,68,69,70,71,72,73,74,75,76,77,78,79,80,81,82,83,84,85,86,87,88,89,90,91,92,93,94,95,96,97,98,99,100,101,102,103,104,105,106,107,108,109,110,111,112,113,114,115,116,117,118,119,120,121,122,123,124,125,126,127,128,129,130,131,132,133,134,135,136,137,138,139,140,141,142,143,144,145,146,147,148,149,150,151,152,153,154,155,156,157,158,159,160,161,162,163,164,165,166,167,168,169,170,171,172,1,0,0,,,1,1992,0,0,0,0,0,1284.2911376953125,1362.7025146484375,1434.2313232421875,1494.2642822265625,1556.7034912109375,1609.5804443359375,1663.8931884765625,1717.7711181640625,1775.03759765625,1831.2315673828125,1906.478515625,1981.4031982421875,2084.15673828125,2201.315185546875,2325.213134765625,2442.269775390625,2540.634033203125,2689.236572265625,2977.623779296875,3229.946044921875,3406.131591796875,3621.036376953125,3859.77685546875,4181.89208984375,4602.12548828125,4974.07470703125,5200,0,0,0,0,0,0,0,0,0,0,0,0,0,0,0,0,0,0,0,0,0,0,0,0,0,0,0,0,0,0,0,0,0,0,0,0,0,0,0,0,0,0,0,0,0,0,0,0,0,0,0,0,0,0,0,0,0,0,0,0,0,0,0,0,0,0,0,0
1,0,610,0,4,0,1270,12704,112704,0,8352.5595703125,71,0,1921,0,30,31,32,33,34,35,36,37,38,39,40,41,42,43,44,45,46,47,48,49,50,51,52,53,54,55,56,57,58,59,60,61,62,63,64,65,66,67,68,69,70,71,72,73,74,75,76,77,78,79,80,81,82,83,84,85,86,87,88,89,90,91,92,93,94,95,96,97,98,99,100,101,102,103,104,105,106,107,108,109,110,111,112,113,114,115,116,117,118,119,120,121,122,123,124,125,126,127,128,129,130,131,132,133,134,135,136,137,138,139,140,141,142,143,144,145,146,147,148,149,150,151,152,153,154,155,156,157,158,159,160,161,162,163,164,165,166,167,168,169,170,171,172,1,0,0,,,1,1992,0,0,0,0,0,1412.7203369140625,1498.972900390625,1577.654541015625,1643.690673828125,1712.3739013671875,1770.5384521484375,1830.2825927734375,1889.54833984375,1952.5413818359375,2014.3548583984375,2097.12646484375,2179.543701171875,2292.572509765625,2421.44677734375,2557.734619140625,2686.4970703125,2794.697509765625,2958.16015625,3275.38623046875,3552.94091796875,3746.744873046875,3983.14013671875,4245.75439453125,4600.0810546875,5062.337890625,5471.48193359375,5720,0,0,0,0,0,0,0,0,0,0,0,0,0,0,0,0,0,0,0,0,0,0,0,0,0,0,0,0,0,0,0,0,0,0,0,0,0,0,0,0,0,0,0,0,0,0,0,0,0,0,0,0,0,0,0,0,0,0,0,0,0,0,0,0,0,0,0,0
1,0,610,0,4,0,1270,12705,112705,0,8157.91259765625,71,0,1921,0,30,31,32,33,34,35,36,37,38,39,40,41,42,43,44,45,46,47,48,49,50,51,52,53,54,55,56,57,58,59,60,61,62,63,64,65,66,67,68,69,70,71,72,73,74,75,76,77,78,79,80,81,82,83,84,85,86,87,88,89,90,91,92,93,94,95,96,97,98,99,100,101,102,103,104,105,106,107,108,109,110,111,112,113,114,115,116,117,118,119,120,121,122,123,124,125,126,127,128,129,130,131,132,133,134,135,136,137,138,139,140,141,142,143,144,145,146,147,148,149,150,151,152,153,154,155,156,157,158,159,160,161,162,163,164,165,166,167,168,169,170,171,172,1,0,0,,,1,1992,0,0,0,0,0,6678.31494140625,7086.05419921875,7458.00390625,7770.1748046875,8094.859375,8369.8193359375,8652.24609375,8932.4111328125,9230.1962890625,9522.4052734375,9913.689453125,10303.2978515625,10837.6162109375,11446.8408203125,12091.1103515625,12699.8046875,13211.2978515625,13984.03125,15483.6455078125,16795.72265625,17711.88671875,18829.390625,20070.841796875,21745.83984375,23931.0546875,25865.19140625,27040,0,0,0,0,0,0,0,0,0,0,0,0,0,0,0,0,0,0,0,0,0,0,0,0,0,0,0,0,0,0,0,0,0,0,0,0,0,0,0,0,0,0,0,0,0,0,0,0,0,0,0,0,0,0,0,0,0,0,0,0,0,0,0,0,0,0,0,0
0,0,0,0,0,0,1565,15651,115651,0,8477.4501953125,44,0,1948,0,3,4,5,6,7,8,9,10,11,12,13,14,15,16,17,18,19,20,21,22,23,24,25,26,27,28,29,30,31,32,33,34,35,36,37,38,39,40,41,42,43,44,45,46,47,48,49,50,51,52,53,54,55,56,57,58,59,60,61,62,63,64,65,66,67,68,69,70,71,72,73,74,75,76,77,78,79,80,81,82,83,84,85,86,87,88,89,90,91,92,93,94,95,96,97,98,99,100,101,102,103,104,105,106,107,108,109,110,111,112,113,114,115,116,117,118,119,120,121,122,123,124,125,126,127,128,129,130,131,132,133,134,135,136,137,138,139,140,141,142,143,144,145,2,0,0,2014,9999,1,1992,0,0,0,0,0,0,0,0,0,0,0,0,0,0,0,4814.94091796875,5219.27685546875,5725.93212890625,6307.779296875,6949.203125,7612.79736328125,8259.837890625,9118.78125,10530.66015625,11914.05078125,13104,0,0,0,0,0,0,0,0,0,0,0,0,0,0,0,0,48202.3359375,49889.046875,51564,53229.1796875,54648.9453125,55498.94921875,56643.796875,58331.7421875,59669.703125,60530.41015625,61784.57421875,63201.5234375,64801.421875,66296.484375,67555.6875,68995.1953125,68142.921875,68590.7734375,69434.9140625,69724.2109375,69531.1015625,69285.7734375,19171.900390625,18972.177734375,18881.232421875,18817.0703125,18611.951171875,18316.412109375,18547.494140625,19163.91796875,19264.427734375,0,0,0,0,0,0,0,0,0,0,0,0,0,0,0,0,0,0,0,0,0,0,0,0,0,0,0
0,0,0,0,0,0,1565,15652,115652,0,8516.8740234375,44,0,1948,0,3,4,5,6,7,8,9,10,11,12,13,14,15,16,17,18,19,20,21,22,23,24,25,26,27,28,29,30,31,32,33,34,35,36,37,38,39,40,41,42,43,44,45,46,47,48,49,50,51,52,53,54,55,56,57,58,59,60,61,62,63,64,65,66,67,68,69,70,71,72,73,74,75,76,77,78,79,80,81,82,83,84,85,86,87,88,89,90,91,92,93,94,95,96,97,98,99,100,101,102,103,104,105,106,107,108,109,110,111,112,113,114,115,116,117,118,119,120,121,122,123,124,125,126,127,128,129,130,131,132,133,134,135,136,137,138,139,140,141,142,143,144,145,2,0,0,2017,2023,1,1992,0,0,0,0,0,0,0,0,0,0,0,0,0,0,0,4814.94091796875,5219.27685546875,5725.93212890625,6307.779296875,6949.203125,7612.79736328125,8259.837890625,9118.78125,10530.66015625,11914.05078125,13104,0,0,0,0,0,0,0,0,0,0,0,0,0,0,0,0,48202.3359375,49889.046875,51564,53229.1796875,54648.9453125,55498.94921875,56643.796875,58331.7421875,59669.703125,60530.41015625,61784.57421875,63201.5234375,64801.421875,66296.484375,67555.6875,68995.1953125,68142.921875,68590.7734375,69434.9140625,69724.2109375,69531.1015625,69285.7734375,68107.0078125,67397.4375,67074.421875,18817.0703125,18611.951171875,18316.412109375,18547.494140625,19163.91796875,19264.427734375,0,0,0,0,0,0,0,0,0,0,0,0,0,0,0,0,0,0,0,0,0,0,0,0,0,0,0
0,0,0,0,0,0,1565,15653,115653,0,8471.1630859375,44,0,1948,0,3,4,5,6,7,8,9,10,11,12,13,14,15,16,17,18,19,20,21,22,23,24,25,26,27,28,29,30,31,32,33,34,35,36,37,38,39,40,41,42,43,44,45,46,47,48,49,50,51,52,53,54,55,56,57,58,59,60,61,62,63,64,65,66,67,68,69,70,71,72,73,74,75,76,77,78,79,80,81,82,83,84,85,86,87,88,89,90,91,92,93,94,95,96,97,98,99,100,101,102,103,104,105,106,107,108,109,110,111,112,113,114,115,116,117,118,119,120,121,122,123,124,125,126,127,128,129,130,131,132,133,134,135,136,137,138,139,140,141,142,143,144,145,2,0,0,2024,2025,1,1992,0,0,0,0,0,0,0,0,0,0,0,0,0,0,0,4814.94091796875,5219.27685546875,5725.93212890625,6307.779296875,6949.203125,7612.79736328125,8259.837890625,9118.78125,10530.66015625,11914.05078125,13104,0,0,0,0,0,0,0,0,0,0,0,0,0,0,0,0,48202.3359375,49889.046875,51564,53229.1796875,54648.9453125,55498.94921875,56643.796875,58331.7421875,59669.703125,60530.41015625,61784.57421875,63201.5234375,64801.421875,66296.484375,67555.6875,68995.1953125,68142.921875,68590.7734375,69434.9140625,69724.2109375,69531.1015625,69285.7734375,68107.0078125,67397.4375,67074.421875,66846.4296875,66117.8203125,65067.875,65888.8359375,68078.5859375,68435.640625,0,0,0,0,0,0,0,0,0,0,0,0,0,0,0,0,0,0,0,0,0,0,0,0,0,0,0
0,0,0,0,0,0,1565,15654,115654,0,8436.9111328125,44,0,1948,0,3,4,5,6,7,8,9,10,11,12,13,14,15,16,17,18,19,20,21,22,23,24,25,26,27,28,29,30,31,32,33,34,35,36,37,38,39,40,41,42,43,44,45,46,47,48,49,50,51,52,53,54,55,56,57,58,59,60,61,62,63,64,65,66,67,68,69,70,71,72,73,74,75,76,77,78,79,80,81,82,83,84,85,86,87,88,89,90,91,92,93,94,95,96,97,98,99,100,101,102,103,104,105,106,107,108,109,110,111,112,113,114,115,116,117,118,119,120,121,122,123,124,125,126,127,128,129,130,131,132,133,134,135,136,137,138,139,140,141,142,143,144,145,2,0,0,9999,9999,1,1992,0,0,0,0,0,0,0,0,0,0,0,0,0,0,0,4814.94091796875,5219.27685546875,5725.93212890625,6307.779296875,6949.203125,7612.79736328125,8259.837890625,9118.78125,10530.66015625,11914.05078125,13104,0,0,0,0,0,0,0,0,0,0,0,0,0,0,0,0,48202.3359375,49889.046875,51564,53229.1796875,54648.9453125,55498.94921875,56643.796875,58331.7421875,59669.703125,60530.41015625,61784.57421875,63201.5234375,64801.421875,66296.484375,67555.6875,68995.1953125,68142.921875,68590.7734375,69434.9140625,69724.2109375,69531.1015625,69285.7734375,68107.0078125,67397.4375,67074.421875,66846.4296875,66117.8203125,65067.875,65888.8359375,68078.5859375,68435.640625,0,0,0,0,0,0,0,0,0,0,0,0,0,0,0,0,0,0,0,0,0,0,0,0,0,0,0
0,0,0,0,0,0,1565,15655,115655,0,8519.5732421875,44,0,1948,0,3,4,5,6,7,8,9,10,11,12,13,14,15,16,17,18,19,20,21,22,23,24,25,26,27,28,29,30,31,32,33,34,35,36,37,38,39,40,41,42,43,44,45,46,47,48,49,50,51,52,53,54,55,56,57,58,59,60,61,62,63,64,65,66,67,68,69,70,71,72,73,74,75,76,77,78,79,80,81,82,83,84,85,86,87,88,89,90,91,92,93,94,95,96,97,98,99,100,101,102,103,104,105,106,107,108,109,110,111,112,113,114,115,116,117,118,119,120,121,122,123,124,125,126,127,128,129,130,131,132,133,134,135,136,137,138,139,140,141,142,143,144,145,2,0,0,2016,9999,1,1992,0,0,0,0,0,0,0,0,0,0,0,0,0,0,0,4814.94091796875,5219.27685546875,5725.93212890625,6307.779296875,6949.203125,7612.79736328125,8259.837890625,9118.78125,10530.66015625,11914.05078125,13104,0,0,0,0,0,0,0,0,0,0,0,0,0,0,0,0,48202.3359375,49889.046875,51564,53229.1796875,54648.9453125,55498.94921875,56643.796875,58331.7421875,59669.703125,60530.41015625,61784.57421875,63201.5234375,64801.421875,66296.484375,67555.6875,68995.1953125,68142.921875,68590.7734375,69434.9140625,69724.2109375,69531.1015625,69285.7734375,68107.0078125,67397.4375,18881.232421875,18817.0703125,18611.951171875,18316.412109375,18547.494140625,19163.91796875,19264.427734375,0,0,0,0,0,0,0,0,0,0,0,0,0,0,0,0,0,0,0,0,0,0,0,0,0,0,0
1,1,560,390,4,4,1888,18881,118881,218881,7838.998046875,74,65,1918,1927,33,34,35,36,37,38,39,40,41,42,43,44,45,46,47,48,49,50,51,52,53,54,55,56,57,58,59,60,61,62,63,64,65,66,67,68,69,70,71,72,73,74,75,76,77,78,79,80,81,82,83,84,85,86,87,88,89,90,91,92,93,94,95,96,97,98,99,100,101,102,103,104,105,106,107,108,109,110,111,112,113,114,115,116,117,118,119,120,121,122,123,124,125,126,127,128,129,130,131,132,133,134,135,136,137,138,139,140,141,142,143,144,145,146,147,148,149,150,151,152,153,154,155,156,157,158,159,160,161,162,163,164,165,166,167,168,169,170,171,172,173,174,175,1,2,1,,,1,1992,0,0,0,0,0,0,0,0,0,5500.439453125,5660.73779296875,5824.45263671875,5985.00146484375,6155.6708984375,6320.916015625,6549.943359375,6775.6005859375,7093.72900390625,7457.53564453125,7840.5185546875,8196.8115234375,8487.166015625,8941.666015625,9854.3544921875,10639.5419921875,11167.5517578125,11816.767578125,11224.8759765625,13520,14809.19140625,15931.404296875,16577.326171875,17010.234375,17347.763671875,17615.193359375,17632.306640625,17779.705078125,18042.509765625,18361.349609375,18660.8203125,18745.857421875,0,0,0,0,0,0,0,0,0,0,0,0,0,0,0,0,0,0,0,0,0,0,0,0,0,0,0,0,0,0,0,0,0,0,0,0,0,0,0,0,0,0,0,0,0,0,0,0,0,0,0,0,0,0,0,0,0,0,0
1,1,560,390,4,4,1888,18881,218881,118881,7838.998046875,65,74,1927,1918,24,25,26,27,28,29,30,31,32,33,34,35,36,37,38,39,40,41,42,43,44,45,46,47,48,49,50,51,52,53,54,55,56,57,58,59,60,61,62,63,64,65,66,67,68,69,70,71,72,73,74,75,76,77,78,79,80,81,82,83,84,85,86,87,88,89,90,91,92,93,94,95,96,97,98,99,100,101,102,103,104,105,106,107,108,109,110,111,112,113,114,115,116,117,118,119,120,121,122,123,124,125,126,127,128,129,130,131,132,133,134,135,136,137,138,139,140,141,142,143,144,145,146,147,148,149,150,151,152,153,154,155,156,157,158,159,160,161,162,163,164,165,166,2,1,1,1993,1993,2,1992,0,0,0,13132.9716796875,13746.8369140625,14596.7021484375,15633.42578125,16608.642578125,17466.4453125,18367.28125,19169.599609375,20002.673828125,20844.416015625,21741.71484375,22640.77734375,23792.59375,24960,27155.59375,27145.53125,27137.23828125,26976.380859375,26559.462890625,26606.84375,27881.806640625,28624.212890625,28568.4609375,28743.884765625,28997.59375,33210.4765625,34589.75390625,35382.49609375,35007.95703125,34157.08984375,33123.17578125,31981.125,30439.205078125,29185.4921875,28161.595703125,27251.046875,0,7080.9814453125,7155.2001953125,25601.43359375,0,0,0,0,0,0,0,0,0,0,0,0,0,0,0,0,0,0,0,0,0,0,0,0,0,0,0,0,0,0,0,0,0,0,0,0,0,0,0,0,0,0,0,0,0,0,0,0,0,0,0,0,0,0,0,0,0
1,1,560,390,4,4,1888,18882,118882,218882,7689.9208984375,74,65,1918,1927,33,34,35,36,37,38,39,40,41,42,43,44,45,46,47,48,49,50,51,52,53,54,55,56,57,58,59,60,61,62,63,64,65,66,67,68,69,70,71,72,73,74,75,76,77,78,79,80,81,82,83,84,85,86,87,88,89,90,91,92,93,94,95,96,97,98,99,100,101,102,103,104,105,106,107,108,109,110,111,112,113,114,115,116,117,118,119,120,121,122,123,124,125,126,127,128,129,130,131,132,133,134,135,136,137,138,139,140,141,142,143,144,145,146,147,148,149,150,151,152,153,154,155,156,157,158,159,160,161,162,163,164,165,166,167,168,169,170,171,172,173,174,175,1,2,1,,,1,1992,0,0,0,0,0,0,0,0,0,5500.439453125,5660.73779296875,5824.45263671875,5985.00146484375,6155.6708984375,6320.916015625,6549.943359375,6775.6005859375,7093.72900390625,7457.53564453125,7840.5185546875,8196.8115234375,8487.166015625,8941.666015625,9854.3544921875,10639.5419921875,11167.5517578125,10579.93359375,11224.8759765625,13520,14809.19140625,15931.404296875,16577.326171875,17010.234375,17347.763671875,17615.193359375,17632.306640625,17779.705078125,18042.509765625,18361.349609375,18660.8203125,18745.857421875,0,0,0,0,0,0,0,0,0,0,0,0,0,0,0,0,0,0,0,0,0,0,0,0,0,0,0,0,0,0,0,0,0,0,0,0,0,0,0,0,0,0,0,0,0,0,0,0,0,0,0,0,0,0,0,0,0,0,0
1,1,560,390,4,4,1888,18882,218882,118882,7689.9208984375,65,74,1927,1918,24,25,26,27,28,29,30,31,32,33,34,35,36,37,38,39,40,41,42,43,44,45,46,47,48,49,50,51,52,53,54,55,56,57,58,59,60,61,62,63,64,65,66,67,68,69,70,71,72,73,74,75,76,77,78,79,80,81,82,83,84,85,86,87,88,89,90,91,92,93,94,95,96,97,98,99,100,101,102,103,104,105,106,107,108,109,110,111,112,113,114,115,116,117,118,119,120,121,122,123,124,125,126,127,128,129,130,131,132,133,134,135,136,137,138,139,140,141,142,143,144,145,146,147,148,149,150,151,152,153,154,155,156,157,158,159,160,161,162,163,164,165,166,2,1,1,1993,1993,2,1992,0,0,0,14732.5029296875,15421.1337890625,16374.5087890625,17537.5,18631.4921875,19593.75390625,20604.32421875,21504.36328125,22438.900390625,23383.162109375,24389.748046875,25398.3125,26690.4140625,28000,30317.4921875,30161.45703125,30008.20703125,29687.83203125,29089.357421875,29002.04296875,30246.6015625,30903.611328125,30696.083984375,30737.0078125,30860.18359375,35174.8359375,36460.69140625,37118.11328125,36549.765625,35491.0390625,34252.3046875,32913.375,31176.833984375,29749.943359375,28569.08984375,27513.279296875,0,7080.9814453125,7155.2001953125,25601.43359375,0,0,0,0,0,0,0,0,0,0,0,0,0,0,0,0,0,0,0,0,0,0,0,0,0,0,0,0,0,0,0,0,0,0,0,0,0,0,0,0,0,0,0,0,0,0,0,0,0,0,0,0,0,0,0,0,0
1,1,560,390,4,4,1888,18883,118883,218883,7486.263671875,74,65,1918,1927,33,34,35,36,37,38,39,40,41,42,43,44,45,46,47,48,49,50,51,52,53,54,55,56,57,58,59,60,61,62,63,64,65,66,67,68,69,70,71,72,73,74,75,76,77,78,79,80,81,82,83,84,85,86,87,88,89,90,91,92,93,94,95,96,97,98,99,100,101,102,103,104,105,106,107,108,109,110,111,112,113,114,115,116,117,118,119,120,121,122,123,124,125,126,127,128,129,130,131,132,133,134,135,136,137,138,139,140,141,142,143,144,145,146,147,148,149,150,151,152,153,154,155,156,157,158,159,160,161,162,163,164,165,166,167,168,169,170,171,172,173,174,175,1,2,1,,,1,1992,0,0,0,0,0,0,0,0,0,5500.439453125,5660.73779296875,5824.45263671875,5985.00146484375,6155.6708984375,6320.916015625,6549.943359375,6775.6005859375,7093.72900390625,7457.53564453125,7840.5185546875,8196.8115234375,8487.166015625,8941.666015625,9854.3544921875,10639.5419921875,9998.6787109375,10579.93359375,11224.8759765625,13520,14809.19140625,15931.404296875,16577.326171875,17010.234375,17347.763671875,17615.193359375,17632.306640625,17779.705078125,18042.509765625,18361.349609375,18660.8203125,18745.857421875,0,0,0,0,0,0,0,0,0,0,0,0,0,0,0,0,0,0,0,0,0,0,0,0,0,0,0,0,0,0,0,0,0,0,0,0,0,0,0,0,0,0,0,0,0,0,0,0,0,0,0,0,0,0,0,0,0,0,0
1,1,560,390,4,4,1888,18883,218883,118883,7486.263671875,65,74,1927,1918,24,25,26,27,28,29,30,31,32,33,34,35,36,37,38,39,40,41,42,43,44,45,46,47,48,49,50,51,52,53,54,55,56,57,58,59,60,61,62,63,64,65,66,67,68,69,70,71,72,73,74,75,76,77,78,79,80,81,82,83,84,85,86,87,88,89,90,91,92,93,94,95,96,97,98,99,100,101,102,103,104,105,106,107,108,109,110,111,112,113,114,115,116,117,118,119,120,121,122,123,124,125,126,127,128,129,130,131,132,133,134,135,136,137,138,139,140,141,142,143,144,145,146,147,148,149,150,151,152,153,154,155,156,157,158,159,160,161,162,163,164,165,166,2,1,1,1993,1993,2,1992,0,0,0,6313.9306640625,6609.05859375,7017.64794921875,7516.0732421875,7984.9267578125,8397.3251953125,8830.4267578125,9216.1572265625,9616.673828125,10021.357421875,10452.7509765625,10884.9931640625,11438.7509765625,12000,13460.1201171875,13872.0400390625,14297.5107421875,14653.158203125,14873.70703125,15361.9404296875,16596.87890625,17566.75,18075.80078125,18750.3125,19501.9375,23027.3359375,24726.83203125,26077.279296875,26600.69140625,26758.37890625,26752.431640625,26630.43359375,26131.8515625,25831.89453125,25698,25637.615234375,0,7080.9814453125,7155.2001953125,25601.43359375,0,0,0,0,0,0,0,0,0,0,0,0,0,0,0,0,0,0,0,0,0,0,0,0,0,0,0,0,0,0,0,0,0,0,0,0,0,0,0,0,0,0,0,0,0,0,0,0,0,0,0,0,0,0,0,0,0
1,1,560,390,4,4,1888,18884,118884,218884,7698.37744140625,74,65,1918,1927,33,34,35,36,37,38,39,40,41,42,43,44,45,46,47,48,49,50,51,52,53,54,55,56,57,58,59,60,61,62,63,64,65,66,67,68,69,70,71,72,73,74,75,76,77,78,79,80,81,82,83,84,85,86,87,88,89,90,91,92,93,94,95,96,97,98,99,100,101,102,103,104,105,106,107,108,109,110,111,112,113,114,115,116,117,118,119,120,121,122,123,124,125,126,127,128,129,130,131,132,133,134,135,136,137,138,139,140,141,142,143,144,145,146,147,148,149,150,151,152,153,154,155,156,157,158,159,160,161,162,163,164,165,166,167,168,169,170,171,172,173,174,175,1,2,1,,,1,1992,0,0,0,0,0,0,0,0,0,5500.439453125,5660.73779296875,5824.45263671875,5985.00146484375,6155.6708984375,6320.916015625,6549.943359375,6775.6005859375,7093.72900390625,7457.53564453125,7840.5185546875,8196.8115234375,8487.166015625,8941.666015625,9854.3544921875,10639.5419921875,11167.5517578125,10579.93359375,11224.8759765625,13520,14809.19140625,15931.404296875,16577.326171875,17010.234375,17347.763671875,17615.193359375,17632.306640625,17779.705078125,18042.509765625,18361.349609375,18660.8203125,18745.857421875,0,0,0,0,0,0,0,0,0,0,0,0,0,0,0,0,0,0,0,0,0,0,0,0,0,0,0,0,0,0,0,0,0,0,0,0,0,0,0,0,0,0,0,0,0,0,0,0,0,0,0,0,0,0,0,0,0,0,0
1,1,560,390,4,4,1888,18884,218884,118884,7698.37744140625,65,74,1927,1918,24,25,26,27,28,29,30,31,32,33,34,35,36,37,38,39,40,41,42,43,44,45,46,47,48,49,50,51,52,53,54,55,56,57,58,59,60,61,62,63,64,65,66,67,68,69,70,71,72,73,74,75,76,77,78,79,80,81,82,83,84,85,86,87,88,89,90,91,92,93,94,95,96,97,98,99,100,101,102,103,104,105,106,107,108,109,110,111,112,113,114,115,116,117,118,119,120,121,122,123,124,125,126,127,128,129,130,131,132,133,134,135,136,137,138,139,140,141,142,143,144,145,146,147,148,149,150,151,152,153,154,155,156,157,158,159,160,161,162,163,164,165,166,2,1,1,1993,1993,2,1992,0,0,0,14732.5029296875,15421.1337890625,16374.5087890625,17537.5,18631.4921875,19593.75390625,20604.32421875,21504.36328125,22438.900390625,23383.162109375,24389.748046875,25398.3125,26690.4140625,28000,30317.4921875,30161.45703125,30008.20703125,29687.83203125,29089.357421875,29002.04296875,30246.6015625,30903.611328125,30696.083984375,30737.0078125,30860.18359375,35174.8359375,36460.69140625,37118.11328125,36549.765625,35491.0390625,34252.3046875,32913.375,31176.833984375,29749.943359375,28569.08984375,27513.279296875,0,7080.9814453125,7155.2001953125,25601.43359375,0,0,0,0,0,0,0,0,0,0,0,0,0,0,0,0,0,0,0,0,0,0,0,0,0,0,0,0,0,0,0,0,0,0,0,0,0,0,0,0,0,0,0,0,0,0,0,0,0,0,0,0,0,0,0,0,0
1,1,560,390,4,4,1888,18885,118885,218885,7512.67041015625,74,65,1918,1927,33,34,35,36,37,38,39,40,41,42,43,44,45,46,47,48,49,50,51,52,53,54,55,56,57,58,59,60,61,62,63,64,65,66,67,68,69,70,71,72,73,74,75,76,77,78,79,80,81,82,83,84,85,86,87,88,89,90,91,92,93,94,95,96,97,98,99,100,101,102,103,104,105,106,107,108,109,110,111,112,113,114,115,116,117,118,119,120,121,122,123,124,125,126,127,128,129,130,131,132,133,134,135,136,137,138,139,140,141,142,143,144,145,146,147,148,149,150,151,152,153,154,155,156,157,158,159,160,161,162,163,164,165,166,167,168,169,170,171,172,173,174,175,1,2,1,,,1,1992,0,0,0,0,0,0,0,0,0,5500.439453125,5660.73779296875,5824.45263671875,5985.00146484375,6155.6708984375,6320.916015625,6549.943359375,6775.6005859375,7093.72900390625,7457.53564453125,7840.5185546875,8196.8115234375,8487.166015625,8941.666015625,9854.3544921875,10639.5419921875,11167.5517578125,11816.767578125,12537.1064453125,13520,14809.19140625,15931.404296875,16577.326171875,17010.234375,17347.763671875,17615.193359375,17632.306640625,17779.705078125,18042.509765625,18361.349609375,18660.8203125,18745.857421875,0,0,0,0,0,0,0,0,0,0,0,0,0,0,0,0,0,0,0,0,0,0,0,0,0,0,0,0,0,0,0,0,0,0,0,0,0,0,0,0,0,0,0,0,0,0,0,0,0,0,0,0,0,0,0,0,0,0,0
1,1,560,390,4,4,1888,18885,218885,118885,7512.67041015625,65,74,1927,1918,24,25,26,27,28,29,30,31,32,33,34,35,36,37,38,39,40,41,42,43,44,45,46,47,48,49,50,51,52,53,54,55,56,57,58,59,60,61,62,63,64,65,66,67,68,69,70,71,72,73,74,75,76,77,78,79,80,81,82,83,84,85,86,87,88,89,90,91,92,93,94,95,96,97,98,99,100,101,102,103,104,105,106,107,108,109,110,111,112,113,114,115,116,117,118,119,120,121,122,123,124,125,126,127,128,129,130,131,132,133,134,135,136,137,138,139,140,141,142,143,144,145,146,147,148,149,150,151,152,153,154,155,156,157,158,159,160,161,162,163,164,165,166,2,1,1,1993,1993,2,1992,0,0,0,15258.6640625,15971.8896484375,16959.314453125,18163.841796875,19296.904296875,20293.533203125,21340.1953125,22272.376953125,23240.29296875,24218.27734375,25260.8125,26305.396484375,27643.646484375,29000,31354.388671875,31147.447265625,30943.9140625,30568.798828125,29908.83203125,29775.46875,31007.8515625,31635.111328125,31376.736328125,31372.69921875,31452.373046875,35797.44921875,37051.8203125,37664.83203125,37033.8984375,35908.609375,34604.703125,33203.390625,31405.599609375,29924.427734375,28694.6953125,27593.87109375,0,7080.9814453125,7155.2001953125,25601.43359375,0,0,0,0,0,0,0,0,0,0,0,0,0,0,0,0,0,0,0,0,0,0,0,0,0,0,0,0,0,0,0,0,0,0,0,0,0,0,0,0,0,0,0,0,0,0,0,0,0,0,0,0,0,0,0,0,0
0,0,0,0,0,0,2077,20771,120771,220771,15.379950523376465,69,68,1923,1924,28,29,30,31,32,33,34,35,36,37,38,39,40,41,42,43,44,45,46,47,48,49,50,51,52,53,54,55,56,57,58,59,60,61,62,63,64,65,66,67,68,69,70,71,72,73,74,75,76,77,78,79,80,81,82,83,84,85,86,87,88,89,90,91,92,93,94,95,96,97,98,99,100,101,102,103,104,105,106,107,108,109,110,111,112,113,114,115,116,117,118,119,120,121,122,123,124,125,126,127,128,129,130,131,132,133,134,135,136,137,138,139,140,141,142,143,144,145,146,147,148,149,150,151,152,153,154,155,156,157,158,159,160,161,162,163,164,165,166,167,168,169,170,1,2,1,,,1,1992,136334.109375,144841.625,152533.84375,159639.046875,166062.453125,175232.703125,186512.125,196914.96875,205798.0625,215066.96875,223066.328125,231313.59375,239549.328125,248308.25,256969.03125,268363.46875,279781.03125,295209.0625,312777.5,331413.375,349184.375,364382.59375,386899.75,429727.15625,467597.53125,494643.96875,527494.6875,564028.875,613007.625,676713.875,733690.4375,769410.875,795680.625,817818.75,836924,844291.4375,858011,877505.5625,900000,921835.375,933282.25,0,0,0,0,0,0,0,0,0,0,0,0,0,0,0,0,0,0,0,0,0,0,0,0,0,0,0,0,0,0,0,0,0,0,0,0,0,0,0,0,0,0,0,0,0,0,0,0,0,0,0,0,0,0,0,0,0,0,0
0,0,0,0,0,0,2077,20771,220771,120771,15.379950523376465,68,69,1924,1923,27,28,29,30,31,32,33,34,35,36,37,38,39,40,41,42,43,44,45,46,47,48,49,50,51,52,53,54,55,56,57,58,59,60,61,62,63,64,65,66,67,68,69,70,71,72,73,74,75,76,77,78,79,80,81,82,83,84,85,86,87,88,89,90,91,92,93,94,95,96,97,98,99,100,101,102,103,104,105,106,107,108,109,110,111,112,113,114,115,116,117,118,119,120,121,122,123,124,125,126,127,128,129,130,131,132,133,134,135,136,137,138,139,140,141,142,143,144,145,146,147,148,149,150,151,152,153,154,155,156,157,158,159,160,161,162,163,164,165,166,167,168,169,2,1,1,,,2,1992,0,0,0,0,0,0,0,0,0,0,0,0,0,0,0,0,0,0,0,0,0,0,0,0,0,0,0,0,0,0,0,0,0,0,0,0,0,0,0,0,0,0,0,0,0,0,0,0,0,0,0,0,0,0,0,0,0,0,0,0,0,0,0,0,0,0,0,0,0,0,0,0,0,0,0,0,0,0,0,0,0,0,0,0,0,0,0,0,0,0,0,0,0,0,0,0,0,0,0,0
0,0,0,0,0,0,2077,20772,120772,220772,15.963064193725586,69,68,1923,1924,28,29,30,31,32,33,34,35,36,37,38,39,40,41,42,43,44,45,46,47,48,49,50,51,52,53,54,55,56,57,58,59,60,61,62,63,64,65,66,67,68,69,70,71,72,73,74,75,76,77,78,79,80,81,82,83,84,85,86,87,88,89,90,91,92,93,94,95,96,97,98,99,100,101,102,103,104,105,106,107,108,109,110,111,112,113,114,115,116,117,118,119,120,121,122,123,124,125,126,127,128,129,130,131,132,133,134,135,136,137,138,139,140,141,142,143,144,145,146,147,148,149,150,151,152,153,154,155,156,157,158,159,160,161,162,163,164,165,166,167,168,169,170,1,2,1,,,1,1992,136334.109375,144841.625,152533.84375,159639.046875,166062.453125,175232.703125,186512.125,196914.96875,205798.0625,215066.96875,223066.328125,231313.59375,239549.328125,248308.25,256969.03125,268363.46875,279781.03125,295209.0625,312777.5,331413.375,349184.375,364382.59375,386899.75,429727.15625,467597.53125,494643.96875,527494.6875,564028.875,613007.625,676713.875,733690.4375,769410.875,795680.625,817818.75,836924,844291.4375,858011,877505.5625,900000,921835.375,933282.25,0,0,0,0,0,0,0,0,0,0,0,0,0,0,0,0,0,0,0,0,0,0,0,0,0,0,0,0,0,0,0,0,0,0,0,0,0,0,0,0,0,0,0,0,0,0,0,0,0,0,0,0,0,0,0,0,0,0,0
0,0,0,0,0,0,2077,20772,220772,120772,15.963064193725586,68,69,1924,1923,27,28,29,30,31,32,33,34,35,36,37,38,39,40,41,42,43,44,45,46,47,48,49,50,51,52,53,54,55,56,57,58,59,60,61,62,63,64,65,66,67,68,69,70,71,72,73,74,75,76,77,78,79,80,81,82,83,84,85,86,87,88,89,90,91,92,93,94,95,96,97,98,99,100,101,102,103,104,105,106,107,108,109,110,111,112,113,114,115,116,117,118,119,120,121,122,123,124,125,126,127,128,129,130,131,132,133,134,135,136,137,138,139,140,141,142,143,144,145,146,147,148,149,150,151,152,153,154,155,156,157,158,159,160,161,162,163,164,165,166,167,168,169,2,1,1,,,2,1992,0,0,0,0,0,0,0,0,0,0,0,0,0,0,0,0,0,0,0,0,0,0,0,0,0,0,0,0,0,0,0,0,0,0,0,0,0,0,0,0,0,0,0,0,0,0,0,0,0,0,0,0,0,0,0,0,0,0,0,0,0,0,0,0,0,0,0,0,0,0,0,0,0,0,0,0,0,0,0,0,0,0,0,0,0,0,0,0,0,0,0,0,0,0,0,0,0,0,0,0
0,0,0,0,0,0,2077,20773,120773,220773,17.348773956298828,69,68,1923,1924,28,29,30,31,32,33,34,35,36,37,38,39,40,41,42,43,44,45,46,47,48,49,50,51,52,53,54,55,56,57,58,59,60,61,62,63,64,65,66,67,68,69,70,71,72,73,74,75,76,77,78,79,80,81,82,83,84,85,86,87,88,89,90,91,92,93,94,95,96,97,98,99,100,101,102,103,104,105,106,107,108,109,110,111,112,113,114,115,116,117,118,119,120,121,122,123,124,125,126,127,128,129,130,131,132,133,134,135,136,137,138,139,140,141,142,143,144,145,146,147,148,149,150,151,152,153,154,155,156,157,158,159,160,161,162,163,164,165,166,167,168,169,170,1,2,1,,,1,1992,136334.109375,144841.625,152533.84375,159639.046875,166062.453125,175232.703125,186512.125,196914.96875,205798.0625,215066.96875,223066.328125,231313.59375,239549.328125,248308.25,256969.03125,268363.46875,279781.03125,295209.0625,312777.5,331413.375,349184.375,364382.59375,386899.75,429727.15625,467597.53125,494643.96875,527494.6875,564028.875,613007.625,676713.875,733690.4375,769410.875,795680.625,817818.75,836924,844291.4375,858011,877505.5625,900000,921835.375,933282.25,0,0,0,0,0,0,0,0,0,0,0,0,0,0,0,0,0,0,0,0,0,0,0,0,0,0,0,0,0,0,0,0,0,0,0,0,0,0,0,0,0,0,0,0,0,0,0,0,0,0,0,0,0,0,0,0,0,0,0
0,0,0,0,0,0,2077,20773,220773,120773,17.348773956298828,68,69,1924,1923,27,28,29,30,31,32,33,34,35,36,37,38,39,40,41,42,43,44,45,46,47,48,49,50,51,52,53,54,55,56,57,58,59,60,61,62,63,64,65,66,67,68,69,70,71,72,73,74,75,76,77,78,79,80,81,82,83,84,85,86,87,88,89,90,91,92,93,94,95,96,97,98,99,100,101,102,103,104,105,106,107,108,109,110,111,112,113,114,115,116,117,118,119,120,121,122,123,124,125,126,127,128,129,130,131,132,133,134,135,136,137,138,139,140,141,142,143,144,145,146,147,148,149,150,151,152,153,154,155,156,157,158,159,160,161,162,163,164,165,166,167,168,169,2,1,1,,,2,1992,0,0,0,0,0,0,0,0,0,0,0,0,0,0,0,0,0,0,0,0,0,0,0,0,0,0,0,0,0,0,0,0,0,0,0,0,0,0,0,0,0,0,0,0,0,0,0,0,0,0,0,0,0,0,0,0,0,0,0,0,0,0,0,0,0,0,0,0,0,0,0,0,0,0,0,0,0,0,0,0,0,0,0,0,0,0,0,0,0,0,0,0,0,0,0,0,0,0,0,0
0,0,0,0,0,0,2077,20774,120774,220774,14.191173553466797,69,68,1923,1924,28,29,30,31,32,33,34,35,36,37,38,39,40,41,42,43,44,45,46,47,48,49,50,51,52,53,54,55,56,57,58,59,60,61,62,63,64,65,66,67,68,69,70,71,72,73,74,75,76,77,78,79,80,81,82,83,84,85,86,87,88,89,90,91,92,93,94,95,96,97,98,99,100,101,102,103,104,105,106,107,108,109,110,111,112,113,114,115,116,117,118,119,120,121,122,123,124,125,126,127,128,129,130,131,132,133,134,135,136,137,138,139,140,141,142,143,144,145,146,147,148,149,150,151,152,153,154,155,156,157,158,159,160,161,162,163,164,165,166,167,168,169,170,1,2,1,,,1,1992,136334.109375,144841.625,152533.84375,159639.046875,166062.453125,175232.703125,186512.125,196914.96875,205798.0625,215066.96875,223066.328125,231313.59375,239549.328125,248308.25,256969.03125,268363.46875,279781.03125,295209.0625,312777.5,331413.375,349184.375,364382.59375,386899.75,429727.15625,467597.53125,494643.96875,527494.6875,564028.875,613007.625,676713.875,733690.4375,769410.875,795680.625,817818.75,836924,844291.4375,858011,877505.5625,900000,921835.375,933282.25,0,0,0,0,0,0,0,0,0,0,0,0,0,0,0,0,0,0,0,0,0,0,0,0,0,0,0,0,0,0,0,0,0,0,0,0,0,0,0,0,0,0,0,0,0,0,0,0,0,0,0,0,0,0,0,0,0,0,0
0,0,0,0,0,0,2077,20774,220774,120774,14.191173553466797,68,69,1924,1923,27,28,29,30,31,32,33,34,35,36,37,38,39,40,41,42,43,44,45,46,47,48,49,50,51,52,53,54,55,56,57,58,59,60,61,62,63,64,65,66,67,68,69,70,71,72,73,74,75,76,77,78,79,80,81,82,83,84,85,86,87,88,89,90,91,92,93,94,95,96,97,98,99,100,101,102,103,104,105,106,107,108,109,110,111,112,113,114,115,116,117,118,119,120,121,122,123,124,125,126,127,128,129,130,131,132,133,134,135,136,137,138,139,140,141,142,143,144,145,146,147,148,149,150,151,152,153,154,155,156,157,158,159,160,161,162,163,164,165,166,167,168,169,2,1,1,,,2,1992,0,0,0,0,0,0,0,0,0,0,0,0,0,0,0,0,0,0,0,0,0,0,0,0,0,0,0,0,0,0,0,0,0,0,0,0,0,0,0,0,0,0,0,0,0,0,0,0,0,0,0,0,0,0,0,0,0,0,0,0,0,0,0,0,0,0,0,0,0,0,0,0,0,0,0,0,0,0,0,0,0,0,0,0,0,0,0,0,0,0,0,0,0,0,0,0,0,0,0,0
0,0,0,0,0,0,2077,20775,120775,220775,16.52897071838379,69,68,1923,1924,28,29,30,31,32,33,34,35,36,37,38,39,40,41,42,43,44,45,46,47,48,49,50,51,52,53,54,55,56,57,58,59,60,61,62,63,64,65,66,67,68,69,70,71,72,73,74,75,76,77,78,79,80,81,82,83,84,85,86,87,88,89,90,91,92,93,94,95,96,97,98,99,100,101,102,103,104,105,106,107,108,109,110,111,112,113,114,115,116,117,118,119,120,121,122,123,124,125,126,127,128,129,130,131,132,133,134,135,136,137,138,139,140,141,142,143,144,145,146,147,148,149,150,151,152,153,154,155,156,157,158,159,160,161,162,163,164,165,166,167,168,169,170,1,2,1,,,1,1992,136334.109375,144841.625,152533.84375,159639.046875,166062.453125,175232.703125,186512.125,196914.96875,205798.0625,215066.96875,223066.328125,231313.59375,239549.328125,248308.25,256969.03125,268363.46875,279781.03125,295209.0625,312777.5,331413.375,349184.375,364382.59375,386899.75,429727.15625,467597.53125,494643.96875,527494.6875,564028.875,613007.625,676713.875,733690.4375,769410.875,795680.625,817818.75,836924,844291.4375,858011,877505.5625,900000,921835.375,933282.25,0,0,0,0,0,0,0,0,0,0,0,0,0,0,0,0,0,0,0,0,0,0,0,0,0,0,0,0,0,0,0,0,0,0,0,0,0,0,0,0,0,0,0,0,0,0,0,0,0,0,0,0,0,0,0,0,0,0,0
0,0,0,0,0,0,2077,20775,220775,120775,16.52897071838379,68,69,1924,1923,27,28,29,30,31,32,33,34,35,36,37,38,39,40,41,42,43,44,45,46,47,48,49,50,51,52,53,54,55,56,57,58,59,60,61,62,63,64,65,66,67,68,69,70,71,72,73,74,75,76,77,78,79,80,81,82,83,84,85,86,87,88,89,90,91,92,93,94,95,96,97,98,99,100,101,102,103,104,105,106,107,108,109,110,111,112,113,114,115,116,117,118,119,120,121,122,123,124,125,126,127,128,129,130,131,132,133,134,135,136,137,138,139,140,141,142,143,144,145,146,147,148,149,150,151,152,153,154,155,156,157,158,159,160,161,162,163,164,165,166,167,168,169,2,1,1,,,2,1992,0,0,0,0,0,0,0,0,0,0,0,0,0,0,0,0,0,0,0,0,0,0,0,0,0,0,0,0,0,0,0,0,0,0,0,0,0,0,0,0,0,0,0,0,0,0,0,0,0,0,0,0,0,0,0,0,0,0,0,0,0,0,0,0,0,0,0,0,0,0,0,0,0,0,0,0,0,0,0,0,0,0,0,0,0,0,0,0,0,0,0,0,0,0,0,0,0,0,0,0
0,0,0,0,0,0,2134,21341,121341,0,16.462907791137695,72,0,1920,0,31,32,33,34,35,36,37,38,39,40,41,42,43,44,45,46,47,48,49,50,51,52,53,54,55,56,57,58,59,60,61,62,63,64,65,66,67,68,69,70,71,72,73,74,75,76,77,78,79,80,81,82,83,84,85,86,87,88,89,90,91,92,93,94,95,96,97,98,99,100,101,102,103,104,105,106,107,108,109,110,111,112,113,114,115,116,117,118,119,120,121,122,123,124,125,126,127,128,129,130,131,132,133,134,135,136,137,138,139,140,141,142,143,144,145,146,147,148,149,150,151,152,153,154,155,156,157,158,159,160,161,162,163,164,165,166,167,168,169,170,171,172,173,1,0,0,2002,2002,1,1992,29521.994140625,31217.912109375,32722.431640625,34086.921875,35293.03125,37068.23828125,39270.171875,41267.078125,42927.45703125,44651.5859375,46096.30078125,47577.59765625,49041.6640625,50597.640625,52118.17578125,54175.21875,56216.640625,59039.8984375,62261.60546875,65663.4453125,68861.7109375,71523.6171875,75589.1015625,83564.6953125,90504.6953125,95292.890625,101147.5078125,107648.4375,116450.453125,127952.7578125,138078.578125,144125.453125,148351.125,151767.078125,154588.03125,155221.21875,157007.65625,159825.75,163158.15625,166336.84375,150072.671875,150000,149440.625,148064.390625,146499.75,0,0,0,0,0,0,0,0,0,0,0,0,0,0,0,0,0,0,0,0,0,0,0,0,0,0,0,0,0,0,0,0,0,0,0,0,0,0,0,0,0,0,0,0,0,0,0,0,0,0,0,0,0,0,0
0,0,0,0,0,0,2134,21342,121342,0,10.222417831420898,72,0,1920,0,31,32,33,34,35,36,37,38,39,40,41,42,43,44,45,46,47,48,49,50,51,52,53,54,55,56,57,58,59,60,61,62,63,64,65,66,67,68,69,70,71,72,73,74,75,76,77,78,79,80,81,82,83,84,85,86,87,88,89,90,91,92,93,94,95,96,97,98,99,100,101,102,103,104,105,106,107,108,109,110,111,112,113,114,115,116,117,118,119,120,121,122,123,124,125,126,127,128,129,130,131,132,133,134,135,136,137,138,139,140,141,142,143,144,145,146,147,148,149,150,151,152,153,154,155,156,157,158,159,160,161,162,163,164,165,166,167,168,169,170,171,172,173,1,0,0,2002,2002,1,1992,29521.994140625,31217.912109375,32722.431640625,34086.921875,35293.03125,37068.23828125,39270.171875,41267.078125,42927.45703125,44651.5859375,46096.30078125,47577.59765625,49041.6640625,50597.640625,52118.17578125,54175.21875,56216.640625,59039.8984375,62261.60546875,65663.4453125,68861.7109375,71523.6171875,75589.1015625,83564.6953125,90504.6953125,95292.890625,101147.5078125,107648.4375,116450.453125,127952.7578125,138078.578125,144125.453125,148351.125,151767.078125,154588.03125,155221.21875,157007.65625,159825.75,163158.15625,166336.84375,150072.671875,150000,149440.625,148064.390625,146499.75,0,0,0,0,0,0,0,0,0,0,0,0,0,0,0,0,0,0,0,0,0,0,0,0,0,0,0,0,0,0,0,0,0,0,0,0,0,0,0,0,0,0,0,0,0,0,0,0,0,0,0,0,0,0,0
0,0,0,0,0,0,2134,21343,121343,0,14.017781257629395,72,0,1920,0,31,32,33,34,35,36,37,38,39,40,41,42,43,44,45,46,47,48,49,50,51,52,53,54,55,56,57,58,59,60,61,62,63,64,65,66,67,68,69,70,71,72,73,74,75,76,77,78,79,80,81,82,83,84,85,86,87,88,89,90,91,92,93,94,95,96,97,98,99,100,101,102,103,104,105,106,107,108,109,110,111,112,113,114,115,116,117,118,119,120,121,122,123,124,125,126,127,128,129,130,131,132,133,134,135,136,137,138,139,140,141,142,143,144,145,146,147,148,149,150,151,152,153,154,155,156,157,158,159,160,161,162,163,164,165,166,167,168,169,170,171,172,173,1,0,0,2002,2002,1,1992,29521.994140625,31217.912109375,32722.431640625,34086.921875,35293.03125,37068.23828125,39270.171875,41267.078125,42927.45703125,44651.5859375,46096.30078125,47577.59765625,49041.6640625,50597.640625,52118.17578125,54175.21875,56216.640625,59039.8984375,62261.60546875,65663.4453125,68861.7109375,71523.6171875,75589.1015625,83564.6953125,90504.6953125,95292.890625,101147.5078125,107648.4375,116450.453125,127952.7578125,138078.578125,144125.453125,148351.125,151767.078125,154588.03125,155221.21875,157007.65625,159825.75,163158.15625,166336.84375,150072.671875,150000,149440.625,148064.390625,146499.75,0,0,0,0,0,0,0,0,0,0,0,0,0,0,0,0,0,0,0,0,0,0,0,0,0,0,0,0,0,0,0,0,0,0,0,0,0,0,0,0,0,0,0,0,0,0,0,0,0,0,0,0,0,0,0
0,0,0,0,0,0,2134,21344,121344,0,9.331876754760742,72,0,1920,0,31,32,33,34,35,36,37,38,39,40,41,42,43,44,45,46,47,48,49,50,51,52,53,54,55,56,57,58,59,60,61,62,63,64,65,66,67,68,69,70,71,72,73,74,75,76,77,78,79,80,81,82,83,84,85,86,87,88,89,90,91,92,93,94,95,96,97,98,99,100,101,102,103,104,105,106,107,108,109,110,111,112,113,114,115,116,117,118,119,120,121,122,123,124,125,126,127,128,129,130,131,132,133,134,135,136,137,138,139,140,141,142,143,144,145,146,147,148,149,150,151,152,153,154,155,156,157,158,159,160,161,162,163,164,165,166,167,168,169,170,171,172,173,1,0,0,2002,2002,1,1992,29521.994140625,31217.912109375,32722.431640625,34086.921875,35293.03125,37068.23828125,39270.171875,41267.078125,42927.45703125,44651.5859375,46096.30078125,47577.59765625,49041.6640625,50597.640625,52118.17578125,54175.21875,56216.640625,59039.8984375,62261.60546875,65663.4453125,68861.7109375,71523.6171875,75589.1015625,83564.6953125,90504.6953125,95292.890625,101147.5078125,107648.4375,116450.453125,127952.7578125,138078.578125,144125.453125,148351.125,151767.078125,154588.03125,155221.21875,157007.65625,159825.75,163158.15625,166336.84375,150072.671875,150000,149440.625,148064.390625,146499.75,0,0,0,0,0,0,0,0,0,0,0,0,0,0,0,0,0,0,0,0,0,0,0,0,0,0,0,0,0,0,0,0,0,0,0,0,0,0,0,0,0,0,0,0,0,0,0,0,0,0,0,0,0,0,0
0,0,0,0,0,0,2134,21345,121345,0,10.454577445983887,72,0,1920,0,31,32,33,34,35,36,37,38,39,40,41,42,43,44,45,46,47,48,49,50,51,52,53,54,55,56,57,58,59,60,61,62,63,64,65,66,67,68,69,70,71,72,73,74,75,76,77,78,79,80,81,82,83,84,85,86,87,88,89,90,91,92,93,94,95,96,97,98,99,100,101,102,103,104,105,106,107,108,109,110,111,112,113,114,115,116,117,118,119,120,121,122,123,124,125,126,127,128,129,130,131,132,133,134,135,136,137,138,139,140,141,142,143,144,145,146,147,148,149,150,151,152,153,154,155,156,157,158,159,160,161,162,163,164,165,166,167,168,169,170,171,172,173,1,0,0,2002,2002,1,1992,29521.994140625,31217.912109375,32722.431640625,34086.921875,35293.03125,37068.23828125,39270.171875,41267.078125,42927.45703125,44651.5859375,46096.30078125,47577.59765625,49041.6640625,50597.640625,52118.17578125,54175.21875,56216.640625,59039.8984375,62261.60546875,65663.4453125,68861.7109375,71523.6171875,75589.1015625,83564.6953125,90504.6953125,95292.890625,101147.5078125,107648.4375,116450.453125,127952.7578125,138078.578125,144125.453125,148351.125,151767.078125,154588.03125,155221.21875,157007.65625,159825.75,163158.15625,166336.84375,150072.671875,150000,149440.625,148064.390625,146499.75,0,0,0,0,0,0,0,0,0,0,0,0,0,0,0,0,0,0,0,0,0,0,0,0,0,0,0,0,0,0,0,0,0,0,0,0,0,0,0,0,0,0,0,0,0,0,0,0,0,0,0,0,0,0,0
0,0,0,0,0,0,2206,22061,122061,222061,6243.1005859375,46,43,1946,1949,5,6,7,8,9,10,11,12,13,14,15,16,17,18,19,20,21,22,23,24,25,26,27,28,29,30,31,32,33,34,35,36,37,38,39,40,41,42,43,44,45,46,47,48,49,50,51,52,53,54,55,56,57,58,59,60,61,62,63,64,65,66,67,68,69,70,71,72,73,74,75,76,77,78,79,80,81,82,83,84,85,86,87,88,89,90,91,92,93,94,95,96,97,98,99,100,101,102,103,104,105,106,107,108,109,110,111,112,113,114,115,116,117,118,119,120,121,122,123,124,125,126,127,128,129,130,131,132,133,134,135,136,137,138,139,140,141,142,143,144,145,146,147,1,2,1,9999,9999,1,1992,0,0,0,0,0,0,0,0,0,0,0,0,0,0,0,0,0,0,0,0,0,11317.40234375,12455.412109375,14339.1357421875,16172.3408203125,17732.236328125,19600.150390625,21722.66796875,24470.802734375,28000,0,0,0,0,33187.40234375,33196.05078125,33449.84375,33920.1640625,34495.1015625,36621.71875,38429.8671875,40000,41499.11328125,42817.56640625,44117.3515625,45400.296875,46466.15625,47042,47862.90234375,49135.76171875,50106.38671875,50670.8828125,51559.8203125,52578.10546875,53741.22265625,54809.9765625,55677.16015625,56686.55078125,55812.109375,56004,56516.81640625,56575.5859375,56243.28125,55870.43359375,54748.90625,54009.91796875,53583.69921875,53235.3359375,52491.19140625,51496.8359375,51984.20703125,0,0,0,0,0,0,0,0,0,0,0,0,0,0,0,0,0,0,0,0,0,0,0,0,0,0,0,0,0
0,0,0,0,0,0,2206,22061,222061,122061,6243.1005859375,43,46,1949,1946,2,3,4,5,6,7,8,9,10,11,12,13,14,15,16,17,18,19,20,21,22,23,24,25,26,27,28,29,30,31,32,33,34,35,36,37,38,39,40,41,42,43,44,45,46,47,48,49,50,51,52,53,54,55,56,57,58,59,60,61,62,63,64,65,66,67,68,69,70,71,72,73,74,75,76,77,78,79,80,81,82,83,84,85,86,87,88,89,90,91,92,93,94,95,96,97,98,99,100,101,102,103,104,105,106,107,108,109,110,111,112,113,114,115,116,117,118,119,120,121,122,123,124,125,126,127,128,129,130,131,132,133,134,135,136,137,138,139,140,141,142,143,144,2,1,1,2003,9999,2,1992,0,0,0,0,0,0,0,0,0,0,0,0,0,0,0,0,2284.993896484375,2514.70654296875,2778.82470703125,3070.727783203125,3374.03076171875,4160,0,1567.88134765625,1850.243896484375,2122.6845703125,2454.97607421875,2846.865234375,3355.581787109375,4017.384521484375,4723.7529296875,5372.40380859375,6025.39990234375,6716.45556640625,7454.27685546875,8155.4560546875,8988.4482421875,9969.609375,11089.37890625,12318.4033203125,13525.3974609375,14144,52373.0625,54290.3046875,56200.5859375,58106.03125,59748.91015625,60772.8671875,62123.23828125,64074.296875,65646.25,66697.0234375,68185.1953125,19664.736328125,20193.9765625,20692.12109375,21118.0390625,21601.66796875,21368.123046875,21542.103515625,21841.248046875,21966.453125,21939.77734375,21896.48046875,21557.521484375,21366.236328125,21296.974609375,21257.72265625,21058.791015625,20756.71875,21051.384765625,21784.94921875,21933.37890625,21820.720703125,0,0,0,0,0,0,0,0,0,0,0,0,0,0,0,0,0,0,0,0,0,0,0,0,0,0
0,0,0,0,0,0,2206,22062,122062,222062,6195.96630859375,46,43,1946,1949,5,6,7,8,9,10,11,12,13,14,15,16,17,18,19,20,21,22,23,24,25,26,27,28,29,30,31,32,33,34,35,36,37,38,39,40,41,42,43,44,45,46,47,48,49,50,51,52,53,54,55,56,57,58,59,60,61,62,63,64,65,66,67,68,69,70,71,72,73,74,75,76,77,78,79,80,81,82,83,84,85,86,87,88,89,90,91,92,93,94,95,96,97,98,99,100,101,102,103,104,105,106,107,108,109,110,111,112,113,114,115,116,117,118,119,120,121,122,123,124,125,126,127,128,129,130,131,132,133,134,135,136,137,138,139,140,141,142,143,144,145,146,147,1,2,1,9999,9999,1,1992,0,0,0,0,0,0,0,0,0,0,0,0,0,0,0,0,0,0,0,0,0,11317.40234375,12455.412109375,14339.1357421875,16172.3408203125,17732.236328125,19600.150390625,21722.66796875,24470.802734375,28000,0,0,0,0,33187.40234375,33196.05078125,33449.84375,33920.1640625,34495.1015625,36621.71875,38429.8671875,40000,41499.11328125,42817.56640625,44117.3515625,45400.296875,46466.15625,47042,47862.90234375,49135.76171875,50106.38671875,50670.8828125,51559.8203125,52578.10546875,53741.22265625,54809.9765625,55677.16015625,56686.55078125,55812.109375,56004,56516.81640625,56575.5859375,56243.28125,55870.43359375,54748.90625,54009.91796875,53583.69921875,53235.3359375,52491.19140625,51496.8359375,51984.20703125,0,0,0,0,0,0,0,0,0,0,0,0,0,0,0,0,0,0,0,0,0,0,0,0,0,0,0,0,0
0,0,0,0,0,0,2206,22062,222062,122062,6195.96630859375,43,46,1949,1946,2,3,4,5,6,7,8,9,10,11,12,13,14,15,16,17,18,19,20,21,22,23,24,25,26,27,28,29,30,31,32,33,34,35,36,37,38,39,40,41,42,43,44,45,46,47,48,49,50,51,52,53,54,55,56,57,58,59,60,61,62,63,64,65,66,67,68,69,70,71,72,73,74,75,76,77,78,79,80,81,82,83,84,85,86,87,88,89,90,91,92,93,94,95,96,97,98,99,100,101,102,103,104,105,106,107,108,109,110,111,112,113,114,115,116,117,118,119,120,121,122,123,124,125,126,127,128,129,130,131,132,133,134,135,136,137,138,139,140,141,142,143,144,2,1,1,,9999,2,1992,0,0,0,0,0,0,0,0,0,0,0,0,0,0,0,0,2284.993896484375,2514.70654296875,2778.82470703125,3070.727783203125,3374.03076171875,4160,0,1567.88134765625,1850.243896484375,2122.6845703125,2454.97607421875,2846.865234375,3355.581787109375,4017.384521484375,4723.7529296875,5372.40380859375,6025.39990234375,6716.45556640625,7454.27685546875,8155.4560546875,8988.4482421875,9969.609375,11089.37890625,12318.4033203125,13525.3974609375,14144,14742.8603515625,15282.55859375,15820.296875,16356.658203125,16819.123046875,17107.380859375,17487.505859375,18036.705078125,18479.20703125,18775.01171875,19193.927734375,19664.736328125,20193.9765625,20692.12109375,21118.0390625,21601.66796875,21368.123046875,21542.103515625,21841.248046875,21966.453125,21939.77734375,21896.48046875,21557.521484375,21366.236328125,21296.974609375,21257.72265625,21058.791015625,20756.71875,21051.384765625,21784.94921875,21933.37890625,21820.720703125,0,0,0,0,0,0,0,0,0,0,0,0,0,0,0,0,0,0,0,0,0,0,0,0,0,0
0,0,0,0,0,0,2206,22063,122063,222063,6138.44287109375,46,43,1946,1949,5,6,7,8,9,10,11,12,13,14,15,16,17,18,19,20,21,22,23,24,25,26,27,28,29,30,31,32,33,34,35,36,37,38,39,40,41,42,43,44,45,46,47,48,49,50,51,52,53,54,55,56,57,58,59,60,61,62,63,64,65,66,67,68,69,70,71,72,73,74,75,76,77,78,79,80,81,82,83,84,85,86,87,88,89,90,91,92,93,94,95,96,97,98,99,100,101,102,103,104,105,106,107,108,109,110,111,112,113,114,115,116,117,118,119,120,121,122,123,124,125,126,127,128,129,130,131,132,133,134,135,136,137,138,139,140,141,142,143,144,145,146,147,1,2,1,9999,9999,1,1992,0,0,0,0,0,0,0,0,0,0,0,0,0,0,0,0,0,0,0,0,0,11317.40234375,12455.412109375,14339.1357421875,16172.3408203125,17732.236328125,19600.150390625,21722.66796875,24470.802734375,28000,0,0,0,0,33187.40234375,33196.05078125,33449.84375,33920.1640625,34495.1015625,36621.71875,38429.8671875,40000,41499.11328125,42817.56640625,44117.3515625,45400.296875,46466.15625,47042,47862.90234375,49135.76171875,50106.38671875,50670.8828125,51559.8203125,52578.10546875,53741.22265625,54809.9765625,55677.16015625,56686.55078125,55812.109375,56004,56516.81640625,56575.5859375,56243.28125,55870.43359375,54748.90625,54009.91796875,53583.69921875,53235.3359375,52491.19140625,51496.8359375,51984.20703125,0,0,0,0,0,0,0,0,0,0,0,0,0,0,0,0,0,0,0,0,0,0,0,0,0,0,0,0,0
0,0,0,0,0,0,2206,22063,222063,122063,6138.44287109375,43,46,1949,1946,2,3,4,5,6,7,8,9,10,11,12,13,14,15,16,17,18,19,20,21,22,23,24,25,26,27,28,29,30,31,32,33,34,35,36,37,38,39,40,41,42,43,44,45,46,47,48,49,50,51,52,53,54,55,56,57,58,59,60,61,62,63,64,65,66,67,68,69,70,71,72,73,74,75,76,77,78,79,80,81,82,83,84,85,86,87,88,89,90,91,92,93,94,95,96,97,98,99,100,101,102,103,104,105,106,107,108,109,110,111,112,113,114,115,116,117,118,119,120,121,122,123,124,125,126,127,128,129,130,131,132,133,134,135,136,137,138,139,140,141,142,143,144,2,1,1,,9999,2,1992,0,0,0,0,0,0,0,0,0,0,0,0,0,0,0,0,2284.993896484375,2514.70654296875,2778.82470703125,3070.727783203125,3374.03076171875,4160,0,1567.88134765625,1850.243896484375,2122.6845703125,2454.97607421875,2846.865234375,3355.581787109375,4017.384521484375,4723.7529296875,5372.40380859375,6025.39990234375,6716.45556640625,7454.27685546875,8155.4560546875,8988.4482421875,9969.609375,11089.37890625,12318.4033203125,13525.3974609375,14144,14742.8603515625,15282.55859375,15820.296875,16356.658203125,16819.123046875,17107.380859375,17487.505859375,18036.705078125,18479.20703125,18775.01171875,19193.927734375,19664.736328125,20193.9765625,20692.12109375,21118.0390625,21601.66796875,21368.123046875,21542.103515625,21841.248046875,21966.453125,21939.77734375,21896.48046875,21557.521484375,21366.236328125,21296.974609375,21257.72265625,21058.791015625,20756.71875,21051.384765625,21784.94921875,21933.37890625,21820.720703125,0,0,0,0,0,0,0,0,0,0,0,0,0,0,0,0,0,0,0,0,0,0,0,0,0,0
0,0,0,0,0,0,2206,22064,122064,222064,6188.79931640625,46,43,1946,1949,5,6,7,8,9,10,11,12,13,14,15,16,17,18,19,20,21,22,23,24,25,26,27,28,29,30,31,32,33,34,35,36,37,38,39,40,41,42,43,44,45,46,47,48,49,50,51,52,53,54,55,56,57,58,59,60,61,62,63,64,65,66,67,68,69,70,71,72,73,74,75,76,77,78,79,80,81,82,83,84,85,86,87,88,89,90,91,92,93,94,95,96,97,98,99,100,101,102,103,104,105,106,107,108,109,110,111,112,113,114,115,116,117,118,119,120,121,122,123,124,125,126,127,128,129,130,131,132,133,134,135,136,137,138,139,140,141,142,143,144,145,146,147,1,2,1,9999,9999,1,1992,0,0,0,0,0,0,0,0,0,0,0,0,0,0,0,0,0,0,0,0,0,11317.40234375,12455.412109375,14339.1357421875,16172.3408203125,17732.236328125,19600.150390625,21722.66796875,24470.802734375,28000,0,0,0,0,33187.40234375,33196.05078125,33449.84375,33920.1640625,34495.1015625,36621.71875,38429.8671875,40000,41499.11328125,42817.56640625,44117.3515625,45400.296875,46466.15625,47042,47862.90234375,49135.76171875,50106.38671875,50670.8828125,51559.8203125,52578.10546875,53741.22265625,54809.9765625,55677.16015625,56686.55078125,55812.109375,56004,56516.81640625,56575.5859375,56243.28125,55870.43359375,54748.90625,54009.91796875,53583.69921875,53235.3359375,52491.19140625,51496.8359375,51984.20703125,0,0,0,0,0,0,0,0,0,0,0,0,0,0,0,0,0,0,0,0,0,0,0,0,0,0,0,0,0
0,0,0,0,0,0,2206,22064,222064,122064,6188.79931640625,43,46,1949,1946,2,3,4,5,6,7,8,9,10,11,12,13,14,15,16,17,18,19,20,21,22,23,24,25,26,27,28,29,30,31,32,33,34,35,36,37,38,39,40,41,42,43,44,45,46,47,48,49,50,51,52,53,54,55,56,57,58,59,60,61,62,63,64,65,66,67,68,69,70,71,72,73,74,75,76,77,78,79,80,81,82,83,84,85,86,87,88,89,90,91,92,93,94,95,96,97,98,99,100,101,102,103,104,105,106,107,108,109,110,111,112,113,114,115,116,117,118,119,120,121,122,123,124,125,126,127,128,129,130,131,132,133,134,135,136,137,138,139,140,141,142,143,144,2,1,1,2005,9999,2,1992,0,0,0,0,0,0,0,0,0,0,0,0,0,0,0,0,22849.951171875,25147.078125,27788.26171875,30707.294921875,33740.32421875,41600,0,12304.1123046875,12862.7646484375,13072.5244140625,13393.3583984375,13758.6982421875,14366.3671875,15236.6943359375,15870.958984375,15990.177734375,15886.8857421875,15687.771484375,15423.9228515625,14948.796875,14595.244140625,14340.7880859375,14130.9169921875,13905.486328125,13525.3974609375,14144,14742.8603515625,15282.55859375,56200.5859375,58106.03125,59748.91015625,60772.8671875,62123.23828125,64074.296875,65646.25,66697.0234375,68185.1953125,69857.7734375,71737.8671875,20692.12109375,21118.0390625,21601.66796875,21368.123046875,21542.103515625,21841.248046875,21966.453125,21939.77734375,21896.48046875,21557.521484375,21366.236328125,21296.974609375,21257.72265625,21058.791015625,20756.71875,21051.384765625,21784.94921875,21933.37890625,21820.720703125,0,0,0,0,0,0,0,0,0,0,0,0,0,0,0,0,0,0,0,0,0,0,0,0,0,0
0,0,0,0,0,0,2206,22065,122065,222065,6114.6962890625,46,43,1946,1949,5,6,7,8,9,10,11,12,13,14,15,16,17,18,19,20,21,22,23,24,25,26,27,28,29,30,31,32,33,34,35,36,37,38,39,40,41,42,43,44,45,46,47,48,49,50,51,52,53,54,55,56,57,58,59,60,61,62,63,64,65,66,67,68,69,70,71,72,73,74,75,76,77,78,79,80,81,82,83,84,85,86,87,88,89,90,91,92,93,94,95,96,97,98,99,100,101,102,103,104,105,106,107,108,109,110,111,112,113,114,115,116,117,118,119,120,121,122,123,124,125,126,127,128,129,130,131,132,133,134,135,136,137,138,139,140,141,142,143,144,145,146,147,1,2,1,9999,9999,1,1992,0,0,0,0,0,0,0,0,0,0,0,0,0,0,0,0,0,0,0,0,0,11317.40234375,12455.412109375,14339.1357421875,16172.3408203125,17732.236328125,19600.150390625,21722.66796875,24470.802734375,28000,0,0,0,0,33187.40234375,33196.05078125,33449.84375,33920.1640625,34495.1015625,36621.71875,38429.8671875,40000,41499.11328125,42817.56640625,44117.3515625,45400.296875,46466.15625,47042,47862.90234375,49135.76171875,50106.38671875,50670.8828125,51559.8203125,52578.10546875,53741.22265625,54809.9765625,55677.16015625,56686.55078125,55812.109375,56004,56516.81640625,56575.5859375,56243.28125,55870.43359375,54748.90625,54009.91796875,53583.69921875,53235.3359375,52491.19140625,51496.8359375,51984.20703125,0,0,0,0,0,0,0,0,0,0,0,0,0,0,0,0,0,0,0,0,0,0,0,0,0,0,0,0,0
0,0,0,0,0,0,2206,22065,222065,122065,6114.6962890625,43,46,1949,1946,2,3,4,5,6,7,8,9,10,11,12,13,14,15,16,17,18,19,20,21,22,23,24,25,26,27,28,29,30,31,32,33,34,35,36,37,38,39,40,41,42,43,44,45,46,47,48,49,50,51,52,53,54,55,56,57,58,59,60,61,62,63,64,65,66,67,68,69,70,71,72,73,74,75,76,77,78,79,80,81,82,83,84,85,86,87,88,89,90,91,92,93,94,95,96,97,98,99,100,101,102,103,104,105,106,107,108,109,110,111,112,113,114,115,116,117,118,119,120,121,122,123,124,125,126,127,128,129,130,131,132,133,134,135,136,137,138,139,140,141,142,143,144,2,1,1,,9999,2,1992,0,0,0,0,0,0,0,0,0,0,0,0,0,0,0,0,15994.962890625,17602.951171875,19451.779296875,21495.1015625,23618.22265625,29120,0,8942.396484375,9525.5615234375,9864.3466796875,10297.955078125,10779.333984375,11468.6875,12393.9736328125,13154.55078125,13504.4951171875,13671.5224609375,13755.9951171875,13780.9345703125,13609.5029296875,13539.431640625,13555.474609375,13610.21875,13646.8720703125,13525.3974609375,14144,14742.8603515625,15282.55859375,15820.296875,16356.658203125,16819.123046875,17107.380859375,17487.505859375,18036.705078125,18479.20703125,18775.01171875,19193.927734375,19664.736328125,20193.9765625,20692.12109375,21118.0390625,21601.66796875,21368.123046875,21542.103515625,21841.248046875,21966.453125,21939.77734375,21896.48046875,21557.521484375,21366.236328125,21296.974609375,21257.72265625,21058.791015625,20756.71875,21051.384765625,21784.94921875,21933.37890625,21820.720703125,0,0,0,0,0,0,0,0,0,0,0,0,0,0,0,0,0,0,0,0,0,0,0,0,0,0
0,0,0,0,0,0,2253,22531,122531,0,5831.607421875,34,0,1958,0,0,0,0,0,0,0,0,0,1,2,3,4,5,6,7,8,9,10,11,12,13,14,15,16,17,18,19,20,21,22,23,24,25,26,27,28,29,30,31,32,33,34,35,36,37,38,39,40,41,42,43,44,45,46,47,48,49,50,51,52,53,54,55,56,57,58,59,60,61,62,63,64,65,66,67,68,69,70,71,72,73,74,75,76,77,78,79,80,81,82,83,84,85,86,87,88,89,90,91,92,93,94,95,96,97,98,99,100,101,102,103,104,105,106,107,108,109,110,111,112,113,114,115,116,117,118,119,120,121,122,123,124,125,126,127,128,129,130,131,132,133,134,135,2,0,0,2023,2023,1,1992,0,0,0,0,0,0,0,0,0,0,0,0,0,0,0,0,0,0,0,0,0,0,0,0,0,6265.36083984375,7056.1142578125,7967.88427734375,9145.37890625,10661.9208984375,12207.7998046875,13520,0,0,0,0,13136.40234375,13069.732421875,14564.9169921875,14512.826171875,14293.693359375,13572,14346.5107421875,15081.7978515625,15833.05078125,16601.125,17311.6640625,17857.138671875,18511.8046875,19362.9296875,20118.244140625,20729.056640625,21490.97265625,22329.205078125,23254.099609375,24164.35546875,25010.17578125,25944.3828125,26026.451171875,26609.064453125,27359.736328125,27905.33984375,28265.205078125,28607.978515625,28563.052734375,28709.546875,29020.78515625,29376.53125,29512.783203125,29500.4296875,30341.90625,31842.828125,32512.708984375,0,0,0,0,0,0,0,0,0,0,0,0,0,0,0,0,0,0,0,0,0,0,0,0,0,0,0
0,0,0,0,0,0,2253,22532,122532,0,5807.6513671875,34,0,1958,0,0,0,0,0,0,0,0,0,1,2,3,4,5,6,7,8,9,10,11,12,13,14,15,16,17,18,19,20,21,22,23,24,25,26,27,28,29,30,31,32,33,34,35,36,37,38,39,40,41,42,43,44,45,46,47,48,49,50,51,52,53,54,55,56,57,58,59,60,61,62,63,64,65,66,67,68,69,70,71,72,73,74,75,76,77,78,79,80,81,82,83,84,85,86,87,88,89,90,91,92,93,94,95,96,97,98,99,100,101,102,103,104,105,106,107,108,109,110,111,112,113,114,115,116,117,118,119,120,121,122,123,124,125,126,127,128,129,130,131,132,133,134,135,2,0,0,2023,2023,1,1992,0,0,0,0,0,0,0,0,0,0,0,0,0,0,0,0,0,0,0,0,0,0,0,0,0,6265.36083984375,7056.1142578125,7967.88427734375,9145.37890625,10661.9208984375,12207.7998046875,13520,0,0,0,0,13136.40234375,13069.732421875,14564.9169921875,14512.826171875,14293.693359375,13572,14346.5107421875,15081.7978515625,15833.05078125,16601.125,17311.6640625,17857.138671875,18511.8046875,19362.9296875,20118.244140625,20729.056640625,21490.97265625,22329.205078125,23254.099609375,24164.35546875,25010.17578125,25944.3828125,26026.451171875,26609.064453125,27359.736328125,27905.33984375,28265.205078125,28607.978515625,28563.052734375,28709.546875,29020.78515625,29376.53125,29512.783203125,29500.4296875,30341.90625,31842.828125,32512.708984375,0,0,0,0,0,0,0,0,0,0,0,0,0,0,0,0,0,0,0,0,0,0,0,0,0,0,0
0,0,0,0,0,0,2253,22533,122533,0,5802.61865234375,34,0,1958,0,0,0,0,0,0,0,0,0,1,2,3,4,5,6,7,8,9,10,11,12,13,14,15,16,17,18,19,20,21,22,23,24,25,26,27,28,29,30,31,32,33,34,35,36,37,38,39,40,41,42,43,44,45,46,47,48,49,50,51,52,53,54,55,56,57,58,59,60,61,62,63,64,65,66,67,68,69,70,71,72,73,74,75,76,77,78,79,80,81,82,83,84,85,86,87,88,89,90,91,92,93,94,95,96,97,98,99,100,101,102,103,104,105,106,107,108,109,110,111,112,113,114,115,116,117,118,119,120,121,122,123,124,125,126,127,128,129,130,131,132,133,134,135,2,0,0,2023,2023,1,1992,0,0,0,0,0,0,0,0,0,0,0,0,0,0,0,0,0,0,0,0,0,0,0,0,0,6265.36083984375,7056.1142578125,7967.88427734375,9145.37890625,10661.9208984375,12207.7998046875,13520,0,0,0,0,13136.40234375,13069.732421875,14564.9169921875,14512.826171875,14293.693359375,13572,14346.5107421875,15081.7978515625,15833.05078125,16601.125,17311.6640625,17857.138671875,18511.8046875,19362.9296875,20118.244140625,20729.056640625,21490.97265625,22329.205078125,23254.099609375,24164.35546875,25010.17578125,25944.3828125,26026.451171875,26609.064453125,27359.736328125,27905.33984375,28265.205078125,28607.978515625,28563.052734375,28709.546875,29020.78515625,29376.53125,29512.783203125,29500.4296875,30341.90625,31842.828125,32512.708984375,0,0,0,0,0,0,0,0,0,0,0,0,0,0,0,0,0,0,0,0,0,0,0,0,0,0,0
0,0,0,0,0,0,2253,22534,122534,0,5849.60546875,34,0,1958,0,0,0,0,0,0,0,0,0,1,2,3,4,5,6,7,8,9,10,11,12,13,14,15,16,17,18,19,20,21,22,23,24,25,26,27,28,29,30,31,32,33,34,35,36,37,38,39,40,41,42,43,44,45,46,47,48,49,50,51,52,53,54,55,56,57,58,59,60,61,62,63,64,65,66,67,68,69,70,71,72,73,74,75,76,77,78,79,80,81,82,83,84,85,86,87,88,89,90,91,92,93,94,95,96,97,98,99,100,101,102,103,104,105,106,107,108,109,110,111,112,113,114,115,116,117,118,119,120,121,122,123,124,125,126,127,128,129,130,131,132,133,134,135,2,0,0,2023,2023,1,1992,0,0,0,0,0,0,0,0,0,0,0,0,0,0,0,0,0,0,0,0,0,0,0,0,0,6265.36083984375,7056.1142578125,7967.88427734375,9145.37890625,10661.9208984375,12207.7998046875,13520,0,0,0,0,13136.40234375,13069.732421875,14564.9169921875,14512.826171875,14293.693359375,13572,14346.5107421875,15081.7978515625,15833.05078125,16601.125,17311.6640625,17857.138671875,18511.8046875,19362.9296875,20118.244140625,20729.056640625,21490.97265625,22329.205078125,23254.099609375,24164.35546875,25010.17578125,25944.3828125,26026.451171875,26609.064453125,27359.736328125,27905.33984375,28265.205078125,28607.978515625,28563.052734375,28709.546875,29020.78515625,29376.53125,29512.783203125,29500.4296875,30341.90625,31842.828125,32512.708984375,0,0,0,0,0,0,0,0,0,0,0,0,0,0,0,0,0,0,0,0,0,0,0,0,0,0,0
0,0,0,0,0,0,2253,22535,122535,0,5818.8564453125,34,0,1958,0,0,0,0,0,0,0,0,0,1,2,3,4,5,6,7,8,9,10,11,12,13,14,15,16,17,18,19,20,21,22,23,24,25,26,27,28,29,30,31,32,33,34,35,36,37,38,39,40,41,42,43,44,45,46,47,48,49,50,51,52,53,54,55,56,57,58,59,60,61,62,63,64,65,66,67,68,69,70,71,72,73,74,75,76,77,78,79,80,81,82,83,84,85,86,87,88,89,90,91,92,93,94,95,96,97,98,99,100,101,102,103,104,105,106,107,108,109,110,111,112,113,114,115,116,117,118,119,120,121,122,123,124,125,126,127,128,129,130,131,132,133,134,135,2,0,0,2023,2023,1,1992,0,0,0,0,0,0,0,0,0,0,0,0,0,0,0,0,0,0,0,0,0,0,0,0,0,6265.36083984375,7056.1142578125,7967.88427734375,9145.37890625,10661.9208984375,12207.7998046875,13520,0,0,0,0,13136.40234375,13069.732421875,14564.9169921875,14512.826171875,14293.693359375,13572,14346.5107421875,15081.7978515625,15833.05078125,16601.125,17311.6640625,17857.138671875,18511.8046875,19362.9296875,20118.244140625,20729.056640625,21490.97265625,22329.205078125,23254.099609375,24164.35546875,25010.17578125,25944.3828125,26026.451171875,26609.064453125,27359.736328125,27905.33984375,28265.205078125,28607.978515625,28563.052734375,28709.546875,29020.78515625,29376.53125,29512.783203125,29500.4296875,30341.90625,31842.828125,32512.708984375,0,0,0,0,0,0,0,0,0,0,0,0,0,0,0,0,0,0,0,0,0,0,0,0,0,0,0
0,0,0,0,0,0,2338,23381,123381,0,8385.3857421875,27,0,1965,0,0,0,0,0,0,0,0,0,0,0,0,0,0,0,0,1,2,3,4,5,6,7,8,9,10,11,12,13,14,15,16,17,18,19,20,21,22,23,24,25,26,27,28,29,30,31,32,33,34,35,36,37,38,39,40,41,42,43,44,45,46,47,48,49,50,51,52,53,54,55,56,57,58,59,60,61,62,63,64,65,66,67,68,69,70,71,72,73,74,75,76,77,78,79,80,81,82,83,84,85,86,87,88,89,90,91,92,93,94,95,96,97,98,99,100,101,102,103,104,105,106,107,108,109,110,111,112,113,114,115,116,117,118,119,120,121,122,123,124,125,126,127,128,2,0,0,2024,2024,1,1992,0,0,0,0,0,0,0,0,0,0,0,0,0,0,0,0,0,0,0,0,0,0,0,0,0,0,0,0,0,0,0,0,0,9854.0107421875,10797.7734375,11662.4267578125,12688,0,18337.65625,20101.369140625,21777.72265625,23400,25058.943359375,26685.173828125,28375.12109375,30131.6171875,31819.37890625,33234.41015625,34882.2578125,36937.05859375,38848.30078125,40514.2890625,42509.62109375,44695.4140625,47098.109375,49516.44921875,51846.1640625,54403.2109375,55199.34765625,57074.49609375,59343.49609375,61200.27734375,62672.80859375,64125.4453125,64717.265625,65746.078125,67164.0390625,68701.703125,69738.5703125,70427.515625,73175.234375,77570.359375,79993.8046875,81505.546875,0,0,0,0,0,0,0,0,0,0,0,0,0,0,0,0,0,0,0,0,0,0,0,0,0,0
0,0,0,0,0,0,2338,23382,123382,0,8303.71484375,27,0,1965,0,0,0,0,0,0,0,0,0,0,0,0,0,0,0,0,1,2,3,4,5,6,7,8,9,10,11,12,13,14,15,16,17,18,19,20,21,22,23,24,25,26,27,28,29,30,31,32,33,34,35,36,37,38,39,40,41,42,43,44,45,46,47,48,49,50,51,52,53,54,55,56,57,58,59,60,61,62,63,64,65,66,67,68,69,70,71,72,73,74,75,76,77,78,79,80,81,82,83,84,85,86,87,88,89,90,91,92,93,94,95,96,97,98,99,100,101,102,103,104,105,106,107,108,109,110,111,112,113,114,115,116,117,118,119,120,121,122,123,124,125,126,127,128,2,0,0,2007,2026,1,1992,0,0,0,0,0,0,0,0,0,0,0,0,0,0,0,0,0,0,0,0,0,0,0,0,0,0,0,0,0,0,0,0,0,9854.0107421875,10797.7734375,11662.4267578125,12688,0,18337.65625,20101.369140625,21777.72265625,23400,25058.943359375,26685.173828125,28375.12109375,30131.6171875,31819.37890625,33234.41015625,34882.2578125,36937.05859375,38848.30078125,40514.2890625,42509.62109375,44695.4140625,47098.109375,49516.44921875,51846.1640625,15366.583984375,15591.4443359375,16121.0927734375,16761.98828125,17286.44921875,17702.375,18112.68359375,18279.84765625,18570.443359375,18970.955078125,19405.298828125,19698.1484375,19892.74609375,20668.859375,21910.294921875,22594.8125,23021.814453125,23310.830078125,23517.037109375,0,0,0,0,0,0,0,0,0,0,0,0,0,0,0,0,0,0,0,0,0,0,0,0
0,0,0,0,0,0,2338,23383,123383,0,8344.828125,27,0,1965,0,0,0,0,0,0,0,0,0,0,0,0,0,0,0,0,1,2,3,4,5,6,7,8,9,10,11,12,13,14,15,16,17,18,19,20,21,22,23,24,25,26,27,28,29,30,31,32,33,34,35,36,37,38,39,40,41,42,43,44,45,46,47,48,49,50,51,52,53,54,55,56,57,58,59,60,61,62,63,64,65,66,67,68,69,70,71,72,73,74,75,76,77,78,79,80,81,82,83,84,85,86,87,88,89,90,91,92,93,94,95,96,97,98,99,100,101,102,103,104,105,106,107,108,109,110,111,112,113,114,115,116,117,118,119,120,121,122,123,124,125,126,127,128,2,0,0,2028,2031,1,1992,0,0,0,0,0,0,0,0,0,0,0,0,0,0,0,0,0,0,0,0,0,0,0,0,0,0,0,0,0,0,0,0,0,9854.0107421875,10797.7734375,11662.4267578125,12688,0,18337.65625,20101.369140625,21777.72265625,23400,25058.943359375,26685.173828125,28375.12109375,30131.6171875,31819.37890625,33234.41015625,34882.2578125,36937.05859375,38848.30078125,40514.2890625,42509.62109375,44695.4140625,47098.109375,49516.44921875,51846.1640625,54403.2109375,55199.34765625,57074.49609375,59343.49609375,61200.27734375,62672.80859375,64125.4453125,64717.265625,65746.078125,67164.0390625,68701.703125,69738.5703125,70427.515625,73175.234375,77570.359375,79993.8046875,81505.546875,82528.765625,83258.8125,83791.1875,84192.9765625,23861.35546875,23904.603515625,23908.912109375,0,0,0,0,0,0,0,0,0,0,0,0,0,0,0,0,0,0,0
0,0,0,0,0,0,2338,23384,123384,0,8410.7255859375,27,0,1965,0,0,0,0,0,0,0,0,0,0,0,0,0,0,0,0,1,2,3,4,5,6,7,8,9,10,11,12,13,14,15,16,17,18,19,20,21,22,23,24,25,26,27,28,29,30,31,32,33,34,35,36,37,38,39,40,41,42,43,44,45,46,47,48,49,50,51,52,53,54,55,56,57,58,59,60,61,62,63,64,65,66,67,68,69,70,71,72,73,74,75,76,77,78,79,80,81,82,83,84,85,86,87,88,89,90,91,92,93,94,95,96,97,98,99,100,101,102,103,104,105,106,107,108,109,110,111,112,113,114,115,116,117,118,119,120,121,122,123,124,125,126,127,128,2,0,0,2007,2007,1,1992,0,0,0,0,0,0,0,0,0,0,0,0,0,0,0,0,0,0,0,0,0,0,0,0,0,0,0,0,0,0,0,0,0,9854.0107421875,10797.7734375,11662.4267578125,12688,0,18337.65625,20101.369140625,21777.72265625,23400,25058.943359375,26685.173828125,28375.12109375,30131.6171875,31819.37890625,33234.41015625,34882.2578125,36937.05859375,38848.30078125,40514.2890625,42509.62109375,44695.4140625,47098.109375,49516.44921875,51846.1640625,0,0,0,0,0,0,0,0,0,0,0,0,0,0,0,0,0,0,0,0,0,0,0,0,0,0,0,0,0,0,0,0,0,0,0,0,0,0,0,0,0,0,0
0,0,0,0,0,0,2338,23385,123385,0,8299.7998046875,27,0,1965,0,0,0,0,0,0,0,0,0,0,0,0,0,0,0,0,1,2,3,4,5,6,7,8,9,10,11,12,13,14,15,16,17,18,19,20,21,22,23,24,25,26,27,28,29,30,31,32,33,34,35,36,37,38,39,40,41,42,43,44,45,46,47,48,49,50,51,52,53,54,55,56,57,58,59,60,61,62,63,64,65,66,67,68,69,70,71,72,73,74,75,76,77,78,79,80,81,82,83,84,85,86,87,88,89,90,91,92,93,94,95,96,97,98,99,100,101,102,103,104,105,106,107,108,109,110,111,112,113,114,115,116,117,118,119,120,121,122,123,124,125,126,127,128,2,0,0,2028,2036,1,1992,0,0,0,0,0,0,0,0,0,0,0,0,0,0,0,0,0,0,0,0,0,0,0,0,0,0,0,0,0,0,0,0,0,9854.0107421875,10797.7734375,11662.4267578125,12688,0,18337.65625,20101.369140625,21777.72265625,23400,25058.943359375,26685.173828125,28375.12109375,30131.6171875,31819.37890625,33234.41015625,34882.2578125,36937.05859375,38848.30078125,40514.2890625,42509.62109375,44695.4140625,47098.109375,49516.44921875,51846.1640625,54403.2109375,55199.34765625,57074.49609375,59343.49609375,61200.27734375,62672.80859375,64125.4453125,64717.265625,65746.078125,67164.0390625,68701.703125,69738.5703125,70427.515625,73175.234375,77570.359375,79993.8046875,81505.546875,82528.765625,83258.8125,83791.1875,84192.9765625,23861.35546875,23904.603515625,23908.912109375,23873.787109375,23799.396484375,23685.955078125,23534.029296875,23344.333984375,0,0,0,0,0,0,0,0,0,0,0,0,0,0
0,0,0,0,0,0,2606,26061,126061,226061,9058.4462890625,57,48,1935,1944,16,17,18,19,20,21,22,23,24,25,26,27,28,29,30,31,32,33,34,35,36,37,38,39,40,41,42,43,44,45,46,47,48,49,50,51,52,53,54,55,56,57,58,59,60,61,62,63,64,65,66,67,68,69,70,71,72,73,74,75,76,77,78,79,80,81,82,83,84,85,86,87,88,89,90,91,92,93,94,95,96,97,98,99,100,101,102,103,104,105,106,107,108,109,110,111,112,113,114,115,116,117,118,119,120,121,122,123,124,125,126,127,128,129,130,131,132,133,134,135,136,137,138,139,140,141,142,143,144,145,146,147,148,149,150,151,152,153,154,155,156,157,158,1,2,1,1999,2010,1,1992,0,0,3026.53076171875,3227.320068359375,3420.566162109375,4107.533203125,4454.4765625,4791.72607421875,5102.44287109375,5432.93701171875,5741.41064453125,6066.09716796875,6400.68994140625,6760,0,0,0,8661.2412109375,9349.95703125,10094.103515625,10836.1796875,11521.330078125,12464.27734375,14105.40234375,15638.263671875,16855.15234375,18313.935546875,19952.099609375,22094.123046875,24850.779296875,27451.837890625,29331.923828125,30906.16015625,32365.814453125,33747.30859375,34687.22265625,35916.47265625,37426.078125,39110.2578125,40815.53515625,42102.58984375,0,43932.40234375,44557.546875,45129.6796875,45652.5078125,45929.93359375,45708.6484375,45715.63671875,12986.4462890625,13017.837890625,12940.7001953125,12943.8603515625,12975.09375,13036.669921875,13069.88671875,13050.9716796875,13061.6767578125,12641.5537109375,12469.3720703125,0,0,0,0,0,0,0,0,0,0,0,0,0,0,0,0,0,0,0,0,0,0,0,0,0,0,0,0,0,0,0,0,0,0,0,0,0,0,0,0
0,0,0,0,0,0,2606,26061,226061,126061,9058.4462890625,48,57,1944,1935,7,8,9,10,11,12,13,14,15,16,17,18,19,20,21,22,23,24,25,26,27,28,29,30,31,32,33,34,35,36,37,38,39,40,41,42,43,44,45,46,47,48,49,50,51,52,53,54,55,56,57,58,59,60,61,62,63,64,65,66,67,68,69,70,71,72,73,74,75,76,77,78,79,80,81,82,83,84,85,86,87,88,89,90,91,92,93,94,95,96,97,98,99,100,101,102,103,104,105,106,107,108,109,110,111,112,113,114,115,116,117,118,119,120,121,122,123,124,125,126,127,128,129,130,131,132,133,134,135,136,137,138,139,140,141,142,143,144,145,146,147,148,149,2,1,1,1999,1999,2,1992,0,0,0,0,0,0,0,0,0,0,0,0,0,0,0,0,0,0,0,0,0,10680,5159.521484375,5921.3447265625,6657.5791015625,7277.01025390625,8018.53369140625,8859.205078125,11111.9755859375,12674.984375,14199.4453125,15386.2578125,16441.083984375,17460.830078125,18463.34765625,19245.68359375,20209.259765625,21356.201171875,22632.517578125,23953.017578125,25057.42578125,26000,26890.474609375,27658.443359375,28409.345703125,29144.49609375,29735.87109375,30010.646484375,30439.328125,0,0,0,0,0,0,0,0,0,0,0,0,0,0,0,0,0,0,0,0,0,0,0,0,0,0,0,0,0,0,0,0,0,0,0,0,0,0,0,0,0,0,0,0,0,0,0,0,0,0,0
0,0,0,0,0,0,2606,26062,126062,226062,8791.8984375,57,48,1935,1944,16,17,18,19,20,21,22,23,24,25,26,27,28,29,30,31,32,33,34,35,36,37,38,39,40,41,42,43,44,45,46,47,48,49,50,51,52,53,54,55,56,57,58,59,60,61,62,63,64,65,66,67,68,69,70,71,72,73,74,75,76,77,78,79,80,81,82,83,84,85,86,87,88,89,90,91,92,93,94,95,96,97,98,99,100,101,102,103,104,105,106,107,108,109,110,111,112,113,114,115,116,117,118,119,120,121,122,123,124,125,126,127,128,129,130,131,132,133,134,135,136,137,138,139,140,141,142,143,144,145,146,147,148,149,150,151,152,153,154,155,156,157,158,1,2,1,1999,2006,1,1992,0,0,4656.20263671875,4965.109375,5262.4111328125,6319.2841796875,6853.04345703125,7371.888671875,7849.9150390625,8358.3671875,8832.9423828125,9332.4609375,9847.21875,10400,0,0,0,13324.9921875,14384.5537109375,15529.39453125,16671.05078125,17725.12890625,19175.818359375,21700.626953125,24058.875,25931.01171875,28175.296875,30695.546875,33990.97265625,38231.98046875,42233.609375,45126.05078125,47547.953125,49793.578125,51918.95703125,53364.98046875,55256.12890625,57578.60546875,60169.6484375,62793.15625,64773.234375,0,67588.3359375,68550.09375,69430.3046875,70234.6484375,70661.4609375,70321.0234375,70331.7734375,19979.15625,20027.44921875,19908.77734375,19913.638671875,19961.689453125,20056.421875,20107.525390625,0,0,0,0,0,0,0,0,0,0,0,0,0,0,0,0,0,0,0,0,0,0,0,0,0,0,0,0,0,0,0,0,0,0,0,0,0,0,0,0,0,0,0,0
0,0,0,0,0,0,2606,26062,226062,126062,8791.8984375,48,57,1944,1935,7,8,9,10,11,12,13,14,15,16,17,18,19,20,21,22,23,24,25,26,27,28,29,30,31,32,33,34,35,36,37,38,39,40,41,42,43,44,45,46,47,48,49,50,51,52,53,54,55,56,57,58,59,60,61,62,63,64,65,66,67,68,69,70,71,72,73,74,75,76,77,78,79,80,81,82,83,84,85,86,87,88,89,90,91,92,93,94,95,96,97,98,99,100,101,102,103,104,105,106,107,108,109,110,111,112,113,114,115,116,117,118,119,120,121,122,123,124,125,126,127,128,129,130,131,132,133,134,135,136,137,138,139,140,141,142,143,144,145,146,147,148,149,2,1,1,1999,1999,2,1992,0,0,0,0,0,0,0,0,0,0,0,0,0,0,0,0,0,0,0,0,0,4000,9525.2646484375,10931.70703125,12290.9072265625,13434.47265625,14803.4375,16355.4462890625,20514.404296875,23399.95703125,26214.34375,28405.3828125,30352.751953125,32235.359375,34086.15625,35530.47265625,37309.37890625,39426.80859375,41783.0859375,44220.9296875,46259.83203125,48000,49643.921875,51061.7109375,52447.9921875,53805.19140625,54896.9609375,55404.23828125,56195.6484375,0,0,0,0,0,0,0,0,0,0,0,0,0,0,0,0,0,0,0,0,0,0,0,0,0,0,0,0,0,0,0,0,0,0,0,0,0,0,0,0,0,0,0,0,0,0,0,0,0,0,0
0,0,0,0,0,0,2606,26063,126063,226063,8902.5400390625,57,48,1935,1944,16,17,18,19,20,21,22,23,24,25,26,27,28,29,30,31,32,33,34,35,36,37,38,39,40,41,42,43,44,45,46,47,48,49,50,51,52,53,54,55,56,57,58,59,60,61,62,63,64,65,66,67,68,69,70,71,72,73,74,75,76,77,78,79,80,81,82,83,84,85,86,87,88,89,90,91,92,93,94,95,96,97,98,99,100,101,102,103,104,105,106,107,108,109,110,111,112,113,114,115,116,117,118,119,120,121,122,123,124,125,126,127,128,129,130,131,132,133,134,135,136,137,138,139,140,141,142,143,144,145,146,147,148,149,150,151,152,153,154,155,156,157,158,1,2,1,1998,2006,1,1992,0,0,2095.291259765625,2495.49755859375,2644.9208984375,2843.677978515625,3083.86962890625,3317.35009765625,3532.4619140625,3761.265380859375,3974.823974609375,4199.607421875,4431.24853515625,4680,0,0,0,5996.24609375,6473.04931640625,6988.2275390625,7501.97314453125,7976.30810546875,8629.1181640625,9765.2822265625,10826.494140625,11668.955078125,11351.8134765625,12367.232421875,15295.9375,17204.390625,19005.125,20306.72265625,21396.580078125,22407.111328125,23363.529296875,24014.240234375,24865.2578125,25910.373046875,27076.341796875,28256.919921875,29147.95703125,0,30414.751953125,30847.54296875,31243.63671875,31605.59375,31797.658203125,31644.4609375,8909.1826171875,8990.6201171875,9012.3525390625,8958.94921875,8961.1376953125,8982.7607421875,9025.3896484375,9048.38671875,0,0,0,0,0,0,0,0,0,0,0,0,0,0,0,0,0,0,0,0,0,0,0,0,0,0,0,0,0,0,0,0,0,0,0,0,0,0,0,0,0,0,0,0
0,0,0,0,0,0,2606,26063,226063,126063,8902.5400390625,48,57,1944,1935,7,8,9,10,11,12,13,14,15,16,17,18,19,20,21,22,23,24,25,26,27,28,29,30,31,32,33,34,35,36,37,38,39,40,41,42,43,44,45,46,47,48,49,50,51,52,53,54,55,56,57,58,59,60,61,62,63,64,65,66,67,68,69,70,71,72,73,74,75,76,77,78,79,80,81,82,83,84,85,86,87,88,89,90,91,92,93,94,95,96,97,98,99,100,101,102,103,104,105,106,107,108,109,110,111,112,113,114,115,116,117,118,119,120,121,122,123,124,125,126,127,128,129,130,131,132,133,134,135,136,137,138,139,140,141,142,143,144,145,146,147,148,149,2,1,1,1999,1999,2,1992,0,0,0,0,0,0,0,0,0,0,0,0,0,0,0,0,0,0,0,0,0,7800,5159.521484375,5921.3447265625,6657.5791015625,7277.01025390625,8018.53369140625,8859.205078125,11111.9755859375,12674.984375,14199.4453125,15386.2578125,16441.083984375,17460.830078125,18463.34765625,19245.68359375,20209.259765625,21356.201171875,22632.517578125,23953.017578125,25057.42578125,26000,26890.474609375,27658.443359375,28409.345703125,29144.49609375,29735.87109375,30010.646484375,30439.328125,0,0,0,0,0,0,0,0,0,0,0,0,0,0,0,0,0,0,0,0,0,0,0,0,0,0,0,0,0,0,0,0,0,0,0,0,0,0,0,0,0,0,0,0,0,0,0,0,0,0,0
0,0,0,0,0,0,2606,26064,126064,226064,5719.65771484375,57,48,1935,1944,16,17,18,19,20,21,22,23,24,25,26,27,28,29,30,31,32,33,34,35,36,37,38,39,40,41,42,43,44,45,46,47,48,49,50,51,52,53,54,55,56,57,58,59,60,61,62,63,64,65,66,67,68,69,70,71,72,73,74,75,76,77,78,79,80,81,82,83,84,85,86,87,88,89,90,91,92,93,94,95,96,97,98,99,100,101,102,103,104,105,106,107,108,109,110,111,112,113,114,115,116,117,118,119,120,121,122,123,124,125,126,127,128,129,130,131,132,133,134,135,136,137,138,139,140,141,142,143,144,145,146,147,148,149,150,151,152,153,154,155,156,157,158,1,2,1,2005,9999,1,1992,0,0,2560.910400390625,2730.80908203125,3232.679443359375,3475.60498046875,3769.172119140625,4054.537109375,4317.451171875,4597.10009765625,4858.1162109375,5132.85107421875,5415.9677734375,5720,0,0,0,7328.7421875,7911.5009765625,8541.1630859375,9169.07421875,9748.81640625,10546.6953125,11935.33984375,13232.3759765625,14262.0498046875,15496.40625,15115.5,18695.025390625,21027.580078125,23228.4765625,24819.318359375,26151.36328125,27386.455078125,28555.412109375,29350.7265625,30390.857421875,31668.21875,33093.29296875,34536.21875,35625.265625,0,37173.56640625,37702.53515625,38186.6484375,38629.0390625,38863.7890625,38676.546875,38682.45703125,39036.0859375,39130.4453125,38898.57421875,38908.07421875,39001.95703125,39187.05078125,11059.1337890625,11043.12890625,11052.1875,10696.6982421875,10551.0068359375,0,0,0,0,0,0,0,0,0,0,0,0,0,0,0,0,0,0,0,0,0,0,0,0,0,0,0,0,0,0,0,0,0,0,0,0,0,0,0,0
0,0,0,0,0,0,2606,26064,226064,126064,5719.65771484375,48,57,1944,1935,7,8,9,10,11,12,13,14,15,16,17,18,19,20,21,22,23,24,25,26,27,28,29,30,31,32,33,34,35,36,37,38,39,40,41,42,43,44,45,46,47,48,49,50,51,52,53,54,55,56,57,58,59,60,61,62,63,64,65,66,67,68,69,70,71,72,73,74,75,76,77,78,79,80,81,82,83,84,85,86,87,88,89,90,91,92,93,94,95,96,97,98,99,100,101,102,103,104,105,106,107,108,109,110,111,112,113,114,115,116,117,118,119,120,121,122,123,124,125,126,127,128,129,130,131,132,133,134,135,136,137,138,139,140,141,142,143,144,145,146,147,148,149,2,1,1,1999,1999,2,1992,0,0,0,0,0,0,0,0,0,0,0,0,0,0,0,0,0,0,0,0,0,9600,4961.078125,5693.60009765625,6401.517578125,6997.12451171875,7710.1279296875,8518.4658203125,10684.5908203125,12187.4833984375,13653.3115234375,14794.4775390625,15808.732421875,16789.2578125,17753.216796875,18505.462890625,19431.978515625,20534.806640625,21762.03515625,23031.744140625,24093.67578125,25000,25856.22265625,26594.654296875,27316.67578125,28023.55078125,28592.181640625,28856.388671875,29268.58203125,0,0,0,0,0,0,0,0,0,0,0,0,0,0,0,0,0,0,0,0,0,0,0,0,0,0,0,0,0,0,0,0,0,0,0,0,0,0,0,0,0,0,0,0,0,0,0,0,0,0,0
0,0,0,0,0,0,2606,26065,126065,226065,8783.8837890625,57,48,1935,1944,16,17,18,19,20,21,22,23,24,25,26,27,28,29,30,31,32,33,34,35,36,37,38,39,40,41,42,43,44,45,46,47,48,49,50,51,52,53,54,55,56,57,58,59,60,61,62,63,64,65,66,67,68,69,70,71,72,73,74,75,76,77,78,79,80,81,82,83,84,85,86,87,88,89,90,91,92,93,94,95,96,97,98,99,100,101,102,103,104,105,106,107,108,109,110,111,112,113,114,115,116,117,118,119,120,121,122,123,124,125,126,127,128,129,130,131,132,133,134,135,136,137,138,139,140,141,142,143,144,145,146,147,148,149,150,151,152,153,154,155,156,157,158,1,2,1,2004,2009,1,1992,0,0,1862.4801025390625,1986.0428466796875,2104.96337890625,2527.71240234375,2741.216064453125,2948.754150390625,3139.96435546875,3343.34521484375,3533.175048828125,3732.982421875,3938.885498046875,4160,0,0,0,5329.994140625,5753.81884765625,6211.7548828125,6668.4169921875,7090.04833984375,7670.3232421875,8680.24609375,9623.544921875,10372.3994140625,11270.11328125,12278.212890625,13596.3818359375,15292.7841796875,16893.435546875,18050.412109375,19019.171875,19917.421875,20767.572265625,21345.98046875,22102.44140625,23031.4296875,24067.84765625,25117.25,25909.28125,0,27035.3203125,27420.025390625,27772.107421875,28093.845703125,28264.5703125,28128.396484375,28132.6953125,28389.876953125,28458.501953125,28289.87109375,28296.779296875,28365.05859375,8022.56494140625,8043.00634765625,8031.36572265625,8037.95361328125,7779.41650390625,0,0,0,0,0,0,0,0,0,0,0,0,0,0,0,0,0,0,0,0,0,0,0,0,0,0,0,0,0,0,0,0,0,0,0,0,0,0,0,0,0
0,0,0,0,0,0,2606,26065,226065,126065,8783.8837890625,48,57,1944,1935,7,8,9,10,11,12,13,14,15,16,17,18,19,20,21,22,23,24,25,26,27,28,29,30,31,32,33,34,35,36,37,38,39,40,41,42,43,44,45,46,47,48,49,50,51,52,53,54,55,56,57,58,59,60,61,62,63,64,65,66,67,68,69,70,71,72,73,74,75,76,77,78,79,80,81,82,83,84,85,86,87,88,89,90,91,92,93,94,95,96,97,98,99,100,101,102,103,104,105,106,107,108,109,110,111,112,113,114,115,116,117,118,119,120,121,122,123,124,125,126,127,128,129,130,131,132,133,134,135,136,137,138,139,140,141,142,143,144,145,146,147,148,149,2,1,1,1999,1999,2,1992,0,0,0,0,0,0,0,0,0,0,0,0,0,0,0,0,0,0,0,0,0,10000,4167.3046875,4782.623046875,5377.2734375,5877.58349609375,6476.505859375,7155.509765625,8975.0537109375,10237.484375,11468.779296875,12427.3583984375,13279.3330078125,14102.9736328125,14912.6982421875,15544.5859375,16322.8583984375,17249.234375,18280.10546875,19346.662109375,20238.68359375,21000,21719.22265625,22339.50390625,22946.001953125,23539.77734375,24017.427734375,24239.361328125,24585.603515625,0,0,0,0,0,0,0,0,0,0,0,0,0,0,0,0,0,0,0,0,0,0,0,0,0,0,0,0,0,0,0,0,0,0,0,0,0,0,0,0,0,0,0,0,0,0,0,0,0,0,0
0,0,0,0,0,0,2732,27321,127321,227321,1219.4068603515625,55,51,1937,1941,14,15,16,17,18,19,20,21,22,23,24,25,26,27,28,29,30,31,32,33,34,35,36,37,38,39,40,41,42,43,44,45,46,47,48,49,50,51,52,53,54,55,56,57,58,59,60,61,62,63,64,65,66,67,68,69,70,71,72,73,74,75,76,77,78,79,80,81,82,83,84,85,86,87,88,89,90,91,92,93,94,95,96,97,98,99,100,101,102,103,104,105,106,107,108,109,110,111,112,113,114,115,116,117,118,119,120,121,122,123,124,125,126,127,128,129,130,131,132,133,134,135,136,137,138,139,140,141,142,143,144,145,146,147,148,149,150,151,152,153,154,155,156,1,2,1,,1997,1,1992,0,0,0,0,0,0,0,0,0,16280.4560546875,19276.146484375,20429.837890625,21624.013671875,22909.20703125,24231.333984375,25864.10546875,27559.412109375,29720.72265625,32184.203125,34854.17578125,37533.33984375,40031.10546875,43442.6171875,49316.0546875,54846.046875,59298.45703125,64631.81640625,70632.921875,78460.2578125,88525.109375,98096.125,105141.6796875,111130.5234375,116742.5546875,122105.6484375,125898.2421875,130766.8671875,136688.75,143285.765625,150000,215324.953125,221000,226088.453125,230021.609375,233702.609375,237148.453125,239334.34375,0,0,0,0,0,0,0,0,0,0,0,0,0,0,0,0,0,0,0,0,0,0,0,0,0,0,0,0,0,0,0,0,0,0,0,0,0,0,0,0,0,0,0,0,0,0,0,0,0,0,0,0,0
0,0,0,0,0,0,2732,27321,227321,127321,1219.4068603515625,51,55,1941,1937,10,11,12,13,14,15,16,17,18,19,20,21,22,23,24,25,26,27,28,29,30,31,32,33,34,35,36,37,38,39,40,41,42,43,44,45,46,47,48,49,50,51,52,53,54,55,56,57,58,59,60,61,62,63,64,65,66,67,68,69,70,71,72,73,74,75,76,77,78,79,80,81,82,83,84,85,86,87,88,89,90,91,92,93,94,95,96,97,98,99,100,101,102,103,104,105,106,107,108,109,110,111,112,113,114,115,116,117,118,119,120,121,122,123,124,125,126,127,128,129,130,131,132,133,134,135,136,137,138,139,140,141,142,143,144,145,146,147,148,149,150,151,152,2,1,1,,,2,1992,0,0,0,0,0,0,0,0,3344.221923828125,3600,0,0,0,0,0,0,0,0,0,0,0,0,0,0,0,0,0,0,0,0,0,0,0,0,0,0,0,0,0,0,0,0,0,0,0,0,0,0,0,0,0,0,0,0,0,0,0,0,0,0,0,0,0,0,0,0,0,0,0,0,0,0,0,0,0,0,0,0,0,0,0,0,0,0,0,0,0,0,0,0,0,0,0,0,0,0,0,0,0,0
0,0,0,0,0,0,2732,27322,127322,227322,1014.7328491210938,55,51,1937,1941,14,15,16,17,18,19,20,21,22,23,24,25,26,27,28,29,30,31,32,33,34,35,36,37,38,39,40,41,42,43,44,45,46,47,48,49,50,51,52,53,54,55,56,57,58,59,60,61,62,63,64,65,66,67,68,69,70,71,72,73,74,75,76,77,78,79,80,81,82,83,84,85,86,87,88,89,90,91,92,93,94,95,96,97,98,99,100,101,102,103,104,105,106,107,108,109,110,111,112,113,114,115,116,117,118,119,120,121,122,123,124,125,126,127,128,129,130,131,132,133,134,135,136,137,138,139,140,141,142,143,144,145,146,147,148,149,150,151,152,153,154,155,156,1,2,1,,1997,1,1992,0,0,0,0,0,0,0,0,0,16280.4560546875,19276.146484375,20429.837890625,21624.013671875,22909.20703125,24231.333984375,25864.10546875,27559.412109375,29720.72265625,32184.203125,34854.17578125,37533.33984375,40031.10546875,43442.6171875,49316.0546875,54846.046875,59298.45703125,64631.81640625,70632.921875,78460.2578125,88525.109375,98096.125,105141.6796875,111130.5234375,116742.5546875,122105.6484375,125898.2421875,130766.8671875,136688.75,143285.765625,150000,215324.953125,221000,226088.453125,230021.609375,233702.609375,237148.453125,239334.34375,0,0,0,0,0,0,0,0,0,0,0,0,0,0,0,0,0,0,0,0,0,0,0,0,0,0,0,0,0,0,0,0,0,0,0,0,0,0,0,0,0,0,0,0,0,0,0,0,0,0,0,0,0
0,0,0,0,0,0,2732,27322,227322,127322,1014.7328491210938,51,55,1941,1937,10,11,12,13,14,15,16,17,18,19,20,21,22,23,24,25,26,27,28,29,30,31,32,33,34,35,36,37,38,39,40,41,42,43,44,45,46,47,48,49,50,51,52,53,54,55,56,57,58,59,60,61,62,63,64,65,66,67,68,69,70,71,72,73,74,75,76,77,78,79,80,81,82,83,84,85,86,87,88,89,90,91,92,93,94,95,96,97,98,99,100,101,102,103,104,105,106,107,108,109,110,111,112,113,114,115,116,117,118,119,120,121,122,123,124,125,126,127,128,129,130,131,132,133,134,135,136,137,138,139,140,141,142,143,144,145,146,147,148,149,150,151,152,2,1,1,,,2,1992,0,0,0,0,0,0,0,0,3344.221923828125,3600,0,0,0,0,0,0,0,0,0,0,0,0,0,0,0,0,0,0,0,0,0,0,0,0,0,0,0,0,0,0,0,0,0,0,0,0,0,0,0,0,0,0,0,0,0,0,0,0,0,0,0,0,0,0,0,0,0,0,0,0,0,0,0,0,0,0,0,0,0,0,0,0,0,0,0,0,0,0,0,0,0,0,0,0,0,0,0,0,0,0
0,0,0,0,0,0,2732,27323,127323,227323,968.76220703125,55,51,1937,1941,14,15,16,17,18,19,20,21,22,23,24,25,26,27,28,29,30,31,32,33,34,35,36,37,38,39,40,41,42,43,44,45,46,47,48,49,50,51,52,53,54,55,56,57,58,59,60,61,62,63,64,65,66,67,68,69,70,71,72,73,74,75,76,77,78,79,80,81,82,83,84,85,86,87,88,89,90,91,92,93,94,95,96,97,98,99,100,101,102,103,104,105,106,107,108,109,110,111,112,113,114,115,116,117,118,119,120,121,122,123,124,125,126,127,128,129,130,131,132,133,134,135,136,137,138,139,140,141,142,143,144,145,146,147,148,149,150,151,152,153,154,155,156,1,2,1,,1997,1,1992,0,0,0,0,0,0,0,0,0,16280.4560546875,19276.146484375,20429.837890625,21624.013671875,22909.20703125,24231.333984375,25864.10546875,27559.412109375,29720.72265625,32184.203125,34854.17578125,37533.33984375,40031.10546875,43442.6171875,49316.0546875,54846.046875,59298.45703125,64631.81640625,70632.921875,78460.2578125,88525.109375,98096.125,105141.6796875,111130.5234375,116742.5546875,122105.6484375,125898.2421875,130766.8671875,136688.75,143285.765625,150000,215324.953125,221000,226088.453125,230021.609375,233702.609375,237148.453125,239334.34375,0,0,0,0,0,0,0,0,0,0,0,0,0,0,0,0,0,0,0,0,0,0,0,0,0,0,0,0,0,0,0,0,0,0,0,0,0,0,0,0,0,0,0,0,0,0,0,0,0,0,0,0,0
0,0,0,0,0,0,2732,27323,227323,127323,968.76220703125,51,55,1941,1937,10,11,12,13,14,15,16,17,18,19,20,21,22,23,24,25,26,27,28,29,30,31,32,33,34,35,36,37,38,39,40,41,42,43,44,45,46,47,48,49,50,51,52,53,54,55,56,57,58,59,60,61,62,63,64,65,66,67,68,69,70,71,72,73,74,75,76,77,78,79,80,81,82,83,84,85,86,87,88,89,90,91,92,93,94,95,96,97,98,99,100,101,102,103,104,105,106,107,108,109,110,111,112,113,114,115,116,117,118,119,120,121,122,123,124,125,126,127,128,129,130,131,132,133,134,135,136,137,138,139,140,141,142,143,144,145,146,147,148,149,150,151,152,2,1,1,,,2,1992,0,0,0,0,0,0,0,0,3344.221923828125,3600,0,0,0,0,0,0,0,0,0,0,0,0,0,0,0,0,0,0,0,0,0,0,0,0,0,0,0,0,0,0,0,0,0,0,0,0,0,0,0,0,0,0,0,0,0,0,0,0,0,0,0,0,0,0,0,0,0,0,0,0,0,0,0,0,0,0,0,0,0,0,0,0,0,0,0,0,0,0,0,0,0,0,0,0,0,0,0,0,0,0
0,0,0,0,0,0,2732,27324,127324,227324,979.76922607421875,55,51,1937,1941,14,15,16,17,18,19,20,21,22,23,24,25,26,27,28,29,30,31,32,33,34,35,36,37,38,39,40,41,42,43,44,45,46,47,48,49,50,51,52,53,54,55,56,57,58,59,60,61,62,63,64,65,66,67,68,69,70,71,72,73,74,75,76,77,78,79,80,81,82,83,84,85,86,87,88,89,90,91,92,93,94,95,96,97,98,99,100,101,102,103,104,105,106,107,108,109,110,111,112,113,114,115,116,117,118,119,120,121,122,123,124,125,126,127,128,129,130,131,132,133,134,135,136,137,138,139,140,141,142,143,144,145,146,147,148,149,150,151,152,153,154,155,156,1,2,1,,1997,1,1992,0,0,0,0,0,0,0,0,0,16280.4560546875,19276.146484375,20429.837890625,21624.013671875,22909.20703125,24231.333984375,25864.10546875,27559.412109375,29720.72265625,32184.203125,34854.17578125,37533.33984375,40031.10546875,43442.6171875,49316.0546875,54846.046875,59298.45703125,64631.81640625,70632.921875,78460.2578125,88525.109375,98096.125,105141.6796875,111130.5234375,116742.5546875,122105.6484375,125898.2421875,130766.8671875,136688.75,143285.765625,150000,215324.953125,221000,226088.453125,230021.609375,233702.609375,237148.453125,239334.34375,0,0,0,0,0,0,0,0,0,0,0,0,0,0,0,0,0,0,0,0,0,0,0,0,0,0,0,0,0,0,0,0,0,0,0,0,0,0,0,0,0,0,0,0,0,0,0,0,0,0,0,0,0
0,0,0,0,0,0,2732,27324,227324,127324,979.76922607421875,51,55,1941,1937,10,11,12,13,14,15,16,17,18,19,20,21,22,23,24,25,26,27,28,29,30,31,32,33,34,35,36,37,38,39,40,41,42,43,44,45,46,47,48,49,50,51,52,53,54,55,56,57,58,59,60,61,62,63,64,65,66,67,68,69,70,71,72,73,74,75,76,77,78,79,80,81,82,83,84,85,86,87,88,89,90,91,92,93,94,95,96,97,98,99,100,101,102,103,104,105,106,107,108,109,110,111,112,113,114,115,116,117,118,119,120,121,122,123,124,125,126,127,128,129,130,131,132,133,134,135,136,137,138,139,140,141,142,143,144,145,146,147,148,149,150,151,152,2,1,1,,,2,1992,0,0,0,0,0,0,0,0,3344.221923828125,3600,0,0,0,0,0,0,0,0,0,0,0,0,0,0,0,0,0,0,0,0,0,0,0,0,0,0,0,0,0,0,0,0,0,0,0,0,0,0,0,0,0,0,0,0,0,0,0,0,0,0,0,0,0,0,0,0,0,0,0,0,0,0,0,0,0,0,0,0,0,0,0,0,0,0,0,0,0,0,0,0,0,0,0,0,0,0,0,0,0,0
0,0,0,0,0,0,2732,27325,127325,227325,1072.3502197265625,55,51,1937,1941,14,15,16,17,18,19,20,21,22,23,24,25,26,27,28,29,30,31,32,33,34,35,36,37,38,39,40,41,42,43,44,45,46,47,48,49,50,51,52,53,54,55,56,57,58,59,60,61,62,63,64,65,66,67,68,69,70,71,72,73,74,75,76,77,78,79,80,81,82,83,84,85,86,87,88,89,90,91,92,93,94,95,96,97,98,99,100,101,102,103,104,105,106,107,108,109,110,111,112,113,114,115,116,117,118,119,120,121,122,123,124,125,126,127,128,129,130,131,132,133,134,135,136,137,138,139,140,141,142,143,144,145,146,147,148,149,150,151,152,153,154,155,156,1,2,1,,1997,1,1992,0,0,0,0,0,0,0,0,0,16280.4560546875,19276.146484375,20429.837890625,21624.013671875,22909.20703125,24231.333984375,25864.10546875,27559.412109375,29720.72265625,32184.203125,34854.17578125,37533.33984375,40031.10546875,43442.6171875,49316.0546875,54846.046875,59298.45703125,64631.81640625,70632.921875,78460.2578125,88525.109375,98096.125,105141.6796875,111130.5234375,116742.5546875,122105.6484375,125898.2421875,130766.8671875,136688.75,143285.765625,150000,215324.953125,221000,226088.453125,230021.609375,233702.609375,237148.453125,239334.34375,0,0,0,0,0,0,0,0,0,0,0,0,0,0,0,0,0,0,0,0,0,0,0,0,0,0,0,0,0,0,0,0,0,0,0,0,0,0,0,0,0,0,0,0,0,0,0,0,0,0,0,0,0
0,0,0,0,0,0,2732,27325,227325,127325,1072.3502197265625,51,55,1941,1937,10,11,12,13,14,15,16,17,18,19,20,21,22,23,24,25,26,27,28,29,30,31,32,33,34,35,36,37,38,39,40,41,42,43,44,45,46,47,48,49,50,51,52,53,54,55,56,57,58,59,60,61,62,63,64,65,66,67,68,69,70,71,72,73,74,75,76,77,78,79,80,81,82,83,84,85,86,87,88,89,90,91,92,93,94,95,96,97,98,99,100,101,102,103,104,105,106,107,108,109,110,111,112,113,114,115,116,117,118,119,120,121,122,123,124,125,126,127,128,129,130,131,132,133,134,135,136,137,138,139,140,141,142,143,144,145,146,147,148,149,150,151,152,2,1,1,,,2,1992,0,0,0,0,0,0,0,0,3344.221923828125,3600,0,0,0,0,0,0,0,0,0,0,0,0,0,0,0,0,0,0,0,0,0,0,0,0,0,0,0,0,0,0,0,0,0,0,0,0,0,0,0,0,0,0,0,0,0,0,0,0,0,0,0,0,0,0,0,0,0,0,0,0,0,0,0,0,0,0,0,0,0,0,0,0,0,0,0,0,0,0,0,0,0,0,0,0,0,0,0,0,0,0
0,0,0,0,0,0,2876,28761,128761,0,5858.7314453125,26,0,1966,0,0,0,0,0,0,0,0,0,0,0,0,0,0,0,0,0,1,2,3,4,5,6,7,8,9,10,11,12,13,14,15,16,17,18,19,20,21,22,23,24,25,26,27,28,29,30,31,32,33,34,35,36,37,38,39,40,41,42,43,44,45,46,47,48,49,50,51,52,53,54,55,56,57,58,59,60,61,62,63,64,65,66,67,68,69,70,71,72,73,74,75,76,77,78,79,80,81,82,83,84,85,86,87,88,89,90,91,92,93,94,95,96,97,98,99,100,101,102,103,104,105,106,107,108,109,110,111,112,113,114,115,116,117,118,119,120,121,122,123,124,125,126,127,2,0,0,2036,2056,1,1992,0,0,0,0,0,0,0,0,0,0,0,0,0,0,0,0,0,0,0,0,0,0,0,0,0,0,0,0,0,0,0,0,0,0,0,3110.216064453125,3389.344482421875,3716.666015625,4086.797607421875,4487.31396484375,17240.169921875,23000,19903.7265625,27716.48046875,29520.7109375,31400.24609375,33214.16796875,34748.875,36532.41796875,38748.70703125,40821.44921875,42642.80078125,44817.3125,47200.0703125,49820.10546875,52465.19921875,55024.984375,57834.8125,58778.625,60876.3515625,63401.73828125,65494.1484375,67181.4453125,68852.875,69603.734375,70827.796875,72475.5859375,74258.1171875,75504.0234375,76376.7109375,79488.40625,84402.7421875,87184.28125,88979.6015625,90246.2890625,91195.9765625,91931.703125,92525.9375,92993.3359375,93316.609375,93488.5234375,93506.390625,93369.921875,93079.375,92636.0234375,92042.03125,25788.41015625,25538.18359375,25248.421875,24920.546875,24556.1484375,0,0,0,0,0,0,0,0,0
0,0,0,0,0,0,2876,28762,128762,0,5834.66357421875,26,0,1966,0,0,0,0,0,0,0,0,0,0,0,0,0,0,0,0,0,1,2,3,4,5,6,7,8,9,10,11,12,13,14,15,16,17,18,19,20,21,22,23,24,25,26,27,28,29,30,31,32,33,34,35,36,37,38,39,40,41,42,43,44,45,46,47,48,49,50,51,52,53,54,55,56,57,58,59,60,61,62,63,64,65,66,67,68,69,70,71,72,73,74,75,76,77,78,79,80,81,82,83,84,85,86,87,88,89,90,91,92,93,94,95,96,97,98,99,100,101,102,103,104,105,106,107,108,109,110,111,112,113,114,115,116,117,118,119,120,121,122,123,124,125,126,127,2,0,0,2036,2056,1,1992,0,0,0,0,0,0,0,0,0,0,0,0,0,0,0,0,0,0,0,0,0,0,0,0,0,0,0,0,0,0,0,0,0,0,0,3110.216064453125,3389.344482421875,3716.666015625,4086.797607421875,4487.31396484375,17240.169921875,23000,19903.7265625,27716.48046875,29520.7109375,31400.24609375,33214.16796875,34748.875,36532.41796875,38748.70703125,40821.44921875,42642.80078125,44817.3125,47200.0703125,49820.10546875,52465.19921875,55024.984375,57834.8125,58778.625,60876.3515625,63401.73828125,65494.1484375,67181.4453125,68852.875,69603.734375,70827.796875,72475.5859375,74258.1171875,75504.0234375,76376.7109375,79488.40625,84402.7421875,87184.28125,88979.6015625,90246.2890625,91195.9765625,91931.703125,92525.9375,92993.3359375,93316.609375,93488.5234375,93506.390625,93369.921875,93079.375,92636.0234375,92042.03125,25788.41015625,25538.18359375,25248.421875,24920.546875,24556.1484375,0,0,0,0,0,0,0,0,0
0,0,0,0,0,0,2876,28763,128763,0,5829.60791015625,26,0,1966,0,0,0,0,0,0,0,0,0,0,0,0,0,0,0,0,0,1,2,3,4,5,6,7,8,9,10,11,12,13,14,15,16,17,18,19,20,21,22,23,24,25,26,27,28,29,30,31,32,33,34,35,36,37,38,39,40,41,42,43,44,45,46,47,48,49,50,51,52,53,54,55,56,57,58,59,60,61,62,63,64,65,66,67,68,69,70,71,72,73,74,75,76,77,78,79,80,81,82,83,84,85,86,87,88,89,90,91,92,93,94,95,96,97,98,99,100,101,102,103,104,105,106,107,108,109,110,111,112,113,114,115,116,117,118,119,120,121,122,123,124,125,126,127,2,0,0,2036,2056,1,1992,0,0,0,0,0,0,0,0,0,0,0,0,0,0,0,0,0,0,0,0,0,0,0,0,0,0,0,0,0,0,0,0,0,0,0,3855.24609375,4201.23779296875,4606.97119140625,5065.7607421875,5562.21826171875,21369.951171875,23000,24671.521484375,26316.26953125,28029.353515625,29813.935546875,31536.21875,32993.42578125,34686.8671875,36791.16015625,38759.1875,40488.5234375,42553.18359375,44815.56640625,47303.23828125,49814.75390625,52245.17578125,54913.05078125,55809.234375,57800.9375,60198.7421875,62185.4453125,63787.50390625,65374.49609375,66087.4140625,67249.640625,68814.1875,70506.671875,71689.703125,72518.2265625,75472.796875,80138.875,82779.8125,84484.4375,85687.2109375,86588.84375,87287.3984375,87851.703125,88295.3984375,88602.421875,88765.65625,88782.6171875,88652.9609375,88377.09375,87956.140625,87392.15625,24485.603515625,24248.017578125,23972.91796875,23661.607421875,23315.595703125,0,0,0,0,0,0,0,0,0
0,0,0,0,0,0,2876,28764,128764,0,5876.81298828125,26,0,1966,0,0,0,0,0,0,0,0,0,0,0,0,0,0,0,0,0,1,2,3,4,5,6,7,8,9,10,11,12,13,14,15,16,17,18,19,20,21,22,23,24,25,26,27,28,29,30,31,32,33,34,35,36,37,38,39,40,41,42,43,44,45,46,47,48,49,50,51,52,53,54,55,56,57,58,59,60,61,62,63,64,65,66,67,68,69,70,71,72,73,74,75,76,77,78,79,80,81,82,83,84,85,86,87,88,89,90,91,92,93,94,95,96,97,98,99,100,101,102,103,104,105,106,107,108,109,110,111,112,113,114,115,116,117,118,119,120,121,122,123,124,125,126,127,2,0,0,2036,2056,1,1992,0,0,0,0,0,0,0,0,0,0,0,0,0,0,0,0,0,0,0,0,0,0,0,0,0,0,0,0,0,0,0,0,0,0,0,3855.24609375,4201.23779296875,4606.97119140625,5065.7607421875,5562.21826171875,21369.951171875,23000,24671.521484375,26316.26953125,28029.353515625,29813.935546875,31536.21875,32993.42578125,34686.8671875,36791.16015625,38759.1875,40488.5234375,42553.18359375,44815.56640625,47303.23828125,49814.75390625,52245.17578125,54913.05078125,55809.234375,57800.9375,60198.7421875,62185.4453125,63787.50390625,65374.49609375,66087.4140625,67249.640625,68814.1875,70506.671875,71689.703125,72518.2265625,75472.796875,80138.875,82779.8125,84484.4375,85687.2109375,86588.84375,87287.3984375,87851.703125,88295.3984375,88602.421875,88765.65625,88782.6171875,88652.9609375,88377.09375,87956.140625,87392.15625,24485.603515625,24248.017578125,23972.91796875,23661.607421875,23315.595703125,0,0,0,0,0,0,0,0,0
0,0,0,0,0,0,2876,28765,128765,0,5845.9208984375,26,0,1966,0,0,0,0,0,0,0,0,0,0,0,0,0,0,0,0,0,1,2,3,4,5,6,7,8,9,10,11,12,13,14,15,16,17,18,19,20,21,22,23,24,25,26,27,28,29,30,31,32,33,34,35,36,37,38,39,40,41,42,43,44,45,46,47,48,49,50,51,52,53,54,55,56,57,58,59,60,61,62,63,64,65,66,67,68,69,70,71,72,73,74,75,76,77,78,79,80,81,82,83,84,85,86,87,88,89,90,91,92,93,94,95,96,97,98,99,100,101,102,103,104,105,106,107,108,109,110,111,112,113,114,115,116,117,118,119,120,121,122,123,124,125,126,127,2,0,0,2036,2056,1,1992,0,0,0,0,0,0,0,0,0,0,0,0,0,0,0,0,0,0,0,0,0,0,0,0,0,0,0,0,0,0,0,0,0,0,0,3855.24609375,4201.23779296875,4606.97119140625,5065.7607421875,5562.21826171875,21369.951171875,23000,24671.521484375,26316.26953125,28029.353515625,29813.935546875,31536.21875,32993.42578125,34686.8671875,36791.16015625,38759.1875,40488.5234375,42553.18359375,44815.56640625,47303.23828125,49814.75390625,52245.17578125,54913.05078125,55809.234375,57800.9375,60198.7421875,62185.4453125,63787.50390625,65374.49609375,66087.4140625,67249.640625,68814.1875,70506.671875,71689.703125,72518.2265625,75472.796875,80138.875,82779.8125,84484.4375,85687.2109375,86588.84375,87287.3984375,87851.703125,88295.3984375,88602.421875,88765.65625,88782.6171875,88652.9609375,88377.09375,87956.140625,87392.15625,24485.603515625,24248.017578125,23972.91796875,23661.607421875,23315.595703125,0,0,0,0,0,0,0,0,0
0,0,0,0,0,0,3146,31461,131461,231461,1116.2879638671875,43,43,1949,1949,2,3,4,5,6,7,8,9,10,11,12,13,14,15,16,17,18,19,20,21,22,23,24,25,26,27,28,29,30,31,32,33,34,35,36,37,38,39,40,41,42,43,44,45,46,47,48,49,50,51,52,53,54,55,56,57,58,59,60,61,62,63,64,65,66,67,68,69,70,71,72,73,74,75,76,77,78,79,80,81,82,83,84,85,86,87,88,89,90,91,92,93,94,95,96,97,98,99,100,101,102,103,104,105,106,107,108,109,110,111,112,113,114,115,116,117,118,119,120,121,122,123,124,125,126,127,128,129,130,131,132,133,134,135,136,137,138,139,140,141,142,143,144,1,2,1,2007,2012,1,1992,0,0,0,0,0,0,0,0,0,0,0,0,0,0,0,0,0,0,0,0,0,0,0,0,24215.080078125,26675.197265625,29623.35546875,32985.19921875,37332.3125,42916.63671875,48454.5625,52915.31640625,56985.3828125,60993.41796875,65000,91832.046875,97184.265625,103503.3046875,110547.40625,117912.6875,124314.390625,130000,135504.3125,140464.78125,145407.234375,150337.03125,154587.625,157237.046875,160730.84375,165778.640625,169845.75,172564.5625,176414.890625,180742.171875,185606.515625,190185.0625,194099.75,55889.78515625,55285.484375,55735.671875,56509.6484375,56833.58984375,0,0,0,0,0,0,0,0,0,0,0,0,0,0,0,0,0,0,0,0,0,0,0,0,0,0,0,0,0,0,0,0,0,0,0,0,0,0
0,0,0,0,0,0,3146,31461,231461,131461,1116.2879638671875,43,43,1949,1949,2,3,4,5,6,7,8,9,10,11,12,13,14,15,16,17,18,19,20,21,22,23,24,25,26,27,28,29,30,31,32,33,34,35,36,37,38,39,40,41,42,43,44,45,46,47,48,49,50,51,52,53,54,55,56,57,58,59,60,61,62,63,64,65,66,67,68,69,70,71,72,73,74,75,76,77,78,79,80,81,82,83,84,85,86,87,88,89,90,91,92,93,94,95,96,97,98,99,100,101,102,103,104,105,106,107,108,109,110,111,112,113,114,115,116,117,118,119,120,121,122,123,124,125,126,127,128,129,130,131,132,133,134,135,136,137,138,139,140,141,142,143,144,2,1,1,,2007,2,1992,0,0,0,0,0,0,0,0,0,0,0,0,0,0,0,0,0,0,0,0,0,10345.544921875,11439.205078125,13230.9619140625,14992.4443359375,16515.591796875,18340.90625,20422.34765625,23113.802734375,26571.263671875,30000,0,0,0,0,0,44741.375,47650.515625,50893.453125,54284.26171875,57231.453125,0,0,0,18843.986328125,19482.87890625,20033.734375,20377.083984375,20829.86328125,21484.03125,22011.10546875,22363.427734375,22862.408203125,23423.22265625,24053.6171875,24646.947265625,25154.271484375,0,0,0,0,0,0,0,0,0,0,0,0,0,0,0,0,0,0,0,0,0,0,0,0,0,0,0,0,0,0,0,0,0,0,0,0,0,0,0,0,0,0,0
0,0,0,0,0,0,3146,31462,131462,231462,1026.9781494140625,43,43,1949,1949,2,3,4,5,6,7,8,9,10,11,12,13,14,15,16,17,18,19,20,21,22,23,24,25,26,27,28,29,30,31,32,33,34,35,36,37,38,39,40,41,42,43,44,45,46,47,48,49,50,51,52,53,54,55,56,57,58,59,60,61,62,63,64,65,66,67,68,69,70,71,72,73,74,75,76,77,78,79,80,81,82,83,84,85,86,87,88,89,90,91,92,93,94,95,96,97,98,99,100,101,102,103,104,105,106,107,108,109,110,111,112,113,114,115,116,117,118,119,120,121,122,123,124,125,126,127,128,129,130,131,132,133,134,135,136,137,138,139,140,141,142,143,144,1,2,1,2007,2012,1,1992,0,0,0,0,0,0,0,0,0,0,0,0,0,0,0,0,0,0,0,0,0,0,0,0,24215.080078125,26675.197265625,29623.35546875,32985.19921875,37332.3125,42916.63671875,48454.5625,52915.31640625,56985.3828125,60993.41796875,65000,141279.984375,149514.171875,159235.75,170072.828125,181404.03125,191252.796875,200000,208468.0625,216099.53125,223703.296875,231287.59375,237826.984375,241903,247278.078125,255043.921875,261301,265483.78125,271407.34375,278064.71875,285548.3125,292592.21875,298614.8125,85984.234375,85054.5390625,85747.140625,86937.8671875,87436.2421875,0,0,0,0,0,0,0,0,0,0,0,0,0,0,0,0,0,0,0,0,0,0,0,0,0,0,0,0,0,0,0,0,0,0,0,0,0,0
0,0,0,0,0,0,3146,31462,231462,131462,1026.9781494140625,43,43,1949,1949,2,3,4,5,6,7,8,9,10,11,12,13,14,15,16,17,18,19,20,21,22,23,24,25,26,27,28,29,30,31,32,33,34,35,36,37,38,39,40,41,42,43,44,45,46,47,48,49,50,51,52,53,54,55,56,57,58,59,60,61,62,63,64,65,66,67,68,69,70,71,72,73,74,75,76,77,78,79,80,81,82,83,84,85,86,87,88,89,90,91,92,93,94,95,96,97,98,99,100,101,102,103,104,105,106,107,108,109,110,111,112,113,114,115,116,117,118,119,120,121,122,123,124,125,126,127,128,129,130,131,132,133,134,135,136,137,138,139,140,141,142,143,144,2,1,1,,2007,2,1992,0,0,0,0,0,0,0,0,0,0,0,0,0,0,0,0,0,0,0,0,0,10345.544921875,11439.205078125,13230.9619140625,14992.4443359375,16515.591796875,18340.90625,20422.34765625,23113.802734375,26571.263671875,30000,0,0,0,0,0,44741.375,47650.515625,50893.453125,54284.26171875,57231.453125,0,0,0,18843.986328125,19482.87890625,20033.734375,20377.083984375,20829.86328125,21484.03125,22011.10546875,22363.427734375,22862.408203125,23423.22265625,24053.6171875,24646.947265625,25154.271484375,0,0,0,0,0,0,0,0,0,0,0,0,0,0,0,0,0,0,0,0,0,0,0,0,0,0,0,0,0,0,0,0,0,0,0,0,0,0,0,0,0,0,0
0,0,0,0,0,0,3146,31463,131463,231463,1010.1077270507813,43,43,1949,1949,2,3,4,5,6,7,8,9,10,11,12,13,14,15,16,17,18,19,20,21,22,23,24,25,26,27,28,29,30,31,32,33,34,35,36,37,38,39,40,41,42,43,44,45,46,47,48,49,50,51,52,53,54,55,56,57,58,59,60,61,62,63,64,65,66,67,68,69,70,71,72,73,74,75,76,77,78,79,80,81,82,83,84,85,86,87,88,89,90,91,92,93,94,95,96,97,98,99,100,101,102,103,104,105,106,107,108,109,110,111,112,113,114,115,116,117,118,119,120,121,122,123,124,125,126,127,128,129,130,131,132,133,134,135,136,137,138,139,140,141,142,143,144,1,2,1,2007,2012,1,1992,0,0,0,0,0,0,0,0,0,0,0,0,0,0,0,0,0,0,0,0,0,0,0,0,24215.080078125,26675.197265625,29623.35546875,32985.19921875,37332.3125,42916.63671875,48454.5625,52915.31640625,56985.3828125,60993.41796875,65000,114436.796875,121106.4765625,128980.96875,137759,146937.265625,154914.765625,162000,168859.125,175040.625,181199.671875,187342.953125,192639.859375,195941.4375,200295.25,206585.578125,211653.8125,215041.859375,219839.96875,225232.421875,231294.140625,236999.703125,241878,69647.2265625,68894.1796875,69455.1796875,70419.671875,70823.3515625,0,0,0,0,0,0,0,0,0,0,0,0,0,0,0,0,0,0,0,0,0,0,0,0,0,0,0,0,0,0,0,0,0,0,0,0,0,0
0,0,0,0,0,0,3146,31463,231463,131463,1010.1077270507813,43,43,1949,1949,2,3,4,5,6,7,8,9,10,11,12,13,14,15,16,17,18,19,20,21,22,23,24,25,26,27,28,29,30,31,32,33,34,35,36,37,38,39,40,41,42,43,44,45,46,47,48,49,50,51,52,53,54,55,56,57,58,59,60,61,62,63,64,65,66,67,68,69,70,71,72,73,74,75,76,77,78,79,80,81,82,83,84,85,86,87,88,89,90,91,92,93,94,95,96,97,98,99,100,101,102,103,104,105,106,107,108,109,110,111,112,113,114,115,116,117,118,119,120,121,122,123,124,125,126,127,128,129,130,131,132,133,134,135,136,137,138,139,140,141,142,143,144,2,1,1,,2007,2,1992,0,0,0,0,0,0,0,0,0,0,0,0,0,0,0,0,0,0,0,0,0,10345.544921875,11439.205078125,13230.9619140625,14992.4443359375,16515.591796875,18340.90625,20422.34765625,23113.802734375,26571.263671875,30000,0,0,0,0,0,44741.375,47650.515625,50893.453125,54284.26171875,57231.453125,0,0,0,18843.986328125,19482.87890625,20033.734375,20377.083984375,20829.86328125,21484.03125,22011.10546875,22363.427734375,22862.408203125,23423.22265625,24053.6171875,24646.947265625,25154.271484375,0,0,0,0,0,0,0,0,0,0,0,0,0,0,0,0,0,0,0,0,0,0,0,0,0,0,0,0,0,0,0,0,0,0,0,0,0,0,0,0,0,0,0
0,0,0,0,0,0,3146,31464,131464,231464,1187.4857177734375,43,43,1949,1949,2,3,4,5,6,7,8,9,10,11,12,13,14,15,16,17,18,19,20,21,22,23,24,25,26,27,28,29,30,31,32,33,34,35,36,37,38,39,40,41,42,43,44,45,46,47,48,49,50,51,52,53,54,55,56,57,58,59,60,61,62,63,64,65,66,67,68,69,70,71,72,73,74,75,76,77,78,79,80,81,82,83,84,85,86,87,88,89,90,91,92,93,94,95,96,97,98,99,100,101,102,103,104,105,106,107,108,109,110,111,112,113,114,115,116,117,118,119,120,121,122,123,124,125,126,127,128,129,130,131,132,133,134,135,136,137,138,139,140,141,142,143,144,1,2,1,2007,2012,1,1992,0,0,0,0,0,0,0,0,0,0,0,0,0,0,0,0,0,0,0,0,0,0,0,0,24215.080078125,26675.197265625,29623.35546875,32985.19921875,37332.3125,42916.63671875,48454.5625,52915.31640625,56985.3828125,60993.41796875,65000,115143.21875,121854.0703125,129777.171875,138609.390625,147844.3125,155871.0625,163000,169901.5,176121.15625,182318.21875,188499.4375,193829.03125,197150.984375,201531.671875,207860.84375,212960.359375,216369.328125,221197.046875,226622.78125,232721.921875,238462.703125,243371.125,70077.1640625,69319.46875,69883.9296875,70854.375,71260.546875,0,0,0,0,0,0,0,0,0,0,0,0,0,0,0,0,0,0,0,0,0,0,0,0,0,0,0,0,0,0,0,0,0,0,0,0,0,0
0,0,0,0,0,0,3146,31464,231464,131464,1187.4857177734375,43,43,1949,1949,2,3,4,5,6,7,8,9,10,11,12,13,14,15,16,17,18,19,20,21,22,23,24,25,26,27,28,29,30,31,32,33,34,35,36,37,38,39,40,41,42,43,44,45,46,47,48,49,50,51,52,53,54,55,56,57,58,59,60,61,62,63,64,65,66,67,68,69,70,71,72,73,74,75,76,77,78,79,80,81,82,83,84,85,86,87,88,89,90,91,92,93,94,95,96,97,98,99,100,101,102,103,104,105,106,107,108,109,110,111,112,113,114,115,116,117,118,119,120,121,122,123,124,125,126,127,128,129,130,131,132,133,134,135,136,137,138,139,140,141,142,143,144,2,1,1,,2007,2,1992,0,0,0,0,0,0,0,0,0,0,0,0,0,0,0,0,0,0,0,0,0,10345.544921875,11439.205078125,13230.9619140625,14992.4443359375,16515.591796875,18340.90625,20422.34765625,23113.802734375,26571.263671875,30000,0,0,0,0,0,44741.375,47650.515625,50893.453125,54284.26171875,57231.453125,0,0,0,18843.986328125,19482.87890625,20033.734375,20377.083984375,20829.86328125,21484.03125,22011.10546875,22363.427734375,22862.408203125,23423.22265625,24053.6171875,24646.947265625,25154.271484375,0,0,0,0,0,0,0,0,0,0,0,0,0,0,0,0,0,0,0,0,0,0,0,0,0,0,0,0,0,0,0,0,0,0,0,0,0,0,0,0,0,0,0
0,0,0,0,0,0,3146,31465,131465,231465,1149.2579345703125,43,43,1949,1949,2,3,4,5,6,7,8,9,10,11,12,13,14,15,16,17,18,19,20,21,22,23,24,25,26,27,28,29,30,31,32,33,34,35,36,37,38,39,40,41,42,43,44,45,46,47,48,49,50,51,52,53,54,55,56,57,58,59,60,61,62,63,64,65,66,67,68,69,70,71,72,73,74,75,76,77,78,79,80,81,82,83,84,85,86,87,88,89,90,91,92,93,94,95,96,97,98,99,100,101,102,103,104,105,106,107,108,109,110,111,112,113,114,115,116,117,118,119,120,121,122,123,124,125,126,127,128,129,130,131,132,133,134,135,136,137,138,139,140,141,142,143,144,1,2,1,2007,2012,1,1992,0,0,0,0,0,0,0,0,0,0,0,0,0,0,0,0,0,0,0,0,0,0,0,0,24215.080078125,26675.197265625,29623.35546875,32985.19921875,37332.3125,42916.63671875,48454.5625,52915.31640625,56985.3828125,60993.41796875,65000,107372.8828125,113630.8671875,121019.28125,129255.4609375,137867.171875,145352.25,152000,158435.859375,164235.78125,170014.65625,175778.71875,180748.65625,183846.4375,187931.5,193833.546875,198588.9375,201767.84375,206269.765625,211329.359375,217016.90625,222370.28125,226947.453125,65348.0703125,64641.50390625,65167.87890625,66072.8359375,66451.6015625,0,0,0,0,0,0,0,0,0,0,0,0,0,0,0,0,0,0,0,0,0,0,0,0,0,0,0,0,0,0,0,0,0,0,0,0,0,0
0,0,0,0,0,0,3146,31465,231465,131465,1149.2579345703125,43,43,1949,1949,2,3,4,5,6,7,8,9,10,11,12,13,14,15,16,17,18,19,20,21,22,23,24,25,26,27,28,29,30,31,32,33,34,35,36,37,38,39,40,41,42,43,44,45,46,47,48,49,50,51,52,53,54,55,56,57,58,59,60,61,62,63,64,65,66,67,68,69,70,71,72,73,74,75,76,77,78,79,80,81,82,83,84,85,86,87,88,89,90,91,92,93,94,95,96,97,98,99,100,101,102,103,104,105,106,107,108,109,110,111,112,113,114,115,116,117,118,119,120,121,122,123,124,125,126,127,128,129,130,131,132,133,134,135,136,137,138,139,140,141,142,143,144,2,1,1,,2007,2,1992,0,0,0,0,0,0,0,0,0,0,0,0,0,0,0,0,0,0,0,0,0,10345.544921875,11439.205078125,13230.9619140625,14992.4443359375,16515.591796875,18340.90625,20422.34765625,23113.802734375,26571.263671875,30000,0,0,0,0,0,44741.375,47650.515625,50893.453125,54284.26171875,57231.453125,0,0,0,18843.986328125,19482.87890625,20033.734375,20377.083984375,20829.86328125,21484.03125,22011.10546875,22363.427734375,22862.408203125,23423.22265625,24053.6171875,24646.947265625,25154.271484375,0,0,0,0,0,0,0,0,0,0,0,0,0,0,0,0,0,0,0,0,0,0,0,0,0,0,0,0,0,0,0,0,0,0,0,0,0,0,0,0,0,0,0
0,0,0,0,0,0,3207,32071,132071,0,7528.90185546875,46,0,1946,0,5,6,7,8,9,10,11,12,13,14,15,16,17,18,19,20,21,22,23,24,25,26,27,28,29,30,31,32,33,34,35,36,37,38,39,40,41,42,43,44,45,46,47,48,49,50,51,52,53,54,55,56,57,58,59,60,61,62,63,64,65,66,67,68,69,70,71,72,73,74,75,76,77,78,79,80,81,82,83,84,85,86,87,88,89,90,91,92,93,94,95,96,97,98,99,100,101,102,103,104,105,106,107,108,109,110,111,112,113,114,115,116,117,118,119,120,121,122,123,124,125,126,127,128,129,130,131,132,133,134,135,136,137,138,139,140,141,142,143,144,145,146,147,2,0,0,2012,9999,1,1992,0,0,0,0,0,0,0,0,0,0,0,0,0,0,0,0,4182.15625,4573.85302734375,5022.9462890625,5516.49365234375,6728.74755859375,7277.91748046875,8009.74072265625,9221.1123046875,10400,6643.20556640625,7343.0009765625,8138.18115234375,9167.7431640625,10489.91796875,11788.267578125,12813.447265625,13734.6298828125,14632.068359375,15520.4677734375,16228.623046875,17094.353515625,18120.91796875,17247.55859375,18310.869140625,19214.943359375,20000,20749.56640625,21408.79296875,22058.685546875,22700.158203125,23233.08984375,23521.01171875,23931.462890625,24567.892578125,25053.181640625,25335.453125,25779.921875,26289.06640625,26870.625,27405,27838.59375,28343.2890625,27906.068359375,28002.013671875,28258.421875,28287.806640625,7916.15380859375,7863.67626953125,7705.82275390625,7601.8115234375,7541.822265625,7492.7978515625,7388.05322265625,7248.1064453125,7316.703125,0,0,0,0,0,0,0,0,0,0,0,0,0,0,0,0,0,0,0,0,0,0,0,0,0,0,0,0,0
0,0,0,0,0,0,3207,32072,132072,0,7437.611328125,46,0,1946,0,5,6,7,8,9,10,11,12,13,14,15,16,17,18,19,20,21,22,23,24,25,26,27,28,29,30,31,32,33,34,35,36,37,38,39,40,41,42,43,44,45,46,47,48,49,50,51,52,53,54,55,56,57,58,59,60,61,62,63,64,65,66,67,68,69,70,71,72,73,74,75,76,77,78,79,80,81,82,83,84,85,86,87,88,89,90,91,92,93,94,95,96,97,98,99,100,101,102,103,104,105,106,107,108,109,110,111,112,113,114,115,116,117,118,119,120,121,122,123,124,125,126,127,128,129,130,131,132,133,134,135,136,137,138,139,140,141,142,143,144,145,146,147,2,0,0,2012,9999,1,1992,0,0,0,0,0,0,0,0,0,0,0,0,0,0,0,0,4182.15625,4573.85302734375,5022.9462890625,5516.49365234375,6728.74755859375,7277.91748046875,8009.74072265625,9221.1123046875,10400,6643.20556640625,7343.0009765625,8138.18115234375,9167.7431640625,10489.91796875,11788.267578125,12813.447265625,13734.6298828125,14632.068359375,15520.4677734375,16228.623046875,17094.353515625,18120.91796875,17247.55859375,18310.869140625,19214.943359375,20000,20749.56640625,21408.79296875,22058.685546875,22700.158203125,23233.08984375,23521.01171875,23931.462890625,24567.892578125,25053.181640625,25335.453125,25779.921875,26289.06640625,26870.625,27405,27838.59375,28343.2890625,27906.068359375,28002.013671875,28258.421875,28287.806640625,7916.15380859375,7863.67626953125,7705.82275390625,7601.8115234375,7541.822265625,7492.7978515625,7388.05322265625,7248.1064453125,7316.703125,0,0,0,0,0,0,0,0,0,0,0,0,0,0,0,0,0,0,0,0,0,0,0,0,0,0,0,0,0
0,0,0,0,0,0,3207,32073,132073,0,7340.45751953125,46,0,1946,0,5,6,7,8,9,10,11,12,13,14,15,16,17,18,19,20,21,22,23,24,25,26,27,28,29,30,31,32,33,34,35,36,37,38,39,40,41,42,43,44,45,46,47,48,49,50,51,52,53,54,55,56,57,58,59,60,61,62,63,64,65,66,67,68,69,70,71,72,73,74,75,76,77,78,79,80,81,82,83,84,85,86,87,88,89,90,91,92,93,94,95,96,97,98,99,100,101,102,103,104,105,106,107,108,109,110,111,112,113,114,115,116,117,118,119,120,121,122,123,124,125,126,127,128,129,130,131,132,133,134,135,136,137,138,139,140,141,142,143,144,145,146,147,2,0,0,2012,9999,1,1992,0,0,0,0,0,0,0,0,0,0,0,0,0,0,0,0,4182.15625,4573.85302734375,5022.9462890625,5516.49365234375,6728.74755859375,7277.91748046875,8009.74072265625,9221.1123046875,10400,6643.20556640625,7343.0009765625,8138.18115234375,9167.7431640625,10489.91796875,11788.267578125,12813.447265625,13734.6298828125,14632.068359375,15520.4677734375,16228.623046875,17094.353515625,18120.91796875,17247.55859375,18310.869140625,19214.943359375,20000,20749.56640625,21408.79296875,22058.685546875,22700.158203125,23233.08984375,23521.01171875,23931.462890625,24567.892578125,25053.181640625,25335.453125,25779.921875,26289.06640625,26870.625,27405,27838.59375,28343.2890625,27906.068359375,28002.013671875,28258.421875,28287.806640625,7916.15380859375,7863.67626953125,7705.82275390625,7601.8115234375,7541.822265625,7492.7978515625,7388.05322265625,7248.1064453125,7316.703125,0,0,0,0,0,0,0,0,0,0,0,0,0,0,0,0,0,0,0,0,0,0,0,0,0,0,0,0,0
0,0,0,0,0,0,3207,32074,132074,0,7394.63037109375,46,0,1946,0,5,6,7,8,9,10,11,12,13,14,15,16,17,18,19,20,21,22,23,24,25,26,27,28,29,30,31,32,33,34,35,36,37,38,39,40,41,42,43,44,45,46,47,48,49,50,51,52,53,54,55,56,57,58,59,60,61,62,63,64,65,66,67,68,69,70,71,72,73,74,75,76,77,78,79,80,81,82,83,84,85,86,87,88,89,90,91,92,93,94,95,96,97,98,99,100,101,102,103,104,105,106,107,108,109,110,111,112,113,114,115,116,117,118,119,120,121,122,123,124,125,126,127,128,129,130,131,132,133,134,135,136,137,138,139,140,141,142,143,144,145,146,147,2,0,0,2012,9999,1,1992,0,0,0,0,0,0,0,0,0,0,0,0,0,0,0,0,4182.15625,4573.85302734375,5022.9462890625,5516.49365234375,6728.74755859375,7277.91748046875,8009.74072265625,9221.1123046875,10400,6643.20556640625,7343.0009765625,8138.18115234375,9167.7431640625,10489.91796875,11788.267578125,12813.447265625,13734.6298828125,14632.068359375,15520.4677734375,16228.623046875,17094.353515625,18120.91796875,17247.55859375,18310.869140625,19214.943359375,20000,20749.56640625,21408.79296875,22058.685546875,22700.158203125,23233.08984375,23521.01171875,23931.462890625,24567.892578125,25053.181640625,25335.453125,25779.921875,26289.06640625,26870.625,27405,27838.59375,28343.2890625,27906.068359375,28002.013671875,28258.421875,28287.806640625,7916.15380859375,7863.67626953125,7705.82275390625,7601.8115234375,7541.822265625,7492.7978515625,7388.05322265625,7248.1064453125,7316.703125,0,0,0,0,0,0,0,0,0,0,0,0,0,0,0,0,0,0,0,0,0,0,0,0,0,0,0,0,0
0,0,0,0,0,0,3207,32075,132075,0,7302.953125,46,0,1946,0,5,6,7,8,9,10,11,12,13,14,15,16,17,18,19,20,21,22,23,24,25,26,27,28,29,30,31,32,33,34,35,36,37,38,39,40,41,42,43,44,45,46,47,48,49,50,51,52,53,54,55,56,57,58,59,60,61,62,63,64,65,66,67,68,69,70,71,72,73,74,75,76,77,78,79,80,81,82,83,84,85,86,87,88,89,90,91,92,93,94,95,96,97,98,99,100,101,102,103,104,105,106,107,108,109,110,111,112,113,114,115,116,117,118,119,120,121,122,123,124,125,126,127,128,129,130,131,132,133,134,135,136,137,138,139,140,141,142,143,144,145,146,147,2,0,0,2012,9999,1,1992,0,0,0,0,0,0,0,0,0,0,0,0,0,0,0,0,4182.15625,4573.85302734375,5022.9462890625,5516.49365234375,6728.74755859375,7277.91748046875,8009.74072265625,9221.1123046875,10400,6643.20556640625,7343.0009765625,8138.18115234375,9167.7431640625,10489.91796875,11788.267578125,12813.447265625,13734.6298828125,14632.068359375,15520.4677734375,16228.623046875,17094.353515625,18120.91796875,17247.55859375,18310.869140625,19214.943359375,20000,20749.56640625,21408.79296875,22058.685546875,22700.158203125,23233.08984375,23521.01171875,23931.462890625,24567.892578125,25053.181640625,25335.453125,25779.921875,26289.06640625,26870.625,27405,27838.59375,28343.2890625,27906.068359375,28002.013671875,28258.421875,28287.806640625,7916.15380859375,7863.67626953125,7705.82275390625,7601.8115234375,7541.822265625,7492.7978515625,7388.05322265625,7248.1064453125,7316.703125,0,0,0,0,0,0,0,0,0,0,0,0,0,0,0,0,0,0,0,0,0,0,0,0,0,0,0,0,0
1,0,440,0,4,0,3303,33031,133031,0,9366.0009765625,85,0,1907,0,44,45,46,47,48,49,50,51,52,53,54,55,56,57,58,59,60,61,62,63,64,65,66,67,68,69,70,71,72,73,74,75,76,77,78,79,80,81,82,83,84,85,86,87,88,89,90,91,92,93,94,95,96,97,98,99,100,101,102,103,104,105,106,107,108,109,110,111,112,113,114,115,116,117,118,119,120,121,122,123,124,125,126,127,128,129,130,131,132,133,134,135,136,137,138,139,140,141,142,143,144,145,146,147,148,149,150,151,152,153,154,155,156,157,158,159,160,161,162,163,164,165,166,167,168,169,170,171,172,173,174,175,176,177,178,179,180,181,182,183,184,185,186,2,0,0,,,1,1992,0,0,0,0,0,0,0,0,0,0,0,0,0,0,0,0,0,0,0,0,0,0,0,0,0,0,0,0,0,0,0,0,0,0,0,0,0,0,0,0,0,0,0,0,0,0,0,0,0,0,0,0,0,0,0,0,0,0,0,0,0,0,0,0,0,0,0,0,0,0,0,0,0,0,0,0,0,0,0,0,0,0,0,0,0,0,0,0,0,0,0,0,0,0,0,0,0,0,0,0
1,0,440,0,4,0,3303,33032,133032,0,9163.689453125,85,0,1907,0,44,45,46,47,48,49,50,51,52,53,54,55,56,57,58,59,60,61,62,63,64,65,66,67,68,69,70,71,72,73,74,75,76,77,78,79,80,81,82,83,84,85,86,87,88,89,90,91,92,93,94,95,96,97,98,99,100,101,102,103,104,105,106,107,108,109,110,111,112,113,114,115,116,117,118,119,120,121,122,123,124,125,126,127,128,129,130,131,132,133,134,135,136,137,138,139,140,141,142,143,144,145,146,147,148,149,150,151,152,153,154,155,156,157,158,159,160,161,162,163,164,165,166,167,168,169,170,171,172,173,174,175,176,177,178,179,180,181,182,183,184,185,186,2,0,0,,,1,1992,0,0,0,0,0,0,0,0,0,0,0,0,0,0,0,0,0,0,0,0,0,0,0,0,0,0,0,0,0,0,0,0,0,0,0,0,0,0,0,0,0,0,0,0,0,0,0,0,0,0,0,0,0,0,0,0,0,0,0,0,0,0,0,0,0,0,0,0,0,0,0,0,0,0,0,0,0,0,0,0,0,0,0,0,0,0,0,0,0,0,0,0,0,0,0,0,0,0,0,0
1,0,440,0,4,0,3303,33033,133033,0,9231.15625,85,0,1907,0,44,45,46,47,48,49,50,51,52,53,54,55,56,57,58,59,60,61,62,63,64,65,66,67,68,69,70,71,72,73,74,75,76,77,78,79,80,81,82,83,84,85,86,87,88,89,90,91,92,93,94,95,96,97,98,99,100,101,102,103,104,105,106,107,108,109,110,111,112,113,114,115,116,117,118,119,120,121,122,123,124,125,126,127,128,129,130,131,132,133,134,135,136,137,138,139,140,141,142,143,144,145,146,147,148,149,150,151,152,153,154,155,156,157,158,159,160,161,162,163,164,165,166,167,168,169,170,171,172,173,174,175,176,177,178,179,180,181,182,183,184,185,186,2,0,0,,,1,1992,0,0,0,0,0,0,0,0,0,0,0,0,0,0,0,0,0,0,0,0,0,0,0,0,0,0,0,0,0,0,0,0,0,0,0,0,0,0,0,0,0,0,0,0,0,0,0,0,0,0,0,0,0,0,0,0,0,0,0,0,0,0,0,0,0,0,0,0,0,0,0,0,0,0,0,0,0,0,0,0,0,0,0,0,0,0,0,0,0,0,0,0,0,0,0,0,0,0,0,0
1,0,440,0,4,0,3303,33034,133034,0,9277.9033203125,85,0,1907,0,44,45,46,47,48,49,50,51,52,53,54,55,56,57,58,59,60,61,62,63,64,65,66,67,68,69,70,71,72,73,74,75,76,77,78,79,80,81,82,83,84,85,86,87,88,89,90,91,92,93,94,95,96,97,98,99,100,101,102,103,104,105,106,107,108,109,110,111,112,113,114,115,116,117,118,119,120,121,122,123,124,125,126,127,128,129,130,131,132,133,134,135,136,137,138,139,140,141,142,143,144,145,146,147,148,149,150,151,152,153,154,155,156,157,158,159,160,161,162,163,164,165,166,167,168,169,170,171,172,173,174,175,176,177,178,179,180,181,182,183,184,185,186,2,0,0,,,1,1992,0,0,0,0,0,0,0,0,0,0,0,0,0,0,0,0,0,0,0,0,0,0,0,0,0,0,0,0,0,0,0,0,0,0,0,0,0,0,0,0,0,0,0,0,0,0,0,0,0,0,0,0,0,0,0,0,0,0,0,0,0,0,0,0,0,0,0,0,0,0,0,0,0,0,0,0,0,0,0,0,0,0,0,0,0,0,0,0,0,0,0,0,0,0,0,0,0,0,0,0
1,0,440,0,4,0,3303,33035,133035,0,9231.2998046875,85,0,1907,0,44,45,46,47,48,49,50,51,52,53,54,55,56,57,58,59,60,61,62,63,64,65,66,67,68,69,70,71,72,73,74,75,76,77,78,79,80,81,82,83,84,85,86,87,88,89,90,91,92,93,94,95,96,97,98,99,100,101,102,103,104,105,106,107,108,109,110,111,112,113,114,115,116,117,118,119,120,121,122,123,124,125,126,127,128,129,130,131,132,133,134,135,136,137,138,139,140,141,142,143,144,145,146,147,148,149,150,151,152,153,154,155,156,157,158,159,160,161,162,163,164,165,166,167,168,169,170,171,172,173,174,175,176,177,178,179,180,181,182,183,184,185,186,2,0,0,,,1,1992,0,0,0,0,0,0,0,0,0,0,0,0,0,0,0,0,0,0,0,0,0,0,0,0,0,0,0,0,0,0,0,0,0,0,0,0,0,0,0,0,0,0,0,0,0,0,0,0,0,0,0,0,0,0,0,0,0,0,0,0,0,0,0,0,0,0,0,0,0,0,0,0,0,0,0,0,0,0,0,0,0,0,0,0,0,0,0,0,0,0,0,0,0,0,0,0,0,0,0,0
0,0,0,0,0,0,3786,37861,137861,237861,117.9517822265625,61,48,1931,1944,20,21,22,23,24,25,26,27,28,29,30,31,32,33,34,35,36,37,38,39,40,41,42,43,44,45,46,47,48,49,50,51,52,53,54,55,56,57,58,59,60,61,62,63,64,65,66,67,68,69,70,71,72,73,74,75,76,77,78,79,80,81,82,83,84,85,86,87,88,89,90,91,92,93,94,95,96,97,98,99,100,101,102,103,104,105,106,107,108,109,110,111,112,113,114,115,116,117,118,119,120,121,122,123,124,125,126,127,128,129,130,131,132,133,134,135,136,137,138,139,140,141,142,143,144,145,146,147,148,149,150,151,152,153,154,155,156,157,158,159,160,161,162,1,2,1,,,1,1992,0,0,0,0,0,0,0,0,0,0,0,0,0,0,0,0,0,0,1727.380615234375,1854.279541015625,1979.202880859375,2092.187744140625,2250.226318359375,2531.53173828125,2789.988037109375,2989.0947265625,3228.193359375,3495.544677734375,3847.057861328125,4300.2568359375,4166.435546875,4423.76025390625,4631.599609375,4819.31298828125,4992.60888671875,5098.29541015625,5244.37548828125,6150.890625,6384.89697265625,6618.58349609375,6781.1337890625,0,0,0,0,0,0,0,0,0,0,0,0,0,0,0,0,0,0,0,0,0,0,0,0,0,0,0,0,0,0,0,0,0,0,0,0,0,0,0,0,0,0,0,0,0,0,0,0,0,0,0,0,0,0,0,0,0,0,0
0,0,0,0,0,0,3786,37861,237861,137861,117.9517822265625,48,61,1944,1931,7,8,9,10,11,12,13,14,15,16,17,18,19,20,21,22,23,24,25,26,27,28,29,30,31,32,33,34,35,36,37,38,39,40,41,42,43,44,45,46,47,48,49,50,51,52,53,54,55,56,57,58,59,60,61,62,63,64,65,66,67,68,69,70,71,72,73,74,75,76,77,78,79,80,81,82,83,84,85,86,87,88,89,90,91,92,93,94,95,96,97,98,99,100,101,102,103,104,105,106,107,108,109,110,111,112,113,114,115,116,117,118,119,120,121,122,123,124,125,126,127,128,129,130,131,132,133,134,135,136,137,138,139,140,141,142,143,144,145,146,147,148,149,2,1,1,,,2,1992,0,0,0,0,0,0,0,0,0,0,0,0,0,0,0,0,0,0,0,0,0,0,0,0,0,0,0,0,0,0,0,0,0,44898.2578125,47476.1015625,49487.77734375,51965.48828125,61334.3828125,65000,68792.421875,71964.2578125,0,0,0,0,0,0,0,0,0,0,0,0,0,0,0,0,0,0,0,0,0,0,0,0,0,0,0,0,0,0,0,0,0,0,0,0,0,0,0,0,0,0,0,0,0,0,0,0,0,0,0,0,0,0,0,0,0,0,0
0,0,0,0,0,0,3786,37862,137862,237862,94.63511657714844,61,48,1931,1944,20,21,22,23,24,25,26,27,28,29,30,31,32,33,34,35,36,37,38,39,40,41,42,43,44,45,46,47,48,49,50,51,52,53,54,55,56,57,58,59,60,61,62,63,64,65,66,67,68,69,70,71,72,73,74,75,76,77,78,79,80,81,82,83,84,85,86,87,88,89,90,91,92,93,94,95,96,97,98,99,100,101,102,103,104,105,106,107,108,109,110,111,112,113,114,115,116,117,118,119,120,121,122,123,124,125,126,127,128,129,130,131,132,133,134,135,136,137,138,139,140,141,142,143,144,145,146,147,148,149,150,151,152,153,154,155,156,157,158,159,160,161,162,1,2,1,,,1,1992,0,0,0,0,0,0,0,0,0,0,0,0,0,0,0,0,0,0,1727.380615234375,1854.279541015625,1979.202880859375,2092.187744140625,2250.226318359375,2531.53173828125,2789.988037109375,2989.0947265625,3228.193359375,3495.544677734375,3847.057861328125,4300.2568359375,4720.69970703125,4423.76025390625,4631.599609375,4819.31298828125,4992.60888671875,5098.29541015625,5244.37548828125,6150.890625,6384.89697265625,6618.58349609375,6781.1337890625,0,0,0,0,0,0,0,0,0,0,0,0,0,0,0,0,0,0,0,0,0,0,0,0,0,0,0,0,0,0,0,0,0,0,0,0,0,0,0,0,0,0,0,0,0,0,0,0,0,0,0,0,0,0,0,0,0,0,0
0,0,0,0,0,0,3786,37862,237862,137862,94.63511657714844,48,61,1944,1931,7,8,9,10,11,12,13,14,15,16,17,18,19,20,21,22,23,24,25,26,27,28,29,30,31,32,33,34,35,36,37,38,39,40,41,42,43,44,45,46,47,48,49,50,51,52,53,54,55,56,57,58,59,60,61,62,63,64,65,66,67,68,69,70,71,72,73,74,75,76,77,78,79,80,81,82,83,84,85,86,87,88,89,90,91,92,93,94,95,96,97,98,99,100,101,102,103,104,105,106,107,108,109,110,111,112,113,114,115,116,117,118,119,120,121,122,123,124,125,126,127,128,129,130,131,132,133,134,135,136,137,138,139,140,141,142,143,144,145,146,147,148,149,2,1,1,,,2,1992,0,0,0,0,0,0,0,0,0,0,0,0,0,0,0,0,0,0,0,0,0,0,0,0,0,0,0,0,0,0,0,0,0,44898.2578125,47476.1015625,49487.77734375,51965.48828125,61334.3828125,65000,68792.421875,71964.2578125,0,0,0,0,0,0,0,0,0,0,0,0,0,0,0,0,0,0,0,0,0,0,0,0,0,0,0,0,0,0,0,0,0,0,0,0,0,0,0,0,0,0,0,0,0,0,0,0,0,0,0,0,0,0,0,0,0,0,0
0,0,0,0,0,0,3786,37863,137863,237863,121.43856048583984,61,48,1931,1944,20,21,22,23,24,25,26,27,28,29,30,31,32,33,34,35,36,37,38,39,40,41,42,43,44,45,46,47,48,49,50,51,52,53,54,55,56,57,58,59,60,61,62,63,64,65,66,67,68,69,70,71,72,73,74,75,76,77,78,79,80,81,82,83,84,85,86,87,88,89,90,91,92,93,94,95,96,97,98,99,100,101,102,103,104,105,106,107,108,109,110,111,112,113,114,115,116,117,118,119,120,121,122,123,124,125,126,127,128,129,130,131,132,133,134,135,136,137,138,139,140,141,142,143,144,145,146,147,148,149,150,151,152,153,154,155,156,157,158,159,160,161,162,1,2,1,,,1,1992,0,0,0,0,0,0,0,0,0,0,0,0,0,0,0,0,0,0,1727.380615234375,1854.279541015625,1979.202880859375,2092.187744140625,2250.226318359375,2531.53173828125,2789.988037109375,2989.0947265625,3228.193359375,3495.544677734375,3847.057861328125,3795.361572265625,4166.435546875,4423.76025390625,4631.599609375,4819.31298828125,4992.60888671875,5098.29541015625,5244.37548828125,6150.890625,6384.89697265625,6618.58349609375,6781.1337890625,0,0,0,0,0,0,0,0,0,0,0,0,0,0,0,0,0,0,0,0,0,0,0,0,0,0,0,0,0,0,0,0,0,0,0,0,0,0,0,0,0,0,0,0,0,0,0,0,0,0,0,0,0,0,0,0,0,0,0
0,0,0,0,0,0,3786,37863,237863,137863,121.43856048583984,48,61,1944,1931,7,8,9,10,11,12,13,14,15,16,17,18,19,20,21,22,23,24,25,26,27,28,29,30,31,32,33,34,35,36,37,38,39,40,41,42,43,44,45,46,47,48,49,50,51,52,53,54,55,56,57,58,59,60,61,62,63,64,65,66,67,68,69,70,71,72,73,74,75,76,77,78,79,80,81,82,83,84,85,86,87,88,89,90,91,92,93,94,95,96,97,98,99,100,101,102,103,104,105,106,107,108,109,110,111,112,113,114,115,116,117,118,119,120,121,122,123,124,125,126,127,128,129,130,131,132,133,134,135,136,137,138,139,140,141,142,143,144,145,146,147,148,149,2,1,1,,,2,1992,0,0,0,0,0,0,0,0,0,0,0,0,0,0,0,0,0,0,0,0,0,0,0,0,0,0,0,0,0,0,0,0,0,44898.2578125,47476.1015625,49487.77734375,51965.48828125,61334.3828125,65000,68792.421875,71964.2578125,0,0,0,0,0,0,0,0,0,0,0,0,0,0,0,0,0,0,0,0,0,0,0,0,0,0,0,0,0,0,0,0,0,0,0,0,0,0,0,0,0,0,0,0,0,0,0,0,0,0,0,0,0,0,0,0,0,0,0
0,0,0,0,0,0,3786,37864,137864,237864,113.79627227783203,61,48,1931,1944,20,21,22,23,24,25,26,27,28,29,30,31,32,33,34,35,36,37,38,39,40,41,42,43,44,45,46,47,48,49,50,51,52,53,54,55,56,57,58,59,60,61,62,63,64,65,66,67,68,69,70,71,72,73,74,75,76,77,78,79,80,81,82,83,84,85,86,87,88,89,90,91,92,93,94,95,96,97,98,99,100,101,102,103,104,105,106,107,108,109,110,111,112,113,114,115,116,117,118,119,120,121,122,123,124,125,126,127,128,129,130,131,132,133,134,135,136,137,138,139,140,141,142,143,144,145,146,147,148,149,150,151,152,153,154,155,156,157,158,159,160,161,162,1,2,1,,,1,1992,0,0,0,0,0,0,0,0,0,0,0,0,0,0,0,0,0,0,1727.380615234375,1854.279541015625,1979.202880859375,2092.187744140625,2250.226318359375,2531.53173828125,2789.988037109375,2638.14111328125,2849.166748046875,3085.1279296875,3395.36962890625,3795.361572265625,4166.435546875,4423.76025390625,4631.599609375,4819.31298828125,4992.60888671875,5098.29541015625,5244.37548828125,6150.890625,6384.89697265625,6618.58349609375,6781.1337890625,0,0,0,0,0,0,0,0,0,0,0,0,0,0,0,0,0,0,0,0,0,0,0,0,0,0,0,0,0,0,0,0,0,0,0,0,0,0,0,0,0,0,0,0,0,0,0,0,0,0,0,0,0,0,0,0,0,0,0
0,0,0,0,0,0,3786,37864,237864,137864,113.79627227783203,48,61,1944,1931,7,8,9,10,11,12,13,14,15,16,17,18,19,20,21,22,23,24,25,26,27,28,29,30,31,32,33,34,35,36,37,38,39,40,41,42,43,44,45,46,47,48,49,50,51,52,53,54,55,56,57,58,59,60,61,62,63,64,65,66,67,68,69,70,71,72,73,74,75,76,77,78,79,80,81,82,83,84,85,86,87,88,89,90,91,92,93,94,95,96,97,98,99,100,101,102,103,104,105,106,107,108,109,110,111,112,113,114,115,116,117,118,119,120,121,122,123,124,125,126,127,128,129,130,131,132,133,134,135,136,137,138,139,140,141,142,143,144,145,146,147,148,149,2,1,1,,,2,1992,0,0,0,0,0,0,0,0,0,0,0,0,0,0,0,0,0,0,0,0,0,0,0,0,0,0,0,0,0,0,0,0,0,44898.2578125,47476.1015625,49487.77734375,51965.48828125,61334.3828125,65000,68792.421875,71964.2578125,0,0,0,0,0,0,0,0,0,0,0,0,0,0,0,0,0,0,0,0,0,0,0,0,0,0,0,0,0,0,0,0,0,0,0,0,0,0,0,0,0,0,0,0,0,0,0,0,0,0,0,0,0,0,0,0,0,0,0
0,0,0,0,0,0,3786,37865,137865,237865,114.50498962402344,61,48,1931,1944,20,21,22,23,24,25,26,27,28,29,30,31,32,33,34,35,36,37,38,39,40,41,42,43,44,45,46,47,48,49,50,51,52,53,54,55,56,57,58,59,60,61,62,63,64,65,66,67,68,69,70,71,72,73,74,75,76,77,78,79,80,81,82,83,84,85,86,87,88,89,90,91,92,93,94,95,96,97,98,99,100,101,102,103,104,105,106,107,108,109,110,111,112,113,114,115,116,117,118,119,120,121,122,123,124,125,126,127,128,129,130,131,132,133,134,135,136,137,138,139,140,141,142,143,144,145,146,147,148,149,150,151,152,153,154,155,156,157,158,159,160,161,162,1,2,1,,,1,1992,0,0,0,0,0,0,0,0,0,0,0,0,0,0,0,0,0,0,1727.380615234375,1854.279541015625,1979.202880859375,2092.187744140625,2250.226318359375,2531.53173828125,2789.988037109375,2989.0947265625,3228.193359375,3495.544677734375,3395.36962890625,3795.361572265625,4166.435546875,4423.76025390625,4631.599609375,4819.31298828125,4992.60888671875,5098.29541015625,5244.37548828125,6150.890625,6384.89697265625,6618.58349609375,6781.1337890625,0,0,0,0,0,0,0,0,0,0,0,0,0,0,0,0,0,0,0,0,0,0,0,0,0,0,0,0,0,0,0,0,0,0,0,0,0,0,0,0,0,0,0,0,0,0,0,0,0,0,0,0,0,0,0,0,0,0,0
0,0,0,0,0,0,3786,37865,237865,137865,114.50498962402344,48,61,1944,1931,7,8,9,10,11,12,13,14,15,16,17,18,19,20,21,22,23,24,25,26,27,28,29,30,31,32,33,34,35,36,37,38,39,40,41,42,43,44,45,46,47,48,49,50,51,52,53,54,55,56,57,58,59,60,61,62,63,64,65,66,67,68,69,70,71,72,73,74,75,76,77,78,79,80,81,82,83,84,85,86,87,88,89,90,91,92,93,94,95,96,97,98,99,100,101,102,103,104,105,106,107,108,109,110,111,112,113,114,115,116,117,118,119,120,121,122,123,124,125,126,127,128,129,130,131,132,133,134,135,136,137,138,139,140,141,142,143,144,145,146,147,148,149,2,1,1,,,2,1992,0,0,0,0,0,0,0,0,0,0,0,0,0,0,0,0,0,0,0,0,0,0,0,0,0,0,0,0,0,0,0,0,0,44898.2578125,47476.1015625,49487.77734375,51965.48828125,61334.3828125,65000,68792.421875,71964.2578125,0,0,0,0,0,0,0,0,0,0,0,0,0,0,0,0,0,0,0,0,0,0,0,0,0,0,0,0,0,0,0,0,0,0,0,0,0,0,0,0,0,0,0,0,0,0,0,0,0,0,0,0,0,0,0,0,0,0,0
