X5304,X5306,X5307,X5309,X5311,X5312,YY1,Y1,V1,V3,wgt,age,ages,BIRTHYR,BIRTHYRs,age1951,age1952,age1953,age1954,age1955,age1956,age1957,age1958,age1959,age1960,age1961,age1962,age1963,age1964,age1965,age1966,age1967,age1968,age1969,age1970,age1971,age1972,age1973,age1974,age1975,age1976,age1977,age1978,age1979,age1980,age1981,age1982,age1983,age1984,age1985,age1986,age1987,age1988,age1989,age1990,age1991,age1992,age1993,age1994,age1995,age1996,age1997,age1998,age1999,age2000,age2001,age2002,age2003,age2004,age2005,age2006,age2007,age2008,age2009,age2010,age2011,age2012,age2013,age2014,age2015,age2016,age2017,age2018,age2019,age2020,age2021,age2022,age2023,age2024,age2025,age2026,age2027,age2028,age2029,age2030,age2031,age2032,age2033,age2034,age2035,age2036,age2037,age2038,age2039,age2040,age2041,age2042,age2043,age2044,age2045,age2046,age2047,age2048,age2049,age2050,age2051,age2052,age2053,age2054,age2055,age2056,age2057,age2058,age2059,age2060,age2061,age2062,age2063,age2064,age2065,age2066,age2067,age2068,age2069,age2070,age2071,age2072,age2073,age2074,age2075,age2076,age2077,age2078,age2079,age2080,age2081,age2082,age2083,age2084,age2085,age2086,age2087,age2088,age2089,age2090,age2091,age2092,age2093,age2094,age2095,age2096,age2097,age2098,age2099,age2100,age2101,age2102,age2103,age2104,age2105,age2106,age2107,age2108,age2109,age2110,age2111,sex,sexs,marital,willstopworkFT,willstopworkALL,rstat,year,EARN1951,EARN1952,EARN1953,EARN1954,EARN1955,EARN1956,EARN1957,EARN1958,EARN1959,EARN1960,EARN1961,EARN1962,EARN1963,EARN1964,EARN1965,EARN1966,EARN1967,EARN1968,EARN1969,EARN1970,EARN1971,EARN1972,EARN1973,EARN1974,EARN1975,EARN1976,EARN1977,EARN1978,EARN1979,EARN1980,EARN1981,EARN1982,EARN1983,EARN1984,EARN1985,EARN1986,EARN1987,EARN1988,EARN1989,EARN1990,EARN1991,EARN1992,EARN1993,EARN1994,EARN1995,EARN1996,EARN1997,EARN1998,EARN1999,EARN2000,EARN2001,EARN2002,EARN2003,EARN2004,EARN2005,EARN2006,EARN2007,EARN2008,EARN2009,EARN2010,EARN2011,EARN2012,EARN2013,EARN2014,EARN2015,EARN2016,EARN2017,EARN2018,EARN2019,EARN2020,EARN2021,EARN2022,EARN2023,EARN2024,EARN2025,EARN2026,EARN2027,EARN2028,EARN2029,EARN2030,EARN2031,EARN2032,EARN2033,EARN2034,EARN2035,EARN2036,EARN2037,EARN2038,EARN2039,EARN2040,EARN2041,EARN2042,EARN2043,EARN2044,EARN2045,EARN2046,EARN2047,EARN2048,EARN2049,EARN2050,EARN2051,EARN2052,EARN2053,EARN2054,EARN2055,EARN2056,EARN2057,EARN2058,EARN2059,EARN2060,EARN2061,EARN2062,EARN2063,EARN2064,EARN2065,EARN2066,EARN2067
1,3000,4,1,1800,4,28,281,100281,200281,282.8937683105469,76,72,1934,1938,17,18,19,20,21,22,23,24,25,26,27,28,29,30,31,32,33,34,35,36,37,38,39,40,41,42,43,44,45,46,47,48,49,50,51,52,53,54,55,56,57,58,59,60,61,62,63,64,65,66,67,68,69,70,71,72,73,74,75,76,77,78,79,80,81,82,83,84,85,86,87,88,89,90,91,92,93,94,95,96,97,98,99,100,101,102,103,104,105,106,107,108,109,110,111,112,113,114,115,116,117,118,119,120,121,122,123,124,125,126,127,128,129,130,131,132,133,134,135,136,137,138,139,140,141,142,143,144,145,146,147,148,149,150,151,152,153,154,155,156,157,158,159,160,161,162,163,164,165,166,167,168,169,170,171,172,173,174,175,176,177,1,2,1,,9999,1,2010,0,0,0,0,0,0,0,0,0,0,99940.171875,105427.4453125,111069.3828125,117121.6015625,123302.96875,130997.5,138932.65625,149129.328125,160736.8125,173259.203125,185706.875,197141.125,212943.78125,240605.84375,266337.59375,286615.34375,310936.5,338221.96875,373949.375,419951.25,463183.96875,494134.84375,519843.71875,543547.5625,565865.6875,580719.75,600362.5,624622.25,651714,679070.1875,699392.1875,714476.6875,727516.75,736720.1875,745018,752474.8125,755868.8125,751055.125,750000,308145.5625,308409.15625,306104.28125,305702,305962.5,306935.53125,307238.46875,306315.8125,306089.71875,83261.9296875,82000,0,0,0,0,0,0,0,0,0,0,0,0,0,0,0,0,0,0,0,0,0,0,0,0,0,0,0,0,0,0,0,0,0,0,0,0,0,0,0,0,0,0,0,0,0,0,0,0,0,0,0,0,0,0,0,0,0
1,3000,4,1,1800,4,28,281,200281,100281,282.8937683105469,72,76,1938,1934,13,14,15,16,17,18,19,20,21,22,23,24,25,26,27,28,29,30,31,32,33,34,35,36,37,38,39,40,41,42,43,44,45,46,47,48,49,50,51,52,53,54,55,56,57,58,59,60,61,62,63,64,65,66,67,68,69,70,71,72,73,74,75,76,77,78,79,80,81,82,83,84,85,86,87,88,89,90,91,92,93,94,95,96,97,98,99,100,101,102,103,104,105,106,107,108,109,110,111,112,113,114,115,116,117,118,119,120,121,122,123,124,125,126,127,128,129,130,131,132,133,134,135,136,137,138,139,140,141,142,143,144,145,146,147,148,149,150,151,152,153,154,155,156,157,158,159,160,161,162,163,164,165,166,167,168,169,170,171,172,173,2,1,1,,,2,2010,0,0,0,0,0,1836.8221435546875,2004.48388671875,2169.6806640625,2324.647705078125,2821.6767578125,3000,0,0,0,0,0,0,0,0,0,0,0,0,0,0,0,0,0,0,0,0,0,0,0,0,0,0,0,0,0,0,0,0,0,0,0,0,0,0,7921.91552734375,7972.669921875,7956.560546875,7989.33984375,8039.2421875,8107.84814453125,8158.7412109375,8176.7998046875,8213.083984375,7977.22509765625,0,0,0,0,0,0,0,0,0,0,0,0,0,0,0,0,0,0,0,0,0,0,0,0,0,0,0,0,0,0,0,0,0,0,0,0,0,0,0,0,0,0,0,0,0,0,0,0,0,0,0,0,0,0,0,0,0,0
1,3000,4,1,1800,4,28,282,100282,200282,283.9653625488281,76,72,1934,1938,17,18,19,20,21,22,23,24,25,26,27,28,29,30,31,32,33,34,35,36,37,38,39,40,41,42,43,44,45,46,47,48,49,50,51,52,53,54,55,56,57,58,59,60,61,62,63,64,65,66,67,68,69,70,71,72,73,74,75,76,77,78,79,80,81,82,83,84,85,86,87,88,89,90,91,92,93,94,95,96,97,98,99,100,101,102,103,104,105,106,107,108,109,110,111,112,113,114,115,116,117,118,119,120,121,122,123,124,125,126,127,128,129,130,131,132,133,134,135,136,137,138,139,140,141,142,143,144,145,146,147,148,149,150,151,152,153,154,155,156,157,158,159,160,161,162,163,164,165,166,167,168,169,170,171,172,173,174,175,176,177,1,2,1,,9999,1,2010,0,0,0,0,0,0,0,0,0,0,99940.171875,105427.4453125,111069.3828125,117121.6015625,123302.96875,130997.5,138932.65625,149129.328125,160736.8125,173259.203125,185706.875,197141.125,212943.78125,240605.84375,266337.59375,286615.34375,310936.5,338221.96875,373949.375,419951.25,463183.96875,494134.84375,519843.71875,543547.5625,565865.6875,580719.75,600362.5,624622.25,651714,679070.1875,699392.1875,714476.6875,727516.75,736720.1875,745018,752474.8125,755868.8125,751055.125,750000,225472.28125,225665.15625,223978.65625,223684.3125,223874.921875,224586.90625,224808.546875,224133.4375,223968.015625,60923.33984375,60000,0,0,0,0,0,0,0,0,0,0,0,0,0,0,0,0,0,0,0,0,0,0,0,0,0,0,0,0,0,0,0,0,0,0,0,0,0,0,0,0,0,0,0,0,0,0,0,0,0,0,0,0,0,0,0,0,0
1,3000,4,1,1800,4,28,282,200282,100282,283.9653625488281,72,76,1938,1934,13,14,15,16,17,18,19,20,21,22,23,24,25,26,27,28,29,30,31,32,33,34,35,36,37,38,39,40,41,42,43,44,45,46,47,48,49,50,51,52,53,54,55,56,57,58,59,60,61,62,63,64,65,66,67,68,69,70,71,72,73,74,75,76,77,78,79,80,81,82,83,84,85,86,87,88,89,90,91,92,93,94,95,96,97,98,99,100,101,102,103,104,105,106,107,108,109,110,111,112,113,114,115,116,117,118,119,120,121,122,123,124,125,126,127,128,129,130,131,132,133,134,135,136,137,138,139,140,141,142,143,144,145,146,147,148,149,150,151,152,153,154,155,156,157,158,159,160,161,162,163,164,165,166,167,168,169,170,171,172,173,2,1,1,,,2,2010,0,0,0,0,0,1836.8221435546875,2004.48388671875,2169.6806640625,2324.647705078125,2821.6767578125,3000,0,0,0,0,0,0,0,0,0,0,0,0,0,0,0,0,0,0,0,0,0,0,0,0,0,0,0,0,0,0,0,0,0,0,0,0,0,0,7921.91552734375,7972.669921875,7956.560546875,7989.33984375,8039.2421875,8107.84814453125,8158.7412109375,8176.7998046875,8213.083984375,7977.22509765625,0,0,0,0,0,0,0,0,0,0,0,0,0,0,0,0,0,0,0,0,0,0,0,0,0,0,0,0,0,0,0,0,0,0,0,0,0,0,0,0,0,0,0,0,0,0,0,0,0,0,0,0,0,0,0,0,0,0
1,3000,4,1,1800,4,28,283,100283,200283,282.2615661621094,76,72,1934,1938,17,18,19,20,21,22,23,24,25,26,27,28,29,30,31,32,33,34,35,36,37,38,39,40,41,42,43,44,45,46,47,48,49,50,51,52,53,54,55,56,57,58,59,60,61,62,63,64,65,66,67,68,69,70,71,72,73,74,75,76,77,78,79,80,81,82,83,84,85,86,87,88,89,90,91,92,93,94,95,96,97,98,99,100,101,102,103,104,105,106,107,108,109,110,111,112,113,114,115,116,117,118,119,120,121,122,123,124,125,126,127,128,129,130,131,132,133,134,135,136,137,138,139,140,141,142,143,144,145,146,147,148,149,150,151,152,153,154,155,156,157,158,159,160,161,162,163,164,165,166,167,168,169,170,171,172,173,174,175,176,177,1,2,1,,9999,1,2010,0,0,0,0,0,0,0,0,0,0,99940.171875,105427.4453125,111069.3828125,117121.6015625,123302.96875,130997.5,138932.65625,149129.328125,160736.8125,173259.203125,185706.875,197141.125,212943.78125,240605.84375,266337.59375,286615.34375,310936.5,338221.96875,373949.375,419951.25,463183.96875,494134.84375,519843.71875,543547.5625,565865.6875,580719.75,600362.5,624622.25,651714,679070.1875,699392.1875,714476.6875,727516.75,736720.1875,745018,752474.8125,755868.8125,751055.125,750000,300629.84375,300887,298638.34375,298245.875,298500.03125,299449.34375,299744.875,298844.71875,298624.15625,81231.15625,80000,0,0,0,0,0,0,0,0,0,0,0,0,0,0,0,0,0,0,0,0,0,0,0,0,0,0,0,0,0,0,0,0,0,0,0,0,0,0,0,0,0,0,0,0,0,0,0,0,0,0,0,0,0,0,0,0,0
1,3000,4,1,1800,4,28,283,200283,100283,282.2615661621094,72,76,1938,1934,13,14,15,16,17,18,19,20,21,22,23,24,25,26,27,28,29,30,31,32,33,34,35,36,37,38,39,40,41,42,43,44,45,46,47,48,49,50,51,52,53,54,55,56,57,58,59,60,61,62,63,64,65,66,67,68,69,70,71,72,73,74,75,76,77,78,79,80,81,82,83,84,85,86,87,88,89,90,91,92,93,94,95,96,97,98,99,100,101,102,103,104,105,106,107,108,109,110,111,112,113,114,115,116,117,118,119,120,121,122,123,124,125,126,127,128,129,130,131,132,133,134,135,136,137,138,139,140,141,142,143,144,145,146,147,148,149,150,151,152,153,154,155,156,157,158,159,160,161,162,163,164,165,166,167,168,169,170,171,172,173,2,1,1,,,2,2010,0,0,0,0,0,1836.8221435546875,2004.48388671875,2169.6806640625,2324.647705078125,2821.6767578125,3000,0,0,0,0,0,0,0,0,0,0,0,0,0,0,0,0,0,0,0,0,0,0,0,0,0,0,0,0,0,0,0,0,0,0,0,0,0,0,7921.91552734375,7972.669921875,7956.560546875,7989.33984375,8039.2421875,8107.84814453125,8158.7412109375,8176.7998046875,8213.083984375,7977.22509765625,0,0,0,0,0,0,0,0,0,0,0,0,0,0,0,0,0,0,0,0,0,0,0,0,0,0,0,0,0,0,0,0,0,0,0,0,0,0,0,0,0,0,0,0,0,0,0,0,0,0,0,0,0,0,0,0,0,0
1,3000,4,1,1800,4,28,284,100284,200284,287.9097900390625,76,72,1934,1938,17,18,19,20,21,22,23,24,25,26,27,28,29,30,31,32,33,34,35,36,37,38,39,40,41,42,43,44,45,46,47,48,49,50,51,52,53,54,55,56,57,58,59,60,61,62,63,64,65,66,67,68,69,70,71,72,73,74,75,76,77,78,79,80,81,82,83,84,85,86,87,88,89,90,91,92,93,94,95,96,97,98,99,100,101,102,103,104,105,106,107,108,109,110,111,112,113,114,115,116,117,118,119,120,121,122,123,124,125,126,127,128,129,130,131,132,133,134,135,136,137,138,139,140,141,142,143,144,145,146,147,148,149,150,151,152,153,154,155,156,157,158,159,160,161,162,163,164,165,166,167,168,169,170,171,172,173,174,175,176,177,1,2,1,,9999,1,2010,0,0,0,0,0,0,0,0,0,0,99940.171875,105427.4453125,111069.3828125,117121.6015625,123302.96875,130997.5,138932.65625,149129.328125,160736.8125,173259.203125,185706.875,197141.125,212943.78125,240605.84375,266337.59375,286615.34375,310936.5,338221.96875,373949.375,419951.25,463183.96875,494134.84375,519843.71875,543547.5625,565865.6875,580719.75,600362.5,624622.25,651714,679070.1875,699392.1875,714476.6875,727516.75,736720.1875,745018,752474.8125,755868.8125,751055.125,750000,244261.65625,244470.609375,242643.578125,242324.703125,242531.1875,243302.5,243542.625,242811.25,242632.046875,66000.296875,65000,0,0,0,0,0,0,0,0,0,0,0,0,0,0,0,0,0,0,0,0,0,0,0,0,0,0,0,0,0,0,0,0,0,0,0,0,0,0,0,0,0,0,0,0,0,0,0,0,0,0,0,0,0,0,0,0,0
1,3000,4,1,1800,4,28,284,200284,100284,287.9097900390625,72,76,1938,1934,13,14,15,16,17,18,19,20,21,22,23,24,25,26,27,28,29,30,31,32,33,34,35,36,37,38,39,40,41,42,43,44,45,46,47,48,49,50,51,52,53,54,55,56,57,58,59,60,61,62,63,64,65,66,67,68,69,70,71,72,73,74,75,76,77,78,79,80,81,82,83,84,85,86,87,88,89,90,91,92,93,94,95,96,97,98,99,100,101,102,103,104,105,106,107,108,109,110,111,112,113,114,115,116,117,118,119,120,121,122,123,124,125,126,127,128,129,130,131,132,133,134,135,136,137,138,139,140,141,142,143,144,145,146,147,148,149,150,151,152,153,154,155,156,157,158,159,160,161,162,163,164,165,166,167,168,169,170,171,172,173,2,1,1,,,2,2010,0,0,0,0,0,1836.8221435546875,2004.48388671875,2169.6806640625,2324.647705078125,2821.6767578125,3000,0,0,0,0,0,0,0,0,0,0,0,0,0,0,0,0,0,0,0,0,0,0,0,0,0,0,0,0,0,0,0,0,0,0,0,0,0,0,7921.91552734375,7972.669921875,7956.560546875,7989.33984375,8039.2421875,8107.84814453125,8158.7412109375,8176.7998046875,8213.083984375,7977.22509765625,0,0,0,0,0,0,0,0,0,0,0,0,0,0,0,0,0,0,0,0,0,0,0,0,0,0,0,0,0,0,0,0,0,0,0,0,0,0,0,0,0,0,0,0,0,0,0,0,0,0,0,0,0,0,0,0,0,0
1,3000,4,1,1800,4,28,285,100285,200285,276.06689453125,76,72,1934,1938,17,18,19,20,21,22,23,24,25,26,27,28,29,30,31,32,33,34,35,36,37,38,39,40,41,42,43,44,45,46,47,48,49,50,51,52,53,54,55,56,57,58,59,60,61,62,63,64,65,66,67,68,69,70,71,72,73,74,75,76,77,78,79,80,81,82,83,84,85,86,87,88,89,90,91,92,93,94,95,96,97,98,99,100,101,102,103,104,105,106,107,108,109,110,111,112,113,114,115,116,117,118,119,120,121,122,123,124,125,126,127,128,129,130,131,132,133,134,135,136,137,138,139,140,141,142,143,144,145,146,147,148,149,150,151,152,153,154,155,156,157,158,159,160,161,162,163,164,165,166,167,168,169,170,171,172,173,174,175,176,177,1,2,1,,9999,1,2010,0,0,0,0,0,0,0,0,0,0,99940.171875,105427.4453125,111069.3828125,117121.6015625,123302.96875,130997.5,138932.65625,149129.328125,160736.8125,173259.203125,185706.875,197141.125,212943.78125,240605.84375,266337.59375,286615.34375,310936.5,338221.96875,373949.375,419951.25,463183.96875,494134.84375,519843.71875,543547.5625,565865.6875,580719.75,600362.5,624622.25,651714,679070.1875,699392.1875,714476.6875,727516.75,736720.1875,745018,752474.8125,755868.8125,751055.125,750000,338208.40625,338497.71875,335968,335526.46875,335812.375,336880.34375,337212.84375,336200.15625,335952.03125,91385.015625,90000,0,0,0,0,0,0,0,0,0,0,0,0,0,0,0,0,0,0,0,0,0,0,0,0,0,0,0,0,0,0,0,0,0,0,0,0,0,0,0,0,0,0,0,0,0,0,0,0,0,0,0,0,0,0,0,0,0
1,3000,4,1,1800,4,28,285,200285,100285,276.06689453125,72,76,1938,1934,13,14,15,16,17,18,19,20,21,22,23,24,25,26,27,28,29,30,31,32,33,34,35,36,37,38,39,40,41,42,43,44,45,46,47,48,49,50,51,52,53,54,55,56,57,58,59,60,61,62,63,64,65,66,67,68,69,70,71,72,73,74,75,76,77,78,79,80,81,82,83,84,85,86,87,88,89,90,91,92,93,94,95,96,97,98,99,100,101,102,103,104,105,106,107,108,109,110,111,112,113,114,115,116,117,118,119,120,121,122,123,124,125,126,127,128,129,130,131,132,133,134,135,136,137,138,139,140,141,142,143,144,145,146,147,148,149,150,151,152,153,154,155,156,157,158,159,160,161,162,163,164,165,166,167,168,169,170,171,172,173,2,1,1,,,2,2010,0,0,0,0,0,1836.8221435546875,2004.48388671875,2169.6806640625,2324.647705078125,2821.6767578125,3000,0,0,0,0,0,0,0,0,0,0,0,0,0,0,0,0,0,0,0,0,0,0,0,0,0,0,0,0,0,0,0,0,0,0,0,0,0,0,7921.91552734375,7972.669921875,7956.560546875,7989.33984375,8039.2421875,8107.84814453125,8158.7412109375,8176.7998046875,8213.083984375,7977.22509765625,0,0,0,0,0,0,0,0,0,0,0,0,0,0,0,0,0,0,0,0,0,0,0,0,0,0,0,0,0,0,0,0,0,0,0,0,0,0,0,0,0,0,0,0,0,0,0,0,0,0,0,0,0,0,0,0,0,0
0,0,0,0,0,0,907,9071,109071,0,3848.317626953125,51,0,1959,0,0,0,0,0,0,0,0,0,0,1,2,3,4,5,6,7,8,9,10,11,12,13,14,15,16,17,18,19,20,21,22,23,24,25,26,27,28,29,30,31,32,33,34,35,36,37,38,39,40,41,42,43,44,45,46,47,48,49,50,51,52,53,54,55,56,57,58,59,60,61,62,63,64,65,66,67,68,69,70,71,72,73,74,75,76,77,78,79,80,81,82,83,84,85,86,87,88,89,90,91,92,93,94,95,96,97,98,99,100,101,102,103,104,105,106,107,108,109,110,111,112,113,114,115,116,117,118,119,120,121,122,123,124,125,126,127,128,129,130,131,132,133,134,135,136,137,138,139,140,141,142,143,144,145,146,147,148,149,150,151,152,1,0,0,2026,2029,1,2010,0,0,0,0,0,0,0,0,0,0,0,0,0,0,0,0,0,0,0,0,0,0,0,0,0,0,0,0,0,0,0,0,0,0,0,0,0,0,0,0,0,0,19699.73828125,20741.705078125,21808.84765625,22902.494140625,23920,74485.046875,77336.2578125,81018.125,84309.7890625,87005.078125,90343.7109375,94013.953125,98060.8671875,102058.265625,94722.0546875,98413.453125,98878.8203125,101250,104268.75,106513.9140625,108055.859375,109536.921875,109535.4609375,110268.9453125,111638.3046875,113183.0390625,113885.4296875,114015.3984375,117450.59375,123452.7421875,126246.53125,127571.21875,128120.109375,128213.234375,36033.7734375,35922.5078125,35764.875,0,0,0,0,0,0,0,0,0,0,0,0,0,0,0,0,0,0,0,0,0,0,0,0,0,0,0,0,0,0,0,0,0,0,0,0,0,0
0,0,0,0,0,0,907,9072,109072,0,3742.931396484375,51,0,1959,0,0,0,0,0,0,0,0,0,0,1,2,3,4,5,6,7,8,9,10,11,12,13,14,15,16,17,18,19,20,21,22,23,24,25,26,27,28,29,30,31,32,33,34,35,36,37,38,39,40,41,42,43,44,45,46,47,48,49,50,51,52,53,54,55,56,57,58,59,60,61,62,63,64,65,66,67,68,69,70,71,72,73,74,75,76,77,78,79,80,81,82,83,84,85,86,87,88,89,90,91,92,93,94,95,96,97,98,99,100,101,102,103,104,105,106,107,108,109,110,111,112,113,114,115,116,117,118,119,120,121,122,123,124,125,126,127,128,129,130,131,132,133,134,135,136,137,138,139,140,141,142,143,144,145,146,147,148,149,150,151,152,1,0,0,2026,2029,1,2010,0,0,0,0,0,0,0,0,0,0,0,0,0,0,0,0,0,0,0,0,0,0,0,0,0,0,0,0,0,0,0,0,0,0,0,0,0,0,0,0,0,0,19699.73828125,20741.705078125,21808.84765625,22902.494140625,23920,70071.125,72753.375,76217.0625,79313.65625,81849.2265625,84990.015625,88442.7578125,92249.859375,96010.375,89108.8984375,92581.5546875,93019.34375,95250,98089.8671875,100201.984375,101652.5546875,103045.8515625,103044.4765625,103734.5,105022.7109375,106475.90625,107136.671875,107258.9453125,110490.5625,116137.0390625,118765.265625,120011.453125,120527.8125,120615.421875,33898.44140625,33793.76953125,33645.4765625,0,0,0,0,0,0,0,0,0,0,0,0,0,0,0,0,0,0,0,0,0,0,0,0,0,0,0,0,0,0,0,0,0,0,0,0,0,0
0,0,0,0,0,0,907,9073,109073,0,3555.748779296875,51,0,1959,0,0,0,0,0,0,0,0,0,0,1,2,3,4,5,6,7,8,9,10,11,12,13,14,15,16,17,18,19,20,21,22,23,24,25,26,27,28,29,30,31,32,33,34,35,36,37,38,39,40,41,42,43,44,45,46,47,48,49,50,51,52,53,54,55,56,57,58,59,60,61,62,63,64,65,66,67,68,69,70,71,72,73,74,75,76,77,78,79,80,81,82,83,84,85,86,87,88,89,90,91,92,93,94,95,96,97,98,99,100,101,102,103,104,105,106,107,108,109,110,111,112,113,114,115,116,117,118,119,120,121,122,123,124,125,126,127,128,129,130,131,132,133,134,135,136,137,138,139,140,141,142,143,144,145,146,147,148,149,150,151,152,1,0,0,2026,2029,1,2010,0,0,0,0,0,0,0,0,0,0,0,0,0,0,0,0,0,0,0,0,0,0,0,0,0,0,0,0,0,0,0,0,0,0,0,0,0,0,0,0,0,0,19699.73828125,20741.705078125,21808.84765625,22902.494140625,23920,62089.2265625,64465.9375,67535.0703125,70278.9296875,72525.671875,75308.6875,78368.125,81741.5546875,85073.703125,78958.3828125,82035.4609375,82423.3828125,84400,86916.3125,88787.8359375,90073.171875,91307.7578125,91306.5390625,91917.9609375,93059.4296875,94347.0859375,94932.5859375,95040.9296875,97904.4375,102907.7109375,105236.546875,106340.7890625,106798.328125,106875.953125,30037.025390625,29944.2734375,29812.873046875,0,0,0,0,0,0,0,0,0,0,0,0,0,0,0,0,0,0,0,0,0,0,0,0,0,0,0,0,0,0,0,0,0,0,0,0,0,0
0,0,0,0,0,0,907,9074,109074,0,3950.72705078125,51,0,1959,0,0,0,0,0,0,0,0,0,0,1,2,3,4,5,6,7,8,9,10,11,12,13,14,15,16,17,18,19,20,21,22,23,24,25,26,27,28,29,30,31,32,33,34,35,36,37,38,39,40,41,42,43,44,45,46,47,48,49,50,51,52,53,54,55,56,57,58,59,60,61,62,63,64,65,66,67,68,69,70,71,72,73,74,75,76,77,78,79,80,81,82,83,84,85,86,87,88,89,90,91,92,93,94,95,96,97,98,99,100,101,102,103,104,105,106,107,108,109,110,111,112,113,114,115,116,117,118,119,120,121,122,123,124,125,126,127,128,129,130,131,132,133,134,135,136,137,138,139,140,141,142,143,144,145,146,147,148,149,150,151,152,1,0,0,2026,2029,1,2010,0,0,0,0,0,0,0,0,0,0,0,0,0,0,0,0,0,0,0,0,0,0,0,0,0,0,0,0,0,0,0,0,0,0,0,0,0,0,0,0,0,0,19699.73828125,20741.705078125,21808.84765625,22902.494140625,23920,73749.375,76572.421875,80217.9296875,83477.078125,86145.75,89451.4140625,93085.3984375,97092.34375,101050.265625,93786.5078125,97441.4453125,97902.21875,100250,103238.9140625,105461.8984375,106988.6171875,108455.0546875,108453.609375,109179.84375,110535.6796875,112065.15625,112760.609375,112889.3046875,116290.5625,122233.4375,124999.625,126311.234375,126854.6953125,126946.90625,35677.87890625,35567.7109375,35411.6328125,0,0,0,0,0,0,0,0,0,0,0,0,0,0,0,0,0,0,0,0,0,0,0,0,0,0,0,0,0,0,0,0,0,0,0,0,0,0
0,0,0,0,0,0,907,9075,109075,0,3737.00341796875,51,0,1959,0,0,0,0,0,0,0,0,0,0,1,2,3,4,5,6,7,8,9,10,11,12,13,14,15,16,17,18,19,20,21,22,23,24,25,26,27,28,29,30,31,32,33,34,35,36,37,38,39,40,41,42,43,44,45,46,47,48,49,50,51,52,53,54,55,56,57,58,59,60,61,62,63,64,65,66,67,68,69,70,71,72,73,74,75,76,77,78,79,80,81,82,83,84,85,86,87,88,89,90,91,92,93,94,95,96,97,98,99,100,101,102,103,104,105,106,107,108,109,110,111,112,113,114,115,116,117,118,119,120,121,122,123,124,125,126,127,128,129,130,131,132,133,134,135,136,137,138,139,140,141,142,143,144,145,146,147,148,149,150,151,152,1,0,0,2026,2029,1,2010,0,0,0,0,0,0,0,0,0,0,0,0,0,0,0,0,0,0,0,0,0,0,0,0,0,0,0,0,0,0,0,0,0,0,0,0,0,0,0,0,0,0,19699.73828125,20741.705078125,21808.84765625,22902.494140625,23920,63450.19140625,65879,69015.40625,71819.4140625,74115.3984375,76959.421875,80085.9140625,83533.2890625,86938.4765625,80689.1171875,83833.640625,84230.0625,86250,88821.4765625,90734.0234375,92047.5390625,93309.1796875,93307.9375,93932.7578125,95099.2421875,96415.1328125,97013.4609375,97124.1796875,100050.453125,105163.3984375,107543.28125,108671.7265625,109139.296875,109218.625,30695.421875,30600.638671875,30466.357421875,0,0,0,0,0,0,0,0,0,0,0,0,0,0,0,0,0,0,0,0,0,0,0,0,0,0,0,0,0,0,0,0,0,0,0,0,0,0
0,0,0,0,0,0,1292,12921,112921,212921,2819.97705078125,55,48,1955,1962,0,0,0,0,0,1,2,3,4,5,6,7,8,9,10,11,12,13,14,15,16,17,18,19,20,21,22,23,24,25,26,27,28,29,30,31,32,33,34,35,36,37,38,39,40,41,42,43,44,45,46,47,48,49,50,51,52,53,54,55,56,57,58,59,60,61,62,63,64,65,66,67,68,69,70,71,72,73,74,75,76,77,78,79,80,81,82,83,84,85,86,87,88,89,90,91,92,93,94,95,96,97,98,99,100,101,102,103,104,105,106,107,108,109,110,111,112,113,114,115,116,117,118,119,120,121,122,123,124,125,126,127,128,129,130,131,132,133,134,135,136,137,138,139,140,141,142,143,144,145,146,147,148,149,150,151,152,153,154,155,156,1,2,1,,,1,2010,0,0,0,0,0,0,0,0,0,0,0,0,0,0,0,0,0,0,0,0,0,0,9940.2978515625,11605.322265625,13273.9462890625,14759.9052734375,16545.19921875,18595.96484375,21244.48828125,24651.81640625,28094.3984375,30969.076171875,33664.53125,36370.8515625,39124.23828125,41487.30859375,44317.90234375,47643.015625,51363.59375,55300.51953125,58850.79296875,69382.75,73000,76383.4296875,79814.0859375,83295.4609375,86455.4453125,88763.390625,91588.3125,95352.40625,98609.6875,101129.6015625,104357.5234375,107921.9609375,111867.875,115704.53125,119195.75,123071.1484375,122884.515625,0,0,0,0,0,0,0,0,0,0,0,0,0,0,0,0,0,0,0,0,0,0,0,0,0,0,0,0,0,0,0,0,0,0,0,0,0,0,0,0,0,0,0,0,0,0,0,0,0,0,0,0,0,0,0,0,0,0
0,0,0,0,0,0,1292,12921,212921,112921,2819.97705078125,48,55,1962,1955,0,0,0,0,0,0,0,0,0,0,0,0,1,2,3,4,5,6,7,8,9,10,11,12,13,14,15,16,17,18,19,20,21,22,23,24,25,26,27,28,29,30,31,32,33,34,35,36,37,38,39,40,41,42,43,44,45,46,47,48,49,50,51,52,53,54,55,56,57,58,59,60,61,62,63,64,65,66,67,68,69,70,71,72,73,74,75,76,77,78,79,80,81,82,83,84,85,86,87,88,89,90,91,92,93,94,95,96,97,98,99,100,101,102,103,104,105,106,107,108,109,110,111,112,113,114,115,116,117,118,119,120,121,122,123,124,125,126,127,128,129,130,131,132,133,134,135,136,137,138,139,140,141,142,143,144,145,146,147,148,149,2,1,1,2027,2027,2,2010,0,0,0,0,0,0,0,0,0,0,0,0,0,0,0,0,0,0,0,0,0,0,0,0,0,0,0,0,0,0,0,0,0,0,0,0,0,0,0,0,0,0,0,0,0,9147.810546875,9599.0078125,9963.3935546875,10393.2666015625,10939.1162109375,11436.921875,11857.8642578125,12370.603515625,12933.4970703125,13553.470703125,14172.095703125,14759.888671875,15406.9814453125,15552.40234375,16000,16554.259765625,16989.98828125,17316.740234375,17636.365234375,17718.787109375,17921.0546875,18228.658203125,18567.521484375,18770.310546875,18879.806640625,19539.791015625,20634.625,21200.513671875,21523.39453125,21717.310546875,21834.9765625,21902.16015625,0,0,0,0,0,0,0,0,0,0,0,0,0,0,0,0,0,0,0,0,0,0,0,0,0,0,0,0,0,0,0,0,0,0,0,0,0,0,0,0
0,0,0,0,0,0,1292,12922,112922,212922,2824.497314453125,55,48,1955,1962,0,0,0,0,0,1,2,3,4,5,6,7,8,9,10,11,12,13,14,15,16,17,18,19,20,21,22,23,24,25,26,27,28,29,30,31,32,33,34,35,36,37,38,39,40,41,42,43,44,45,46,47,48,49,50,51,52,53,54,55,56,57,58,59,60,61,62,63,64,65,66,67,68,69,70,71,72,73,74,75,76,77,78,79,80,81,82,83,84,85,86,87,88,89,90,91,92,93,94,95,96,97,98,99,100,101,102,103,104,105,106,107,108,109,110,111,112,113,114,115,116,117,118,119,120,121,122,123,124,125,126,127,128,129,130,131,132,133,134,135,136,137,138,139,140,141,142,143,144,145,146,147,148,149,150,151,152,153,154,155,156,1,2,1,,,1,2010,0,0,0,0,0,0,0,0,0,0,0,0,0,0,0,0,0,0,0,0,0,0,8578.6064453125,10015.5439453125,11455.587890625,12737.990234375,14278.72265625,16048.5595703125,18334.26953125,21274.837890625,24245.830078125,26726.71484375,29052.927734375,31388.517578125,33764.7265625,35804.0859375,38246.92578125,41116.54296875,44327.44921875,47725.0703125,50789,59878.21875,63000,65919.8984375,68880.59375,71885.0625,74612.171875,76603.9609375,79041.90625,82290.3671875,85101.4453125,87276.1640625,90061.8984375,93138.0546875,96543.4296875,99854.515625,102867.484375,106212,106050.9375,0,0,0,0,0,0,0,0,0,0,0,0,0,0,0,0,0,0,0,0,0,0,0,0,0,0,0,0,0,0,0,0,0,0,0,0,0,0,0,0,0,0,0,0,0,0,0,0,0,0,0,0,0,0,0,0,0,0
0,0,0,0,0,0,1292,12922,212922,112922,2824.497314453125,48,55,1962,1955,0,0,0,0,0,0,0,0,0,0,0,0,1,2,3,4,5,6,7,8,9,10,11,12,13,14,15,16,17,18,19,20,21,22,23,24,25,26,27,28,29,30,31,32,33,34,35,36,37,38,39,40,41,42,43,44,45,46,47,48,49,50,51,52,53,54,55,56,57,58,59,60,61,62,63,64,65,66,67,68,69,70,71,72,73,74,75,76,77,78,79,80,81,82,83,84,85,86,87,88,89,90,91,92,93,94,95,96,97,98,99,100,101,102,103,104,105,106,107,108,109,110,111,112,113,114,115,116,117,118,119,120,121,122,123,124,125,126,127,128,129,130,131,132,133,134,135,136,137,138,139,140,141,142,143,144,145,146,147,148,149,2,1,1,2027,2027,2,2010,0,0,0,0,0,0,0,0,0,0,0,0,0,0,0,0,0,0,0,0,0,0,0,0,0,0,0,0,0,0,0,0,0,0,0,0,0,0,0,0,0,0,0,0,0,10863.0244140625,11398.8212890625,11831.529296875,12342.0029296875,12990.19921875,13581.34375,14081.212890625,14690.091796875,15358.52734375,16094.74609375,16829.36328125,17527.3671875,18295.7890625,18468.4765625,19000,19658.181640625,20175.609375,20563.62890625,20943.181640625,21041.05859375,21281.251953125,21646.53125,22048.931640625,22289.7421875,22419.767578125,23203.5,24503.615234375,25175.609375,25559.029296875,25789.3046875,25929.033203125,26008.814453125,0,0,0,0,0,0,0,0,0,0,0,0,0,0,0,0,0,0,0,0,0,0,0,0,0,0,0,0,0,0,0,0,0,0,0,0,0,0,0,0
0,0,0,0,0,0,1292,12923,112923,212923,2810.72216796875,55,48,1955,1962,0,0,0,0,0,1,2,3,4,5,6,7,8,9,10,11,12,13,14,15,16,17,18,19,20,21,22,23,24,25,26,27,28,29,30,31,32,33,34,35,36,37,38,39,40,41,42,43,44,45,46,47,48,49,50,51,52,53,54,55,56,57,58,59,60,61,62,63,64,65,66,67,68,69,70,71,72,73,74,75,76,77,78,79,80,81,82,83,84,85,86,87,88,89,90,91,92,93,94,95,96,97,98,99,100,101,102,103,104,105,106,107,108,109,110,111,112,113,114,115,116,117,118,119,120,121,122,123,124,125,126,127,128,129,130,131,132,133,134,135,136,137,138,139,140,141,142,143,144,145,146,147,148,149,150,151,152,153,154,155,156,1,2,1,,,1,2010,0,0,0,0,0,0,0,0,0,0,0,0,0,0,0,0,0,0,0,0,0,0,7216.9287109375,8425.78125,9637.248046875,10716.095703125,12012.267578125,13501.1796875,15424.0810546875,17897.892578125,20397.302734375,22484.3984375,24441.37109375,26406.234375,28405.267578125,30120.921875,32176.009765625,34590.13671875,37291.375,40149.69140625,42727.2890625,50373.78125,53000,55456.46484375,57947.21484375,60474.78515625,62769.01953125,64444.65234375,66495.625,69228.4609375,71593.3359375,73422.859375,75766.421875,78354.296875,81219.140625,84004.65625,86539.375,89353.0234375,89217.5234375,0,0,0,0,0,0,0,0,0,0,0,0,0,0,0,0,0,0,0,0,0,0,0,0,0,0,0,0,0,0,0,0,0,0,0,0,0,0,0,0,0,0,0,0,0,0,0,0,0,0,0,0,0,0,0,0,0,0
0,0,0,0,0,0,1292,12923,212923,112923,2810.72216796875,48,55,1962,1955,0,0,0,0,0,0,0,0,0,0,0,0,1,2,3,4,5,6,7,8,9,10,11,12,13,14,15,16,17,18,19,20,21,22,23,24,25,26,27,28,29,30,31,32,33,34,35,36,37,38,39,40,41,42,43,44,45,46,47,48,49,50,51,52,53,54,55,56,57,58,59,60,61,62,63,64,65,66,67,68,69,70,71,72,73,74,75,76,77,78,79,80,81,82,83,84,85,86,87,88,89,90,91,92,93,94,95,96,97,98,99,100,101,102,103,104,105,106,107,108,109,110,111,112,113,114,115,116,117,118,119,120,121,122,123,124,125,126,127,128,129,130,131,132,133,134,135,136,137,138,139,140,141,142,143,144,145,146,147,148,149,2,1,1,2027,2027,2,2010,0,0,0,0,0,0,0,0,0,0,0,0,0,0,0,0,0,0,0,0,0,0,0,0,0,0,0,0,0,0,0,0,0,0,0,0,0,0,0,0,0,0,0,0,0,11434.763671875,11998.759765625,12454.2431640625,12991.5830078125,13673.8955078125,14296.15234375,14822.330078125,15463.2548828125,16166.8720703125,16941.83984375,17715.12109375,18449.861328125,19258.7265625,19440.50390625,20000,20692.826171875,21237.484375,21645.927734375,22045.45703125,22148.484375,22401.3203125,22785.82421875,23209.40234375,23462.888671875,23599.7578125,24424.740234375,25793.28125,26500.642578125,26904.244140625,27146.640625,27293.720703125,27377.701171875,0,0,0,0,0,0,0,0,0,0,0,0,0,0,0,0,0,0,0,0,0,0,0,0,0,0,0,0,0,0,0,0,0,0,0,0,0,0,0,0
0,0,0,0,0,0,1292,12924,112924,212924,2817.02587890625,55,48,1955,1962,0,0,0,0,0,1,2,3,4,5,6,7,8,9,10,11,12,13,14,15,16,17,18,19,20,21,22,23,24,25,26,27,28,29,30,31,32,33,34,35,36,37,38,39,40,41,42,43,44,45,46,47,48,49,50,51,52,53,54,55,56,57,58,59,60,61,62,63,64,65,66,67,68,69,70,71,72,73,74,75,76,77,78,79,80,81,82,83,84,85,86,87,88,89,90,91,92,93,94,95,96,97,98,99,100,101,102,103,104,105,106,107,108,109,110,111,112,113,114,115,116,117,118,119,120,121,122,123,124,125,126,127,128,129,130,131,132,133,134,135,136,137,138,139,140,141,142,143,144,145,146,147,148,149,150,151,152,153,154,155,156,1,2,1,,,1,2010,0,0,0,0,0,0,0,0,0,0,0,0,0,0,0,0,0,0,0,0,0,0,10212.62890625,11923.2685546875,13637.607421875,15164.27734375,16998.482421875,19105.431640625,21826.517578125,25327.193359375,28864.08984375,31817.525390625,34586.82421875,37367.2890625,40196.109375,42623.921875,45532.0625,48948.27734375,52770.78515625,56815.5703125,60463.109375,71283.609375,75000,78476.0859375,82000.7265625,85577.4765625,88824.03125,91195.2109375,94097.53125,97964.7421875,101311.2578125,103900.21875,107216.5703125,110878.6640625,114932.6796875,118874.4453125,122461.3125,126442.890625,126251.140625,0,0,0,0,0,0,0,0,0,0,0,0,0,0,0,0,0,0,0,0,0,0,0,0,0,0,0,0,0,0,0,0,0,0,0,0,0,0,0,0,0,0,0,0,0,0,0,0,0,0,0,0,0,0,0,0,0,0
0,0,0,0,0,0,1292,12924,212924,112924,2817.02587890625,48,55,1962,1955,0,0,0,0,0,0,0,0,0,0,0,0,1,2,3,4,5,6,7,8,9,10,11,12,13,14,15,16,17,18,19,20,21,22,23,24,25,26,27,28,29,30,31,32,33,34,35,36,37,38,39,40,41,42,43,44,45,46,47,48,49,50,51,52,53,54,55,56,57,58,59,60,61,62,63,64,65,66,67,68,69,70,71,72,73,74,75,76,77,78,79,80,81,82,83,84,85,86,87,88,89,90,91,92,93,94,95,96,97,98,99,100,101,102,103,104,105,106,107,108,109,110,111,112,113,114,115,116,117,118,119,120,121,122,123,124,125,126,127,128,129,130,131,132,133,134,135,136,137,138,139,140,141,142,143,144,145,146,147,148,149,2,1,1,2027,2027,2,2010,0,0,0,0,0,0,0,0,0,0,0,0,0,0,0,0,0,0,0,0,0,0,0,0,0,0,0,0,0,0,0,0,0,0,0,0,0,0,0,0,0,0,0,0,0,10291.2822265625,10798.87890625,11208.8134765625,11692.419921875,12306.5,12866.53125,13340.0908203125,13916.9228515625,14550.177734375,15247.6474609375,15943.6005859375,16604.8671875,17332.845703125,17496.4453125,18000,18623.533203125,19113.7265625,19481.32421875,19840.90234375,19933.626953125,20161.177734375,20507.232421875,20888.453125,21116.58984375,21239.771484375,21982.255859375,23213.943359375,23850.56640625,24213.80859375,24431.96484375,24564.337890625,24639.919921875,0,0,0,0,0,0,0,0,0,0,0,0,0,0,0,0,0,0,0,0,0,0,0,0,0,0,0,0,0,0,0,0,0,0,0,0,0,0,0,0
0,0,0,0,0,0,1292,12925,112925,212925,2841.5986328125,55,48,1955,1962,0,0,0,0,0,1,2,3,4,5,6,7,8,9,10,11,12,13,14,15,16,17,18,19,20,21,22,23,24,25,26,27,28,29,30,31,32,33,34,35,36,37,38,39,40,41,42,43,44,45,46,47,48,49,50,51,52,53,54,55,56,57,58,59,60,61,62,63,64,65,66,67,68,69,70,71,72,73,74,75,76,77,78,79,80,81,82,83,84,85,86,87,88,89,90,91,92,93,94,95,96,97,98,99,100,101,102,103,104,105,106,107,108,109,110,111,112,113,114,115,116,117,118,119,120,121,122,123,124,125,126,127,128,129,130,131,132,133,134,135,136,137,138,139,140,141,142,143,144,145,146,147,148,149,150,151,152,153,154,155,156,1,2,1,,,1,2010,0,0,0,0,0,0,0,0,0,0,0,0,0,0,0,0,0,0,0,0,0,0,7625.43115234375,8902.7099609375,10182.7490234375,11322.6630859375,12692.203125,14265.392578125,16297.13671875,18910.974609375,21551.859375,23757.091796875,25824.8359375,27900.916015625,30013.1015625,31825.869140625,33997.28125,36548.0546875,39402.1953125,42422.30078125,45145.796875,53225.10546875,56000,58595.48828125,61227.22265625,63897.86328125,66321.9609375,68092.4375,70259.5,73147.0234375,75645.7578125,77578.84375,80055.0546875,82789.421875,85816.421875,88759.609375,91437.8046875,94410.7109375,94267.5390625,0,0,0,0,0,0,0,0,0,0,0,0,0,0,0,0,0,0,0,0,0,0,0,0,0,0,0,0,0,0,0,0,0,0,0,0,0,0,0,0,0,0,0,0,0,0,0,0,0,0,0,0,0,0,0,0,0,0
0,0,0,0,0,0,1292,12925,212925,112925,2841.5986328125,48,55,1962,1955,0,0,0,0,0,0,0,0,0,0,0,0,1,2,3,4,5,6,7,8,9,10,11,12,13,14,15,16,17,18,19,20,21,22,23,24,25,26,27,28,29,30,31,32,33,34,35,36,37,38,39,40,41,42,43,44,45,46,47,48,49,50,51,52,53,54,55,56,57,58,59,60,61,62,63,64,65,66,67,68,69,70,71,72,73,74,75,76,77,78,79,80,81,82,83,84,85,86,87,88,89,90,91,92,93,94,95,96,97,98,99,100,101,102,103,104,105,106,107,108,109,110,111,112,113,114,115,116,117,118,119,120,121,122,123,124,125,126,127,128,129,130,131,132,133,134,135,136,137,138,139,140,141,142,143,144,145,146,147,148,149,2,1,1,2027,2027,2,2010,0,0,0,0,0,0,0,0,0,0,0,0,0,0,0,0,0,0,0,0,0,0,0,0,0,0,0,0,0,0,0,0,0,0,0,0,0,0,0,0,0,0,0,0,0,9147.810546875,9599.0078125,9963.3935546875,10393.2666015625,10939.1162109375,11436.921875,11857.8642578125,12370.603515625,12933.4970703125,13553.470703125,14172.095703125,14759.888671875,15406.9814453125,15552.40234375,16000,16554.259765625,16989.98828125,17316.740234375,17636.365234375,17718.787109375,17921.0546875,18228.658203125,18567.521484375,18770.310546875,18879.806640625,19539.791015625,20634.625,21200.513671875,21523.39453125,21717.310546875,21834.9765625,21902.16015625,0,0,0,0,0,0,0,0,0,0,0,0,0,0,0,0,0,0,0,0,0,0,0,0,0,0,0,0,0,0,0,0,0,0,0,0,0,0,0,0
0,0,0,0,0,0,1305,13051,113051,0,2666.247802734375,43,0,1967,0,0,0,0,0,0,0,0,0,0,0,0,0,0,0,0,0,0,1,2,3,4,5,6,7,8,9,10,11,12,13,14,15,16,17,18,19,20,21,22,23,24,25,26,27,28,29,30,31,32,33,34,35,36,37,38,39,40,41,42,43,44,45,46,47,48,49,50,51,52,53,54,55,56,57,58,59,60,61,62,63,64,65,66,67,68,69,70,71,72,73,74,75,76,77,78,79,80,81,82,83,84,85,86,87,88,89,90,91,92,93,94,95,96,97,98,99,100,101,102,103,104,105,106,107,108,109,110,111,112,113,114,115,116,117,118,119,120,121,122,123,124,125,126,127,128,129,130,131,132,133,134,135,136,137,138,139,140,141,142,143,144,2,0,0,9999,9999,1,2010,0,0,0,0,0,0,0,0,0,0,0,0,0,0,0,0,0,0,0,0,0,0,0,0,0,0,0,0,0,0,0,0,0,0,0,0,0,12282.5625,13491.751953125,14800.1533203125,16047.705078125,17259.173828125,18501.869140625,19724.923828125,21000,0,0,0,0,0,14900.3779296875,15569.6787109375,16370.001953125,17248.798828125,18217.05078125,19197.5703125,20150.263671875,21198.2421875,21565.7421875,22360,23315.611328125,24116.548828125,24772.67578125,25427.3125,25746.0390625,26243.701171875,26903.0078125,27617.5234375,28137.615234375,28523.2109375,29751.294921875,31664.1015625,32786.99609375,33546.796875,34113.90234375,34567.08203125,34944.75390625,35273.9609375,35559.89453125,35795.609375,35977.890625,36105.1484375,36176.75390625,36192.2109375,36151.3515625,36054.421875,35901.7578125,35694.1171875,35432.4453125,35117.90625,34751.96484375,34336.26171875,0,0,0,0,0,0,0,0,0,0,0,0,0,0,0,0,0,0,0,0,0,0,0,0,0
0,0,0,0,0,0,1305,13052,113052,0,2672.16943359375,43,0,1967,0,0,0,0,0,0,0,0,0,0,0,0,0,0,0,0,0,0,1,2,3,4,5,6,7,8,9,10,11,12,13,14,15,16,17,18,19,20,21,22,23,24,25,26,27,28,29,30,31,32,33,34,35,36,37,38,39,40,41,42,43,44,45,46,47,48,49,50,51,52,53,54,55,56,57,58,59,60,61,62,63,64,65,66,67,68,69,70,71,72,73,74,75,76,77,78,79,80,81,82,83,84,85,86,87,88,89,90,91,92,93,94,95,96,97,98,99,100,101,102,103,104,105,106,107,108,109,110,111,112,113,114,115,116,117,118,119,120,121,122,123,124,125,126,127,128,129,130,131,132,133,134,135,136,137,138,139,140,141,142,143,144,2,0,0,9999,9999,1,2010,0,0,0,0,0,0,0,0,0,0,0,0,0,0,0,0,0,0,0,0,0,0,0,0,0,0,0,0,0,0,0,0,0,0,0,0,0,8188.37451171875,8994.5009765625,9866.7685546875,10698.4697265625,11506.1162109375,12334.5791015625,13149.94921875,14000,0,0,0,0,0,15246.89453125,15931.7607421875,16750.6953125,17649.9296875,18640.697265625,19644.021484375,20618.869140625,21691.21875,22067.265625,22880,23857.830078125,24677.392578125,25348.77734375,26018.638671875,26344.77734375,26854.013671875,27528.65234375,28259.78515625,28791.97265625,29186.53515625,30443.177734375,32400.46875,33549.4765625,34326.9453125,34907.2421875,35370.95703125,35757.4140625,36094.27734375,36386.859375,36628.05859375,36814.57421875,36944.79296875,37018.0625,37033.8828125,36992.07421875,36892.88671875,36736.671875,36524.203125,36256.44921875,35934.59375,35560.140625,35134.76953125,0,0,0,0,0,0,0,0,0,0,0,0,0,0,0,0,0,0,0,0,0,0,0,0,0
0,0,0,0,0,0,1305,13053,113053,0,2669.697021484375,43,0,1967,0,0,0,0,0,0,0,0,0,0,0,0,0,0,0,0,0,0,1,2,3,4,5,6,7,8,9,10,11,12,13,14,15,16,17,18,19,20,21,22,23,24,25,26,27,28,29,30,31,32,33,34,35,36,37,38,39,40,41,42,43,44,45,46,47,48,49,50,51,52,53,54,55,56,57,58,59,60,61,62,63,64,65,66,67,68,69,70,71,72,73,74,75,76,77,78,79,80,81,82,83,84,85,86,87,88,89,90,91,92,93,94,95,96,97,98,99,100,101,102,103,104,105,106,107,108,109,110,111,112,113,114,115,116,117,118,119,120,121,122,123,124,125,126,127,128,129,130,131,132,133,134,135,136,137,138,139,140,141,142,143,144,2,0,0,9999,9999,1,2010,0,0,0,0,0,0,0,0,0,0,0,0,0,0,0,0,0,0,0,0,0,0,0,0,0,0,0,0,0,0,0,0,0,0,0,0,0,11697.6806640625,12849.2900390625,14095.38671875,15283.5322265625,16437.3125,17620.830078125,18785.646484375,20000,0,0,0,0,0,15246.89453125,15931.7607421875,16750.6953125,17649.9296875,18640.697265625,19644.021484375,20618.869140625,21691.21875,22067.265625,22880,23857.830078125,24677.392578125,25348.77734375,26018.638671875,26344.77734375,26854.013671875,27528.65234375,28259.78515625,28791.97265625,29186.53515625,30443.177734375,32400.46875,33549.4765625,34326.9453125,34907.2421875,35370.95703125,35757.4140625,36094.27734375,36386.859375,36628.05859375,36814.57421875,36944.79296875,37018.0625,37033.8828125,36992.07421875,36892.88671875,36736.671875,36524.203125,36256.44921875,35934.59375,35560.140625,35134.76953125,0,0,0,0,0,0,0,0,0,0,0,0,0,0,0,0,0,0,0,0,0,0,0,0,0
0,0,0,0,0,0,1305,13054,113054,0,2684.824462890625,43,0,1967,0,0,0,0,0,0,0,0,0,0,0,0,0,0,0,0,0,0,1,2,3,4,5,6,7,8,9,10,11,12,13,14,15,16,17,18,19,20,21,22,23,24,25,26,27,28,29,30,31,32,33,34,35,36,37,38,39,40,41,42,43,44,45,46,47,48,49,50,51,52,53,54,55,56,57,58,59,60,61,62,63,64,65,66,67,68,69,70,71,72,73,74,75,76,77,78,79,80,81,82,83,84,85,86,87,88,89,90,91,92,93,94,95,96,97,98,99,100,101,102,103,104,105,106,107,108,109,110,111,112,113,114,115,116,117,118,119,120,121,122,123,124,125,126,127,128,129,130,131,132,133,134,135,136,137,138,139,140,141,142,143,144,2,0,0,9999,9999,1,2010,0,0,0,0,0,0,0,0,0,0,0,0,0,0,0,0,0,0,0,0,0,0,0,0,0,0,0,0,0,0,0,0,0,0,0,0,0,12282.5625,13491.751953125,14800.1533203125,16047.705078125,17259.173828125,18501.869140625,19724.923828125,21000,0,0,0,0,0,14900.3779296875,15569.6787109375,16370.001953125,17248.798828125,18217.05078125,19197.5703125,20150.263671875,21198.2421875,21565.7421875,22360,23315.611328125,24116.548828125,24772.67578125,25427.3125,25746.0390625,26243.701171875,26903.0078125,27617.5234375,28137.615234375,28523.2109375,29751.294921875,31664.1015625,32786.99609375,33546.796875,34113.90234375,34567.08203125,34944.75390625,35273.9609375,35559.89453125,35795.609375,35977.890625,36105.1484375,36176.75390625,36192.2109375,36151.3515625,36054.421875,35901.7578125,35694.1171875,35432.4453125,35117.90625,34751.96484375,34336.26171875,0,0,0,0,0,0,0,0,0,0,0,0,0,0,0,0,0,0,0,0,0,0,0,0,0
0,0,0,0,0,0,1305,13055,113055,0,2679.262939453125,43,0,1967,0,0,0,0,0,0,0,0,0,0,0,0,0,0,0,0,0,0,1,2,3,4,5,6,7,8,9,10,11,12,13,14,15,16,17,18,19,20,21,22,23,24,25,26,27,28,29,30,31,32,33,34,35,36,37,38,39,40,41,42,43,44,45,46,47,48,49,50,51,52,53,54,55,56,57,58,59,60,61,62,63,64,65,66,67,68,69,70,71,72,73,74,75,76,77,78,79,80,81,82,83,84,85,86,87,88,89,90,91,92,93,94,95,96,97,98,99,100,101,102,103,104,105,106,107,108,109,110,111,112,113,114,115,116,117,118,119,120,121,122,123,124,125,126,127,128,129,130,131,132,133,134,135,136,137,138,139,140,141,142,143,144,2,0,0,9999,9999,1,2010,0,0,0,0,0,0,0,0,0,0,0,0,0,0,0,0,0,0,0,0,0,0,0,0,0,0,0,0,0,0,0,0,0,0,0,0,0,9943.0234375,10921.890625,11981.072265625,12990.9951171875,13971.7080078125,14977.6982421875,15967.791015625,17000,0,0,0,0,0,14900.3779296875,15569.6787109375,16370.001953125,17248.798828125,18217.05078125,19197.5703125,20150.263671875,21198.2421875,21565.7421875,22360,23315.611328125,24116.548828125,24772.67578125,25427.3125,25746.0390625,26243.701171875,26903.0078125,27617.5234375,28137.615234375,28523.2109375,29751.294921875,31664.1015625,32786.99609375,33546.796875,34113.90234375,34567.08203125,34944.75390625,35273.9609375,35559.89453125,35795.609375,35977.890625,36105.1484375,36176.75390625,36192.2109375,36151.3515625,36054.421875,35901.7578125,35694.1171875,35432.4453125,35117.90625,34751.96484375,34336.26171875,0,0,0,0,0,0,0,0,0,0,0,0,0,0,0,0,0,0,0,0,0,0,0,0,0
0,0,0,0,0,0,1607,16071,116071,216071,4090.908447265625,57,51,1953,1959,0,0,0,1,2,3,4,5,6,7,8,9,10,11,12,13,14,15,16,17,18,19,20,21,22,23,24,25,26,27,28,29,30,31,32,33,34,35,36,37,38,39,40,41,42,43,44,45,46,47,48,49,50,51,52,53,54,55,56,57,58,59,60,61,62,63,64,65,66,67,68,69,70,71,72,73,74,75,76,77,78,79,80,81,82,83,84,85,86,87,88,89,90,91,92,93,94,95,96,97,98,99,100,101,102,103,104,105,106,107,108,109,110,111,112,113,114,115,116,117,118,119,120,121,122,123,124,125,126,127,128,129,130,131,132,133,134,135,136,137,138,139,140,141,142,143,144,145,146,147,148,149,150,151,152,153,154,155,156,157,158,1,2,1,2019,2022,1,2010,0,0,0,0,0,0,0,0,0,0,0,0,0,0,0,0,0,0,0,0,0,0,0,0,0,0,0,0,11865.671875,13725.90625,15594.0126953125,17136.119140625,18569.595703125,20000,0,0,0,0,0,27746.0546875,29722.70703125,31581.751953125,33448.15625,35229.97265625,37055.8828125,38928.11328125,40672.26953125,42034.35546875,43659.12109375,45311.9375,46713.953125,47758.53515625,49129.51953125,50649.48828125,52337.9453125,53964.39453125,55419.6484375,57043.44140625,56779.6484375,57600,58765.109375,59471.63671875,59770.9375,60026.1484375,59466.5078125,59307.484375,59485.03125,59746.7109375,59557.84765625,16628.2265625,16969.74609375,17670.93359375,0,0,0,0,0,0,0,0,0,0,0,0,0,0,0,0,0,0,0,0,0,0,0,0,0,0,0,0,0,0,0,0,0,0,0,0,0,0,0,0,0,0,0,0,0
0,0,0,0,0,0,1607,16071,216071,116071,4090.908447265625,51,57,1959,1953,0,0,0,0,0,0,0,0,0,1,2,3,4,5,6,7,8,9,10,11,12,13,14,15,16,17,18,19,20,21,22,23,24,25,26,27,28,29,30,31,32,33,34,35,36,37,38,39,40,41,42,43,44,45,46,47,48,49,50,51,52,53,54,55,56,57,58,59,60,61,62,63,64,65,66,67,68,69,70,71,72,73,74,75,76,77,78,79,80,81,82,83,84,85,86,87,88,89,90,91,92,93,94,95,96,97,98,99,100,101,102,103,104,105,106,107,108,109,110,111,112,113,114,115,116,117,118,119,120,121,122,123,124,125,126,127,128,129,130,131,132,133,134,135,136,137,138,139,140,141,142,143,144,145,146,147,148,149,150,151,152,2,1,1,2025,2025,2,2010,0,0,0,0,0,0,0,0,0,0,0,0,0,0,0,0,0,0,0,0,0,0,0,0,0,0,2519.8154296875,2849.858642578125,3276.1123046875,3825.333251953125,4386.8056640625,4865.91796875,5322.5107421875,5786.3642578125,6263.3349609375,6683.1826171875,7183.80810546875,8679.5830078125,9415.9140625,10201.04296875,10923.8349609375,11602.908203125,12284.1826171875,12933.9228515625,13599.3623046875,14281.328125,14915.818359375,15409.7822265625,15999.66796875,16761.390625,17442.3828125,18000,14380.0302734375,14964.208984375,15608.357421875,16244.638671875,16839.466796875,17495.71484375,17578.447265625,18000,18536.65625,18935.796875,19209.919921875,19473.220703125,19472.9609375,19603.357421875,19846.798828125,20121.41796875,20246.287109375,20269.39453125,20880.09375,21947.142578125,22443.814453125,22679.31640625,22776.896484375,0,0,0,0,0,0,0,0,0,0,0,0,0,0,0,0,0,0,0,0,0,0,0,0,0,0,0,0,0,0,0,0,0,0,0,0,0,0,0,0,0,0
0,0,0,0,0,0,1607,16072,116072,216072,4164.3486328125,57,51,1953,1959,0,0,0,1,2,3,4,5,6,7,8,9,10,11,12,13,14,15,16,17,18,19,20,21,22,23,24,25,26,27,28,29,30,31,32,33,34,35,36,37,38,39,40,41,42,43,44,45,46,47,48,49,50,51,52,53,54,55,56,57,58,59,60,61,62,63,64,65,66,67,68,69,70,71,72,73,74,75,76,77,78,79,80,81,82,83,84,85,86,87,88,89,90,91,92,93,94,95,96,97,98,99,100,101,102,103,104,105,106,107,108,109,110,111,112,113,114,115,116,117,118,119,120,121,122,123,124,125,126,127,128,129,130,131,132,133,134,135,136,137,138,139,140,141,142,143,144,145,146,147,148,149,150,151,152,153,154,155,156,157,158,1,2,1,2019,2026,1,2010,0,0,0,0,0,0,0,0,0,0,0,0,0,0,0,0,0,0,0,0,0,0,0,0,0,0,0,0,11865.671875,13725.90625,15594.0126953125,17136.119140625,18569.595703125,20000,0,0,0,0,0,27746.0546875,29722.70703125,31581.751953125,33448.15625,35229.97265625,37055.8828125,38928.11328125,40672.26953125,42034.35546875,43659.12109375,45311.9375,46713.953125,47758.53515625,49129.51953125,50649.48828125,52337.9453125,53964.39453125,55419.6484375,57043.44140625,56779.6484375,57600,58765.109375,59471.63671875,59770.9375,60026.1484375,59466.5078125,59307.484375,59485.03125,59746.7109375,59557.84765625,16628.2265625,16969.74609375,17670.93359375,17902.59375,17922.056640625,17831.59375,17678.439453125,0,0,0,0,0,0,0,0,0,0,0,0,0,0,0,0,0,0,0,0,0,0,0,0,0,0,0,0,0,0,0,0,0,0,0,0,0,0,0,0,0
0,0,0,0,0,0,1607,16072,216072,116072,4164.3486328125,51,57,1959,1953,0,0,0,0,0,0,0,0,0,1,2,3,4,5,6,7,8,9,10,11,12,13,14,15,16,17,18,19,20,21,22,23,24,25,26,27,28,29,30,31,32,33,34,35,36,37,38,39,40,41,42,43,44,45,46,47,48,49,50,51,52,53,54,55,56,57,58,59,60,61,62,63,64,65,66,67,68,69,70,71,72,73,74,75,76,77,78,79,80,81,82,83,84,85,86,87,88,89,90,91,92,93,94,95,96,97,98,99,100,101,102,103,104,105,106,107,108,109,110,111,112,113,114,115,116,117,118,119,120,121,122,123,124,125,126,127,128,129,130,131,132,133,134,135,136,137,138,139,140,141,142,143,144,145,146,147,148,149,150,151,152,2,1,1,2025,2025,2,2010,0,0,0,0,0,0,0,0,0,0,0,0,0,0,0,0,0,0,0,0,0,0,0,0,0,0,2519.8154296875,2849.858642578125,3276.1123046875,3825.333251953125,4386.8056640625,4865.91796875,5322.5107421875,5786.3642578125,6263.3349609375,6683.1826171875,7183.80810546875,8679.5830078125,9415.9140625,10201.04296875,10923.8349609375,11602.908203125,12284.1826171875,12933.9228515625,13599.3623046875,14281.328125,14915.818359375,15409.7822265625,15999.66796875,16761.390625,17442.3828125,18000,14380.0302734375,14964.208984375,15608.357421875,16244.638671875,16839.466796875,17495.71484375,17578.447265625,18000,18536.65625,18935.796875,19209.919921875,19473.220703125,19472.9609375,19603.357421875,19846.798828125,20121.41796875,20246.287109375,20269.39453125,20880.09375,21947.142578125,22443.814453125,22679.31640625,22776.896484375,0,0,0,0,0,0,0,0,0,0,0,0,0,0,0,0,0,0,0,0,0,0,0,0,0,0,0,0,0,0,0,0,0,0,0,0,0,0,0,0,0,0
0,0,0,0,0,0,1607,16073,116073,216073,4203.0126953125,57,51,1953,1959,0,0,0,1,2,3,4,5,6,7,8,9,10,11,12,13,14,15,16,17,18,19,20,21,22,23,24,25,26,27,28,29,30,31,32,33,34,35,36,37,38,39,40,41,42,43,44,45,46,47,48,49,50,51,52,53,54,55,56,57,58,59,60,61,62,63,64,65,66,67,68,69,70,71,72,73,74,75,76,77,78,79,80,81,82,83,84,85,86,87,88,89,90,91,92,93,94,95,96,97,98,99,100,101,102,103,104,105,106,107,108,109,110,111,112,113,114,115,116,117,118,119,120,121,122,123,124,125,126,127,128,129,130,131,132,133,134,135,136,137,138,139,140,141,142,143,144,145,146,147,148,149,150,151,152,153,154,155,156,157,158,1,2,1,2019,2023,1,2010,0,0,0,0,0,0,0,0,0,0,0,0,0,0,0,0,0,0,0,0,0,0,0,0,0,0,0,0,11865.671875,13725.90625,15594.0126953125,17136.119140625,18569.595703125,20000,0,0,0,0,0,27746.0546875,29722.70703125,31581.751953125,33448.15625,35229.97265625,37055.8828125,38928.11328125,40672.26953125,42034.35546875,43659.12109375,45311.9375,46713.953125,47758.53515625,49129.51953125,50649.48828125,52337.9453125,53964.39453125,55419.6484375,57043.44140625,56779.6484375,57600,58765.109375,59471.63671875,59770.9375,60026.1484375,59466.5078125,59307.484375,59485.03125,59746.7109375,59557.84765625,16628.2265625,16969.74609375,17670.93359375,17902.59375,0,0,0,0,0,0,0,0,0,0,0,0,0,0,0,0,0,0,0,0,0,0,0,0,0,0,0,0,0,0,0,0,0,0,0,0,0,0,0,0,0,0,0,0
0,0,0,0,0,0,1607,16073,216073,116073,4203.0126953125,51,57,1959,1953,0,0,0,0,0,0,0,0,0,1,2,3,4,5,6,7,8,9,10,11,12,13,14,15,16,17,18,19,20,21,22,23,24,25,26,27,28,29,30,31,32,33,34,35,36,37,38,39,40,41,42,43,44,45,46,47,48,49,50,51,52,53,54,55,56,57,58,59,60,61,62,63,64,65,66,67,68,69,70,71,72,73,74,75,76,77,78,79,80,81,82,83,84,85,86,87,88,89,90,91,92,93,94,95,96,97,98,99,100,101,102,103,104,105,106,107,108,109,110,111,112,113,114,115,116,117,118,119,120,121,122,123,124,125,126,127,128,129,130,131,132,133,134,135,136,137,138,139,140,141,142,143,144,145,146,147,148,149,150,151,152,2,1,1,2025,2025,2,2010,0,0,0,0,0,0,0,0,0,0,0,0,0,0,0,0,0,0,0,0,0,0,0,0,0,0,2519.8154296875,2849.858642578125,3276.1123046875,3825.333251953125,4386.8056640625,4865.91796875,5322.5107421875,5786.3642578125,6263.3349609375,6683.1826171875,7183.80810546875,8679.5830078125,9415.9140625,10201.04296875,10923.8349609375,11602.908203125,12284.1826171875,12933.9228515625,13599.3623046875,14281.328125,14915.818359375,15409.7822265625,15999.66796875,16761.390625,17442.3828125,18000,14380.0302734375,14964.208984375,15608.357421875,16244.638671875,16839.466796875,17495.71484375,17578.447265625,18000,18536.65625,18935.796875,19209.919921875,19473.220703125,19472.9609375,19603.357421875,19846.798828125,20121.41796875,20246.287109375,20269.39453125,20880.09375,21947.142578125,22443.814453125,22679.31640625,22776.896484375,0,0,0,0,0,0,0,0,0,0,0,0,0,0,0,0,0,0,0,0,0,0,0,0,0,0,0,0,0,0,0,0,0,0,0,0,0,0,0,0,0,0
0,0,0,0,0,0,1607,16074,116074,216074,4028.849365234375,57,51,1953,1959,0,0,0,1,2,3,4,5,6,7,8,9,10,11,12,13,14,15,16,17,18,19,20,21,22,23,24,25,26,27,28,29,30,31,32,33,34,35,36,37,38,39,40,41,42,43,44,45,46,47,48,49,50,51,52,53,54,55,56,57,58,59,60,61,62,63,64,65,66,67,68,69,70,71,72,73,74,75,76,77,78,79,80,81,82,83,84,85,86,87,88,89,90,91,92,93,94,95,96,97,98,99,100,101,102,103,104,105,106,107,108,109,110,111,112,113,114,115,116,117,118,119,120,121,122,123,124,125,126,127,128,129,130,131,132,133,134,135,136,137,138,139,140,141,142,143,144,145,146,147,148,149,150,151,152,153,154,155,156,157,158,1,2,1,2019,2019,1,2010,0,0,0,0,0,0,0,0,0,0,0,0,0,0,0,0,0,0,0,0,0,0,0,0,0,0,0,0,11865.671875,13725.90625,15594.0126953125,17136.119140625,18569.595703125,20000,0,0,0,0,0,27746.0546875,29722.70703125,31581.751953125,33448.15625,35229.97265625,37055.8828125,38928.11328125,40672.26953125,42034.35546875,43659.12109375,45311.9375,46713.953125,47758.53515625,49129.51953125,50649.48828125,52337.9453125,53964.39453125,55419.6484375,57043.44140625,56779.6484375,57600,58765.109375,59471.63671875,59770.9375,60026.1484375,59466.5078125,59307.484375,59485.03125,59746.7109375,59557.84765625,0,0,0,0,0,0,0,0,0,0,0,0,0,0,0,0,0,0,0,0,0,0,0,0,0,0,0,0,0,0,0,0,0,0,0,0,0,0,0,0,0,0,0,0,0,0,0,0
0,0,0,0,0,0,1607,16074,216074,116074,4028.849365234375,51,57,1959,1953,0,0,0,0,0,0,0,0,0,1,2,3,4,5,6,7,8,9,10,11,12,13,14,15,16,17,18,19,20,21,22,23,24,25,26,27,28,29,30,31,32,33,34,35,36,37,38,39,40,41,42,43,44,45,46,47,48,49,50,51,52,53,54,55,56,57,58,59,60,61,62,63,64,65,66,67,68,69,70,71,72,73,74,75,76,77,78,79,80,81,82,83,84,85,86,87,88,89,90,91,92,93,94,95,96,97,98,99,100,101,102,103,104,105,106,107,108,109,110,111,112,113,114,115,116,117,118,119,120,121,122,123,124,125,126,127,128,129,130,131,132,133,134,135,136,137,138,139,140,141,142,143,144,145,146,147,148,149,150,151,152,2,1,1,2025,2025,2,2010,0,0,0,0,0,0,0,0,0,0,0,0,0,0,0,0,0,0,0,0,0,0,0,0,0,0,2519.8154296875,2849.858642578125,3276.1123046875,3825.333251953125,4386.8056640625,4865.91796875,5322.5107421875,5786.3642578125,6263.3349609375,6683.1826171875,7183.80810546875,8679.5830078125,9415.9140625,10201.04296875,10923.8349609375,11602.908203125,12284.1826171875,12933.9228515625,13599.3623046875,14281.328125,14915.818359375,15409.7822265625,15999.66796875,16761.390625,17442.3828125,18000,14380.0302734375,14964.208984375,15608.357421875,16244.638671875,16839.466796875,17495.71484375,17578.447265625,18000,18536.65625,18935.796875,19209.919921875,19473.220703125,19472.9609375,19603.357421875,19846.798828125,20121.41796875,20246.287109375,20269.39453125,20880.09375,21947.142578125,22443.814453125,22679.31640625,22776.896484375,0,0,0,0,0,0,0,0,0,0,0,0,0,0,0,0,0,0,0,0,0,0,0,0,0,0,0,0,0,0,0,0,0,0,0,0,0,0,0,0,0,0
0,0,0,0,0,0,1607,16075,116075,216075,4131.24560546875,57,51,1953,1959,0,0,0,1,2,3,4,5,6,7,8,9,10,11,12,13,14,15,16,17,18,19,20,21,22,23,24,25,26,27,28,29,30,31,32,33,34,35,36,37,38,39,40,41,42,43,44,45,46,47,48,49,50,51,52,53,54,55,56,57,58,59,60,61,62,63,64,65,66,67,68,69,70,71,72,73,74,75,76,77,78,79,80,81,82,83,84,85,86,87,88,89,90,91,92,93,94,95,96,97,98,99,100,101,102,103,104,105,106,107,108,109,110,111,112,113,114,115,116,117,118,119,120,121,122,123,124,125,126,127,128,129,130,131,132,133,134,135,136,137,138,139,140,141,142,143,144,145,146,147,148,149,150,151,152,153,154,155,156,157,158,1,2,1,2019,2021,1,2010,0,0,0,0,0,0,0,0,0,0,0,0,0,0,0,0,0,0,0,0,0,0,0,0,0,0,0,0,11865.671875,13725.90625,15594.0126953125,17136.119140625,18569.595703125,20000,0,0,0,0,0,27746.0546875,29722.70703125,31581.751953125,33448.15625,35229.97265625,37055.8828125,38928.11328125,40672.26953125,42034.35546875,43659.12109375,45311.9375,46713.953125,47758.53515625,49129.51953125,50649.48828125,52337.9453125,53964.39453125,55419.6484375,57043.44140625,56779.6484375,57600,58765.109375,59471.63671875,59770.9375,60026.1484375,59466.5078125,59307.484375,59485.03125,59746.7109375,59557.84765625,16628.2265625,16969.74609375,0,0,0,0,0,0,0,0,0,0,0,0,0,0,0,0,0,0,0,0,0,0,0,0,0,0,0,0,0,0,0,0,0,0,0,0,0,0,0,0,0,0,0,0,0,0
0,0,0,0,0,0,1607,16075,216075,116075,4131.24560546875,51,57,1959,1953,0,0,0,0,0,0,0,0,0,1,2,3,4,5,6,7,8,9,10,11,12,13,14,15,16,17,18,19,20,21,22,23,24,25,26,27,28,29,30,31,32,33,34,35,36,37,38,39,40,41,42,43,44,45,46,47,48,49,50,51,52,53,54,55,56,57,58,59,60,61,62,63,64,65,66,67,68,69,70,71,72,73,74,75,76,77,78,79,80,81,82,83,84,85,86,87,88,89,90,91,92,93,94,95,96,97,98,99,100,101,102,103,104,105,106,107,108,109,110,111,112,113,114,115,116,117,118,119,120,121,122,123,124,125,126,127,128,129,130,131,132,133,134,135,136,137,138,139,140,141,142,143,144,145,146,147,148,149,150,151,152,2,1,1,2025,2025,2,2010,0,0,0,0,0,0,0,0,0,0,0,0,0,0,0,0,0,0,0,0,0,0,0,0,0,0,2519.8154296875,2849.858642578125,3276.1123046875,3825.333251953125,4386.8056640625,4865.91796875,5322.5107421875,5786.3642578125,6263.3349609375,6683.1826171875,7183.80810546875,8679.5830078125,9415.9140625,10201.04296875,10923.8349609375,11602.908203125,12284.1826171875,12933.9228515625,13599.3623046875,14281.328125,14915.818359375,15409.7822265625,15999.66796875,16761.390625,17442.3828125,18000,14380.0302734375,14964.208984375,15608.357421875,16244.638671875,16839.466796875,17495.71484375,17578.447265625,18000,18536.65625,18935.796875,19209.919921875,19473.220703125,19472.9609375,19603.357421875,19846.798828125,20121.41796875,20246.287109375,20269.39453125,20880.09375,21947.142578125,22443.814453125,22679.31640625,22776.896484375,0,0,0,0,0,0,0,0,0,0,0,0,0,0,0,0,0,0,0,0,0,0,0,0,0,0,0,0,0,0,0,0,0,0,0,0,0,0,0,0,0,0
0,0,0,0,0,0,1930,19301,119301,0,4993.73193359375,21,0,1989,0,0,0,0,0,0,0,0,0,0,0,0,0,0,0,0,0,0,0,0,0,0,0,0,0,0,0,0,0,0,0,0,0,0,0,0,0,0,0,0,1,2,3,4,5,6,7,8,9,10,11,12,13,14,15,16,17,18,19,20,21,22,23,24,25,26,27,28,29,30,31,32,33,34,35,36,37,38,39,40,41,42,43,44,45,46,47,48,49,50,51,52,53,54,55,56,57,58,59,60,61,62,63,64,65,66,67,68,69,70,71,72,73,74,75,76,77,78,79,80,81,82,83,84,85,86,87,88,89,90,91,92,93,94,95,96,97,98,99,100,101,102,103,104,105,106,107,108,109,110,111,112,113,114,115,116,117,118,119,120,121,122,2,0,0,9999,9999,1,2010,0,0,0,0,0,0,0,0,0,0,0,0,0,0,0,0,0,0,0,0,0,0,0,0,0,0,0,0,0,0,0,0,0,0,0,0,0,0,0,0,0,0,0,0,0,0,0,0,0,0,0,0,0,0,0,0,0,6215.11279296875,6562.4560546875,8840,27050.08984375,29030.6640625,30937.890625,32942.03125,25668.494140625,27136.765625,28849.1484375,30709.455078125,32440.32421875,34092.8203125,36863.16796875,40666.08203125,43641.6171875,46274.2734375,48760.23828125,51191.59375,53613.62109375,56060.98046875,58537.67578125,61028.046875,63520.76953125,66006.3359375,68475.9765625,70920.40625,73330.5546875,75696.90625,78010.0546875,80260.6953125,82439.2578125,84536.59375,86543.390625,88450.78125,90250.34375,91933.7109375,93493.171875,94921.421875,96211.6953125,97357.671875,98353.921875,99195.578125,99878.5234375,100399.3203125,100755.28125,100944.765625,101400.328125,101688.96875,101809.25,101760.4765625,101543,101157.8828125,100607.046875,99893.1171875,99019.71875,97991.1171875,0,0,0
0,0,0,0,0,0,1930,19302,119302,0,4969.7314453125,21,0,1989,0,0,0,0,0,0,0,0,0,0,0,0,0,0,0,0,0,0,0,0,0,0,0,0,0,0,0,0,0,0,0,0,0,0,0,0,0,0,0,0,1,2,3,4,5,6,7,8,9,10,11,12,13,14,15,16,17,18,19,20,21,22,23,24,25,26,27,28,29,30,31,32,33,34,35,36,37,38,39,40,41,42,43,44,45,46,47,48,49,50,51,52,53,54,55,56,57,58,59,60,61,62,63,64,65,66,67,68,69,70,71,72,73,74,75,76,77,78,79,80,81,82,83,84,85,86,87,88,89,90,91,92,93,94,95,96,97,98,99,100,101,102,103,104,105,106,107,108,109,110,111,112,113,114,115,116,117,118,119,120,121,122,2,0,0,9999,9999,1,2010,0,0,0,0,0,0,0,0,0,0,0,0,0,0,0,0,0,0,0,0,0,0,0,0,0,0,0,0,0,0,0,0,0,0,0,0,0,0,0,0,0,0,0,0,0,0,0,0,0,0,0,0,0,0,0,0,0,6215.11279296875,6562.4560546875,8840,27050.08984375,29030.6640625,30937.890625,32942.03125,25668.494140625,27136.765625,28849.1484375,30709.455078125,32440.32421875,34092.8203125,36863.16796875,40666.08203125,43641.6171875,46274.2734375,48760.23828125,51191.59375,53613.62109375,56060.98046875,58537.67578125,61028.046875,63520.76953125,66006.3359375,68475.9765625,70920.40625,73330.5546875,75696.90625,78010.0546875,80260.6953125,82439.2578125,84536.59375,86543.390625,88450.78125,90250.34375,91933.7109375,93493.171875,94921.421875,96211.6953125,97357.671875,98353.921875,99195.578125,99878.5234375,100399.3203125,100755.28125,100944.765625,101400.328125,101688.96875,101809.25,101760.4765625,101543,101157.8828125,100607.046875,99893.1171875,99019.71875,97991.1171875,0,0,0
0,0,0,0,0,0,1930,19303,119303,0,4965.16552734375,21,0,1989,0,0,0,0,0,0,0,0,0,0,0,0,0,0,0,0,0,0,0,0,0,0,0,0,0,0,0,0,0,0,0,0,0,0,0,0,0,0,0,0,1,2,3,4,5,6,7,8,9,10,11,12,13,14,15,16,17,18,19,20,21,22,23,24,25,26,27,28,29,30,31,32,33,34,35,36,37,38,39,40,41,42,43,44,45,46,47,48,49,50,51,52,53,54,55,56,57,58,59,60,61,62,63,64,65,66,67,68,69,70,71,72,73,74,75,76,77,78,79,80,81,82,83,84,85,86,87,88,89,90,91,92,93,94,95,96,97,98,99,100,101,102,103,104,105,106,107,108,109,110,111,112,113,114,115,116,117,118,119,120,121,122,2,0,0,2063,9999,1,2010,0,0,0,0,0,0,0,0,0,0,0,0,0,0,0,0,0,0,0,0,0,0,0,0,0,0,0,0,0,0,0,0,0,0,0,0,0,0,0,0,0,0,0,0,0,0,0,0,0,0,0,0,0,0,0,0,0,5014.03125,5294.25,8840,21822.634765625,23420.458984375,24959.11328125,26575.951171875,31817.19921875,33637.18359375,35759.7578125,38065.6875,40211.2109375,42259.51171875,45693.4765625,50407.3515625,54095.65625,57359.00390625,60440.40234375,63454.17578125,66456.3828125,69489.984375,72559.9609375,75646.953125,78736.796875,81817.765625,84878.9140625,87908.9609375,90896.3671875,93829.5625,96696.90625,99486.578125,102187.09375,104786.7265625,107274.2421875,109638.6328125,111869.1640625,113955.78125,115888.90625,117659.171875,119258.515625,120679.125,121914.015625,122957.296875,123803.8359375,124449.265625,124890.6171875,125125.4765625,125690.171875,126047.8359375,126196.9296875,126136.4765625,125866.8984375,125389.53125,124706.75,123821.8046875,122739.296875,34308.4453125,0,0,0
0,0,0,0,0,0,1930,19304,119304,0,5004.81103515625,21,0,1989,0,0,0,0,0,0,0,0,0,0,0,0,0,0,0,0,0,0,0,0,0,0,0,0,0,0,0,0,0,0,0,0,0,0,0,0,0,0,0,0,1,2,3,4,5,6,7,8,9,10,11,12,13,14,15,16,17,18,19,20,21,22,23,24,25,26,27,28,29,30,31,32,33,34,35,36,37,38,39,40,41,42,43,44,45,46,47,48,49,50,51,52,53,54,55,56,57,58,59,60,61,62,63,64,65,66,67,68,69,70,71,72,73,74,75,76,77,78,79,80,81,82,83,84,85,86,87,88,89,90,91,92,93,94,95,96,97,98,99,100,101,102,103,104,105,106,107,108,109,110,111,112,113,114,115,116,117,118,119,120,121,122,2,0,0,9999,9999,1,2010,0,0,0,0,0,0,0,0,0,0,0,0,0,0,0,0,0,0,0,0,0,0,0,0,0,0,0,0,0,0,0,0,0,0,0,0,0,0,0,0,0,0,0,0,0,0,0,0,0,0,0,0,0,0,0,0,0,6215.11279296875,6562.4560546875,8840,27050.08984375,29030.6640625,30937.890625,32942.03125,25668.494140625,27136.765625,28849.1484375,30709.455078125,32440.32421875,34092.8203125,36863.16796875,40666.08203125,43641.6171875,46274.2734375,48760.23828125,51191.59375,53613.62109375,56060.98046875,58537.67578125,61028.046875,63520.76953125,66006.3359375,68475.9765625,70920.40625,73330.5546875,75696.90625,78010.0546875,80260.6953125,82439.2578125,84536.59375,86543.390625,88450.78125,90250.34375,91933.7109375,93493.171875,94921.421875,96211.6953125,97357.671875,98353.921875,99195.578125,99878.5234375,100399.3203125,100755.28125,100944.765625,101400.328125,101688.96875,101809.25,101760.4765625,101543,101157.8828125,100607.046875,99893.1171875,99019.71875,97991.1171875,0,0,0
0,0,0,0,0,0,1930,19305,119305,0,4986.25,21,0,1989,0,0,0,0,0,0,0,0,0,0,0,0,0,0,0,0,0,0,0,0,0,0,0,0,0,0,0,0,0,0,0,0,0,0,0,0,0,0,0,0,1,2,3,4,5,6,7,8,9,10,11,12,13,14,15,16,17,18,19,20,21,22,23,24,25,26,27,28,29,30,31,32,33,34,35,36,37,38,39,40,41,42,43,44,45,46,47,48,49,50,51,52,53,54,55,56,57,58,59,60,61,62,63,64,65,66,67,68,69,70,71,72,73,74,75,76,77,78,79,80,81,82,83,84,85,86,87,88,89,90,91,92,93,94,95,96,97,98,99,100,101,102,103,104,105,106,107,108,109,110,111,112,113,114,115,116,117,118,119,120,121,122,2,0,0,2065,9999,1,2010,0,0,0,0,0,0,0,0,0,0,0,0,0,0,0,0,0,0,0,0,0,0,0,0,0,0,0,0,0,0,0,0,0,0,0,0,0,0,0,0,0,0,0,0,0,0,0,0,0,0,0,0,0,0,0,0,0,6215.11279296875,6562.4560546875,8840,27050.08984375,29030.6640625,30937.890625,32942.03125,25668.494140625,27136.765625,28849.1484375,30709.455078125,32440.32421875,34092.8203125,36863.16796875,40666.08203125,43641.6171875,46274.2734375,48760.23828125,51191.59375,53613.62109375,56060.98046875,58537.67578125,61028.046875,63520.76953125,66006.3359375,68475.9765625,70920.40625,73330.5546875,75696.90625,78010.0546875,80260.6953125,82439.2578125,84536.59375,86543.390625,88450.78125,90250.34375,91933.7109375,93493.171875,94921.421875,96211.6953125,97357.671875,98353.921875,99195.578125,99878.5234375,100399.3203125,100755.28125,100944.765625,101400.328125,101688.96875,101809.25,101760.4765625,101543,101157.8828125,100607.046875,99893.1171875,99019.71875,97991.1171875,0,0,0
0,0,0,0,0,0,2121,21211,121211,221211,261.43280029296875,62,60,1948,1950,3,4,5,6,7,8,9,10,11,12,13,14,15,16,17,18,19,20,21,22,23,24,25,26,27,28,29,30,31,32,33,34,35,36,37,38,39,40,41,42,43,44,45,46,47,48,49,50,51,52,53,54,55,56,57,58,59,60,61,62,63,64,65,66,67,68,69,70,71,72,73,74,75,76,77,78,79,80,81,82,83,84,85,86,87,88,89,90,91,92,93,94,95,96,97,98,99,100,101,102,103,104,105,106,107,108,109,110,111,112,113,114,115,116,117,118,119,120,121,122,123,124,125,126,127,128,129,130,131,132,133,134,135,136,137,138,139,140,141,142,143,144,145,146,147,148,149,150,151,152,153,154,155,156,157,158,159,160,161,162,163,1,2,1,2020,9999,1,2010,0,0,0,0,0,0,0,0,0,0,0,0,0,0,0,0,0,0,0,0,24210.615234375,26268.341796875,29000,26804.5703125,30325.830078125,33354.71484375,36983.421875,41116.41015625,46462.62890625,53329.5390625,60117.32421875,65549.53125,70481.390625,75321.125,80143.8515625,84062.25,88823.109375,94451.1953125,100722.0625,107265.4453125,112913,117893.2109375,122693.4296875,126986.7578125,131250.28125,135488.8125,139102.53125,141266.109375,144180.1875,148476.65625,151882.28125,154073.109375,157265.59375,179678.6875,184227.109375,188477.5,192057.34375,196149.78125,193726.828125,195000,197399.890625,198222.34375,197673.359375,196975.890625,193624.71875,191607.46875,190689.140625,190040.953125,187969.578125,184984.625,52729.5703125,54482.03515625,54767.78125,0,0,0,0,0,0,0,0,0,0,0,0,0,0,0,0,0,0,0,0,0,0,0,0,0,0,0,0,0,0,0,0,0,0,0,0,0,0,0,0,0,0,0,0
0,0,0,0,0,0,2121,21211,221211,121211,261.43280029296875,60,62,1950,1948,1,2,3,4,5,6,7,8,9,10,11,12,13,14,15,16,17,18,19,20,21,22,23,24,25,26,27,28,29,30,31,32,33,34,35,36,37,38,39,40,41,42,43,44,45,46,47,48,49,50,51,52,53,54,55,56,57,58,59,60,61,62,63,64,65,66,67,68,69,70,71,72,73,74,75,76,77,78,79,80,81,82,83,84,85,86,87,88,89,90,91,92,93,94,95,96,97,98,99,100,101,102,103,104,105,106,107,108,109,110,111,112,113,114,115,116,117,118,119,120,121,122,123,124,125,126,127,128,129,130,131,132,133,134,135,136,137,138,139,140,141,142,143,144,145,146,147,148,149,150,151,152,153,154,155,156,157,158,159,160,161,2,1,1,,,2,2010,0,0,0,0,0,0,0,0,0,0,0,0,0,0,0,0,0,0,0,0,0,0,0,0,0,0,0,0,0,0,0,0,0,0,18348.146484375,19305.31640625,20462.36328125,21826.859375,23348.6796875,24943.162109375,26338.408203125,27585.974609375,28798.826171875,29899.6328125,31000,32101.01171875,33060.140625,33679.1875,34481.2265625,35619.6171875,36550.43359375,37193.42578125,38082.6015625,43645.93359375,44890.484375,46069.578125,47091.1796875,48244.7890625,47797.66796875,0,0,0,0,0,0,0,0,0,0,0,0,0,0,0,0,0,0,0,0,0,0,0,0,0,0,0,0,0,0,0,0,0,0,0,0,0,0,0,0,0,0,0,0,0,0,0,0,0,0,0,0,0,0,0,0,0,0
0,0,0,0,0,0,2121,21212,121212,221212,256.05706787109375,62,60,1948,1950,3,4,5,6,7,8,9,10,11,12,13,14,15,16,17,18,19,20,21,22,23,24,25,26,27,28,29,30,31,32,33,34,35,36,37,38,39,40,41,42,43,44,45,46,47,48,49,50,51,52,53,54,55,56,57,58,59,60,61,62,63,64,65,66,67,68,69,70,71,72,73,74,75,76,77,78,79,80,81,82,83,84,85,86,87,88,89,90,91,92,93,94,95,96,97,98,99,100,101,102,103,104,105,106,107,108,109,110,111,112,113,114,115,116,117,118,119,120,121,122,123,124,125,126,127,128,129,130,131,132,133,134,135,136,137,138,139,140,141,142,143,144,145,146,147,148,149,150,151,152,153,154,155,156,157,158,159,160,161,162,163,1,2,1,2020,9999,1,2010,0,0,0,0,0,0,0,0,0,0,0,0,0,0,0,0,0,0,0,0,24210.615234375,26268.341796875,29000,30241.03515625,34213.73828125,37630.9375,41724.86328125,46387.71875,52419.34765625,60166.625,67824.6328125,73953.2734375,79517.421875,84977.6328125,90418.65625,94839.4140625,100210.625,106560.2578125,113635.078125,121017.3515625,127388.9453125,133007.640625,138423.28125,143267.03125,148077.15625,152859.078125,156936.09375,159377.0625,162664.734375,167512.03125,171354.265625,173825.96875,177427.75,202714.296875,207845.84375,212641.171875,216679.96875,221297.0625,218563.46875,220000,222707.4375,223635.34375,223015.96875,222229.078125,218448.28125,216172.390625,215136.34375,214405.0625,212068.109375,208700.484375,59489.73828125,61466.875,61789.25390625,0,0,0,0,0,0,0,0,0,0,0,0,0,0,0,0,0,0,0,0,0,0,0,0,0,0,0,0,0,0,0,0,0,0,0,0,0,0,0,0,0,0,0,0
0,0,0,0,0,0,2121,21212,221212,121212,256.05706787109375,60,62,1950,1948,1,2,3,4,5,6,7,8,9,10,11,12,13,14,15,16,17,18,19,20,21,22,23,24,25,26,27,28,29,30,31,32,33,34,35,36,37,38,39,40,41,42,43,44,45,46,47,48,49,50,51,52,53,54,55,56,57,58,59,60,61,62,63,64,65,66,67,68,69,70,71,72,73,74,75,76,77,78,79,80,81,82,83,84,85,86,87,88,89,90,91,92,93,94,95,96,97,98,99,100,101,102,103,104,105,106,107,108,109,110,111,112,113,114,115,116,117,118,119,120,121,122,123,124,125,126,127,128,129,130,131,132,133,134,135,136,137,138,139,140,141,142,143,144,145,146,147,148,149,150,151,152,153,154,155,156,157,158,159,160,161,2,1,1,,,2,2010,0,0,0,0,0,0,0,0,0,0,0,0,0,0,0,0,0,0,0,0,0,0,0,0,0,0,0,0,0,0,0,0,0,0,19531.91015625,20550.833984375,21782.529296875,23235.056640625,24855.0625,26552.4140625,28037.6796875,29365.732421875,30656.833984375,31828.662109375,33000,34172.06640625,35193.07421875,35852.05859375,36705.84375,37917.6796875,38908.55078125,39593.02734375,40539.56640625,46461.83203125,47786.67578125,49041.83984375,50129.3515625,51357.390625,50881.41796875,0,0,0,0,0,0,0,0,0,0,0,0,0,0,0,0,0,0,0,0,0,0,0,0,0,0,0,0,0,0,0,0,0,0,0,0,0,0,0,0,0,0,0,0,0,0,0,0,0,0,0,0,0,0,0,0,0,0
0,0,0,0,0,0,2121,21213,121213,221213,263.6316223144531,62,60,1948,1950,3,4,5,6,7,8,9,10,11,12,13,14,15,16,17,18,19,20,21,22,23,24,25,26,27,28,29,30,31,32,33,34,35,36,37,38,39,40,41,42,43,44,45,46,47,48,49,50,51,52,53,54,55,56,57,58,59,60,61,62,63,64,65,66,67,68,69,70,71,72,73,74,75,76,77,78,79,80,81,82,83,84,85,86,87,88,89,90,91,92,93,94,95,96,97,98,99,100,101,102,103,104,105,106,107,108,109,110,111,112,113,114,115,116,117,118,119,120,121,122,123,124,125,126,127,128,129,130,131,132,133,134,135,136,137,138,139,140,141,142,143,144,145,146,147,148,149,150,151,152,153,154,155,156,157,158,159,160,161,162,163,1,2,1,2020,9999,1,2010,0,0,0,0,0,0,0,0,0,0,0,0,0,0,0,0,0,0,0,0,25880.314453125,28079.953125,31000,30241.03515625,34213.73828125,37630.9375,41724.86328125,46387.71875,52419.34765625,60166.625,67824.6328125,73953.2734375,79517.421875,84977.6328125,90418.65625,94839.4140625,100210.625,106560.2578125,113635.078125,121017.3515625,127388.9453125,133007.640625,138423.28125,143267.03125,148077.15625,152859.078125,156936.09375,159377.0625,162664.734375,167512.03125,171354.265625,173825.96875,177427.75,202714.296875,207845.84375,212641.171875,216679.96875,221297.0625,218563.46875,220000,222707.4375,223635.34375,223015.96875,222229.078125,218448.28125,216172.390625,215136.34375,214405.0625,212068.109375,208700.484375,59489.73828125,61466.875,61789.25390625,0,0,0,0,0,0,0,0,0,0,0,0,0,0,0,0,0,0,0,0,0,0,0,0,0,0,0,0,0,0,0,0,0,0,0,0,0,0,0,0,0,0,0,0
0,0,0,0,0,0,2121,21213,221213,121213,263.6316223144531,60,62,1950,1948,1,2,3,4,5,6,7,8,9,10,11,12,13,14,15,16,17,18,19,20,21,22,23,24,25,26,27,28,29,30,31,32,33,34,35,36,37,38,39,40,41,42,43,44,45,46,47,48,49,50,51,52,53,54,55,56,57,58,59,60,61,62,63,64,65,66,67,68,69,70,71,72,73,74,75,76,77,78,79,80,81,82,83,84,85,86,87,88,89,90,91,92,93,94,95,96,97,98,99,100,101,102,103,104,105,106,107,108,109,110,111,112,113,114,115,116,117,118,119,120,121,122,123,124,125,126,127,128,129,130,131,132,133,134,135,136,137,138,139,140,141,142,143,144,145,146,147,148,149,150,151,152,153,154,155,156,157,158,159,160,161,2,1,1,,,2,2010,0,0,0,0,0,0,0,0,0,0,0,0,0,0,0,0,0,0,0,0,0,0,0,0,0,0,0,0,0,0,0,0,0,0,20123.783203125,21173.583984375,22442.603515625,23939.1484375,25608.2421875,27357.03125,28887.302734375,30255.6015625,31585.826171875,32793.1640625,34000,35207.58203125,36259.52734375,36938.48046875,37818.140625,39066.69921875,40087.59375,40792.8125,41768.03515625,47869.76171875,49234.75,50527.94921875,51648.41796875,52913.66796875,52423.2734375,0,0,0,0,0,0,0,0,0,0,0,0,0,0,0,0,0,0,0,0,0,0,0,0,0,0,0,0,0,0,0,0,0,0,0,0,0,0,0,0,0,0,0,0,0,0,0,0,0,0,0,0,0,0,0,0,0,0
0,0,0,0,0,0,2121,21214,121214,221214,273.9346008300781,62,60,1948,1950,3,4,5,6,7,8,9,10,11,12,13,14,15,16,17,18,19,20,21,22,23,24,25,26,27,28,29,30,31,32,33,34,35,36,37,38,39,40,41,42,43,44,45,46,47,48,49,50,51,52,53,54,55,56,57,58,59,60,61,62,63,64,65,66,67,68,69,70,71,72,73,74,75,76,77,78,79,80,81,82,83,84,85,86,87,88,89,90,91,92,93,94,95,96,97,98,99,100,101,102,103,104,105,106,107,108,109,110,111,112,113,114,115,116,117,118,119,120,121,122,123,124,125,126,127,128,129,130,131,132,133,134,135,136,137,138,139,140,141,142,143,144,145,146,147,148,149,150,151,152,153,154,155,156,157,158,159,160,161,162,163,1,2,1,2020,9999,1,2010,0,0,0,0,0,0,0,0,0,0,0,0,0,0,0,0,0,0,0,0,25045.455078125,27174.13671875,30000,29691.2109375,33591.68359375,36946.7578125,40966.24609375,45544.328125,51466.2890625,59072.7109375,66591.4921875,72608.703125,78071.6875,83432.6171875,88774.71875,93115.1015625,98388.65625,104622.84375,111569.0390625,118817.09375,125072.84375,130589.3828125,135906.546875,140662.234375,145384.90625,150079.890625,154082.78125,156479.359375,159707.265625,164466.4375,168238.8125,170665.578125,174201.859375,199028.671875,204066.921875,208775.0625,212740.421875,217273.578125,214589.6875,216000,218658.3125,219569.34375,218961.234375,218188.640625,214476.59375,212242.078125,211224.859375,210506.875,208212.421875,204906.015625,58408.1328125,60349.32421875,60665.83984375,0,0,0,0,0,0,0,0,0,0,0,0,0,0,0,0,0,0,0,0,0,0,0,0,0,0,0,0,0,0,0,0,0,0,0,0,0,0,0,0,0,0,0,0
0,0,0,0,0,0,2121,21214,221214,121214,273.9346008300781,60,62,1950,1948,1,2,3,4,5,6,7,8,9,10,11,12,13,14,15,16,17,18,19,20,21,22,23,24,25,26,27,28,29,30,31,32,33,34,35,36,37,38,39,40,41,42,43,44,45,46,47,48,49,50,51,52,53,54,55,56,57,58,59,60,61,62,63,64,65,66,67,68,69,70,71,72,73,74,75,76,77,78,79,80,81,82,83,84,85,86,87,88,89,90,91,92,93,94,95,96,97,98,99,100,101,102,103,104,105,106,107,108,109,110,111,112,113,114,115,116,117,118,119,120,121,122,123,124,125,126,127,128,129,130,131,132,133,134,135,136,137,138,139,140,141,142,143,144,145,146,147,148,149,150,151,152,153,154,155,156,157,158,159,160,161,2,1,1,,,2,2010,0,0,0,0,0,0,0,0,0,0,0,0,0,0,0,0,0,0,0,0,0,0,0,0,0,0,0,0,0,0,0,0,0,0,18940.0234375,19928.0703125,21122.44140625,22530.953125,24101.865234375,25747.78125,27188.037109375,28475.84765625,29727.822265625,30864.140625,32000,33136.53125,34126.59765625,34765.61328125,35593.52734375,36768.640625,37729.48046875,38393.21875,39311.07421875,45053.87109375,46338.5703125,47555.6953125,48610.25390625,49801.078125,49339.53125,0,0,0,0,0,0,0,0,0,0,0,0,0,0,0,0,0,0,0,0,0,0,0,0,0,0,0,0,0,0,0,0,0,0,0,0,0,0,0,0,0,0,0,0,0,0,0,0,0,0,0,0,0,0,0,0,0,0
0,0,0,0,0,0,2121,21215,121215,221215,248.19627380371094,62,60,1948,1950,3,4,5,6,7,8,9,10,11,12,13,14,15,16,17,18,19,20,21,22,23,24,25,26,27,28,29,30,31,32,33,34,35,36,37,38,39,40,41,42,43,44,45,46,47,48,49,50,51,52,53,54,55,56,57,58,59,60,61,62,63,64,65,66,67,68,69,70,71,72,73,74,75,76,77,78,79,80,81,82,83,84,85,86,87,88,89,90,91,92,93,94,95,96,97,98,99,100,101,102,103,104,105,106,107,108,109,110,111,112,113,114,115,116,117,118,119,120,121,122,123,124,125,126,127,128,129,130,131,132,133,134,135,136,137,138,139,140,141,142,143,144,145,146,147,148,149,150,151,152,153,154,155,156,157,158,159,160,161,162,163,1,2,1,2020,9999,1,2010,0,0,0,0,0,0,0,0,0,0,0,0,0,0,0,0,0,0,0,0,24210.615234375,26268.341796875,29000,30241.03515625,34213.73828125,37630.9375,41724.86328125,46387.71875,52419.34765625,60166.625,67824.6328125,73953.2734375,79517.421875,84977.6328125,90418.65625,94839.4140625,100210.625,106560.2578125,113635.078125,121017.3515625,127388.9453125,133007.640625,138423.28125,143267.03125,148077.15625,152859.078125,156936.09375,159377.0625,162664.734375,167512.03125,171354.265625,173825.96875,177427.75,202714.296875,207845.84375,212641.171875,216679.96875,221297.0625,218563.46875,220000,222707.4375,223635.34375,223015.96875,222229.078125,218448.28125,216172.390625,215136.34375,214405.0625,212068.109375,208700.484375,59489.73828125,61466.875,61789.25390625,0,0,0,0,0,0,0,0,0,0,0,0,0,0,0,0,0,0,0,0,0,0,0,0,0,0,0,0,0,0,0,0,0,0,0,0,0,0,0,0,0,0,0,0
0,0,0,0,0,0,2121,21215,221215,121215,248.19627380371094,60,62,1950,1948,1,2,3,4,5,6,7,8,9,10,11,12,13,14,15,16,17,18,19,20,21,22,23,24,25,26,27,28,29,30,31,32,33,34,35,36,37,38,39,40,41,42,43,44,45,46,47,48,49,50,51,52,53,54,55,56,57,58,59,60,61,62,63,64,65,66,67,68,69,70,71,72,73,74,75,76,77,78,79,80,81,82,83,84,85,86,87,88,89,90,91,92,93,94,95,96,97,98,99,100,101,102,103,104,105,106,107,108,109,110,111,112,113,114,115,116,117,118,119,120,121,122,123,124,125,126,127,128,129,130,131,132,133,134,135,136,137,138,139,140,141,142,143,144,145,146,147,148,149,150,151,152,153,154,155,156,157,158,159,160,161,2,1,1,,,2,2010,0,0,0,0,0,0,0,0,0,0,0,0,0,0,0,0,0,0,0,0,0,0,0,0,0,0,0,0,0,0,0,0,0,0,19531.91015625,20550.833984375,21782.529296875,23235.056640625,24855.0625,26552.4140625,28037.6796875,29365.732421875,30656.833984375,31828.662109375,33000,34172.06640625,35193.07421875,35852.05859375,36705.84375,37917.6796875,38908.55078125,39593.02734375,40539.56640625,46461.83203125,47786.67578125,49041.83984375,50129.3515625,51357.390625,50881.41796875,0,0,0,0,0,0,0,0,0,0,0,0,0,0,0,0,0,0,0,0,0,0,0,0,0,0,0,0,0,0,0,0,0,0,0,0,0,0,0,0,0,0,0,0,0,0,0,0,0,0,0,0,0,0,0,0,0,0
0,0,0,0,0,0,2178,21781,121781,221781,3001.96533203125,32,31,1978,1979,0,0,0,0,0,0,0,0,0,0,0,0,0,0,0,0,0,0,0,0,0,0,0,0,0,0,0,0,1,2,3,4,5,6,7,8,9,10,11,12,13,14,15,16,17,18,19,20,21,22,23,24,25,26,27,28,29,30,31,32,33,34,35,36,37,38,39,40,41,42,43,44,45,46,47,48,49,50,51,52,53,54,55,56,57,58,59,60,61,62,63,64,65,66,67,68,69,70,71,72,73,74,75,76,77,78,79,80,81,82,83,84,85,86,87,88,89,90,91,92,93,94,95,96,97,98,99,100,101,102,103,104,105,106,107,108,109,110,111,112,113,114,115,116,117,118,119,120,121,122,123,124,125,126,127,128,129,130,131,132,133,1,2,1,2039,2039,1,2010,0,0,0,0,0,0,0,0,0,0,0,0,0,0,0,0,0,0,0,0,0,0,0,0,0,0,0,0,0,0,0,0,0,0,0,0,0,0,0,0,0,0,0,0,0,0,0,0,0,0,0,0,0,24925.87890625,26780.369140625,28709.896484375,30655.79296875,32807.91015625,33953.92578125,40000,42430.828125,44647.4140625,46655.296875,48716.421875,50180.1796875,52034.734375,54264.46875,56669.15234375,58734.8359375,60569.41015625,64269.90625,69585.03125,73298.8515625,76294.46875,78925.9609375,81357.5859375,83668.9296875,85917.8359375,88112.1953125,90230.2578125,92258.203125,94185.7734375,96004.640625,97706.671875,99284.3828125,100730.5,102038.8203125,103203.2265625,104218.3515625,0,0,0,0,0,0,0,0,0,0,0,0,0,0,0,0,0,0,0,0,0,0,0,0,0,0,0,0
0,0,0,0,0,0,2178,21781,221781,121781,3001.96533203125,31,32,1979,1978,0,0,0,0,0,0,0,0,0,0,0,0,0,0,0,0,0,0,0,0,0,0,0,0,0,0,0,0,0,1,2,3,4,5,6,7,8,9,10,11,12,13,14,15,16,17,18,19,20,21,22,23,24,25,26,27,28,29,30,31,32,33,34,35,36,37,38,39,40,41,42,43,44,45,46,47,48,49,50,51,52,53,54,55,56,57,58,59,60,61,62,63,64,65,66,67,68,69,70,71,72,73,74,75,76,77,78,79,80,81,82,83,84,85,86,87,88,89,90,91,92,93,94,95,96,97,98,99,100,101,102,103,104,105,106,107,108,109,110,111,112,113,114,115,116,117,118,119,120,121,122,123,124,125,126,127,128,129,130,131,132,2,1,1,2040,2040,2,2010,0,0,0,0,0,0,0,0,0,0,0,0,0,0,0,0,0,0,0,0,0,0,0,0,0,0,0,0,0,0,0,0,0,0,0,0,0,0,0,0,0,0,0,0,0,0,0,0,0,0,0,0,29901.8671875,32101.998046875,34544.1796875,37090.8828125,39666.625,42517.53125,44071.37890625,52000,55246.10546875,58222.87890625,60936.15625,63727.46875,65744.625,68280.796875,71317.8046875,74594.34375,77434.0703125,79977.3203125,84995.890625,92168.578125,97239.109375,101371.078125,105031.125,108435.9765625,111690.5234375,114871.46875,117989.140625,121013.9453125,123926.7265625,126713.25,129361.828125,131860.6875,134198.71875,136365.96875,138352.578125,140149.59375,141748.984375,143143.3125,0,0,0,0,0,0,0,0,0,0,0,0,0,0,0,0,0,0,0,0,0,0,0,0,0,0,0
0,0,0,0,0,0,2178,21782,121782,221782,3002.943359375,32,31,1978,1979,0,0,0,0,0,0,0,0,0,0,0,0,0,0,0,0,0,0,0,0,0,0,0,0,0,0,0,0,1,2,3,4,5,6,7,8,9,10,11,12,13,14,15,16,17,18,19,20,21,22,23,24,25,26,27,28,29,30,31,32,33,34,35,36,37,38,39,40,41,42,43,44,45,46,47,48,49,50,51,52,53,54,55,56,57,58,59,60,61,62,63,64,65,66,67,68,69,70,71,72,73,74,75,76,77,78,79,80,81,82,83,84,85,86,87,88,89,90,91,92,93,94,95,96,97,98,99,100,101,102,103,104,105,106,107,108,109,110,111,112,113,114,115,116,117,118,119,120,121,122,123,124,125,126,127,128,129,130,131,132,133,1,2,1,2039,2039,1,2010,0,0,0,0,0,0,0,0,0,0,0,0,0,0,0,0,0,0,0,0,0,0,0,0,0,0,0,0,0,0,0,0,0,0,0,0,0,0,0,0,0,0,0,0,0,0,0,0,0,0,0,0,0,24925.87890625,26780.369140625,28709.896484375,30655.79296875,32807.91015625,33953.92578125,40000,42430.828125,44647.4140625,46655.296875,48716.421875,50180.1796875,52034.734375,54264.46875,56669.15234375,58734.8359375,60569.41015625,64269.90625,69585.03125,73298.8515625,76294.46875,78925.9609375,81357.5859375,83668.9296875,85917.8359375,88112.1953125,90230.2578125,92258.203125,94185.7734375,96004.640625,97706.671875,99284.3828125,100730.5,102038.8203125,103203.2265625,104218.3515625,0,0,0,0,0,0,0,0,0,0,0,0,0,0,0,0,0,0,0,0,0,0,0,0,0,0,0,0
0,0,0,0,0,0,2178,21782,221782,121782,3002.943359375,31,32,1979,1978,0,0,0,0,0,0,0,0,0,0,0,0,0,0,0,0,0,0,0,0,0,0,0,0,0,0,0,0,0,1,2,3,4,5,6,7,8,9,10,11,12,13,14,15,16,17,18,19,20,21,22,23,24,25,26,27,28,29,30,31,32,33,34,35,36,37,38,39,40,41,42,43,44,45,46,47,48,49,50,51,52,53,54,55,56,57,58,59,60,61,62,63,64,65,66,67,68,69,70,71,72,73,74,75,76,77,78,79,80,81,82,83,84,85,86,87,88,89,90,91,92,93,94,95,96,97,98,99,100,101,102,103,104,105,106,107,108,109,110,111,112,113,114,115,116,117,118,119,120,121,122,123,124,125,126,127,128,129,130,131,132,2,1,1,2040,2040,2,2010,0,0,0,0,0,0,0,0,0,0,0,0,0,0,0,0,0,0,0,0,0,0,0,0,0,0,0,0,0,0,0,0,0,0,0,0,0,0,0,0,0,0,0,0,0,0,0,0,0,0,0,0,29901.8671875,32101.998046875,34544.1796875,37090.8828125,39666.625,42517.53125,44071.37890625,52000,55246.10546875,58222.87890625,60936.15625,63727.46875,65744.625,68280.796875,71317.8046875,74594.34375,77434.0703125,79977.3203125,84995.890625,92168.578125,97239.109375,101371.078125,105031.125,108435.9765625,111690.5234375,114871.46875,117989.140625,121013.9453125,123926.7265625,126713.25,129361.828125,131860.6875,134198.71875,136365.96875,138352.578125,140149.59375,141748.984375,143143.3125,0,0,0,0,0,0,0,0,0,0,0,0,0,0,0,0,0,0,0,0,0,0,0,0,0,0,0
0,0,0,0,0,0,2178,21783,121783,221783,3023.77685546875,32,31,1978,1979,0,0,0,0,0,0,0,0,0,0,0,0,0,0,0,0,0,0,0,0,0,0,0,0,0,0,0,0,1,2,3,4,5,6,7,8,9,10,11,12,13,14,15,16,17,18,19,20,21,22,23,24,25,26,27,28,29,30,31,32,33,34,35,36,37,38,39,40,41,42,43,44,45,46,47,48,49,50,51,52,53,54,55,56,57,58,59,60,61,62,63,64,65,66,67,68,69,70,71,72,73,74,75,76,77,78,79,80,81,82,83,84,85,86,87,88,89,90,91,92,93,94,95,96,97,98,99,100,101,102,103,104,105,106,107,108,109,110,111,112,113,114,115,116,117,118,119,120,121,122,123,124,125,126,127,128,129,130,131,132,133,1,2,1,2039,2039,1,2010,0,0,0,0,0,0,0,0,0,0,0,0,0,0,0,0,0,0,0,0,0,0,0,0,0,0,0,0,0,0,0,0,0,0,0,0,0,0,0,0,0,0,0,0,0,0,0,0,0,0,0,0,0,24925.87890625,26780.369140625,28709.896484375,30655.79296875,32807.91015625,33953.92578125,40000,42430.828125,44647.4140625,46655.296875,48716.421875,50180.1796875,52034.734375,54264.46875,56669.15234375,58734.8359375,60569.41015625,64269.90625,69585.03125,73298.8515625,76294.46875,78925.9609375,81357.5859375,83668.9296875,85917.8359375,88112.1953125,90230.2578125,92258.203125,94185.7734375,96004.640625,97706.671875,99284.3828125,100730.5,102038.8203125,103203.2265625,104218.3515625,0,0,0,0,0,0,0,0,0,0,0,0,0,0,0,0,0,0,0,0,0,0,0,0,0,0,0,0
0,0,0,0,0,0,2178,21783,221783,121783,3023.77685546875,31,32,1979,1978,0,0,0,0,0,0,0,0,0,0,0,0,0,0,0,0,0,0,0,0,0,0,0,0,0,0,0,0,0,1,2,3,4,5,6,7,8,9,10,11,12,13,14,15,16,17,18,19,20,21,22,23,24,25,26,27,28,29,30,31,32,33,34,35,36,37,38,39,40,41,42,43,44,45,46,47,48,49,50,51,52,53,54,55,56,57,58,59,60,61,62,63,64,65,66,67,68,69,70,71,72,73,74,75,76,77,78,79,80,81,82,83,84,85,86,87,88,89,90,91,92,93,94,95,96,97,98,99,100,101,102,103,104,105,106,107,108,109,110,111,112,113,114,115,116,117,118,119,120,121,122,123,124,125,126,127,128,129,130,131,132,2,1,1,2040,2040,2,2010,0,0,0,0,0,0,0,0,0,0,0,0,0,0,0,0,0,0,0,0,0,0,0,0,0,0,0,0,0,0,0,0,0,0,0,0,0,0,0,0,0,0,0,0,0,0,0,0,0,0,0,0,29901.8671875,32101.998046875,34544.1796875,37090.8828125,39666.625,42517.53125,44071.37890625,52000,55246.10546875,58222.87890625,60936.15625,63727.46875,65744.625,68280.796875,71317.8046875,74594.34375,77434.0703125,79977.3203125,84995.890625,92168.578125,97239.109375,101371.078125,105031.125,108435.9765625,111690.5234375,114871.46875,117989.140625,121013.9453125,123926.7265625,126713.25,129361.828125,131860.6875,134198.71875,136365.96875,138352.578125,140149.59375,141748.984375,143143.3125,0,0,0,0,0,0,0,0,0,0,0,0,0,0,0,0,0,0,0,0,0,0,0,0,0,0,0
0,0,0,0,0,0,2178,21784,121784,221784,2982.84814453125,32,31,1978,1979,0,0,0,0,0,0,0,0,0,0,0,0,0,0,0,0,0,0,0,0,0,0,0,0,0,0,0,0,1,2,3,4,5,6,7,8,9,10,11,12,13,14,15,16,17,18,19,20,21,22,23,24,25,26,27,28,29,30,31,32,33,34,35,36,37,38,39,40,41,42,43,44,45,46,47,48,49,50,51,52,53,54,55,56,57,58,59,60,61,62,63,64,65,66,67,68,69,70,71,72,73,74,75,76,77,78,79,80,81,82,83,84,85,86,87,88,89,90,91,92,93,94,95,96,97,98,99,100,101,102,103,104,105,106,107,108,109,110,111,112,113,114,115,116,117,118,119,120,121,122,123,124,125,126,127,128,129,130,131,132,133,1,2,1,2039,2039,1,2010,0,0,0,0,0,0,0,0,0,0,0,0,0,0,0,0,0,0,0,0,0,0,0,0,0,0,0,0,0,0,0,0,0,0,0,0,0,0,0,0,0,0,0,0,0,0,0,0,0,0,0,0,0,24925.87890625,26780.369140625,28709.896484375,30655.79296875,32807.91015625,33953.92578125,40000,42430.828125,44647.4140625,46655.296875,48716.421875,50180.1796875,52034.734375,54264.46875,56669.15234375,58734.8359375,60569.41015625,64269.90625,69585.03125,73298.8515625,76294.46875,78925.9609375,81357.5859375,83668.9296875,85917.8359375,88112.1953125,90230.2578125,92258.203125,94185.7734375,96004.640625,97706.671875,99284.3828125,100730.5,102038.8203125,103203.2265625,104218.3515625,0,0,0,0,0,0,0,0,0,0,0,0,0,0,0,0,0,0,0,0,0,0,0,0,0,0,0,0
0,0,0,0,0,0,2178,21784,221784,121784,2982.84814453125,31,32,1979,1978,0,0,0,0,0,0,0,0,0,0,0,0,0,0,0,0,0,0,0,0,0,0,0,0,0,0,0,0,0,1,2,3,4,5,6,7,8,9,10,11,12,13,14,15,16,17,18,19,20,21,22,23,24,25,26,27,28,29,30,31,32,33,34,35,36,37,38,39,40,41,42,43,44,45,46,47,48,49,50,51,52,53,54,55,56,57,58,59,60,61,62,63,64,65,66,67,68,69,70,71,72,73,74,75,76,77,78,79,80,81,82,83,84,85,86,87,88,89,90,91,92,93,94,95,96,97,98,99,100,101,102,103,104,105,106,107,108,109,110,111,112,113,114,115,116,117,118,119,120,121,122,123,124,125,126,127,128,129,130,131,132,2,1,1,2040,2040,2,2010,0,0,0,0,0,0,0,0,0,0,0,0,0,0,0,0,0,0,0,0,0,0,0,0,0,0,0,0,0,0,0,0,0,0,0,0,0,0,0,0,0,0,0,0,0,0,0,0,0,0,0,0,29901.8671875,32101.998046875,34544.1796875,37090.8828125,39666.625,42517.53125,44071.37890625,52000,55246.10546875,58222.87890625,60936.15625,63727.46875,65744.625,68280.796875,71317.8046875,74594.34375,77434.0703125,79977.3203125,84995.890625,92168.578125,97239.109375,101371.078125,105031.125,108435.9765625,111690.5234375,114871.46875,117989.140625,121013.9453125,123926.7265625,126713.25,129361.828125,131860.6875,134198.71875,136365.96875,138352.578125,140149.59375,141748.984375,143143.3125,0,0,0,0,0,0,0,0,0,0,0,0,0,0,0,0,0,0,0,0,0,0,0,0,0,0,0
0,0,0,0,0,0,2178,21785,121785,221785,2994.219482421875,32,31,1978,1979,0,0,0,0,0,0,0,0,0,0,0,0,0,0,0,0,0,0,0,0,0,0,0,0,0,0,0,0,1,2,3,4,5,6,7,8,9,10,11,12,13,14,15,16,17,18,19,20,21,22,23,24,25,26,27,28,29,30,31,32,33,34,35,36,37,38,39,40,41,42,43,44,45,46,47,48,49,50,51,52,53,54,55,56,57,58,59,60,61,62,63,64,65,66,67,68,69,70,71,72,73,74,75,76,77,78,79,80,81,82,83,84,85,86,87,88,89,90,91,92,93,94,95,96,97,98,99,100,101,102,103,104,105,106,107,108,109,110,111,112,113,114,115,116,117,118,119,120,121,122,123,124,125,126,127,128,129,130,131,132,133,1,2,1,2039,2039,1,2010,0,0,0,0,0,0,0,0,0,0,0,0,0,0,0,0,0,0,0,0,0,0,0,0,0,0,0,0,0,0,0,0,0,0,0,0,0,0,0,0,0,0,0,0,0,0,0,0,0,0,0,0,0,24925.87890625,26780.369140625,28709.896484375,30655.79296875,32807.91015625,33953.92578125,40000,42430.828125,44647.4140625,46655.296875,48716.421875,50180.1796875,52034.734375,54264.46875,56669.15234375,58734.8359375,60569.41015625,64269.90625,69585.03125,73298.8515625,76294.46875,78925.9609375,81357.5859375,83668.9296875,85917.8359375,88112.1953125,90230.2578125,92258.203125,94185.7734375,96004.640625,97706.671875,99284.3828125,100730.5,102038.8203125,103203.2265625,104218.3515625,0,0,0,0,0,0,0,0,0,0,0,0,0,0,0,0,0,0,0,0,0,0,0,0,0,0,0,0
0,0,0,0,0,0,2178,21785,221785,121785,2994.219482421875,31,32,1979,1978,0,0,0,0,0,0,0,0,0,0,0,0,0,0,0,0,0,0,0,0,0,0,0,0,0,0,0,0,0,1,2,3,4,5,6,7,8,9,10,11,12,13,14,15,16,17,18,19,20,21,22,23,24,25,26,27,28,29,30,31,32,33,34,35,36,37,38,39,40,41,42,43,44,45,46,47,48,49,50,51,52,53,54,55,56,57,58,59,60,61,62,63,64,65,66,67,68,69,70,71,72,73,74,75,76,77,78,79,80,81,82,83,84,85,86,87,88,89,90,91,92,93,94,95,96,97,98,99,100,101,102,103,104,105,106,107,108,109,110,111,112,113,114,115,116,117,118,119,120,121,122,123,124,125,126,127,128,129,130,131,132,2,1,1,2040,2040,2,2010,0,0,0,0,0,0,0,0,0,0,0,0,0,0,0,0,0,0,0,0,0,0,0,0,0,0,0,0,0,0,0,0,0,0,0,0,0,0,0,0,0,0,0,0,0,0,0,0,0,0,0,0,29901.8671875,32101.998046875,34544.1796875,37090.8828125,39666.625,42517.53125,44071.37890625,52000,55246.10546875,58222.87890625,60936.15625,63727.46875,65744.625,68280.796875,71317.8046875,74594.34375,77434.0703125,79977.3203125,84995.890625,92168.578125,97239.109375,101371.078125,105031.125,108435.9765625,111690.5234375,114871.46875,117989.140625,121013.9453125,123926.7265625,126713.25,129361.828125,131860.6875,134198.71875,136365.96875,138352.578125,140149.59375,141748.984375,143143.3125,0,0,0,0,0,0,0,0,0,0,0,0,0,0,0,0,0,0,0,0,0,0,0,0,0,0,0
0,0,0,0,0,0,2251,22511,122511,222511,3542.62060546875,31,38,1979,1972,0,0,0,0,0,0,0,0,0,0,0,0,0,0,0,0,0,0,0,0,0,0,0,0,0,0,0,0,0,1,2,3,4,5,6,7,8,9,10,11,12,13,14,15,16,17,18,19,20,21,22,23,24,25,26,27,28,29,30,31,32,33,34,35,36,37,38,39,40,41,42,43,44,45,46,47,48,49,50,51,52,53,54,55,56,57,58,59,60,61,62,63,64,65,66,67,68,69,70,71,72,73,74,75,76,77,78,79,80,81,82,83,84,85,86,87,88,89,90,91,92,93,94,95,96,97,98,99,100,101,102,103,104,105,106,107,108,109,110,111,112,113,114,115,116,117,118,119,120,121,122,123,124,125,126,127,128,129,130,131,132,1,2,1,2039,2039,1,2010,0,0,0,0,0,0,0,0,0,0,0,0,0,0,0,0,0,0,0,0,0,0,0,0,0,0,0,0,0,0,0,0,0,0,0,0,0,0,0,0,0,0,0,0,0,0,0,0,0,0,28479.298828125,33865,36278.0390625,38947.3203125,41910.265625,45000,0,91323.09375,94660.5078125,100000,106242.5546875,111967.1171875,117184.9609375,122552.8671875,126432.0234375,131309.265625,137149.671875,143450.71875,148911.734375,153802.609375,163453.703125,177247.328125,186998.359375,194944.453125,201983.015625,208530.796875,214789.546875,220906.765625,226902.28125,232719.21875,238320.71875,243679.421875,248772.84375,253578.328125,258074.578125,262242.34375,266062.75,269518.53125,272594.3125,0,0,0,0,0,0,0,0,0,0,0,0,0,0,0,0,0,0,0,0,0,0,0,0,0,0,0,0
0,0,0,0,0,0,2251,22511,222511,122511,3542.62060546875,38,31,1972,1979,0,0,0,0,0,0,0,0,0,0,0,0,0,0,0,0,0,0,0,0,0,0,1,2,3,4,5,6,7,8,9,10,11,12,13,14,15,16,17,18,19,20,21,22,23,24,25,26,27,28,29,30,31,32,33,34,35,36,37,38,39,40,41,42,43,44,45,46,47,48,49,50,51,52,53,54,55,56,57,58,59,60,61,62,63,64,65,66,67,68,69,70,71,72,73,74,75,76,77,78,79,80,81,82,83,84,85,86,87,88,89,90,91,92,93,94,95,96,97,98,99,100,101,102,103,104,105,106,107,108,109,110,111,112,113,114,115,116,117,118,119,120,121,122,123,124,125,126,127,128,129,130,131,132,133,134,135,136,137,138,139,2,1,1,2032,2037,2,2010,0,0,0,0,0,0,0,0,0,0,0,0,0,0,0,0,0,0,0,0,0,0,0,0,0,0,0,0,0,0,0,0,0,0,0,0,0,0,0,0,0,0,0,0,0,0,16124.96875,17000,0,0,0,0,0,7618.43115234375,8109.046875,8612.3779296875,32364.4921875,34314.12890625,35182.1328125,0,0,0,0,43130.3203125,44012.66796875,45214.421875,46712.9609375,48328.8828125,49624.25,50697.87109375,53294.48046875,57164.7890625,59655.11328125,61515.10546875,63044.49609375,64381.86328125,65594.5078125,66730.5546875,67797.8046875,68781.2421875,69672.4296875,70465.96875,20030.802734375,20196.126953125,20331.19921875,20435.330078125,20508.02734375,0,0,0,0,0,0,0,0,0,0,0,0,0,0,0,0,0,0,0,0,0,0,0,0,0,0,0,0,0,0
0,0,0,0,0,0,2251,22512,122512,222512,3530.686279296875,31,38,1979,1972,0,0,0,0,0,0,0,0,0,0,0,0,0,0,0,0,0,0,0,0,0,0,0,0,0,0,0,0,0,1,2,3,4,5,6,7,8,9,10,11,12,13,14,15,16,17,18,19,20,21,22,23,24,25,26,27,28,29,30,31,32,33,34,35,36,37,38,39,40,41,42,43,44,45,46,47,48,49,50,51,52,53,54,55,56,57,58,59,60,61,62,63,64,65,66,67,68,69,70,71,72,73,74,75,76,77,78,79,80,81,82,83,84,85,86,87,88,89,90,91,92,93,94,95,96,97,98,99,100,101,102,103,104,105,106,107,108,109,110,111,112,113,114,115,116,117,118,119,120,121,122,123,124,125,126,127,128,129,130,131,132,1,2,1,2039,2039,1,2010,0,0,0,0,0,0,0,0,0,0,0,0,0,0,0,0,0,0,0,0,0,0,0,0,0,0,0,0,0,0,0,0,0,0,0,0,0,0,0,0,0,0,0,0,0,0,0,0,0,0,28479.298828125,33865,36278.0390625,38947.3203125,41910.265625,45000,0,91323.09375,94660.5078125,100000,106242.5546875,111967.1171875,117184.9609375,122552.8671875,126432.0234375,131309.265625,137149.671875,143450.71875,148911.734375,153802.609375,163453.703125,177247.328125,186998.359375,194944.453125,201983.015625,208530.796875,214789.546875,220906.765625,226902.28125,232719.21875,238320.71875,243679.421875,248772.84375,253578.328125,258074.578125,262242.34375,266062.75,269518.53125,272594.3125,0,0,0,0,0,0,0,0,0,0,0,0,0,0,0,0,0,0,0,0,0,0,0,0,0,0,0,0
0,0,0,0,0,0,2251,22512,222512,122512,3530.686279296875,38,31,1972,1979,0,0,0,0,0,0,0,0,0,0,0,0,0,0,0,0,0,0,0,0,0,0,1,2,3,4,5,6,7,8,9,10,11,12,13,14,15,16,17,18,19,20,21,22,23,24,25,26,27,28,29,30,31,32,33,34,35,36,37,38,39,40,41,42,43,44,45,46,47,48,49,50,51,52,53,54,55,56,57,58,59,60,61,62,63,64,65,66,67,68,69,70,71,72,73,74,75,76,77,78,79,80,81,82,83,84,85,86,87,88,89,90,91,92,93,94,95,96,97,98,99,100,101,102,103,104,105,106,107,108,109,110,111,112,113,114,115,116,117,118,119,120,121,122,123,124,125,126,127,128,129,130,131,132,133,134,135,136,137,138,139,2,1,1,2032,2037,2,2010,0,0,0,0,0,0,0,0,0,0,0,0,0,0,0,0,0,0,0,0,0,0,0,0,0,0,0,0,0,0,0,0,0,0,0,0,0,0,0,0,0,0,0,0,0,0,15176.4345703125,16000,0,0,0,0,0,7170.28515625,7632.04052734375,8105.763671875,30460.68359375,32295.634765625,33112.58203125,0,0,0,0,40593.22265625,41423.66796875,42554.73046875,43965.12109375,45485.98828125,46705.15625,47715.62109375,50159.48828125,53802.12890625,56145.96484375,57896.54296875,59335.96875,60594.66796875,61735.9765625,62805.19921875,63809.66796875,64735.25390625,65574.0234375,66320.8828125,18852.51171875,19008.111328125,19135.23828125,19233.2421875,19301.6640625,0,0,0,0,0,0,0,0,0,0,0,0,0,0,0,0,0,0,0,0,0,0,0,0,0,0,0,0,0,0
0,0,0,0,0,0,2251,22513,122513,222513,3520.86865234375,31,38,1979,1972,0,0,0,0,0,0,0,0,0,0,0,0,0,0,0,0,0,0,0,0,0,0,0,0,0,0,0,0,0,1,2,3,4,5,6,7,8,9,10,11,12,13,14,15,16,17,18,19,20,21,22,23,24,25,26,27,28,29,30,31,32,33,34,35,36,37,38,39,40,41,42,43,44,45,46,47,48,49,50,51,52,53,54,55,56,57,58,59,60,61,62,63,64,65,66,67,68,69,70,71,72,73,74,75,76,77,78,79,80,81,82,83,84,85,86,87,88,89,90,91,92,93,94,95,96,97,98,99,100,101,102,103,104,105,106,107,108,109,110,111,112,113,114,115,116,117,118,119,120,121,122,123,124,125,126,127,128,129,130,131,132,1,2,1,2039,2039,1,2010,0,0,0,0,0,0,0,0,0,0,0,0,0,0,0,0,0,0,0,0,0,0,0,0,0,0,0,0,0,0,0,0,0,0,0,0,0,0,0,0,0,0,0,0,0,0,0,0,0,0,28479.298828125,33865,36278.0390625,38947.3203125,41910.265625,45000,0,91323.09375,94660.5078125,100000,106242.5546875,111967.1171875,117184.9609375,122552.8671875,126432.0234375,131309.265625,137149.671875,143450.71875,148911.734375,153802.609375,163453.703125,177247.328125,186998.359375,194944.453125,201983.015625,208530.796875,214789.546875,220906.765625,226902.28125,232719.21875,238320.71875,243679.421875,248772.84375,253578.328125,258074.578125,262242.34375,266062.75,269518.53125,272594.3125,0,0,0,0,0,0,0,0,0,0,0,0,0,0,0,0,0,0,0,0,0,0,0,0,0,0,0,0
0,0,0,0,0,0,2251,22513,222513,122513,3520.86865234375,38,31,1972,1979,0,0,0,0,0,0,0,0,0,0,0,0,0,0,0,0,0,0,0,0,0,0,1,2,3,4,5,6,7,8,9,10,11,12,13,14,15,16,17,18,19,20,21,22,23,24,25,26,27,28,29,30,31,32,33,34,35,36,37,38,39,40,41,42,43,44,45,46,47,48,49,50,51,52,53,54,55,56,57,58,59,60,61,62,63,64,65,66,67,68,69,70,71,72,73,74,75,76,77,78,79,80,81,82,83,84,85,86,87,88,89,90,91,92,93,94,95,96,97,98,99,100,101,102,103,104,105,106,107,108,109,110,111,112,113,114,115,116,117,118,119,120,121,122,123,124,125,126,127,128,129,130,131,132,133,134,135,136,137,138,139,2,1,1,2032,2037,2,2010,0,0,0,0,0,0,0,0,0,0,0,0,0,0,0,0,0,0,0,0,0,0,0,0,0,0,0,0,0,0,0,0,0,0,0,0,0,0,0,0,0,0,0,0,0,0,15176.4345703125,16000,0,0,0,0,0,7170.28515625,7632.04052734375,8105.763671875,30460.68359375,32295.634765625,33112.58203125,0,0,0,0,40593.22265625,41423.66796875,42554.73046875,43965.12109375,45485.98828125,46705.15625,47715.62109375,50159.48828125,53802.12890625,56145.96484375,57896.54296875,59335.96875,60594.66796875,61735.9765625,62805.19921875,63809.66796875,64735.25390625,65574.0234375,66320.8828125,18852.51171875,19008.111328125,19135.23828125,19233.2421875,19301.6640625,0,0,0,0,0,0,0,0,0,0,0,0,0,0,0,0,0,0,0,0,0,0,0,0,0,0,0,0,0,0
0,0,0,0,0,0,2251,22514,122514,222514,3542.573974609375,31,38,1979,1972,0,0,0,0,0,0,0,0,0,0,0,0,0,0,0,0,0,0,0,0,0,0,0,0,0,0,0,0,0,1,2,3,4,5,6,7,8,9,10,11,12,13,14,15,16,17,18,19,20,21,22,23,24,25,26,27,28,29,30,31,32,33,34,35,36,37,38,39,40,41,42,43,44,45,46,47,48,49,50,51,52,53,54,55,56,57,58,59,60,61,62,63,64,65,66,67,68,69,70,71,72,73,74,75,76,77,78,79,80,81,82,83,84,85,86,87,88,89,90,91,92,93,94,95,96,97,98,99,100,101,102,103,104,105,106,107,108,109,110,111,112,113,114,115,116,117,118,119,120,121,122,123,124,125,126,127,128,129,130,131,132,1,2,1,2039,2039,1,2010,0,0,0,0,0,0,0,0,0,0,0,0,0,0,0,0,0,0,0,0,0,0,0,0,0,0,0,0,0,0,0,0,0,0,0,0,0,0,0,0,0,0,0,0,0,0,0,0,0,0,28479.298828125,33865,36278.0390625,38947.3203125,41910.265625,45000,0,91323.09375,94660.5078125,100000,106242.5546875,111967.1171875,117184.9609375,122552.8671875,126432.0234375,131309.265625,137149.671875,143450.71875,148911.734375,153802.609375,163453.703125,177247.328125,186998.359375,194944.453125,201983.015625,208530.796875,214789.546875,220906.765625,226902.28125,232719.21875,238320.71875,243679.421875,248772.84375,253578.328125,258074.578125,262242.34375,266062.75,269518.53125,272594.3125,0,0,0,0,0,0,0,0,0,0,0,0,0,0,0,0,0,0,0,0,0,0,0,0,0,0,0,0
0,0,0,0,0,0,2251,22514,222514,122514,3542.573974609375,38,31,1972,1979,0,0,0,0,0,0,0,0,0,0,0,0,0,0,0,0,0,0,0,0,0,0,1,2,3,4,5,6,7,8,9,10,11,12,13,14,15,16,17,18,19,20,21,22,23,24,25,26,27,28,29,30,31,32,33,34,35,36,37,38,39,40,41,42,43,44,45,46,47,48,49,50,51,52,53,54,55,56,57,58,59,60,61,62,63,64,65,66,67,68,69,70,71,72,73,74,75,76,77,78,79,80,81,82,83,84,85,86,87,88,89,90,91,92,93,94,95,96,97,98,99,100,101,102,103,104,105,106,107,108,109,110,111,112,113,114,115,116,117,118,119,120,121,122,123,124,125,126,127,128,129,130,131,132,133,134,135,136,137,138,139,2,1,1,2032,2037,2,2010,0,0,0,0,0,0,0,0,0,0,0,0,0,0,0,0,0,0,0,0,0,0,0,0,0,0,0,0,0,0,0,0,0,0,0,0,0,0,0,0,0,0,0,0,0,0,15176.4345703125,16000,0,0,0,0,0,7170.28515625,7632.04052734375,8105.763671875,30460.68359375,32295.634765625,33112.58203125,0,0,0,0,40593.22265625,41423.66796875,42554.73046875,43965.12109375,45485.98828125,46705.15625,47715.62109375,50159.48828125,53802.12890625,56145.96484375,57896.54296875,59335.96875,60594.66796875,61735.9765625,62805.19921875,63809.66796875,64735.25390625,65574.0234375,66320.8828125,18852.51171875,19008.111328125,19135.23828125,19233.2421875,19301.6640625,0,0,0,0,0,0,0,0,0,0,0,0,0,0,0,0,0,0,0,0,0,0,0,0,0,0,0,0,0,0
0,0,0,0,0,0,2251,22515,122515,222515,3548.78662109375,31,38,1979,1972,0,0,0,0,0,0,0,0,0,0,0,0,0,0,0,0,0,0,0,0,0,0,0,0,0,0,0,0,0,1,2,3,4,5,6,7,8,9,10,11,12,13,14,15,16,17,18,19,20,21,22,23,24,25,26,27,28,29,30,31,32,33,34,35,36,37,38,39,40,41,42,43,44,45,46,47,48,49,50,51,52,53,54,55,56,57,58,59,60,61,62,63,64,65,66,67,68,69,70,71,72,73,74,75,76,77,78,79,80,81,82,83,84,85,86,87,88,89,90,91,92,93,94,95,96,97,98,99,100,101,102,103,104,105,106,107,108,109,110,111,112,113,114,115,116,117,118,119,120,121,122,123,124,125,126,127,128,129,130,131,132,1,2,1,2039,2039,1,2010,0,0,0,0,0,0,0,0,0,0,0,0,0,0,0,0,0,0,0,0,0,0,0,0,0,0,0,0,0,0,0,0,0,0,0,0,0,0,0,0,0,0,0,0,0,0,0,0,0,0,28479.298828125,33865,36278.0390625,38947.3203125,41910.265625,45000,0,91323.09375,94660.5078125,100000,106242.5546875,111967.1171875,117184.9609375,122552.8671875,126432.0234375,131309.265625,137149.671875,143450.71875,148911.734375,153802.609375,163453.703125,177247.328125,186998.359375,194944.453125,201983.015625,208530.796875,214789.546875,220906.765625,226902.28125,232719.21875,238320.71875,243679.421875,248772.84375,253578.328125,258074.578125,262242.34375,266062.75,269518.53125,272594.3125,0,0,0,0,0,0,0,0,0,0,0,0,0,0,0,0,0,0,0,0,0,0,0,0,0,0,0,0
0,0,0,0,0,0,2251,22515,222515,122515,3548.78662109375,38,31,1972,1979,0,0,0,0,0,0,0,0,0,0,0,0,0,0,0,0,0,0,0,0,0,0,1,2,3,4,5,6,7,8,9,10,11,12,13,14,15,16,17,18,19,20,21,22,23,24,25,26,27,28,29,30,31,32,33,34,35,36,37,38,39,40,41,42,43,44,45,46,47,48,49,50,51,52,53,54,55,56,57,58,59,60,61,62,63,64,65,66,67,68,69,70,71,72,73,74,75,76,77,78,79,80,81,82,83,84,85,86,87,88,89,90,91,92,93,94,95,96,97,98,99,100,101,102,103,104,105,106,107,108,109,110,111,112,113,114,115,116,117,118,119,120,121,122,123,124,125,126,127,128,129,130,131,132,133,134,135,136,137,138,139,2,1,1,2032,2037,2,2010,0,0,0,0,0,0,0,0,0,0,0,0,0,0,0,0,0,0,0,0,0,0,0,0,0,0,0,0,0,0,0,0,0,0,0,0,0,0,0,0,0,0,0,0,0,0,15176.4345703125,16000,0,0,0,0,0,7170.28515625,7632.04052734375,8105.763671875,30460.68359375,32295.634765625,33112.58203125,0,0,0,0,40593.22265625,41423.66796875,42554.73046875,43965.12109375,45485.98828125,46705.15625,47715.62109375,50159.48828125,53802.12890625,56145.96484375,57896.54296875,59335.96875,60594.66796875,61735.9765625,62805.19921875,63809.66796875,64735.25390625,65574.0234375,66320.8828125,18852.51171875,19008.111328125,19135.23828125,19233.2421875,19301.6640625,0,0,0,0,0,0,0,0,0,0,0,0,0,0,0,0,0,0,0,0,0,0,0,0,0,0,0,0,0,0
1,1800,4,1,500,4,2300,23001,123001,223001,3771.393798828125,74,74,1936,1936,15,16,17,18,19,20,21,22,23,24,25,26,27,28,29,30,31,32,33,34,35,36,37,38,39,40,41,42,43,44,45,46,47,48,49,50,51,52,53,54,55,56,57,58,59,60,61,62,63,64,65,66,67,68,69,70,71,72,73,74,75,76,77,78,79,80,81,82,83,84,85,86,87,88,89,90,91,92,93,94,95,96,97,98,99,100,101,102,103,104,105,106,107,108,109,110,111,112,113,114,115,116,117,118,119,120,121,122,123,124,125,126,127,128,129,130,131,132,133,134,135,136,137,138,139,140,141,142,143,144,145,146,147,148,149,150,151,152,153,154,155,156,157,158,159,160,161,162,163,164,165,166,167,168,169,170,171,172,173,174,175,1,2,1,,,1,2010,0,0,0,0,0,0,0,4428.5,4723.01806640625,5625.59716796875,5954.28662109375,6300.82275390625,6658.7373046875,7043.4990234375,7438.39013671875,7927.23876953125,8433.6904296875,9080.9208984375,9818.3046875,10616.2568359375,11414.50390625,12155.1474609375,13170.48828125,14927.841796875,16575.904296875,17893.6171875,19472.599609375,21247.529296875,23565.322265625,26546.873046875,29371.21875,31431.69921875,33170.30859375,34791.1015625,36332.69140625,37402.85546875,38788.7734375,40482.1796875,42369.85546875,44286.21875,45753.953125,46886.71875,47891.578125,48648.85546875,49350.3671875,50000,0,0,0,0,0,0,0,0,0,0,0,0,0,0,0,0,0,0,0,0,0,0,0,0,0,0,0,0,0,0,0,0,0,0,0,0,0,0,0,0,0,0,0,0,0,0,0,0,0,0,0,0,0,0,0,0,0,0,0,0,0,0,0,0,0,0,0,0,0,0,0
1,1800,4,1,500,4,2300,23001,223001,123001,3771.393798828125,74,74,1936,1936,15,16,17,18,19,20,21,22,23,24,25,26,27,28,29,30,31,32,33,34,35,36,37,38,39,40,41,42,43,44,45,46,47,48,49,50,51,52,53,54,55,56,57,58,59,60,61,62,63,64,65,66,67,68,69,70,71,72,73,74,75,76,77,78,79,80,81,82,83,84,85,86,87,88,89,90,91,92,93,94,95,96,97,98,99,100,101,102,103,104,105,106,107,108,109,110,111,112,113,114,115,116,117,118,119,120,121,122,123,124,125,126,127,128,129,130,131,132,133,134,135,136,137,138,139,140,141,142,143,144,145,146,147,148,149,150,151,152,153,154,155,156,157,158,159,160,161,162,163,164,165,166,167,168,169,170,171,172,173,174,175,2,1,1,,,2,2010,0,0,0,0,0,0,0,0,0,0,0,0,0,0,0,0,0,0,0,0,0,0,0,0,0,0,0,0,0,0,0,0,0,0,18087.576171875,18620.337890625,19310.2734375,20153.3046875,21093.0703125,22047.095703125,22777.783203125,23341.708984375,23841.958984375,24218.95703125,24568.19140625,24891.595703125,25081.916015625,25000,0,0,0,0,0,25447.234375,25607.896484375,25713.18359375,25716.037109375,25777.267578125,24987.060546875,0,0,0,0,0,0,0,0,0,0,0,0,0,0,0,0,0,0,0,0,0,0,0,0,0,0,0,0,0,0,0,0,0,0,0,0,0,0,0,0,0,0,0,0,0,0,0,0,0,0,0,0,0,0,0,0,0,0
1,1800,4,1,500,4,2300,23002,123002,223002,3668.17431640625,74,74,1936,1936,15,16,17,18,19,20,21,22,23,24,25,26,27,28,29,30,31,32,33,34,35,36,37,38,39,40,41,42,43,44,45,46,47,48,49,50,51,52,53,54,55,56,57,58,59,60,61,62,63,64,65,66,67,68,69,70,71,72,73,74,75,76,77,78,79,80,81,82,83,84,85,86,87,88,89,90,91,92,93,94,95,96,97,98,99,100,101,102,103,104,105,106,107,108,109,110,111,112,113,114,115,116,117,118,119,120,121,122,123,124,125,126,127,128,129,130,131,132,133,134,135,136,137,138,139,140,141,142,143,144,145,146,147,148,149,150,151,152,153,154,155,156,157,158,159,160,161,162,163,164,165,166,167,168,169,170,171,172,173,174,175,1,2,1,,,1,2010,0,0,0,0,0,0,0,4428.5,4723.01806640625,5625.59716796875,5954.28662109375,6300.82275390625,6658.7373046875,7043.4990234375,7438.39013671875,7927.23876953125,8433.6904296875,9080.9208984375,9818.3046875,10616.2568359375,11414.50390625,12155.1474609375,13170.48828125,14927.841796875,16575.904296875,17893.6171875,19472.599609375,21247.529296875,23565.322265625,26546.873046875,29371.21875,31431.69921875,33170.30859375,34791.1015625,36332.69140625,37402.85546875,38788.7734375,40482.1796875,42369.85546875,44286.21875,45753.953125,46886.71875,47891.578125,48648.85546875,49350.3671875,50000,0,0,0,0,0,0,0,0,0,0,0,0,0,0,0,0,0,0,0,0,0,0,0,0,0,0,0,0,0,0,0,0,0,0,0,0,0,0,0,0,0,0,0,0,0,0,0,0,0,0,0,0,0,0,0,0,0,0,0,0,0,0,0,0,0,0,0,0,0,0,0
1,1800,4,1,500,4,2300,23002,223002,123002,3668.17431640625,74,74,1936,1936,15,16,17,18,19,20,21,22,23,24,25,26,27,28,29,30,31,32,33,34,35,36,37,38,39,40,41,42,43,44,45,46,47,48,49,50,51,52,53,54,55,56,57,58,59,60,61,62,63,64,65,66,67,68,69,70,71,72,73,74,75,76,77,78,79,80,81,82,83,84,85,86,87,88,89,90,91,92,93,94,95,96,97,98,99,100,101,102,103,104,105,106,107,108,109,110,111,112,113,114,115,116,117,118,119,120,121,122,123,124,125,126,127,128,129,130,131,132,133,134,135,136,137,138,139,140,141,142,143,144,145,146,147,148,149,150,151,152,153,154,155,156,157,158,159,160,161,162,163,164,165,166,167,168,169,170,171,172,173,174,175,2,1,1,,,2,2010,0,0,0,0,0,0,0,0,0,0,0,0,0,0,0,0,0,0,0,0,0,0,0,0,0,0,0,0,0,0,0,0,0,0,18087.576171875,18620.337890625,19310.2734375,20153.3046875,21093.0703125,22047.095703125,22777.783203125,23341.708984375,23841.958984375,24218.95703125,24568.19140625,24891.595703125,25081.916015625,25000,0,0,0,0,0,25447.234375,25607.896484375,25713.18359375,25716.037109375,25777.267578125,24987.060546875,0,0,0,0,0,0,0,0,0,0,0,0,0,0,0,0,0,0,0,0,0,0,0,0,0,0,0,0,0,0,0,0,0,0,0,0,0,0,0,0,0,0,0,0,0,0,0,0,0,0,0,0,0,0,0,0,0,0
1,1800,4,1,500,4,2300,23003,123003,223003,3485.383544921875,74,74,1936,1936,15,16,17,18,19,20,21,22,23,24,25,26,27,28,29,30,31,32,33,34,35,36,37,38,39,40,41,42,43,44,45,46,47,48,49,50,51,52,53,54,55,56,57,58,59,60,61,62,63,64,65,66,67,68,69,70,71,72,73,74,75,76,77,78,79,80,81,82,83,84,85,86,87,88,89,90,91,92,93,94,95,96,97,98,99,100,101,102,103,104,105,106,107,108,109,110,111,112,113,114,115,116,117,118,119,120,121,122,123,124,125,126,127,128,129,130,131,132,133,134,135,136,137,138,139,140,141,142,143,144,145,146,147,148,149,150,151,152,153,154,155,156,157,158,159,160,161,162,163,164,165,166,167,168,169,170,171,172,173,174,175,1,2,1,,,1,2010,0,0,0,0,0,0,0,4428.5,4723.01806640625,5625.59716796875,5954.28662109375,6300.82275390625,6658.7373046875,7043.4990234375,7438.39013671875,7927.23876953125,8433.6904296875,9080.9208984375,9818.3046875,10616.2568359375,11414.50390625,12155.1474609375,13170.48828125,14927.841796875,16575.904296875,17893.6171875,19472.599609375,21247.529296875,23565.322265625,26546.873046875,29371.21875,31431.69921875,33170.30859375,34791.1015625,36332.69140625,37402.85546875,38788.7734375,40482.1796875,42369.85546875,44286.21875,45753.953125,46886.71875,47891.578125,48648.85546875,49350.3671875,50000,0,0,0,0,0,0,0,0,0,0,0,0,0,0,0,0,0,0,0,0,0,0,0,0,0,0,0,0,0,0,0,0,0,0,0,0,0,0,0,0,0,0,0,0,0,0,0,0,0,0,0,0,0,0,0,0,0,0,0,0,0,0,0,0,0,0,0,0,0,0,0
1,1800,4,1,500,4,2300,23003,223003,123003,3485.383544921875,74,74,1936,1936,15,16,17,18,19,20,21,22,23,24,25,26,27,28,29,30,31,32,33,34,35,36,37,38,39,40,41,42,43,44,45,46,47,48,49,50,51,52,53,54,55,56,57,58,59,60,61,62,63,64,65,66,67,68,69,70,71,72,73,74,75,76,77,78,79,80,81,82,83,84,85,86,87,88,89,90,91,92,93,94,95,96,97,98,99,100,101,102,103,104,105,106,107,108,109,110,111,112,113,114,115,116,117,118,119,120,121,122,123,124,125,126,127,128,129,130,131,132,133,134,135,136,137,138,139,140,141,142,143,144,145,146,147,148,149,150,151,152,153,154,155,156,157,158,159,160,161,162,163,164,165,166,167,168,169,170,171,172,173,174,175,2,1,1,,,2,2010,0,0,0,0,0,0,0,0,0,0,0,0,0,0,0,0,0,0,0,0,0,0,0,0,0,0,0,0,0,0,0,0,0,0,18087.576171875,18620.337890625,19310.2734375,20153.3046875,21093.0703125,22047.095703125,22777.783203125,23341.708984375,23841.958984375,24218.95703125,24568.19140625,24891.595703125,25081.916015625,25000,0,0,0,0,0,25447.234375,25607.896484375,25713.18359375,25716.037109375,25777.267578125,24987.060546875,0,0,0,0,0,0,0,0,0,0,0,0,0,0,0,0,0,0,0,0,0,0,0,0,0,0,0,0,0,0,0,0,0,0,0,0,0,0,0,0,0,0,0,0,0,0,0,0,0,0,0,0,0,0,0,0,0,0
1,1800,4,1,500,4,2300,23004,123004,223004,3871.134765625,74,74,1936,1936,15,16,17,18,19,20,21,22,23,24,25,26,27,28,29,30,31,32,33,34,35,36,37,38,39,40,41,42,43,44,45,46,47,48,49,50,51,52,53,54,55,56,57,58,59,60,61,62,63,64,65,66,67,68,69,70,71,72,73,74,75,76,77,78,79,80,81,82,83,84,85,86,87,88,89,90,91,92,93,94,95,96,97,98,99,100,101,102,103,104,105,106,107,108,109,110,111,112,113,114,115,116,117,118,119,120,121,122,123,124,125,126,127,128,129,130,131,132,133,134,135,136,137,138,139,140,141,142,143,144,145,146,147,148,149,150,151,152,153,154,155,156,157,158,159,160,161,162,163,164,165,166,167,168,169,170,171,172,173,174,175,1,2,1,,,1,2010,0,0,0,0,0,0,0,4428.5,4723.01806640625,5625.59716796875,5954.28662109375,6300.82275390625,6658.7373046875,7043.4990234375,7438.39013671875,7927.23876953125,8433.6904296875,9080.9208984375,9818.3046875,10616.2568359375,11414.50390625,12155.1474609375,13170.48828125,14927.841796875,16575.904296875,17893.6171875,19472.599609375,21247.529296875,23565.322265625,26546.873046875,29371.21875,31431.69921875,33170.30859375,34791.1015625,36332.69140625,37402.85546875,38788.7734375,40482.1796875,42369.85546875,44286.21875,45753.953125,46886.71875,47891.578125,48648.85546875,49350.3671875,50000,0,0,0,0,0,0,0,0,0,0,0,0,0,0,0,0,0,0,0,0,0,0,0,0,0,0,0,0,0,0,0,0,0,0,0,0,0,0,0,0,0,0,0,0,0,0,0,0,0,0,0,0,0,0,0,0,0,0,0,0,0,0,0,0,0,0,0,0,0,0,0
1,1800,4,1,500,4,2300,23004,223004,123004,3871.134765625,74,74,1936,1936,15,16,17,18,19,20,21,22,23,24,25,26,27,28,29,30,31,32,33,34,35,36,37,38,39,40,41,42,43,44,45,46,47,48,49,50,51,52,53,54,55,56,57,58,59,60,61,62,63,64,65,66,67,68,69,70,71,72,73,74,75,76,77,78,79,80,81,82,83,84,85,86,87,88,89,90,91,92,93,94,95,96,97,98,99,100,101,102,103,104,105,106,107,108,109,110,111,112,113,114,115,116,117,118,119,120,121,122,123,124,125,126,127,128,129,130,131,132,133,134,135,136,137,138,139,140,141,142,143,144,145,146,147,148,149,150,151,152,153,154,155,156,157,158,159,160,161,162,163,164,165,166,167,168,169,170,171,172,173,174,175,2,1,1,,,2,2010,0,0,0,0,0,0,0,0,0,0,0,0,0,0,0,0,0,0,0,0,0,0,0,0,0,0,0,0,0,0,0,0,0,0,18087.576171875,18620.337890625,19310.2734375,20153.3046875,21093.0703125,22047.095703125,22777.783203125,23341.708984375,23841.958984375,24218.95703125,24568.19140625,24891.595703125,25081.916015625,25000,0,0,0,0,0,25447.234375,25607.896484375,25713.18359375,25716.037109375,25777.267578125,24987.060546875,0,0,0,0,0,0,0,0,0,0,0,0,0,0,0,0,0,0,0,0,0,0,0,0,0,0,0,0,0,0,0,0,0,0,0,0,0,0,0,0,0,0,0,0,0,0,0,0,0,0,0,0,0,0,0,0,0,0
1,1800,4,1,500,4,2300,23005,123005,223005,3663.55712890625,74,74,1936,1936,15,16,17,18,19,20,21,22,23,24,25,26,27,28,29,30,31,32,33,34,35,36,37,38,39,40,41,42,43,44,45,46,47,48,49,50,51,52,53,54,55,56,57,58,59,60,61,62,63,64,65,66,67,68,69,70,71,72,73,74,75,76,77,78,79,80,81,82,83,84,85,86,87,88,89,90,91,92,93,94,95,96,97,98,99,100,101,102,103,104,105,106,107,108,109,110,111,112,113,114,115,116,117,118,119,120,121,122,123,124,125,126,127,128,129,130,131,132,133,134,135,136,137,138,139,140,141,142,143,144,145,146,147,148,149,150,151,152,153,154,155,156,157,158,159,160,161,162,163,164,165,166,167,168,169,170,171,172,173,174,175,1,2,1,,,1,2010,0,0,0,0,0,0,0,4428.5,4723.01806640625,5625.59716796875,5954.28662109375,6300.82275390625,6658.7373046875,7043.4990234375,7438.39013671875,7927.23876953125,8433.6904296875,9080.9208984375,9818.3046875,10616.2568359375,11414.50390625,12155.1474609375,13170.48828125,14927.841796875,16575.904296875,17893.6171875,19472.599609375,21247.529296875,23565.322265625,26546.873046875,29371.21875,31431.69921875,33170.30859375,34791.1015625,36332.69140625,37402.85546875,38788.7734375,40482.1796875,42369.85546875,44286.21875,45753.953125,46886.71875,47891.578125,48648.85546875,49350.3671875,50000,0,0,0,0,0,0,0,0,0,0,0,0,0,0,0,0,0,0,0,0,0,0,0,0,0,0,0,0,0,0,0,0,0,0,0,0,0,0,0,0,0,0,0,0,0,0,0,0,0,0,0,0,0,0,0,0,0,0,0,0,0,0,0,0,0,0,0,0,0,0,0
1,1800,4,1,500,4,2300,23005,223005,123005,3663.55712890625,74,74,1936,1936,15,16,17,18,19,20,21,22,23,24,25,26,27,28,29,30,31,32,33,34,35,36,37,38,39,40,41,42,43,44,45,46,47,48,49,50,51,52,53,54,55,56,57,58,59,60,61,62,63,64,65,66,67,68,69,70,71,72,73,74,75,76,77,78,79,80,81,82,83,84,85,86,87,88,89,90,91,92,93,94,95,96,97,98,99,100,101,102,103,104,105,106,107,108,109,110,111,112,113,114,115,116,117,118,119,120,121,122,123,124,125,126,127,128,129,130,131,132,133,134,135,136,137,138,139,140,141,142,143,144,145,146,147,148,149,150,151,152,153,154,155,156,157,158,159,160,161,162,163,164,165,166,167,168,169,170,171,172,173,174,175,2,1,1,,,2,2010,0,0,0,0,0,0,0,0,0,0,0,0,0,0,0,0,0,0,0,0,0,0,0,0,0,0,0,0,0,0,0,0,0,0,18087.576171875,18620.337890625,19310.2734375,20153.3046875,21093.0703125,22047.095703125,22777.783203125,23341.708984375,23841.958984375,24218.95703125,24568.19140625,24891.595703125,25081.916015625,25000,0,0,0,0,0,25447.234375,25607.896484375,25713.18359375,25716.037109375,25777.267578125,24987.060546875,0,0,0,0,0,0,0,0,0,0,0,0,0,0,0,0,0,0,0,0,0,0,0,0,0,0,0,0,0,0,0,0,0,0,0,0,0,0,0,0,0,0,0,0,0,0,0,0,0,0,0,0,0,0,0,0,0,0
0,0,0,0,0,0,3212,32121,132121,232121,6275.85888671875,23,23,1987,1987,0,0,0,0,0,0,0,0,0,0,0,0,0,0,0,0,0,0,0,0,0,0,0,0,0,0,0,0,0,0,0,0,0,0,0,0,0,1,2,3,4,5,6,7,8,9,10,11,12,13,14,15,16,17,18,19,20,21,22,23,24,25,26,27,28,29,30,31,32,33,34,35,36,37,38,39,40,41,42,43,44,45,46,47,48,49,50,51,52,53,54,55,56,57,58,59,60,61,62,63,64,65,66,67,68,69,70,71,72,73,74,75,76,77,78,79,80,81,82,83,84,85,86,87,88,89,90,91,92,93,94,95,96,97,98,99,100,101,102,103,104,105,106,107,108,109,110,111,112,113,114,115,116,117,118,119,120,121,122,123,124,1,2,0,9999,9999,1,2010,0,0,0,0,0,0,0,0,0,0,0,0,0,0,0,0,0,0,0,0,0,0,0,0,0,0,0,0,0,0,0,0,0,0,0,0,0,0,0,0,0,0,0,0,0,0,0,0,0,0,0,0,0,0,0,0,15912.2080078125,17318.255859375,18225.498046875,22100,21078.9921875,22547.37109375,23948.982421875,35781.2265625,37455.05078125,39466.2578125,41817.55859375,44366.50390625,46711.79296875,48928.4765625,52728.91796875,57975.75,62011.51171875,65534.34375,68826.0078125,72018.359375,75175.71875,78346.671875,81536.7109375,84723.71875,87891.875,91028.3046875,94120.9921875,97157.7109375,100126.3671875,103014.765625,105810.75,108502.453125,111078.1171875,113526.3359375,115835.90625,117996.5234375,119997.953125,121830.9453125,123486.6875,124957.5,126236.046875,127316.1640625,128192.578125,128860.84375,129317.890625,129561.1171875,129589.4296875,129402.7109375,129555.6484375,129493.5859375,129216.8359375,128726.765625,128025.8046875,127117.3125,126006,124697.0625,0,0,0,0,0
0,0,0,0,0,0,3212,32121,232121,132121,6275.85888671875,23,23,1987,1987,0,0,0,0,0,0,0,0,0,0,0,0,0,0,0,0,0,0,0,0,0,0,0,0,0,0,0,0,0,0,0,0,0,0,0,0,0,1,2,3,4,5,6,7,8,9,10,11,12,13,14,15,16,17,18,19,20,21,22,23,24,25,26,27,28,29,30,31,32,33,34,35,36,37,38,39,40,41,42,43,44,45,46,47,48,49,50,51,52,53,54,55,56,57,58,59,60,61,62,63,64,65,66,67,68,69,70,71,72,73,74,75,76,77,78,79,80,81,82,83,84,85,86,87,88,89,90,91,92,93,94,95,96,97,98,99,100,101,102,103,104,105,106,107,108,109,110,111,112,113,114,115,116,117,118,119,120,121,122,123,124,2,1,0,2052,2052,2,2010,0,0,0,0,0,0,0,0,0,0,0,0,0,0,0,0,0,0,0,0,0,0,0,0,0,0,0,0,0,0,0,0,0,0,0,0,0,0,0,0,0,0,0,0,0,0,0,0,0,0,0,0,0,0,0,0,18598.306640625,20241.7265625,21302.09765625,28600,24637.28125,26353.533203125,27991.748046875,30946.203125,32393.84765625,34133.25,36166.82421875,38371.375,40399.7109375,42316.859375,45603.796875,50141.58984375,53632.0078125,56678.85546875,59525.7265625,62286.6484375,65017.35546875,67759.8203125,70518.796875,73275.15625,76015.2734375,78727.8125,81402.5859375,84028.9609375,86596.46875,89094.5625,91512.7265625,93840.703125,96068.328125,98185.71875,100183.203125,102051.8671875,103782.84375,105368.1484375,106800.15625,108072.21875,109177.9921875,110112.15625,110870.140625,111448.1015625,111843.390625,112053.75,0,0,0,0,0,0,0,0,0,0,0,0,0,0,0
0,0,0,0,0,0,3212,32122,132122,232122,6284.53271484375,23,23,1987,1987,0,0,0,0,0,0,0,0,0,0,0,0,0,0,0,0,0,0,0,0,0,0,0,0,0,0,0,0,0,0,0,0,0,0,0,0,0,1,2,3,4,5,6,7,8,9,10,11,12,13,14,15,16,17,18,19,20,21,22,23,24,25,26,27,28,29,30,31,32,33,34,35,36,37,38,39,40,41,42,43,44,45,46,47,48,49,50,51,52,53,54,55,56,57,58,59,60,61,62,63,64,65,66,67,68,69,70,71,72,73,74,75,76,77,78,79,80,81,82,83,84,85,86,87,88,89,90,91,92,93,94,95,96,97,98,99,100,101,102,103,104,105,106,107,108,109,110,111,112,113,114,115,116,117,118,119,120,121,122,123,124,1,2,0,9999,9999,1,2010,0,0,0,0,0,0,0,0,0,0,0,0,0,0,0,0,0,0,0,0,0,0,0,0,0,0,0,0,0,0,0,0,0,0,0,0,0,0,0,0,0,0,0,0,0,0,0,0,0,0,0,0,0,0,0,0,17991.59375,19581.400390625,20607.181640625,22100,23833.564453125,25493.830078125,27078.603515625,28737.125,30081.431640625,31696.697265625,33585.109375,35632.25390625,37515.8359375,39296.1328125,42348.39453125,46562.3046875,49803.5625,52632.91796875,55276.515625,57840.40625,60376.1875,62922.88671875,65484.91796875,68044.515625,70589.03125,73107.9375,75591.78125,78030.671875,80414.90625,82734.6796875,84980.2265625,87142.0234375,89210.6328125,91176.875,93031.7734375,94767.0390625,96374.453125,97846.59375,99176.3828125,100357.640625,101384.4765625,102251.9609375,102955.8359375,103492.5390625,103859.609375,104054.9609375,104077.6953125,103927.734375,104050.5703125,104000.7265625,103778.5546875,103384.859375,102821.8984375,102092.3515625,101199.71875,100148.46875,0,0,0,0,0
0,0,0,0,0,0,3212,32122,232122,132122,6284.53271484375,23,23,1987,1987,0,0,0,0,0,0,0,0,0,0,0,0,0,0,0,0,0,0,0,0,0,0,0,0,0,0,0,0,0,0,0,0,0,0,0,0,0,1,2,3,4,5,6,7,8,9,10,11,12,13,14,15,16,17,18,19,20,21,22,23,24,25,26,27,28,29,30,31,32,33,34,35,36,37,38,39,40,41,42,43,44,45,46,47,48,49,50,51,52,53,54,55,56,57,58,59,60,61,62,63,64,65,66,67,68,69,70,71,72,73,74,75,76,77,78,79,80,81,82,83,84,85,86,87,88,89,90,91,92,93,94,95,96,97,98,99,100,101,102,103,104,105,106,107,108,109,110,111,112,113,114,115,116,117,118,119,120,121,122,123,124,2,1,0,2052,2052,2,2010,0,0,0,0,0,0,0,0,0,0,0,0,0,0,0,0,0,0,0,0,0,0,0,0,0,0,0,0,0,0,0,0,0,0,0,0,0,0,0,0,0,0,0,0,0,0,0,0,0,0,0,0,0,0,0,0,18598.306640625,20241.7265625,21302.09765625,28600,24637.28125,26353.533203125,27991.748046875,30946.203125,32393.84765625,34133.25,36166.82421875,38371.375,40399.7109375,42316.859375,45603.796875,50141.58984375,53632.0078125,56678.85546875,59525.7265625,62286.6484375,65017.35546875,67759.8203125,70518.796875,73275.15625,76015.2734375,78727.8125,81402.5859375,84028.9609375,86596.46875,89094.5625,91512.7265625,93840.703125,96068.328125,98185.71875,100183.203125,102051.8671875,103782.84375,105368.1484375,106800.15625,108072.21875,109177.9921875,110112.15625,110870.140625,111448.1015625,111843.390625,112053.75,0,0,0,0,0,0,0,0,0,0,0,0,0,0,0
0,0,0,0,0,0,3212,32123,132123,232123,6275.955078125,23,23,1987,1987,0,0,0,0,0,0,0,0,0,0,0,0,0,0,0,0,0,0,0,0,0,0,0,0,0,0,0,0,0,0,0,0,0,0,0,0,0,1,2,3,4,5,6,7,8,9,10,11,12,13,14,15,16,17,18,19,20,21,22,23,24,25,26,27,28,29,30,31,32,33,34,35,36,37,38,39,40,41,42,43,44,45,46,47,48,49,50,51,52,53,54,55,56,57,58,59,60,61,62,63,64,65,66,67,68,69,70,71,72,73,74,75,76,77,78,79,80,81,82,83,84,85,86,87,88,89,90,91,92,93,94,95,96,97,98,99,100,101,102,103,104,105,106,107,108,109,110,111,112,113,114,115,116,117,118,119,120,121,122,123,124,1,2,0,9999,9999,1,2010,0,0,0,0,0,0,0,0,0,0,0,0,0,0,0,0,0,0,0,0,0,0,0,0,0,0,0,0,0,0,0,0,0,0,0,0,0,0,0,0,0,0,0,0,0,0,0,0,0,0,0,0,0,0,0,0,17991.59375,19581.400390625,20607.181640625,22100,23833.564453125,25493.830078125,27078.603515625,28737.125,30081.431640625,31696.697265625,33585.109375,35632.25390625,37515.8359375,39296.1328125,42348.39453125,46562.3046875,49803.5625,52632.91796875,55276.515625,57840.40625,60376.1875,62922.88671875,65484.91796875,68044.515625,70589.03125,73107.9375,75591.78125,78030.671875,80414.90625,82734.6796875,84980.2265625,87142.0234375,89210.6328125,91176.875,93031.7734375,94767.0390625,96374.453125,97846.59375,99176.3828125,100357.640625,101384.4765625,102251.9609375,102955.8359375,103492.5390625,103859.609375,104054.9609375,104077.6953125,103927.734375,104050.5703125,104000.7265625,103778.5546875,103384.859375,102821.8984375,102092.3515625,101199.71875,100148.46875,0,0,0,0,0
0,0,0,0,0,0,3212,32123,232123,132123,6275.955078125,23,23,1987,1987,0,0,0,0,0,0,0,0,0,0,0,0,0,0,0,0,0,0,0,0,0,0,0,0,0,0,0,0,0,0,0,0,0,0,0,0,0,1,2,3,4,5,6,7,8,9,10,11,12,13,14,15,16,17,18,19,20,21,22,23,24,25,26,27,28,29,30,31,32,33,34,35,36,37,38,39,40,41,42,43,44,45,46,47,48,49,50,51,52,53,54,55,56,57,58,59,60,61,62,63,64,65,66,67,68,69,70,71,72,73,74,75,76,77,78,79,80,81,82,83,84,85,86,87,88,89,90,91,92,93,94,95,96,97,98,99,100,101,102,103,104,105,106,107,108,109,110,111,112,113,114,115,116,117,118,119,120,121,122,123,124,2,1,0,2052,2052,2,2010,0,0,0,0,0,0,0,0,0,0,0,0,0,0,0,0,0,0,0,0,0,0,0,0,0,0,0,0,0,0,0,0,0,0,0,0,0,0,0,0,0,0,0,0,0,0,0,0,0,0,0,0,0,0,0,0,15004.166015625,16329.9775390625,17185.447265625,28600,19876.103515625,21260.66796875,22582.31640625,38359.14453125,40153.5625,42309.66796875,44830.33203125,47562.96484375,50077.17578125,52453.55859375,56527.859375,62152.65234375,66479.234375,70255.875,73784.6875,77207.046875,80591.796875,83991.203125,87411.15625,90827.6953125,94224.1875,97586.4921875,100902.09375,104157.6015625,107340.140625,110436.53125,113433.953125,116319.6875,119080.9296875,121705.40625,124181.5,126497.6640625,128643.28125,130608.3359375,132383.5,133960.140625,135330.796875,136488.734375,137428.296875,138144.828125,138634.671875,138895.421875,0,0,0,0,0,0,0,0,0,0,0,0,0,0,0
0,0,0,0,0,0,3212,32124,132124,232124,6278.0986328125,23,23,1987,1987,0,0,0,0,0,0,0,0,0,0,0,0,0,0,0,0,0,0,0,0,0,0,0,0,0,0,0,0,0,0,0,0,0,0,0,0,0,1,2,3,4,5,6,7,8,9,10,11,12,13,14,15,16,17,18,19,20,21,22,23,24,25,26,27,28,29,30,31,32,33,34,35,36,37,38,39,40,41,42,43,44,45,46,47,48,49,50,51,52,53,54,55,56,57,58,59,60,61,62,63,64,65,66,67,68,69,70,71,72,73,74,75,76,77,78,79,80,81,82,83,84,85,86,87,88,89,90,91,92,93,94,95,96,97,98,99,100,101,102,103,104,105,106,107,108,109,110,111,112,113,114,115,116,117,118,119,120,121,122,123,124,1,2,0,9999,9999,1,2010,0,0,0,0,0,0,0,0,0,0,0,0,0,0,0,0,0,0,0,0,0,0,0,0,0,0,0,0,0,0,0,0,0,0,0,0,0,0,0,0,0,0,0,0,0,0,0,0,0,0,0,0,0,0,0,0,17991.59375,19581.400390625,20607.181640625,22100,23833.564453125,25493.830078125,27078.603515625,28737.125,30081.431640625,31696.697265625,33585.109375,35632.25390625,37515.8359375,39296.1328125,42348.39453125,46562.3046875,49803.5625,52632.91796875,55276.515625,57840.40625,60376.1875,62922.88671875,65484.91796875,68044.515625,70589.03125,73107.9375,75591.78125,78030.671875,80414.90625,82734.6796875,84980.2265625,87142.0234375,89210.6328125,91176.875,93031.7734375,94767.0390625,96374.453125,97846.59375,99176.3828125,100357.640625,101384.4765625,102251.9609375,102955.8359375,103492.5390625,103859.609375,104054.9609375,104077.6953125,103927.734375,104050.5703125,104000.7265625,103778.5546875,103384.859375,102821.8984375,102092.3515625,101199.71875,100148.46875,0,0,0,0,0
0,0,0,0,0,0,3212,32124,232124,132124,6278.0986328125,23,23,1987,1987,0,0,0,0,0,0,0,0,0,0,0,0,0,0,0,0,0,0,0,0,0,0,0,0,0,0,0,0,0,0,0,0,0,0,0,0,0,1,2,3,4,5,6,7,8,9,10,11,12,13,14,15,16,17,18,19,20,21,22,23,24,25,26,27,28,29,30,31,32,33,34,35,36,37,38,39,40,41,42,43,44,45,46,47,48,49,50,51,52,53,54,55,56,57,58,59,60,61,62,63,64,65,66,67,68,69,70,71,72,73,74,75,76,77,78,79,80,81,82,83,84,85,86,87,88,89,90,91,92,93,94,95,96,97,98,99,100,101,102,103,104,105,106,107,108,109,110,111,112,113,114,115,116,117,118,119,120,121,122,123,124,2,1,0,2052,2052,2,2010,0,0,0,0,0,0,0,0,0,0,0,0,0,0,0,0,0,0,0,0,0,0,0,0,0,0,0,0,0,0,0,0,0,0,0,0,0,0,0,0,0,0,0,0,0,0,0,0,0,0,0,0,0,0,0,0,18598.306640625,20241.7265625,21302.09765625,28600,24637.28125,26353.533203125,27991.748046875,30946.203125,32393.84765625,34133.25,36166.82421875,38371.375,40399.7109375,42316.859375,45603.796875,50141.58984375,53632.0078125,56678.85546875,59525.7265625,62286.6484375,65017.35546875,67759.8203125,70518.796875,73275.15625,76015.2734375,78727.8125,81402.5859375,84028.9609375,86596.46875,89094.5625,91512.7265625,93840.703125,96068.328125,98185.71875,100183.203125,102051.8671875,103782.84375,105368.1484375,106800.15625,108072.21875,109177.9921875,110112.15625,110870.140625,111448.1015625,111843.390625,112053.75,0,0,0,0,0,0,0,0,0,0,0,0,0,0,0
0,0,0,0,0,0,3212,32125,132125,232125,6276.34228515625,23,23,1987,1987,0,0,0,0,0,0,0,0,0,0,0,0,0,0,0,0,0,0,0,0,0,0,0,0,0,0,0,0,0,0,0,0,0,0,0,0,0,1,2,3,4,5,6,7,8,9,10,11,12,13,14,15,16,17,18,19,20,21,22,23,24,25,26,27,28,29,30,31,32,33,34,35,36,37,38,39,40,41,42,43,44,45,46,47,48,49,50,51,52,53,54,55,56,57,58,59,60,61,62,63,64,65,66,67,68,69,70,71,72,73,74,75,76,77,78,79,80,81,82,83,84,85,86,87,88,89,90,91,92,93,94,95,96,97,98,99,100,101,102,103,104,105,106,107,108,109,110,111,112,113,114,115,116,117,118,119,120,121,122,123,124,1,2,0,9999,9999,1,2010,0,0,0,0,0,0,0,0,0,0,0,0,0,0,0,0,0,0,0,0,0,0,0,0,0,0,0,0,0,0,0,0,0,0,0,0,0,0,0,0,0,0,0,0,0,0,0,0,0,0,0,0,0,0,0,0,17991.59375,19581.400390625,20607.181640625,22100,23833.564453125,25493.830078125,27078.603515625,28737.125,30081.431640625,31696.697265625,33585.109375,35632.25390625,37515.8359375,39296.1328125,42348.39453125,46562.3046875,49803.5625,52632.91796875,55276.515625,57840.40625,60376.1875,62922.88671875,65484.91796875,68044.515625,70589.03125,73107.9375,75591.78125,78030.671875,80414.90625,82734.6796875,84980.2265625,87142.0234375,89210.6328125,91176.875,93031.7734375,94767.0390625,96374.453125,97846.59375,99176.3828125,100357.640625,101384.4765625,102251.9609375,102955.8359375,103492.5390625,103859.609375,104054.9609375,104077.6953125,103927.734375,104050.5703125,104000.7265625,103778.5546875,103384.859375,102821.8984375,102092.3515625,101199.71875,100148.46875,0,0,0,0,0
0,0,0,0,0,0,3212,32125,232125,132125,6276.34228515625,23,23,1987,1987,0,0,0,0,0,0,0,0,0,0,0,0,0,0,0,0,0,0,0,0,0,0,0,0,0,0,0,0,0,0,0,0,0,0,0,0,0,1,2,3,4,5,6,7,8,9,10,11,12,13,14,15,16,17,18,19,20,21,22,23,24,25,26,27,28,29,30,31,32,33,34,35,36,37,38,39,40,41,42,43,44,45,46,47,48,49,50,51,52,53,54,55,56,57,58,59,60,61,62,63,64,65,66,67,68,69,70,71,72,73,74,75,76,77,78,79,80,81,82,83,84,85,86,87,88,89,90,91,92,93,94,95,96,97,98,99,100,101,102,103,104,105,106,107,108,109,110,111,112,113,114,115,116,117,118,119,120,121,122,123,124,2,1,0,2052,2052,2,2010,0,0,0,0,0,0,0,0,0,0,0,0,0,0,0,0,0,0,0,0,0,0,0,0,0,0,0,0,0,0,0,0,0,0,0,0,0,0,0,0,0,0,0,0,0,0,0,0,0,0,0,0,0,0,0,0,18598.306640625,20241.7265625,21302.09765625,28600,24637.28125,26353.533203125,27991.748046875,30946.203125,32393.84765625,34133.25,36166.82421875,38371.375,40399.7109375,42316.859375,45603.796875,50141.58984375,53632.0078125,56678.85546875,59525.7265625,62286.6484375,65017.35546875,67759.8203125,70518.796875,73275.15625,76015.2734375,78727.8125,81402.5859375,84028.9609375,86596.46875,89094.5625,91512.7265625,93840.703125,96068.328125,98185.71875,100183.203125,102051.8671875,103782.84375,105368.1484375,106800.15625,108072.21875,109177.9921875,110112.15625,110870.140625,111448.1015625,111843.390625,112053.75,0,0,0,0,0,0,0,0,0,0,0,0,0,0,0
0,0,0,0,0,0,3274,32741,132741,232741,4723.14990234375,32,28,1978,1982,0,0,0,0,0,0,0,0,0,0,0,0,0,0,0,0,0,0,0,0,0,0,0,0,0,0,0,0,1,2,3,4,5,6,7,8,9,10,11,12,13,14,15,16,17,18,19,20,21,22,23,24,25,26,27,28,29,30,31,32,33,34,35,36,37,38,39,40,41,42,43,44,45,46,47,48,49,50,51,52,53,54,55,56,57,58,59,60,61,62,63,64,65,66,67,68,69,70,71,72,73,74,75,76,77,78,79,80,81,82,83,84,85,86,87,88,89,90,91,92,93,94,95,96,97,98,99,100,101,102,103,104,105,106,107,108,109,110,111,112,113,114,115,116,117,118,119,120,121,122,123,124,125,126,127,128,129,130,131,132,133,1,2,1,2043,2043,1,2010,0,0,0,0,0,0,0,0,0,0,0,0,0,0,0,0,0,0,0,0,0,0,0,0,0,0,0,0,0,0,0,0,0,0,0,0,0,0,0,0,0,0,0,0,0,0,18643.2265625,19839.609375,21218.26171875,22896.6484375,24543.15234375,26089.10546875,27904.55859375,29911.0546875,32136.443359375,38479.43359375,41087.48828125,43971.93359375,45507.921875,48000,50916.9921875,53576.8984375,55986.35546875,58459.70703125,60216.21484375,62441.6796875,65117.36328125,68002.984375,70481.8046875,72683.2890625,77123.8828125,83502.0390625,87958.6171875,91553.3671875,94711.1484375,97629.1015625,100402.71875,103101.3984375,105734.6328125,108276.3125,110709.84375,113022.921875,115205.5625,117248.0078125,119141.2578125,120876.59375,122446.5859375,123843.8671875,125062.0234375,126095.5625,126939.5625,127590.265625,128044.5078125,0,0,0,0,0,0,0,0,0,0,0,0,0,0,0,0,0,0,0,0,0,0,0,0
0,0,0,0,0,0,3274,32741,232741,132741,4723.14990234375,28,32,1982,1978,0,0,0,0,0,0,0,0,0,0,0,0,0,0,0,0,0,0,0,0,0,0,0,0,0,0,0,0,0,0,0,0,1,2,3,4,5,6,7,8,9,10,11,12,13,14,15,16,17,18,19,20,21,22,23,24,25,26,27,28,29,30,31,32,33,34,35,36,37,38,39,40,41,42,43,44,45,46,47,48,49,50,51,52,53,54,55,56,57,58,59,60,61,62,63,64,65,66,67,68,69,70,71,72,73,74,75,76,77,78,79,80,81,82,83,84,85,86,87,88,89,90,91,92,93,94,95,96,97,98,99,100,101,102,103,104,105,106,107,108,109,110,111,112,113,114,115,116,117,118,119,120,121,122,123,124,125,126,127,128,129,2,1,1,2042,2042,2,2010,0,0,0,0,0,0,0,0,0,0,0,0,0,0,0,0,0,0,0,0,0,0,0,0,0,0,0,0,0,0,0,0,0,0,0,0,0,0,0,0,0,0,0,0,0,0,0,0,0,0,0,0,0,0,35828.81640625,38746.9609375,41731.57421875,45043.6015625,47011.28515625,50000,53476.24609375,56728.4296875,59756.6875,62892.34375,65290.0703125,68227.09375,71694.1640625,75435.28125,78766.1484375,81821.7890625,87448.171875,95354.6875,101149.1328125,106011.6015625,110415.6875,114581.796875,118616.2421875,122597.4140625,126534.265625,130392.96875,134150.4375,137788.8125,141292.203125,144644.921875,147831.890625,150838.90625,153651.875,156257.828125,158644.484375,160800.4375,162715.15625,164379.5625,0,0,0,0,0,0,0,0,0,0,0,0,0,0,0,0,0,0,0,0,0,0,0,0,0
0,0,0,0,0,0,3274,32742,132742,232742,4727.44287109375,32,28,1978,1982,0,0,0,0,0,0,0,0,0,0,0,0,0,0,0,0,0,0,0,0,0,0,0,0,0,0,0,0,1,2,3,4,5,6,7,8,9,10,11,12,13,14,15,16,17,18,19,20,21,22,23,24,25,26,27,28,29,30,31,32,33,34,35,36,37,38,39,40,41,42,43,44,45,46,47,48,49,50,51,52,53,54,55,56,57,58,59,60,61,62,63,64,65,66,67,68,69,70,71,72,73,74,75,76,77,78,79,80,81,82,83,84,85,86,87,88,89,90,91,92,93,94,95,96,97,98,99,100,101,102,103,104,105,106,107,108,109,110,111,112,113,114,115,116,117,118,119,120,121,122,123,124,125,126,127,128,129,130,131,132,133,1,2,1,2043,2043,1,2010,0,0,0,0,0,0,0,0,0,0,0,0,0,0,0,0,0,0,0,0,0,0,0,0,0,0,0,0,0,0,0,0,0,0,0,0,0,0,0,0,0,0,0,0,0,0,18643.2265625,19839.609375,21218.26171875,22896.6484375,24543.15234375,26089.10546875,27904.55859375,29911.0546875,32136.443359375,38479.43359375,41087.48828125,43971.93359375,45507.921875,48000,50916.9921875,53576.8984375,55986.35546875,58459.70703125,60216.21484375,62441.6796875,65117.36328125,68002.984375,70481.8046875,72683.2890625,77123.8828125,83502.0390625,87958.6171875,91553.3671875,94711.1484375,97629.1015625,100402.71875,103101.3984375,105734.6328125,108276.3125,110709.84375,113022.921875,115205.5625,117248.0078125,119141.2578125,120876.59375,122446.5859375,123843.8671875,125062.0234375,126095.5625,126939.5625,127590.265625,128044.5078125,0,0,0,0,0,0,0,0,0,0,0,0,0,0,0,0,0,0,0,0,0,0,0,0
0,0,0,0,0,0,3274,32742,232742,132742,4727.44287109375,28,32,1982,1978,0,0,0,0,0,0,0,0,0,0,0,0,0,0,0,0,0,0,0,0,0,0,0,0,0,0,0,0,0,0,0,0,1,2,3,4,5,6,7,8,9,10,11,12,13,14,15,16,17,18,19,20,21,22,23,24,25,26,27,28,29,30,31,32,33,34,35,36,37,38,39,40,41,42,43,44,45,46,47,48,49,50,51,52,53,54,55,56,57,58,59,60,61,62,63,64,65,66,67,68,69,70,71,72,73,74,75,76,77,78,79,80,81,82,83,84,85,86,87,88,89,90,91,92,93,94,95,96,97,98,99,100,101,102,103,104,105,106,107,108,109,110,111,112,113,114,115,116,117,118,119,120,121,122,123,124,125,126,127,128,129,2,1,1,2042,2042,2,2010,0,0,0,0,0,0,0,0,0,0,0,0,0,0,0,0,0,0,0,0,0,0,0,0,0,0,0,0,0,0,0,0,0,0,0,0,0,0,0,0,0,0,0,0,0,0,0,0,0,0,0,0,0,0,35828.81640625,38746.9609375,41731.57421875,45043.6015625,47011.28515625,50000,53476.24609375,56728.4296875,59756.6875,62892.34375,65290.0703125,68227.09375,71694.1640625,75435.28125,78766.1484375,81821.7890625,87448.171875,95354.6875,101149.1328125,106011.6015625,110415.6875,114581.796875,118616.2421875,122597.4140625,126534.265625,130392.96875,134150.4375,137788.8125,141292.203125,144644.921875,147831.890625,150838.90625,153651.875,156257.828125,158644.484375,160800.4375,162715.15625,164379.5625,0,0,0,0,0,0,0,0,0,0,0,0,0,0,0,0,0,0,0,0,0,0,0,0,0
0,0,0,0,0,0,3274,32743,132743,232743,4720.822265625,32,28,1978,1982,0,0,0,0,0,0,0,0,0,0,0,0,0,0,0,0,0,0,0,0,0,0,0,0,0,0,0,0,1,2,3,4,5,6,7,8,9,10,11,12,13,14,15,16,17,18,19,20,21,22,23,24,25,26,27,28,29,30,31,32,33,34,35,36,37,38,39,40,41,42,43,44,45,46,47,48,49,50,51,52,53,54,55,56,57,58,59,60,61,62,63,64,65,66,67,68,69,70,71,72,73,74,75,76,77,78,79,80,81,82,83,84,85,86,87,88,89,90,91,92,93,94,95,96,97,98,99,100,101,102,103,104,105,106,107,108,109,110,111,112,113,114,115,116,117,118,119,120,121,122,123,124,125,126,127,128,129,130,131,132,133,1,2,1,2043,2043,1,2010,0,0,0,0,0,0,0,0,0,0,0,0,0,0,0,0,0,0,0,0,0,0,0,0,0,0,0,0,0,0,0,0,0,0,0,0,0,0,0,0,0,0,0,0,0,0,17089.625,18186.310546875,19450.07421875,20988.595703125,22497.890625,23915.013671875,25579.1796875,27418.46875,29458.40625,35272.81640625,37663.53125,40307.609375,41715.59765625,44000,46673.9140625,49112.15625,51320.828125,53588.06640625,55198.19921875,57238.20703125,59690.91796875,62336.0703125,64608.3203125,66626.3515625,70696.8984375,76543.5390625,80628.7421875,83923.921875,86818.5625,89493.3515625,92035.828125,94509.6171875,96923.4140625,99253.2890625,101484.0234375,103604.3515625,105605.109375,107477.34375,109212.828125,110803.546875,112242.7109375,113523.546875,114640.1953125,115587.609375,116361.2734375,116957.7421875,117374.140625,0,0,0,0,0,0,0,0,0,0,0,0,0,0,0,0,0,0,0,0,0,0,0,0
0,0,0,0,0,0,3274,32743,232743,132743,4720.822265625,28,32,1982,1978,0,0,0,0,0,0,0,0,0,0,0,0,0,0,0,0,0,0,0,0,0,0,0,0,0,0,0,0,0,0,0,0,1,2,3,4,5,6,7,8,9,10,11,12,13,14,15,16,17,18,19,20,21,22,23,24,25,26,27,28,29,30,31,32,33,34,35,36,37,38,39,40,41,42,43,44,45,46,47,48,49,50,51,52,53,54,55,56,57,58,59,60,61,62,63,64,65,66,67,68,69,70,71,72,73,74,75,76,77,78,79,80,81,82,83,84,85,86,87,88,89,90,91,92,93,94,95,96,97,98,99,100,101,102,103,104,105,106,107,108,109,110,111,112,113,114,115,116,117,118,119,120,121,122,123,124,125,126,127,128,129,2,1,1,2042,2042,2,2010,0,0,0,0,0,0,0,0,0,0,0,0,0,0,0,0,0,0,0,0,0,0,0,0,0,0,0,0,0,0,0,0,0,0,0,0,0,0,0,0,0,0,0,0,0,0,0,0,0,0,0,0,0,0,35828.81640625,38746.9609375,41731.57421875,45043.6015625,47011.28515625,50000,53476.24609375,56728.4296875,59756.6875,62892.34375,65290.0703125,68227.09375,71694.1640625,75435.28125,78766.1484375,81821.7890625,87448.171875,95354.6875,101149.1328125,106011.6015625,110415.6875,114581.796875,118616.2421875,122597.4140625,126534.265625,130392.96875,134150.4375,137788.8125,141292.203125,144644.921875,147831.890625,150838.90625,153651.875,156257.828125,158644.484375,160800.4375,162715.15625,164379.5625,0,0,0,0,0,0,0,0,0,0,0,0,0,0,0,0,0,0,0,0,0,0,0,0,0
0,0,0,0,0,0,3274,32744,132744,232744,4722.07568359375,32,28,1978,1982,0,0,0,0,0,0,0,0,0,0,0,0,0,0,0,0,0,0,0,0,0,0,0,0,0,0,0,0,1,2,3,4,5,6,7,8,9,10,11,12,13,14,15,16,17,18,19,20,21,22,23,24,25,26,27,28,29,30,31,32,33,34,35,36,37,38,39,40,41,42,43,44,45,46,47,48,49,50,51,52,53,54,55,56,57,58,59,60,61,62,63,64,65,66,67,68,69,70,71,72,73,74,75,76,77,78,79,80,81,82,83,84,85,86,87,88,89,90,91,92,93,94,95,96,97,98,99,100,101,102,103,104,105,106,107,108,109,110,111,112,113,114,115,116,117,118,119,120,121,122,123,124,125,126,127,128,129,130,131,132,133,1,2,1,2043,2043,1,2010,0,0,0,0,0,0,0,0,0,0,0,0,0,0,0,0,0,0,0,0,0,0,0,0,0,0,0,0,0,0,0,0,0,0,0,0,0,0,0,0,0,0,0,0,0,0,16701.228515625,17772.98828125,19008.03125,20511.5859375,21986.580078125,23371.49609375,24997.83984375,26795.328125,28788.904296875,34471.16796875,36807.55078125,39391.53515625,40767.52734375,43000,45613.15234375,47995.984375,50154.45703125,52370.16796875,53943.7109375,55937.35546875,58334.3203125,60919.35546875,63139.96484375,65112.1328125,69090.1640625,74803.9296875,78796.2890625,82016.578125,84845.4296875,87459.4296875,89944.125,92361.6953125,94720.6328125,96997.5546875,99177.59375,101249.734375,103205.015625,105034.703125,106730.7421875,108285.3125,109691.765625,110943.5,112034.7578125,112960.640625,113716.7265625,114299.640625,114706.5703125,0,0,0,0,0,0,0,0,0,0,0,0,0,0,0,0,0,0,0,0,0,0,0,0
0,0,0,0,0,0,3274,32744,232744,132744,4722.07568359375,28,32,1982,1978,0,0,0,0,0,0,0,0,0,0,0,0,0,0,0,0,0,0,0,0,0,0,0,0,0,0,0,0,0,0,0,0,1,2,3,4,5,6,7,8,9,10,11,12,13,14,15,16,17,18,19,20,21,22,23,24,25,26,27,28,29,30,31,32,33,34,35,36,37,38,39,40,41,42,43,44,45,46,47,48,49,50,51,52,53,54,55,56,57,58,59,60,61,62,63,64,65,66,67,68,69,70,71,72,73,74,75,76,77,78,79,80,81,82,83,84,85,86,87,88,89,90,91,92,93,94,95,96,97,98,99,100,101,102,103,104,105,106,107,108,109,110,111,112,113,114,115,116,117,118,119,120,121,122,123,124,125,126,127,128,129,2,1,1,2042,2042,2,2010,0,0,0,0,0,0,0,0,0,0,0,0,0,0,0,0,0,0,0,0,0,0,0,0,0,0,0,0,0,0,0,0,0,0,0,0,0,0,0,0,0,0,0,0,0,0,0,0,0,0,0,0,0,0,35828.81640625,38746.9609375,41731.57421875,45043.6015625,47011.28515625,50000,53476.24609375,56728.4296875,59756.6875,62892.34375,65290.0703125,68227.09375,71694.1640625,75435.28125,78766.1484375,81821.7890625,87448.171875,95354.6875,101149.1328125,106011.6015625,110415.6875,114581.796875,118616.2421875,122597.4140625,126534.265625,130392.96875,134150.4375,137788.8125,141292.203125,144644.921875,147831.890625,150838.90625,153651.875,156257.828125,158644.484375,160800.4375,162715.15625,164379.5625,0,0,0,0,0,0,0,0,0,0,0,0,0,0,0,0,0,0,0,0,0,0,0,0,0
0,0,0,0,0,0,3274,32745,132745,232745,4728.5869140625,32,28,1978,1982,0,0,0,0,0,0,0,0,0,0,0,0,0,0,0,0,0,0,0,0,0,0,0,0,0,0,0,0,1,2,3,4,5,6,7,8,9,10,11,12,13,14,15,16,17,18,19,20,21,22,23,24,25,26,27,28,29,30,31,32,33,34,35,36,37,38,39,40,41,42,43,44,45,46,47,48,49,50,51,52,53,54,55,56,57,58,59,60,61,62,63,64,65,66,67,68,69,70,71,72,73,74,75,76,77,78,79,80,81,82,83,84,85,86,87,88,89,90,91,92,93,94,95,96,97,98,99,100,101,102,103,104,105,106,107,108,109,110,111,112,113,114,115,116,117,118,119,120,121,122,123,124,125,126,127,128,129,130,131,132,133,1,2,1,2043,2043,1,2010,0,0,0,0,0,0,0,0,0,0,0,0,0,0,0,0,0,0,0,0,0,0,0,0,0,0,0,0,0,0,0,0,0,0,0,0,0,0,0,0,0,0,0,0,0,0,17089.625,18186.310546875,19450.07421875,20988.595703125,22497.890625,23915.013671875,25579.1796875,27418.46875,29458.40625,35272.81640625,37663.53125,40307.609375,41715.59765625,44000,46673.9140625,49112.15625,51320.828125,53588.06640625,55198.19921875,57238.20703125,59690.91796875,62336.0703125,64608.3203125,66626.3515625,70696.8984375,76543.5390625,80628.7421875,83923.921875,86818.5625,89493.3515625,92035.828125,94509.6171875,96923.4140625,99253.2890625,101484.0234375,103604.3515625,105605.109375,107477.34375,109212.828125,110803.546875,112242.7109375,113523.546875,114640.1953125,115587.609375,116361.2734375,116957.7421875,117374.140625,0,0,0,0,0,0,0,0,0,0,0,0,0,0,0,0,0,0,0,0,0,0,0,0
0,0,0,0,0,0,3274,32745,232745,132745,4728.5869140625,28,32,1982,1978,0,0,0,0,0,0,0,0,0,0,0,0,0,0,0,0,0,0,0,0,0,0,0,0,0,0,0,0,0,0,0,0,1,2,3,4,5,6,7,8,9,10,11,12,13,14,15,16,17,18,19,20,21,22,23,24,25,26,27,28,29,30,31,32,33,34,35,36,37,38,39,40,41,42,43,44,45,46,47,48,49,50,51,52,53,54,55,56,57,58,59,60,61,62,63,64,65,66,67,68,69,70,71,72,73,74,75,76,77,78,79,80,81,82,83,84,85,86,87,88,89,90,91,92,93,94,95,96,97,98,99,100,101,102,103,104,105,106,107,108,109,110,111,112,113,114,115,116,117,118,119,120,121,122,123,124,125,126,127,128,129,2,1,1,2042,2042,2,2010,0,0,0,0,0,0,0,0,0,0,0,0,0,0,0,0,0,0,0,0,0,0,0,0,0,0,0,0,0,0,0,0,0,0,0,0,0,0,0,0,0,0,0,0,0,0,0,0,0,0,0,0,0,0,35828.81640625,38746.9609375,41731.57421875,45043.6015625,47011.28515625,50000,53476.24609375,56728.4296875,59756.6875,62892.34375,65290.0703125,68227.09375,71694.1640625,75435.28125,78766.1484375,81821.7890625,87448.171875,95354.6875,101149.1328125,106011.6015625,110415.6875,114581.796875,118616.2421875,122597.4140625,126534.265625,130392.96875,134150.4375,137788.8125,141292.203125,144644.921875,147831.890625,150838.90625,153651.875,156257.828125,158644.484375,160800.4375,162715.15625,164379.5625,0,0,0,0,0,0,0,0,0,0,0,0,0,0,0,0,0,0,0,0,0,0,0,0,0
0,0,0,0,0,0,3373,33731,133731,0,3861.341552734375,59,0,1951,0,0,1,2,3,4,5,6,7,8,9,10,11,12,13,14,15,16,17,18,19,20,21,22,23,24,25,26,27,28,29,30,31,32,33,34,35,36,37,38,39,40,41,42,43,44,45,46,47,48,49,50,51,52,53,54,55,56,57,58,59,60,61,62,63,64,65,66,67,68,69,70,71,72,73,74,75,76,77,78,79,80,81,82,83,84,85,86,87,88,89,90,91,92,93,94,95,96,97,98,99,100,101,102,103,104,105,106,107,108,109,110,111,112,113,114,115,116,117,118,119,120,121,122,123,124,125,126,127,128,129,130,131,132,133,134,135,136,137,138,139,140,141,142,143,144,145,146,147,148,149,150,151,152,153,154,155,156,157,158,159,160,2,0,0,2013,2013,1,2010,0,0,0,0,0,0,0,0,0,0,0,0,0,0,0,0,0,0,0,0,0,0,0,0,4091.64111328125,4521.40283203125,5036.7890625,5625.9072265625,6387.23193359375,7365.5810546875,8342.00390625,9138.4091796875,9872.04296875,10599.3701171875,11330.904296875,11940.5986328125,12675.9970703125,13542.359375,14509.1572265625,15524.1748046875,16418.1171875,17222.623046875,18007.89453125,18725.404296875,19444.80859375,20166.828125,20801.771484375,21224.349609375,21763.697265625,22517.3046875,23141.76171875,23585.59765625,21655.54296875,22256,19404.529296875,18449.220703125,17471.04296875,16582.296875,16454.236328125,16640,16923.75390625,17073.9140625,17106.427734375,0,0,0,0,0,0,0,0,0,0,0,0,0,0,0,0,0,0,0,0,0,0,0,0,0,0,0,0,0,0,0,0,0,0,0,0,0,0,0,0,0,0,0,0,0,0,0,0,0,0,0,0,0,0
0,0,0,0,0,0,3373,33732,133732,0,3867.531005859375,59,0,1951,0,0,1,2,3,4,5,6,7,8,9,10,11,12,13,14,15,16,17,18,19,20,21,22,23,24,25,26,27,28,29,30,31,32,33,34,35,36,37,38,39,40,41,42,43,44,45,46,47,48,49,50,51,52,53,54,55,56,57,58,59,60,61,62,63,64,65,66,67,68,69,70,71,72,73,74,75,76,77,78,79,80,81,82,83,84,85,86,87,88,89,90,91,92,93,94,95,96,97,98,99,100,101,102,103,104,105,106,107,108,109,110,111,112,113,114,115,116,117,118,119,120,121,122,123,124,125,126,127,128,129,130,131,132,133,134,135,136,137,138,139,140,141,142,143,144,145,146,147,148,149,150,151,152,153,154,155,156,157,158,159,160,2,0,0,2013,2013,1,2010,0,0,0,0,0,0,0,0,0,0,0,0,0,0,0,0,0,0,0,0,0,0,0,0,4091.64111328125,4521.40283203125,5036.7890625,5625.9072265625,6387.23193359375,7365.5810546875,8342.00390625,9138.4091796875,9872.04296875,10599.3701171875,11330.904296875,11940.5986328125,12675.9970703125,13542.359375,14509.1572265625,15524.1748046875,16418.1171875,17222.623046875,18007.89453125,18725.404296875,19444.80859375,20166.828125,20801.771484375,21224.349609375,21763.697265625,22517.3046875,23141.76171875,23585.59765625,21655.54296875,22256,19554.37109375,18735.26953125,17878.927734375,17100.486328125,16968.423828125,17160,17452.61328125,17607.466796875,17640.99609375,0,0,0,0,0,0,0,0,0,0,0,0,0,0,0,0,0,0,0,0,0,0,0,0,0,0,0,0,0,0,0,0,0,0,0,0,0,0,0,0,0,0,0,0,0,0,0,0,0,0,0,0,0,0
0,0,0,0,0,0,3373,33733,133733,0,3848.6689453125,59,0,1951,0,0,1,2,3,4,5,6,7,8,9,10,11,12,13,14,15,16,17,18,19,20,21,22,23,24,25,26,27,28,29,30,31,32,33,34,35,36,37,38,39,40,41,42,43,44,45,46,47,48,49,50,51,52,53,54,55,56,57,58,59,60,61,62,63,64,65,66,67,68,69,70,71,72,73,74,75,76,77,78,79,80,81,82,83,84,85,86,87,88,89,90,91,92,93,94,95,96,97,98,99,100,101,102,103,104,105,106,107,108,109,110,111,112,113,114,115,116,117,118,119,120,121,122,123,124,125,126,127,128,129,130,131,132,133,134,135,136,137,138,139,140,141,142,143,144,145,146,147,148,149,150,151,152,153,154,155,156,157,158,159,160,2,0,0,2013,2013,1,2010,0,0,0,0,0,0,0,0,0,0,0,0,0,0,0,0,0,0,0,0,0,0,0,0,4129.8798828125,4563.65771484375,5083.8603515625,5678.484375,6446.92431640625,7434.41650390625,8419.9638671875,9223.8125,9964.3017578125,10698.4267578125,11436.7978515625,12052.189453125,12794.4609375,13668.919921875,14644.7529296875,15669.2568359375,16571.552734375,17383.578125,18176.1875,18900.40234375,19626.53125,20355.296875,20996.173828125,21422.703125,21967.091796875,22727.740234375,23358.03515625,23806.017578125,21857.92578125,22464,19540.37109375,18535.23046875,17511.7109375,16582.296875,16454.236328125,16640,16923.75390625,17073.9140625,17106.427734375,0,0,0,0,0,0,0,0,0,0,0,0,0,0,0,0,0,0,0,0,0,0,0,0,0,0,0,0,0,0,0,0,0,0,0,0,0,0,0,0,0,0,0,0,0,0,0,0,0,0,0,0,0,0
0,0,0,0,0,0,3373,33734,133734,0,3857.300537109375,59,0,1951,0,0,1,2,3,4,5,6,7,8,9,10,11,12,13,14,15,16,17,18,19,20,21,22,23,24,25,26,27,28,29,30,31,32,33,34,35,36,37,38,39,40,41,42,43,44,45,46,47,48,49,50,51,52,53,54,55,56,57,58,59,60,61,62,63,64,65,66,67,68,69,70,71,72,73,74,75,76,77,78,79,80,81,82,83,84,85,86,87,88,89,90,91,92,93,94,95,96,97,98,99,100,101,102,103,104,105,106,107,108,109,110,111,112,113,114,115,116,117,118,119,120,121,122,123,124,125,126,127,128,129,130,131,132,133,134,135,136,137,138,139,140,141,142,143,144,145,146,147,148,149,150,151,152,153,154,155,156,157,158,159,160,2,0,0,2013,2013,1,2010,0,0,0,0,0,0,0,0,0,0,0,0,0,0,0,0,0,0,0,0,0,0,0,0,4091.64111328125,4521.40283203125,5036.7890625,5625.9072265625,6387.23193359375,7365.5810546875,8342.00390625,9138.4091796875,9872.04296875,10599.3701171875,11330.904296875,11940.5986328125,12675.9970703125,13542.359375,14509.1572265625,15524.1748046875,16418.1171875,17222.623046875,18007.89453125,18725.404296875,19444.80859375,20166.828125,20801.771484375,21224.349609375,21763.697265625,22517.3046875,23141.76171875,23585.59765625,21655.54296875,22256,19554.37109375,18735.26953125,17878.927734375,17100.486328125,16968.423828125,17160,17452.61328125,17607.466796875,17640.99609375,0,0,0,0,0,0,0,0,0,0,0,0,0,0,0,0,0,0,0,0,0,0,0,0,0,0,0,0,0,0,0,0,0,0,0,0,0,0,0,0,0,0,0,0,0,0,0,0,0,0,0,0,0,0
0,0,0,0,0,0,3373,33735,133735,0,3890.947509765625,59,0,1951,0,0,1,2,3,4,5,6,7,8,9,10,11,12,13,14,15,16,17,18,19,20,21,22,23,24,25,26,27,28,29,30,31,32,33,34,35,36,37,38,39,40,41,42,43,44,45,46,47,48,49,50,51,52,53,54,55,56,57,58,59,60,61,62,63,64,65,66,67,68,69,70,71,72,73,74,75,76,77,78,79,80,81,82,83,84,85,86,87,88,89,90,91,92,93,94,95,96,97,98,99,100,101,102,103,104,105,106,107,108,109,110,111,112,113,114,115,116,117,118,119,120,121,122,123,124,125,126,127,128,129,130,131,132,133,134,135,136,137,138,139,140,141,142,143,144,145,146,147,148,149,150,151,152,153,154,155,156,157,158,159,160,2,0,0,2013,2013,1,2010,0,0,0,0,0,0,0,0,0,0,0,0,0,0,0,0,0,0,0,0,0,0,0,0,4091.64111328125,4521.40283203125,5036.7890625,5625.9072265625,6387.23193359375,7365.5810546875,8342.00390625,9138.4091796875,9872.04296875,10599.3701171875,11330.904296875,11940.5986328125,12675.9970703125,13542.359375,14509.1572265625,15524.1748046875,16418.1171875,17222.623046875,18007.89453125,18725.404296875,19444.80859375,20166.828125,20801.771484375,21224.349609375,21763.697265625,22517.3046875,23141.76171875,23585.59765625,21655.54296875,22256,19554.37109375,18735.26953125,17878.927734375,17100.486328125,16968.423828125,17160,17452.61328125,17607.466796875,17640.99609375,0,0,0,0,0,0,0,0,0,0,0,0,0,0,0,0,0,0,0,0,0,0,0,0,0,0,0,0,0,0,0,0,0,0,0,0,0,0,0,0,0,0,0,0,0,0,0,0,0,0,0,0,0,0
0,0,0,0,0,0,3863,38631,138631,0,26.15114402770996,63,0,1947,0,4,5,6,7,8,9,10,11,12,13,14,15,16,17,18,19,20,21,22,23,24,25,26,27,28,29,30,31,32,33,34,35,36,37,38,39,40,41,42,43,44,45,46,47,48,49,50,51,52,53,54,55,56,57,58,59,60,61,62,63,64,65,66,67,68,69,70,71,72,73,74,75,76,77,78,79,80,81,82,83,84,85,86,87,88,89,90,91,92,93,94,95,96,97,98,99,100,101,102,103,104,105,106,107,108,109,110,111,112,113,114,115,116,117,118,119,120,121,122,123,124,125,126,127,128,129,130,131,132,133,134,135,136,137,138,139,140,141,142,143,144,145,146,147,148,149,150,151,152,153,154,155,156,157,158,159,160,161,162,163,164,2,0,0,2020,9999,1,2010,0,0,0,0,0,0,0,0,0,0,0,0,0,0,0,0,0,0,0,0,0,0,0,0,0,0,0,0,0,34319.7890625,38627.7734375,42052.55859375,45146.1328125,48171.05078125,51175.53125,53594.03125,56541.08984375,60030.01953125,63915.89453125,67962.125,71428.8828125,74463.2421875,77374.46875,79957.2890625,82513.0546875,85044.984375,78052.7421875,79143.265625,80650,82923.9921875,84693.8671875,85781.7578125,87422.78125,89288.375,91406.0078125,93369.265625,94994.4375,96867.5546875,95522.015625,96000,97030.1484375,97282.609375,96862.03125,96369.9765625,94582.828125,93451.6875,92858.8984375,92399.15625,91249.640625,89660.7734375,25517.83984375,26324.869140625,0,0,0,0,0,0,0,0,0,0,0,0,0,0,0,0,0,0,0,0,0,0,0,0,0,0,0,0,0,0,0,0,0,0,0,0,0,0,0,0,0,0,0,0,0
0,0,0,0,0,0,3863,38632,138632,0,26.37037467956543,63,0,1947,0,4,5,6,7,8,9,10,11,12,13,14,15,16,17,18,19,20,21,22,23,24,25,26,27,28,29,30,31,32,33,34,35,36,37,38,39,40,41,42,43,44,45,46,47,48,49,50,51,52,53,54,55,56,57,58,59,60,61,62,63,64,65,66,67,68,69,70,71,72,73,74,75,76,77,78,79,80,81,82,83,84,85,86,87,88,89,90,91,92,93,94,95,96,97,98,99,100,101,102,103,104,105,106,107,108,109,110,111,112,113,114,115,116,117,118,119,120,121,122,123,124,125,126,127,128,129,130,131,132,133,134,135,136,137,138,139,140,141,142,143,144,145,146,147,148,149,150,151,152,153,154,155,156,157,158,159,160,161,162,163,164,2,0,0,2020,9999,1,2010,0,0,0,0,0,0,0,0,0,0,0,0,0,0,0,0,0,0,0,0,0,0,0,0,0,0,0,0,0,34319.7890625,38627.7734375,42052.55859375,45146.1328125,48171.05078125,51175.53125,53594.03125,56541.08984375,60030.01953125,63915.89453125,67962.125,71428.8828125,74463.2421875,77374.46875,79957.2890625,82513.0546875,85044.984375,78052.7421875,79143.265625,80650,82923.9921875,84693.8671875,85781.7578125,87422.78125,89288.375,91406.0078125,93369.265625,94994.4375,96867.5546875,95522.015625,96000,97030.1484375,97282.609375,96862.03125,96369.9765625,94582.828125,93451.6875,92858.8984375,92399.15625,91249.640625,89660.7734375,25517.83984375,26324.869140625,0,0,0,0,0,0,0,0,0,0,0,0,0,0,0,0,0,0,0,0,0,0,0,0,0,0,0,0,0,0,0,0,0,0,0,0,0,0,0,0,0,0,0,0,0
0,0,0,0,0,0,3863,38633,138633,0,26.439809799194336,63,0,1947,0,4,5,6,7,8,9,10,11,12,13,14,15,16,17,18,19,20,21,22,23,24,25,26,27,28,29,30,31,32,33,34,35,36,37,38,39,40,41,42,43,44,45,46,47,48,49,50,51,52,53,54,55,56,57,58,59,60,61,62,63,64,65,66,67,68,69,70,71,72,73,74,75,76,77,78,79,80,81,82,83,84,85,86,87,88,89,90,91,92,93,94,95,96,97,98,99,100,101,102,103,104,105,106,107,108,109,110,111,112,113,114,115,116,117,118,119,120,121,122,123,124,125,126,127,128,129,130,131,132,133,134,135,136,137,138,139,140,141,142,143,144,145,146,147,148,149,150,151,152,153,154,155,156,157,158,159,160,161,162,163,164,2,0,0,2020,9999,1,2010,0,0,0,0,0,0,0,0,0,0,0,0,0,0,0,0,0,0,0,0,0,0,0,0,0,0,0,0,0,37894.75390625,42651.484375,46433.01953125,49848.83984375,53188.8515625,56506.30078125,59176.72265625,62430.765625,66283.125,70573.78125,75041.484375,78869.3671875,82219.8046875,85434.28125,88286.140625,91108.140625,93903.8046875,86183.2109375,87387.328125,89051.015625,91561.8828125,93516.1171875,94717.3203125,96529.2890625,98589.21875,100927.4296875,103095.203125,104889.65625,106957.890625,105472.1953125,106000,107137.4140625,107416.1796875,106951.7890625,106408.4765625,104435.171875,103186.203125,102531.6640625,102024.03125,100754.78125,99000.40625,28175.939453125,29067.033203125,0,0,0,0,0,0,0,0,0,0,0,0,0,0,0,0,0,0,0,0,0,0,0,0,0,0,0,0,0,0,0,0,0,0,0,0,0,0,0,0,0,0,0,0,0
0,0,0,0,0,0,3863,38634,138634,0,25.314102172851563,63,0,1947,0,4,5,6,7,8,9,10,11,12,13,14,15,16,17,18,19,20,21,22,23,24,25,26,27,28,29,30,31,32,33,34,35,36,37,38,39,40,41,42,43,44,45,46,47,48,49,50,51,52,53,54,55,56,57,58,59,60,61,62,63,64,65,66,67,68,69,70,71,72,73,74,75,76,77,78,79,80,81,82,83,84,85,86,87,88,89,90,91,92,93,94,95,96,97,98,99,100,101,102,103,104,105,106,107,108,109,110,111,112,113,114,115,116,117,118,119,120,121,122,123,124,125,126,127,128,129,130,131,132,133,134,135,136,137,138,139,140,141,142,143,144,145,146,147,148,149,150,151,152,153,154,155,156,157,158,159,160,161,162,163,164,2,0,0,2020,9999,1,2010,0,0,0,0,0,0,0,0,0,0,0,0,0,0,0,0,0,0,0,0,0,0,0,0,0,0,0,0,0,39324.76171875,44260.9921875,48185.2265625,51729.94921875,55196,58638.63671875,61409.828125,64786.66796875,68784.3984375,73236.96875,77873.265625,81845.6015625,85322.46875,88658.2578125,91617.734375,94546.21875,97447.3828125,89435.4375,90685,92411.46875,95017.0859375,97045.0625,98291.6015625,100171.9453125,102309.609375,104736.0546875,106985.625,108847.8046875,110994.078125,109452.3203125,110000,111180.3828125,111469.6640625,110987.75,110423.9375,108376.1640625,107080.0625,106400.828125,105874.0390625,104556.890625,102736.3125,29239.193359375,30163.916015625,0,0,0,0,0,0,0,0,0,0,0,0,0,0,0,0,0,0,0,0,0,0,0,0,0,0,0,0,0,0,0,0,0,0,0,0,0,0,0,0,0,0,0,0,0
0,0,0,0,0,0,3863,38635,138635,0,25.369863510131836,63,0,1947,0,4,5,6,7,8,9,10,11,12,13,14,15,16,17,18,19,20,21,22,23,24,25,26,27,28,29,30,31,32,33,34,35,36,37,38,39,40,41,42,43,44,45,46,47,48,49,50,51,52,53,54,55,56,57,58,59,60,61,62,63,64,65,66,67,68,69,70,71,72,73,74,75,76,77,78,79,80,81,82,83,84,85,86,87,88,89,90,91,92,93,94,95,96,97,98,99,100,101,102,103,104,105,106,107,108,109,110,111,112,113,114,115,116,117,118,119,120,121,122,123,124,125,126,127,128,129,130,131,132,133,134,135,136,137,138,139,140,141,142,143,144,145,146,147,148,149,150,151,152,153,154,155,156,157,158,159,160,161,162,163,164,2,0,0,2020,9999,1,2010,0,0,0,0,0,0,0,0,0,0,0,0,0,0,0,0,0,0,0,0,0,0,0,0,0,0,0,0,0,32174.7890625,36213.5234375,39424.2578125,42324.484375,45160.33984375,47977.04296875,50244.37890625,53007.24609375,56278.1171875,59921.125,63714.4609375,66964.546875,69809.2578125,72538.5390625,74959.9296875,77355.9609375,79729.640625,73174.4140625,74196.78125,75609.34375,77741.2109375,79400.46875,80420.359375,81958.8203125,83707.8203125,85693.09375,87533.6484375,89057.25,90813.2890625,89551.8515625,90000,90965.71875,91202.40625,90808.1171875,90346.8125,88671.3671875,87610.921875,87055.1796875,86624.171875,85546.5,84056.9375,23922.96484375,24679.5546875,0,0,0,0,0,0,0,0,0,0,0,0,0,0,0,0,0,0,0,0,0,0,0,0,0,0,0,0,0,0,0,0,0,0,0,0,0,0,0,0,0,0,0,0,0
0,0,0,1,700,4,4019,40191,140191,240191,5361.146484375,71,67,1939,1943,12,13,14,15,16,17,18,19,20,21,22,23,24,25,26,27,28,29,30,31,32,33,34,35,36,37,38,39,40,41,42,43,44,45,46,47,48,49,50,51,52,53,54,55,56,57,58,59,60,61,62,63,64,65,66,67,68,69,70,71,72,73,74,75,76,77,78,79,80,81,82,83,84,85,86,87,88,89,90,91,92,93,94,95,96,97,98,99,100,101,102,103,104,105,106,107,108,109,110,111,112,113,114,115,116,117,118,119,120,121,122,123,124,125,126,127,128,129,130,131,132,133,134,135,136,137,138,139,140,141,142,143,144,145,146,147,148,149,150,151,152,153,154,155,156,157,158,159,160,161,162,163,164,165,166,167,168,169,170,171,172,1,2,1,,,1,2010,0,0,0,0,0,0,0,0,0,339.9329528808594,361.4808349609375,429.2391052246094,455.74822998046875,484.3421936035156,513.8944091796875,550.2347412109375,588.1314697265625,636.23529052734375,691.12261962890625,750.7945556640625,811.03094482421875,867.70428466796875,944.5916748046875,1075.6485595703125,1200,0,0,0,0,0,0,0,0,0,0,0,0,0,0,0,0,0,0,0,0,0,0,0,0,0,0,0,0,0,0,0,0,0,0,0,0,0,0,0,0,0,0,0,0,0,0,0,0,0,0,0,0,0,0,0,0,0,0,0,0,0,0,0,0,0,0,0,0,0,0,0,0,0,0,0,0,0,0,0,0,0,0,0,0,0,0,0,0,0,0,0,0
0,0,0,1,700,4,4019,40191,240191,140191,5361.146484375,67,71,1943,1939,8,9,10,11,12,13,14,15,16,17,18,19,20,21,22,23,24,25,26,27,28,29,30,31,32,33,34,35,36,37,38,39,40,41,42,43,44,45,46,47,48,49,50,51,52,53,54,55,56,57,58,59,60,61,62,63,64,65,66,67,68,69,70,71,72,73,74,75,76,77,78,79,80,81,82,83,84,85,86,87,88,89,90,91,92,93,94,95,96,97,98,99,100,101,102,103,104,105,106,107,108,109,110,111,112,113,114,115,116,117,118,119,120,121,122,123,124,125,126,127,128,129,130,131,132,133,134,135,136,137,138,139,140,141,142,143,144,145,146,147,148,149,150,151,152,153,154,155,156,157,158,159,160,161,162,163,164,165,166,167,168,2,1,1,,,2,2010,0,0,0,0,0,0,0,0,0,0,0,0,0,0,0,0,0,0,0,0,0,0,0,0,0,0,0,0,0,0,0,0,2074.119384765625,2199.3349609375,2321.98681640625,2416.604248046875,2533.642822265625,2673.266357421875,2828.6181640625,2988.9931640625,3121.935791015625,3234.32568359375,3339.885986328125,3429.921142578125,3517.554931640625,3602.95654296875,3670.337158203125,3698.48876953125,3745.470703125,3827.14013671875,3884.531494140625,3909.96923828125,3960,0,0,0,0,0,0,0,0,0,0,0,0,0,0,0,0,0,0,0,0,0,0,0,0,0,0,0,0,0,0,0,0,0,0,0,0,0,0,0,0,0,0,0,0,0,0,0,0,0,0,0,0,0,0,0,0,0,0,0,0,0,0,0,0
0,0,0,1,700,4,4019,40192,140192,240192,5362.1357421875,71,67,1939,1943,12,13,14,15,16,17,18,19,20,21,22,23,24,25,26,27,28,29,30,31,32,33,34,35,36,37,38,39,40,41,42,43,44,45,46,47,48,49,50,51,52,53,54,55,56,57,58,59,60,61,62,63,64,65,66,67,68,69,70,71,72,73,74,75,76,77,78,79,80,81,82,83,84,85,86,87,88,89,90,91,92,93,94,95,96,97,98,99,100,101,102,103,104,105,106,107,108,109,110,111,112,113,114,115,116,117,118,119,120,121,122,123,124,125,126,127,128,129,130,131,132,133,134,135,136,137,138,139,140,141,142,143,144,145,146,147,148,149,150,151,152,153,154,155,156,157,158,159,160,161,162,163,164,165,166,167,168,169,170,171,172,1,2,1,,,1,2010,0,0,0,0,0,0,0,0,0,339.9329528808594,361.4808349609375,429.2391052246094,455.74822998046875,484.3421936035156,513.8944091796875,550.2347412109375,588.1314697265625,636.23529052734375,691.12261962890625,750.7945556640625,811.03094482421875,867.70428466796875,944.5916748046875,1075.6485595703125,1200,0,0,0,0,0,0,0,0,0,0,0,0,0,0,0,0,0,0,0,0,0,0,0,0,0,0,0,0,0,0,0,0,0,0,0,0,0,0,0,0,0,0,0,0,0,0,0,0,0,0,0,0,0,0,0,0,0,0,0,0,0,0,0,0,0,0,0,0,0,0,0,0,0,0,0,0,0,0,0,0,0,0,0,0,0,0,0,0,0,0,0,0
0,0,0,1,700,4,4019,40192,240192,140192,5362.1357421875,67,71,1943,1939,8,9,10,11,12,13,14,15,16,17,18,19,20,21,22,23,24,25,26,27,28,29,30,31,32,33,34,35,36,37,38,39,40,41,42,43,44,45,46,47,48,49,50,51,52,53,54,55,56,57,58,59,60,61,62,63,64,65,66,67,68,69,70,71,72,73,74,75,76,77,78,79,80,81,82,83,84,85,86,87,88,89,90,91,92,93,94,95,96,97,98,99,100,101,102,103,104,105,106,107,108,109,110,111,112,113,114,115,116,117,118,119,120,121,122,123,124,125,126,127,128,129,130,131,132,133,134,135,136,137,138,139,140,141,142,143,144,145,146,147,148,149,150,151,152,153,154,155,156,157,158,159,160,161,162,163,164,165,166,167,168,2,1,1,,,2,2010,0,0,0,0,0,0,0,0,0,0,0,0,0,0,0,0,0,0,0,0,0,0,0,0,0,0,0,0,0,0,0,0,3456.8671875,3665.556640625,3869.97998046875,4027.675537109375,4222.740234375,4455.4462890625,4714.3662109375,4981.65771484375,5203.22900390625,5390.54541015625,5566.4794921875,5716.5380859375,5862.59423828125,6004.93017578125,6117.23193359375,6164.14501953125,6242.45458984375,6378.56982421875,6474.22216796875,6516.6181640625,6600,0,0,0,0,0,0,0,0,0,0,0,0,0,0,0,0,0,0,0,0,0,0,0,0,0,0,0,0,0,0,0,0,0,0,0,0,0,0,0,0,0,0,0,0,0,0,0,0,0,0,0,0,0,0,0,0,0,0,0,0,0,0,0,0
0,0,0,1,700,4,4019,40193,140193,240193,5365.298828125,71,67,1939,1943,12,13,14,15,16,17,18,19,20,21,22,23,24,25,26,27,28,29,30,31,32,33,34,35,36,37,38,39,40,41,42,43,44,45,46,47,48,49,50,51,52,53,54,55,56,57,58,59,60,61,62,63,64,65,66,67,68,69,70,71,72,73,74,75,76,77,78,79,80,81,82,83,84,85,86,87,88,89,90,91,92,93,94,95,96,97,98,99,100,101,102,103,104,105,106,107,108,109,110,111,112,113,114,115,116,117,118,119,120,121,122,123,124,125,126,127,128,129,130,131,132,133,134,135,136,137,138,139,140,141,142,143,144,145,146,147,148,149,150,151,152,153,154,155,156,157,158,159,160,161,162,163,164,165,166,167,168,169,170,171,172,1,2,1,,,1,2010,0,0,0,0,0,0,0,0,0,339.9329528808594,361.4808349609375,429.2391052246094,455.74822998046875,484.3421936035156,513.8944091796875,550.2347412109375,588.1314697265625,636.23529052734375,691.12261962890625,750.7945556640625,811.03094482421875,867.70428466796875,944.5916748046875,1075.6485595703125,1200,0,0,0,0,0,0,0,0,0,0,0,0,0,0,0,0,0,0,0,0,0,0,0,0,0,0,0,0,0,0,0,0,0,0,0,0,0,0,0,0,0,0,0,0,0,0,0,0,0,0,0,0,0,0,0,0,0,0,0,0,0,0,0,0,0,0,0,0,0,0,0,0,0,0,0,0,0,0,0,0,0,0,0,0,0,0,0,0,0,0,0,0
0,0,0,1,700,4,4019,40193,240193,140193,5365.298828125,67,71,1943,1939,8,9,10,11,12,13,14,15,16,17,18,19,20,21,22,23,24,25,26,27,28,29,30,31,32,33,34,35,36,37,38,39,40,41,42,43,44,45,46,47,48,49,50,51,52,53,54,55,56,57,58,59,60,61,62,63,64,65,66,67,68,69,70,71,72,73,74,75,76,77,78,79,80,81,82,83,84,85,86,87,88,89,90,91,92,93,94,95,96,97,98,99,100,101,102,103,104,105,106,107,108,109,110,111,112,113,114,115,116,117,118,119,120,121,122,123,124,125,126,127,128,129,130,131,132,133,134,135,136,137,138,139,140,141,142,143,144,145,146,147,148,149,150,151,152,153,154,155,156,157,158,159,160,161,162,163,164,165,166,167,168,2,1,1,,,2,2010,0,0,0,0,0,0,0,0,0,0,0,0,0,0,0,0,0,0,0,0,0,0,0,0,0,0,0,0,0,0,0,0,4085.388916015625,4332.02197265625,4573.61328125,4759.98046875,4990.51123046875,5265.52783203125,5571.52392578125,5887.4140625,6149.27099609375,6370.6455078125,6578.5673828125,6755.9091796875,6928.52099609375,7096.736328125,7229.45654296875,7284.8994140625,7377.44677734375,7538.310546875,7651.3544921875,7701.458984375,7800,0,0,0,0,0,0,0,0,0,0,0,0,0,0,0,0,0,0,0,0,0,0,0,0,0,0,0,0,0,0,0,0,0,0,0,0,0,0,0,0,0,0,0,0,0,0,0,0,0,0,0,0,0,0,0,0,0,0,0,0,0,0,0,0
0,0,0,1,710,4,4019,40194,140194,240194,5361.48388671875,71,67,1939,1943,12,13,14,15,16,17,18,19,20,21,22,23,24,25,26,27,28,29,30,31,32,33,34,35,36,37,38,39,40,41,42,43,44,45,46,47,48,49,50,51,52,53,54,55,56,57,58,59,60,61,62,63,64,65,66,67,68,69,70,71,72,73,74,75,76,77,78,79,80,81,82,83,84,85,86,87,88,89,90,91,92,93,94,95,96,97,98,99,100,101,102,103,104,105,106,107,108,109,110,111,112,113,114,115,116,117,118,119,120,121,122,123,124,125,126,127,128,129,130,131,132,133,134,135,136,137,138,139,140,141,142,143,144,145,146,147,148,149,150,151,152,153,154,155,156,157,158,159,160,161,162,163,164,165,166,167,168,169,170,171,172,1,2,1,,,1,2010,0,0,0,0,0,0,0,0,0,339.9329528808594,361.4808349609375,429.2391052246094,455.74822998046875,484.3421936035156,513.8944091796875,550.2347412109375,588.1314697265625,636.23529052734375,691.12261962890625,750.7945556640625,811.03094482421875,867.70428466796875,944.5916748046875,1075.6485595703125,1200,0,0,0,0,0,0,0,0,0,0,0,0,0,0,0,0,0,0,0,0,0,0,0,0,0,0,0,0,0,0,0,0,0,0,0,0,0,0,0,0,0,0,0,0,0,0,0,0,0,0,0,0,0,0,0,0,0,0,0,0,0,0,0,0,0,0,0,0,0,0,0,0,0,0,0,0,0,0,0,0,0,0,0,0,0,0,0,0,0,0,0,0
0,0,0,1,710,4,4019,40194,240194,140194,5361.48388671875,67,71,1943,1939,8,9,10,11,12,13,14,15,16,17,18,19,20,21,22,23,24,25,26,27,28,29,30,31,32,33,34,35,36,37,38,39,40,41,42,43,44,45,46,47,48,49,50,51,52,53,54,55,56,57,58,59,60,61,62,63,64,65,66,67,68,69,70,71,72,73,74,75,76,77,78,79,80,81,82,83,84,85,86,87,88,89,90,91,92,93,94,95,96,97,98,99,100,101,102,103,104,105,106,107,108,109,110,111,112,113,114,115,116,117,118,119,120,121,122,123,124,125,126,127,128,129,130,131,132,133,134,135,136,137,138,139,140,141,142,143,144,145,146,147,148,149,150,151,152,153,154,155,156,157,158,159,160,161,162,163,164,165,166,167,168,2,1,1,,,2,2010,0,0,0,0,0,0,0,0,0,0,0,0,0,0,0,0,0,0,0,0,0,0,0,0,0,0,0,0,0,0,0,0,2199.823974609375,2332.628662109375,2462.714111328125,2563.065673828125,2687.197509765625,2835.283203125,3000.050537109375,3170.14501953125,3311.144775390625,3430.346435546875,3542.30419921875,3637.796142578125,3730.740966796875,3821.318359375,3892.782958984375,3922.640380859375,3972.469970703125,4059.089111328125,4119.95849609375,4146.93798828125,4200,0,0,0,0,0,0,0,0,0,0,0,0,0,0,0,0,0,0,0,0,0,0,0,0,0,0,0,0,0,0,0,0,0,0,0,0,0,0,0,0,0,0,0,0,0,0,0,0,0,0,0,0,0,0,0,0,0,0,0,0,0,0,0,0
0,0,0,1,700,4,4019,40195,140195,240195,5384.13818359375,71,67,1939,1943,12,13,14,15,16,17,18,19,20,21,22,23,24,25,26,27,28,29,30,31,32,33,34,35,36,37,38,39,40,41,42,43,44,45,46,47,48,49,50,51,52,53,54,55,56,57,58,59,60,61,62,63,64,65,66,67,68,69,70,71,72,73,74,75,76,77,78,79,80,81,82,83,84,85,86,87,88,89,90,91,92,93,94,95,96,97,98,99,100,101,102,103,104,105,106,107,108,109,110,111,112,113,114,115,116,117,118,119,120,121,122,123,124,125,126,127,128,129,130,131,132,133,134,135,136,137,138,139,140,141,142,143,144,145,146,147,148,149,150,151,152,153,154,155,156,157,158,159,160,161,162,163,164,165,166,167,168,169,170,171,172,1,2,1,,,1,2010,0,0,0,0,0,0,0,0,0,339.9329528808594,361.4808349609375,429.2391052246094,455.74822998046875,484.3421936035156,513.8944091796875,550.2347412109375,588.1314697265625,636.23529052734375,691.12261962890625,750.7945556640625,811.03094482421875,867.70428466796875,944.5916748046875,1075.6485595703125,1200,0,0,0,0,0,0,0,0,0,0,0,0,0,0,0,0,0,0,0,0,0,0,0,0,0,0,0,0,0,0,0,0,0,0,0,0,0,0,0,0,0,0,0,0,0,0,0,0,0,0,0,0,0,0,0,0,0,0,0,0,0,0,0,0,0,0,0,0,0,0,0,0,0,0,0,0,0,0,0,0,0,0,0,0,0,0,0,0,0,0,0,0
0,0,0,1,700,4,4019,40195,240195,140195,5384.13818359375,67,71,1943,1939,8,9,10,11,12,13,14,15,16,17,18,19,20,21,22,23,24,25,26,27,28,29,30,31,32,33,34,35,36,37,38,39,40,41,42,43,44,45,46,47,48,49,50,51,52,53,54,55,56,57,58,59,60,61,62,63,64,65,66,67,68,69,70,71,72,73,74,75,76,77,78,79,80,81,82,83,84,85,86,87,88,89,90,91,92,93,94,95,96,97,98,99,100,101,102,103,104,105,106,107,108,109,110,111,112,113,114,115,116,117,118,119,120,121,122,123,124,125,126,127,128,129,130,131,132,133,134,135,136,137,138,139,140,141,142,143,144,145,146,147,148,149,150,151,152,153,154,155,156,157,158,159,160,161,162,163,164,165,166,167,168,2,1,1,,,2,2010,0,0,0,0,0,0,0,0,0,0,0,0,0,0,0,0,0,0,0,0,0,0,0,0,0,0,0,0,0,0,0,0,8987.8515625,9530.4443359375,10061.9443359375,10471.953125,10979.1201171875,11584.15625,12257.34765625,12952.3056640625,13528.390625,14015.4140625,14472.841796875,14862.9931640625,15242.7392578125,15612.8134765625,15904.796875,16026.771484375,16230.3759765625,16584.275390625,16832.97265625,16943.201171875,17160,0,0,0,0,0,0,0,0,0,0,0,0,0,0,0,0,0,0,0,0,0,0,0,0,0,0,0,0,0,0,0,0,0,0,0,0,0,0,0,0,0,0,0,0,0,0,0,0,0,0,0,0,0,0,0,0,0,0,0,0,0,0,0,0
1,1100,4,1,480,4,4447,44471,144471,244471,4827.9677734375,71,68,1939,1942,12,13,14,15,16,17,18,19,20,21,22,23,24,25,26,27,28,29,30,31,32,33,34,35,36,37,38,39,40,41,42,43,44,45,46,47,48,49,50,51,52,53,54,55,56,57,58,59,60,61,62,63,64,65,66,67,68,69,70,71,72,73,74,75,76,77,78,79,80,81,82,83,84,85,86,87,88,89,90,91,92,93,94,95,96,97,98,99,100,101,102,103,104,105,106,107,108,109,110,111,112,113,114,115,116,117,118,119,120,121,122,123,124,125,126,127,128,129,130,131,132,133,134,135,136,137,138,139,140,141,142,143,144,145,146,147,148,149,150,151,152,153,154,155,156,157,158,159,160,161,162,163,164,165,166,167,168,169,170,171,172,1,2,1,,,1,2010,0,0,0,0,0,0,0,0,0,0,0,0,0,0,0,0,0,14336.943359375,15573.7900390625,16918.44140625,18275.810546875,19552.890625,21285.474609375,24238.71484375,27040.861328125,29327.302734375,32064.8671875,35151.52734375,39168.80078125,44331.39453125,49277.73046875,52981.921875,56174.609375,59195.6015625,62108.40234375,64237.4375,66929.90625,70179.3203125,73796.1015625,77495.359375,80439.0390625,82816.9453125,84988.3125,86736.796875,88400,89983.421875,91096.4765625,91224.609375,91809.3046875,93227.9921875,94037.859375,94065.3203125,94676.78125,95498.828125,96552.1796875,97403.625,97870.9921875,98563.921875,95990.3046875,0,0,0,0,0,0,0,0,0,0,0,0,0,0,0,0,0,0,0,0,0,0,0,0,0,0,0,0,0,0,0,0,0,0,0,0,0,0,0,0,0,0,0,0,0,0,0,0,0,0,0,0,0,0,0,0,0,0
1,1100,4,1,480,4,4447,44471,244471,144471,4827.9677734375,68,71,1942,1939,9,10,11,12,13,14,15,16,17,18,19,20,21,22,23,24,25,26,27,28,29,30,31,32,33,34,35,36,37,38,39,40,41,42,43,44,45,46,47,48,49,50,51,52,53,54,55,56,57,58,59,60,61,62,63,64,65,66,67,68,69,70,71,72,73,74,75,76,77,78,79,80,81,82,83,84,85,86,87,88,89,90,91,92,93,94,95,96,97,98,99,100,101,102,103,104,105,106,107,108,109,110,111,112,113,114,115,116,117,118,119,120,121,122,123,124,125,126,127,128,129,130,131,132,133,134,135,136,137,138,139,140,141,142,143,144,145,146,147,148,149,150,151,152,153,154,155,156,157,158,159,160,161,162,163,164,165,166,167,168,169,2,1,1,,,2,2010,0,0,0,0,0,0,0,0,0,0,0,0,0,0,0,0,0,0,0,0,0,0,0,0,0,0,0,0,0,0,0,0,0,0,0,0,0,6923.12841796875,7314.046875,7716.69189453125,8047.3525390625,8324.076171875,8582.369140625,8800,0,0,0,0,0,0,0,0,0,0,0,0,10552.0087890625,10676.5322265625,10446.48828125,0,0,0,0,0,0,0,0,0,0,0,0,0,0,0,0,0,0,0,0,0,0,0,0,0,0,0,0,0,0,0,0,0,0,0,0,0,0,0,0,0,0,0,0,0,0,0,0,0,0,0,0,0,0,0,0,0,0
1,1300,4,1,520,4,4447,44472,144472,244472,4860.7578125,71,68,1939,1942,12,13,14,15,16,17,18,19,20,21,22,23,24,25,26,27,28,29,30,31,32,33,34,35,36,37,38,39,40,41,42,43,44,45,46,47,48,49,50,51,52,53,54,55,56,57,58,59,60,61,62,63,64,65,66,67,68,69,70,71,72,73,74,75,76,77,78,79,80,81,82,83,84,85,86,87,88,89,90,91,92,93,94,95,96,97,98,99,100,101,102,103,104,105,106,107,108,109,110,111,112,113,114,115,116,117,118,119,120,121,122,123,124,125,126,127,128,129,130,131,132,133,134,135,136,137,138,139,140,141,142,143,144,145,146,147,148,149,150,151,152,153,154,155,156,157,158,159,160,161,162,163,164,165,166,167,168,169,170,171,172,1,2,1,,,1,2010,0,0,0,0,0,0,0,0,0,0,0,0,0,0,0,0,0,10120.1962890625,10993.263671875,11942.4296875,12900.5732421875,13802.041015625,15025.041015625,17109.681640625,19087.66796875,20701.626953125,22634.025390625,24812.845703125,27648.56640625,31292.75,34784.28125,37399.00390625,39652.66796875,41785.1328125,43841.2265625,45344.07421875,47244.640625,49538.34765625,52091.3671875,54702.609375,56780.5,58459.01953125,59991.75,61225.9765625,62400,63517.7109375,64303.3984375,64393.84765625,64806.5703125,65808,66379.671875,66399.0546875,66830.671875,67410.9375,68154.4765625,68755.5,69085.4140625,69574.5390625,67757.8671875,0,0,0,0,0,0,0,0,0,0,0,0,0,0,0,0,0,0,0,0,0,0,0,0,0,0,0,0,0,0,0,0,0,0,0,0,0,0,0,0,0,0,0,0,0,0,0,0,0,0,0,0,0,0,0,0,0,0
1,1300,4,1,520,4,4447,44472,244472,144472,4860.7578125,68,71,1942,1939,9,10,11,12,13,14,15,16,17,18,19,20,21,22,23,24,25,26,27,28,29,30,31,32,33,34,35,36,37,38,39,40,41,42,43,44,45,46,47,48,49,50,51,52,53,54,55,56,57,58,59,60,61,62,63,64,65,66,67,68,69,70,71,72,73,74,75,76,77,78,79,80,81,82,83,84,85,86,87,88,89,90,91,92,93,94,95,96,97,98,99,100,101,102,103,104,105,106,107,108,109,110,111,112,113,114,115,116,117,118,119,120,121,122,123,124,125,126,127,128,129,130,131,132,133,134,135,136,137,138,139,140,141,142,143,144,145,146,147,148,149,150,151,152,153,154,155,156,157,158,159,160,161,162,163,164,165,166,167,168,169,2,1,1,,,2,2010,0,0,0,0,0,0,0,0,0,0,0,0,0,0,0,0,0,0,0,0,0,0,0,0,0,0,0,0,0,0,0,0,0,0,0,0,0,7867.19140625,8311.4169921875,8768.9677734375,9144.71875,9459.177734375,9752.69140625,10000,0,0,0,0,0,0,0,0,0,0,0,0,11990.9189453125,12132.4228515625,11871.009765625,0,0,0,0,0,0,0,0,0,0,0,0,0,0,0,0,0,0,0,0,0,0,0,0,0,0,0,0,0,0,0,0,0,0,0,0,0,0,0,0,0,0,0,0,0,0,0,0,0,0,0,0,0,0,0,0,0,0
1,1300,4,1,880,4,4447,44473,144473,244473,4965.99755859375,71,68,1939,1942,12,13,14,15,16,17,18,19,20,21,22,23,24,25,26,27,28,29,30,31,32,33,34,35,36,37,38,39,40,41,42,43,44,45,46,47,48,49,50,51,52,53,54,55,56,57,58,59,60,61,62,63,64,65,66,67,68,69,70,71,72,73,74,75,76,77,78,79,80,81,82,83,84,85,86,87,88,89,90,91,92,93,94,95,96,97,98,99,100,101,102,103,104,105,106,107,108,109,110,111,112,113,114,115,116,117,118,119,120,121,122,123,124,125,126,127,128,129,130,131,132,133,134,135,136,137,138,139,140,141,142,143,144,145,146,147,148,149,150,151,152,153,154,155,156,157,158,159,160,161,162,163,164,165,166,167,168,169,170,171,172,1,2,1,,,1,2010,0,0,0,0,0,0,0,0,0,0,0,0,0,0,0,0,0,15180.2939453125,16489.896484375,17913.64453125,19350.859375,20703.0625,22537.5625,25664.5234375,28631.501953125,31052.439453125,33951.0390625,37219.26953125,41472.8515625,46939.125,52176.421875,56098.5078125,59479.00390625,62677.69921875,65761.84375,68016.1171875,70866.9609375,74307.5234375,78137.046875,82053.9140625,85170.75,87688.53125,89987.625,91838.96875,93600,95276.5703125,96455.1015625,96590.7734375,97209.8515625,98712,99569.5078125,99598.578125,100246.0078125,101116.40625,102231.71875,103133.2578125,103628.1171875,104361.8046875,101636.8046875,0,0,0,0,0,0,0,0,0,0,0,0,0,0,0,0,0,0,0,0,0,0,0,0,0,0,0,0,0,0,0,0,0,0,0,0,0,0,0,0,0,0,0,0,0,0,0,0,0,0,0,0,0,0,0,0,0,0
1,1300,4,1,880,4,4447,44473,244473,144473,4965.99755859375,68,71,1942,1939,9,10,11,12,13,14,15,16,17,18,19,20,21,22,23,24,25,26,27,28,29,30,31,32,33,34,35,36,37,38,39,40,41,42,43,44,45,46,47,48,49,50,51,52,53,54,55,56,57,58,59,60,61,62,63,64,65,66,67,68,69,70,71,72,73,74,75,76,77,78,79,80,81,82,83,84,85,86,87,88,89,90,91,92,93,94,95,96,97,98,99,100,101,102,103,104,105,106,107,108,109,110,111,112,113,114,115,116,117,118,119,120,121,122,123,124,125,126,127,128,129,130,131,132,133,134,135,136,137,138,139,140,141,142,143,144,145,146,147,148,149,150,151,152,153,154,155,156,157,158,159,160,161,162,163,164,165,166,167,168,169,2,1,1,,,2,2010,0,0,0,0,0,0,0,0,0,0,0,0,0,0,0,0,0,0,0,0,0,0,0,0,0,0,0,0,0,0,0,0,0,0,0,0,0,6136.4130859375,6482.9091796875,6839.798828125,7132.8916015625,7378.169921875,7607.10400390625,7800,0,0,0,0,0,0,0,0,0,0,0,0,9352.921875,9463.2958984375,9259.392578125,0,0,0,0,0,0,0,0,0,0,0,0,0,0,0,0,0,0,0,0,0,0,0,0,0,0,0,0,0,0,0,0,0,0,0,0,0,0,0,0,0,0,0,0,0,0,0,0,0,0,0,0,0,0,0,0,0,0
1,1000,4,1,580,4,4447,44474,144474,244474,4751.431640625,71,68,1939,1942,12,13,14,15,16,17,18,19,20,21,22,23,24,25,26,27,28,29,30,31,32,33,34,35,36,37,38,39,40,41,42,43,44,45,46,47,48,49,50,51,52,53,54,55,56,57,58,59,60,61,62,63,64,65,66,67,68,69,70,71,72,73,74,75,76,77,78,79,80,81,82,83,84,85,86,87,88,89,90,91,92,93,94,95,96,97,98,99,100,101,102,103,104,105,106,107,108,109,110,111,112,113,114,115,116,117,118,119,120,121,122,123,124,125,126,127,128,129,130,131,132,133,134,135,136,137,138,139,140,141,142,143,144,145,146,147,148,149,150,151,152,153,154,155,156,157,158,159,160,161,162,163,164,165,166,167,168,169,170,171,172,1,2,1,,,1,2010,0,0,0,0,0,0,0,0,0,0,0,0,0,0,0,0,0,12650.2451171875,13741.580078125,14928.037109375,16125.716796875,17252.55078125,18781.30078125,21387.103515625,23859.5859375,25877.033203125,28292.533203125,31016.056640625,34560.7109375,39115.9375,43480.3515625,46748.7578125,49565.8359375,52231.41796875,54801.53515625,56680.09765625,59055.80078125,61922.9375,65114.20703125,68378.265625,70975.625,73073.7734375,74989.6875,76532.4765625,78000,79397.140625,80379.25,80492.3125,81008.2109375,82260,82974.5859375,82998.8203125,83538.34375,84263.671875,85193.1015625,85944.3828125,86356.765625,86968.171875,84697.3359375,0,0,0,0,0,0,0,0,0,0,0,0,0,0,0,0,0,0,0,0,0,0,0,0,0,0,0,0,0,0,0,0,0,0,0,0,0,0,0,0,0,0,0,0,0,0,0,0,0,0,0,0,0,0,0,0,0,0
1,1000,4,1,580,4,4447,44474,244474,144474,4751.431640625,68,71,1942,1939,9,10,11,12,13,14,15,16,17,18,19,20,21,22,23,24,25,26,27,28,29,30,31,32,33,34,35,36,37,38,39,40,41,42,43,44,45,46,47,48,49,50,51,52,53,54,55,56,57,58,59,60,61,62,63,64,65,66,67,68,69,70,71,72,73,74,75,76,77,78,79,80,81,82,83,84,85,86,87,88,89,90,91,92,93,94,95,96,97,98,99,100,101,102,103,104,105,106,107,108,109,110,111,112,113,114,115,116,117,118,119,120,121,122,123,124,125,126,127,128,129,130,131,132,133,134,135,136,137,138,139,140,141,142,143,144,145,146,147,148,149,150,151,152,153,154,155,156,157,158,159,160,161,162,163,164,165,166,167,168,169,2,1,1,,,2,2010,0,0,0,0,0,0,0,0,0,0,0,0,0,0,0,0,0,0,0,0,0,0,0,0,0,0,0,0,0,0,0,0,0,0,0,0,0,7395.16064453125,7812.732421875,8242.830078125,8596.0361328125,8891.626953125,9167.5302734375,9400,0,0,0,0,0,0,0,0,0,0,0,0,11271.4638671875,11404.478515625,11158.7490234375,0,0,0,0,0,0,0,0,0,0,0,0,0,0,0,0,0,0,0,0,0,0,0,0,0,0,0,0,0,0,0,0,0,0,0,0,0,0,0,0,0,0,0,0,0,0,0,0,0,0,0,0,0,0,0,0,0,0
1,920,4,1,880,4,4447,44475,144475,244475,4865.564453125,71,68,1939,1942,12,13,14,15,16,17,18,19,20,21,22,23,24,25,26,27,28,29,30,31,32,33,34,35,36,37,38,39,40,41,42,43,44,45,46,47,48,49,50,51,52,53,54,55,56,57,58,59,60,61,62,63,64,65,66,67,68,69,70,71,72,73,74,75,76,77,78,79,80,81,82,83,84,85,86,87,88,89,90,91,92,93,94,95,96,97,98,99,100,101,102,103,104,105,106,107,108,109,110,111,112,113,114,115,116,117,118,119,120,121,122,123,124,125,126,127,128,129,130,131,132,133,134,135,136,137,138,139,140,141,142,143,144,145,146,147,148,149,150,151,152,153,154,155,156,157,158,159,160,161,162,163,164,165,166,167,168,169,170,171,172,1,2,1,,,1,2010,0,0,0,0,0,0,0,0,0,0,0,0,0,0,0,0,0,10963.546875,11909.37109375,12937.6337890625,13975.6220703125,14952.212890625,16277.1298828125,18535.4921875,20678.30859375,22426.765625,24520.197265625,26880.5859375,29952.619140625,33900.484375,37682.9765625,40515.59375,42957.0625,45267.234375,47494.66796875,49122.75390625,51181.69921875,53666.55078125,56432.3203125,59261.16796875,61512.21484375,63330.61328125,64991.0703125,66328.1484375,67600,68810.8671875,69662.0234375,69760.0078125,70207.125,71292.0078125,71911.3203125,71932.3203125,72399.90625,73028.5234375,73834.03125,74485.140625,74842.5390625,75372.421875,73404.3671875,0,0,0,0,0,0,0,0,0,0,0,0,0,0,0,0,0,0,0,0,0,0,0,0,0,0,0,0,0,0,0,0,0,0,0,0,0,0,0,0,0,0,0,0,0,0,0,0,0,0,0,0,0,0,0,0,0,0
1,920,4,1,880,4,4447,44475,244475,144475,4865.564453125,68,71,1942,1939,9,10,11,12,13,14,15,16,17,18,19,20,21,22,23,24,25,26,27,28,29,30,31,32,33,34,35,36,37,38,39,40,41,42,43,44,45,46,47,48,49,50,51,52,53,54,55,56,57,58,59,60,61,62,63,64,65,66,67,68,69,70,71,72,73,74,75,76,77,78,79,80,81,82,83,84,85,86,87,88,89,90,91,92,93,94,95,96,97,98,99,100,101,102,103,104,105,106,107,108,109,110,111,112,113,114,115,116,117,118,119,120,121,122,123,124,125,126,127,128,129,130,131,132,133,134,135,136,137,138,139,140,141,142,143,144,145,146,147,148,149,150,151,152,153,154,155,156,157,158,159,160,161,162,163,164,165,166,167,168,169,2,1,1,,,2,2010,0,0,0,0,0,0,0,0,0,0,0,0,0,0,0,0,0,0,0,0,0,0,0,0,0,0,0,0,0,0,0,0,0,0,0,0,0,7159.150390625,7563.39599609375,7979.767578125,8321.701171875,8607.859375,8874.95703125,9100,0,0,0,0,0,0,0,0,0,0,0,0,10911.7451171875,11040.5146484375,10802.6279296875,0,0,0,0,0,0,0,0,0,0,0,0,0,0,0,0,0,0,0,0,0,0,0,0,0,0,0,0,0,0,0,0,0,0,0,0,0,0,0,0,0,0,0,0,0,0,0,0,0,0,0,0,0,0,0,0,0,0
2,750,4,0,0,0,4850,48501,148501,0,3340.74853515625,49,0,1961,0,0,0,0,0,0,0,0,0,0,0,0,1,2,3,4,5,6,7,8,9,10,11,12,13,14,15,16,17,18,19,20,21,22,23,24,25,26,27,28,29,30,31,32,33,34,35,36,37,38,39,40,41,42,43,44,45,46,47,48,49,50,51,52,53,54,55,56,57,58,59,60,61,62,63,64,65,66,67,68,69,70,71,72,73,74,75,76,77,78,79,80,81,82,83,84,85,86,87,88,89,90,91,92,93,94,95,96,97,98,99,100,101,102,103,104,105,106,107,108,109,110,111,112,113,114,115,116,117,118,119,120,121,122,123,124,125,126,127,128,129,130,131,132,133,134,135,136,137,138,139,140,141,142,143,144,145,146,147,148,149,150,1,0,0,,,1,2010,0,0,0,0,0,0,0,0,0,0,0,0,0,0,0,0,0,0,0,0,0,0,0,0,0,0,0,0,9013.447265625,10557.361328125,12144.7333984375,13513.2041015625,14827.3818359375,16169.91015625,17557.44921875,18792.8671875,20263.681640625,21988.7578125,23928.65234375,26004.845703125,31200,0,0,0,0,0,0,0,0,0,0,0,0,0,0,0,0,0,0,0,0,0,0,0,0,0,0,0,0,0,0,0,0,0,0,0,0,0,0,0,0,0,0,0,0,0,0,0,0,0,0,0,0,0,0,0,0,0,0,0,0,0,0,0,0,0,0,0,0,0,0,0,0,0,0,0,0
2,750,4,0,0,0,4850,48502,148502,0,3340.896484375,49,0,1961,0,0,0,0,0,0,0,0,0,0,0,0,1,2,3,4,5,6,7,8,9,10,11,12,13,14,15,16,17,18,19,20,21,22,23,24,25,26,27,28,29,30,31,32,33,34,35,36,37,38,39,40,41,42,43,44,45,46,47,48,49,50,51,52,53,54,55,56,57,58,59,60,61,62,63,64,65,66,67,68,69,70,71,72,73,74,75,76,77,78,79,80,81,82,83,84,85,86,87,88,89,90,91,92,93,94,95,96,97,98,99,100,101,102,103,104,105,106,107,108,109,110,111,112,113,114,115,116,117,118,119,120,121,122,123,124,125,126,127,128,129,130,131,132,133,134,135,136,137,138,139,140,141,142,143,144,145,146,147,148,149,150,1,0,0,,,1,2010,0,0,0,0,0,0,0,0,0,0,0,0,0,0,0,0,0,0,0,0,0,0,0,0,0,0,0,0,9013.447265625,10557.361328125,12144.7333984375,13513.2041015625,14827.3818359375,16169.91015625,17557.44921875,18792.8671875,20263.681640625,21988.7578125,23928.65234375,26004.845703125,31200,0,0,0,0,0,0,0,0,0,0,0,0,0,0,0,0,0,0,0,0,0,0,0,0,0,0,0,0,0,0,0,0,0,0,0,0,0,0,0,0,0,0,0,0,0,0,0,0,0,0,0,0,0,0,0,0,0,0,0,0,0,0,0,0,0,0,0,0,0,0,0,0,0,0,0,0
2,750,4,0,0,0,4850,48503,148503,0,3338.426025390625,49,0,1961,0,0,0,0,0,0,0,0,0,0,0,0,1,2,3,4,5,6,7,8,9,10,11,12,13,14,15,16,17,18,19,20,21,22,23,24,25,26,27,28,29,30,31,32,33,34,35,36,37,38,39,40,41,42,43,44,45,46,47,48,49,50,51,52,53,54,55,56,57,58,59,60,61,62,63,64,65,66,67,68,69,70,71,72,73,74,75,76,77,78,79,80,81,82,83,84,85,86,87,88,89,90,91,92,93,94,95,96,97,98,99,100,101,102,103,104,105,106,107,108,109,110,111,112,113,114,115,116,117,118,119,120,121,122,123,124,125,126,127,128,129,130,131,132,133,134,135,136,137,138,139,140,141,142,143,144,145,146,147,148,149,150,1,0,0,,,1,2010,0,0,0,0,0,0,0,0,0,0,0,0,0,0,0,0,0,0,0,0,0,0,0,0,0,0,0,0,9013.447265625,10557.361328125,12144.7333984375,13513.2041015625,14827.3818359375,16169.91015625,17557.44921875,18792.8671875,20263.681640625,21988.7578125,23928.65234375,26004.845703125,31200,0,0,0,0,0,0,0,0,0,0,0,0,0,0,0,0,0,0,0,0,0,0,0,0,0,0,0,0,0,0,0,0,0,0,0,0,0,0,0,0,0,0,0,0,0,0,0,0,0,0,0,0,0,0,0,0,0,0,0,0,0,0,0,0,0,0,0,0,0,0,0,0,0,0,0,0
2,750,4,0,0,0,4850,48504,148504,0,3332.99169921875,49,0,1961,0,0,0,0,0,0,0,0,0,0,0,0,1,2,3,4,5,6,7,8,9,10,11,12,13,14,15,16,17,18,19,20,21,22,23,24,25,26,27,28,29,30,31,32,33,34,35,36,37,38,39,40,41,42,43,44,45,46,47,48,49,50,51,52,53,54,55,56,57,58,59,60,61,62,63,64,65,66,67,68,69,70,71,72,73,74,75,76,77,78,79,80,81,82,83,84,85,86,87,88,89,90,91,92,93,94,95,96,97,98,99,100,101,102,103,104,105,106,107,108,109,110,111,112,113,114,115,116,117,118,119,120,121,122,123,124,125,126,127,128,129,130,131,132,133,134,135,136,137,138,139,140,141,142,143,144,145,146,147,148,149,150,1,0,0,,,1,2010,0,0,0,0,0,0,0,0,0,0,0,0,0,0,0,0,0,0,0,0,0,0,0,0,0,0,0,0,9013.447265625,10557.361328125,12144.7333984375,13513.2041015625,14827.3818359375,16169.91015625,17557.44921875,18792.8671875,20263.681640625,21988.7578125,23928.65234375,26004.845703125,31200,0,0,0,0,0,0,0,0,0,0,0,0,0,0,0,0,0,0,0,0,0,0,0,0,0,0,0,0,0,0,0,0,0,0,0,0,0,0,0,0,0,0,0,0,0,0,0,0,0,0,0,0,0,0,0,0,0,0,0,0,0,0,0,0,0,0,0,0,0,0,0,0,0,0,0,0
2,750,4,0,0,0,4850,48505,148505,0,3345.249267578125,49,0,1961,0,0,0,0,0,0,0,0,0,0,0,0,1,2,3,4,5,6,7,8,9,10,11,12,13,14,15,16,17,18,19,20,21,22,23,24,25,26,27,28,29,30,31,32,33,34,35,36,37,38,39,40,41,42,43,44,45,46,47,48,49,50,51,52,53,54,55,56,57,58,59,60,61,62,63,64,65,66,67,68,69,70,71,72,73,74,75,76,77,78,79,80,81,82,83,84,85,86,87,88,89,90,91,92,93,94,95,96,97,98,99,100,101,102,103,104,105,106,107,108,109,110,111,112,113,114,115,116,117,118,119,120,121,122,123,124,125,126,127,128,129,130,131,132,133,134,135,136,137,138,139,140,141,142,143,144,145,146,147,148,149,150,1,0,0,,,1,2010,0,0,0,0,0,0,0,0,0,0,0,0,0,0,0,0,0,0,0,0,0,0,0,0,0,0,0,0,9013.447265625,10557.361328125,12144.7333984375,13513.2041015625,14827.3818359375,16169.91015625,17557.44921875,18792.8671875,20263.681640625,21988.7578125,23928.65234375,26004.845703125,31200,0,0,0,0,0,0,0,0,0,0,0,0,0,0,0,0,0,0,0,0,0,0,0,0,0,0,0,0,0,0,0,0,0,0,0,0,0,0,0,0,0,0,0,0,0,0,0,0,0,0,0,0,0,0,0,0,0,0,0,0,0,0,0,0,0,0,0,0,0,0,0,0,0,0,0,0
0,0,0,0,0,0,5243,52431,152431,252431,4999.130859375,38,38,1972,1972,0,0,0,0,0,0,0,0,0,0,0,0,0,0,0,0,0,0,0,0,0,0,1,2,3,4,5,6,7,8,9,10,11,12,13,14,15,16,17,18,19,20,21,22,23,24,25,26,27,28,29,30,31,32,33,34,35,36,37,38,39,40,41,42,43,44,45,46,47,48,49,50,51,52,53,54,55,56,57,58,59,60,61,62,63,64,65,66,67,68,69,70,71,72,73,74,75,76,77,78,79,80,81,82,83,84,85,86,87,88,89,90,91,92,93,94,95,96,97,98,99,100,101,102,103,104,105,106,107,108,109,110,111,112,113,114,115,116,117,118,119,120,121,122,123,124,125,126,127,128,129,130,131,132,133,134,135,136,137,138,139,1,2,1,2027,2037,1,2010,0,0,0,0,0,0,0,0,0,0,0,0,0,0,0,0,0,0,0,0,0,0,0,0,0,0,0,0,0,0,0,0,0,0,0,0,0,0,0,0,0,0,0,0,25000,47326.3125,50440.796875,59394.73828125,62930.73828125,67276.390625,71442.9375,75236.109375,79722.421875,84659.4140625,90111.3515625,95704.5859375,101239.9296875,107338.625,110053.953125,115000,120853.0859375,125982.6484375,130422.6875,134916.84375,137676.796875,141436.03125,146123.78125,151178.421875,155230.484375,158589.0625,166711.40625,178818.171875,186608.390625,192426.671875,197210.59375,201394.03125,205187.328125,58759.9765625,59699.74609375,60565.71484375,61350.4609375,62049.21484375,62658.703125,63175.921875,63598.3828125,63924.11328125,64151.51953125,0,0,0,0,0,0,0,0,0,0,0,0,0,0,0,0,0,0,0,0,0,0,0,0,0,0,0,0,0,0
0,0,0,0,0,0,5243,52431,252431,152431,4999.130859375,38,38,1972,1972,0,0,0,0,0,0,0,0,0,0,0,0,0,0,0,0,0,0,0,0,0,0,1,2,3,4,5,6,7,8,9,10,11,12,13,14,15,16,17,18,19,20,21,22,23,24,25,26,27,28,29,30,31,32,33,34,35,36,37,38,39,40,41,42,43,44,45,46,47,48,49,50,51,52,53,54,55,56,57,58,59,60,61,62,63,64,65,66,67,68,69,70,71,72,73,74,75,76,77,78,79,80,81,82,83,84,85,86,87,88,89,90,91,92,93,94,95,96,97,98,99,100,101,102,103,104,105,106,107,108,109,110,111,112,113,114,115,116,117,118,119,120,121,122,123,124,125,126,127,128,129,130,131,132,133,134,135,136,137,138,139,2,1,1,2035,2035,2,2010,0,0,0,0,0,0,0,0,0,0,0,0,0,0,0,0,0,0,0,0,0,0,0,0,0,0,0,0,0,0,0,0,0,0,0,0,0,0,0,0,0,0,17467.23828125,18767.61328125,20137.15625,21579.859375,23000,0,0,0,0,0,0,28710.5859375,30559.505859375,32456.341796875,34333.546875,36401.80078125,37322.6484375,39000,40984.96484375,42724.5546875,44230.30859375,45754.4140625,46690.3984375,47965.26953125,49555.02734375,51269.2109375,52643.44140625,53782.3828125,56536.91796875,60642.6953125,63284.59375,65257.74609375,66880.125,68298.8515625,69585.2734375,70790.4453125,71922.6875,72965.9609375,73911.3046875,74753.125,75487.390625,76110.5078125,76619.5390625,0,0,0,0,0,0,0,0,0,0,0,0,0,0,0,0,0,0,0,0,0,0,0,0,0,0,0,0,0,0,0,0
0,0,0,0,0,0,5243,52432,152432,252432,5021.5673828125,38,38,1972,1972,0,0,0,0,0,0,0,0,0,0,0,0,0,0,0,0,0,0,0,0,0,0,1,2,3,4,5,6,7,8,9,10,11,12,13,14,15,16,17,18,19,20,21,22,23,24,25,26,27,28,29,30,31,32,33,34,35,36,37,38,39,40,41,42,43,44,45,46,47,48,49,50,51,52,53,54,55,56,57,58,59,60,61,62,63,64,65,66,67,68,69,70,71,72,73,74,75,76,77,78,79,80,81,82,83,84,85,86,87,88,89,90,91,92,93,94,95,96,97,98,99,100,101,102,103,104,105,106,107,108,109,110,111,112,113,114,115,116,117,118,119,120,121,122,123,124,125,126,127,128,129,130,131,132,133,134,135,136,137,138,139,1,2,1,2027,2037,1,2010,0,0,0,0,0,0,0,0,0,0,0,0,0,0,0,0,0,0,0,0,0,0,0,0,0,0,0,0,0,0,0,0,0,0,0,0,0,0,0,0,0,0,0,0,25000,47326.3125,50440.796875,59394.73828125,62930.73828125,67276.390625,71442.9375,75236.109375,79722.421875,84659.4140625,90111.3515625,95704.5859375,101239.9296875,107338.625,110053.953125,115000,120853.0859375,125982.6484375,130422.6875,134916.84375,137676.796875,141436.03125,146123.78125,151178.421875,155230.484375,158589.0625,166711.40625,178818.171875,186608.390625,192426.671875,197210.59375,201394.03125,205187.328125,58759.9765625,59699.74609375,60565.71484375,61350.4609375,62049.21484375,62658.703125,63175.921875,63598.3828125,63924.11328125,64151.51953125,0,0,0,0,0,0,0,0,0,0,0,0,0,0,0,0,0,0,0,0,0,0,0,0,0,0,0,0,0,0
0,0,0,0,0,0,5243,52432,252432,152432,5021.5673828125,38,38,1972,1972,0,0,0,0,0,0,0,0,0,0,0,0,0,0,0,0,0,0,0,0,0,0,1,2,3,4,5,6,7,8,9,10,11,12,13,14,15,16,17,18,19,20,21,22,23,24,25,26,27,28,29,30,31,32,33,34,35,36,37,38,39,40,41,42,43,44,45,46,47,48,49,50,51,52,53,54,55,56,57,58,59,60,61,62,63,64,65,66,67,68,69,70,71,72,73,74,75,76,77,78,79,80,81,82,83,84,85,86,87,88,89,90,91,92,93,94,95,96,97,98,99,100,101,102,103,104,105,106,107,108,109,110,111,112,113,114,115,116,117,118,119,120,121,122,123,124,125,126,127,128,129,130,131,132,133,134,135,136,137,138,139,2,1,1,2035,2035,2,2010,0,0,0,0,0,0,0,0,0,0,0,0,0,0,0,0,0,0,0,0,0,0,0,0,0,0,0,0,0,0,0,0,0,0,0,0,0,0,0,0,0,0,17467.23828125,18767.61328125,20137.15625,21579.859375,23000,0,0,0,0,0,0,28710.5859375,30559.505859375,32456.341796875,34333.546875,36401.80078125,37322.6484375,39000,40984.96484375,42724.5546875,44230.30859375,45754.4140625,46690.3984375,47965.26953125,49555.02734375,51269.2109375,52643.44140625,53782.3828125,56536.91796875,60642.6953125,63284.59375,65257.74609375,66880.125,68298.8515625,69585.2734375,70790.4453125,71922.6875,72965.9609375,73911.3046875,74753.125,75487.390625,76110.5078125,76619.5390625,0,0,0,0,0,0,0,0,0,0,0,0,0,0,0,0,0,0,0,0,0,0,0,0,0,0,0,0,0,0,0,0
0,0,0,0,0,0,5243,52433,152433,252433,5038.91943359375,38,38,1972,1972,0,0,0,0,0,0,0,0,0,0,0,0,0,0,0,0,0,0,0,0,0,0,1,2,3,4,5,6,7,8,9,10,11,12,13,14,15,16,17,18,19,20,21,22,23,24,25,26,27,28,29,30,31,32,33,34,35,36,37,38,39,40,41,42,43,44,45,46,47,48,49,50,51,52,53,54,55,56,57,58,59,60,61,62,63,64,65,66,67,68,69,70,71,72,73,74,75,76,77,78,79,80,81,82,83,84,85,86,87,88,89,90,91,92,93,94,95,96,97,98,99,100,101,102,103,104,105,106,107,108,109,110,111,112,113,114,115,116,117,118,119,120,121,122,123,124,125,126,127,128,129,130,131,132,133,134,135,136,137,138,139,1,2,1,2027,2037,1,2010,0,0,0,0,0,0,0,0,0,0,0,0,0,0,0,0,0,0,0,0,0,0,0,0,0,0,0,0,0,0,0,0,0,0,0,0,0,0,0,0,0,0,0,0,25000,47326.3125,50440.796875,59394.73828125,62930.73828125,67276.390625,71442.9375,75236.109375,79722.421875,84659.4140625,90111.3515625,95704.5859375,101239.9296875,107338.625,110053.953125,115000,120853.0859375,125982.6484375,130422.6875,134916.84375,137676.796875,141436.03125,146123.78125,151178.421875,155230.484375,158589.0625,166711.40625,178818.171875,186608.390625,192426.671875,197210.59375,201394.03125,205187.328125,58759.9765625,59699.74609375,60565.71484375,61350.4609375,62049.21484375,62658.703125,63175.921875,63598.3828125,63924.11328125,64151.51953125,0,0,0,0,0,0,0,0,0,0,0,0,0,0,0,0,0,0,0,0,0,0,0,0,0,0,0,0,0,0
0,0,0,0,0,0,5243,52433,252433,152433,5038.91943359375,38,38,1972,1972,0,0,0,0,0,0,0,0,0,0,0,0,0,0,0,0,0,0,0,0,0,0,1,2,3,4,5,6,7,8,9,10,11,12,13,14,15,16,17,18,19,20,21,22,23,24,25,26,27,28,29,30,31,32,33,34,35,36,37,38,39,40,41,42,43,44,45,46,47,48,49,50,51,52,53,54,55,56,57,58,59,60,61,62,63,64,65,66,67,68,69,70,71,72,73,74,75,76,77,78,79,80,81,82,83,84,85,86,87,88,89,90,91,92,93,94,95,96,97,98,99,100,101,102,103,104,105,106,107,108,109,110,111,112,113,114,115,116,117,118,119,120,121,122,123,124,125,126,127,128,129,130,131,132,133,134,135,136,137,138,139,2,1,1,2035,2035,2,2010,0,0,0,0,0,0,0,0,0,0,0,0,0,0,0,0,0,0,0,0,0,0,0,0,0,0,0,0,0,0,0,0,0,0,0,0,0,0,0,0,0,0,17467.23828125,18767.61328125,20137.15625,21579.859375,23000,0,0,0,0,0,0,28710.5859375,30559.505859375,32456.341796875,34333.546875,36401.80078125,37322.6484375,39000,40984.96484375,42724.5546875,44230.30859375,45754.4140625,46690.3984375,47965.26953125,49555.02734375,51269.2109375,52643.44140625,53782.3828125,56536.91796875,60642.6953125,63284.59375,65257.74609375,66880.125,68298.8515625,69585.2734375,70790.4453125,71922.6875,72965.9609375,73911.3046875,74753.125,75487.390625,76110.5078125,76619.5390625,0,0,0,0,0,0,0,0,0,0,0,0,0,0,0,0,0,0,0,0,0,0,0,0,0,0,0,0,0,0,0,0
0,0,0,0,0,0,5243,52434,152434,252434,4938.875,38,38,1972,1972,0,0,0,0,0,0,0,0,0,0,0,0,0,0,0,0,0,0,0,0,0,0,1,2,3,4,5,6,7,8,9,10,11,12,13,14,15,16,17,18,19,20,21,22,23,24,25,26,27,28,29,30,31,32,33,34,35,36,37,38,39,40,41,42,43,44,45,46,47,48,49,50,51,52,53,54,55,56,57,58,59,60,61,62,63,64,65,66,67,68,69,70,71,72,73,74,75,76,77,78,79,80,81,82,83,84,85,86,87,88,89,90,91,92,93,94,95,96,97,98,99,100,101,102,103,104,105,106,107,108,109,110,111,112,113,114,115,116,117,118,119,120,121,122,123,124,125,126,127,128,129,130,131,132,133,134,135,136,137,138,139,1,2,1,2027,2037,1,2010,0,0,0,0,0,0,0,0,0,0,0,0,0,0,0,0,0,0,0,0,0,0,0,0,0,0,0,0,0,0,0,0,0,0,0,0,0,0,0,0,0,0,0,0,25000,47326.3125,50440.796875,59394.73828125,62930.73828125,67276.390625,71442.9375,75236.109375,79722.421875,84659.4140625,90111.3515625,95704.5859375,101239.9296875,107338.625,110053.953125,115000,120853.0859375,125982.6484375,130422.6875,134916.84375,137676.796875,141436.03125,146123.78125,151178.421875,155230.484375,158589.0625,166711.40625,178818.171875,186608.390625,192426.671875,197210.59375,201394.03125,205187.328125,58759.9765625,59699.74609375,60565.71484375,61350.4609375,62049.21484375,62658.703125,63175.921875,63598.3828125,63924.11328125,64151.51953125,0,0,0,0,0,0,0,0,0,0,0,0,0,0,0,0,0,0,0,0,0,0,0,0,0,0,0,0,0,0
0,0,0,0,0,0,5243,52434,252434,152434,4938.875,38,38,1972,1972,0,0,0,0,0,0,0,0,0,0,0,0,0,0,0,0,0,0,0,0,0,0,1,2,3,4,5,6,7,8,9,10,11,12,13,14,15,16,17,18,19,20,21,22,23,24,25,26,27,28,29,30,31,32,33,34,35,36,37,38,39,40,41,42,43,44,45,46,47,48,49,50,51,52,53,54,55,56,57,58,59,60,61,62,63,64,65,66,67,68,69,70,71,72,73,74,75,76,77,78,79,80,81,82,83,84,85,86,87,88,89,90,91,92,93,94,95,96,97,98,99,100,101,102,103,104,105,106,107,108,109,110,111,112,113,114,115,116,117,118,119,120,121,122,123,124,125,126,127,128,129,130,131,132,133,134,135,136,137,138,139,2,1,1,2035,2035,2,2010,0,0,0,0,0,0,0,0,0,0,0,0,0,0,0,0,0,0,0,0,0,0,0,0,0,0,0,0,0,0,0,0,0,0,0,0,0,0,0,0,0,0,17467.23828125,18767.61328125,20137.15625,21579.859375,23000,0,0,0,0,0,0,28710.5859375,30559.505859375,32456.341796875,34333.546875,36401.80078125,37322.6484375,39000,40984.96484375,42724.5546875,44230.30859375,45754.4140625,46690.3984375,47965.26953125,49555.02734375,51269.2109375,52643.44140625,53782.3828125,56536.91796875,60642.6953125,63284.59375,65257.74609375,66880.125,68298.8515625,69585.2734375,70790.4453125,71922.6875,72965.9609375,73911.3046875,74753.125,75487.390625,76110.5078125,76619.5390625,0,0,0,0,0,0,0,0,0,0,0,0,0,0,0,0,0,0,0,0,0,0,0,0,0,0,0,0,0,0,0,0
0,0,0,0,0,0,5243,52435,152435,252435,5026.02197265625,38,38,1972,1972,0,0,0,0,0,0,0,0,0,0,0,0,0,0,0,0,0,0,0,0,0,0,1,2,3,4,5,6,7,8,9,10,11,12,13,14,15,16,17,18,19,20,21,22,23,24,25,26,27,28,29,30,31,32,33,34,35,36,37,38,39,40,41,42,43,44,45,46,47,48,49,50,51,52,53,54,55,56,57,58,59,60,61,62,63,64,65,66,67,68,69,70,71,72,73,74,75,76,77,78,79,80,81,82,83,84,85,86,87,88,89,90,91,92,93,94,95,96,97,98,99,100,101,102,103,104,105,106,107,108,109,110,111,112,113,114,115,116,117,118,119,120,121,122,123,124,125,126,127,128,129,130,131,132,133,134,135,136,137,138,139,1,2,1,2027,2037,1,2010,0,0,0,0,0,0,0,0,0,0,0,0,0,0,0,0,0,0,0,0,0,0,0,0,0,0,0,0,0,0,0,0,0,0,0,0,0,0,0,0,0,0,0,0,25000,47326.3125,50440.796875,59394.73828125,62930.73828125,67276.390625,71442.9375,75236.109375,79722.421875,84659.4140625,90111.3515625,95704.5859375,101239.9296875,107338.625,110053.953125,115000,120853.0859375,125982.6484375,130422.6875,134916.84375,137676.796875,141436.03125,146123.78125,151178.421875,155230.484375,158589.0625,166711.40625,178818.171875,186608.390625,192426.671875,197210.59375,201394.03125,205187.328125,58759.9765625,59699.74609375,60565.71484375,61350.4609375,62049.21484375,62658.703125,63175.921875,63598.3828125,63924.11328125,64151.51953125,0,0,0,0,0,0,0,0,0,0,0,0,0,0,0,0,0,0,0,0,0,0,0,0,0,0,0,0,0,0
0,0,0,0,0,0,5243,52435,252435,152435,5026.02197265625,38,38,1972,1972,0,0,0,0,0,0,0,0,0,0,0,0,0,0,0,0,0,0,0,0,0,0,1,2,3,4,5,6,7,8,9,10,11,12,13,14,15,16,17,18,19,20,21,22,23,24,25,26,27,28,29,30,31,32,33,34,35,36,37,38,39,40,41,42,43,44,45,46,47,48,49,50,51,52,53,54,55,56,57,58,59,60,61,62,63,64,65,66,67,68,69,70,71,72,73,74,75,76,77,78,79,80,81,82,83,84,85,86,87,88,89,90,91,92,93,94,95,96,97,98,99,100,101,102,103,104,105,106,107,108,109,110,111,112,113,114,115,116,117,118,119,120,121,122,123,124,125,126,127,128,129,130,131,132,133,134,135,136,137,138,139,2,1,1,2035,2035,2,2010,0,0,0,0,0,0,0,0,0,0,0,0,0,0,0,0,0,0,0,0,0,0,0,0,0,0,0,0,0,0,0,0,0,0,0,0,0,0,0,0,0,0,17467.23828125,18767.61328125,20137.15625,21579.859375,23000,0,0,0,0,0,0,28710.5859375,30559.505859375,32456.341796875,34333.546875,36401.80078125,37322.6484375,39000,40984.96484375,42724.5546875,44230.30859375,45754.4140625,46690.3984375,47965.26953125,49555.02734375,51269.2109375,52643.44140625,53782.3828125,56536.91796875,60642.6953125,63284.59375,65257.74609375,66880.125,68298.8515625,69585.2734375,70790.4453125,71922.6875,72965.9609375,73911.3046875,74753.125,75487.390625,76110.5078125,76619.5390625,0,0,0,0,0,0,0,0,0,0,0,0,0,0,0,0,0,0,0,0,0,0,0,0,0,0,0,0,0,0,0,0
0,0,0,0,0,0,5594,55941,155941,255941,3386.004638671875,25,26,1985,1984,0,0,0,0,0,0,0,0,0,0,0,0,0,0,0,0,0,0,0,0,0,0,0,0,0,0,0,0,0,0,0,0,0,0,0,1,2,3,4,5,6,7,8,9,10,11,12,13,14,15,16,17,18,19,20,21,22,23,24,25,26,27,28,29,30,31,32,33,34,35,36,37,38,39,40,41,42,43,44,45,46,47,48,49,50,51,52,53,54,55,56,57,58,59,60,61,62,63,64,65,66,67,68,69,70,71,72,73,74,75,76,77,78,79,80,81,82,83,84,85,86,87,88,89,90,91,92,93,94,95,96,97,98,99,100,101,102,103,104,105,106,107,108,109,110,111,112,113,114,115,116,117,118,119,120,121,122,123,124,125,126,1,2,0,2035,2050,1,2010,0,0,0,0,0,0,0,0,0,0,0,0,0,0,0,0,0,0,0,0,0,0,0,0,0,0,0,0,0,0,0,0,0,0,0,0,0,0,0,0,0,0,0,0,0,0,0,0,0,0,0,0,0,0,0,0,29929.919921875,32466.623046875,34054.12890625,36400,39125.13671875,41711.84375,44157.8984375,46707.14453125,48729.9453125,51176.34765625,54045.48828125,57149.68359375,59971.1796875,62608.76953125,67248.1875,73694.578125,78563.2265625,82751.1015625,86619.328125,90336.4296875,93984.171875,97623.75,101261.8828125,104870.9609375,108431.9375,111928.9296875,115347.9296875,118674.78125,121895.3359375,35305.984375,36144.0234375,36940.57421875,37692.11328125,38395.1171875,39046.34765625,39642.7578125,40181.515625,40660.015625,41075.9765625,41427.3828125,41712.51953125,41929.95703125,42078.58984375,42157.71875,0,0,0,0,0,0,0,0,0,0,0,0,0,0,0,0,0
0,0,0,0,0,0,5594,55941,255941,155941,3386.004638671875,26,25,1984,1985,0,0,0,0,0,0,0,0,0,0,0,0,0,0,0,0,0,0,0,0,0,0,0,0,0,0,0,0,0,0,0,0,0,0,1,2,3,4,5,6,7,8,9,10,11,12,13,14,15,16,17,18,19,20,21,22,23,24,25,26,27,28,29,30,31,32,33,34,35,36,37,38,39,40,41,42,43,44,45,46,47,48,49,50,51,52,53,54,55,56,57,58,59,60,61,62,63,64,65,66,67,68,69,70,71,72,73,74,75,76,77,78,79,80,81,82,83,84,85,86,87,88,89,90,91,92,93,94,95,96,97,98,99,100,101,102,103,104,105,106,107,108,109,110,111,112,113,114,115,116,117,118,119,120,121,122,123,124,125,126,127,2,1,0,9999,9999,2,2010,0,0,0,0,0,0,0,0,0,0,0,0,0,0,0,0,0,0,0,0,0,0,0,0,0,0,0,0,0,0,0,0,0,0,0,0,0,0,0,0,0,0,0,0,0,0,0,0,0,0,18200,9372.1162109375,10148.896484375,11012.7744140625,11976.76171875,12995.3388671875,14042.9033203125,15207.8349609375,4498.12353515625,4800,18235.68359375,19409.060546875,20513.154296875,21661.38671875,22562.009765625,23655.365234375,24940.1328125,26328.859375,27582.88671875,28748.23828125,30827.275390625,33726.32421875,35894.81640625,37745.45703125,39444.375,41068.80859375,42656.26171875,44234.59765625,45806.96484375,47360.87109375,48887.76171875,50380.703125,51833.5078125,53240.01171875,54594.09765625,55889.86328125,57121.56640625,58283.58203125,59370.6171875,60377.62109375,61299.83984375,62132.91015625,62872.78125,63516.01171875,64059.34765625,64500.1953125,64836.33203125,65066.1875,65188.5078125,65202.74609375,65108.765625,64907.11328125,64598.6640625,64185.01953125,63941.58984375,63593.40625,63142.13671875,62590.12109375,61939.9453125,0,0,0,0,0,0,0,0
0,0,0,0,0,0,5594,55942,155942,255942,3365.29345703125,25,26,1985,1984,0,0,0,0,0,0,0,0,0,0,0,0,0,0,0,0,0,0,0,0,0,0,0,0,0,0,0,0,0,0,0,0,0,0,0,1,2,3,4,5,6,7,8,9,10,11,12,13,14,15,16,17,18,19,20,21,22,23,24,25,26,27,28,29,30,31,32,33,34,35,36,37,38,39,40,41,42,43,44,45,46,47,48,49,50,51,52,53,54,55,56,57,58,59,60,61,62,63,64,65,66,67,68,69,70,71,72,73,74,75,76,77,78,79,80,81,82,83,84,85,86,87,88,89,90,91,92,93,94,95,96,97,98,99,100,101,102,103,104,105,106,107,108,109,110,111,112,113,114,115,116,117,118,119,120,121,122,123,124,125,126,1,2,0,2035,2050,1,2010,0,0,0,0,0,0,0,0,0,0,0,0,0,0,0,0,0,0,0,0,0,0,0,0,0,0,0,0,0,0,0,0,0,0,0,0,0,0,0,0,0,0,0,0,0,0,0,0,0,0,0,0,0,0,0,0,29929.919921875,32466.623046875,34054.12890625,36400,39125.13671875,41711.84375,44157.8984375,46707.14453125,48729.9453125,51176.34765625,54045.48828125,57149.68359375,59971.1796875,62608.76953125,67248.1875,73694.578125,78563.2265625,82751.1015625,86619.328125,90336.4296875,93984.171875,97623.75,101261.8828125,104870.9609375,108431.9375,111928.9296875,115347.9296875,118674.78125,121895.3359375,35305.984375,36144.0234375,36940.57421875,37692.11328125,38395.1171875,39046.34765625,39642.7578125,40181.515625,40660.015625,41075.9765625,41427.3828125,41712.51953125,41929.95703125,42078.58984375,42157.71875,0,0,0,0,0,0,0,0,0,0,0,0,0,0,0,0,0
0,0,0,0,0,0,5594,55942,255942,155942,3365.29345703125,26,25,1984,1985,0,0,0,0,0,0,0,0,0,0,0,0,0,0,0,0,0,0,0,0,0,0,0,0,0,0,0,0,0,0,0,0,0,0,1,2,3,4,5,6,7,8,9,10,11,12,13,14,15,16,17,18,19,20,21,22,23,24,25,26,27,28,29,30,31,32,33,34,35,36,37,38,39,40,41,42,43,44,45,46,47,48,49,50,51,52,53,54,55,56,57,58,59,60,61,62,63,64,65,66,67,68,69,70,71,72,73,74,75,76,77,78,79,80,81,82,83,84,85,86,87,88,89,90,91,92,93,94,95,96,97,98,99,100,101,102,103,104,105,106,107,108,109,110,111,112,113,114,115,116,117,118,119,120,121,122,123,124,125,126,127,2,1,0,9999,9999,2,2010,0,0,0,0,0,0,0,0,0,0,0,0,0,0,0,0,0,0,0,0,0,0,0,0,0,0,0,0,0,0,0,0,0,0,0,0,0,0,0,0,0,0,0,0,0,0,0,0,0,0,18200,9372.1162109375,10148.896484375,11012.7744140625,11976.76171875,12995.3388671875,14042.9033203125,15207.8349609375,4498.12353515625,4800,18235.68359375,19409.060546875,20513.154296875,21661.38671875,22562.009765625,23655.365234375,24940.1328125,26328.859375,27582.88671875,28748.23828125,30827.275390625,33726.32421875,35894.81640625,37745.45703125,39444.375,41068.80859375,42656.26171875,44234.59765625,45806.96484375,47360.87109375,48887.76171875,50380.703125,51833.5078125,53240.01171875,54594.09765625,55889.86328125,57121.56640625,58283.58203125,59370.6171875,60377.62109375,61299.83984375,62132.91015625,62872.78125,63516.01171875,64059.34765625,64500.1953125,64836.33203125,65066.1875,65188.5078125,65202.74609375,65108.765625,64907.11328125,64598.6640625,64185.01953125,63941.58984375,63593.40625,63142.13671875,62590.12109375,61939.9453125,0,0,0,0,0,0,0,0
0,0,0,0,0,0,5594,55943,155943,255943,3359.434814453125,25,26,1985,1984,0,0,0,0,0,0,0,0,0,0,0,0,0,0,0,0,0,0,0,0,0,0,0,0,0,0,0,0,0,0,0,0,0,0,0,1,2,3,4,5,6,7,8,9,10,11,12,13,14,15,16,17,18,19,20,21,22,23,24,25,26,27,28,29,30,31,32,33,34,35,36,37,38,39,40,41,42,43,44,45,46,47,48,49,50,51,52,53,54,55,56,57,58,59,60,61,62,63,64,65,66,67,68,69,70,71,72,73,74,75,76,77,78,79,80,81,82,83,84,85,86,87,88,89,90,91,92,93,94,95,96,97,98,99,100,101,102,103,104,105,106,107,108,109,110,111,112,113,114,115,116,117,118,119,120,121,122,123,124,125,126,1,2,0,2035,2050,1,2010,0,0,0,0,0,0,0,0,0,0,0,0,0,0,0,0,0,0,0,0,0,0,0,0,0,0,0,0,0,0,0,0,0,0,0,0,0,0,0,0,0,0,0,0,0,0,0,0,0,0,0,0,0,0,0,0,29929.919921875,32466.623046875,34054.12890625,36400,39125.13671875,41711.84375,44157.8984375,46707.14453125,48729.9453125,51176.34765625,54045.48828125,57149.68359375,59971.1796875,62608.76953125,67248.1875,73694.578125,78563.2265625,82751.1015625,86619.328125,90336.4296875,93984.171875,97623.75,101261.8828125,104870.9609375,108431.9375,111928.9296875,115347.9296875,118674.78125,121895.3359375,35305.984375,36144.0234375,36940.57421875,37692.11328125,38395.1171875,39046.34765625,39642.7578125,40181.515625,40660.015625,41075.9765625,41427.3828125,41712.51953125,41929.95703125,42078.58984375,42157.71875,0,0,0,0,0,0,0,0,0,0,0,0,0,0,0,0,0
0,0,0,0,0,0,5594,55943,255943,155943,3359.434814453125,26,25,1984,1985,0,0,0,0,0,0,0,0,0,0,0,0,0,0,0,0,0,0,0,0,0,0,0,0,0,0,0,0,0,0,0,0,0,0,1,2,3,4,5,6,7,8,9,10,11,12,13,14,15,16,17,18,19,20,21,22,23,24,25,26,27,28,29,30,31,32,33,34,35,36,37,38,39,40,41,42,43,44,45,46,47,48,49,50,51,52,53,54,55,56,57,58,59,60,61,62,63,64,65,66,67,68,69,70,71,72,73,74,75,76,77,78,79,80,81,82,83,84,85,86,87,88,89,90,91,92,93,94,95,96,97,98,99,100,101,102,103,104,105,106,107,108,109,110,111,112,113,114,115,116,117,118,119,120,121,122,123,124,125,126,127,2,1,0,9999,9999,2,2010,0,0,0,0,0,0,0,0,0,0,0,0,0,0,0,0,0,0,0,0,0,0,0,0,0,0,0,0,0,0,0,0,0,0,0,0,0,0,0,0,0,0,0,0,0,0,0,0,0,0,18200,7246.27197265625,7846.8583984375,8514.7861328125,9260.1240234375,10047.65234375,10857.6015625,11758.2958984375,3477.830078125,4800,14099.3623046875,19409.060546875,20513.154296875,21661.38671875,22562.009765625,23655.365234375,24940.1328125,26328.859375,27582.88671875,28748.23828125,30827.275390625,33726.32421875,35894.81640625,37745.45703125,39444.375,41068.80859375,42656.26171875,44234.59765625,45806.96484375,47360.87109375,48887.76171875,50380.703125,51833.5078125,53240.01171875,54594.09765625,55889.86328125,57121.56640625,58283.58203125,59370.6171875,60377.62109375,61299.83984375,62132.91015625,62872.78125,63516.01171875,64059.34765625,64500.1953125,64836.33203125,65066.1875,65188.5078125,65202.74609375,65108.765625,64907.11328125,64598.6640625,64185.01953125,63941.58984375,63593.40625,63142.13671875,62590.12109375,61939.9453125,0,0,0,0,0,0,0,0
0,0,0,0,0,0,5594,55944,155944,255944,3404.45361328125,25,26,1985,1984,0,0,0,0,0,0,0,0,0,0,0,0,0,0,0,0,0,0,0,0,0,0,0,0,0,0,0,0,0,0,0,0,0,0,0,1,2,3,4,5,6,7,8,9,10,11,12,13,14,15,16,17,18,19,20,21,22,23,24,25,26,27,28,29,30,31,32,33,34,35,36,37,38,39,40,41,42,43,44,45,46,47,48,49,50,51,52,53,54,55,56,57,58,59,60,61,62,63,64,65,66,67,68,69,70,71,72,73,74,75,76,77,78,79,80,81,82,83,84,85,86,87,88,89,90,91,92,93,94,95,96,97,98,99,100,101,102,103,104,105,106,107,108,109,110,111,112,113,114,115,116,117,118,119,120,121,122,123,124,125,126,1,2,0,2035,2050,1,2010,0,0,0,0,0,0,0,0,0,0,0,0,0,0,0,0,0,0,0,0,0,0,0,0,0,0,0,0,0,0,0,0,0,0,0,0,0,0,0,0,0,0,0,0,0,0,0,0,0,0,0,0,0,0,0,0,29929.919921875,32466.623046875,34054.12890625,36400,39125.13671875,41711.84375,44157.8984375,46707.14453125,48729.9453125,51176.34765625,54045.48828125,57149.68359375,59971.1796875,62608.76953125,67248.1875,73694.578125,78563.2265625,82751.1015625,86619.328125,90336.4296875,93984.171875,97623.75,101261.8828125,104870.9609375,108431.9375,111928.9296875,115347.9296875,118674.78125,121895.3359375,35305.984375,36144.0234375,36940.57421875,37692.11328125,38395.1171875,39046.34765625,39642.7578125,40181.515625,40660.015625,41075.9765625,41427.3828125,41712.51953125,41929.95703125,42078.58984375,42157.71875,0,0,0,0,0,0,0,0,0,0,0,0,0,0,0,0,0
0,0,0,0,0,0,5594,55944,255944,155944,3404.45361328125,26,25,1984,1985,0,0,0,0,0,0,0,0,0,0,0,0,0,0,0,0,0,0,0,0,0,0,0,0,0,0,0,0,0,0,0,0,0,0,1,2,3,4,5,6,7,8,9,10,11,12,13,14,15,16,17,18,19,20,21,22,23,24,25,26,27,28,29,30,31,32,33,34,35,36,37,38,39,40,41,42,43,44,45,46,47,48,49,50,51,52,53,54,55,56,57,58,59,60,61,62,63,64,65,66,67,68,69,70,71,72,73,74,75,76,77,78,79,80,81,82,83,84,85,86,87,88,89,90,91,92,93,94,95,96,97,98,99,100,101,102,103,104,105,106,107,108,109,110,111,112,113,114,115,116,117,118,119,120,121,122,123,124,125,126,127,2,1,0,9999,9999,2,2010,0,0,0,0,0,0,0,0,0,0,0,0,0,0,0,0,0,0,0,0,0,0,0,0,0,0,0,0,0,0,0,0,0,0,0,0,0,0,0,0,0,0,0,0,0,0,0,0,0,0,18200,9372.1162109375,10148.896484375,11012.7744140625,11976.76171875,12995.3388671875,14042.9033203125,15207.8349609375,4498.12353515625,4800,18235.68359375,19409.060546875,20513.154296875,21661.38671875,22562.009765625,23655.365234375,24940.1328125,26328.859375,27582.88671875,28748.23828125,30827.275390625,33726.32421875,35894.81640625,37745.45703125,39444.375,41068.80859375,42656.26171875,44234.59765625,45806.96484375,47360.87109375,48887.76171875,50380.703125,51833.5078125,53240.01171875,54594.09765625,55889.86328125,57121.56640625,58283.58203125,59370.6171875,60377.62109375,61299.83984375,62132.91015625,62872.78125,63516.01171875,64059.34765625,64500.1953125,64836.33203125,65066.1875,65188.5078125,65202.74609375,65108.765625,64907.11328125,64598.6640625,64185.01953125,63941.58984375,63593.40625,63142.13671875,62590.12109375,61939.9453125,0,0,0,0,0,0,0,0
0,0,0,0,0,0,5594,55945,155945,255945,3363.5869140625,25,26,1985,1984,0,0,0,0,0,0,0,0,0,0,0,0,0,0,0,0,0,0,0,0,0,0,0,0,0,0,0,0,0,0,0,0,0,0,0,1,2,3,4,5,6,7,8,9,10,11,12,13,14,15,16,17,18,19,20,21,22,23,24,25,26,27,28,29,30,31,32,33,34,35,36,37,38,39,40,41,42,43,44,45,46,47,48,49,50,51,52,53,54,55,56,57,58,59,60,61,62,63,64,65,66,67,68,69,70,71,72,73,74,75,76,77,78,79,80,81,82,83,84,85,86,87,88,89,90,91,92,93,94,95,96,97,98,99,100,101,102,103,104,105,106,107,108,109,110,111,112,113,114,115,116,117,118,119,120,121,122,123,124,125,126,1,2,0,2035,2050,1,2010,0,0,0,0,0,0,0,0,0,0,0,0,0,0,0,0,0,0,0,0,0,0,0,0,0,0,0,0,0,0,0,0,0,0,0,0,0,0,0,0,0,0,0,0,0,0,0,0,0,0,0,0,0,0,0,0,29929.919921875,32466.623046875,34054.12890625,36400,39125.13671875,41711.84375,44157.8984375,46707.14453125,48729.9453125,51176.34765625,54045.48828125,57149.68359375,59971.1796875,62608.76953125,67248.1875,73694.578125,78563.2265625,82751.1015625,86619.328125,90336.4296875,93984.171875,97623.75,101261.8828125,104870.9609375,108431.9375,111928.9296875,115347.9296875,118674.78125,121895.3359375,35305.984375,36144.0234375,36940.57421875,37692.11328125,38395.1171875,39046.34765625,39642.7578125,40181.515625,40660.015625,41075.9765625,41427.3828125,41712.51953125,41929.95703125,42078.58984375,42157.71875,0,0,0,0,0,0,0,0,0,0,0,0,0,0,0,0,0
0,0,0,0,0,0,5594,55945,255945,155945,3363.5869140625,26,25,1984,1985,0,0,0,0,0,0,0,0,0,0,0,0,0,0,0,0,0,0,0,0,0,0,0,0,0,0,0,0,0,0,0,0,0,0,1,2,3,4,5,6,7,8,9,10,11,12,13,14,15,16,17,18,19,20,21,22,23,24,25,26,27,28,29,30,31,32,33,34,35,36,37,38,39,40,41,42,43,44,45,46,47,48,49,50,51,52,53,54,55,56,57,58,59,60,61,62,63,64,65,66,67,68,69,70,71,72,73,74,75,76,77,78,79,80,81,82,83,84,85,86,87,88,89,90,91,92,93,94,95,96,97,98,99,100,101,102,103,104,105,106,107,108,109,110,111,112,113,114,115,116,117,118,119,120,121,122,123,124,125,126,127,2,1,0,9999,9999,2,2010,0,0,0,0,0,0,0,0,0,0,0,0,0,0,0,0,0,0,0,0,0,0,0,0,0,0,0,0,0,0,0,0,0,0,0,0,0,0,0,0,0,0,0,0,0,0,0,0,0,0,18200,7246.27197265625,7846.8583984375,8514.7861328125,9260.1240234375,10047.65234375,10857.6015625,11758.2958984375,3477.830078125,4800,14099.3623046875,19409.060546875,20513.154296875,21661.38671875,22562.009765625,23655.365234375,24940.1328125,26328.859375,27582.88671875,28748.23828125,30827.275390625,33726.32421875,35894.81640625,37745.45703125,39444.375,41068.80859375,42656.26171875,44234.59765625,45806.96484375,47360.87109375,48887.76171875,50380.703125,51833.5078125,53240.01171875,54594.09765625,55889.86328125,57121.56640625,58283.58203125,59370.6171875,60377.62109375,61299.83984375,62132.91015625,62872.78125,63516.01171875,64059.34765625,64500.1953125,64836.33203125,65066.1875,65188.5078125,65202.74609375,65108.765625,64907.11328125,64598.6640625,64185.01953125,63941.58984375,63593.40625,63142.13671875,62590.12109375,61939.9453125,0,0,0,0,0,0,0,0
0,0,0,0,0,0,6195,61951,161951,261951,4019.580810546875,51,56,1959,1954,0,0,0,0,0,0,0,0,0,1,2,3,4,5,6,7,8,9,10,11,12,13,14,15,16,17,18,19,20,21,22,23,24,25,26,27,28,29,30,31,32,33,34,35,36,37,38,39,40,41,42,43,44,45,46,47,48,49,50,51,52,53,54,55,56,57,58,59,60,61,62,63,64,65,66,67,68,69,70,71,72,73,74,75,76,77,78,79,80,81,82,83,84,85,86,87,88,89,90,91,92,93,94,95,96,97,98,99,100,101,102,103,104,105,106,107,108,109,110,111,112,113,114,115,116,117,118,119,120,121,122,123,124,125,126,127,128,129,130,131,132,133,134,135,136,137,138,139,140,141,142,143,144,145,146,147,148,149,150,151,152,1,2,1,2024,2029,1,2010,0,0,0,0,0,0,0,0,0,0,0,0,0,0,0,0,0,0,0,0,0,0,0,0,0,0,0,0,0,0,0,0,0,0,0,0,0,0,0,0,0,0,14017.6494140625,16484.453125,17332.564453125,18201.740234375,19010.404296875,19639.98828125,20391.78515625,21362.609375,22230.544921875,22941.232421875,23821.552734375,24789.30859375,25856.388671875,26910.41015625,27895.78515625,28982.935546875,29120,0,30707.30078125,31368.53515625,31822.640625,32258.787109375,32258.35546875,32474.3984375,32877.67578125,33332.60546875,33539.4609375,33577.70703125,34589.375,36357.015625,37179.7890625,37569.94921875,10621.322265625,10629.0419921875,10612.0107421875,10579.2314453125,10532.818359375,0,0,0,0,0,0,0,0,0,0,0,0,0,0,0,0,0,0,0,0,0,0,0,0,0,0,0,0,0,0,0,0,0,0,0,0,0,0
0,0,0,0,0,0,6195,61951,261951,161951,4019.580810546875,56,51,1954,1959,0,0,0,0,1,2,3,4,5,6,7,8,9,10,11,12,13,14,15,16,17,18,19,20,21,22,23,24,25,26,27,28,29,30,31,32,33,34,35,36,37,38,39,40,41,42,43,44,45,46,47,48,49,50,51,52,53,54,55,56,57,58,59,60,61,62,63,64,65,66,67,68,69,70,71,72,73,74,75,76,77,78,79,80,81,82,83,84,85,86,87,88,89,90,91,92,93,94,95,96,97,98,99,100,101,102,103,104,105,106,107,108,109,110,111,112,113,114,115,116,117,118,119,120,121,122,123,124,125,126,127,128,129,130,131,132,133,134,135,136,137,138,139,140,141,142,143,144,145,146,147,148,149,150,151,152,153,154,155,156,157,2,1,1,2016,2016,2,2010,0,0,0,0,0,0,0,0,0,0,0,0,0,0,0,0,0,0,0,0,0,0,0,0,0,0,0,0,0,0,0,0,0,0,0,0,0,0,0,0,0,0,0,0,0,0,0,0,0,0,0,0,0,0,20440.865234375,21108.97265625,21712.044921875,22383.060546875,22314.296875,22672,23166.689453125,23481.806640625,23636.80859375,23774.751953125,23589.849609375,23563.45703125,0,0,0,0,0,0,0,0,0,0,0,0,0,0,0,0,0,0,0,0,0,0,0,0,0,0,0,0,0,0,0,0,0,0,0,0,0,0,0,0,0,0,0,0,0,0,0,0,0,0,0
0,0,0,0,0,0,6195,61952,161952,261952,4056.898681640625,51,56,1959,1954,0,0,0,0,0,0,0,0,0,1,2,3,4,5,6,7,8,9,10,11,12,13,14,15,16,17,18,19,20,21,22,23,24,25,26,27,28,29,30,31,32,33,34,35,36,37,38,39,40,41,42,43,44,45,46,47,48,49,50,51,52,53,54,55,56,57,58,59,60,61,62,63,64,65,66,67,68,69,70,71,72,73,74,75,76,77,78,79,80,81,82,83,84,85,86,87,88,89,90,91,92,93,94,95,96,97,98,99,100,101,102,103,104,105,106,107,108,109,110,111,112,113,114,115,116,117,118,119,120,121,122,123,124,125,126,127,128,129,130,131,132,133,134,135,136,137,138,139,140,141,142,143,144,145,146,147,148,149,150,151,152,1,2,1,2024,2029,1,2010,0,0,0,0,0,0,0,0,0,0,0,0,0,0,0,0,0,0,0,0,0,0,0,0,0,0,0,0,0,0,0,0,0,0,0,0,0,0,0,0,0,0,14017.6494140625,16484.453125,17332.564453125,18201.740234375,19010.404296875,19639.98828125,20391.78515625,21362.609375,22230.544921875,22941.232421875,23821.552734375,24789.30859375,25856.388671875,26910.41015625,27895.78515625,28982.935546875,29120,0,30707.30078125,31368.53515625,31822.640625,32258.787109375,32258.35546875,32474.3984375,32877.67578125,33332.60546875,33539.4609375,33577.70703125,34589.375,36357.015625,37179.7890625,37569.94921875,10621.322265625,10629.0419921875,10612.0107421875,10579.2314453125,10532.818359375,0,0,0,0,0,0,0,0,0,0,0,0,0,0,0,0,0,0,0,0,0,0,0,0,0,0,0,0,0,0,0,0,0,0,0,0,0,0
0,0,0,0,0,0,6195,61952,261952,161952,4056.898681640625,56,51,1954,1959,0,0,0,0,1,2,3,4,5,6,7,8,9,10,11,12,13,14,15,16,17,18,19,20,21,22,23,24,25,26,27,28,29,30,31,32,33,34,35,36,37,38,39,40,41,42,43,44,45,46,47,48,49,50,51,52,53,54,55,56,57,58,59,60,61,62,63,64,65,66,67,68,69,70,71,72,73,74,75,76,77,78,79,80,81,82,83,84,85,86,87,88,89,90,91,92,93,94,95,96,97,98,99,100,101,102,103,104,105,106,107,108,109,110,111,112,113,114,115,116,117,118,119,120,121,122,123,124,125,126,127,128,129,130,131,132,133,134,135,136,137,138,139,140,141,142,143,144,145,146,147,148,149,150,151,152,153,154,155,156,157,2,1,1,2016,2016,2,2010,0,0,0,0,0,0,0,0,0,0,0,0,0,0,0,0,0,0,0,0,0,0,0,0,0,0,0,0,0,0,0,0,0,0,0,0,0,0,0,0,0,0,0,0,0,0,0,0,0,0,0,0,0,0,20440.865234375,21108.97265625,21712.044921875,22383.060546875,22314.296875,22672,23166.689453125,23481.806640625,23636.80859375,23774.751953125,23589.849609375,23563.45703125,0,0,0,0,0,0,0,0,0,0,0,0,0,0,0,0,0,0,0,0,0,0,0,0,0,0,0,0,0,0,0,0,0,0,0,0,0,0,0,0,0,0,0,0,0,0,0,0,0,0,0
0,0,0,0,0,0,6195,61953,161953,261953,4044.672607421875,51,56,1959,1954,0,0,0,0,0,0,0,0,0,1,2,3,4,5,6,7,8,9,10,11,12,13,14,15,16,17,18,19,20,21,22,23,24,25,26,27,28,29,30,31,32,33,34,35,36,37,38,39,40,41,42,43,44,45,46,47,48,49,50,51,52,53,54,55,56,57,58,59,60,61,62,63,64,65,66,67,68,69,70,71,72,73,74,75,76,77,78,79,80,81,82,83,84,85,86,87,88,89,90,91,92,93,94,95,96,97,98,99,100,101,102,103,104,105,106,107,108,109,110,111,112,113,114,115,116,117,118,119,120,121,122,123,124,125,126,127,128,129,130,131,132,133,134,135,136,137,138,139,140,141,142,143,144,145,146,147,148,149,150,151,152,1,2,1,2024,2029,1,2010,0,0,0,0,0,0,0,0,0,0,0,0,0,0,0,0,0,0,0,0,0,0,0,0,0,0,0,0,0,0,0,0,0,0,0,0,0,0,0,0,0,0,14017.6494140625,16484.453125,17332.564453125,18201.740234375,19010.404296875,19639.98828125,20391.78515625,21362.609375,22230.544921875,22941.232421875,23821.552734375,24789.30859375,25856.388671875,26910.41015625,27895.78515625,28982.935546875,29120,0,30707.30078125,31368.53515625,31822.640625,32258.787109375,32258.35546875,32474.3984375,32877.67578125,33332.60546875,33539.4609375,33577.70703125,34589.375,36357.015625,37179.7890625,37569.94921875,10621.322265625,10629.0419921875,10612.0107421875,10579.2314453125,10532.818359375,0,0,0,0,0,0,0,0,0,0,0,0,0,0,0,0,0,0,0,0,0,0,0,0,0,0,0,0,0,0,0,0,0,0,0,0,0,0
0,0,0,0,0,0,6195,61953,261953,161953,4044.672607421875,56,51,1954,1959,0,0,0,0,1,2,3,4,5,6,7,8,9,10,11,12,13,14,15,16,17,18,19,20,21,22,23,24,25,26,27,28,29,30,31,32,33,34,35,36,37,38,39,40,41,42,43,44,45,46,47,48,49,50,51,52,53,54,55,56,57,58,59,60,61,62,63,64,65,66,67,68,69,70,71,72,73,74,75,76,77,78,79,80,81,82,83,84,85,86,87,88,89,90,91,92,93,94,95,96,97,98,99,100,101,102,103,104,105,106,107,108,109,110,111,112,113,114,115,116,117,118,119,120,121,122,123,124,125,126,127,128,129,130,131,132,133,134,135,136,137,138,139,140,141,142,143,144,145,146,147,148,149,150,151,152,153,154,155,156,157,2,1,1,2016,2016,2,2010,0,0,0,0,0,0,0,0,0,0,0,0,0,0,0,0,0,0,0,0,0,0,0,0,0,0,0,0,0,0,0,0,0,0,0,0,0,0,0,0,0,0,0,0,0,0,0,0,0,0,0,0,0,0,20440.865234375,21108.97265625,21712.044921875,22383.060546875,22314.296875,22672,23166.689453125,23481.806640625,23636.80859375,23774.751953125,23589.849609375,23563.45703125,0,0,0,0,0,0,0,0,0,0,0,0,0,0,0,0,0,0,0,0,0,0,0,0,0,0,0,0,0,0,0,0,0,0,0,0,0,0,0,0,0,0,0,0,0,0,0,0,0,0,0
0,0,0,0,0,0,6195,61954,161954,261954,3929.51904296875,51,56,1959,1954,0,0,0,0,0,0,0,0,0,1,2,3,4,5,6,7,8,9,10,11,12,13,14,15,16,17,18,19,20,21,22,23,24,25,26,27,28,29,30,31,32,33,34,35,36,37,38,39,40,41,42,43,44,45,46,47,48,49,50,51,52,53,54,55,56,57,58,59,60,61,62,63,64,65,66,67,68,69,70,71,72,73,74,75,76,77,78,79,80,81,82,83,84,85,86,87,88,89,90,91,92,93,94,95,96,97,98,99,100,101,102,103,104,105,106,107,108,109,110,111,112,113,114,115,116,117,118,119,120,121,122,123,124,125,126,127,128,129,130,131,132,133,134,135,136,137,138,139,140,141,142,143,144,145,146,147,148,149,150,151,152,1,2,1,2024,2029,1,2010,0,0,0,0,0,0,0,0,0,0,0,0,0,0,0,0,0,0,0,0,0,0,0,0,0,0,0,0,0,0,0,0,0,0,0,0,0,0,0,0,0,0,14017.6494140625,16484.453125,17332.564453125,18201.740234375,19010.404296875,19639.98828125,20391.78515625,21362.609375,22230.544921875,22941.232421875,23821.552734375,24789.30859375,25856.388671875,26910.41015625,27895.78515625,28982.935546875,29120,0,30707.30078125,31368.53515625,31822.640625,32258.787109375,32258.35546875,32474.3984375,32877.67578125,33332.60546875,33539.4609375,33577.70703125,34589.375,36357.015625,37179.7890625,37569.94921875,10621.322265625,10629.0419921875,10612.0107421875,10579.2314453125,10532.818359375,0,0,0,0,0,0,0,0,0,0,0,0,0,0,0,0,0,0,0,0,0,0,0,0,0,0,0,0,0,0,0,0,0,0,0,0,0,0
0,0,0,0,0,0,6195,61954,261954,161954,3929.51904296875,56,51,1954,1959,0,0,0,0,1,2,3,4,5,6,7,8,9,10,11,12,13,14,15,16,17,18,19,20,21,22,23,24,25,26,27,28,29,30,31,32,33,34,35,36,37,38,39,40,41,42,43,44,45,46,47,48,49,50,51,52,53,54,55,56,57,58,59,60,61,62,63,64,65,66,67,68,69,70,71,72,73,74,75,76,77,78,79,80,81,82,83,84,85,86,87,88,89,90,91,92,93,94,95,96,97,98,99,100,101,102,103,104,105,106,107,108,109,110,111,112,113,114,115,116,117,118,119,120,121,122,123,124,125,126,127,128,129,130,131,132,133,134,135,136,137,138,139,140,141,142,143,144,145,146,147,148,149,150,151,152,153,154,155,156,157,2,1,1,2016,2016,2,2010,0,0,0,0,0,0,0,0,0,0,0,0,0,0,0,0,0,0,0,0,0,0,0,0,0,0,0,0,0,0,0,0,0,0,0,0,0,0,0,0,0,0,0,0,0,0,0,0,0,0,0,0,0,0,20440.865234375,21108.97265625,21712.044921875,22383.060546875,22314.296875,22672,23166.689453125,23481.806640625,23636.80859375,23774.751953125,23589.849609375,23563.45703125,0,0,0,0,0,0,0,0,0,0,0,0,0,0,0,0,0,0,0,0,0,0,0,0,0,0,0,0,0,0,0,0,0,0,0,0,0,0,0,0,0,0,0,0,0,0,0,0,0,0,0
0,0,0,0,0,0,6195,61955,161955,261955,4014.64501953125,51,56,1959,1954,0,0,0,0,0,0,0,0,0,1,2,3,4,5,6,7,8,9,10,11,12,13,14,15,16,17,18,19,20,21,22,23,24,25,26,27,28,29,30,31,32,33,34,35,36,37,38,39,40,41,42,43,44,45,46,47,48,49,50,51,52,53,54,55,56,57,58,59,60,61,62,63,64,65,66,67,68,69,70,71,72,73,74,75,76,77,78,79,80,81,82,83,84,85,86,87,88,89,90,91,92,93,94,95,96,97,98,99,100,101,102,103,104,105,106,107,108,109,110,111,112,113,114,115,116,117,118,119,120,121,122,123,124,125,126,127,128,129,130,131,132,133,134,135,136,137,138,139,140,141,142,143,144,145,146,147,148,149,150,151,152,1,2,1,2024,2029,1,2010,0,0,0,0,0,0,0,0,0,0,0,0,0,0,0,0,0,0,0,0,0,0,0,0,0,0,0,0,0,0,0,0,0,0,0,0,0,0,0,0,0,0,14017.6494140625,16484.453125,17332.564453125,18201.740234375,19010.404296875,19639.98828125,20391.78515625,21362.609375,22230.544921875,22941.232421875,23821.552734375,24789.30859375,25856.388671875,26910.41015625,27895.78515625,28982.935546875,29120,0,30707.30078125,31368.53515625,31822.640625,32258.787109375,32258.35546875,32474.3984375,32877.67578125,33332.60546875,33539.4609375,33577.70703125,34589.375,36357.015625,37179.7890625,37569.94921875,10621.322265625,10629.0419921875,10612.0107421875,10579.2314453125,10532.818359375,0,0,0,0,0,0,0,0,0,0,0,0,0,0,0,0,0,0,0,0,0,0,0,0,0,0,0,0,0,0,0,0,0,0,0,0,0,0
0,0,0,0,0,0,6195,61955,261955,161955,4014.64501953125,56,51,1954,1959,0,0,0,0,1,2,3,4,5,6,7,8,9,10,11,12,13,14,15,16,17,18,19,20,21,22,23,24,25,26,27,28,29,30,31,32,33,34,35,36,37,38,39,40,41,42,43,44,45,46,47,48,49,50,51,52,53,54,55,56,57,58,59,60,61,62,63,64,65,66,67,68,69,70,71,72,73,74,75,76,77,78,79,80,81,82,83,84,85,86,87,88,89,90,91,92,93,94,95,96,97,98,99,100,101,102,103,104,105,106,107,108,109,110,111,112,113,114,115,116,117,118,119,120,121,122,123,124,125,126,127,128,129,130,131,132,133,134,135,136,137,138,139,140,141,142,143,144,145,146,147,148,149,150,151,152,153,154,155,156,157,2,1,1,2016,2016,2,2010,0,0,0,0,0,0,0,0,0,0,0,0,0,0,0,0,0,0,0,0,0,0,0,0,0,0,0,0,0,0,0,0,0,0,0,0,0,0,0,0,0,0,0,0,0,0,0,0,0,0,0,0,0,0,20440.865234375,21108.97265625,21712.044921875,22383.060546875,22314.296875,22672,23166.689453125,23481.806640625,23636.80859375,23774.751953125,23589.849609375,23563.45703125,0,0,0,0,0,0,0,0,0,0,0,0,0,0,0,0,0,0,0,0,0,0,0,0,0,0,0,0,0,0,0,0,0,0,0,0,0,0,0,0,0,0,0,0,0,0,0,0,0,0,0
