X5304,X5306,X5307,X5309,X5311,X5312,YY1,Y1,V1,V3,wgt,age,ages,BIRTHYR,BIRTHYRs,age1951,age1952,age1953,age1954,age1955,age1956,age1957,age1958,age1959,age1960,age1961,age1962,age1963,age1964,age1965,age1966,age1967,age1968,age1969,age1970,age1971,age1972,age1973,age1974,age1975,age1976,age1977,age1978,age1979,age1980,age1981,age1982,age1983,age1984,age1985,age1986,age1987,age1988,age1989,age1990,age1991,age1992,age1993,age1994,age1995,age1996,age1997,age1998,age1999,age2000,age2001,age2002,age2003,age2004,age2005,age2006,age2007,age2008,age2009,age2010,age2011,age2012,age2013,age2014,age2015,age2016,age2017,age2018,age2019,age2020,age2021,age2022,age2023,age2024,age2025,age2026,age2027,age2028,age2029,age2030,age2031,age2032,age2033,age2034,age2035,age2036,age2037,age2038,age2039,age2040,age2041,age2042,age2043,age2044,age2045,age2046,age2047,age2048,age2049,age2050,age2051,age2052,age2053,age2054,age2055,age2056,age2057,age2058,age2059,age2060,age2061,age2062,age2063,age2064,age2065,age2066,age2067,age2068,age2069,age2070,age2071,age2072,age2073,age2074,age2075,age2076,age2077,age2078,age2079,age2080,age2081,age2082,age2083,age2084,age2085,age2086,age2087,age2088,age2089,age2090,age2091,age2092,age2093,age2094,age2095,age2096,age2097,age2098,age2099,age2100,age2101,age2102,age2103,age2104,age2105,age2106,age2107,age2108,age2109,age2110,age2111,age2112,age2113,age2114,age2115,age2116,age2117,sex,sexs,marital,willstopworkFT,willstopworkALL,rstat,year,EARN1951,EARN1952,EARN1953,EARN1954,EARN1955,EARN1956,EARN1957,EARN1958,EARN1959,EARN1960,EARN1961,EARN1962,EARN1963,EARN1964,EARN1965,EARN1966,EARN1967,EARN1968,EARN1969,EARN1970,EARN1971,EARN1972,EARN1973,EARN1974,EARN1975,EARN1976,EARN1977,EARN1978,EARN1979,EARN1980,EARN1981,EARN1982,EARN1983,EARN1984,EARN1985,EARN1986,EARN1987,EARN1988,EARN1989,EARN1990,EARN1991,EARN1992,EARN1993,EARN1994,EARN1995,EARN1996,EARN1997,EARN1998,EARN1999,EARN2000,EARN2001,EARN2002,EARN2003,EARN2004,EARN2005,EARN2006,EARN2007,EARN2008,EARN2009,EARN2010,EARN2011,EARN2012,EARN2013,EARN2014,EARN2015,EARN2016,EARN2017,EARN2018,EARN2019,EARN2020,EARN2021,EARN2022,EARN2023,EARN2024,EARN2025,EARN2026,EARN2027,EARN2028,EARN2029,EARN2030,EARN2031,EARN2032,EARN2033,EARN2034,EARN2035,EARN2036,EARN2037,EARN2038,EARN2039,EARN2040,EARN2041,EARN2042,EARN2043,EARN2044,EARN2045,EARN2046,EARN2047,EARN2048,EARN2049,EARN2050,EARN2051,EARN2052,EARN2053,EARN2054,EARN2055,EARN2056,EARN2057,EARN2058,EARN2059,EARN2060,EARN2061,EARN2062,EARN2063,EARN2064,EARN2065,EARN2066,EARN2067,EARN2068,EARN2069,EARN2070,EARN2071,EARN2072,EARN2073
1,900,4,0,0,0,12,121,100121,0,7344.10595703125,83,0,1933,0,18,19,20,21,22,23,24,25,26,27,28,29,30,31,32,33,34,35,36,37,38,39,40,41,42,43,44,45,46,47,48,49,50,51,52,53,54,55,56,57,58,59,60,61,62,63,64,65,66,67,68,69,70,71,72,73,74,75,76,77,78,79,80,81,82,83,84,85,86,87,88,89,90,91,92,93,94,95,96,97,98,99,100,101,102,103,104,105,106,107,108,109,110,111,112,113,114,115,116,117,118,119,120,121,122,123,124,125,126,127,128,129,130,131,132,133,134,135,136,137,138,139,140,141,142,143,144,145,146,147,148,149,150,151,152,153,154,155,156,157,158,159,160,161,162,163,164,165,166,167,168,169,170,171,172,173,174,175,176,177,178,179,180,181,182,183,184,2,0,0,,,1,2016,0,0,5532.38427734375,5881.05615234375,6213.80126953125,6659.953125,7200,0,0,0,0,0,0,0,0,0,0,0,0,0,0,0,0,0,0,0,0,0,0,0,0,0,0,0,0,0,0,0,0,0,0,0,0,0,0,0,0,65016.28515625,64823.875,65212.796875,65166.953125,64579.16015625,64393.8671875,64348.32421875,64452.45703125,64415.546875,64122.10546875,63974.9453125,0,0,0,0,0,0,0,0,0,0,0,0,0,0,0,0,0,0,0,0,0,0,0,0,0,0,0,0,0,0,0,0,0,0,0,0,0,0,0,0,0,0,0,0,0,0,0,0,0,0,0,0,0,0,0,0,0,0,0,0,0,0,0,0,0
1,900,4,0,0,0,12,122,100122,0,7352.29541015625,83,0,1933,0,18,19,20,21,22,23,24,25,26,27,28,29,30,31,32,33,34,35,36,37,38,39,40,41,42,43,44,45,46,47,48,49,50,51,52,53,54,55,56,57,58,59,60,61,62,63,64,65,66,67,68,69,70,71,72,73,74,75,76,77,78,79,80,81,82,83,84,85,86,87,88,89,90,91,92,93,94,95,96,97,98,99,100,101,102,103,104,105,106,107,108,109,110,111,112,113,114,115,116,117,118,119,120,121,122,123,124,125,126,127,128,129,130,131,132,133,134,135,136,137,138,139,140,141,142,143,144,145,146,147,148,149,150,151,152,153,154,155,156,157,158,159,160,161,162,163,164,165,166,167,168,169,170,171,172,173,174,175,176,177,178,179,180,181,182,183,184,2,0,0,,,1,2016,0,0,4979.14794921875,5292.953125,5592.423828125,5993.96044921875,6480,0,0,0,0,0,0,0,0,0,0,0,0,0,0,0,0,0,0,0,0,0,0,0,0,0,0,0,0,0,0,0,0,0,0,56187.91796875,57124.33203125,57756.90625,58316.37890625,58808.40625,58981.6171875,58514.6875,58341.515625,58691.546875,58650.28515625,58121.2734375,57954.5078125,57913.51953125,58007.23828125,57974.01953125,57709.921875,57577.4765625,0,0,0,0,0,0,0,0,0,0,0,0,0,0,0,0,0,0,0,0,0,0,0,0,0,0,0,0,0,0,0,0,0,0,0,0,0,0,0,0,0,0,0,0,0,0,0,0,0,0,0,0,0,0,0,0,0,0,0,0,0,0,0,0,0
1,900,4,0,0,0,12,123,100123,0,7354.763671875,83,0,1933,0,18,19,20,21,22,23,24,25,26,27,28,29,30,31,32,33,34,35,36,37,38,39,40,41,42,43,44,45,46,47,48,49,50,51,52,53,54,55,56,57,58,59,60,61,62,63,64,65,66,67,68,69,70,71,72,73,74,75,76,77,78,79,80,81,82,83,84,85,86,87,88,89,90,91,92,93,94,95,96,97,98,99,100,101,102,103,104,105,106,107,108,109,110,111,112,113,114,115,116,117,118,119,120,121,122,123,124,125,126,127,128,129,130,131,132,133,134,135,136,137,138,139,140,141,142,143,144,145,146,147,148,149,150,151,152,153,154,155,156,157,158,159,160,161,162,163,164,165,166,167,168,169,170,171,172,173,174,175,176,177,178,179,180,181,182,183,184,2,0,0,,,1,2016,0,0,5993.4169921875,6371.14501953125,6731.61865234375,7214.9501953125,7800,0,0,0,0,0,0,0,0,0,0,0,0,0,0,0,0,0,0,0,0,0,0,0,0,0,0,0,0,0,0,0,0,0,0,0,0,0,0,0,0,0,0,0,0,0,69760.03125,69710.6953125,69823.5,69783.515625,69465.625,69306.1953125,0,0,0,0,0,0,0,0,0,0,0,0,0,0,0,0,0,0,0,0,0,0,0,0,0,0,0,0,0,0,0,0,0,0,0,0,0,0,0,0,0,0,0,0,0,0,0,0,0,0,0,0,0,0,0,0,0,0,0,0,0,0,0,0,0
1,900,4,0,0,0,12,124,100124,0,7348.74755859375,83,0,1933,0,18,19,20,21,22,23,24,25,26,27,28,29,30,31,32,33,34,35,36,37,38,39,40,41,42,43,44,45,46,47,48,49,50,51,52,53,54,55,56,57,58,59,60,61,62,63,64,65,66,67,68,69,70,71,72,73,74,75,76,77,78,79,80,81,82,83,84,85,86,87,88,89,90,91,92,93,94,95,96,97,98,99,100,101,102,103,104,105,106,107,108,109,110,111,112,113,114,115,116,117,118,119,120,121,122,123,124,125,126,127,128,129,130,131,132,133,134,135,136,137,138,139,140,141,142,143,144,145,146,147,148,149,150,151,152,153,154,155,156,157,158,159,160,161,162,163,164,165,166,167,168,169,170,171,172,173,174,175,176,177,178,179,180,181,182,183,184,2,0,0,,,1,2016,0,0,8021.95947265625,8527.53515625,9010.0146484375,9656.935546875,10440,0,0,0,0,0,0,0,0,0,0,0,0,0,0,0,0,0,0,0,0,0,0,0,0,0,66795.3203125,69732.3046875,72482.421875,74269.203125,76661.78125,79635.3828125,82959.9453125,86307.5859375,88752.03125,90524.96875,92033.6328125,93052.78125,93954.15625,94746.8671875,95025.921875,94273.6484375,93994.65625,94558.59375,94492.1171875,93639.8203125,93371.140625,93305.1015625,93456.09375,93402.578125,92977.0859375,92763.703125,0,0,0,0,0,0,0,0,0,0,0,0,0,0,0,0,0,0,0,0,0,0,0,0,0,0,0,0,0,0,0,0,0,0,0,0,0,0,0,0,0,0,0,0,0,0,0,0,0,0,0,0,0,0,0,0,0,0,0,0,0,0,0,0,0
1,900,4,0,0,0,12,125,100125,0,7361.8896484375,83,0,1933,0,18,19,20,21,22,23,24,25,26,27,28,29,30,31,32,33,34,35,36,37,38,39,40,41,42,43,44,45,46,47,48,49,50,51,52,53,54,55,56,57,58,59,60,61,62,63,64,65,66,67,68,69,70,71,72,73,74,75,76,77,78,79,80,81,82,83,84,85,86,87,88,89,90,91,92,93,94,95,96,97,98,99,100,101,102,103,104,105,106,107,108,109,110,111,112,113,114,115,116,117,118,119,120,121,122,123,124,125,126,127,128,129,130,131,132,133,134,135,136,137,138,139,140,141,142,143,144,145,146,147,148,149,150,151,152,153,154,155,156,157,158,159,160,161,162,163,164,165,166,167,168,169,170,171,172,173,174,175,176,177,178,179,180,181,182,183,184,2,0,0,,,1,2016,0,0,4979.14794921875,5292.953125,5592.423828125,5993.96044921875,6480,0,0,0,0,0,0,0,0,0,0,0,0,0,0,0,0,0,0,0,0,0,0,0,0,0,0,0,0,0,0,0,51492.38671875,53570.23046875,55087.47265625,56187.91796875,57124.33203125,57756.90625,58316.37890625,58808.40625,58981.6171875,58514.6875,58341.515625,58691.546875,58650.28515625,58121.2734375,57954.5078125,57913.51953125,58007.23828125,57974.01953125,57709.921875,57577.4765625,0,0,0,0,0,0,0,0,0,0,0,0,0,0,0,0,0,0,0,0,0,0,0,0,0,0,0,0,0,0,0,0,0,0,0,0,0,0,0,0,0,0,0,0,0,0,0,0,0,0,0,0,0,0,0,0,0,0,0,0,0,0,0,0,0
1,1600,4,0,0,0,22,221,100221,0,4676.9423828125,85,0,1931,0,20,21,22,23,24,25,26,27,28,29,30,31,32,33,34,35,36,37,38,39,40,41,42,43,44,45,46,47,48,49,50,51,52,53,54,55,56,57,58,59,60,61,62,63,64,65,66,67,68,69,70,71,72,73,74,75,76,77,78,79,80,81,82,83,84,85,86,87,88,89,90,91,92,93,94,95,96,97,98,99,100,101,102,103,104,105,106,107,108,109,110,111,112,113,114,115,116,117,118,119,120,121,122,123,124,125,126,127,128,129,130,131,132,133,134,135,136,137,138,139,140,141,142,143,144,145,146,147,148,149,150,151,152,153,154,155,156,157,158,159,160,161,162,163,164,165,166,167,168,169,170,171,172,173,174,175,176,177,178,179,180,181,182,183,184,185,186,2,0,0,,2018,1,2016,9112.265625,9802.376953125,10452.4853515625,11076.6552734375,11666.93359375,12465.685546875,13434.5732421875,14361.8935546875,15198.1103515625,16081.931640625,16889.40234375,17733.609375,18595.44921875,19517.25,22842.30078125,24154.484375,25498.16015625,27241.814453125,29225.20703125,31355.076171875,33450.9453125,35344.91796875,38000,0,0,0,0,0,0,0,0,0,0,0,0,0,0,0,34869.6796875,36163.87109375,37072.3671875,37695.23828125,38204.16796875,38506.953125,38758.97265625,38964.2890625,38957.41015625,38528.69921875,38295.10546875,38404.9453125,38258.48828125,37795.390625,37569.63671875,37426.20703125,37370.0859375,37232.4296875,0,0,0,0,0,0,0,0,0,26000,0,0,0,0,0,0,0,0,0,0,0,0,0,0,0,0,0,0,0,0,0,0,0,0,0,0,0,0,0,0,0,0,0,0,0,0,0,0,0,0,0,0,0,0,0,0,0,0,0,0,0,0,0,0,0,0,0
1,1600,4,0,0,0,22,222,100222,0,5126.52197265625,85,0,1931,0,20,21,22,23,24,25,26,27,28,29,30,31,32,33,34,35,36,37,38,39,40,41,42,43,44,45,46,47,48,49,50,51,52,53,54,55,56,57,58,59,60,61,62,63,64,65,66,67,68,69,70,71,72,73,74,75,76,77,78,79,80,81,82,83,84,85,86,87,88,89,90,91,92,93,94,95,96,97,98,99,100,101,102,103,104,105,106,107,108,109,110,111,112,113,114,115,116,117,118,119,120,121,122,123,124,125,126,127,128,129,130,131,132,133,134,135,136,137,138,139,140,141,142,143,144,145,146,147,148,149,150,151,152,153,154,155,156,157,158,159,160,161,162,163,164,165,166,167,168,169,170,171,172,173,174,175,176,177,178,179,180,181,182,183,184,185,186,2,0,0,,2018,1,2016,8153.083984375,8770.5517578125,9352.228515625,9910.6962890625,10438.8408203125,11153.513671875,12020.4130859375,12850.1220703125,13598.31640625,14389.103515625,15111.5771484375,15866.921875,16638.04296875,17462.8125,20437.859375,21611.91796875,22814.154296875,24374.267578125,26148.8828125,28054.556640625,29929.810546875,31624.416015625,34000,0,0,0,0,0,0,0,0,0,0,0,0,0,0,0,34869.6796875,36163.87109375,37072.3671875,37695.23828125,38204.16796875,38506.953125,38758.97265625,38964.2890625,38957.41015625,38528.69921875,38295.10546875,38404.9453125,38258.48828125,37795.390625,37569.63671875,37426.20703125,37370.0859375,37232.4296875,0,0,0,0,0,0,0,0,0,26000,0,0,0,0,0,0,0,0,0,0,0,0,0,0,0,0,0,0,0,0,0,0,0,0,0,0,0,0,0,0,0,0,0,0,0,0,0,0,0,0,0,0,0,0,0,0,0,0,0,0,0,0,0,0,0,0,0
1,1700,4,0,0,0,22,223,100223,0,4691.673828125,85,0,1931,0,20,21,22,23,24,25,26,27,28,29,30,31,32,33,34,35,36,37,38,39,40,41,42,43,44,45,46,47,48,49,50,51,52,53,54,55,56,57,58,59,60,61,62,63,64,65,66,67,68,69,70,71,72,73,74,75,76,77,78,79,80,81,82,83,84,85,86,87,88,89,90,91,92,93,94,95,96,97,98,99,100,101,102,103,104,105,106,107,108,109,110,111,112,113,114,115,116,117,118,119,120,121,122,123,124,125,126,127,128,129,130,131,132,133,134,135,136,137,138,139,140,141,142,143,144,145,146,147,148,149,150,151,152,153,154,155,156,157,158,159,160,161,162,163,164,165,166,167,168,169,170,171,172,173,174,175,176,177,178,179,180,181,182,183,184,185,186,2,0,0,,2018,1,2016,6954.09716796875,7480.7607421875,7976.89599609375,8453.236328125,8903.7119140625,9513.2861328125,10252.7001953125,10960.3916015625,11598.5576171875,12273.052734375,12889.279296875,13533.5439453125,14191.263671875,14894.7431640625,17432.28125,18433.685546875,19459.12109375,20789.8046875,22303.447265625,23928.873046875,25528.353515625,26973.751953125,29000,0,0,0,0,0,0,0,0,0,0,0,0,0,0,0,34869.6796875,36163.87109375,37072.3671875,37695.23828125,38204.16796875,38506.953125,38758.97265625,38964.2890625,38957.41015625,38528.69921875,38295.10546875,38404.9453125,38258.48828125,37795.390625,37569.63671875,37426.20703125,37370.0859375,37232.4296875,0,0,0,0,0,0,0,0,0,26000,0,0,0,0,0,0,0,0,0,0,0,0,0,0,0,0,0,0,0,0,0,0,0,0,0,0,0,0,0,0,0,0,0,0,0,0,0,0,0,0,0,0,0,0,0,0,0,0,0,0,0,0,0,0,0,0,0
1,1600,4,0,0,0,22,224,100224,0,4985.12646484375,85,0,1931,0,20,21,22,23,24,25,26,27,28,29,30,31,32,33,34,35,36,37,38,39,40,41,42,43,44,45,46,47,48,49,50,51,52,53,54,55,56,57,58,59,60,61,62,63,64,65,66,67,68,69,70,71,72,73,74,75,76,77,78,79,80,81,82,83,84,85,86,87,88,89,90,91,92,93,94,95,96,97,98,99,100,101,102,103,104,105,106,107,108,109,110,111,112,113,114,115,116,117,118,119,120,121,122,123,124,125,126,127,128,129,130,131,132,133,134,135,136,137,138,139,140,141,142,143,144,145,146,147,148,149,150,151,152,153,154,155,156,157,158,159,160,161,162,163,164,165,166,167,168,169,170,171,172,173,174,175,176,177,178,179,180,181,182,183,184,185,186,2,0,0,,2018,1,2016,10311.2509765625,11092.1669921875,11827.81640625,12534.1142578125,13202.060546875,14105.912109375,15202.28515625,16251.6220703125,17197.8671875,18197.98046875,19111.697265625,20066.986328125,21042.2265625,22085.318359375,25847.875,27332.716796875,28853.19140625,30826.275390625,33070.640625,35480.7578125,37852.40234375,39995.578125,43000,0,0,0,0,0,0,0,0,0,0,0,0,0,0,0,34869.6796875,36163.87109375,37072.3671875,37695.23828125,38204.16796875,38506.953125,38758.97265625,38964.2890625,38957.41015625,38528.69921875,38295.10546875,38404.9453125,38258.48828125,37795.390625,37569.63671875,37426.20703125,37370.0859375,37232.4296875,0,0,0,0,0,0,0,0,0,26000,0,0,0,0,0,0,0,0,0,0,0,0,0,0,0,0,0,0,0,0,0,0,0,0,0,0,0,0,0,0,0,0,0,0,0,0,0,0,0,0,0,0,0,0,0,0,0,0,0,0,0,0,0,0,0,0,0
1,1600,4,0,0,0,22,225,100225,0,5211.310546875,85,0,1931,0,20,21,22,23,24,25,26,27,28,29,30,31,32,33,34,35,36,37,38,39,40,41,42,43,44,45,46,47,48,49,50,51,52,53,54,55,56,57,58,59,60,61,62,63,64,65,66,67,68,69,70,71,72,73,74,75,76,77,78,79,80,81,82,83,84,85,86,87,88,89,90,91,92,93,94,95,96,97,98,99,100,101,102,103,104,105,106,107,108,109,110,111,112,113,114,115,116,117,118,119,120,121,122,123,124,125,126,127,128,129,130,131,132,133,134,135,136,137,138,139,140,141,142,143,144,145,146,147,148,149,150,151,152,153,154,155,156,157,158,159,160,161,162,163,164,165,166,167,168,169,170,171,172,173,174,175,176,177,178,179,180,181,182,183,184,185,186,2,0,0,,2018,1,2016,7673.4873046875,8254.6337890625,8802.0927734375,9327.7099609375,9824.7861328125,10497.419921875,11313.3251953125,12094.2265625,12798.4091796875,13542.6796875,14222.654296875,14933.5673828125,15659.3271484375,16435.580078125,19235.623046875,20340.619140625,21472.134765625,22940.4765625,24610.701171875,26404.275390625,28169.220703125,29764.142578125,32000,0,0,0,0,0,0,0,0,0,0,0,0,0,0,0,34869.6796875,36163.87109375,37072.3671875,37695.23828125,38204.16796875,38506.953125,38758.97265625,38964.2890625,38957.41015625,38528.69921875,38295.10546875,38404.9453125,38258.48828125,37795.390625,37569.63671875,37426.20703125,37370.0859375,37232.4296875,0,0,0,0,0,0,0,0,0,26000,0,0,0,0,0,0,0,0,0,0,0,0,0,0,0,0,0,0,0,0,0,0,0,0,0,0,0,0,0,0,0,0,0,0,0,0,0,0,0,0,0,0,0,0,0,0,0,0,0,0,0,0,0,0,0,0,0
0,0,0,0,0,0,29,291,100291,200291,5575.89013671875,42,39,1974,1977,0,0,0,0,0,0,0,0,0,0,0,0,0,0,0,0,0,0,0,0,0,0,0,0,1,2,3,4,5,6,7,8,9,10,11,12,13,14,15,16,17,18,19,20,21,22,23,24,25,26,27,28,29,30,31,32,33,34,35,36,37,38,39,40,41,42,43,44,45,46,47,48,49,50,51,52,53,54,55,56,57,58,59,60,61,62,63,64,65,66,67,68,69,70,71,72,73,74,75,76,77,78,79,80,81,82,83,84,85,86,87,88,89,90,91,92,93,94,95,96,97,98,99,100,101,102,103,104,105,106,107,108,109,110,111,112,113,114,115,116,117,118,119,120,121,122,123,124,125,126,127,128,129,130,131,132,133,134,135,136,137,138,139,140,141,142,143,1,2,1,9999,9999,1,2016,0,0,0,0,0,0,0,0,0,0,0,0,0,0,0,0,0,0,0,0,0,0,0,0,0,0,0,0,0,0,0,0,0,0,0,0,0,0,0,0,0,0,0,0,0,0,0,0,19645.94921875,21068.19140625,22442.83984375,23708.208984375,25200.365234375,26844.513671875,28662.4765625,30536.6171875,32403.65234375,38491.76953125,39588.6796875,41497.0859375,43745.2578125,45744.3984375,47504.48828125,49294.8125,50460.33984375,52000,53891.23828125,55929.515625,57607.921875,59038.03515625,62255.58984375,66985.1640625,70121.578125,72533.75,74569.125,76388.7421875,78070.546875,79670.6640625,81197.6875,82632.703125,83964.6484375,85186.1328125,86291.5625,87275.4453125,88133.4765625,88861.4609375,89456.03125,89914.46875,90234.5078125,90414.71875,90454.140625,90352.6875,90110.7578125,89729.59375,89210.875,88557.109375,87771.25,86856.9453125,85818.3046875,0,0,0,0,0,0,0,0,0,0,0,0,0,0,0,0,0,0,0,0,0,0,0,0
0,0,0,0,0,0,29,291,200291,100291,5575.89013671875,39,42,1977,1974,0,0,0,0,0,0,0,0,0,0,0,0,0,0,0,0,0,0,0,0,0,0,0,0,0,0,0,1,2,3,4,5,6,7,8,9,10,11,12,13,14,15,16,17,18,19,20,21,22,23,24,25,26,27,28,29,30,31,32,33,34,35,36,37,38,39,40,41,42,43,44,45,46,47,48,49,50,51,52,53,54,55,56,57,58,59,60,61,62,63,64,65,66,67,68,69,70,71,72,73,74,75,76,77,78,79,80,81,82,83,84,85,86,87,88,89,90,91,92,93,94,95,96,97,98,99,100,101,102,103,104,105,106,107,108,109,110,111,112,113,114,115,116,117,118,119,120,121,122,123,124,125,126,127,128,129,130,131,132,133,134,135,136,137,138,139,140,2,1,1,9999,9999,2,2016,0,0,0,0,0,0,0,0,0,0,0,0,0,0,0,0,0,0,0,0,0,0,0,0,0,0,0,0,0,0,0,0,0,0,0,0,0,0,0,0,0,0,0,0,0,19009.046875,20418.541015625,21695.017578125,23166.451171875,24960,14887.1689453125,15800.2421875,16873.4140625,18058.546875,19371.875,20735.283203125,22106.181640625,26382.64453125,27261.705078125,28709.78125,30407.0859375,31945.701171875,33330.3515625,34748.62109375,35736.9296875,37000,38525.390625,40169.92578125,41569.35546875,42801.01953125,45345.1953125,49018.75390625,51554.48046875,53577.8828125,55339.546875,56955.62109375,58482.453125,59960.8671875,61396.53125,62774.44140625,64085.30859375,65322.3828125,66480.1796875,67553.3671875,68537.234375,69427.2265625,70219.3984375,70910.109375,71496.1015625,71974.6484375,72343.578125,72601.1171875,72746.1484375,72777.9375,72696.40625,72501.8828125,72195.359375,71778.1484375,71252.2734375,70620.0859375,69884.5546875,69048.9296875,0,0,0,0,0,0,0,0,0,0,0,0,0,0,0,0,0,0,0,0,0
0,0,0,0,0,0,29,292,100292,200292,5648.0380859375,42,39,1974,1977,0,0,0,0,0,0,0,0,0,0,0,0,0,0,0,0,0,0,0,0,0,0,0,0,1,2,3,4,5,6,7,8,9,10,11,12,13,14,15,16,17,18,19,20,21,22,23,24,25,26,27,28,29,30,31,32,33,34,35,36,37,38,39,40,41,42,43,44,45,46,47,48,49,50,51,52,53,54,55,56,57,58,59,60,61,62,63,64,65,66,67,68,69,70,71,72,73,74,75,76,77,78,79,80,81,82,83,84,85,86,87,88,89,90,91,92,93,94,95,96,97,98,99,100,101,102,103,104,105,106,107,108,109,110,111,112,113,114,115,116,117,118,119,120,121,122,123,124,125,126,127,128,129,130,131,132,133,134,135,136,137,138,139,140,141,142,143,1,2,1,9999,9999,1,2016,0,0,0,0,0,0,0,0,0,0,0,0,0,0,0,0,0,0,0,0,0,0,0,0,0,0,0,0,0,0,0,0,0,0,0,0,0,0,0,0,0,0,0,0,0,0,0,0,19645.94921875,21068.19140625,22442.83984375,23708.208984375,25200.365234375,26844.513671875,28662.4765625,30536.6171875,32403.65234375,38491.76953125,39588.6796875,41497.0859375,43745.2578125,45744.3984375,47504.48828125,49294.8125,50460.33984375,52000,53891.23828125,55929.515625,57607.921875,59038.03515625,62255.58984375,66985.1640625,70121.578125,72533.75,74569.125,76388.7421875,78070.546875,79670.6640625,81197.6875,82632.703125,83964.6484375,85186.1328125,86291.5625,87275.4453125,88133.4765625,88861.4609375,89456.03125,89914.46875,90234.5078125,90414.71875,90454.140625,90352.6875,90110.7578125,89729.59375,89210.875,88557.109375,87771.25,86856.9453125,85818.3046875,0,0,0,0,0,0,0,0,0,0,0,0,0,0,0,0,0,0,0,0,0,0,0,0
0,0,0,0,0,0,29,292,200292,100292,5648.0380859375,39,42,1977,1974,0,0,0,0,0,0,0,0,0,0,0,0,0,0,0,0,0,0,0,0,0,0,0,0,0,0,0,1,2,3,4,5,6,7,8,9,10,11,12,13,14,15,16,17,18,19,20,21,22,23,24,25,26,27,28,29,30,31,32,33,34,35,36,37,38,39,40,41,42,43,44,45,46,47,48,49,50,51,52,53,54,55,56,57,58,59,60,61,62,63,64,65,66,67,68,69,70,71,72,73,74,75,76,77,78,79,80,81,82,83,84,85,86,87,88,89,90,91,92,93,94,95,96,97,98,99,100,101,102,103,104,105,106,107,108,109,110,111,112,113,114,115,116,117,118,119,120,121,122,123,124,125,126,127,128,129,130,131,132,133,134,135,136,137,138,139,140,2,1,1,9999,9999,2,2016,0,0,0,0,0,0,0,0,0,0,0,0,0,0,0,0,0,0,0,0,0,0,0,0,0,0,0,0,0,0,0,0,0,0,0,0,0,0,0,0,0,0,0,0,0,19009.046875,20418.541015625,21695.017578125,23166.451171875,24960,14887.1689453125,15800.2421875,16873.4140625,18058.546875,19371.875,20735.283203125,22106.181640625,26382.64453125,27261.705078125,28709.78125,30407.0859375,31945.701171875,33330.3515625,34748.62109375,35736.9296875,37000,38525.390625,40169.92578125,41569.35546875,42801.01953125,45345.1953125,49018.75390625,51554.48046875,53577.8828125,55339.546875,56955.62109375,58482.453125,59960.8671875,61396.53125,62774.44140625,64085.30859375,65322.3828125,66480.1796875,67553.3671875,68537.234375,69427.2265625,70219.3984375,70910.109375,71496.1015625,71974.6484375,72343.578125,72601.1171875,72746.1484375,72777.9375,72696.40625,72501.8828125,72195.359375,71778.1484375,71252.2734375,70620.0859375,69884.5546875,69048.9296875,0,0,0,0,0,0,0,0,0,0,0,0,0,0,0,0,0,0,0,0,0
0,0,0,0,0,0,29,293,100293,200293,5615.5654296875,42,39,1974,1977,0,0,0,0,0,0,0,0,0,0,0,0,0,0,0,0,0,0,0,0,0,0,0,0,1,2,3,4,5,6,7,8,9,10,11,12,13,14,15,16,17,18,19,20,21,22,23,24,25,26,27,28,29,30,31,32,33,34,35,36,37,38,39,40,41,42,43,44,45,46,47,48,49,50,51,52,53,54,55,56,57,58,59,60,61,62,63,64,65,66,67,68,69,70,71,72,73,74,75,76,77,78,79,80,81,82,83,84,85,86,87,88,89,90,91,92,93,94,95,96,97,98,99,100,101,102,103,104,105,106,107,108,109,110,111,112,113,114,115,116,117,118,119,120,121,122,123,124,125,126,127,128,129,130,131,132,133,134,135,136,137,138,139,140,141,142,143,1,2,1,9999,9999,1,2016,0,0,0,0,0,0,0,0,0,0,0,0,0,0,0,0,0,0,0,0,0,0,0,0,0,0,0,0,0,0,0,0,0,0,0,0,0,0,0,0,0,0,0,0,0,0,0,0,19645.94921875,21068.19140625,22442.83984375,23708.208984375,25200.365234375,26844.513671875,28662.4765625,30536.6171875,32403.65234375,38491.76953125,39588.6796875,41497.0859375,43745.2578125,45744.3984375,47504.48828125,49294.8125,50460.33984375,52000,53891.23828125,55929.515625,57607.921875,59038.03515625,62255.58984375,66985.1640625,70121.578125,72533.75,74569.125,76388.7421875,78070.546875,79670.6640625,81197.6875,82632.703125,83964.6484375,85186.1328125,86291.5625,87275.4453125,88133.4765625,88861.4609375,89456.03125,89914.46875,90234.5078125,90414.71875,90454.140625,90352.6875,90110.7578125,89729.59375,89210.875,88557.109375,87771.25,86856.9453125,85818.3046875,0,0,0,0,0,0,0,0,0,0,0,0,0,0,0,0,0,0,0,0,0,0,0,0
0,0,0,0,0,0,29,293,200293,100293,5615.5654296875,39,42,1977,1974,0,0,0,0,0,0,0,0,0,0,0,0,0,0,0,0,0,0,0,0,0,0,0,0,0,0,0,1,2,3,4,5,6,7,8,9,10,11,12,13,14,15,16,17,18,19,20,21,22,23,24,25,26,27,28,29,30,31,32,33,34,35,36,37,38,39,40,41,42,43,44,45,46,47,48,49,50,51,52,53,54,55,56,57,58,59,60,61,62,63,64,65,66,67,68,69,70,71,72,73,74,75,76,77,78,79,80,81,82,83,84,85,86,87,88,89,90,91,92,93,94,95,96,97,98,99,100,101,102,103,104,105,106,107,108,109,110,111,112,113,114,115,116,117,118,119,120,121,122,123,124,125,126,127,128,129,130,131,132,133,134,135,136,137,138,139,140,2,1,1,9999,9999,2,2016,0,0,0,0,0,0,0,0,0,0,0,0,0,0,0,0,0,0,0,0,0,0,0,0,0,0,0,0,0,0,0,0,0,0,0,0,0,0,0,0,0,0,0,0,0,19009.046875,20418.541015625,21695.017578125,23166.451171875,24960,14887.1689453125,15800.2421875,16873.4140625,18058.546875,19371.875,20735.283203125,22106.181640625,26382.64453125,27261.705078125,28709.78125,30407.0859375,31945.701171875,33330.3515625,34748.62109375,35736.9296875,37000,38525.390625,40169.92578125,41569.35546875,42801.01953125,45345.1953125,49018.75390625,51554.48046875,53577.8828125,55339.546875,56955.62109375,58482.453125,59960.8671875,61396.53125,62774.44140625,64085.30859375,65322.3828125,66480.1796875,67553.3671875,68537.234375,69427.2265625,70219.3984375,70910.109375,71496.1015625,71974.6484375,72343.578125,72601.1171875,72746.1484375,72777.9375,72696.40625,72501.8828125,72195.359375,71778.1484375,71252.2734375,70620.0859375,69884.5546875,69048.9296875,0,0,0,0,0,0,0,0,0,0,0,0,0,0,0,0,0,0,0,0,0
0,0,0,0,0,0,29,294,100294,200294,5605.951171875,42,39,1974,1977,0,0,0,0,0,0,0,0,0,0,0,0,0,0,0,0,0,0,0,0,0,0,0,0,1,2,3,4,5,6,7,8,9,10,11,12,13,14,15,16,17,18,19,20,21,22,23,24,25,26,27,28,29,30,31,32,33,34,35,36,37,38,39,40,41,42,43,44,45,46,47,48,49,50,51,52,53,54,55,56,57,58,59,60,61,62,63,64,65,66,67,68,69,70,71,72,73,74,75,76,77,78,79,80,81,82,83,84,85,86,87,88,89,90,91,92,93,94,95,96,97,98,99,100,101,102,103,104,105,106,107,108,109,110,111,112,113,114,115,116,117,118,119,120,121,122,123,124,125,126,127,128,129,130,131,132,133,134,135,136,137,138,139,140,141,142,143,1,2,1,9999,9999,1,2016,0,0,0,0,0,0,0,0,0,0,0,0,0,0,0,0,0,0,0,0,0,0,0,0,0,0,0,0,0,0,0,0,0,0,0,0,0,0,0,0,0,0,0,0,0,0,0,0,19645.94921875,21068.19140625,22442.83984375,23708.208984375,25200.365234375,26844.513671875,28662.4765625,30536.6171875,32403.65234375,38491.76953125,39588.6796875,41497.0859375,43745.2578125,45744.3984375,47504.48828125,49294.8125,50460.33984375,52000,53891.23828125,55929.515625,57607.921875,59038.03515625,62255.58984375,66985.1640625,70121.578125,72533.75,74569.125,76388.7421875,78070.546875,79670.6640625,81197.6875,82632.703125,83964.6484375,85186.1328125,86291.5625,87275.4453125,88133.4765625,88861.4609375,89456.03125,89914.46875,90234.5078125,90414.71875,90454.140625,90352.6875,90110.7578125,89729.59375,89210.875,88557.109375,87771.25,86856.9453125,85818.3046875,0,0,0,0,0,0,0,0,0,0,0,0,0,0,0,0,0,0,0,0,0,0,0,0
0,0,0,0,0,0,29,294,200294,100294,5605.951171875,39,42,1977,1974,0,0,0,0,0,0,0,0,0,0,0,0,0,0,0,0,0,0,0,0,0,0,0,0,0,0,0,1,2,3,4,5,6,7,8,9,10,11,12,13,14,15,16,17,18,19,20,21,22,23,24,25,26,27,28,29,30,31,32,33,34,35,36,37,38,39,40,41,42,43,44,45,46,47,48,49,50,51,52,53,54,55,56,57,58,59,60,61,62,63,64,65,66,67,68,69,70,71,72,73,74,75,76,77,78,79,80,81,82,83,84,85,86,87,88,89,90,91,92,93,94,95,96,97,98,99,100,101,102,103,104,105,106,107,108,109,110,111,112,113,114,115,116,117,118,119,120,121,122,123,124,125,126,127,128,129,130,131,132,133,134,135,136,137,138,139,140,2,1,1,9999,9999,2,2016,0,0,0,0,0,0,0,0,0,0,0,0,0,0,0,0,0,0,0,0,0,0,0,0,0,0,0,0,0,0,0,0,0,0,0,0,0,0,0,0,0,0,0,0,0,19009.046875,20418.541015625,21695.017578125,23166.451171875,24960,14887.1689453125,15800.2421875,16873.4140625,18058.546875,19371.875,20735.283203125,22106.181640625,26382.64453125,27261.705078125,28709.78125,30407.0859375,31945.701171875,33330.3515625,34748.62109375,35736.9296875,37000,38525.390625,40169.92578125,41569.35546875,42801.01953125,45345.1953125,49018.75390625,51554.48046875,53577.8828125,55339.546875,56955.62109375,58482.453125,59960.8671875,61396.53125,62774.44140625,64085.30859375,65322.3828125,66480.1796875,67553.3671875,68537.234375,69427.2265625,70219.3984375,70910.109375,71496.1015625,71974.6484375,72343.578125,72601.1171875,72746.1484375,72777.9375,72696.40625,72501.8828125,72195.359375,71778.1484375,71252.2734375,70620.0859375,69884.5546875,69048.9296875,0,0,0,0,0,0,0,0,0,0,0,0,0,0,0,0,0,0,0,0,0
0,0,0,0,0,0,29,295,100295,200295,5629.4609375,42,39,1974,1977,0,0,0,0,0,0,0,0,0,0,0,0,0,0,0,0,0,0,0,0,0,0,0,0,1,2,3,4,5,6,7,8,9,10,11,12,13,14,15,16,17,18,19,20,21,22,23,24,25,26,27,28,29,30,31,32,33,34,35,36,37,38,39,40,41,42,43,44,45,46,47,48,49,50,51,52,53,54,55,56,57,58,59,60,61,62,63,64,65,66,67,68,69,70,71,72,73,74,75,76,77,78,79,80,81,82,83,84,85,86,87,88,89,90,91,92,93,94,95,96,97,98,99,100,101,102,103,104,105,106,107,108,109,110,111,112,113,114,115,116,117,118,119,120,121,122,123,124,125,126,127,128,129,130,131,132,133,134,135,136,137,138,139,140,141,142,143,1,2,1,9999,9999,1,2016,0,0,0,0,0,0,0,0,0,0,0,0,0,0,0,0,0,0,0,0,0,0,0,0,0,0,0,0,0,0,0,0,0,0,0,0,0,0,0,0,0,0,0,0,0,0,0,0,19645.94921875,21068.19140625,22442.83984375,23708.208984375,25200.365234375,26844.513671875,28662.4765625,30536.6171875,32403.65234375,38491.76953125,39588.6796875,41497.0859375,43745.2578125,45744.3984375,47504.48828125,49294.8125,50460.33984375,52000,53891.23828125,55929.515625,57607.921875,59038.03515625,62255.58984375,66985.1640625,70121.578125,72533.75,74569.125,76388.7421875,78070.546875,79670.6640625,81197.6875,82632.703125,83964.6484375,85186.1328125,86291.5625,87275.4453125,88133.4765625,88861.4609375,89456.03125,89914.46875,90234.5078125,90414.71875,90454.140625,90352.6875,90110.7578125,89729.59375,89210.875,88557.109375,87771.25,86856.9453125,85818.3046875,0,0,0,0,0,0,0,0,0,0,0,0,0,0,0,0,0,0,0,0,0,0,0,0
0,0,0,0,0,0,29,295,200295,100295,5629.4609375,39,42,1977,1974,0,0,0,0,0,0,0,0,0,0,0,0,0,0,0,0,0,0,0,0,0,0,0,0,0,0,0,1,2,3,4,5,6,7,8,9,10,11,12,13,14,15,16,17,18,19,20,21,22,23,24,25,26,27,28,29,30,31,32,33,34,35,36,37,38,39,40,41,42,43,44,45,46,47,48,49,50,51,52,53,54,55,56,57,58,59,60,61,62,63,64,65,66,67,68,69,70,71,72,73,74,75,76,77,78,79,80,81,82,83,84,85,86,87,88,89,90,91,92,93,94,95,96,97,98,99,100,101,102,103,104,105,106,107,108,109,110,111,112,113,114,115,116,117,118,119,120,121,122,123,124,125,126,127,128,129,130,131,132,133,134,135,136,137,138,139,140,2,1,1,9999,9999,2,2016,0,0,0,0,0,0,0,0,0,0,0,0,0,0,0,0,0,0,0,0,0,0,0,0,0,0,0,0,0,0,0,0,0,0,0,0,0,0,0,0,0,0,0,0,0,19009.046875,20418.541015625,21695.017578125,23166.451171875,24960,14887.1689453125,15800.2421875,16873.4140625,18058.546875,19371.875,20735.283203125,22106.181640625,26382.64453125,27261.705078125,28709.78125,30407.0859375,31945.701171875,33330.3515625,34748.62109375,35736.9296875,37000,38525.390625,40169.92578125,41569.35546875,42801.01953125,45345.1953125,49018.75390625,51554.48046875,53577.8828125,55339.546875,56955.62109375,58482.453125,59960.8671875,61396.53125,62774.44140625,64085.30859375,65322.3828125,66480.1796875,67553.3671875,68537.234375,69427.2265625,70219.3984375,70910.109375,71496.1015625,71974.6484375,72343.578125,72601.1171875,72746.1484375,72777.9375,72696.40625,72501.8828125,72195.359375,71778.1484375,71252.2734375,70620.0859375,69884.5546875,69048.9296875,0,0,0,0,0,0,0,0,0,0,0,0,0,0,0,0,0,0,0,0,0
1,28000,6,1,2200,4,888,8881,108881,208881,34.94230651855469,87,78,1929,1938,22,23,24,25,26,27,28,29,30,31,32,33,34,35,36,37,38,39,40,41,42,43,44,45,46,47,48,49,50,51,52,53,54,55,56,57,58,59,60,61,62,63,64,65,66,67,68,69,70,71,72,73,74,75,76,77,78,79,80,81,82,83,84,85,86,87,88,89,90,91,92,93,94,95,96,97,98,99,100,101,102,103,104,105,106,107,108,109,110,111,112,113,114,115,116,117,118,119,120,121,122,123,124,125,126,127,128,129,130,131,132,133,134,135,136,137,138,139,140,141,142,143,144,145,146,147,148,149,150,151,152,153,154,155,156,157,158,159,160,161,162,163,164,165,166,167,168,169,170,171,172,173,174,175,176,177,178,179,180,181,182,183,184,185,186,187,188,1,2,1,,,1,2016,0,0,0,0,0,0,0,0,0,0,0,27681.03515625,28935.9609375,30275.8203125,31626.228515625,33338.94140625,35083.953125,37366.48046875,39962.23828125,42741.1015625,45456.16015625,47880.3125,51316.8046875,57532.890625,63191.3203125,67474.4453125,72631.7578125,78392.046875,86000,95829.625,104874.2734375,111013.625,115882.796875,120226.0703125,124190.8046875,126461.40625,129723.9921875,133918.0625,138641.640625,143339.640625,146483.171875,148480.6875,150016.9375,150735.375,151249.5,151577.5625,151078.921875,148951.40625,147587.359375,147550.109375,146529.75,161175.375,159713.984375,158608.984375,0,0,0,0,0,0,0,0,0,0,0,0,0,0,0,0,0,0,0,0,0,0,0,0,0,0,0,0,0,0,0,0,0,0,0,0,0,0,0,0,0,0,0,0,0,0,0,0,0,0,0,0,0,0,0,0,0,0,0,0,0,0,0,0,0,0,0,0,0
1,28000,6,1,2200,4,888,8881,208881,108881,34.94230651855469,78,87,1938,1929,13,14,15,16,17,18,19,20,21,22,23,24,25,26,27,28,29,30,31,32,33,34,35,36,37,38,39,40,41,42,43,44,45,46,47,48,49,50,51,52,53,54,55,56,57,58,59,60,61,62,63,64,65,66,67,68,69,70,71,72,73,74,75,76,77,78,79,80,81,82,83,84,85,86,87,88,89,90,91,92,93,94,95,96,97,98,99,100,101,102,103,104,105,106,107,108,109,110,111,112,113,114,115,116,117,118,119,120,121,122,123,124,125,126,127,128,129,130,131,132,133,134,135,136,137,138,139,140,141,142,143,144,145,146,147,148,149,150,151,152,153,154,155,156,157,158,159,160,161,162,163,164,165,166,167,168,169,170,171,172,173,174,175,176,177,178,179,2,1,1,,,2,2016,0,0,0,0,0,0,0,0,0,0,0,0,0,0,0,0,0,0,0,0,0,0,0,0,0,0,0,0,0,0,0,0,0,0,0,0,0,0,0,0,0,0,0,0,0,0,0,0,0,0,0,0,0,0,0,0,0,8268.4111328125,8030.96337890625,7949.3837890625,7913.05419921875,7813.13232421875,7660.79150390625,0,0,0,0,0,0,0,0,0,0,0,0,0,0,0,0,0,0,0,0,0,0,0,0,0,0,0,0,0,0,0,0,0,0,0,0,0,0,0,0,0,0,0,0,0,0,0,0,0,0,0,0,0,0,0,0,0,0,0,0
1,28000,6,1,2200,4,888,8882,108882,208882,32.635704040527344,87,78,1929,1938,22,23,24,25,26,27,28,29,30,31,32,33,34,35,36,37,38,39,40,41,42,43,44,45,46,47,48,49,50,51,52,53,54,55,56,57,58,59,60,61,62,63,64,65,66,67,68,69,70,71,72,73,74,75,76,77,78,79,80,81,82,83,84,85,86,87,88,89,90,91,92,93,94,95,96,97,98,99,100,101,102,103,104,105,106,107,108,109,110,111,112,113,114,115,116,117,118,119,120,121,122,123,124,125,126,127,128,129,130,131,132,133,134,135,136,137,138,139,140,141,142,143,144,145,146,147,148,149,150,151,152,153,154,155,156,157,158,159,160,161,162,163,164,165,166,167,168,169,170,171,172,173,174,175,176,177,178,179,180,181,182,183,184,185,186,187,188,1,2,1,,,1,2016,0,0,0,0,0,0,0,0,0,0,0,28968.53125,30281.828125,31684.005859375,33097.22265625,34889.59765625,36715.7734375,39104.46484375,41820.95703125,44729.0703125,47570.4140625,50107.3125,53703.6484375,60208.8515625,66130.46875,70612.8125,76009.9921875,82038.2109375,90000,100286.84375,109752.1796875,116177.078125,121272.71875,125818.0078125,129967.1484375,132343.359375,135757.703125,140146.84375,145090.125,150006.625,153296.390625,155386.796875,156994.5,157746.359375,158284.390625,158627.71875,158105.890625,155879.421875,154451.921875,154412.9375,153345.125,168671.953125,167142.578125,165986.1875,0,0,0,0,0,0,0,0,0,0,0,0,0,0,0,0,0,0,0,0,0,0,0,0,0,0,0,0,0,0,0,0,0,0,0,0,0,0,0,0,0,0,0,0,0,0,0,0,0,0,0,0,0,0,0,0,0,0,0,0,0,0,0,0,0,0,0,0,0
1,28000,6,1,2200,4,888,8882,208882,108882,32.635704040527344,78,87,1938,1929,13,14,15,16,17,18,19,20,21,22,23,24,25,26,27,28,29,30,31,32,33,34,35,36,37,38,39,40,41,42,43,44,45,46,47,48,49,50,51,52,53,54,55,56,57,58,59,60,61,62,63,64,65,66,67,68,69,70,71,72,73,74,75,76,77,78,79,80,81,82,83,84,85,86,87,88,89,90,91,92,93,94,95,96,97,98,99,100,101,102,103,104,105,106,107,108,109,110,111,112,113,114,115,116,117,118,119,120,121,122,123,124,125,126,127,128,129,130,131,132,133,134,135,136,137,138,139,140,141,142,143,144,145,146,147,148,149,150,151,152,153,154,155,156,157,158,159,160,161,162,163,164,165,166,167,168,169,170,171,172,173,174,175,176,177,178,179,2,1,1,,,2,2016,0,0,0,0,0,0,0,0,0,0,0,0,0,0,0,0,0,0,0,0,0,0,0,0,0,0,0,0,0,0,0,0,0,0,0,0,0,0,0,0,0,0,0,0,0,0,0,0,0,0,0,0,0,0,0,0,0,8268.4111328125,8030.96337890625,7949.3837890625,7913.05419921875,7813.13232421875,7660.79150390625,0,0,0,0,0,0,0,0,0,0,0,0,0,0,0,0,0,0,0,0,0,0,0,0,0,0,0,0,0,0,0,0,0,0,0,0,0,0,0,0,0,0,0,0,0,0,0,0,0,0,0,0,0,0,0,0,0,0,0,0
1,28000,6,1,2200,4,888,8883,108883,208883,34.2128791809082,87,78,1929,1938,22,23,24,25,26,27,28,29,30,31,32,33,34,35,36,37,38,39,40,41,42,43,44,45,46,47,48,49,50,51,52,53,54,55,56,57,58,59,60,61,62,63,64,65,66,67,68,69,70,71,72,73,74,75,76,77,78,79,80,81,82,83,84,85,86,87,88,89,90,91,92,93,94,95,96,97,98,99,100,101,102,103,104,105,106,107,108,109,110,111,112,113,114,115,116,117,118,119,120,121,122,123,124,125,126,127,128,129,130,131,132,133,134,135,136,137,138,139,140,141,142,143,144,145,146,147,148,149,150,151,152,153,154,155,156,157,158,159,160,161,162,163,164,165,166,167,168,169,170,171,172,173,174,175,176,177,178,179,180,181,182,183,184,185,186,187,188,1,2,1,,,1,2016,0,0,0,0,0,0,0,0,0,0,0,25106.0625,26244.25390625,27459.474609375,28684.263671875,30237.65625,31820.33984375,33890.5390625,36244.8359375,38765.19921875,41227.6953125,43426.34375,46543.1640625,52181.01171875,57313.07421875,61197.7734375,65875.3359375,71099.7890625,78000,86915.2734375,95118.5625,100686.8125,105103.0390625,109042.28125,112638.2109375,114697.59375,117656.6875,121460.609375,125744.7890625,130005.7578125,132856.875,134668.578125,136061.90625,136713.53125,137179.828125,137477.359375,137025.109375,135095.515625,133858.34375,133824.5625,132899.125,146182.375,144856.921875,143854.71875,0,0,0,0,0,0,0,0,0,0,0,0,0,0,0,0,0,0,0,0,0,0,0,0,0,0,0,0,0,0,0,0,0,0,0,0,0,0,0,0,0,0,0,0,0,0,0,0,0,0,0,0,0,0,0,0,0,0,0,0,0,0,0,0,0,0,0,0,0
1,28000,6,1,2200,4,888,8883,208883,108883,34.2128791809082,78,87,1938,1929,13,14,15,16,17,18,19,20,21,22,23,24,25,26,27,28,29,30,31,32,33,34,35,36,37,38,39,40,41,42,43,44,45,46,47,48,49,50,51,52,53,54,55,56,57,58,59,60,61,62,63,64,65,66,67,68,69,70,71,72,73,74,75,76,77,78,79,80,81,82,83,84,85,86,87,88,89,90,91,92,93,94,95,96,97,98,99,100,101,102,103,104,105,106,107,108,109,110,111,112,113,114,115,116,117,118,119,120,121,122,123,124,125,126,127,128,129,130,131,132,133,134,135,136,137,138,139,140,141,142,143,144,145,146,147,148,149,150,151,152,153,154,155,156,157,158,159,160,161,162,163,164,165,166,167,168,169,170,171,172,173,174,175,176,177,178,179,2,1,1,,,2,2016,0,0,0,0,0,0,0,0,0,0,0,0,0,0,0,0,0,0,0,0,0,0,0,0,0,0,0,0,0,0,0,0,0,0,0,0,0,0,0,0,0,0,0,0,0,0,0,0,0,0,0,0,0,0,0,0,0,8268.4111328125,8030.96337890625,7949.3837890625,7913.05419921875,7813.13232421875,7660.79150390625,0,0,0,0,0,0,0,0,0,0,0,0,0,0,0,0,0,0,0,0,0,0,0,0,0,0,0,0,0,0,0,0,0,0,0,0,0,0,0,0,0,0,0,0,0,0,0,0,0,0,0,0,0,0,0,0,0,0,0,0
1,28000,6,1,2200,4,888,8884,108884,208884,32.82548522949219,87,78,1929,1938,22,23,24,25,26,27,28,29,30,31,32,33,34,35,36,37,38,39,40,41,42,43,44,45,46,47,48,49,50,51,52,53,54,55,56,57,58,59,60,61,62,63,64,65,66,67,68,69,70,71,72,73,74,75,76,77,78,79,80,81,82,83,84,85,86,87,88,89,90,91,92,93,94,95,96,97,98,99,100,101,102,103,104,105,106,107,108,109,110,111,112,113,114,115,116,117,118,119,120,121,122,123,124,125,126,127,128,129,130,131,132,133,134,135,136,137,138,139,140,141,142,143,144,145,146,147,148,149,150,151,152,153,154,155,156,157,158,159,160,161,162,163,164,165,166,167,168,169,170,171,172,173,174,175,176,177,178,179,180,181,182,183,184,185,186,187,188,1,2,1,,,1,2016,0,0,0,0,0,0,0,0,0,0,0,25106.0625,26244.25390625,27459.474609375,28684.263671875,30237.65625,31820.33984375,33890.5390625,36244.8359375,38765.19921875,41227.6953125,43426.34375,46543.1640625,52181.01171875,57313.07421875,61197.7734375,65875.3359375,71099.7890625,78000,86915.2734375,95118.5625,100686.8125,105103.0390625,109042.28125,112638.2109375,114697.59375,117656.6875,121460.609375,125744.7890625,130005.7578125,132856.875,134668.578125,136061.90625,136713.53125,137179.828125,137477.359375,137025.109375,135095.515625,133858.34375,133824.5625,132899.125,146182.375,144856.921875,143854.71875,0,0,0,0,0,0,0,0,0,0,0,0,0,0,0,0,0,0,0,0,0,0,0,0,0,0,0,0,0,0,0,0,0,0,0,0,0,0,0,0,0,0,0,0,0,0,0,0,0,0,0,0,0,0,0,0,0,0,0,0,0,0,0,0,0,0,0,0,0
1,28000,6,1,2200,4,888,8884,208884,108884,32.82548522949219,78,87,1938,1929,13,14,15,16,17,18,19,20,21,22,23,24,25,26,27,28,29,30,31,32,33,34,35,36,37,38,39,40,41,42,43,44,45,46,47,48,49,50,51,52,53,54,55,56,57,58,59,60,61,62,63,64,65,66,67,68,69,70,71,72,73,74,75,76,77,78,79,80,81,82,83,84,85,86,87,88,89,90,91,92,93,94,95,96,97,98,99,100,101,102,103,104,105,106,107,108,109,110,111,112,113,114,115,116,117,118,119,120,121,122,123,124,125,126,127,128,129,130,131,132,133,134,135,136,137,138,139,140,141,142,143,144,145,146,147,148,149,150,151,152,153,154,155,156,157,158,159,160,161,162,163,164,165,166,167,168,169,170,171,172,173,174,175,176,177,178,179,2,1,1,,,2,2016,0,0,0,0,0,0,0,0,0,0,0,0,0,0,0,0,0,0,0,0,0,0,0,0,0,0,0,0,0,0,0,0,0,0,0,0,0,0,0,0,0,0,0,0,0,0,0,0,0,0,0,0,0,0,0,0,0,8268.4111328125,8030.96337890625,7949.3837890625,7913.05419921875,7813.13232421875,7660.79150390625,0,0,0,0,0,0,0,0,0,0,0,0,0,0,0,0,0,0,0,0,0,0,0,0,0,0,0,0,0,0,0,0,0,0,0,0,0,0,0,0,0,0,0,0,0,0,0,0,0,0,0,0,0,0,0,0,0,0,0,0
1,28000,6,1,2200,4,888,8885,108885,208885,33.244415283203125,87,78,1929,1938,22,23,24,25,26,27,28,29,30,31,32,33,34,35,36,37,38,39,40,41,42,43,44,45,46,47,48,49,50,51,52,53,54,55,56,57,58,59,60,61,62,63,64,65,66,67,68,69,70,71,72,73,74,75,76,77,78,79,80,81,82,83,84,85,86,87,88,89,90,91,92,93,94,95,96,97,98,99,100,101,102,103,104,105,106,107,108,109,110,111,112,113,114,115,116,117,118,119,120,121,122,123,124,125,126,127,128,129,130,131,132,133,134,135,136,137,138,139,140,141,142,143,144,145,146,147,148,149,150,151,152,153,154,155,156,157,158,159,160,161,162,163,164,165,166,167,168,169,170,171,172,173,174,175,176,177,178,179,180,181,182,183,184,185,186,187,188,1,2,1,,,1,2016,0,0,0,0,0,0,0,0,0,0,0,32187.2421875,33646.45703125,35204.43359375,36774.67578125,38766.203125,40795.28515625,43449.3828125,46467.7109375,49698.9453125,52855.98828125,55674.765625,59670.69140625,66898.6953125,73478.2578125,78458.640625,84455.5078125,91153.5234375,100000,111429.7734375,121946.8046875,129085.578125,134747.40625,139797.71875,144407.875,147048.109375,150841.8125,155718.640625,161211.171875,166673.953125,170329.234375,172651.921875,174438.25,175273.640625,175871.46875,176252.9375,175673.125,173199.265625,171613.171875,171569.859375,170383.390625,187413.1875,185713.890625,184429.015625,0,0,0,0,0,0,0,0,0,0,0,0,0,0,0,0,0,0,0,0,0,0,0,0,0,0,0,0,0,0,0,0,0,0,0,0,0,0,0,0,0,0,0,0,0,0,0,0,0,0,0,0,0,0,0,0,0,0,0,0,0,0,0,0,0,0,0,0,0
1,28000,6,1,2200,4,888,8885,208885,108885,33.244415283203125,78,87,1938,1929,13,14,15,16,17,18,19,20,21,22,23,24,25,26,27,28,29,30,31,32,33,34,35,36,37,38,39,40,41,42,43,44,45,46,47,48,49,50,51,52,53,54,55,56,57,58,59,60,61,62,63,64,65,66,67,68,69,70,71,72,73,74,75,76,77,78,79,80,81,82,83,84,85,86,87,88,89,90,91,92,93,94,95,96,97,98,99,100,101,102,103,104,105,106,107,108,109,110,111,112,113,114,115,116,117,118,119,120,121,122,123,124,125,126,127,128,129,130,131,132,133,134,135,136,137,138,139,140,141,142,143,144,145,146,147,148,149,150,151,152,153,154,155,156,157,158,159,160,161,162,163,164,165,166,167,168,169,170,171,172,173,174,175,176,177,178,179,2,1,1,,,2,2016,0,0,0,0,0,0,0,0,0,0,0,0,0,0,0,0,0,0,0,0,0,0,0,0,0,0,0,0,0,0,0,0,0,0,0,0,0,0,0,0,0,0,0,0,0,0,0,0,0,0,0,0,0,0,0,0,0,8268.4111328125,8030.96337890625,7949.3837890625,7913.05419921875,7813.13232421875,7660.79150390625,0,0,0,0,0,0,0,0,0,0,0,0,0,0,0,0,0,0,0,0,0,0,0,0,0,0,0,0,0,0,0,0,0,0,0,0,0,0,0,0,0,0,0,0,0,0,0,0,0,0,0,0,0,0,0,0,0,0,0,0
1,1600,4,1,1300,4,1266,12661,112661,212661,4210.31201171875,64,66,1952,1950,0,0,1,2,3,4,5,6,7,8,9,10,11,12,13,14,15,16,17,18,19,20,21,22,23,24,25,26,27,28,29,30,31,32,33,34,35,36,37,38,39,40,41,42,43,44,45,46,47,48,49,50,51,52,53,54,55,56,57,58,59,60,61,62,63,64,65,66,67,68,69,70,71,72,73,74,75,76,77,78,79,80,81,82,83,84,85,86,87,88,89,90,91,92,93,94,95,96,97,98,99,100,101,102,103,104,105,106,107,108,109,110,111,112,113,114,115,116,117,118,119,120,121,122,123,124,125,126,127,128,129,130,131,132,133,134,135,136,137,138,139,140,141,142,143,144,145,146,147,148,149,150,151,152,153,154,155,156,157,158,159,160,161,162,163,164,165,1,2,1,,,1,2016,0,0,0,0,0,0,0,0,0,0,0,0,0,0,0,0,0,0,0,0,0,0,0,0,0,0,12822.6630859375,14344.791015625,16311.37890625,18839.20703125,21369.912109375,23446.61328125,25368.4140625,27279.947265625,29208.201171875,30827.869140625,32777.53515625,35072.4140625,37634.89453125,40330.51953125,42719.421875,50129.55859375,52497.02734375,54673.859375,56862.8984375,59066.33984375,61021.08984375,62357.80078125,64042.203125,66363.109375,68309.8828125,69728.6328125,71618.609375,73719.3125,76058.140625,78299.609375,80285.8984375,82509.5234375,82000,83055.1796875,84603.1953125,85487.0546875,85783.5,86015.46875,85080.921875,0,0,0,0,0,0,0,0,0,0,0,0,0,0,0,0,0,0,0,0,0,0,0,0,0,0,0,0,0,0,0,0,0,0,0,0,0,0,0,0,0,0,0,0,0,0,0,0,0,0,0,0,0,0,0,0,0,0
1,1600,4,1,1300,4,1266,12661,212661,112661,4210.31201171875,66,64,1950,1952,1,2,3,4,5,6,7,8,9,10,11,12,13,14,15,16,17,18,19,20,21,22,23,24,25,26,27,28,29,30,31,32,33,34,35,36,37,38,39,40,41,42,43,44,45,46,47,48,49,50,51,52,53,54,55,56,57,58,59,60,61,62,63,64,65,66,67,68,69,70,71,72,73,74,75,76,77,78,79,80,81,82,83,84,85,86,87,88,89,90,91,92,93,94,95,96,97,98,99,100,101,102,103,104,105,106,107,108,109,110,111,112,113,114,115,116,117,118,119,120,121,122,123,124,125,126,127,128,129,130,131,132,133,134,135,136,137,138,139,140,141,142,143,144,145,146,147,148,149,150,151,152,153,154,155,156,157,158,159,160,161,162,163,164,165,166,167,2,1,1,,,2,2016,0,0,0,0,0,0,0,0,0,0,0,0,0,0,0,0,0,0,0,0,0,0,0,0,0,0,0,0,0,0,20560.005859375,22487.806640625,24255.283203125,26001.751953125,27752.9765625,29200.798828125,30950.892578125,33014.828125,35316.66796875,37728.44140625,39838.859375,46603.81640625,48652.8125,50512.515625,52371.46875,54231.53515625,55851.88671875,56897.703125,58252.67578125,60175.87109375,61748.39453125,62834.671875,64336.84375,66017.8203125,67900.359375,69683.765625,71229.0859375,72974.0078125,72297.6328125,73000,74129.1640625,74670.4453125,74696.1484375,74665,73623.890625,0,0,0,0,0,0,0,0,0,0,0,0,0,0,0,0,0,0,0,0,0,0,0,0,0,0,0,0,0,0,0,0,0,0,0,0,0,0,0,0,0,0,0,0,0,0,0,0,0,0,0,0,0,0,0,0,0,0
1,1600,4,1,1300,4,1266,12662,112662,212662,4235.88916015625,64,66,1952,1950,0,0,1,2,3,4,5,6,7,8,9,10,11,12,13,14,15,16,17,18,19,20,21,22,23,24,25,26,27,28,29,30,31,32,33,34,35,36,37,38,39,40,41,42,43,44,45,46,47,48,49,50,51,52,53,54,55,56,57,58,59,60,61,62,63,64,65,66,67,68,69,70,71,72,73,74,75,76,77,78,79,80,81,82,83,84,85,86,87,88,89,90,91,92,93,94,95,96,97,98,99,100,101,102,103,104,105,106,107,108,109,110,111,112,113,114,115,116,117,118,119,120,121,122,123,124,125,126,127,128,129,130,131,132,133,134,135,136,137,138,139,140,141,142,143,144,145,146,147,148,149,150,151,152,153,154,155,156,157,158,159,160,161,162,163,164,165,1,2,1,,,1,2016,0,0,0,0,0,0,0,0,0,0,0,0,0,0,0,0,0,0,0,0,0,0,0,0,0,0,12822.6630859375,14344.791015625,16311.37890625,18839.20703125,21369.912109375,23446.61328125,25368.4140625,27279.947265625,29208.201171875,30827.869140625,32777.53515625,35072.4140625,37634.89453125,40330.51953125,42719.421875,50129.55859375,52497.02734375,54673.859375,56862.8984375,59066.33984375,61021.08984375,62357.80078125,64042.203125,66363.109375,68309.8828125,69728.6328125,71618.609375,73719.3125,76058.140625,78299.609375,80285.8984375,82509.5234375,82000,83055.1796875,84603.1953125,85487.0546875,85783.5,86015.46875,85080.921875,0,0,0,0,0,0,0,0,0,0,0,0,0,0,0,0,0,0,0,0,0,0,0,0,0,0,0,0,0,0,0,0,0,0,0,0,0,0,0,0,0,0,0,0,0,0,0,0,0,0,0,0,0,0,0,0,0,0
1,1600,4,1,1300,4,1266,12662,212662,112662,4235.88916015625,66,64,1950,1952,1,2,3,4,5,6,7,8,9,10,11,12,13,14,15,16,17,18,19,20,21,22,23,24,25,26,27,28,29,30,31,32,33,34,35,36,37,38,39,40,41,42,43,44,45,46,47,48,49,50,51,52,53,54,55,56,57,58,59,60,61,62,63,64,65,66,67,68,69,70,71,72,73,74,75,76,77,78,79,80,81,82,83,84,85,86,87,88,89,90,91,92,93,94,95,96,97,98,99,100,101,102,103,104,105,106,107,108,109,110,111,112,113,114,115,116,117,118,119,120,121,122,123,124,125,126,127,128,129,130,131,132,133,134,135,136,137,138,139,140,141,142,143,144,145,146,147,148,149,150,151,152,153,154,155,156,157,158,159,160,161,162,163,164,165,166,167,2,1,1,,,2,2016,0,0,0,0,0,0,0,0,0,0,0,0,0,0,0,0,0,0,0,0,0,0,0,0,0,0,0,0,0,0,20560.005859375,22487.806640625,24255.283203125,26001.751953125,27752.9765625,29200.798828125,30950.892578125,33014.828125,35316.66796875,37728.44140625,39838.859375,46603.81640625,48652.8125,50512.515625,52371.46875,54231.53515625,55851.88671875,56897.703125,58252.67578125,60175.87109375,61748.39453125,62834.671875,64336.84375,66017.8203125,67900.359375,69683.765625,71229.0859375,72974.0078125,72297.6328125,73000,74129.1640625,74670.4453125,74696.1484375,74665,73623.890625,0,0,0,0,0,0,0,0,0,0,0,0,0,0,0,0,0,0,0,0,0,0,0,0,0,0,0,0,0,0,0,0,0,0,0,0,0,0,0,0,0,0,0,0,0,0,0,0,0,0,0,0,0,0,0,0,0,0
1,1600,4,1,1300,4,1266,12663,112663,212663,4201.17431640625,64,66,1952,1950,0,0,1,2,3,4,5,6,7,8,9,10,11,12,13,14,15,16,17,18,19,20,21,22,23,24,25,26,27,28,29,30,31,32,33,34,35,36,37,38,39,40,41,42,43,44,45,46,47,48,49,50,51,52,53,54,55,56,57,58,59,60,61,62,63,64,65,66,67,68,69,70,71,72,73,74,75,76,77,78,79,80,81,82,83,84,85,86,87,88,89,90,91,92,93,94,95,96,97,98,99,100,101,102,103,104,105,106,107,108,109,110,111,112,113,114,115,116,117,118,119,120,121,122,123,124,125,126,127,128,129,130,131,132,133,134,135,136,137,138,139,140,141,142,143,144,145,146,147,148,149,150,151,152,153,154,155,156,157,158,159,160,161,162,163,164,165,1,2,1,,,1,2016,0,0,0,0,0,0,0,0,0,0,0,0,0,0,0,0,0,0,0,0,0,0,0,0,0,0,12822.6630859375,14344.791015625,16311.37890625,18839.20703125,21369.912109375,23446.61328125,25368.4140625,27279.947265625,29208.201171875,30827.869140625,32777.53515625,35072.4140625,37634.89453125,40330.51953125,42719.421875,50129.55859375,52497.02734375,54673.859375,56862.8984375,59066.33984375,61021.08984375,62357.80078125,64042.203125,66363.109375,68309.8828125,69728.6328125,71618.609375,73719.3125,76058.140625,78299.609375,80285.8984375,82509.5234375,82000,83055.1796875,84603.1953125,85487.0546875,85783.5,86015.46875,85080.921875,0,0,0,0,0,0,0,0,0,0,0,0,0,0,0,0,0,0,0,0,0,0,0,0,0,0,0,0,0,0,0,0,0,0,0,0,0,0,0,0,0,0,0,0,0,0,0,0,0,0,0,0,0,0,0,0,0,0
1,1600,4,1,1300,4,1266,12663,212663,112663,4201.17431640625,66,64,1950,1952,1,2,3,4,5,6,7,8,9,10,11,12,13,14,15,16,17,18,19,20,21,22,23,24,25,26,27,28,29,30,31,32,33,34,35,36,37,38,39,40,41,42,43,44,45,46,47,48,49,50,51,52,53,54,55,56,57,58,59,60,61,62,63,64,65,66,67,68,69,70,71,72,73,74,75,76,77,78,79,80,81,82,83,84,85,86,87,88,89,90,91,92,93,94,95,96,97,98,99,100,101,102,103,104,105,106,107,108,109,110,111,112,113,114,115,116,117,118,119,120,121,122,123,124,125,126,127,128,129,130,131,132,133,134,135,136,137,138,139,140,141,142,143,144,145,146,147,148,149,150,151,152,153,154,155,156,157,158,159,160,161,162,163,164,165,166,167,2,1,1,,,2,2016,0,0,0,0,0,0,0,0,0,0,0,0,0,0,0,0,0,0,0,0,0,0,0,0,0,0,0,0,0,0,20560.005859375,22487.806640625,24255.283203125,26001.751953125,27752.9765625,29200.798828125,30950.892578125,33014.828125,35316.66796875,37728.44140625,39838.859375,46603.81640625,48652.8125,50512.515625,52371.46875,54231.53515625,55851.88671875,56897.703125,58252.67578125,60175.87109375,61748.39453125,62834.671875,64336.84375,66017.8203125,67900.359375,69683.765625,71229.0859375,72974.0078125,72297.6328125,73000,74129.1640625,74670.4453125,74696.1484375,74665,73623.890625,0,0,0,0,0,0,0,0,0,0,0,0,0,0,0,0,0,0,0,0,0,0,0,0,0,0,0,0,0,0,0,0,0,0,0,0,0,0,0,0,0,0,0,0,0,0,0,0,0,0,0,0,0,0,0,0,0,0
1,1600,4,1,1200,4,1266,12664,112664,212664,4184.6220703125,64,66,1952,1950,0,0,1,2,3,4,5,6,7,8,9,10,11,12,13,14,15,16,17,18,19,20,21,22,23,24,25,26,27,28,29,30,31,32,33,34,35,36,37,38,39,40,41,42,43,44,45,46,47,48,49,50,51,52,53,54,55,56,57,58,59,60,61,62,63,64,65,66,67,68,69,70,71,72,73,74,75,76,77,78,79,80,81,82,83,84,85,86,87,88,89,90,91,92,93,94,95,96,97,98,99,100,101,102,103,104,105,106,107,108,109,110,111,112,113,114,115,116,117,118,119,120,121,122,123,124,125,126,127,128,129,130,131,132,133,134,135,136,137,138,139,140,141,142,143,144,145,146,147,148,149,150,151,152,153,154,155,156,157,158,159,160,161,162,163,164,165,1,2,1,,,1,2016,0,0,0,0,0,0,0,0,0,0,0,0,0,0,0,0,0,0,0,0,0,0,0,0,0,0,12822.6630859375,14344.791015625,16311.37890625,18839.20703125,21369.912109375,23446.61328125,25368.4140625,27279.947265625,29208.201171875,30827.869140625,32777.53515625,35072.4140625,37634.89453125,40330.51953125,42719.421875,50129.55859375,52497.02734375,54673.859375,56862.8984375,59066.33984375,61021.08984375,62357.80078125,64042.203125,66363.109375,68309.8828125,69728.6328125,71618.609375,73719.3125,76058.140625,78299.609375,80285.8984375,82509.5234375,82000,83055.1796875,84603.1953125,85487.0546875,85783.5,86015.46875,85080.921875,0,0,0,0,0,0,0,0,0,0,0,0,0,0,0,0,0,0,0,0,0,0,0,0,0,0,0,0,0,0,0,0,0,0,0,0,0,0,0,0,0,0,0,0,0,0,0,0,0,0,0,0,0,0,0,0,0,0
1,1600,4,1,1200,4,1266,12664,212664,112664,4184.6220703125,66,64,1950,1952,1,2,3,4,5,6,7,8,9,10,11,12,13,14,15,16,17,18,19,20,21,22,23,24,25,26,27,28,29,30,31,32,33,34,35,36,37,38,39,40,41,42,43,44,45,46,47,48,49,50,51,52,53,54,55,56,57,58,59,60,61,62,63,64,65,66,67,68,69,70,71,72,73,74,75,76,77,78,79,80,81,82,83,84,85,86,87,88,89,90,91,92,93,94,95,96,97,98,99,100,101,102,103,104,105,106,107,108,109,110,111,112,113,114,115,116,117,118,119,120,121,122,123,124,125,126,127,128,129,130,131,132,133,134,135,136,137,138,139,140,141,142,143,144,145,146,147,148,149,150,151,152,153,154,155,156,157,158,159,160,161,162,163,164,165,166,167,2,1,1,,,2,2016,0,0,0,0,0,0,0,0,0,0,0,0,0,0,0,0,0,0,0,0,0,0,0,0,0,0,0,0,0,0,20560.005859375,22487.806640625,24255.283203125,26001.751953125,27752.9765625,29200.798828125,30950.892578125,33014.828125,35316.66796875,37728.44140625,39838.859375,46603.81640625,48652.8125,50512.515625,52371.46875,54231.53515625,55851.88671875,56897.703125,58252.67578125,60175.87109375,61748.39453125,62834.671875,64336.84375,66017.8203125,67900.359375,69683.765625,71229.0859375,72974.0078125,72297.6328125,73000,74129.1640625,74670.4453125,74696.1484375,74665,73623.890625,0,0,0,0,0,0,0,0,0,0,0,0,0,0,0,0,0,0,0,0,0,0,0,0,0,0,0,0,0,0,0,0,0,0,0,0,0,0,0,0,0,0,0,0,0,0,0,0,0,0,0,0,0,0,0,0,0,0
1,1600,4,1,1300,4,1266,12665,112665,212665,4256.34912109375,64,66,1952,1950,0,0,1,2,3,4,5,6,7,8,9,10,11,12,13,14,15,16,17,18,19,20,21,22,23,24,25,26,27,28,29,30,31,32,33,34,35,36,37,38,39,40,41,42,43,44,45,46,47,48,49,50,51,52,53,54,55,56,57,58,59,60,61,62,63,64,65,66,67,68,69,70,71,72,73,74,75,76,77,78,79,80,81,82,83,84,85,86,87,88,89,90,91,92,93,94,95,96,97,98,99,100,101,102,103,104,105,106,107,108,109,110,111,112,113,114,115,116,117,118,119,120,121,122,123,124,125,126,127,128,129,130,131,132,133,134,135,136,137,138,139,140,141,142,143,144,145,146,147,148,149,150,151,152,153,154,155,156,157,158,159,160,161,162,163,164,165,1,2,1,,,1,2016,0,0,0,0,0,0,0,0,0,0,0,0,0,0,0,0,0,0,0,0,0,0,0,0,0,0,12822.6630859375,14344.791015625,16311.37890625,18839.20703125,21369.912109375,23446.61328125,25368.4140625,27279.947265625,29208.201171875,30827.869140625,32777.53515625,35072.4140625,37634.89453125,40330.51953125,42719.421875,50129.55859375,52497.02734375,54673.859375,56862.8984375,59066.33984375,61021.08984375,62357.80078125,64042.203125,66363.109375,68309.8828125,69728.6328125,71618.609375,73719.3125,76058.140625,78299.609375,80285.8984375,82509.5234375,82000,83055.1796875,84603.1953125,85487.0546875,85783.5,86015.46875,85080.921875,0,0,0,0,0,0,0,0,0,0,0,0,0,0,0,0,0,0,0,0,0,0,0,0,0,0,0,0,0,0,0,0,0,0,0,0,0,0,0,0,0,0,0,0,0,0,0,0,0,0,0,0,0,0,0,0,0,0
1,1600,4,1,1300,4,1266,12665,212665,112665,4256.34912109375,66,64,1950,1952,1,2,3,4,5,6,7,8,9,10,11,12,13,14,15,16,17,18,19,20,21,22,23,24,25,26,27,28,29,30,31,32,33,34,35,36,37,38,39,40,41,42,43,44,45,46,47,48,49,50,51,52,53,54,55,56,57,58,59,60,61,62,63,64,65,66,67,68,69,70,71,72,73,74,75,76,77,78,79,80,81,82,83,84,85,86,87,88,89,90,91,92,93,94,95,96,97,98,99,100,101,102,103,104,105,106,107,108,109,110,111,112,113,114,115,116,117,118,119,120,121,122,123,124,125,126,127,128,129,130,131,132,133,134,135,136,137,138,139,140,141,142,143,144,145,146,147,148,149,150,151,152,153,154,155,156,157,158,159,160,161,162,163,164,165,166,167,2,1,1,,,2,2016,0,0,0,0,0,0,0,0,0,0,0,0,0,0,0,0,0,0,0,0,0,0,0,0,0,0,0,0,0,0,20560.005859375,22487.806640625,24255.283203125,26001.751953125,27752.9765625,29200.798828125,30950.892578125,33014.828125,35316.66796875,37728.44140625,39838.859375,46603.81640625,48652.8125,50512.515625,52371.46875,54231.53515625,55851.88671875,56897.703125,58252.67578125,60175.87109375,61748.39453125,62834.671875,64336.84375,66017.8203125,67900.359375,69683.765625,71229.0859375,72974.0078125,72297.6328125,73000,74129.1640625,74670.4453125,74696.1484375,74665,73623.890625,0,0,0,0,0,0,0,0,0,0,0,0,0,0,0,0,0,0,0,0,0,0,0,0,0,0,0,0,0,0,0,0,0,0,0,0,0,0,0,0,0,0,0,0,0,0,0,0,0,0,0,0,0,0,0,0,0,0
0,0,0,0,0,0,1279,12791,112791,212791,12617.51171875,41,40,1975,1976,0,0,0,0,0,0,0,0,0,0,0,0,0,0,0,0,0,0,0,0,0,0,0,0,0,1,2,3,4,5,6,7,8,9,10,11,12,13,14,15,16,17,18,19,20,21,22,23,24,25,26,27,28,29,30,31,32,33,34,35,36,37,38,39,40,41,42,43,44,45,46,47,48,49,50,51,52,53,54,55,56,57,58,59,60,61,62,63,64,65,66,67,68,69,70,71,72,73,74,75,76,77,78,79,80,81,82,83,84,85,86,87,88,89,90,91,92,93,94,95,96,97,98,99,100,101,102,103,104,105,106,107,108,109,110,111,112,113,114,115,116,117,118,119,120,121,122,123,124,125,126,127,128,129,130,131,132,133,134,135,136,137,138,139,140,141,142,1,2,1,2041,2045,1,2016,0,0,0,0,0,0,0,0,0,0,0,0,0,0,0,0,0,0,0,0,0,0,0,0,0,0,0,0,0,0,0,0,0,0,0,0,0,0,0,0,0,0,0,0,0,0,0,0,0,39988.02734375,42663.578125,45139.36328125,48055.23046875,51270.3359375,54827.88671875,58504.046875,62177.84765625,73975.234375,76202.0546875,80000,77446.1328125,74370.8203125,70924.328125,73712.0625,75572.5859375,78000,80962.9296875,84156.2265625,86816.9609375,89110.9453125,94114.0078125,101421.8984375,106336.3984375,110165.890625,113434,116383.203125,119131.15625,121762.5546875,124289.8671875,126683.71875,128926.5859375,131006.1484375,132913.125,134638.484375,136174.1875,137513.125,138649.234375,139577.109375,140292.484375,140791.90625,141073.078125,39728.9765625,39684.42578125,39578.1875,39410.79296875,0,0,0,0,0,0,0,0,0,0,0,0,0,0,0,0,0,0,0,0,0,0,0,0,0,0,0,0
0,0,0,0,0,0,1279,12791,212791,112791,12617.51171875,40,41,1976,1975,0,0,0,0,0,0,0,0,0,0,0,0,0,0,0,0,0,0,0,0,0,0,0,0,0,0,1,2,3,4,5,6,7,8,9,10,11,12,13,14,15,16,17,18,19,20,21,22,23,24,25,26,27,28,29,30,31,32,33,34,35,36,37,38,39,40,41,42,43,44,45,46,47,48,49,50,51,52,53,54,55,56,57,58,59,60,61,62,63,64,65,66,67,68,69,70,71,72,73,74,75,76,77,78,79,80,81,82,83,84,85,86,87,88,89,90,91,92,93,94,95,96,97,98,99,100,101,102,103,104,105,106,107,108,109,110,111,112,113,114,115,116,117,118,119,120,121,122,123,124,125,126,127,128,129,130,131,132,133,134,135,136,137,138,139,140,141,2,1,1,2042,2044,2,2016,0,0,0,0,0,0,0,0,0,0,0,0,0,0,0,0,0,0,0,0,0,0,0,0,0,0,0,0,0,0,0,0,0,0,0,0,0,0,0,0,0,0,0,0,0,0,0,0,0,0,0,0,0,0,0,0,83610.015625,99629.0859375,102788.2890625,108079.609375,114290.859375,119887.078125,124888.671875,130000,125758.125,130000,135148.71875,140698.265625,145373.03125,149447.234375,158083.984375,606134.125,636496,660446.5,681100.0625,699898.6875,717541.4375,734534.375,750950.5,766608.375,781397.4375,795240.25,808074.375,819840.5625,830485.75,839960.1875,848220.5625,855229.5,860953.5,865366.5625,868447.125,870181.6875,245060.453125,244785.796875,0,0,0,0,0,0,0,0,0,0,0,0,0,0,0,0,0,0,0,0,0,0,0,0,0,0,0,0,0
0,0,0,0,0,0,1279,12792,112792,212792,12799.26953125,41,40,1975,1976,0,0,0,0,0,0,0,0,0,0,0,0,0,0,0,0,0,0,0,0,0,0,0,0,0,1,2,3,4,5,6,7,8,9,10,11,12,13,14,15,16,17,18,19,20,21,22,23,24,25,26,27,28,29,30,31,32,33,34,35,36,37,38,39,40,41,42,43,44,45,46,47,48,49,50,51,52,53,54,55,56,57,58,59,60,61,62,63,64,65,66,67,68,69,70,71,72,73,74,75,76,77,78,79,80,81,82,83,84,85,86,87,88,89,90,91,92,93,94,95,96,97,98,99,100,101,102,103,104,105,106,107,108,109,110,111,112,113,114,115,116,117,118,119,120,121,122,123,124,125,126,127,128,129,130,131,132,133,134,135,136,137,138,139,140,141,142,1,2,1,2041,2045,1,2016,0,0,0,0,0,0,0,0,0,0,0,0,0,0,0,0,0,0,0,0,0,0,0,0,0,0,0,0,0,0,0,0,0,0,0,0,0,0,0,0,0,0,0,0,0,0,0,0,0,39988.02734375,42663.578125,45139.36328125,48055.23046875,51270.3359375,54827.88671875,58504.046875,62177.84765625,73975.234375,76202.0546875,80000,77446.1328125,74370.8203125,70924.328125,73712.0625,75572.5859375,78000,80962.9296875,84156.2265625,86816.9609375,89110.9453125,94114.0078125,101421.8984375,106336.3984375,110165.890625,113434,116383.203125,119131.15625,121762.5546875,124289.8671875,126683.71875,128926.5859375,131006.1484375,132913.125,134638.484375,136174.1875,137513.125,138649.234375,139577.109375,140292.484375,140791.90625,141073.078125,39728.9765625,39684.42578125,39578.1875,39410.79296875,0,0,0,0,0,0,0,0,0,0,0,0,0,0,0,0,0,0,0,0,0,0,0,0,0,0,0,0
0,0,0,0,0,0,1279,12792,212792,112792,12799.26953125,40,41,1976,1975,0,0,0,0,0,0,0,0,0,0,0,0,0,0,0,0,0,0,0,0,0,0,0,0,0,0,1,2,3,4,5,6,7,8,9,10,11,12,13,14,15,16,17,18,19,20,21,22,23,24,25,26,27,28,29,30,31,32,33,34,35,36,37,38,39,40,41,42,43,44,45,46,47,48,49,50,51,52,53,54,55,56,57,58,59,60,61,62,63,64,65,66,67,68,69,70,71,72,73,74,75,76,77,78,79,80,81,82,83,84,85,86,87,88,89,90,91,92,93,94,95,96,97,98,99,100,101,102,103,104,105,106,107,108,109,110,111,112,113,114,115,116,117,118,119,120,121,122,123,124,125,126,127,128,129,130,131,132,133,134,135,136,137,138,139,140,141,2,1,1,2042,2044,2,2016,0,0,0,0,0,0,0,0,0,0,0,0,0,0,0,0,0,0,0,0,0,0,0,0,0,0,0,0,0,0,0,0,0,0,0,0,0,0,0,0,0,0,0,0,0,0,0,0,0,0,0,0,0,0,0,0,83610.015625,99629.0859375,102788.2890625,108079.609375,114290.859375,119887.078125,124888.671875,130000,125758.125,130000,135148.71875,140698.265625,145373.03125,149447.234375,158083.984375,606134.125,636496,660446.5,681100.0625,699898.6875,717541.4375,734534.375,750950.5,766608.375,781397.4375,795240.25,808074.375,819840.5625,830485.75,839960.1875,848220.5625,855229.5,860953.5,865366.5625,868447.125,870181.6875,245060.453125,244785.796875,0,0,0,0,0,0,0,0,0,0,0,0,0,0,0,0,0,0,0,0,0,0,0,0,0,0,0,0,0
0,0,0,0,0,0,1279,12793,112793,212793,12790.9248046875,41,40,1975,1976,0,0,0,0,0,0,0,0,0,0,0,0,0,0,0,0,0,0,0,0,0,0,0,0,0,1,2,3,4,5,6,7,8,9,10,11,12,13,14,15,16,17,18,19,20,21,22,23,24,25,26,27,28,29,30,31,32,33,34,35,36,37,38,39,40,41,42,43,44,45,46,47,48,49,50,51,52,53,54,55,56,57,58,59,60,61,62,63,64,65,66,67,68,69,70,71,72,73,74,75,76,77,78,79,80,81,82,83,84,85,86,87,88,89,90,91,92,93,94,95,96,97,98,99,100,101,102,103,104,105,106,107,108,109,110,111,112,113,114,115,116,117,118,119,120,121,122,123,124,125,126,127,128,129,130,131,132,133,134,135,136,137,138,139,140,141,142,1,2,1,2041,2045,1,2016,0,0,0,0,0,0,0,0,0,0,0,0,0,0,0,0,0,0,0,0,0,0,0,0,0,0,0,0,0,0,0,0,0,0,0,0,0,0,0,0,0,0,0,0,0,0,0,0,0,39988.02734375,42663.578125,45139.36328125,48055.23046875,51270.3359375,54827.88671875,58504.046875,62177.84765625,73975.234375,76202.0546875,80000,77446.1328125,74370.8203125,70924.328125,73712.0625,75572.5859375,78000,80962.9296875,84156.2265625,86816.9609375,89110.9453125,94114.0078125,101421.8984375,106336.3984375,110165.890625,113434,116383.203125,119131.15625,121762.5546875,124289.8671875,126683.71875,128926.5859375,131006.1484375,132913.125,134638.484375,136174.1875,137513.125,138649.234375,139577.109375,140292.484375,140791.90625,141073.078125,39728.9765625,39684.42578125,39578.1875,39410.79296875,0,0,0,0,0,0,0,0,0,0,0,0,0,0,0,0,0,0,0,0,0,0,0,0,0,0,0,0
0,0,0,0,0,0,1279,12793,212793,112793,12790.9248046875,40,41,1976,1975,0,0,0,0,0,0,0,0,0,0,0,0,0,0,0,0,0,0,0,0,0,0,0,0,0,0,1,2,3,4,5,6,7,8,9,10,11,12,13,14,15,16,17,18,19,20,21,22,23,24,25,26,27,28,29,30,31,32,33,34,35,36,37,38,39,40,41,42,43,44,45,46,47,48,49,50,51,52,53,54,55,56,57,58,59,60,61,62,63,64,65,66,67,68,69,70,71,72,73,74,75,76,77,78,79,80,81,82,83,84,85,86,87,88,89,90,91,92,93,94,95,96,97,98,99,100,101,102,103,104,105,106,107,108,109,110,111,112,113,114,115,116,117,118,119,120,121,122,123,124,125,126,127,128,129,130,131,132,133,134,135,136,137,138,139,140,141,2,1,1,2042,2044,2,2016,0,0,0,0,0,0,0,0,0,0,0,0,0,0,0,0,0,0,0,0,0,0,0,0,0,0,0,0,0,0,0,0,0,0,0,0,0,0,0,0,0,0,0,0,0,0,0,0,0,0,0,0,0,0,0,0,83610.015625,99629.0859375,102788.2890625,108079.609375,114290.859375,119887.078125,124888.671875,130000,125758.125,130000,135148.71875,140698.265625,145373.03125,149447.234375,158083.984375,606134.125,636496,660446.5,681100.0625,699898.6875,717541.4375,734534.375,750950.5,766608.375,781397.4375,795240.25,808074.375,819840.5625,830485.75,839960.1875,848220.5625,855229.5,860953.5,865366.5625,868447.125,870181.6875,245060.453125,244785.796875,0,0,0,0,0,0,0,0,0,0,0,0,0,0,0,0,0,0,0,0,0,0,0,0,0,0,0,0,0
0,0,0,0,0,0,1279,12794,112794,212794,12784.5927734375,41,40,1975,1976,0,0,0,0,0,0,0,0,0,0,0,0,0,0,0,0,0,0,0,0,0,0,0,0,0,1,2,3,4,5,6,7,8,9,10,11,12,13,14,15,16,17,18,19,20,21,22,23,24,25,26,27,28,29,30,31,32,33,34,35,36,37,38,39,40,41,42,43,44,45,46,47,48,49,50,51,52,53,54,55,56,57,58,59,60,61,62,63,64,65,66,67,68,69,70,71,72,73,74,75,76,77,78,79,80,81,82,83,84,85,86,87,88,89,90,91,92,93,94,95,96,97,98,99,100,101,102,103,104,105,106,107,108,109,110,111,112,113,114,115,116,117,118,119,120,121,122,123,124,125,126,127,128,129,130,131,132,133,134,135,136,137,138,139,140,141,142,1,2,1,2041,2045,1,2016,0,0,0,0,0,0,0,0,0,0,0,0,0,0,0,0,0,0,0,0,0,0,0,0,0,0,0,0,0,0,0,0,0,0,0,0,0,0,0,0,0,0,0,0,0,0,0,0,0,39988.02734375,42663.578125,45139.36328125,48055.23046875,51270.3359375,54827.88671875,58504.046875,62177.84765625,73975.234375,76202.0546875,80000,77446.1328125,74370.8203125,70924.328125,73712.0625,75572.5859375,78000,80962.9296875,84156.2265625,86816.9609375,89110.9453125,94114.0078125,101421.8984375,106336.3984375,110165.890625,113434,116383.203125,119131.15625,121762.5546875,124289.8671875,126683.71875,128926.5859375,131006.1484375,132913.125,134638.484375,136174.1875,137513.125,138649.234375,139577.109375,140292.484375,140791.90625,141073.078125,39728.9765625,39684.42578125,39578.1875,39410.79296875,0,0,0,0,0,0,0,0,0,0,0,0,0,0,0,0,0,0,0,0,0,0,0,0,0,0,0,0
0,0,0,0,0,0,1279,12794,212794,112794,12784.5927734375,40,41,1976,1975,0,0,0,0,0,0,0,0,0,0,0,0,0,0,0,0,0,0,0,0,0,0,0,0,0,0,1,2,3,4,5,6,7,8,9,10,11,12,13,14,15,16,17,18,19,20,21,22,23,24,25,26,27,28,29,30,31,32,33,34,35,36,37,38,39,40,41,42,43,44,45,46,47,48,49,50,51,52,53,54,55,56,57,58,59,60,61,62,63,64,65,66,67,68,69,70,71,72,73,74,75,76,77,78,79,80,81,82,83,84,85,86,87,88,89,90,91,92,93,94,95,96,97,98,99,100,101,102,103,104,105,106,107,108,109,110,111,112,113,114,115,116,117,118,119,120,121,122,123,124,125,126,127,128,129,130,131,132,133,134,135,136,137,138,139,140,141,2,1,1,2042,2044,2,2016,0,0,0,0,0,0,0,0,0,0,0,0,0,0,0,0,0,0,0,0,0,0,0,0,0,0,0,0,0,0,0,0,0,0,0,0,0,0,0,0,0,0,0,0,0,0,0,0,0,0,0,0,0,0,0,0,83610.015625,99629.0859375,102788.2890625,108079.609375,114290.859375,119887.078125,124888.671875,130000,125758.125,130000,135148.71875,140698.265625,145373.03125,149447.234375,158083.984375,606134.125,636496,660446.5,681100.0625,699898.6875,717541.4375,734534.375,750950.5,766608.375,781397.4375,795240.25,808074.375,819840.5625,830485.75,839960.1875,848220.5625,855229.5,860953.5,865366.5625,868447.125,870181.6875,245060.453125,244785.796875,0,0,0,0,0,0,0,0,0,0,0,0,0,0,0,0,0,0,0,0,0,0,0,0,0,0,0,0,0
0,0,0,0,0,0,1279,12795,112795,212795,12416.876953125,41,40,1975,1976,0,0,0,0,0,0,0,0,0,0,0,0,0,0,0,0,0,0,0,0,0,0,0,0,0,1,2,3,4,5,6,7,8,9,10,11,12,13,14,15,16,17,18,19,20,21,22,23,24,25,26,27,28,29,30,31,32,33,34,35,36,37,38,39,40,41,42,43,44,45,46,47,48,49,50,51,52,53,54,55,56,57,58,59,60,61,62,63,64,65,66,67,68,69,70,71,72,73,74,75,76,77,78,79,80,81,82,83,84,85,86,87,88,89,90,91,92,93,94,95,96,97,98,99,100,101,102,103,104,105,106,107,108,109,110,111,112,113,114,115,116,117,118,119,120,121,122,123,124,125,126,127,128,129,130,131,132,133,134,135,136,137,138,139,140,141,142,1,2,1,2041,2045,1,2016,0,0,0,0,0,0,0,0,0,0,0,0,0,0,0,0,0,0,0,0,0,0,0,0,0,0,0,0,0,0,0,0,0,0,0,0,0,0,0,0,0,0,0,0,0,0,0,0,0,39988.02734375,42663.578125,45139.36328125,48055.23046875,51270.3359375,54827.88671875,58504.046875,62177.84765625,73975.234375,76202.0546875,80000,77446.1328125,74370.8203125,70924.328125,73712.0625,75572.5859375,78000,80962.9296875,84156.2265625,86816.9609375,89110.9453125,94114.0078125,101421.8984375,106336.3984375,110165.890625,113434,116383.203125,119131.15625,121762.5546875,124289.8671875,126683.71875,128926.5859375,131006.1484375,132913.125,134638.484375,136174.1875,137513.125,138649.234375,139577.109375,140292.484375,140791.90625,141073.078125,39728.9765625,39684.42578125,39578.1875,39410.79296875,0,0,0,0,0,0,0,0,0,0,0,0,0,0,0,0,0,0,0,0,0,0,0,0,0,0,0,0
0,0,0,0,0,0,1279,12795,212795,112795,12416.876953125,40,41,1976,1975,0,0,0,0,0,0,0,0,0,0,0,0,0,0,0,0,0,0,0,0,0,0,0,0,0,0,1,2,3,4,5,6,7,8,9,10,11,12,13,14,15,16,17,18,19,20,21,22,23,24,25,26,27,28,29,30,31,32,33,34,35,36,37,38,39,40,41,42,43,44,45,46,47,48,49,50,51,52,53,54,55,56,57,58,59,60,61,62,63,64,65,66,67,68,69,70,71,72,73,74,75,76,77,78,79,80,81,82,83,84,85,86,87,88,89,90,91,92,93,94,95,96,97,98,99,100,101,102,103,104,105,106,107,108,109,110,111,112,113,114,115,116,117,118,119,120,121,122,123,124,125,126,127,128,129,130,131,132,133,134,135,136,137,138,139,140,141,2,1,1,2042,2044,2,2016,0,0,0,0,0,0,0,0,0,0,0,0,0,0,0,0,0,0,0,0,0,0,0,0,0,0,0,0,0,0,0,0,0,0,0,0,0,0,0,0,0,0,0,0,0,0,0,0,0,0,0,0,0,0,0,0,83610.015625,99629.0859375,102788.2890625,108079.609375,114290.859375,119887.078125,124888.671875,130000,125758.125,130000,135148.71875,140698.265625,145373.03125,149447.234375,158083.984375,606134.125,636496,660446.5,681100.0625,699898.6875,717541.4375,734534.375,750950.5,766608.375,781397.4375,795240.25,808074.375,819840.5625,830485.75,839960.1875,848220.5625,855229.5,860953.5,865366.5625,868447.125,870181.6875,245060.453125,244785.796875,0,0,0,0,0,0,0,0,0,0,0,0,0,0,0,0,0,0,0,0,0,0,0,0,0,0,0,0,0
0,0,0,0,0,0,1578,15781,115781,0,4270.73486328125,38,0,1978,0,0,0,0,0,0,0,0,0,0,0,0,0,0,0,0,0,0,0,0,0,0,0,0,0,0,0,0,0,1,2,3,4,5,6,7,8,9,10,11,12,13,14,15,16,17,18,19,20,21,22,23,24,25,26,27,28,29,30,31,32,33,34,35,36,37,38,39,40,41,42,43,44,45,46,47,48,49,50,51,52,53,54,55,56,57,58,59,60,61,62,63,64,65,66,67,68,69,70,71,72,73,74,75,76,77,78,79,80,81,82,83,84,85,86,87,88,89,90,91,92,93,94,95,96,97,98,99,100,101,102,103,104,105,106,107,108,109,110,111,112,113,114,115,116,117,118,119,120,121,122,123,124,125,126,127,128,129,130,131,132,133,134,135,136,137,138,139,2,0,0,2035,2035,1,2016,0,0,0,0,0,0,0,0,0,0,0,0,0,0,0,0,0,0,0,0,0,0,0,0,0,0,0,0,0,0,0,0,0,0,0,0,0,0,0,0,0,0,0,0,0,0,0,0,0,0,0,0,0,0,27485.056640625,29465.384765625,28169.37890625,30146.94140625,31200,31978.630859375,33922.0078125,35694.09375,37299.328125,38947.12890625,40117.3515625,41600,43382.64453125,45305.06640625,46956.51171875,48423.234375,51381.609375,55630.875,58599.9453125,60994.84375,63098.69140625,65042.6953125,66890.4765625,68688.3984375,70442.78125,72136.1015625,73757.3046875,75298.328125,76752.453125,78113.171875,79374.5,0,0,0,0,0,0,0,0,0,0,0,0,0,0,0,0,0,0,0,0,0,0,0,0,0,0,0,0,0,0,0,0,0,0,0,0,0,0
0,0,0,0,0,0,1578,15782,115782,0,4284.5888671875,38,0,1978,0,0,0,0,0,0,0,0,0,0,0,0,0,0,0,0,0,0,0,0,0,0,0,0,0,0,0,0,0,1,2,3,4,5,6,7,8,9,10,11,12,13,14,15,16,17,18,19,20,21,22,23,24,25,26,27,28,29,30,31,32,33,34,35,36,37,38,39,40,41,42,43,44,45,46,47,48,49,50,51,52,53,54,55,56,57,58,59,60,61,62,63,64,65,66,67,68,69,70,71,72,73,74,75,76,77,78,79,80,81,82,83,84,85,86,87,88,89,90,91,92,93,94,95,96,97,98,99,100,101,102,103,104,105,106,107,108,109,110,111,112,113,114,115,116,117,118,119,120,121,122,123,124,125,126,127,128,129,130,131,132,133,134,135,136,137,138,139,2,0,0,2038,2039,1,2016,0,0,0,0,0,0,0,0,0,0,0,0,0,0,0,0,0,0,0,0,0,0,0,0,0,0,0,0,0,0,0,0,0,0,0,0,0,0,0,0,0,0,0,0,0,0,0,0,0,0,0,0,0,0,27485.056640625,29465.384765625,28169.37890625,30146.94140625,31200,31978.630859375,33922.0078125,35694.09375,37299.328125,38947.12890625,40117.3515625,41600,43382.64453125,45305.06640625,46956.51171875,48423.234375,51381.609375,55630.875,58599.9453125,60994.84375,63098.69140625,65042.6953125,66890.4765625,68688.3984375,70442.78125,72136.1015625,73757.3046875,75298.328125,76752.453125,78113.171875,79374.5,80530.6953125,81576.578125,82507.4765625,23454.060546875,0,0,0,0,0,0,0,0,0,0,0,0,0,0,0,0,0,0,0,0,0,0,0,0,0,0,0,0,0,0,0,0,0,0
0,0,0,0,0,0,1578,15783,115783,0,4253.412109375,38,0,1978,0,0,0,0,0,0,0,0,0,0,0,0,0,0,0,0,0,0,0,0,0,0,0,0,0,0,0,0,0,1,2,3,4,5,6,7,8,9,10,11,12,13,14,15,16,17,18,19,20,21,22,23,24,25,26,27,28,29,30,31,32,33,34,35,36,37,38,39,40,41,42,43,44,45,46,47,48,49,50,51,52,53,54,55,56,57,58,59,60,61,62,63,64,65,66,67,68,69,70,71,72,73,74,75,76,77,78,79,80,81,82,83,84,85,86,87,88,89,90,91,92,93,94,95,96,97,98,99,100,101,102,103,104,105,106,107,108,109,110,111,112,113,114,115,116,117,118,119,120,121,122,123,124,125,126,127,128,129,130,131,132,133,134,135,136,137,138,139,2,0,0,2053,9999,1,2016,0,0,0,0,0,0,0,0,0,0,0,0,0,0,0,0,0,0,0,0,0,0,0,0,0,0,0,0,0,0,0,0,0,0,0,0,0,0,0,0,0,0,0,0,0,0,0,0,0,0,0,0,0,0,27485.056640625,29465.384765625,28169.37890625,30146.94140625,31200,31978.630859375,33922.0078125,35694.09375,37299.328125,38947.12890625,40117.3515625,41600,43382.64453125,45305.06640625,46956.51171875,48423.234375,51381.609375,55630.875,58599.9453125,60994.84375,63098.69140625,65042.6953125,66890.4765625,68688.3984375,70442.78125,72136.1015625,73757.3046875,75298.328125,76752.453125,78113.171875,79374.5,80530.6953125,81576.578125,82507.4765625,83319.0390625,84007.609375,84569.984375,85003.40625,85306.1171875,85476.4921875,85513.9765625,85418.1640625,85189.75,84829.53125,84339.4453125,83721.5,82978.8046875,82114.46875,81132.5859375,0,0,0,0,0,0,0,0,0,0,0,0,0,0,0,0,0,0,0,0
0,0,0,0,0,0,1578,15784,115784,0,4271.07568359375,38,0,1978,0,0,0,0,0,0,0,0,0,0,0,0,0,0,0,0,0,0,0,0,0,0,0,0,0,0,0,0,0,1,2,3,4,5,6,7,8,9,10,11,12,13,14,15,16,17,18,19,20,21,22,23,24,25,26,27,28,29,30,31,32,33,34,35,36,37,38,39,40,41,42,43,44,45,46,47,48,49,50,51,52,53,54,55,56,57,58,59,60,61,62,63,64,65,66,67,68,69,70,71,72,73,74,75,76,77,78,79,80,81,82,83,84,85,86,87,88,89,90,91,92,93,94,95,96,97,98,99,100,101,102,103,104,105,106,107,108,109,110,111,112,113,114,115,116,117,118,119,120,121,122,123,124,125,126,127,128,129,130,131,132,133,134,135,136,137,138,139,2,0,0,2030,2030,1,2016,0,0,0,0,0,0,0,0,0,0,0,0,0,0,0,0,0,0,0,0,0,0,0,0,0,0,0,0,0,0,0,0,0,0,0,0,0,0,0,0,0,0,0,0,0,0,0,0,0,0,0,0,0,0,27485.056640625,29465.384765625,28169.37890625,30146.94140625,31200,31978.630859375,33922.0078125,35694.09375,37299.328125,38947.12890625,40117.3515625,41600,43382.64453125,45305.06640625,46956.51171875,48423.234375,51381.609375,55630.875,58599.9453125,60994.84375,63098.69140625,65042.6953125,66890.4765625,68688.3984375,70442.78125,72136.1015625,0,0,0,0,0,0,0,0,0,0,0,0,0,0,0,0,0,0,0,0,0,0,0,0,0,0,0,0,0,0,0,0,0,0,0,0,0,0,0,0,0,0,0
0,0,0,0,0,0,1578,15785,115785,0,4261.7021484375,38,0,1978,0,0,0,0,0,0,0,0,0,0,0,0,0,0,0,0,0,0,0,0,0,0,0,0,0,0,0,0,0,1,2,3,4,5,6,7,8,9,10,11,12,13,14,15,16,17,18,19,20,21,22,23,24,25,26,27,28,29,30,31,32,33,34,35,36,37,38,39,40,41,42,43,44,45,46,47,48,49,50,51,52,53,54,55,56,57,58,59,60,61,62,63,64,65,66,67,68,69,70,71,72,73,74,75,76,77,78,79,80,81,82,83,84,85,86,87,88,89,90,91,92,93,94,95,96,97,98,99,100,101,102,103,104,105,106,107,108,109,110,111,112,113,114,115,116,117,118,119,120,121,122,123,124,125,126,127,128,129,130,131,132,133,134,135,136,137,138,139,2,0,0,2042,2042,1,2016,0,0,0,0,0,0,0,0,0,0,0,0,0,0,0,0,0,0,0,0,0,0,0,0,0,0,0,0,0,0,0,0,0,0,0,0,0,0,0,0,0,0,0,0,0,0,0,0,0,0,0,0,0,0,27485.056640625,29465.384765625,28169.37890625,30146.94140625,31200,31978.630859375,33922.0078125,35694.09375,37299.328125,38947.12890625,40117.3515625,41600,43382.64453125,45305.06640625,46956.51171875,48423.234375,51381.609375,55630.875,58599.9453125,60994.84375,63098.69140625,65042.6953125,66890.4765625,68688.3984375,70442.78125,72136.1015625,73757.3046875,75298.328125,76752.453125,78113.171875,79374.5,80530.6953125,81576.578125,82507.4765625,83319.0390625,84007.609375,84569.984375,85003.40625,0,0,0,0,0,0,0,0,0,0,0,0,0,0,0,0,0,0,0,0,0,0,0,0,0,0,0,0,0,0,0
0,0,0,0,0,0,1902,19021,119021,0,3630.03076171875,62,0,1954,0,0,0,0,0,1,2,3,4,5,6,7,8,9,10,11,12,13,14,15,16,17,18,19,20,21,22,23,24,25,26,27,28,29,30,31,32,33,34,35,36,37,38,39,40,41,42,43,44,45,46,47,48,49,50,51,52,53,54,55,56,57,58,59,60,61,62,63,64,65,66,67,68,69,70,71,72,73,74,75,76,77,78,79,80,81,82,83,84,85,86,87,88,89,90,91,92,93,94,95,96,97,98,99,100,101,102,103,104,105,106,107,108,109,110,111,112,113,114,115,116,117,118,119,120,121,122,123,124,125,126,127,128,129,130,131,132,133,134,135,136,137,138,139,140,141,142,143,144,145,146,147,148,149,150,151,152,153,154,155,156,157,158,159,160,161,162,163,2,0,0,2018,2019,1,2016,0,0,0,0,0,0,0,0,0,0,0,0,0,0,0,0,0,0,0,0,0,0,0,2931.63330078125,3347.921875,3716.90673828125,4160,0,0,0,0,0,0,0,0,0,0,0,0,0,0,0,0,0,0,0,0,0,28675.91015625,29807.916015625,30778.138671875,31515.478515625,32470.771484375,33527.55859375,34699.265625,35833.40625,36857.1484375,37996.2265625,37879.49609375,38486.7265625,39326.5078125,39861.43359375,40124.51953125,40358.6875,40044.8046875,40000,40182.31640625,40422.05859375,11360.4091796875,0,0,0,0,0,0,0,0,0,0,0,0,0,0,0,0,0,0,0,0,0,0,0,0,0,0,0,0,0,0,0,0,0,0,0,0,0,0,0,0,0,0,0,0,0,0,0,0,0,0,0,0,0,0
0,0,0,0,0,0,1902,19022,119022,0,3501.784423828125,62,0,1954,0,0,0,0,0,1,2,3,4,5,6,7,8,9,10,11,12,13,14,15,16,17,18,19,20,21,22,23,24,25,26,27,28,29,30,31,32,33,34,35,36,37,38,39,40,41,42,43,44,45,46,47,48,49,50,51,52,53,54,55,56,57,58,59,60,61,62,63,64,65,66,67,68,69,70,71,72,73,74,75,76,77,78,79,80,81,82,83,84,85,86,87,88,89,90,91,92,93,94,95,96,97,98,99,100,101,102,103,104,105,106,107,108,109,110,111,112,113,114,115,116,117,118,119,120,121,122,123,124,125,126,127,128,129,130,131,132,133,134,135,136,137,138,139,140,141,142,143,144,145,146,147,148,149,150,151,152,153,154,155,156,157,158,159,160,161,162,163,2,0,0,2018,2019,1,2016,0,0,0,0,0,0,0,0,0,0,0,0,0,0,0,0,0,0,0,0,0,0,0,2931.63330078125,3347.921875,3716.90673828125,4160,0,0,0,0,0,0,0,0,0,0,0,0,0,0,0,0,0,0,0,0,0,28675.91015625,29807.916015625,30778.138671875,31515.478515625,32470.771484375,33527.55859375,34699.265625,35833.40625,36857.1484375,37996.2265625,37879.49609375,38486.7265625,39326.5078125,39861.43359375,40124.51953125,40358.6875,40044.8046875,40000,40182.31640625,40422.05859375,11360.4091796875,0,0,0,0,0,0,0,0,0,0,0,0,0,0,0,0,0,0,0,0,0,0,0,0,0,0,0,0,0,0,0,0,0,0,0,0,0,0,0,0,0,0,0,0,0,0,0,0,0,0,0,0,0,0
0,0,0,0,0,0,1902,19023,119023,0,3585.084228515625,62,0,1954,0,0,0,0,0,1,2,3,4,5,6,7,8,9,10,11,12,13,14,15,16,17,18,19,20,21,22,23,24,25,26,27,28,29,30,31,32,33,34,35,36,37,38,39,40,41,42,43,44,45,46,47,48,49,50,51,52,53,54,55,56,57,58,59,60,61,62,63,64,65,66,67,68,69,70,71,72,73,74,75,76,77,78,79,80,81,82,83,84,85,86,87,88,89,90,91,92,93,94,95,96,97,98,99,100,101,102,103,104,105,106,107,108,109,110,111,112,113,114,115,116,117,118,119,120,121,122,123,124,125,126,127,128,129,130,131,132,133,134,135,136,137,138,139,140,141,142,143,144,145,146,147,148,149,150,151,152,153,154,155,156,157,158,159,160,161,162,163,2,0,0,2018,2019,1,2016,0,0,0,0,0,0,0,0,0,0,0,0,0,0,0,0,0,0,0,0,0,0,0,3298.0859375,3766.410400390625,4181.5185546875,4680,0,0,0,0,0,0,0,0,0,0,0,0,0,0,0,0,0,0,0,0,0,28675.91015625,29807.916015625,30778.138671875,31515.478515625,32470.771484375,33527.55859375,34699.265625,35833.40625,36857.1484375,37996.2265625,37879.49609375,38486.7265625,39326.5078125,39861.43359375,40124.51953125,40358.6875,40044.8046875,40000,40182.31640625,40422.05859375,11360.4091796875,0,0,0,0,0,0,0,0,0,0,0,0,0,0,0,0,0,0,0,0,0,0,0,0,0,0,0,0,0,0,0,0,0,0,0,0,0,0,0,0,0,0,0,0,0,0,0,0,0,0,0,0,0,0
0,0,0,0,0,0,1902,19024,119024,0,3559.125,62,0,1954,0,0,0,0,0,1,2,3,4,5,6,7,8,9,10,11,12,13,14,15,16,17,18,19,20,21,22,23,24,25,26,27,28,29,30,31,32,33,34,35,36,37,38,39,40,41,42,43,44,45,46,47,48,49,50,51,52,53,54,55,56,57,58,59,60,61,62,63,64,65,66,67,68,69,70,71,72,73,74,75,76,77,78,79,80,81,82,83,84,85,86,87,88,89,90,91,92,93,94,95,96,97,98,99,100,101,102,103,104,105,106,107,108,109,110,111,112,113,114,115,116,117,118,119,120,121,122,123,124,125,126,127,128,129,130,131,132,133,134,135,136,137,138,139,140,141,142,143,144,145,146,147,148,149,150,151,152,153,154,155,156,157,158,159,160,161,162,163,2,0,0,2018,2019,1,2016,0,0,0,0,0,0,0,0,0,0,0,0,0,0,0,0,0,0,0,0,0,0,0,3298.0859375,3766.410400390625,4181.5185546875,4680,0,0,0,0,0,0,0,0,0,0,0,0,0,0,0,0,0,0,0,0,0,28675.91015625,29807.916015625,30778.138671875,31515.478515625,32470.771484375,33527.55859375,34699.265625,35833.40625,36857.1484375,37996.2265625,37879.49609375,38486.7265625,39326.5078125,39861.43359375,40124.51953125,40358.6875,40044.8046875,40000,40182.31640625,40422.05859375,11360.4091796875,0,0,0,0,0,0,0,0,0,0,0,0,0,0,0,0,0,0,0,0,0,0,0,0,0,0,0,0,0,0,0,0,0,0,0,0,0,0,0,0,0,0,0,0,0,0,0,0,0,0,0,0,0,0
0,0,0,0,0,0,1902,19025,119025,0,3486.212890625,62,0,1954,0,0,0,0,0,1,2,3,4,5,6,7,8,9,10,11,12,13,14,15,16,17,18,19,20,21,22,23,24,25,26,27,28,29,30,31,32,33,34,35,36,37,38,39,40,41,42,43,44,45,46,47,48,49,50,51,52,53,54,55,56,57,58,59,60,61,62,63,64,65,66,67,68,69,70,71,72,73,74,75,76,77,78,79,80,81,82,83,84,85,86,87,88,89,90,91,92,93,94,95,96,97,98,99,100,101,102,103,104,105,106,107,108,109,110,111,112,113,114,115,116,117,118,119,120,121,122,123,124,125,126,127,128,129,130,131,132,133,134,135,136,137,138,139,140,141,142,143,144,145,146,147,148,149,150,151,152,153,154,155,156,157,158,159,160,161,162,163,2,0,0,2018,2019,1,2016,0,0,0,0,0,0,0,0,0,0,0,0,0,0,0,0,0,0,0,0,0,0,0,3298.0859375,3766.410400390625,4181.5185546875,4680,0,0,0,0,0,0,0,0,0,0,0,0,0,0,0,0,0,0,0,0,0,28675.91015625,29807.916015625,30778.138671875,31515.478515625,32470.771484375,33527.55859375,34699.265625,35833.40625,36857.1484375,37996.2265625,37879.49609375,38486.7265625,39326.5078125,39861.43359375,40124.51953125,40358.6875,40044.8046875,40000,40182.31640625,40422.05859375,11360.4091796875,0,0,0,0,0,0,0,0,0,0,0,0,0,0,0,0,0,0,0,0,0,0,0,0,0,0,0,0,0,0,0,0,0,0,0,0,0,0,0,0,0,0,0,0,0,0,0,0,0,0,0,0,0,0
0,0,0,0,0,0,2150,21501,121501,221501,4481.82568359375,45,42,1971,1974,0,0,0,0,0,0,0,0,0,0,0,0,0,0,0,0,0,0,0,0,0,1,2,3,4,5,6,7,8,9,10,11,12,13,14,15,16,17,18,19,20,21,22,23,24,25,26,27,28,29,30,31,32,33,34,35,36,37,38,39,40,41,42,43,44,45,46,47,48,49,50,51,52,53,54,55,56,57,58,59,60,61,62,63,64,65,66,67,68,69,70,71,72,73,74,75,76,77,78,79,80,81,82,83,84,85,86,87,88,89,90,91,92,93,94,95,96,97,98,99,100,101,102,103,104,105,106,107,108,109,110,111,112,113,114,115,116,117,118,119,120,121,122,123,124,125,126,127,128,129,130,131,132,133,134,135,136,137,138,139,140,141,142,143,144,145,146,1,2,1,2036,9999,1,2016,0,0,0,0,0,0,0,0,0,0,0,0,0,0,0,0,0,0,0,0,0,0,0,0,0,0,0,0,0,0,0,0,0,0,0,0,0,0,0,0,0,0,0,0,0,0,0,0,56394.29296875,60194.69921875,63823.0703125,67107.015625,70997.8046875,75277.1015625,80000,67435.5546875,56617.89453125,47643.4921875,48772.61328125,50885.203125,53391.75390625,55571.28125,57440.21484375,59326.87890625,60446.24609375,62000,63955.1484375,66064.4296875,67729.5390625,69087.0625,72512.359375,77657.1875,80914.0546875,83306.8828125,85245.0390625,86917.796875,88417.0234375,89808.1953125,91102.453125,92279.9375,93329.9609375,94245.8828125,95023.4375,95658.625,96148.265625,96490.2265625,27215.8671875,27227.703125,27197.146484375,27124.3125,27009.548828125,26853.373046875,26656.53515625,26419.927734375,26144.662109375,25831.97265625,0,0,0,0,0,0,0,0,0,0,0,0,0,0,0,0,0,0,0,0,0,0,0,0,0,0,0
0,0,0,0,0,0,2150,21501,221501,121501,4481.82568359375,42,45,1974,1971,0,0,0,0,0,0,0,0,0,0,0,0,0,0,0,0,0,0,0,0,0,0,0,0,1,2,3,4,5,6,7,8,9,10,11,12,13,14,15,16,17,18,19,20,21,22,23,24,25,26,27,28,29,30,31,32,33,34,35,36,37,38,39,40,41,42,43,44,45,46,47,48,49,50,51,52,53,54,55,56,57,58,59,60,61,62,63,64,65,66,67,68,69,70,71,72,73,74,75,76,77,78,79,80,81,82,83,84,85,86,87,88,89,90,91,92,93,94,95,96,97,98,99,100,101,102,103,104,105,106,107,108,109,110,111,112,113,114,115,116,117,118,119,120,121,122,123,124,125,126,127,128,129,130,131,132,133,134,135,136,137,138,139,140,141,142,143,2,1,1,2039,2039,2,2016,0,0,0,0,0,0,0,0,0,0,0,0,0,0,0,0,0,0,0,0,0,0,0,0,0,0,0,0,0,0,0,0,0,0,0,0,0,0,0,0,0,0,0,0,0,0,0,0,0,0,0,0,0,18933.89453125,20216.13671875,21538,22854.8515625,24307.2890625,25000,22864.931640625,21031.361328125,21992.486328125,22838.68359375,23699.416015625,24259.765625,25000,25909.234375,26889.173828125,27696.099609375,28383.654296875,29930.5546875,32204.388671875,33712.27734375,34871.97265625,35850.51953125,36725.3359375,37533.89453125,38303.1796875,39037.328125,39727.23828125,40367.59375,40954.84765625,41486.3046875,41959.32421875,42371.83984375,42721.83203125,43007.68359375,43228.0859375,43381.94921875,0,0,0,0,0,0,0,0,0,0,0,0,0,0,0,0,0,0,0,0,0,0,0,0,0,0,0,0,0,0,0,0,0,0
0,0,0,0,0,0,2150,21502,121502,221502,4552.50830078125,45,42,1971,1974,0,0,0,0,0,0,0,0,0,0,0,0,0,0,0,0,0,0,0,0,0,1,2,3,4,5,6,7,8,9,10,11,12,13,14,15,16,17,18,19,20,21,22,23,24,25,26,27,28,29,30,31,32,33,34,35,36,37,38,39,40,41,42,43,44,45,46,47,48,49,50,51,52,53,54,55,56,57,58,59,60,61,62,63,64,65,66,67,68,69,70,71,72,73,74,75,76,77,78,79,80,81,82,83,84,85,86,87,88,89,90,91,92,93,94,95,96,97,98,99,100,101,102,103,104,105,106,107,108,109,110,111,112,113,114,115,116,117,118,119,120,121,122,123,124,125,126,127,128,129,130,131,132,133,134,135,136,137,138,139,140,141,142,143,144,145,146,1,2,1,2036,9999,1,2016,0,0,0,0,0,0,0,0,0,0,0,0,0,0,0,0,0,0,0,0,0,0,0,0,0,0,0,0,0,0,0,0,0,0,0,0,0,0,0,0,0,0,0,0,0,0,0,0,56394.29296875,60194.69921875,63823.0703125,67107.015625,70997.8046875,75277.1015625,80000,67435.5546875,56617.89453125,47643.4921875,48772.61328125,50885.203125,53391.75390625,55571.28125,57440.21484375,59326.87890625,60446.24609375,62000,63955.1484375,66064.4296875,67729.5390625,69087.0625,72512.359375,77657.1875,80914.0546875,83306.8828125,85245.0390625,86917.796875,88417.0234375,89808.1953125,91102.453125,92279.9375,93329.9609375,94245.8828125,95023.4375,95658.625,96148.265625,96490.2265625,27215.8671875,27227.703125,27197.146484375,27124.3125,27009.548828125,26853.373046875,26656.53515625,26419.927734375,26144.662109375,25831.97265625,0,0,0,0,0,0,0,0,0,0,0,0,0,0,0,0,0,0,0,0,0,0,0,0,0,0,0
0,0,0,0,0,0,2150,21502,221502,121502,4552.50830078125,42,45,1974,1971,0,0,0,0,0,0,0,0,0,0,0,0,0,0,0,0,0,0,0,0,0,0,0,0,1,2,3,4,5,6,7,8,9,10,11,12,13,14,15,16,17,18,19,20,21,22,23,24,25,26,27,28,29,30,31,32,33,34,35,36,37,38,39,40,41,42,43,44,45,46,47,48,49,50,51,52,53,54,55,56,57,58,59,60,61,62,63,64,65,66,67,68,69,70,71,72,73,74,75,76,77,78,79,80,81,82,83,84,85,86,87,88,89,90,91,92,93,94,95,96,97,98,99,100,101,102,103,104,105,106,107,108,109,110,111,112,113,114,115,116,117,118,119,120,121,122,123,124,125,126,127,128,129,130,131,132,133,134,135,136,137,138,139,140,141,142,143,2,1,1,2039,2039,2,2016,0,0,0,0,0,0,0,0,0,0,0,0,0,0,0,0,0,0,0,0,0,0,0,0,0,0,0,0,0,0,0,0,0,0,0,0,0,0,0,0,0,0,0,0,0,0,0,0,0,0,0,0,0,18933.89453125,20216.13671875,21538,22854.8515625,24307.2890625,25000,22864.931640625,21031.361328125,21992.486328125,22838.68359375,23699.416015625,24259.765625,25000,25909.234375,26889.173828125,27696.099609375,28383.654296875,29930.5546875,32204.388671875,33712.27734375,34871.97265625,35850.51953125,36725.3359375,37533.89453125,38303.1796875,39037.328125,39727.23828125,40367.59375,40954.84765625,41486.3046875,41959.32421875,42371.83984375,42721.83203125,43007.68359375,43228.0859375,43381.94921875,0,0,0,0,0,0,0,0,0,0,0,0,0,0,0,0,0,0,0,0,0,0,0,0,0,0,0,0,0,0,0,0,0,0
0,0,0,0,0,0,2150,21503,121503,221503,4522.392578125,45,42,1971,1974,0,0,0,0,0,0,0,0,0,0,0,0,0,0,0,0,0,0,0,0,0,1,2,3,4,5,6,7,8,9,10,11,12,13,14,15,16,17,18,19,20,21,22,23,24,25,26,27,28,29,30,31,32,33,34,35,36,37,38,39,40,41,42,43,44,45,46,47,48,49,50,51,52,53,54,55,56,57,58,59,60,61,62,63,64,65,66,67,68,69,70,71,72,73,74,75,76,77,78,79,80,81,82,83,84,85,86,87,88,89,90,91,92,93,94,95,96,97,98,99,100,101,102,103,104,105,106,107,108,109,110,111,112,113,114,115,116,117,118,119,120,121,122,123,124,125,126,127,128,129,130,131,132,133,134,135,136,137,138,139,140,141,142,143,144,145,146,1,2,1,2036,9999,1,2016,0,0,0,0,0,0,0,0,0,0,0,0,0,0,0,0,0,0,0,0,0,0,0,0,0,0,0,0,0,0,0,0,0,0,0,0,0,0,0,0,0,0,0,0,0,0,0,0,56394.29296875,60194.69921875,63823.0703125,67107.015625,70997.8046875,75277.1015625,80000,67435.5546875,56617.89453125,47643.4921875,48772.61328125,50885.203125,53391.75390625,55571.28125,57440.21484375,59326.87890625,60446.24609375,62000,63955.1484375,66064.4296875,67729.5390625,69087.0625,72512.359375,77657.1875,80914.0546875,83306.8828125,85245.0390625,86917.796875,88417.0234375,89808.1953125,91102.453125,92279.9375,93329.9609375,94245.8828125,95023.4375,95658.625,96148.265625,96490.2265625,27215.8671875,27227.703125,27197.146484375,27124.3125,27009.548828125,26853.373046875,26656.53515625,26419.927734375,26144.662109375,25831.97265625,0,0,0,0,0,0,0,0,0,0,0,0,0,0,0,0,0,0,0,0,0,0,0,0,0,0,0
0,0,0,0,0,0,2150,21503,221503,121503,4522.392578125,42,45,1974,1971,0,0,0,0,0,0,0,0,0,0,0,0,0,0,0,0,0,0,0,0,0,0,0,0,1,2,3,4,5,6,7,8,9,10,11,12,13,14,15,16,17,18,19,20,21,22,23,24,25,26,27,28,29,30,31,32,33,34,35,36,37,38,39,40,41,42,43,44,45,46,47,48,49,50,51,52,53,54,55,56,57,58,59,60,61,62,63,64,65,66,67,68,69,70,71,72,73,74,75,76,77,78,79,80,81,82,83,84,85,86,87,88,89,90,91,92,93,94,95,96,97,98,99,100,101,102,103,104,105,106,107,108,109,110,111,112,113,114,115,116,117,118,119,120,121,122,123,124,125,126,127,128,129,130,131,132,133,134,135,136,137,138,139,140,141,142,143,2,1,1,2039,2039,2,2016,0,0,0,0,0,0,0,0,0,0,0,0,0,0,0,0,0,0,0,0,0,0,0,0,0,0,0,0,0,0,0,0,0,0,0,0,0,0,0,0,0,0,0,0,0,0,0,0,0,0,0,0,0,18933.89453125,20216.13671875,21538,22854.8515625,24307.2890625,25000,22864.931640625,21031.361328125,21992.486328125,22838.68359375,23699.416015625,24259.765625,25000,25909.234375,26889.173828125,27696.099609375,28383.654296875,29930.5546875,32204.388671875,33712.27734375,34871.97265625,35850.51953125,36725.3359375,37533.89453125,38303.1796875,39037.328125,39727.23828125,40367.59375,40954.84765625,41486.3046875,41959.32421875,42371.83984375,42721.83203125,43007.68359375,43228.0859375,43381.94921875,0,0,0,0,0,0,0,0,0,0,0,0,0,0,0,0,0,0,0,0,0,0,0,0,0,0,0,0,0,0,0,0,0,0
0,0,0,0,0,0,2150,21504,121504,221504,4521.7958984375,45,42,1971,1974,0,0,0,0,0,0,0,0,0,0,0,0,0,0,0,0,0,0,0,0,0,1,2,3,4,5,6,7,8,9,10,11,12,13,14,15,16,17,18,19,20,21,22,23,24,25,26,27,28,29,30,31,32,33,34,35,36,37,38,39,40,41,42,43,44,45,46,47,48,49,50,51,52,53,54,55,56,57,58,59,60,61,62,63,64,65,66,67,68,69,70,71,72,73,74,75,76,77,78,79,80,81,82,83,84,85,86,87,88,89,90,91,92,93,94,95,96,97,98,99,100,101,102,103,104,105,106,107,108,109,110,111,112,113,114,115,116,117,118,119,120,121,122,123,124,125,126,127,128,129,130,131,132,133,134,135,136,137,138,139,140,141,142,143,144,145,146,1,2,1,2036,9999,1,2016,0,0,0,0,0,0,0,0,0,0,0,0,0,0,0,0,0,0,0,0,0,0,0,0,0,0,0,0,0,0,0,0,0,0,0,0,0,0,0,0,0,0,0,0,0,0,0,0,56394.29296875,60194.69921875,63823.0703125,67107.015625,70997.8046875,75277.1015625,80000,67435.5546875,56617.89453125,47643.4921875,48772.61328125,50885.203125,53391.75390625,55571.28125,57440.21484375,59326.87890625,60446.24609375,62000,63955.1484375,66064.4296875,67729.5390625,69087.0625,72512.359375,77657.1875,80914.0546875,83306.8828125,85245.0390625,86917.796875,88417.0234375,89808.1953125,91102.453125,92279.9375,93329.9609375,94245.8828125,95023.4375,95658.625,96148.265625,96490.2265625,27215.8671875,27227.703125,27197.146484375,27124.3125,27009.548828125,26853.373046875,26656.53515625,26419.927734375,26144.662109375,25831.97265625,0,0,0,0,0,0,0,0,0,0,0,0,0,0,0,0,0,0,0,0,0,0,0,0,0,0,0
0,0,0,0,0,0,2150,21504,221504,121504,4521.7958984375,42,45,1974,1971,0,0,0,0,0,0,0,0,0,0,0,0,0,0,0,0,0,0,0,0,0,0,0,0,1,2,3,4,5,6,7,8,9,10,11,12,13,14,15,16,17,18,19,20,21,22,23,24,25,26,27,28,29,30,31,32,33,34,35,36,37,38,39,40,41,42,43,44,45,46,47,48,49,50,51,52,53,54,55,56,57,58,59,60,61,62,63,64,65,66,67,68,69,70,71,72,73,74,75,76,77,78,79,80,81,82,83,84,85,86,87,88,89,90,91,92,93,94,95,96,97,98,99,100,101,102,103,104,105,106,107,108,109,110,111,112,113,114,115,116,117,118,119,120,121,122,123,124,125,126,127,128,129,130,131,132,133,134,135,136,137,138,139,140,141,142,143,2,1,1,2039,2039,2,2016,0,0,0,0,0,0,0,0,0,0,0,0,0,0,0,0,0,0,0,0,0,0,0,0,0,0,0,0,0,0,0,0,0,0,0,0,0,0,0,0,0,0,0,0,0,0,0,0,0,0,0,0,0,18933.89453125,20216.13671875,21538,22854.8515625,24307.2890625,25000,22864.931640625,21031.361328125,21992.486328125,22838.68359375,23699.416015625,24259.765625,25000,25909.234375,26889.173828125,27696.099609375,28383.654296875,29930.5546875,32204.388671875,33712.27734375,34871.97265625,35850.51953125,36725.3359375,37533.89453125,38303.1796875,39037.328125,39727.23828125,40367.59375,40954.84765625,41486.3046875,41959.32421875,42371.83984375,42721.83203125,43007.68359375,43228.0859375,43381.94921875,0,0,0,0,0,0,0,0,0,0,0,0,0,0,0,0,0,0,0,0,0,0,0,0,0,0,0,0,0,0,0,0,0,0
0,0,0,0,0,0,2150,21505,121505,221505,4529.9765625,45,42,1971,1974,0,0,0,0,0,0,0,0,0,0,0,0,0,0,0,0,0,0,0,0,0,1,2,3,4,5,6,7,8,9,10,11,12,13,14,15,16,17,18,19,20,21,22,23,24,25,26,27,28,29,30,31,32,33,34,35,36,37,38,39,40,41,42,43,44,45,46,47,48,49,50,51,52,53,54,55,56,57,58,59,60,61,62,63,64,65,66,67,68,69,70,71,72,73,74,75,76,77,78,79,80,81,82,83,84,85,86,87,88,89,90,91,92,93,94,95,96,97,98,99,100,101,102,103,104,105,106,107,108,109,110,111,112,113,114,115,116,117,118,119,120,121,122,123,124,125,126,127,128,129,130,131,132,133,134,135,136,137,138,139,140,141,142,143,144,145,146,1,2,1,2036,9999,1,2016,0,0,0,0,0,0,0,0,0,0,0,0,0,0,0,0,0,0,0,0,0,0,0,0,0,0,0,0,0,0,0,0,0,0,0,0,0,0,0,0,0,0,0,0,0,0,0,0,56394.29296875,60194.69921875,63823.0703125,67107.015625,70997.8046875,75277.1015625,80000,67435.5546875,56617.89453125,47643.4921875,48772.61328125,50885.203125,53391.75390625,55571.28125,57440.21484375,59326.87890625,60446.24609375,62000,63955.1484375,66064.4296875,67729.5390625,69087.0625,72512.359375,77657.1875,80914.0546875,83306.8828125,85245.0390625,86917.796875,88417.0234375,89808.1953125,91102.453125,92279.9375,93329.9609375,94245.8828125,95023.4375,95658.625,96148.265625,96490.2265625,27215.8671875,27227.703125,27197.146484375,27124.3125,27009.548828125,26853.373046875,26656.53515625,26419.927734375,26144.662109375,25831.97265625,0,0,0,0,0,0,0,0,0,0,0,0,0,0,0,0,0,0,0,0,0,0,0,0,0,0,0
0,0,0,0,0,0,2150,21505,221505,121505,4529.9765625,42,45,1974,1971,0,0,0,0,0,0,0,0,0,0,0,0,0,0,0,0,0,0,0,0,0,0,0,0,1,2,3,4,5,6,7,8,9,10,11,12,13,14,15,16,17,18,19,20,21,22,23,24,25,26,27,28,29,30,31,32,33,34,35,36,37,38,39,40,41,42,43,44,45,46,47,48,49,50,51,52,53,54,55,56,57,58,59,60,61,62,63,64,65,66,67,68,69,70,71,72,73,74,75,76,77,78,79,80,81,82,83,84,85,86,87,88,89,90,91,92,93,94,95,96,97,98,99,100,101,102,103,104,105,106,107,108,109,110,111,112,113,114,115,116,117,118,119,120,121,122,123,124,125,126,127,128,129,130,131,132,133,134,135,136,137,138,139,140,141,142,143,2,1,1,2039,2039,2,2016,0,0,0,0,0,0,0,0,0,0,0,0,0,0,0,0,0,0,0,0,0,0,0,0,0,0,0,0,0,0,0,0,0,0,0,0,0,0,0,0,0,0,0,0,0,0,0,0,0,0,0,0,0,18933.89453125,20216.13671875,21538,22854.8515625,24307.2890625,25000,22864.931640625,21031.361328125,21992.486328125,22838.68359375,23699.416015625,24259.765625,25000,25909.234375,26889.173828125,27696.099609375,28383.654296875,29930.5546875,32204.388671875,33712.27734375,34871.97265625,35850.51953125,36725.3359375,37533.89453125,38303.1796875,39037.328125,39727.23828125,40367.59375,40954.84765625,41486.3046875,41959.32421875,42371.83984375,42721.83203125,43007.68359375,43228.0859375,43381.94921875,0,0,0,0,0,0,0,0,0,0,0,0,0,0,0,0,0,0,0,0,0,0,0,0,0,0,0,0,0,0,0,0,0,0
0,0,0,0,0,0,2223,22231,122231,0,3683.95849609375,41,0,1975,0,0,0,0,0,0,0,0,0,0,0,0,0,0,0,0,0,0,0,0,0,0,0,0,0,0,1,2,3,4,5,6,7,8,9,10,11,12,13,14,15,16,17,18,19,20,21,22,23,24,25,26,27,28,29,30,31,32,33,34,35,36,37,38,39,40,41,42,43,44,45,46,47,48,49,50,51,52,53,54,55,56,57,58,59,60,61,62,63,64,65,66,67,68,69,70,71,72,73,74,75,76,77,78,79,80,81,82,83,84,85,86,87,88,89,90,91,92,93,94,95,96,97,98,99,100,101,102,103,104,105,106,107,108,109,110,111,112,113,114,115,116,117,118,119,120,121,122,123,124,125,126,127,128,129,130,131,132,133,134,135,136,137,138,139,140,141,142,2,0,0,2040,2040,1,2016,0,0,0,0,0,0,0,0,0,0,0,0,0,0,0,0,0,0,0,0,0,0,0,0,0,0,0,0,0,0,0,0,0,0,0,0,0,0,0,0,0,0,0,0,0,0,0,0,0,0,19020.90625,20124.67578125,21424.669921875,22858.095703125,24444.15234375,26083.109375,27721.017578125,29528.708984375,27233.84765625,28591.19921875,30187.20703125,31616,32883.69140625,34176.23828125,35038.86328125,0,37538.0703125,39018.58984375,40252.2265625,41315.859375,43635.50390625,47023.7734375,49302.35546875,51077.83203125,52593.07421875,53960.5078125,55234.5859375,56454.56640625,57626.34375,58736.296875,59776.1875,60740.3671875,61624.53125,62424.41796875,63136.4453125,63757.29296875,64283.984375,64714.25,65045.93359375,65277.484375,0,0,0,0,0,0,0,0,0,0,0,0,0,0,0,0,0,0,0,0,0,0,0,0,0,0,0,0,0,0,0,0,0
0,0,0,0,0,0,2223,22232,122232,0,3671.249267578125,41,0,1975,0,0,0,0,0,0,0,0,0,0,0,0,0,0,0,0,0,0,0,0,0,0,0,0,0,0,1,2,3,4,5,6,7,8,9,10,11,12,13,14,15,16,17,18,19,20,21,22,23,24,25,26,27,28,29,30,31,32,33,34,35,36,37,38,39,40,41,42,43,44,45,46,47,48,49,50,51,52,53,54,55,56,57,58,59,60,61,62,63,64,65,66,67,68,69,70,71,72,73,74,75,76,77,78,79,80,81,82,83,84,85,86,87,88,89,90,91,92,93,94,95,96,97,98,99,100,101,102,103,104,105,106,107,108,109,110,111,112,113,114,115,116,117,118,119,120,121,122,123,124,125,126,127,128,129,130,131,132,133,134,135,136,137,138,139,140,141,142,2,0,0,2040,2040,1,2016,0,0,0,0,0,0,0,0,0,0,0,0,0,0,0,0,0,0,0,0,0,0,0,0,0,0,0,0,0,0,0,0,0,0,0,0,0,0,0,0,0,0,0,0,0,0,0,0,0,0,19020.90625,20124.67578125,21424.669921875,22858.095703125,24444.15234375,26083.109375,27721.017578125,29528.708984375,27233.84765625,28591.19921875,30187.20703125,31616,32883.69140625,34176.23828125,35038.86328125,0,37538.0703125,39018.58984375,40252.2265625,41315.859375,43635.50390625,47023.7734375,49302.35546875,51077.83203125,52593.07421875,53960.5078125,55234.5859375,56454.56640625,57626.34375,58736.296875,59776.1875,60740.3671875,61624.53125,62424.41796875,63136.4453125,63757.29296875,64283.984375,64714.25,65045.93359375,65277.484375,0,0,0,0,0,0,0,0,0,0,0,0,0,0,0,0,0,0,0,0,0,0,0,0,0,0,0,0,0,0,0,0,0
0,0,0,0,0,0,2223,22233,122233,0,3675.16552734375,41,0,1975,0,0,0,0,0,0,0,0,0,0,0,0,0,0,0,0,0,0,0,0,0,0,0,0,0,0,1,2,3,4,5,6,7,8,9,10,11,12,13,14,15,16,17,18,19,20,21,22,23,24,25,26,27,28,29,30,31,32,33,34,35,36,37,38,39,40,41,42,43,44,45,46,47,48,49,50,51,52,53,54,55,56,57,58,59,60,61,62,63,64,65,66,67,68,69,70,71,72,73,74,75,76,77,78,79,80,81,82,83,84,85,86,87,88,89,90,91,92,93,94,95,96,97,98,99,100,101,102,103,104,105,106,107,108,109,110,111,112,113,114,115,116,117,118,119,120,121,122,123,124,125,126,127,128,129,130,131,132,133,134,135,136,137,138,139,140,141,142,2,0,0,2040,2040,1,2016,0,0,0,0,0,0,0,0,0,0,0,0,0,0,0,0,0,0,0,0,0,0,0,0,0,0,0,0,0,0,0,0,0,0,0,0,0,0,0,0,0,0,0,0,0,0,0,0,0,0,19146.044921875,20257.076171875,21565.623046875,23008.478515625,24604.970703125,26254.7109375,27903.39453125,29722.98046875,27413.01953125,28779.30078125,30385.80859375,31824,33100.03125,34401.0859375,35269.3828125,0,37785.03125,39275.29296875,40517.046875,41587.67578125,43922.58203125,47333.140625,49626.71484375,51413.875,52939.0859375,54315.515625,55597.97265625,56825.98046875,58005.46875,59122.72265625,60169.45703125,61139.9765625,62029.9609375,62835.109375,63551.8203125,64176.75390625,64706.91015625,65140.00390625,65473.87109375,65706.9453125,0,0,0,0,0,0,0,0,0,0,0,0,0,0,0,0,0,0,0,0,0,0,0,0,0,0,0,0,0,0,0,0,0
0,0,0,0,0,0,2223,22234,122234,0,3667.499267578125,41,0,1975,0,0,0,0,0,0,0,0,0,0,0,0,0,0,0,0,0,0,0,0,0,0,0,0,0,0,1,2,3,4,5,6,7,8,9,10,11,12,13,14,15,16,17,18,19,20,21,22,23,24,25,26,27,28,29,30,31,32,33,34,35,36,37,38,39,40,41,42,43,44,45,46,47,48,49,50,51,52,53,54,55,56,57,58,59,60,61,62,63,64,65,66,67,68,69,70,71,72,73,74,75,76,77,78,79,80,81,82,83,84,85,86,87,88,89,90,91,92,93,94,95,96,97,98,99,100,101,102,103,104,105,106,107,108,109,110,111,112,113,114,115,116,117,118,119,120,121,122,123,124,125,126,127,128,129,130,131,132,133,134,135,136,137,138,139,140,141,142,2,0,0,2040,2040,1,2016,0,0,0,0,0,0,0,0,0,0,0,0,0,0,0,0,0,0,0,0,0,0,0,0,0,0,0,0,0,0,0,0,0,0,0,0,0,0,0,0,0,0,0,0,0,0,0,0,0,0,19020.90625,20124.67578125,21424.669921875,22858.095703125,24444.15234375,26083.109375,27721.017578125,29528.708984375,27233.84765625,28591.19921875,30187.20703125,31616,32883.69140625,34176.23828125,35038.86328125,0,37538.0703125,39018.58984375,40252.2265625,41315.859375,43635.50390625,47023.7734375,49302.35546875,51077.83203125,52593.07421875,53960.5078125,55234.5859375,56454.56640625,57626.34375,58736.296875,59776.1875,60740.3671875,61624.53125,62424.41796875,63136.4453125,63757.29296875,64283.984375,64714.25,65045.93359375,65277.484375,0,0,0,0,0,0,0,0,0,0,0,0,0,0,0,0,0,0,0,0,0,0,0,0,0,0,0,0,0,0,0,0,0
0,0,0,0,0,0,2223,22235,122235,0,3674.98046875,41,0,1975,0,0,0,0,0,0,0,0,0,0,0,0,0,0,0,0,0,0,0,0,0,0,0,0,0,0,1,2,3,4,5,6,7,8,9,10,11,12,13,14,15,16,17,18,19,20,21,22,23,24,25,26,27,28,29,30,31,32,33,34,35,36,37,38,39,40,41,42,43,44,45,46,47,48,49,50,51,52,53,54,55,56,57,58,59,60,61,62,63,64,65,66,67,68,69,70,71,72,73,74,75,76,77,78,79,80,81,82,83,84,85,86,87,88,89,90,91,92,93,94,95,96,97,98,99,100,101,102,103,104,105,106,107,108,109,110,111,112,113,114,115,116,117,118,119,120,121,122,123,124,125,126,127,128,129,130,131,132,133,134,135,136,137,138,139,140,141,142,2,0,0,2040,2040,1,2016,0,0,0,0,0,0,0,0,0,0,0,0,0,0,0,0,0,0,0,0,0,0,0,0,0,0,0,0,0,0,0,0,0,0,0,0,0,0,0,0,0,0,0,0,0,0,0,0,0,0,19020.90625,20124.67578125,21424.669921875,22858.095703125,24444.15234375,26083.109375,27721.017578125,29528.708984375,27233.84765625,28591.19921875,30187.20703125,31616,32883.69140625,34176.23828125,35038.86328125,0,37538.0703125,39018.58984375,40252.2265625,41315.859375,43635.50390625,47023.7734375,49302.35546875,51077.83203125,52593.07421875,53960.5078125,55234.5859375,56454.56640625,57626.34375,58736.296875,59776.1875,60740.3671875,61624.53125,62424.41796875,63136.4453125,63757.29296875,64283.984375,64714.25,65045.93359375,65277.484375,0,0,0,0,0,0,0,0,0,0,0,0,0,0,0,0,0,0,0,0,0,0,0,0,0,0,0,0,0,0,0,0,0
0,0,0,0,0,0,2270,22701,122701,0,4124.8408203125,28,0,1988,0,0,0,0,0,0,0,0,0,0,0,0,0,0,0,0,0,0,0,0,0,0,0,0,0,0,0,0,0,0,0,0,0,0,0,0,0,0,0,1,2,3,4,5,6,7,8,9,10,11,12,13,14,15,16,17,18,19,20,21,22,23,24,25,26,27,28,29,30,31,32,33,34,35,36,37,38,39,40,41,42,43,44,45,46,47,48,49,50,51,52,53,54,55,56,57,58,59,60,61,62,63,64,65,66,67,68,69,70,71,72,73,74,75,76,77,78,79,80,81,82,83,84,85,86,87,88,89,90,91,92,93,94,95,96,97,98,99,100,101,102,103,104,105,106,107,108,109,110,111,112,113,114,115,116,117,118,119,120,121,122,123,124,125,126,127,128,129,1,0,0,2051,2051,1,2016,0,0,0,0,0,0,0,0,0,0,0,0,0,0,0,0,0,0,0,0,0,0,0,0,0,0,0,0,0,0,0,0,0,0,0,0,0,0,0,0,0,0,0,0,0,0,0,0,0,0,0,0,0,0,0,0,0,19837.970703125,20911.904296875,22464.05859375,24266.4453125,26000,27662.15234375,29405.19921875,30831.90625,0,34537.4921875,36703.61328125,38708.0078125,40612.2890625,43839.5546875,48281.9453125,51728.72265625,54758.23828125,57604.25390625,60376.27734375,63127.8984375,65900.0546875,68697.2734375,71501.0546875,74298.0859375,77077.2890625,79828.421875,82540.9375,85204.3359375,87807.9375,90341.140625,92793.2578125,95153.875,97412.7109375,99559.734375,101585.1953125,103480.0234375,105235.2890625,106842.8359375,108294.9609375,109584.921875,110706.2265625,111653.53125,112422.1875,113008.296875,0,0,0,0,0,0,0,0,0,0,0,0,0,0,0,0,0,0,0,0,0,0
0,0,0,0,0,0,2270,22702,122702,0,4158.615234375,28,0,1988,0,0,0,0,0,0,0,0,0,0,0,0,0,0,0,0,0,0,0,0,0,0,0,0,0,0,0,0,0,0,0,0,0,0,0,0,0,0,0,1,2,3,4,5,6,7,8,9,10,11,12,13,14,15,16,17,18,19,20,21,22,23,24,25,26,27,28,29,30,31,32,33,34,35,36,37,38,39,40,41,42,43,44,45,46,47,48,49,50,51,52,53,54,55,56,57,58,59,60,61,62,63,64,65,66,67,68,69,70,71,72,73,74,75,76,77,78,79,80,81,82,83,84,85,86,87,88,89,90,91,92,93,94,95,96,97,98,99,100,101,102,103,104,105,106,107,108,109,110,111,112,113,114,115,116,117,118,119,120,121,122,123,124,125,126,127,128,129,1,0,0,2051,2051,1,2016,0,0,0,0,0,0,0,0,0,0,0,0,0,0,0,0,0,0,0,0,0,0,0,0,0,0,0,0,0,0,0,0,0,0,0,0,0,0,0,0,0,0,0,0,0,0,0,0,0,0,0,0,0,0,0,0,0,19837.970703125,20911.904296875,22464.05859375,24266.4453125,26000,27662.15234375,29405.19921875,30831.90625,0,34537.4921875,36703.61328125,38708.0078125,40612.2890625,43839.5546875,48281.9453125,51728.72265625,54758.23828125,57604.25390625,60376.27734375,63127.8984375,65900.0546875,68697.2734375,71501.0546875,74298.0859375,77077.2890625,79828.421875,82540.9375,85204.3359375,87807.9375,90341.140625,92793.2578125,95153.875,97412.7109375,99559.734375,101585.1953125,103480.0234375,105235.2890625,106842.8359375,108294.9609375,109584.921875,110706.2265625,111653.53125,112422.1875,113008.296875,0,0,0,0,0,0,0,0,0,0,0,0,0,0,0,0,0,0,0,0,0,0
0,0,0,0,0,0,2270,22703,122703,0,4117.6025390625,28,0,1988,0,0,0,0,0,0,0,0,0,0,0,0,0,0,0,0,0,0,0,0,0,0,0,0,0,0,0,0,0,0,0,0,0,0,0,0,0,0,0,1,2,3,4,5,6,7,8,9,10,11,12,13,14,15,16,17,18,19,20,21,22,23,24,25,26,27,28,29,30,31,32,33,34,35,36,37,38,39,40,41,42,43,44,45,46,47,48,49,50,51,52,53,54,55,56,57,58,59,60,61,62,63,64,65,66,67,68,69,70,71,72,73,74,75,76,77,78,79,80,81,82,83,84,85,86,87,88,89,90,91,92,93,94,95,96,97,98,99,100,101,102,103,104,105,106,107,108,109,110,111,112,113,114,115,116,117,118,119,120,121,122,123,124,125,126,127,128,129,1,0,0,2051,2051,1,2016,0,0,0,0,0,0,0,0,0,0,0,0,0,0,0,0,0,0,0,0,0,0,0,0,0,0,0,0,0,0,0,0,0,0,0,0,0,0,0,0,0,0,0,0,0,0,0,0,0,0,0,0,0,0,0,0,0,19837.970703125,20911.904296875,22464.05859375,24266.4453125,26000,27662.15234375,29405.19921875,30831.90625,0,34537.4921875,36703.61328125,38708.0078125,40612.2890625,43839.5546875,48281.9453125,51728.72265625,54758.23828125,57604.25390625,60376.27734375,63127.8984375,65900.0546875,68697.2734375,71501.0546875,74298.0859375,77077.2890625,79828.421875,82540.9375,85204.3359375,87807.9375,90341.140625,92793.2578125,95153.875,97412.7109375,99559.734375,101585.1953125,103480.0234375,105235.2890625,106842.8359375,108294.9609375,109584.921875,110706.2265625,111653.53125,112422.1875,113008.296875,0,0,0,0,0,0,0,0,0,0,0,0,0,0,0,0,0,0,0,0,0,0
0,0,0,0,0,0,2270,22704,122704,0,4160.62353515625,28,0,1988,0,0,0,0,0,0,0,0,0,0,0,0,0,0,0,0,0,0,0,0,0,0,0,0,0,0,0,0,0,0,0,0,0,0,0,0,0,0,0,1,2,3,4,5,6,7,8,9,10,11,12,13,14,15,16,17,18,19,20,21,22,23,24,25,26,27,28,29,30,31,32,33,34,35,36,37,38,39,40,41,42,43,44,45,46,47,48,49,50,51,52,53,54,55,56,57,58,59,60,61,62,63,64,65,66,67,68,69,70,71,72,73,74,75,76,77,78,79,80,81,82,83,84,85,86,87,88,89,90,91,92,93,94,95,96,97,98,99,100,101,102,103,104,105,106,107,108,109,110,111,112,113,114,115,116,117,118,119,120,121,122,123,124,125,126,127,128,129,1,0,0,2051,2051,1,2016,0,0,0,0,0,0,0,0,0,0,0,0,0,0,0,0,0,0,0,0,0,0,0,0,0,0,0,0,0,0,0,0,0,0,0,0,0,0,0,0,0,0,0,0,0,0,0,0,0,0,0,0,0,0,0,0,0,19837.970703125,20911.904296875,22464.05859375,24266.4453125,26000,27662.15234375,29405.19921875,30831.90625,0,34537.4921875,36703.61328125,38708.0078125,40612.2890625,43839.5546875,48281.9453125,51728.72265625,54758.23828125,57604.25390625,60376.27734375,63127.8984375,65900.0546875,68697.2734375,71501.0546875,74298.0859375,77077.2890625,79828.421875,82540.9375,85204.3359375,87807.9375,90341.140625,92793.2578125,95153.875,97412.7109375,99559.734375,101585.1953125,103480.0234375,105235.2890625,106842.8359375,108294.9609375,109584.921875,110706.2265625,111653.53125,112422.1875,113008.296875,0,0,0,0,0,0,0,0,0,0,0,0,0,0,0,0,0,0,0,0,0,0
0,0,0,0,0,0,2270,22705,122705,0,4105.74658203125,28,0,1988,0,0,0,0,0,0,0,0,0,0,0,0,0,0,0,0,0,0,0,0,0,0,0,0,0,0,0,0,0,0,0,0,0,0,0,0,0,0,0,1,2,3,4,5,6,7,8,9,10,11,12,13,14,15,16,17,18,19,20,21,22,23,24,25,26,27,28,29,30,31,32,33,34,35,36,37,38,39,40,41,42,43,44,45,46,47,48,49,50,51,52,53,54,55,56,57,58,59,60,61,62,63,64,65,66,67,68,69,70,71,72,73,74,75,76,77,78,79,80,81,82,83,84,85,86,87,88,89,90,91,92,93,94,95,96,97,98,99,100,101,102,103,104,105,106,107,108,109,110,111,112,113,114,115,116,117,118,119,120,121,122,123,124,125,126,127,128,129,1,0,0,2051,2051,1,2016,0,0,0,0,0,0,0,0,0,0,0,0,0,0,0,0,0,0,0,0,0,0,0,0,0,0,0,0,0,0,0,0,0,0,0,0,0,0,0,0,0,0,0,0,0,0,0,0,0,0,0,0,0,0,0,0,0,19837.970703125,20911.904296875,22464.05859375,24266.4453125,26000,27662.15234375,29405.19921875,30831.90625,0,34537.4921875,36703.61328125,38708.0078125,40612.2890625,43839.5546875,48281.9453125,51728.72265625,54758.23828125,57604.25390625,60376.27734375,63127.8984375,65900.0546875,68697.2734375,71501.0546875,74298.0859375,77077.2890625,79828.421875,82540.9375,85204.3359375,87807.9375,90341.140625,92793.2578125,95153.875,97412.7109375,99559.734375,101585.1953125,103480.0234375,105235.2890625,106842.8359375,108294.9609375,109584.921875,110706.2265625,111653.53125,112422.1875,113008.296875,0,0,0,0,0,0,0,0,0,0,0,0,0,0,0,0,0,0,0,0,0,0
0,0,0,0,0,0,3171,31711,131711,231711,835.9276123046875,38,42,1978,1974,0,0,0,0,0,0,0,0,0,0,0,0,0,0,0,0,0,0,0,0,0,0,0,0,0,0,0,0,1,2,3,4,5,6,7,8,9,10,11,12,13,14,15,16,17,18,19,20,21,22,23,24,25,26,27,28,29,30,31,32,33,34,35,36,37,38,39,40,41,42,43,44,45,46,47,48,49,50,51,52,53,54,55,56,57,58,59,60,61,62,63,64,65,66,67,68,69,70,71,72,73,74,75,76,77,78,79,80,81,82,83,84,85,86,87,88,89,90,91,92,93,94,95,96,97,98,99,100,101,102,103,104,105,106,107,108,109,110,111,112,113,114,115,116,117,118,119,120,121,122,123,124,125,126,127,128,129,130,131,132,133,134,135,136,137,138,139,1,2,1,2046,9999,1,2016,0,0,0,0,0,0,0,0,0,0,0,0,0,0,0,0,0,0,0,0,0,0,0,0,0,0,0,0,0,0,0,0,0,0,0,0,0,0,0,0,0,0,0,0,0,0,0,0,0,0,0,0,393263.1875,421541.03125,452903.78125,485536,518444.09375,554840.75,574221.375,676471.0625,717580.9375,755067.375,789024.1875,823881.5,848636.3125,880000,917709.75,958376.375,993310.75,1024337.6875,1086918.625,1176807,1239614.25,1290275.5,1334779.875,1375903.125,1414990.75,1453023.75,1490135.625,1525956,1560250.625,1592849.25,1623609.5,1652394,1679075.875,1703533.875,1725658.375,1745350.5,1762518.125,1777084,1788980.25,1798149,1804552.5,1808156.5,1808949.375,1806922.625,507282.6875,505138.1875,502219.34375,498540.15625,494117.09375,488970.65625,483123.8125,0,0,0,0,0,0,0,0,0,0,0,0,0,0,0,0,0,0,0,0
0,0,0,0,0,0,3171,31711,231711,131711,835.9276123046875,42,38,1974,1978,0,0,0,0,0,0,0,0,0,0,0,0,0,0,0,0,0,0,0,0,0,0,0,0,1,2,3,4,5,6,7,8,9,10,11,12,13,14,15,16,17,18,19,20,21,22,23,24,25,26,27,28,29,30,31,32,33,34,35,36,37,38,39,40,41,42,43,44,45,46,47,48,49,50,51,52,53,54,55,56,57,58,59,60,61,62,63,64,65,66,67,68,69,70,71,72,73,74,75,76,77,78,79,80,81,82,83,84,85,86,87,88,89,90,91,92,93,94,95,96,97,98,99,100,101,102,103,104,105,106,107,108,109,110,111,112,113,114,115,116,117,118,119,120,121,122,123,124,125,126,127,128,129,130,131,132,133,134,135,136,137,138,139,140,141,142,143,2,1,1,2022,2022,2,2016,0,0,0,0,0,0,0,0,0,0,0,0,0,0,0,0,0,0,0,0,0,0,0,0,0,0,0,0,0,0,0,0,0,0,0,0,0,0,0,0,0,0,0,0,22450.78515625,24134.369140625,25802.939453125,27288.12890625,29002.94921875,31102.578125,33131.9453125,35000,0,0,0,79277.75,84124.859375,89471.0390625,92020.8046875,107732.8125,113569.4140625,118759.484375,123328.953125,127976.90625,131002.796875,135000,139909.9375,145201.609375,149559.015625,153271.8125,161625.078125,173903.78125,0,0,0,0,0,0,0,0,0,0,0,0,0,0,0,0,0,0,0,0,0,0,0,0,0,0,0,0,0,0,0,0,0,0,0,0,0,0,0,0,0,0,0,0,0,0,0,0,0,0,0
0,0,0,0,0,0,3171,31712,131712,231712,856.28082275390625,38,42,1978,1974,0,0,0,0,0,0,0,0,0,0,0,0,0,0,0,0,0,0,0,0,0,0,0,0,0,0,0,0,1,2,3,4,5,6,7,8,9,10,11,12,13,14,15,16,17,18,19,20,21,22,23,24,25,26,27,28,29,30,31,32,33,34,35,36,37,38,39,40,41,42,43,44,45,46,47,48,49,50,51,52,53,54,55,56,57,58,59,60,61,62,63,64,65,66,67,68,69,70,71,72,73,74,75,76,77,78,79,80,81,82,83,84,85,86,87,88,89,90,91,92,93,94,95,96,97,98,99,100,101,102,103,104,105,106,107,108,109,110,111,112,113,114,115,116,117,118,119,120,121,122,123,124,125,126,127,128,129,130,131,132,133,134,135,136,137,138,139,1,2,1,2046,2056,1,2016,0,0,0,0,0,0,0,0,0,0,0,0,0,0,0,0,0,0,0,0,0,0,0,0,0,0,0,0,0,0,0,0,0,0,0,0,0,0,0,0,0,0,0,0,0,0,0,0,0,0,0,0,370918.5625,397589.75,427170.5,457948.59375,488986.90625,523315.5625,541595.0625,638035,676809.125,712165.625,744193.0625,777069.875,800418.125,830000,865566.9375,903922.9375,936872.375,966136.375,1025161.625,1109942.625,1169181.25,1216964.125,1258939.875,1297726.5,1334593.25,1370465.125,1405468.5,1439253.5,1471599.625,1502346,1531358.625,1558507.5,1583673.375,1606741.75,1627609.125,1646182.375,1662374.625,1676112.875,1687333.25,1695981,1702020.625,1705419.875,1706167.75,1704256,478459.6875,476437.03125,473684.03125,470213.875,466042.15625,461188.125,455673.46875,0,0,0,0,0,0,0,0,0,0,0,0,0,0,0,0,0,0,0,0
0,0,0,0,0,0,3171,31712,231712,131712,856.28082275390625,42,38,1974,1978,0,0,0,0,0,0,0,0,0,0,0,0,0,0,0,0,0,0,0,0,0,0,0,0,1,2,3,4,5,6,7,8,9,10,11,12,13,14,15,16,17,18,19,20,21,22,23,24,25,26,27,28,29,30,31,32,33,34,35,36,37,38,39,40,41,42,43,44,45,46,47,48,49,50,51,52,53,54,55,56,57,58,59,60,61,62,63,64,65,66,67,68,69,70,71,72,73,74,75,76,77,78,79,80,81,82,83,84,85,86,87,88,89,90,91,92,93,94,95,96,97,98,99,100,101,102,103,104,105,106,107,108,109,110,111,112,113,114,115,116,117,118,119,120,121,122,123,124,125,126,127,128,129,130,131,132,133,134,135,136,137,138,139,140,141,142,143,2,1,1,2022,2022,2,2016,0,0,0,0,0,0,0,0,0,0,0,0,0,0,0,0,0,0,0,0,0,0,0,0,0,0,0,0,0,0,0,0,0,0,0,0,0,0,0,0,0,0,0,0,22450.78515625,24134.369140625,25802.939453125,27288.12890625,29002.94921875,31102.578125,33131.9453125,35000,0,0,0,79277.75,84124.859375,89471.0390625,92020.8046875,107732.8125,113569.4140625,118759.484375,123328.953125,127976.90625,131002.796875,135000,139909.9375,145201.609375,149559.015625,153271.8125,161625.078125,173903.78125,0,0,0,0,0,0,0,0,0,0,0,0,0,0,0,0,0,0,0,0,0,0,0,0,0,0,0,0,0,0,0,0,0,0,0,0,0,0,0,0,0,0,0,0,0,0,0,0,0,0,0
0,0,0,0,0,0,3171,31713,131713,231713,850.14093017578125,38,42,1978,1974,0,0,0,0,0,0,0,0,0,0,0,0,0,0,0,0,0,0,0,0,0,0,0,0,0,0,0,0,1,2,3,4,5,6,7,8,9,10,11,12,13,14,15,16,17,18,19,20,21,22,23,24,25,26,27,28,29,30,31,32,33,34,35,36,37,38,39,40,41,42,43,44,45,46,47,48,49,50,51,52,53,54,55,56,57,58,59,60,61,62,63,64,65,66,67,68,69,70,71,72,73,74,75,76,77,78,79,80,81,82,83,84,85,86,87,88,89,90,91,92,93,94,95,96,97,98,99,100,101,102,103,104,105,106,107,108,109,110,111,112,113,114,115,116,117,118,119,120,121,122,123,124,125,126,127,128,129,130,131,132,133,134,135,136,137,138,139,1,2,1,2046,9999,1,2016,0,0,0,0,0,0,0,0,0,0,0,0,0,0,0,0,0,0,0,0,0,0,0,0,0,0,0,0,0,0,0,0,0,0,0,0,0,0,0,0,0,0,0,0,0,0,138419.6875,147302.578125,157538.625,170000,0,0,469234.375,502975,540396.4375,579332.625,618597.9375,662025.75,685150.375,807152.75,856204.375,900932.5,941449.125,983040.25,1012577.1875,1050000,1094994.375,1143517.125,1185200.125,1222220.875,1296891.375,1404144.375,1479084.875,1539533,1592634.875,1641702.25,1688341,1733721.125,1778002.375,1820742.5,1861662.375,1900558.375,1937261,1971606,2003442.5,2032625.25,2059023.75,2082520,2103004.25,2120384,2134578.25,2145518.25,2153158.75,2157459,2158405.25,2155986.75,605280.375,602721.5625,599238.875,594848.9375,589571.4375,583430.8125,576454.4375,0,0,0,0,0,0,0,0,0,0,0,0,0,0,0,0,0,0,0,0
0,0,0,0,0,0,3171,31713,231713,131713,850.14093017578125,42,38,1974,1978,0,0,0,0,0,0,0,0,0,0,0,0,0,0,0,0,0,0,0,0,0,0,0,0,1,2,3,4,5,6,7,8,9,10,11,12,13,14,15,16,17,18,19,20,21,22,23,24,25,26,27,28,29,30,31,32,33,34,35,36,37,38,39,40,41,42,43,44,45,46,47,48,49,50,51,52,53,54,55,56,57,58,59,60,61,62,63,64,65,66,67,68,69,70,71,72,73,74,75,76,77,78,79,80,81,82,83,84,85,86,87,88,89,90,91,92,93,94,95,96,97,98,99,100,101,102,103,104,105,106,107,108,109,110,111,112,113,114,115,116,117,118,119,120,121,122,123,124,125,126,127,128,129,130,131,132,133,134,135,136,137,138,139,140,141,142,143,2,1,1,2022,2022,2,2016,0,0,0,0,0,0,0,0,0,0,0,0,0,0,0,0,0,0,0,0,0,0,0,0,0,0,0,0,0,0,0,0,0,0,0,0,0,0,0,0,0,0,0,0,22450.78515625,24134.369140625,25802.939453125,27288.12890625,29002.94921875,31102.578125,33131.9453125,35000,0,0,0,79277.75,84124.859375,89471.0390625,92020.8046875,107732.8125,113569.4140625,118759.484375,123328.953125,127976.90625,131002.796875,135000,139909.9375,145201.609375,149559.015625,153271.8125,161625.078125,173903.78125,0,0,0,0,0,0,0,0,0,0,0,0,0,0,0,0,0,0,0,0,0,0,0,0,0,0,0,0,0,0,0,0,0,0,0,0,0,0,0,0,0,0,0,0,0,0,0,0,0,0,0
0,0,0,0,0,0,3171,31714,131714,231714,827.625732421875,38,42,1978,1974,0,0,0,0,0,0,0,0,0,0,0,0,0,0,0,0,0,0,0,0,0,0,0,0,0,0,0,0,1,2,3,4,5,6,7,8,9,10,11,12,13,14,15,16,17,18,19,20,21,22,23,24,25,26,27,28,29,30,31,32,33,34,35,36,37,38,39,40,41,42,43,44,45,46,47,48,49,50,51,52,53,54,55,56,57,58,59,60,61,62,63,64,65,66,67,68,69,70,71,72,73,74,75,76,77,78,79,80,81,82,83,84,85,86,87,88,89,90,91,92,93,94,95,96,97,98,99,100,101,102,103,104,105,106,107,108,109,110,111,112,113,114,115,116,117,118,119,120,121,122,123,124,125,126,127,128,129,130,131,132,133,134,135,136,137,138,139,1,2,1,2046,9999,1,2016,0,0,0,0,0,0,0,0,0,0,0,0,0,0,0,0,0,0,0,0,0,0,0,0,0,0,0,0,0,0,0,0,0,0,0,0,0,0,0,0,0,0,0,0,0,0,0,0,0,0,0,0,414266.9375,444055.09375,477092.875,511467.96875,546133.625,584474.1875,604889.9375,712600.625,755906.1875,795394.6875,831165.125,867884.1875,893961.0625,927000,966723.6875,1009562.25,1046362.4375,1079046.5,1144969.875,1239659,1305820.75,1359187.75,1406069.125,1449388.625,1490564,1530628.125,1569722.25,1607455.625,1643582,1677921.625,1710324.875,1740646.625,1768753.625,1794517.875,1817824,1838567.75,1856652.375,1871996.125,1884527.875,1894186.25,1900931.75,1904728.25,1905563.5,1903428.375,534376.125,532117.0625,529042.375,525166.625,520507.375,515086.0625,508926.9375,0,0,0,0,0,0,0,0,0,0,0,0,0,0,0,0,0,0,0,0
0,0,0,0,0,0,3171,31714,231714,131714,827.625732421875,42,38,1974,1978,0,0,0,0,0,0,0,0,0,0,0,0,0,0,0,0,0,0,0,0,0,0,0,0,1,2,3,4,5,6,7,8,9,10,11,12,13,14,15,16,17,18,19,20,21,22,23,24,25,26,27,28,29,30,31,32,33,34,35,36,37,38,39,40,41,42,43,44,45,46,47,48,49,50,51,52,53,54,55,56,57,58,59,60,61,62,63,64,65,66,67,68,69,70,71,72,73,74,75,76,77,78,79,80,81,82,83,84,85,86,87,88,89,90,91,92,93,94,95,96,97,98,99,100,101,102,103,104,105,106,107,108,109,110,111,112,113,114,115,116,117,118,119,120,121,122,123,124,125,126,127,128,129,130,131,132,133,134,135,136,137,138,139,140,141,142,143,2,1,1,2022,2022,2,2016,0,0,0,0,0,0,0,0,0,0,0,0,0,0,0,0,0,0,0,0,0,0,0,0,0,0,0,0,0,0,0,0,0,0,0,0,0,0,0,0,0,0,0,0,22450.78515625,24134.369140625,25802.939453125,27288.12890625,29002.94921875,31102.578125,33131.9453125,35000,0,0,0,79277.75,84124.859375,89471.0390625,92020.8046875,107732.8125,113569.4140625,118759.484375,123328.953125,127976.90625,131002.796875,135000,139909.9375,145201.609375,149559.015625,153271.8125,161625.078125,173903.78125,0,0,0,0,0,0,0,0,0,0,0,0,0,0,0,0,0,0,0,0,0,0,0,0,0,0,0,0,0,0,0,0,0,0,0,0,0,0,0,0,0,0,0,0,0,0,0,0,0,0,0
0,0,0,0,0,0,3171,31715,131715,231715,872.798583984375,38,42,1978,1974,0,0,0,0,0,0,0,0,0,0,0,0,0,0,0,0,0,0,0,0,0,0,0,0,0,0,0,0,1,2,3,4,5,6,7,8,9,10,11,12,13,14,15,16,17,18,19,20,21,22,23,24,25,26,27,28,29,30,31,32,33,34,35,36,37,38,39,40,41,42,43,44,45,46,47,48,49,50,51,52,53,54,55,56,57,58,59,60,61,62,63,64,65,66,67,68,69,70,71,72,73,74,75,76,77,78,79,80,81,82,83,84,85,86,87,88,89,90,91,92,93,94,95,96,97,98,99,100,101,102,103,104,105,106,107,108,109,110,111,112,113,114,115,116,117,118,119,120,121,122,123,124,125,126,127,128,129,130,131,132,133,134,135,136,137,138,139,1,2,1,2046,9999,1,2016,0,0,0,0,0,0,0,0,0,0,0,0,0,0,0,0,0,0,0,0,0,0,0,0,0,0,0,0,0,0,0,0,0,0,0,0,0,0,0,0,0,0,0,0,0,0,42161.3046875,44866.90625,47984.703125,51780.33984375,55503.87890625,59000,326229.71875,349687.5,375704.3125,402774.21875,430073,460265.6875,476342.8125,561163.5625,595266.0625,626362.75,654531.5,683447.25,703982.4375,730000,761282.0625,795016.875,823996.5,849734.75,901648.5625,976215,1028316.4375,1070342.375,1107260.75,1141374.25,1173799.25,1205349.375,1236135.375,1265850,1294299,1321341,1346858.125,1370736.125,1392870,1413159,1431512.25,1447847.75,1462089,1474172.125,1484040.625,1491646.5,1496958.5,1499948.25,1500606,1498924.625,420814.125,419035.125,416613.84375,413561.75,409892.65625,405623.4375,400773.21875,0,0,0,0,0,0,0,0,0,0,0,0,0,0,0,0,0,0,0,0
0,0,0,0,0,0,3171,31715,231715,131715,872.798583984375,42,38,1974,1978,0,0,0,0,0,0,0,0,0,0,0,0,0,0,0,0,0,0,0,0,0,0,0,0,1,2,3,4,5,6,7,8,9,10,11,12,13,14,15,16,17,18,19,20,21,22,23,24,25,26,27,28,29,30,31,32,33,34,35,36,37,38,39,40,41,42,43,44,45,46,47,48,49,50,51,52,53,54,55,56,57,58,59,60,61,62,63,64,65,66,67,68,69,70,71,72,73,74,75,76,77,78,79,80,81,82,83,84,85,86,87,88,89,90,91,92,93,94,95,96,97,98,99,100,101,102,103,104,105,106,107,108,109,110,111,112,113,114,115,116,117,118,119,120,121,122,123,124,125,126,127,128,129,130,131,132,133,134,135,136,137,138,139,140,141,142,143,2,1,1,2022,2022,2,2016,0,0,0,0,0,0,0,0,0,0,0,0,0,0,0,0,0,0,0,0,0,0,0,0,0,0,0,0,0,0,0,0,0,0,0,0,0,0,0,0,0,0,0,0,22450.78515625,24134.369140625,25802.939453125,27288.12890625,29002.94921875,31102.578125,33131.9453125,35000,0,0,0,79277.75,84124.859375,89471.0390625,92020.8046875,107732.8125,113569.4140625,118759.484375,123328.953125,127976.90625,131002.796875,135000,139909.9375,145201.609375,149559.015625,153271.8125,161625.078125,173903.78125,0,0,0,0,0,0,0,0,0,0,0,0,0,0,0,0,0,0,0,0,0,0,0,0,0,0,0,0,0,0,0,0,0,0,0,0,0,0,0,0,0,0,0,0,0,0,0,0,0,0,0
1,2900,4,1,1500,4,3232,32321,132321,232321,55.516563415527344,84,83,1932,1933,19,20,21,22,23,24,25,26,27,28,29,30,31,32,33,34,35,36,37,38,39,40,41,42,43,44,45,46,47,48,49,50,51,52,53,54,55,56,57,58,59,60,61,62,63,64,65,66,67,68,69,70,71,72,73,74,75,76,77,78,79,80,81,82,83,84,85,86,87,88,89,90,91,92,93,94,95,96,97,98,99,100,101,102,103,104,105,106,107,108,109,110,111,112,113,114,115,116,117,118,119,120,121,122,123,124,125,126,127,128,129,130,131,132,133,134,135,136,137,138,139,140,141,142,143,144,145,146,147,148,149,150,151,152,153,154,155,156,157,158,159,160,161,162,163,164,165,166,167,168,169,170,171,172,173,174,175,176,177,178,179,180,181,182,183,184,185,1,2,1,,9999,1,2016,0,0,0,0,0,0,0,0,222336.421875,235632.9375,247850.171875,260644.703125,273738.34375,287755.96875,302000,793105,838529.875,897269.5,964099,1035973.5625,1106944.875,1171444.5,1261406.5,1420830.75,1567886.75,1682006.75,1819055.875,1972523.75,2174099,2433948.75,2676160.25,2846100,2984857,3111245.75,3228912.25,3303357,3404462.25,3531006.25,3672688.75,3814941,3916877.5,3988901.75,4049061.25,4087520.5,4120688.75,4148981.5,4154718.25,4115409.25,4096841,4114999.25,4105703.5,4062331.75,4044364.75,4035211.5,4035444,4026853.25,1126625.25,0,0,0,0,0,0,0,0,898000,0,0,0,0,0,0,0,0,0,0,0,0,0,0,0,0,0,0,0,0,0,0,0,0,0,0,0,0,0,0,0,0,0,0,0,0,0,0,0,0,0,0,0,0,0,0,0,0,0,0,0,0,0,0,0,0,0
1,2900,4,1,1500,4,3232,32321,232321,132321,55.516563415527344,83,84,1933,1932,18,19,20,21,22,23,24,25,26,27,28,29,30,31,32,33,34,35,36,37,38,39,40,41,42,43,44,45,46,47,48,49,50,51,52,53,54,55,56,57,58,59,60,61,62,63,64,65,66,67,68,69,70,71,72,73,74,75,76,77,78,79,80,81,82,83,84,85,86,87,88,89,90,91,92,93,94,95,96,97,98,99,100,101,102,103,104,105,106,107,108,109,110,111,112,113,114,115,116,117,118,119,120,121,122,123,124,125,126,127,128,129,130,131,132,133,134,135,136,137,138,139,140,141,142,143,144,145,146,147,148,149,150,151,152,153,154,155,156,157,158,159,160,161,162,163,164,165,166,167,168,169,170,171,172,173,174,175,176,177,178,179,180,181,182,183,184,2,1,1,,,2,2016,846.70501708984375,915.124755859375,980.36822509765625,1043.701416015625,1104.331787109375,1342.9317626953125,1453.756591796875,1560.942138671875,1659.013916015625,1763.0343017578125,1859.4161376953125,1960.54345703125,2064.337158203125,2175.52685546875,2288.860595703125,2429.9892578125,2575.247314453125,2762.028076171875,2974.462158203125,3203.278564453125,3430.11669921875,3637.6279296875,3925.033447265625,4429.95361328125,4897.9873046875,5264.462890625,5703.919921875,6196.234375,6841.333984375,7671.95361328125,8449.2197265625,9000,0,0,0,0,0,0,0,0,0,0,0,0,0,0,0,0,0,0,0,0,0,0,0,0,0,0,0,0,0,0,0,0,0,0,0,0,0,0,0,0,0,0,0,0,0,0,0,0,0,0,0,0,0,0,0,0,0,0,0,0,0,0,0,0,0,0,0,0,0,0,0,0,0,0,0,0,0,0,0,0,0,0,0,0,0,0,0,0,0,0,0
1,2800,4,1,1500,4,3232,32322,132322,232322,47.86789321899414,84,83,1932,1933,19,20,21,22,23,24,25,26,27,28,29,30,31,32,33,34,35,36,37,38,39,40,41,42,43,44,45,46,47,48,49,50,51,52,53,54,55,56,57,58,59,60,61,62,63,64,65,66,67,68,69,70,71,72,73,74,75,76,77,78,79,80,81,82,83,84,85,86,87,88,89,90,91,92,93,94,95,96,97,98,99,100,101,102,103,104,105,106,107,108,109,110,111,112,113,114,115,116,117,118,119,120,121,122,123,124,125,126,127,128,129,130,131,132,133,134,135,136,137,138,139,140,141,142,143,144,145,146,147,148,149,150,151,152,153,154,155,156,157,158,159,160,161,162,163,164,165,166,167,168,169,170,171,172,173,174,175,176,177,178,179,180,181,182,183,184,185,1,2,1,,9999,1,2016,0,0,0,0,0,0,0,0,222336.421875,235632.9375,247850.171875,260644.703125,273738.34375,287755.96875,302000,896438.1875,947781.4375,1014174.1875,1089710.875,1170949.875,1251168,1324071.375,1425754.5,1605950,1772165.875,1901154.375,2056059.625,2229522.75,2457361,2751066.5,3024835.75,3216916.5,3373752.25,3516608.25,3649605.25,3733749.5,3848027.5,3991059,4151201.25,4311987.5,4427205.5,4508613.5,4576611,4620081,4657571,4689550,4696034,4651603.5,4630616,4651140,4640633,4591610.5,4571302.5,4560957,4561220,4551509.5,1273412.625,0,0,0,0,0,0,0,0,1015000,0,0,0,0,0,0,0,0,0,0,0,0,0,0,0,0,0,0,0,0,0,0,0,0,0,0,0,0,0,0,0,0,0,0,0,0,0,0,0,0,0,0,0,0,0,0,0,0,0,0,0,0,0,0,0,0,0
1,2800,4,1,1500,4,3232,32322,232322,132322,47.86789321899414,83,84,1933,1932,18,19,20,21,22,23,24,25,26,27,28,29,30,31,32,33,34,35,36,37,38,39,40,41,42,43,44,45,46,47,48,49,50,51,52,53,54,55,56,57,58,59,60,61,62,63,64,65,66,67,68,69,70,71,72,73,74,75,76,77,78,79,80,81,82,83,84,85,86,87,88,89,90,91,92,93,94,95,96,97,98,99,100,101,102,103,104,105,106,107,108,109,110,111,112,113,114,115,116,117,118,119,120,121,122,123,124,125,126,127,128,129,130,131,132,133,134,135,136,137,138,139,140,141,142,143,144,145,146,147,148,149,150,151,152,153,154,155,156,157,158,159,160,161,162,163,164,165,166,167,168,169,170,171,172,173,174,175,176,177,178,179,180,181,182,183,184,2,1,1,,,2,2016,1693.4093017578125,1830.2486572265625,1960.735595703125,2087.40185546875,2208.66259765625,2685.8623046875,2907.51171875,3121.8828125,3318.026123046875,3526.06689453125,3718.83056640625,3921.0849609375,4128.67236328125,4351.05126953125,4577.71875,4859.9765625,5150.4921875,5524.0537109375,5948.92138671875,6406.5537109375,6860.22998046875,7275.25244140625,7850.06298828125,8859.9033203125,9795.970703125,10528.9208984375,11407.8232421875,12392.462890625,13682.6611328125,15343.900390625,16898.431640625,18000,0,0,0,0,0,0,0,0,0,0,0,0,0,0,0,0,0,0,0,0,0,0,0,0,0,0,0,0,0,0,0,0,0,0,0,0,0,0,0,0,0,0,0,0,0,0,0,0,0,0,0,0,0,0,0,0,0,0,0,0,0,0,0,0,0,0,0,0,0,0,0,0,0,0,0,0,0,0,0,0,0,0,0,0,0,0,0,0,0,0,0
1,2900,4,1,1500,4,3232,32323,132323,232323,48.485565185546875,84,83,1932,1933,19,20,21,22,23,24,25,26,27,28,29,30,31,32,33,34,35,36,37,38,39,40,41,42,43,44,45,46,47,48,49,50,51,52,53,54,55,56,57,58,59,60,61,62,63,64,65,66,67,68,69,70,71,72,73,74,75,76,77,78,79,80,81,82,83,84,85,86,87,88,89,90,91,92,93,94,95,96,97,98,99,100,101,102,103,104,105,106,107,108,109,110,111,112,113,114,115,116,117,118,119,120,121,122,123,124,125,126,127,128,129,130,131,132,133,134,135,136,137,138,139,140,141,142,143,144,145,146,147,148,149,150,151,152,153,154,155,156,157,158,159,160,161,162,163,164,165,166,167,168,169,170,171,172,173,174,175,176,177,178,179,180,181,182,183,184,185,1,2,1,,9999,1,2016,0,0,0,0,0,0,0,0,78038.6484375,82705.6328125,86993.8046875,91484.6015625,96080.375,101000.4765625,106000,1103987.75,1167218.375,1248982.875,1342008.375,1442056.375,1540847.125,1630629.5,1755855,1977772.625,2182470,2341322.75,2532092.75,2745714.75,3026309.25,3388015.75,3725163,3961719.5,4154866.75,4330797.5,4494587,4598208.5,4738954,4915101.5,5112311,5310329,5452222.5,5552479,5636225,5689754.5,5735924,5775307,5783298,5728575,5702723,5728004.5,5715065,5654692,5629682.5,5616941,5617265,5605306.5,1568242,0,0,0,0,0,0,0,0,1250000,0,0,0,0,0,0,0,0,0,0,0,0,0,0,0,0,0,0,0,0,0,0,0,0,0,0,0,0,0,0,0,0,0,0,0,0,0,0,0,0,0,0,0,0,0,0,0,0,0,0,0,0,0,0,0,0,0
1,2900,4,1,1500,4,3232,32323,232323,132323,48.485565185546875,83,84,1933,1932,18,19,20,21,22,23,24,25,26,27,28,29,30,31,32,33,34,35,36,37,38,39,40,41,42,43,44,45,46,47,48,49,50,51,52,53,54,55,56,57,58,59,60,61,62,63,64,65,66,67,68,69,70,71,72,73,74,75,76,77,78,79,80,81,82,83,84,85,86,87,88,89,90,91,92,93,94,95,96,97,98,99,100,101,102,103,104,105,106,107,108,109,110,111,112,113,114,115,116,117,118,119,120,121,122,123,124,125,126,127,128,129,130,131,132,133,134,135,136,137,138,139,140,141,142,143,144,145,146,147,148,149,150,151,152,153,154,155,156,157,158,159,160,161,162,163,164,165,166,167,168,169,170,171,172,173,174,175,176,177,178,179,180,181,182,183,184,2,1,1,,,2,2016,1693.4093017578125,1830.2486572265625,1960.735595703125,2087.40185546875,2208.66259765625,2685.8623046875,2907.51171875,3121.8828125,3318.026123046875,3526.06689453125,3718.83056640625,3921.0849609375,4128.67236328125,4351.05126953125,4577.71875,4859.9765625,5150.4921875,5524.0537109375,5948.92138671875,6406.5537109375,6860.22998046875,7275.25244140625,7850.06298828125,8859.9033203125,9795.970703125,10528.9208984375,11407.8232421875,12392.462890625,13682.6611328125,15343.900390625,16898.431640625,18000,0,0,0,0,0,0,0,0,0,0,0,0,0,0,0,0,0,0,0,0,0,0,0,0,0,0,0,0,0,0,0,0,0,0,0,0,0,0,0,0,0,0,0,0,0,0,0,0,0,0,0,0,0,0,0,0,0,0,0,0,0,0,0,0,0,0,0,0,0,0,0,0,0,0,0,0,0,0,0,0,0,0,0,0,0,0,0,0,0,0,0
1,2800,4,1,1500,4,3232,32324,132324,232324,47.81632995605469,84,83,1932,1933,19,20,21,22,23,24,25,26,27,28,29,30,31,32,33,34,35,36,37,38,39,40,41,42,43,44,45,46,47,48,49,50,51,52,53,54,55,56,57,58,59,60,61,62,63,64,65,66,67,68,69,70,71,72,73,74,75,76,77,78,79,80,81,82,83,84,85,86,87,88,89,90,91,92,93,94,95,96,97,98,99,100,101,102,103,104,105,106,107,108,109,110,111,112,113,114,115,116,117,118,119,120,121,122,123,124,125,126,127,128,129,130,131,132,133,134,135,136,137,138,139,140,141,142,143,144,145,146,147,148,149,150,151,152,153,154,155,156,157,158,159,160,161,162,163,164,165,166,167,168,169,170,171,172,173,174,175,176,177,178,179,180,181,182,183,184,185,1,2,1,,9999,1,2016,0,0,0,0,0,0,0,0,125156.234375,132641.03125,139518.28125,146720.484375,154091.078125,161981.796875,170000,774557.6875,818920.1875,876286.1875,941552.875,1011746.5625,1081058.125,1144049.375,1231907.625,1387603.625,1531220.625,1642671.75,1776516,1926394.75,2123256,2377029,2613576.25,2779541.75,2915053.75,3038487,3153401.75,3226105.5,3324846.25,3448431,3586800.25,3725726,3825278.5,3895618.25,3954371,3991931,4024323.5,4051954.5,4057557,4019167.25,4001033.25,4018767,4009688.75,3967331.25,3949784.25,3940845,3941072.25,3932682.25,1100278.25,0,0,0,0,0,0,0,0,877000,0,0,0,0,0,0,0,0,0,0,0,0,0,0,0,0,0,0,0,0,0,0,0,0,0,0,0,0,0,0,0,0,0,0,0,0,0,0,0,0,0,0,0,0,0,0,0,0,0,0,0,0,0,0,0,0,0
1,2800,4,1,1500,4,3232,32324,232324,132324,47.81632995605469,83,84,1933,1932,18,19,20,21,22,23,24,25,26,27,28,29,30,31,32,33,34,35,36,37,38,39,40,41,42,43,44,45,46,47,48,49,50,51,52,53,54,55,56,57,58,59,60,61,62,63,64,65,66,67,68,69,70,71,72,73,74,75,76,77,78,79,80,81,82,83,84,85,86,87,88,89,90,91,92,93,94,95,96,97,98,99,100,101,102,103,104,105,106,107,108,109,110,111,112,113,114,115,116,117,118,119,120,121,122,123,124,125,126,127,128,129,130,131,132,133,134,135,136,137,138,139,140,141,142,143,144,145,146,147,148,149,150,151,152,153,154,155,156,157,158,159,160,161,162,163,164,165,166,167,168,169,170,171,172,173,174,175,176,177,178,179,180,181,182,183,184,2,1,1,,,2,2016,1317.096435546875,1423.527099609375,1525.0169677734375,1623.5352783203125,1717.84912109375,2089.00439453125,2261.398681640625,2428.1318359375,2580.687744140625,2742.497314453125,2892.424560546875,3049.733642578125,3211.190673828125,3384.152099609375,3560.448974609375,3779.982666015625,4005.939453125,4296.4873046875,4626.93994140625,4982.87646484375,5335.73583984375,5658.53125,6105.6064453125,6891.03759765625,7619.08984375,8189.1630859375,8872.75390625,9638.5849609375,10642.072265625,11934.1474609375,13143.2275390625,14000,0,0,0,0,0,0,0,0,0,0,0,0,0,0,0,0,0,0,0,0,0,0,0,0,0,0,0,0,0,0,0,0,0,0,0,0,0,0,0,0,0,0,0,0,0,0,0,0,0,0,0,0,0,0,0,0,0,0,0,0,0,0,0,0,0,0,0,0,0,0,0,0,0,0,0,0,0,0,0,0,0,0,0,0,0,0,0,0,0,0,0
1,2900,4,1,1500,4,3232,32325,132325,232325,54.58592987060547,84,83,1932,1933,19,20,21,22,23,24,25,26,27,28,29,30,31,32,33,34,35,36,37,38,39,40,41,42,43,44,45,46,47,48,49,50,51,52,53,54,55,56,57,58,59,60,61,62,63,64,65,66,67,68,69,70,71,72,73,74,75,76,77,78,79,80,81,82,83,84,85,86,87,88,89,90,91,92,93,94,95,96,97,98,99,100,101,102,103,104,105,106,107,108,109,110,111,112,113,114,115,116,117,118,119,120,121,122,123,124,125,126,127,128,129,130,131,132,133,134,135,136,137,138,139,140,141,142,143,144,145,146,147,148,149,150,151,152,153,154,155,156,157,158,159,160,161,162,163,164,165,166,167,168,169,170,171,172,173,174,175,176,177,178,179,180,181,182,183,184,185,1,2,1,,9999,1,2016,0,0,0,0,0,0,0,0,368106.59375,390120.6875,410347.90625,431530.875,453209.0625,476417.0625,500000,1068660.25,1129867.375,1209015.375,1299064.125,1395910.625,1491540.125,1578449.375,1699667.75,1914482.125,2112633,2266402.75,2451063.75,2657854.5,2929464.5,3279596,3605961.5,3834941,4021915,4192216.25,4350756.5,4451070.5,4587303.5,4757813.5,4948722,5140393.5,5277746.5,5374794.5,5455861,5507677.5,5552380,5590502.5,5598227.5,5545266,5520241,5544708.5,5532183,5473742,5449533,5437199,5437512.5,5425937,1518058.25,0,0,0,0,0,0,0,0,1210000,0,0,0,0,0,0,0,0,0,0,0,0,0,0,0,0,0,0,0,0,0,0,0,0,0,0,0,0,0,0,0,0,0,0,0,0,0,0,0,0,0,0,0,0,0,0,0,0,0,0,0,0,0,0,0,0,0
1,2900,4,1,1500,4,3232,32325,232325,132325,54.58592987060547,83,84,1933,1932,18,19,20,21,22,23,24,25,26,27,28,29,30,31,32,33,34,35,36,37,38,39,40,41,42,43,44,45,46,47,48,49,50,51,52,53,54,55,56,57,58,59,60,61,62,63,64,65,66,67,68,69,70,71,72,73,74,75,76,77,78,79,80,81,82,83,84,85,86,87,88,89,90,91,92,93,94,95,96,97,98,99,100,101,102,103,104,105,106,107,108,109,110,111,112,113,114,115,116,117,118,119,120,121,122,123,124,125,126,127,128,129,130,131,132,133,134,135,136,137,138,139,140,141,142,143,144,145,146,147,148,149,150,151,152,153,154,155,156,157,158,159,160,161,162,163,164,165,166,167,168,169,170,171,172,173,174,175,176,177,178,179,180,181,182,183,184,2,1,1,,,2,2016,1693.4093017578125,1830.2486572265625,1960.735595703125,2087.40185546875,2208.66259765625,2685.8623046875,2907.51171875,3121.8828125,3318.026123046875,3526.06689453125,3718.83056640625,3921.0849609375,4128.67236328125,4351.05126953125,4577.71875,4859.9765625,5150.4921875,5524.0537109375,5948.92138671875,6406.5537109375,6860.22998046875,7275.25244140625,7850.06298828125,8859.9033203125,9795.970703125,10528.9208984375,11407.8232421875,12392.462890625,13682.6611328125,15343.900390625,16898.431640625,18000,0,0,0,0,0,0,0,0,0,0,0,0,0,0,0,0,0,0,0,0,0,0,0,0,0,0,0,0,0,0,0,0,0,0,0,0,0,0,0,0,0,0,0,0,0,0,0,0,0,0,0,0,0,0,0,0,0,0,0,0,0,0,0,0,0,0,0,0,0,0,0,0,0,0,0,0,0,0,0,0,0,0,0,0,0,0,0,0,0,0,0
0,0,0,0,0,0,3328,33281,133281,233281,4811.37744140625,29,25,1987,1991,0,0,0,0,0,0,0,0,0,0,0,0,0,0,0,0,0,0,0,0,0,0,0,0,0,0,0,0,0,0,0,0,0,0,0,0,0,1,2,3,4,5,6,7,8,9,10,11,12,13,14,15,16,17,18,19,20,21,22,23,24,25,26,27,28,29,30,31,32,33,34,35,36,37,38,39,40,41,42,43,44,45,46,47,48,49,50,51,52,53,54,55,56,57,58,59,60,61,62,63,64,65,66,67,68,69,70,71,72,73,74,75,76,77,78,79,80,81,82,83,84,85,86,87,88,89,90,91,92,93,94,95,96,97,98,99,100,101,102,103,104,105,106,107,108,109,110,111,112,113,114,115,116,117,118,119,120,121,122,123,124,125,126,127,128,129,130,1,2,1,2047,2047,1,2016,0,0,0,0,0,0,0,0,0,0,0,0,0,0,0,0,0,0,0,0,0,0,0,0,0,0,0,0,0,0,0,0,0,0,0,0,0,0,0,0,0,0,0,0,0,0,0,0,0,0,0,0,0,0,0,16141.7724609375,17530.091796875,19079.099609375,20078.56640625,21533.10546875,23222.208984375,24839.86328125,26384.009765625,28000,28471.18359375,30000,31787.3125,33724.875,35507.59765625,37192.58984375,40081.50390625,44069.84375,47137.59765625,49815.453125,52317.5859375,54744.234375,57144.21875,59554.6484375,61979.53515625,64402.12109375,66810.3671875,69194.5,71545.3828125,73853.7265625,76110.328125,78305.8515625,80431.2734375,82477.3515625,84435.2265625,86296.1328125,88051.8203125,89694.1171875,91215.484375,92608.8203125,93867.5078125,94985.4453125,95957.4140625,0,0,0,0,0,0,0,0,0,0,0,0,0,0,0,0,0,0,0,0,0,0,0,0,0,0
0,0,0,0,0,0,3328,33281,233281,133281,4811.37744140625,25,29,1991,1987,0,0,0,0,0,0,0,0,0,0,0,0,0,0,0,0,0,0,0,0,0,0,0,0,0,0,0,0,0,0,0,0,0,0,0,0,0,0,0,0,0,1,2,3,4,5,6,7,8,9,10,11,12,13,14,15,16,17,18,19,20,21,22,23,24,25,26,27,28,29,30,31,32,33,34,35,36,37,38,39,40,41,42,43,44,45,46,47,48,49,50,51,52,53,54,55,56,57,58,59,60,61,62,63,64,65,66,67,68,69,70,71,72,73,74,75,76,77,78,79,80,81,82,83,84,85,86,87,88,89,90,91,92,93,94,95,96,97,98,99,100,101,102,103,104,105,106,107,108,109,110,111,112,113,114,115,116,117,118,119,120,121,122,123,124,125,126,2,1,1,2043,2043,2,2016,0,0,0,0,0,0,0,0,0,0,0,0,0,0,0,0,0,0,0,0,0,0,0,0,0,0,0,0,0,0,0,0,0,0,0,0,0,0,0,0,0,0,0,0,0,0,0,0,0,0,0,0,0,0,0,0,0,0,19530.591796875,21127.556640625,22981.427734375,24792.767578125,26557.640625,28421.755859375,30000,5040,19032.4765625,20327.173828125,21544.3125,22717.08203125,24644.75,27277.6328125,29370.908203125,31246.30859375,33034.44921875,34797.01953125,36564.625,38360.90234375,40188.91015625,42038.03125,43900.67578125,45770.24609375,47640.6875,49505.51171875,51358.16015625,53191.81640625,54999.640625,56774.6328125,58509.72265625,60197.83203125,61831.83984375,63404.85546875,64910.0390625,0,0,0,0,0,0,0,0,0,0,0,0,0,0,0,0,0,0,0,0,0,0,0,0,0,0,0,0,0,0
0,0,0,0,0,0,3328,33282,133282,233282,4811.966796875,29,25,1987,1991,0,0,0,0,0,0,0,0,0,0,0,0,0,0,0,0,0,0,0,0,0,0,0,0,0,0,0,0,0,0,0,0,0,0,0,0,0,1,2,3,4,5,6,7,8,9,10,11,12,13,14,15,16,17,18,19,20,21,22,23,24,25,26,27,28,29,30,31,32,33,34,35,36,37,38,39,40,41,42,43,44,45,46,47,48,49,50,51,52,53,54,55,56,57,58,59,60,61,62,63,64,65,66,67,68,69,70,71,72,73,74,75,76,77,78,79,80,81,82,83,84,85,86,87,88,89,90,91,92,93,94,95,96,97,98,99,100,101,102,103,104,105,106,107,108,109,110,111,112,113,114,115,116,117,118,119,120,121,122,123,124,125,126,127,128,129,130,1,2,1,2047,2047,1,2016,0,0,0,0,0,0,0,0,0,0,0,0,0,0,0,0,0,0,0,0,0,0,0,0,0,0,0,0,0,0,0,0,0,0,0,0,0,0,0,0,0,0,0,0,0,0,0,0,0,0,0,0,0,0,0,16141.7724609375,17530.091796875,19079.099609375,20078.56640625,21533.10546875,23222.208984375,24839.86328125,26384.009765625,28000,28471.18359375,30000,31787.3125,33724.875,35507.59765625,37192.58984375,40081.50390625,44069.84375,47137.59765625,49815.453125,52317.5859375,54744.234375,57144.21875,59554.6484375,61979.53515625,64402.12109375,66810.3671875,69194.5,71545.3828125,73853.7265625,76110.328125,78305.8515625,80431.2734375,82477.3515625,84435.2265625,86296.1328125,88051.8203125,89694.1171875,91215.484375,92608.8203125,93867.5078125,94985.4453125,95957.4140625,0,0,0,0,0,0,0,0,0,0,0,0,0,0,0,0,0,0,0,0,0,0,0,0,0,0
0,0,0,0,0,0,3328,33282,233282,133282,4811.966796875,25,29,1991,1987,0,0,0,0,0,0,0,0,0,0,0,0,0,0,0,0,0,0,0,0,0,0,0,0,0,0,0,0,0,0,0,0,0,0,0,0,0,0,0,0,0,1,2,3,4,5,6,7,8,9,10,11,12,13,14,15,16,17,18,19,20,21,22,23,24,25,26,27,28,29,30,31,32,33,34,35,36,37,38,39,40,41,42,43,44,45,46,47,48,49,50,51,52,53,54,55,56,57,58,59,60,61,62,63,64,65,66,67,68,69,70,71,72,73,74,75,76,77,78,79,80,81,82,83,84,85,86,87,88,89,90,91,92,93,94,95,96,97,98,99,100,101,102,103,104,105,106,107,108,109,110,111,112,113,114,115,116,117,118,119,120,121,122,123,124,125,126,2,1,1,2043,2043,2,2016,0,0,0,0,0,0,0,0,0,0,0,0,0,0,0,0,0,0,0,0,0,0,0,0,0,0,0,0,0,0,0,0,0,0,0,0,0,0,0,0,0,0,0,0,0,0,0,0,0,0,0,0,0,0,0,0,0,0,19530.591796875,21127.556640625,22981.427734375,24792.767578125,26557.640625,28421.755859375,30000,5040,19032.4765625,20327.173828125,21544.3125,22717.08203125,24644.75,27277.6328125,29370.908203125,31246.30859375,33034.44921875,34797.01953125,36564.625,38360.90234375,40188.91015625,42038.03125,43900.67578125,45770.24609375,47640.6875,49505.51171875,51358.16015625,53191.81640625,54999.640625,56774.6328125,58509.72265625,60197.83203125,61831.83984375,63404.85546875,64910.0390625,0,0,0,0,0,0,0,0,0,0,0,0,0,0,0,0,0,0,0,0,0,0,0,0,0,0,0,0,0,0
0,0,0,0,0,0,3328,33283,133283,233283,4799.5615234375,29,25,1987,1991,0,0,0,0,0,0,0,0,0,0,0,0,0,0,0,0,0,0,0,0,0,0,0,0,0,0,0,0,0,0,0,0,0,0,0,0,0,1,2,3,4,5,6,7,8,9,10,11,12,13,14,15,16,17,18,19,20,21,22,23,24,25,26,27,28,29,30,31,32,33,34,35,36,37,38,39,40,41,42,43,44,45,46,47,48,49,50,51,52,53,54,55,56,57,58,59,60,61,62,63,64,65,66,67,68,69,70,71,72,73,74,75,76,77,78,79,80,81,82,83,84,85,86,87,88,89,90,91,92,93,94,95,96,97,98,99,100,101,102,103,104,105,106,107,108,109,110,111,112,113,114,115,116,117,118,119,120,121,122,123,124,125,126,127,128,129,130,1,2,1,2047,2047,1,2016,0,0,0,0,0,0,0,0,0,0,0,0,0,0,0,0,0,0,0,0,0,0,0,0,0,0,0,0,0,0,0,0,0,0,0,0,0,0,0,0,0,0,0,0,0,0,0,0,0,0,0,0,0,0,0,16141.7724609375,17530.091796875,19079.099609375,20078.56640625,21533.10546875,23222.208984375,24839.86328125,26384.009765625,28000,28471.18359375,30000,31787.3125,33724.875,35507.59765625,37192.58984375,40081.50390625,44069.84375,47137.59765625,49815.453125,52317.5859375,54744.234375,57144.21875,59554.6484375,61979.53515625,64402.12109375,66810.3671875,69194.5,71545.3828125,73853.7265625,76110.328125,78305.8515625,80431.2734375,82477.3515625,84435.2265625,86296.1328125,88051.8203125,89694.1171875,91215.484375,92608.8203125,93867.5078125,94985.4453125,95957.4140625,0,0,0,0,0,0,0,0,0,0,0,0,0,0,0,0,0,0,0,0,0,0,0,0,0,0
0,0,0,0,0,0,3328,33283,233283,133283,4799.5615234375,25,29,1991,1987,0,0,0,0,0,0,0,0,0,0,0,0,0,0,0,0,0,0,0,0,0,0,0,0,0,0,0,0,0,0,0,0,0,0,0,0,0,0,0,0,0,1,2,3,4,5,6,7,8,9,10,11,12,13,14,15,16,17,18,19,20,21,22,23,24,25,26,27,28,29,30,31,32,33,34,35,36,37,38,39,40,41,42,43,44,45,46,47,48,49,50,51,52,53,54,55,56,57,58,59,60,61,62,63,64,65,66,67,68,69,70,71,72,73,74,75,76,77,78,79,80,81,82,83,84,85,86,87,88,89,90,91,92,93,94,95,96,97,98,99,100,101,102,103,104,105,106,107,108,109,110,111,112,113,114,115,116,117,118,119,120,121,122,123,124,125,126,2,1,1,2043,2043,2,2016,0,0,0,0,0,0,0,0,0,0,0,0,0,0,0,0,0,0,0,0,0,0,0,0,0,0,0,0,0,0,0,0,0,0,0,0,0,0,0,0,0,0,0,0,0,0,0,0,0,0,0,0,0,0,0,0,0,0,19530.591796875,21127.556640625,22981.427734375,24792.767578125,26557.640625,28421.755859375,30000,5040,19032.4765625,20327.173828125,21544.3125,22717.08203125,24644.75,27277.6328125,29370.908203125,31246.30859375,33034.44921875,34797.01953125,36564.625,38360.90234375,40188.91015625,42038.03125,43900.67578125,45770.24609375,47640.6875,49505.51171875,51358.16015625,53191.81640625,54999.640625,56774.6328125,58509.72265625,60197.83203125,61831.83984375,63404.85546875,64910.0390625,0,0,0,0,0,0,0,0,0,0,0,0,0,0,0,0,0,0,0,0,0,0,0,0,0,0,0,0,0,0
0,0,0,0,0,0,3328,33284,133284,233284,4787.15087890625,29,25,1987,1991,0,0,0,0,0,0,0,0,0,0,0,0,0,0,0,0,0,0,0,0,0,0,0,0,0,0,0,0,0,0,0,0,0,0,0,0,0,1,2,3,4,5,6,7,8,9,10,11,12,13,14,15,16,17,18,19,20,21,22,23,24,25,26,27,28,29,30,31,32,33,34,35,36,37,38,39,40,41,42,43,44,45,46,47,48,49,50,51,52,53,54,55,56,57,58,59,60,61,62,63,64,65,66,67,68,69,70,71,72,73,74,75,76,77,78,79,80,81,82,83,84,85,86,87,88,89,90,91,92,93,94,95,96,97,98,99,100,101,102,103,104,105,106,107,108,109,110,111,112,113,114,115,116,117,118,119,120,121,122,123,124,125,126,127,128,129,130,1,2,1,2047,2047,1,2016,0,0,0,0,0,0,0,0,0,0,0,0,0,0,0,0,0,0,0,0,0,0,0,0,0,0,0,0,0,0,0,0,0,0,0,0,0,0,0,0,0,0,0,0,0,0,0,0,0,0,0,0,0,0,0,16141.7724609375,17530.091796875,19079.099609375,20078.56640625,21533.10546875,23222.208984375,24839.86328125,26384.009765625,28000,28471.18359375,30000,31787.3125,33724.875,35507.59765625,37192.58984375,40081.50390625,44069.84375,47137.59765625,49815.453125,52317.5859375,54744.234375,57144.21875,59554.6484375,61979.53515625,64402.12109375,66810.3671875,69194.5,71545.3828125,73853.7265625,76110.328125,78305.8515625,80431.2734375,82477.3515625,84435.2265625,86296.1328125,88051.8203125,89694.1171875,91215.484375,92608.8203125,93867.5078125,94985.4453125,95957.4140625,0,0,0,0,0,0,0,0,0,0,0,0,0,0,0,0,0,0,0,0,0,0,0,0,0,0
0,0,0,0,0,0,3328,33284,233284,133284,4787.15087890625,25,29,1991,1987,0,0,0,0,0,0,0,0,0,0,0,0,0,0,0,0,0,0,0,0,0,0,0,0,0,0,0,0,0,0,0,0,0,0,0,0,0,0,0,0,0,1,2,3,4,5,6,7,8,9,10,11,12,13,14,15,16,17,18,19,20,21,22,23,24,25,26,27,28,29,30,31,32,33,34,35,36,37,38,39,40,41,42,43,44,45,46,47,48,49,50,51,52,53,54,55,56,57,58,59,60,61,62,63,64,65,66,67,68,69,70,71,72,73,74,75,76,77,78,79,80,81,82,83,84,85,86,87,88,89,90,91,92,93,94,95,96,97,98,99,100,101,102,103,104,105,106,107,108,109,110,111,112,113,114,115,116,117,118,119,120,121,122,123,124,125,126,2,1,1,2043,2043,2,2016,0,0,0,0,0,0,0,0,0,0,0,0,0,0,0,0,0,0,0,0,0,0,0,0,0,0,0,0,0,0,0,0,0,0,0,0,0,0,0,0,0,0,0,0,0,0,0,0,0,0,0,0,0,0,0,0,0,0,19530.591796875,21127.556640625,22981.427734375,24792.767578125,26557.640625,28421.755859375,30000,5040,19032.4765625,20327.173828125,21544.3125,22717.08203125,24644.75,27277.6328125,29370.908203125,31246.30859375,33034.44921875,34797.01953125,36564.625,38360.90234375,40188.91015625,42038.03125,43900.67578125,45770.24609375,47640.6875,49505.51171875,51358.16015625,53191.81640625,54999.640625,56774.6328125,58509.72265625,60197.83203125,61831.83984375,63404.85546875,64910.0390625,0,0,0,0,0,0,0,0,0,0,0,0,0,0,0,0,0,0,0,0,0,0,0,0,0,0,0,0,0,0
0,0,0,0,0,0,3328,33285,133285,233285,4802.7216796875,29,25,1987,1991,0,0,0,0,0,0,0,0,0,0,0,0,0,0,0,0,0,0,0,0,0,0,0,0,0,0,0,0,0,0,0,0,0,0,0,0,0,1,2,3,4,5,6,7,8,9,10,11,12,13,14,15,16,17,18,19,20,21,22,23,24,25,26,27,28,29,30,31,32,33,34,35,36,37,38,39,40,41,42,43,44,45,46,47,48,49,50,51,52,53,54,55,56,57,58,59,60,61,62,63,64,65,66,67,68,69,70,71,72,73,74,75,76,77,78,79,80,81,82,83,84,85,86,87,88,89,90,91,92,93,94,95,96,97,98,99,100,101,102,103,104,105,106,107,108,109,110,111,112,113,114,115,116,117,118,119,120,121,122,123,124,125,126,127,128,129,130,1,2,1,2047,2047,1,2016,0,0,0,0,0,0,0,0,0,0,0,0,0,0,0,0,0,0,0,0,0,0,0,0,0,0,0,0,0,0,0,0,0,0,0,0,0,0,0,0,0,0,0,0,0,0,0,0,0,0,0,0,0,0,0,16141.7724609375,17530.091796875,19079.099609375,20078.56640625,21533.10546875,23222.208984375,24839.86328125,26384.009765625,28000,28471.18359375,30000,31787.3125,33724.875,35507.59765625,37192.58984375,40081.50390625,44069.84375,47137.59765625,49815.453125,52317.5859375,54744.234375,57144.21875,59554.6484375,61979.53515625,64402.12109375,66810.3671875,69194.5,71545.3828125,73853.7265625,76110.328125,78305.8515625,80431.2734375,82477.3515625,84435.2265625,86296.1328125,88051.8203125,89694.1171875,91215.484375,92608.8203125,93867.5078125,94985.4453125,95957.4140625,0,0,0,0,0,0,0,0,0,0,0,0,0,0,0,0,0,0,0,0,0,0,0,0,0,0
0,0,0,0,0,0,3328,33285,233285,133285,4802.7216796875,25,29,1991,1987,0,0,0,0,0,0,0,0,0,0,0,0,0,0,0,0,0,0,0,0,0,0,0,0,0,0,0,0,0,0,0,0,0,0,0,0,0,0,0,0,0,1,2,3,4,5,6,7,8,9,10,11,12,13,14,15,16,17,18,19,20,21,22,23,24,25,26,27,28,29,30,31,32,33,34,35,36,37,38,39,40,41,42,43,44,45,46,47,48,49,50,51,52,53,54,55,56,57,58,59,60,61,62,63,64,65,66,67,68,69,70,71,72,73,74,75,76,77,78,79,80,81,82,83,84,85,86,87,88,89,90,91,92,93,94,95,96,97,98,99,100,101,102,103,104,105,106,107,108,109,110,111,112,113,114,115,116,117,118,119,120,121,122,123,124,125,126,2,1,1,2043,2043,2,2016,0,0,0,0,0,0,0,0,0,0,0,0,0,0,0,0,0,0,0,0,0,0,0,0,0,0,0,0,0,0,0,0,0,0,0,0,0,0,0,0,0,0,0,0,0,0,0,0,0,0,0,0,0,0,0,0,0,0,14942.4990234375,16164.291015625,17582.654296875,18968.474609375,20318.74609375,21744.943359375,30000,5040,15354.4326171875,16398.912109375,21544.3125,22717.08203125,24644.75,27277.6328125,29370.908203125,31246.30859375,33034.44921875,34797.01953125,36564.625,38360.90234375,40188.91015625,42038.03125,43900.67578125,45770.24609375,47640.6875,49505.51171875,51358.16015625,53191.81640625,54999.640625,56774.6328125,58509.72265625,60197.83203125,61831.83984375,63404.85546875,64910.0390625,0,0,0,0,0,0,0,0,0,0,0,0,0,0,0,0,0,0,0,0,0,0,0,0,0,0,0,0,0,0
1,26000,6,1,13000,6,3814,38141,138141,238141,387.9166564941406,88,79,1928,1937,23,24,25,26,27,28,29,30,31,32,33,34,35,36,37,38,39,40,41,42,43,44,45,46,47,48,49,50,51,52,53,54,55,56,57,58,59,60,61,62,63,64,65,66,67,68,69,70,71,72,73,74,75,76,77,78,79,80,81,82,83,84,85,86,87,88,89,90,91,92,93,94,95,96,97,98,99,100,101,102,103,104,105,106,107,108,109,110,111,112,113,114,115,116,117,118,119,120,121,122,123,124,125,126,127,128,129,130,131,132,133,134,135,136,137,138,139,140,141,142,143,144,145,146,147,148,149,150,151,152,153,154,155,156,157,158,159,160,161,162,163,164,165,166,167,168,169,170,171,172,173,174,175,176,177,178,179,180,181,182,183,184,185,186,187,188,189,1,2,1,,,1,2016,0,0,0,0,0,20099.33203125,21560.470703125,25623.04296875,26988.447265625,28424.66796875,29712.607421875,31052.2109375,32409.3984375,33857.29296875,35312.33984375,37166.7109375,39051.13671875,41526.96484375,44342.58984375,47352.203125,50281.7109375,52880.734375,56587.8203125,63343.60546875,69465.125,74058,79594.3828125,85773.0234375,93950.6796875,104525.953125,114213.375,120711.0703125,125809.2578125,130321.3359375,134409.25,136653.4375,139960.6875,144260.75,149116.4375,153929.328125,157060.015625,158953.859375,160348.25,160865.140625,161162.484375,161260.40625,160479.640625,157973.234375,156282.84375,156000,154679.953125,152094.796875,150480.90625,0,0,0,0,0,0,0,0,0,0,0,0,0,0,0,0,0,0,0,0,0,0,0,0,0,0,0,0,0,0,0,0,0,0,0,0,0,0,0,0,0,0,0,0,0,0,0,0,0,0,0,0,0,0,0,0,0,0,0,0,0,0,0,0,0,0,0,0,0,0
1,26000,6,1,13000,6,3814,38141,238141,138141,387.9166564941406,79,88,1937,1928,14,15,16,17,18,19,20,21,22,23,24,25,26,27,28,29,30,31,32,33,34,35,36,37,38,39,40,41,42,43,44,45,46,47,48,49,50,51,52,53,54,55,56,57,58,59,60,61,62,63,64,65,66,67,68,69,70,71,72,73,74,75,76,77,78,79,80,81,82,83,84,85,86,87,88,89,90,91,92,93,94,95,96,97,98,99,100,101,102,103,104,105,106,107,108,109,110,111,112,113,114,115,116,117,118,119,120,121,122,123,124,125,126,127,128,129,130,131,132,133,134,135,136,137,138,139,140,141,142,143,144,145,146,147,148,149,150,151,152,153,154,155,156,157,158,159,160,161,162,163,164,165,166,167,168,169,170,171,172,173,174,175,176,177,178,179,180,2,1,1,,,2,2016,0,0,0,0,6967.3349609375,7526.23876953125,8200,0,0,0,0,0,0,0,0,0,0,0,0,0,0,0,0,0,0,0,0,0,0,0,0,0,0,0,0,0,0,0,0,0,0,0,0,0,0,0,0,0,0,0,0,0,0,0,0,0,0,0,0,0,0,0,0,0,0,0,0,0,0,0,0,0,0,0,0,0,0,0,0,0,0,0,0,0,0,0,0,0,0,0,0,0,0,0,0,0,0,0,0,0,0,0,0,0,0,0,0,0,0,0,0,0,0,0,0,0,0,0,0,0,0,0,0
1,26000,6,1,13000,6,3814,38142,138142,238142,196.45155334472656,88,79,1928,1937,23,24,25,26,27,28,29,30,31,32,33,34,35,36,37,38,39,40,41,42,43,44,45,46,47,48,49,50,51,52,53,54,55,56,57,58,59,60,61,62,63,64,65,66,67,68,69,70,71,72,73,74,75,76,77,78,79,80,81,82,83,84,85,86,87,88,89,90,91,92,93,94,95,96,97,98,99,100,101,102,103,104,105,106,107,108,109,110,111,112,113,114,115,116,117,118,119,120,121,122,123,124,125,126,127,128,129,130,131,132,133,134,135,136,137,138,139,140,141,142,143,144,145,146,147,148,149,150,151,152,153,154,155,156,157,158,159,160,161,162,163,164,165,166,167,168,169,170,171,172,173,174,175,176,177,178,179,180,181,182,183,184,185,186,187,188,189,1,2,1,,,1,2016,0,0,0,0,0,8245.87890625,8845.3193359375,10512.0166015625,11072.181640625,11661.400390625,12189.78515625,12739.3662109375,13296.173828125,13890.16796875,14487.1123046875,15247.8798828125,16020.9765625,17036.69921875,18191.828125,19426.541015625,20628.390625,21694.65625,23215.533203125,25987.115234375,28498.5078125,30382.763671875,32654.099609375,35188.92578125,38543.859375,42882.4375,46856.76171875,49522.484375,51614.046875,53465.15625,55142.24609375,56062.9375,57419.76171875,59183.88671875,61175.96484375,63150.48046875,64434.8671875,65211.83203125,65783.8828125,65995.9453125,66117.9296875,66158.1015625,65837.7890625,64809.51953125,64116.02734375,64000,63458.4296875,62397.85546875,61735.74609375,0,0,0,0,0,0,0,0,0,0,0,0,0,0,0,0,0,0,0,0,0,0,0,0,0,0,0,0,0,0,0,0,0,0,0,0,0,0,0,0,0,0,0,0,0,0,0,0,0,0,0,0,0,0,0,0,0,0,0,0,0,0,0,0,0,0,0,0,0,0
1,26000,6,1,13000,6,3814,38142,238142,138142,196.45155334472656,79,88,1937,1928,14,15,16,17,18,19,20,21,22,23,24,25,26,27,28,29,30,31,32,33,34,35,36,37,38,39,40,41,42,43,44,45,46,47,48,49,50,51,52,53,54,55,56,57,58,59,60,61,62,63,64,65,66,67,68,69,70,71,72,73,74,75,76,77,78,79,80,81,82,83,84,85,86,87,88,89,90,91,92,93,94,95,96,97,98,99,100,101,102,103,104,105,106,107,108,109,110,111,112,113,114,115,116,117,118,119,120,121,122,123,124,125,126,127,128,129,130,131,132,133,134,135,136,137,138,139,140,141,142,143,144,145,146,147,148,149,150,151,152,153,154,155,156,157,158,159,160,161,162,163,164,165,166,167,168,169,170,171,172,173,174,175,176,177,178,179,180,2,1,1,,,2,2016,0,0,0,0,4078.4384765625,4405.60107421875,4800,0,0,0,0,0,0,0,0,0,0,0,0,0,0,0,0,0,0,0,0,0,0,0,0,0,0,0,0,0,0,0,0,0,0,0,0,0,0,0,0,0,0,0,0,0,0,0,0,0,0,0,0,0,0,0,0,0,0,0,0,0,0,0,0,0,0,0,0,0,0,0,0,0,0,0,0,0,0,0,0,0,0,0,0,0,0,0,0,0,0,0,0,0,0,0,0,0,0,0,0,0,0,0,0,0,0,0,0,0,0,0,0,0,0,0,0
1,26000,6,1,13000,6,3814,38143,138143,238143,191.13877868652344,88,79,1928,1937,23,24,25,26,27,28,29,30,31,32,33,34,35,36,37,38,39,40,41,42,43,44,45,46,47,48,49,50,51,52,53,54,55,56,57,58,59,60,61,62,63,64,65,66,67,68,69,70,71,72,73,74,75,76,77,78,79,80,81,82,83,84,85,86,87,88,89,90,91,92,93,94,95,96,97,98,99,100,101,102,103,104,105,106,107,108,109,110,111,112,113,114,115,116,117,118,119,120,121,122,123,124,125,126,127,128,129,130,131,132,133,134,135,136,137,138,139,140,141,142,143,144,145,146,147,148,149,150,151,152,153,154,155,156,157,158,159,160,161,162,163,164,165,166,167,168,169,170,171,172,173,174,175,176,177,178,179,180,181,182,183,184,185,186,187,188,189,1,2,1,,,1,2016,0,0,0,0,0,10822.724609375,11609.4912109375,13797.0322265625,14532.25,15305.6005859375,15999.1064453125,16720.431640625,17451.2421875,18230.861328125,19014.349609375,20012.857421875,21027.548828125,22360.6875,23876.79296875,25497.35546875,27074.78515625,28474.259765625,30470.412109375,34108.1171875,37404.3203125,39877.41015625,42858.5390625,46185.50390625,50588.859375,56283.2421875,61499.55078125,64998.30859375,67743.4921875,70173.0703125,72374.2578125,73582.6640625,75363.5,77678.9140625,80293.515625,82885.0703125,84570.828125,85590.59375,86341.421875,86619.75,86779.8515625,86832.578125,86412.1640625,85062.5625,84152.3515625,84000,83289.2578125,81897.25,81028.234375,0,0,0,0,0,0,0,0,0,0,0,0,0,0,0,0,0,0,0,0,0,0,0,0,0,0,0,0,0,0,0,0,0,0,0,0,0,0,0,0,0,0,0,0,0,0,0,0,0,0,0,0,0,0,0,0,0,0,0,0,0,0,0,0,0,0,0,0,0,0
1,26000,6,1,13000,6,3814,38143,238143,138143,191.13877868652344,79,88,1937,1928,14,15,16,17,18,19,20,21,22,23,24,25,26,27,28,29,30,31,32,33,34,35,36,37,38,39,40,41,42,43,44,45,46,47,48,49,50,51,52,53,54,55,56,57,58,59,60,61,62,63,64,65,66,67,68,69,70,71,72,73,74,75,76,77,78,79,80,81,82,83,84,85,86,87,88,89,90,91,92,93,94,95,96,97,98,99,100,101,102,103,104,105,106,107,108,109,110,111,112,113,114,115,116,117,118,119,120,121,122,123,124,125,126,127,128,129,130,131,132,133,134,135,136,137,138,139,140,141,142,143,144,145,146,147,148,149,150,151,152,153,154,155,156,157,158,159,160,161,162,163,164,165,166,167,168,169,170,171,172,173,174,175,176,177,178,179,180,2,1,1,,,2,2016,0,0,0,0,4078.4384765625,4405.60107421875,4800,0,0,0,0,0,0,0,0,0,0,0,0,0,0,0,0,0,0,0,0,0,0,0,0,0,0,0,0,0,0,0,0,0,0,0,0,0,0,0,0,0,0,0,0,0,0,0,0,0,0,0,0,0,0,0,0,0,0,0,0,0,0,0,0,0,0,0,0,0,0,0,0,0,0,0,0,0,0,0,0,0,0,0,0,0,0,0,0,0,0,0,0,0,0,0,0,0,0,0,0,0,0,0,0,0,0,0,0,0,0,0,0,0,0,0,0
1,26000,6,1,13000,6,3814,38144,138144,238144,189.0716552734375,88,79,1928,1937,23,24,25,26,27,28,29,30,31,32,33,34,35,36,37,38,39,40,41,42,43,44,45,46,47,48,49,50,51,52,53,54,55,56,57,58,59,60,61,62,63,64,65,66,67,68,69,70,71,72,73,74,75,76,77,78,79,80,81,82,83,84,85,86,87,88,89,90,91,92,93,94,95,96,97,98,99,100,101,102,103,104,105,106,107,108,109,110,111,112,113,114,115,116,117,118,119,120,121,122,123,124,125,126,127,128,129,130,131,132,133,134,135,136,137,138,139,140,141,142,143,144,145,146,147,148,149,150,151,152,153,154,155,156,157,158,159,160,161,162,163,164,165,166,167,168,169,170,171,172,173,174,175,176,177,178,179,180,181,182,183,184,185,186,187,188,189,1,2,1,,,1,2016,0,0,0,0,0,28345.224609375,30405.802734375,36135.07421875,38060.6484375,40086.0859375,41902.41015625,43791.59765625,45705.578125,47747.48046875,49799.4765625,52414.6171875,55072.13671875,58563.6875,62534.4453125,66778.7734375,70910.1328125,74575.421875,79803.3671875,89330.7578125,97963.6796875,104440.8046875,112248.53125,120962.0078125,132494.59375,147408.453125,161070.21875,170233.625,177423.390625,183786.578125,189551.578125,192716.453125,197380.546875,203444.71875,210292.5,217079.890625,221494.984375,224165.796875,226132.234375,226861.1875,227280.515625,227418.609375,226317.53125,222782.859375,220398.96875,220000,218138.46875,214492.75,212216.75,0,0,0,0,0,0,0,0,0,0,0,0,0,0,0,0,0,0,0,0,0,0,0,0,0,0,0,0,0,0,0,0,0,0,0,0,0,0,0,0,0,0,0,0,0,0,0,0,0,0,0,0,0,0,0,0,0,0,0,0,0,0,0,0,0,0,0,0,0,0
1,26000,6,1,13000,6,3814,38144,238144,138144,189.0716552734375,79,88,1937,1928,14,15,16,17,18,19,20,21,22,23,24,25,26,27,28,29,30,31,32,33,34,35,36,37,38,39,40,41,42,43,44,45,46,47,48,49,50,51,52,53,54,55,56,57,58,59,60,61,62,63,64,65,66,67,68,69,70,71,72,73,74,75,76,77,78,79,80,81,82,83,84,85,86,87,88,89,90,91,92,93,94,95,96,97,98,99,100,101,102,103,104,105,106,107,108,109,110,111,112,113,114,115,116,117,118,119,120,121,122,123,124,125,126,127,128,129,130,131,132,133,134,135,136,137,138,139,140,141,142,143,144,145,146,147,148,149,150,151,152,153,154,155,156,157,158,159,160,161,162,163,164,165,166,167,168,169,170,171,172,173,174,175,176,177,178,179,180,2,1,1,,,2,2016,0,0,0,0,4758.1796875,5139.86962890625,5600,0,0,0,0,0,0,0,0,0,0,0,0,0,0,0,0,0,0,0,0,0,0,0,0,0,0,0,0,0,0,0,0,0,0,0,0,0,0,0,0,0,0,0,0,0,0,0,0,0,0,0,0,0,0,0,0,0,0,0,0,0,0,0,0,0,0,0,0,0,0,0,0,0,0,0,0,0,0,0,0,0,0,0,0,0,0,0,0,0,0,0,0,0,0,0,0,0,0,0,0,0,0,0,0,0,0,0,0,0,0,0,0,0,0,0,0
1,26000,6,1,13000,6,3814,38145,138145,238145,188.63265991210938,88,79,1928,1937,23,24,25,26,27,28,29,30,31,32,33,34,35,36,37,38,39,40,41,42,43,44,45,46,47,48,49,50,51,52,53,54,55,56,57,58,59,60,61,62,63,64,65,66,67,68,69,70,71,72,73,74,75,76,77,78,79,80,81,82,83,84,85,86,87,88,89,90,91,92,93,94,95,96,97,98,99,100,101,102,103,104,105,106,107,108,109,110,111,112,113,114,115,116,117,118,119,120,121,122,123,124,125,126,127,128,129,130,131,132,133,134,135,136,137,138,139,140,141,142,143,144,145,146,147,148,149,150,151,152,153,154,155,156,157,158,159,160,161,162,163,164,165,166,167,168,169,170,171,172,173,174,175,176,177,178,179,180,181,182,183,184,185,186,187,188,189,1,2,1,,,1,2016,0,0,0,0,0,18553.228515625,19901.970703125,23652.037109375,24912.41015625,26238.15234375,27427.017578125,28663.576171875,29916.36328125,31252.880859375,32596.00390625,34307.73046875,36047.19921875,38332.578125,40931.61328125,43709.71875,46413.87890625,48812.98046875,52234.90234375,58471.01171875,64121.64453125,68361.21875,73471.7265625,79175.0859375,86723.6875,96485.484375,105427.71875,111425.59375,116131.609375,120296.6015625,124070.0546875,126141.609375,129194.46875,133163.75,137645.921875,142088.578125,144978.453125,146726.625,148013.75,148490.875,148765.34375,148855.734375,148135.03125,145821.421875,144261.0625,144000,142781.46875,140395.171875,138905.4375,0,0,0,0,0,0,0,0,0,0,0,0,0,0,0,0,0,0,0,0,0,0,0,0,0,0,0,0,0,0,0,0,0,0,0,0,0,0,0,0,0,0,0,0,0,0,0,0,0,0,0,0,0,0,0,0,0,0,0,0,0,0,0,0,0,0,0,0,0,0
1,26000,6,1,13000,6,3814,38145,238145,138145,188.63265991210938,79,88,1937,1928,14,15,16,17,18,19,20,21,22,23,24,25,26,27,28,29,30,31,32,33,34,35,36,37,38,39,40,41,42,43,44,45,46,47,48,49,50,51,52,53,54,55,56,57,58,59,60,61,62,63,64,65,66,67,68,69,70,71,72,73,74,75,76,77,78,79,80,81,82,83,84,85,86,87,88,89,90,91,92,93,94,95,96,97,98,99,100,101,102,103,104,105,106,107,108,109,110,111,112,113,114,115,116,117,118,119,120,121,122,123,124,125,126,127,128,129,130,131,132,133,134,135,136,137,138,139,140,141,142,143,144,145,146,147,148,149,150,151,152,153,154,155,156,157,158,159,160,161,162,163,164,165,166,167,168,169,170,171,172,173,174,175,176,177,178,179,180,2,1,1,,,2,2016,0,0,0,0,3262.750732421875,3524.48095703125,3840,0,0,0,0,0,0,0,0,0,0,0,0,0,0,0,0,0,0,0,0,0,0,0,0,0,0,0,0,0,0,0,0,0,0,0,0,0,0,0,0,0,0,0,0,0,0,0,0,0,0,0,0,0,0,0,0,0,0,0,0,0,0,0,0,0,0,0,0,0,0,0,0,0,0,0,0,0,0,0,0,0,0,0,0,0,0,0,0,0,0,0,0,0,0,0,0,0,0,0,0,0,0,0,0,0,0,0,0,0,0,0,0,0,0,0,0
0,0,0,0,0,0,3971,39711,139711,239711,5870.05224609375,53,53,1963,1963,0,0,0,0,0,0,0,0,0,0,0,0,0,1,2,3,4,5,6,7,8,9,10,11,12,13,14,15,16,17,18,19,20,21,22,23,24,25,26,27,28,29,30,31,32,33,34,35,36,37,38,39,40,41,42,43,44,45,46,47,48,49,50,51,52,53,54,55,56,57,58,59,60,61,62,63,64,65,66,67,68,69,70,71,72,73,74,75,76,77,78,79,80,81,82,83,84,85,86,87,88,89,90,91,92,93,94,95,96,97,98,99,100,101,102,103,104,105,106,107,108,109,110,111,112,113,114,115,116,117,118,119,120,121,122,123,124,125,126,127,128,129,130,131,132,133,134,135,136,137,138,139,140,141,142,143,144,145,146,147,148,149,150,151,152,153,154,1,2,1,9999,9999,1,2016,0,0,0,0,0,0,0,0,0,0,0,0,0,0,0,0,0,0,0,0,0,0,0,0,0,0,0,0,0,0,0,0,0,0,0,0,0,0,0,0,0,0,0,89291.65625,94472.9453125,99830.8984375,104918.421875,109070.9375,113954.4765625,120126.3671875,125788.8125,130622.0546875,136482.734375,142915.703125,150000,159166.125,140224.609375,123817.8828125,105727.390625,92009.921875,80528.3984375,78085.84375,67323.9609375,68673.5859375,69102.1953125,70000,71312.5703125,72751.5234375,73660.859375,74206.1640625,76920.0546875,81356.640625,83718.140625,85125.703125,86026.6796875,86627.6640625,87029.8046875,87303.7265625,87464.2734375,87496.875,87395.7265625,87159.78125,86789.7265625,86287.1171875,85653.9765625,84893.34375,84008.4375,83003.421875,0,0,0,0,0,0,0,0,0,0,0,0,0,0,0,0,0,0,0,0,0,0,0,0,0,0,0,0,0,0,0,0,0,0,0
0,0,0,0,0,0,3971,39711,239711,139711,5870.05224609375,53,53,1963,1963,0,0,0,0,0,0,0,0,0,0,0,0,0,1,2,3,4,5,6,7,8,9,10,11,12,13,14,15,16,17,18,19,20,21,22,23,24,25,26,27,28,29,30,31,32,33,34,35,36,37,38,39,40,41,42,43,44,45,46,47,48,49,50,51,52,53,54,55,56,57,58,59,60,61,62,63,64,65,66,67,68,69,70,71,72,73,74,75,76,77,78,79,80,81,82,83,84,85,86,87,88,89,90,91,92,93,94,95,96,97,98,99,100,101,102,103,104,105,106,107,108,109,110,111,112,113,114,115,116,117,118,119,120,121,122,123,124,125,126,127,128,129,130,131,132,133,134,135,136,137,138,139,140,141,142,143,144,145,146,147,148,149,150,151,152,153,154,2,1,1,,9999,2,2016,0,0,0,0,0,0,0,0,0,0,0,0,0,0,0,0,0,0,0,0,0,0,0,0,0,0,0,0,0,0,0,0,0,0,0,0,0,0,0,0,0,0,23180.94921875,24559.703125,25984.79296875,27458.525390625,28857.822265625,30000,0,0,0,0,0,0,0,0,0,0,13410.103515625,49086.04296875,50865.6953125,58398.37890625,59614.33203125,60809.34765625,61188.87109375,0,0,0,0,0,19173.171875,20279.041015625,20867.669921875,21218.541015625,21443.099609375,21592.921875,21693.16015625,21761.41796875,21801.45703125,21809.5625,21784.369140625,21725.5390625,21633.318359375,21508.017578125,21350.21875,21160.603515625,20940.03125,20689.5390625,0,0,0,0,0,0,0,0,0,0,0,0,0,0,0,0,0,0,0,0,0,0,0,0,0,0,0,0,0,0,0,0,0,0,0
0,0,0,0,0,0,3971,39712,139712,239712,5962.62890625,53,53,1963,1963,0,0,0,0,0,0,0,0,0,0,0,0,0,1,2,3,4,5,6,7,8,9,10,11,12,13,14,15,16,17,18,19,20,21,22,23,24,25,26,27,28,29,30,31,32,33,34,35,36,37,38,39,40,41,42,43,44,45,46,47,48,49,50,51,52,53,54,55,56,57,58,59,60,61,62,63,64,65,66,67,68,69,70,71,72,73,74,75,76,77,78,79,80,81,82,83,84,85,86,87,88,89,90,91,92,93,94,95,96,97,98,99,100,101,102,103,104,105,106,107,108,109,110,111,112,113,114,115,116,117,118,119,120,121,122,123,124,125,126,127,128,129,130,131,132,133,134,135,136,137,138,139,140,141,142,143,144,145,146,147,148,149,150,151,152,153,154,1,2,1,9999,9999,1,2016,0,0,0,0,0,0,0,0,0,0,0,0,0,0,0,0,0,0,0,0,0,0,0,0,0,0,0,0,0,0,0,0,0,0,0,0,0,0,0,0,0,0,0,89291.65625,94472.9453125,99830.8984375,104918.421875,109070.9375,113954.4765625,120126.3671875,125788.8125,130622.0546875,136482.734375,142915.703125,150000,159166.125,140224.609375,123817.8828125,105727.390625,92009.921875,80528.3984375,78085.84375,67323.9609375,68673.5859375,69102.1953125,70000,71312.5703125,72751.5234375,73660.859375,74206.1640625,76920.0546875,81356.640625,83718.140625,85125.703125,86026.6796875,86627.6640625,87029.8046875,87303.7265625,87464.2734375,87496.875,87395.7265625,87159.78125,86789.7265625,86287.1171875,85653.9765625,84893.34375,84008.4375,83003.421875,0,0,0,0,0,0,0,0,0,0,0,0,0,0,0,0,0,0,0,0,0,0,0,0,0,0,0,0,0,0,0,0,0,0,0
0,0,0,0,0,0,3971,39712,239712,139712,5962.62890625,53,53,1963,1963,0,0,0,0,0,0,0,0,0,0,0,0,0,1,2,3,4,5,6,7,8,9,10,11,12,13,14,15,16,17,18,19,20,21,22,23,24,25,26,27,28,29,30,31,32,33,34,35,36,37,38,39,40,41,42,43,44,45,46,47,48,49,50,51,52,53,54,55,56,57,58,59,60,61,62,63,64,65,66,67,68,69,70,71,72,73,74,75,76,77,78,79,80,81,82,83,84,85,86,87,88,89,90,91,92,93,94,95,96,97,98,99,100,101,102,103,104,105,106,107,108,109,110,111,112,113,114,115,116,117,118,119,120,121,122,123,124,125,126,127,128,129,130,131,132,133,134,135,136,137,138,139,140,141,142,143,144,145,146,147,148,149,150,151,152,153,154,2,1,1,,9999,2,2016,0,0,0,0,0,0,0,0,0,0,0,0,0,0,0,0,0,0,0,0,0,0,0,0,0,0,0,0,0,0,0,0,0,0,0,0,0,0,0,0,0,0,23180.94921875,24559.703125,25984.79296875,27458.525390625,28857.822265625,30000,0,0,0,0,0,0,0,0,0,0,13410.103515625,49086.04296875,50865.6953125,58398.37890625,59614.33203125,60809.34765625,61188.87109375,0,0,0,0,0,19173.171875,20279.041015625,20867.669921875,21218.541015625,21443.099609375,21592.921875,21693.16015625,21761.41796875,21801.45703125,21809.5625,21784.369140625,21725.5390625,21633.318359375,21508.017578125,21350.21875,21160.603515625,20940.03125,20689.5390625,0,0,0,0,0,0,0,0,0,0,0,0,0,0,0,0,0,0,0,0,0,0,0,0,0,0,0,0,0,0,0,0,0,0,0
0,0,0,0,0,0,3971,39713,139713,239713,5923.18505859375,53,53,1963,1963,0,0,0,0,0,0,0,0,0,0,0,0,0,1,2,3,4,5,6,7,8,9,10,11,12,13,14,15,16,17,18,19,20,21,22,23,24,25,26,27,28,29,30,31,32,33,34,35,36,37,38,39,40,41,42,43,44,45,46,47,48,49,50,51,52,53,54,55,56,57,58,59,60,61,62,63,64,65,66,67,68,69,70,71,72,73,74,75,76,77,78,79,80,81,82,83,84,85,86,87,88,89,90,91,92,93,94,95,96,97,98,99,100,101,102,103,104,105,106,107,108,109,110,111,112,113,114,115,116,117,118,119,120,121,122,123,124,125,126,127,128,129,130,131,132,133,134,135,136,137,138,139,140,141,142,143,144,145,146,147,148,149,150,151,152,153,154,1,2,1,9999,9999,1,2016,0,0,0,0,0,0,0,0,0,0,0,0,0,0,0,0,0,0,0,0,0,0,0,0,0,0,0,0,0,0,0,0,0,0,0,0,0,0,0,0,0,0,0,89291.65625,94472.9453125,99830.8984375,104918.421875,109070.9375,113954.4765625,120126.3671875,125788.8125,130622.0546875,136482.734375,142915.703125,150000,159166.125,140224.609375,123817.8828125,105727.390625,92009.921875,80528.3984375,78085.84375,67323.9609375,68673.5859375,69102.1953125,70000,71312.5703125,72751.5234375,73660.859375,74206.1640625,76920.0546875,81356.640625,83718.140625,85125.703125,86026.6796875,86627.6640625,87029.8046875,87303.7265625,87464.2734375,87496.875,87395.7265625,87159.78125,86789.7265625,86287.1171875,85653.9765625,84893.34375,84008.4375,83003.421875,0,0,0,0,0,0,0,0,0,0,0,0,0,0,0,0,0,0,0,0,0,0,0,0,0,0,0,0,0,0,0,0,0,0,0
0,0,0,0,0,0,3971,39713,239713,139713,5923.18505859375,53,53,1963,1963,0,0,0,0,0,0,0,0,0,0,0,0,0,1,2,3,4,5,6,7,8,9,10,11,12,13,14,15,16,17,18,19,20,21,22,23,24,25,26,27,28,29,30,31,32,33,34,35,36,37,38,39,40,41,42,43,44,45,46,47,48,49,50,51,52,53,54,55,56,57,58,59,60,61,62,63,64,65,66,67,68,69,70,71,72,73,74,75,76,77,78,79,80,81,82,83,84,85,86,87,88,89,90,91,92,93,94,95,96,97,98,99,100,101,102,103,104,105,106,107,108,109,110,111,112,113,114,115,116,117,118,119,120,121,122,123,124,125,126,127,128,129,130,131,132,133,134,135,136,137,138,139,140,141,142,143,144,145,146,147,148,149,150,151,152,153,154,2,1,1,,9999,2,2016,0,0,0,0,0,0,0,0,0,0,0,0,0,0,0,0,0,0,0,0,0,0,0,0,0,0,0,0,0,0,0,0,0,0,0,0,0,0,0,0,0,0,23180.94921875,24559.703125,25984.79296875,27458.525390625,28857.822265625,30000,0,0,0,0,0,0,0,0,0,0,13410.103515625,49086.04296875,50865.6953125,58398.37890625,59614.33203125,60809.34765625,61188.87109375,0,0,0,0,0,19173.171875,20279.041015625,20867.669921875,21218.541015625,21443.099609375,21592.921875,21693.16015625,21761.41796875,21801.45703125,21809.5625,21784.369140625,21725.5390625,21633.318359375,21508.017578125,21350.21875,21160.603515625,20940.03125,20689.5390625,0,0,0,0,0,0,0,0,0,0,0,0,0,0,0,0,0,0,0,0,0,0,0,0,0,0,0,0,0,0,0,0,0,0,0
0,0,0,0,0,0,3971,39714,139714,239714,5922.4033203125,53,53,1963,1963,0,0,0,0,0,0,0,0,0,0,0,0,0,1,2,3,4,5,6,7,8,9,10,11,12,13,14,15,16,17,18,19,20,21,22,23,24,25,26,27,28,29,30,31,32,33,34,35,36,37,38,39,40,41,42,43,44,45,46,47,48,49,50,51,52,53,54,55,56,57,58,59,60,61,62,63,64,65,66,67,68,69,70,71,72,73,74,75,76,77,78,79,80,81,82,83,84,85,86,87,88,89,90,91,92,93,94,95,96,97,98,99,100,101,102,103,104,105,106,107,108,109,110,111,112,113,114,115,116,117,118,119,120,121,122,123,124,125,126,127,128,129,130,131,132,133,134,135,136,137,138,139,140,141,142,143,144,145,146,147,148,149,150,151,152,153,154,1,2,1,9999,9999,1,2016,0,0,0,0,0,0,0,0,0,0,0,0,0,0,0,0,0,0,0,0,0,0,0,0,0,0,0,0,0,0,0,0,0,0,0,0,0,0,0,0,0,0,0,89291.65625,94472.9453125,99830.8984375,104918.421875,109070.9375,113954.4765625,120126.3671875,125788.8125,130622.0546875,136482.734375,142915.703125,150000,159166.125,140224.609375,123817.8828125,105727.390625,92009.921875,80528.3984375,78085.84375,67323.9609375,68673.5859375,69102.1953125,70000,71312.5703125,72751.5234375,73660.859375,74206.1640625,76920.0546875,81356.640625,83718.140625,85125.703125,86026.6796875,86627.6640625,87029.8046875,87303.7265625,87464.2734375,87496.875,87395.7265625,87159.78125,86789.7265625,86287.1171875,85653.9765625,84893.34375,84008.4375,83003.421875,0,0,0,0,0,0,0,0,0,0,0,0,0,0,0,0,0,0,0,0,0,0,0,0,0,0,0,0,0,0,0,0,0,0,0
0,0,0,0,0,0,3971,39714,239714,139714,5922.4033203125,53,53,1963,1963,0,0,0,0,0,0,0,0,0,0,0,0,0,1,2,3,4,5,6,7,8,9,10,11,12,13,14,15,16,17,18,19,20,21,22,23,24,25,26,27,28,29,30,31,32,33,34,35,36,37,38,39,40,41,42,43,44,45,46,47,48,49,50,51,52,53,54,55,56,57,58,59,60,61,62,63,64,65,66,67,68,69,70,71,72,73,74,75,76,77,78,79,80,81,82,83,84,85,86,87,88,89,90,91,92,93,94,95,96,97,98,99,100,101,102,103,104,105,106,107,108,109,110,111,112,113,114,115,116,117,118,119,120,121,122,123,124,125,126,127,128,129,130,131,132,133,134,135,136,137,138,139,140,141,142,143,144,145,146,147,148,149,150,151,152,153,154,2,1,1,,9999,2,2016,0,0,0,0,0,0,0,0,0,0,0,0,0,0,0,0,0,0,0,0,0,0,0,0,0,0,0,0,0,0,0,0,0,0,0,0,0,0,0,0,0,0,23180.94921875,24559.703125,25984.79296875,27458.525390625,28857.822265625,30000,0,0,0,0,0,0,0,0,0,0,13410.103515625,49086.04296875,50865.6953125,58398.37890625,59614.33203125,60809.34765625,61188.87109375,0,0,0,0,0,19173.171875,20279.041015625,20867.669921875,21218.541015625,21443.099609375,21592.921875,21693.16015625,21761.41796875,21801.45703125,21809.5625,21784.369140625,21725.5390625,21633.318359375,21508.017578125,21350.21875,21160.603515625,20940.03125,20689.5390625,0,0,0,0,0,0,0,0,0,0,0,0,0,0,0,0,0,0,0,0,0,0,0,0,0,0,0,0,0,0,0,0,0,0,0
0,0,0,0,0,0,3971,39715,139715,239715,5933.11767578125,53,53,1963,1963,0,0,0,0,0,0,0,0,0,0,0,0,0,1,2,3,4,5,6,7,8,9,10,11,12,13,14,15,16,17,18,19,20,21,22,23,24,25,26,27,28,29,30,31,32,33,34,35,36,37,38,39,40,41,42,43,44,45,46,47,48,49,50,51,52,53,54,55,56,57,58,59,60,61,62,63,64,65,66,67,68,69,70,71,72,73,74,75,76,77,78,79,80,81,82,83,84,85,86,87,88,89,90,91,92,93,94,95,96,97,98,99,100,101,102,103,104,105,106,107,108,109,110,111,112,113,114,115,116,117,118,119,120,121,122,123,124,125,126,127,128,129,130,131,132,133,134,135,136,137,138,139,140,141,142,143,144,145,146,147,148,149,150,151,152,153,154,1,2,1,9999,9999,1,2016,0,0,0,0,0,0,0,0,0,0,0,0,0,0,0,0,0,0,0,0,0,0,0,0,0,0,0,0,0,0,0,0,0,0,0,0,0,0,0,0,0,0,0,89291.65625,94472.9453125,99830.8984375,104918.421875,109070.9375,113954.4765625,120126.3671875,125788.8125,130622.0546875,136482.734375,142915.703125,150000,159166.125,140224.609375,123817.8828125,105727.390625,92009.921875,80528.3984375,78085.84375,67323.9609375,68673.5859375,69102.1953125,70000,71312.5703125,72751.5234375,73660.859375,74206.1640625,76920.0546875,81356.640625,83718.140625,85125.703125,86026.6796875,86627.6640625,87029.8046875,87303.7265625,87464.2734375,87496.875,87395.7265625,87159.78125,86789.7265625,86287.1171875,85653.9765625,84893.34375,84008.4375,83003.421875,0,0,0,0,0,0,0,0,0,0,0,0,0,0,0,0,0,0,0,0,0,0,0,0,0,0,0,0,0,0,0,0,0,0,0
0,0,0,0,0,0,3971,39715,239715,139715,5933.11767578125,53,53,1963,1963,0,0,0,0,0,0,0,0,0,0,0,0,0,1,2,3,4,5,6,7,8,9,10,11,12,13,14,15,16,17,18,19,20,21,22,23,24,25,26,27,28,29,30,31,32,33,34,35,36,37,38,39,40,41,42,43,44,45,46,47,48,49,50,51,52,53,54,55,56,57,58,59,60,61,62,63,64,65,66,67,68,69,70,71,72,73,74,75,76,77,78,79,80,81,82,83,84,85,86,87,88,89,90,91,92,93,94,95,96,97,98,99,100,101,102,103,104,105,106,107,108,109,110,111,112,113,114,115,116,117,118,119,120,121,122,123,124,125,126,127,128,129,130,131,132,133,134,135,136,137,138,139,140,141,142,143,144,145,146,147,148,149,150,151,152,153,154,2,1,1,,9999,2,2016,0,0,0,0,0,0,0,0,0,0,0,0,0,0,0,0,0,0,0,0,0,0,0,0,0,0,0,0,0,0,0,0,0,0,0,0,0,0,0,0,0,0,23180.94921875,24559.703125,25984.79296875,27458.525390625,28857.822265625,30000,0,0,0,0,0,0,0,0,0,0,13410.103515625,49086.04296875,50865.6953125,58398.37890625,59614.33203125,60809.34765625,61188.87109375,0,0,0,0,0,19173.171875,20279.041015625,20867.669921875,21218.541015625,21443.099609375,21592.921875,21693.16015625,21761.41796875,21801.45703125,21809.5625,21784.369140625,21725.5390625,21633.318359375,21508.017578125,21350.21875,21160.603515625,20940.03125,20689.5390625,0,0,0,0,0,0,0,0,0,0,0,0,0,0,0,0,0,0,0,0,0,0,0,0,0,0,0,0,0,0,0,0,0,0,0
0,0,0,1,850,4,4398,43981,143981,243981,1852.0740966796875,69,65,1947,1951,4,5,6,7,8,9,10,11,12,13,14,15,16,17,18,19,20,21,22,23,24,25,26,27,28,29,30,31,32,33,34,35,36,37,38,39,40,41,42,43,44,45,46,47,48,49,50,51,52,53,54,55,56,57,58,59,60,61,62,63,64,65,66,67,68,69,70,71,72,73,74,75,76,77,78,79,80,81,82,83,84,85,86,87,88,89,90,91,92,93,94,95,96,97,98,99,100,101,102,103,104,105,106,107,108,109,110,111,112,113,114,115,116,117,118,119,120,121,122,123,124,125,126,127,128,129,130,131,132,133,134,135,136,137,138,139,140,141,142,143,144,145,146,147,148,149,150,151,152,153,154,155,156,157,158,159,160,161,162,163,164,165,166,167,168,169,170,1,2,1,2018,2018,1,2016,0,0,0,0,0,0,0,0,0,0,0,0,0,0,0,0,0,0,0,0,0,0,0,0,0,0,30332.736328125,33669.95703125,37988.6953125,43535.26953125,49000,0,0,0,0,0,0,0,153089.703125,162781.28125,171084.78125,178352.4375,185325.34375,191511.640625,197633.15625,203697.5625,208804.890625,211722.421875,215753.21875,221836.34375,226571.28125,229481.578125,233871.625,238862.421875,244527.453125,249779.296875,254127.15625,259138.078125,255538.53125,256817.234375,259573.046875,260248.4375,259123.296875,257806.96875,253026.03125,250000,248414.203125,247184.3125,0,0,0,0,0,0,0,0,0,0,0,0,0,0,0,0,0,0,0,0,0,0,0,0,0,0,0,0,0,0,0,0,0,0,0,0,0,0,0,0,0,0,0,0,0,0,0,0,0,0,0,0,0,0,0
0,0,0,1,850,4,4398,43981,243981,143981,1852.0740966796875,65,69,1951,1947,0,1,2,3,4,5,6,7,8,9,10,11,12,13,14,15,16,17,18,19,20,21,22,23,24,25,26,27,28,29,30,31,32,33,34,35,36,37,38,39,40,41,42,43,44,45,46,47,48,49,50,51,52,53,54,55,56,57,58,59,60,61,62,63,64,65,66,67,68,69,70,71,72,73,74,75,76,77,78,79,80,81,82,83,84,85,86,87,88,89,90,91,92,93,94,95,96,97,98,99,100,101,102,103,104,105,106,107,108,109,110,111,112,113,114,115,116,117,118,119,120,121,122,123,124,125,126,127,128,129,130,131,132,133,134,135,136,137,138,139,140,141,142,143,144,145,146,147,148,149,150,151,152,153,154,155,156,157,158,159,160,161,162,163,164,165,166,2,1,1,,,2,2016,0,0,0,0,0,0,0,0,0,0,0,0,0,0,0,0,0,0,0,0,0,0,0,0,0,0,0,0,0,0,0,0,0,0,0,0,0,0,12127.6884765625,12976.0927734375,13723.306640625,14395.7646484375,15052.1435546875,15651.8837890625,16253.208984375,16856.716796875,17387.458984375,17740.662109375,18191.482421875,18821.39453125,19343.357421875,19714.341796875,20217.146484375,20777.748046875,21403.56640625,22000,0,0,22932.21484375,23191.138671875,23586.6015625,23795.880859375,23841.1953125,23868.44140625,23572.330078125,0,0,0,0,0,0,0,0,0,0,0,0,0,0,0,0,0,0,0,0,0,0,0,0,0,0,0,0,0,0,0,0,0,0,0,0,0,0,0,0,0,0,0,0,0,0,0,0,0,0,0,0,0,0,0,0,0,0
0,0,0,1,850,4,4398,43982,143982,243982,1974.731201171875,69,65,1947,1951,4,5,6,7,8,9,10,11,12,13,14,15,16,17,18,19,20,21,22,23,24,25,26,27,28,29,30,31,32,33,34,35,36,37,38,39,40,41,42,43,44,45,46,47,48,49,50,51,52,53,54,55,56,57,58,59,60,61,62,63,64,65,66,67,68,69,70,71,72,73,74,75,76,77,78,79,80,81,82,83,84,85,86,87,88,89,90,91,92,93,94,95,96,97,98,99,100,101,102,103,104,105,106,107,108,109,110,111,112,113,114,115,116,117,118,119,120,121,122,123,124,125,126,127,128,129,130,131,132,133,134,135,136,137,138,139,140,141,142,143,144,145,146,147,148,149,150,151,152,153,154,155,156,157,158,159,160,161,162,163,164,165,166,167,168,169,170,1,2,1,2018,2018,1,2016,0,0,0,0,0,0,0,0,0,0,0,0,0,0,0,0,0,0,0,0,0,0,0,0,0,0,27856.580078125,30921.37109375,34887.55859375,39981.34765625,45000,0,0,0,0,0,0,0,153089.703125,162781.28125,171084.78125,178352.4375,185325.34375,191511.640625,197633.15625,203697.5625,208804.890625,211722.421875,215753.21875,221836.34375,226571.28125,229481.578125,233871.625,238862.421875,244527.453125,249779.296875,254127.15625,259138.078125,255538.53125,256817.234375,259573.046875,260248.4375,259123.296875,257806.96875,253026.03125,250000,248414.203125,247184.3125,0,0,0,0,0,0,0,0,0,0,0,0,0,0,0,0,0,0,0,0,0,0,0,0,0,0,0,0,0,0,0,0,0,0,0,0,0,0,0,0,0,0,0,0,0,0,0,0,0,0,0,0,0,0,0
0,0,0,1,850,4,4398,43982,243982,143982,1974.731201171875,65,69,1951,1947,0,1,2,3,4,5,6,7,8,9,10,11,12,13,14,15,16,17,18,19,20,21,22,23,24,25,26,27,28,29,30,31,32,33,34,35,36,37,38,39,40,41,42,43,44,45,46,47,48,49,50,51,52,53,54,55,56,57,58,59,60,61,62,63,64,65,66,67,68,69,70,71,72,73,74,75,76,77,78,79,80,81,82,83,84,85,86,87,88,89,90,91,92,93,94,95,96,97,98,99,100,101,102,103,104,105,106,107,108,109,110,111,112,113,114,115,116,117,118,119,120,121,122,123,124,125,126,127,128,129,130,131,132,133,134,135,136,137,138,139,140,141,142,143,144,145,146,147,148,149,150,151,152,153,154,155,156,157,158,159,160,161,162,163,164,165,166,2,1,1,,,2,2016,0,0,0,0,0,0,0,0,0,0,0,0,0,0,0,0,0,0,0,0,0,0,0,0,0,0,0,0,0,0,0,0,0,0,0,0,0,0,12127.6884765625,12976.0927734375,13723.306640625,14395.7646484375,15052.1435546875,15651.8837890625,16253.208984375,16856.716796875,17387.458984375,17740.662109375,18191.482421875,18821.39453125,19343.357421875,19714.341796875,20217.146484375,20777.748046875,21403.56640625,22000,0,0,22932.21484375,23191.138671875,23586.6015625,23795.880859375,23841.1953125,23868.44140625,23572.330078125,0,0,0,0,0,0,0,0,0,0,0,0,0,0,0,0,0,0,0,0,0,0,0,0,0,0,0,0,0,0,0,0,0,0,0,0,0,0,0,0,0,0,0,0,0,0,0,0,0,0,0,0,0,0,0,0,0,0
0,0,0,1,850,4,4398,43983,143983,243983,3383.5888671875,69,65,1947,1951,4,5,6,7,8,9,10,11,12,13,14,15,16,17,18,19,20,21,22,23,24,25,26,27,28,29,30,31,32,33,34,35,36,37,38,39,40,41,42,43,44,45,46,47,48,49,50,51,52,53,54,55,56,57,58,59,60,61,62,63,64,65,66,67,68,69,70,71,72,73,74,75,76,77,78,79,80,81,82,83,84,85,86,87,88,89,90,91,92,93,94,95,96,97,98,99,100,101,102,103,104,105,106,107,108,109,110,111,112,113,114,115,116,117,118,119,120,121,122,123,124,125,126,127,128,129,130,131,132,133,134,135,136,137,138,139,140,141,142,143,144,145,146,147,148,149,150,151,152,153,154,155,156,157,158,159,160,161,162,163,164,165,166,167,168,169,170,1,2,1,2018,2018,1,2016,0,0,0,0,0,0,0,0,0,0,0,0,0,0,0,0,0,0,0,0,0,0,0,0,0,0,17332.98828125,19239.96875,21707.818359375,24877.2890625,28000,0,0,0,0,0,0,0,153089.703125,162781.28125,171084.78125,178352.4375,185325.34375,191511.640625,197633.15625,203697.5625,208804.890625,211722.421875,215753.21875,221836.34375,226571.28125,229481.578125,233871.625,238862.421875,244527.453125,249779.296875,254127.15625,259138.078125,255538.53125,256817.234375,259573.046875,260248.4375,259123.296875,257806.96875,253026.03125,250000,248414.203125,247184.3125,0,0,0,0,0,0,0,0,0,0,0,0,0,0,0,0,0,0,0,0,0,0,0,0,0,0,0,0,0,0,0,0,0,0,0,0,0,0,0,0,0,0,0,0,0,0,0,0,0,0,0,0,0,0,0
0,0,0,1,850,4,4398,43983,243983,143983,3383.5888671875,65,69,1951,1947,0,1,2,3,4,5,6,7,8,9,10,11,12,13,14,15,16,17,18,19,20,21,22,23,24,25,26,27,28,29,30,31,32,33,34,35,36,37,38,39,40,41,42,43,44,45,46,47,48,49,50,51,52,53,54,55,56,57,58,59,60,61,62,63,64,65,66,67,68,69,70,71,72,73,74,75,76,77,78,79,80,81,82,83,84,85,86,87,88,89,90,91,92,93,94,95,96,97,98,99,100,101,102,103,104,105,106,107,108,109,110,111,112,113,114,115,116,117,118,119,120,121,122,123,124,125,126,127,128,129,130,131,132,133,134,135,136,137,138,139,140,141,142,143,144,145,146,147,148,149,150,151,152,153,154,155,156,157,158,159,160,161,162,163,164,165,166,2,1,1,,,2,2016,0,0,0,0,0,0,0,0,0,0,0,0,0,0,0,0,0,0,0,0,0,0,0,0,0,0,0,0,0,0,0,0,0,0,0,0,0,0,12127.6884765625,12976.0927734375,13723.306640625,14395.7646484375,15052.1435546875,15651.8837890625,16253.208984375,16856.716796875,17387.458984375,17740.662109375,18191.482421875,18821.39453125,19343.357421875,19714.341796875,20217.146484375,20777.748046875,21403.56640625,22000,0,0,22932.21484375,23191.138671875,23586.6015625,23795.880859375,23841.1953125,23868.44140625,23572.330078125,0,0,0,0,0,0,0,0,0,0,0,0,0,0,0,0,0,0,0,0,0,0,0,0,0,0,0,0,0,0,0,0,0,0,0,0,0,0,0,0,0,0,0,0,0,0,0,0,0,0,0,0,0,0,0,0,0,0
0,0,0,1,850,4,4398,43984,143984,243984,3547.2890625,69,65,1947,1951,4,5,6,7,8,9,10,11,12,13,14,15,16,17,18,19,20,21,22,23,24,25,26,27,28,29,30,31,32,33,34,35,36,37,38,39,40,41,42,43,44,45,46,47,48,49,50,51,52,53,54,55,56,57,58,59,60,61,62,63,64,65,66,67,68,69,70,71,72,73,74,75,76,77,78,79,80,81,82,83,84,85,86,87,88,89,90,91,92,93,94,95,96,97,98,99,100,101,102,103,104,105,106,107,108,109,110,111,112,113,114,115,116,117,118,119,120,121,122,123,124,125,126,127,128,129,130,131,132,133,134,135,136,137,138,139,140,141,142,143,144,145,146,147,148,149,150,151,152,153,154,155,156,157,158,159,160,161,162,163,164,165,166,167,168,169,170,1,2,1,2018,2018,1,2016,0,0,0,0,0,0,0,0,0,0,0,0,0,0,0,0,0,0,0,0,0,0,0,0,0,0,15475.8779296875,17178.5390625,19381.9765625,22211.859375,25000,0,0,0,0,0,0,0,153089.703125,162781.28125,171084.78125,178352.4375,185325.34375,191511.640625,197633.15625,203697.5625,208804.890625,211722.421875,215753.21875,221836.34375,226571.28125,229481.578125,233871.625,238862.421875,244527.453125,249779.296875,254127.15625,259138.078125,255538.53125,256817.234375,259573.046875,260248.4375,259123.296875,257806.96875,253026.03125,250000,248414.203125,247184.3125,0,0,0,0,0,0,0,0,0,0,0,0,0,0,0,0,0,0,0,0,0,0,0,0,0,0,0,0,0,0,0,0,0,0,0,0,0,0,0,0,0,0,0,0,0,0,0,0,0,0,0,0,0,0,0
0,0,0,1,850,4,4398,43984,243984,143984,3547.2890625,65,69,1951,1947,0,1,2,3,4,5,6,7,8,9,10,11,12,13,14,15,16,17,18,19,20,21,22,23,24,25,26,27,28,29,30,31,32,33,34,35,36,37,38,39,40,41,42,43,44,45,46,47,48,49,50,51,52,53,54,55,56,57,58,59,60,61,62,63,64,65,66,67,68,69,70,71,72,73,74,75,76,77,78,79,80,81,82,83,84,85,86,87,88,89,90,91,92,93,94,95,96,97,98,99,100,101,102,103,104,105,106,107,108,109,110,111,112,113,114,115,116,117,118,119,120,121,122,123,124,125,126,127,128,129,130,131,132,133,134,135,136,137,138,139,140,141,142,143,144,145,146,147,148,149,150,151,152,153,154,155,156,157,158,159,160,161,162,163,164,165,166,2,1,1,,,2,2016,0,0,0,0,0,0,0,0,0,0,0,0,0,0,0,0,0,0,0,0,0,0,0,0,0,0,0,0,0,0,0,0,0,0,0,0,0,0,12127.6884765625,12976.0927734375,13723.306640625,14395.7646484375,15052.1435546875,15651.8837890625,16253.208984375,16856.716796875,17387.458984375,17740.662109375,18191.482421875,18821.39453125,19343.357421875,19714.341796875,20217.146484375,20777.748046875,21403.56640625,22000,0,0,22932.21484375,23191.138671875,23586.6015625,23795.880859375,23841.1953125,23868.44140625,23572.330078125,0,0,0,0,0,0,0,0,0,0,0,0,0,0,0,0,0,0,0,0,0,0,0,0,0,0,0,0,0,0,0,0,0,0,0,0,0,0,0,0,0,0,0,0,0,0,0,0,0,0,0,0,0,0,0,0,0,0
0,0,0,1,850,4,4398,43985,143985,243985,3562.7392578125,69,65,1947,1951,4,5,6,7,8,9,10,11,12,13,14,15,16,17,18,19,20,21,22,23,24,25,26,27,28,29,30,31,32,33,34,35,36,37,38,39,40,41,42,43,44,45,46,47,48,49,50,51,52,53,54,55,56,57,58,59,60,61,62,63,64,65,66,67,68,69,70,71,72,73,74,75,76,77,78,79,80,81,82,83,84,85,86,87,88,89,90,91,92,93,94,95,96,97,98,99,100,101,102,103,104,105,106,107,108,109,110,111,112,113,114,115,116,117,118,119,120,121,122,123,124,125,126,127,128,129,130,131,132,133,134,135,136,137,138,139,140,141,142,143,144,145,146,147,148,149,150,151,152,153,154,155,156,157,158,159,160,161,162,163,164,165,166,167,168,169,170,1,2,1,2018,2018,1,2016,0,0,0,0,0,0,0,0,0,0,0,0,0,0,0,0,0,0,0,0,0,0,0,0,0,0,26618.50390625,29547.080078125,33336.9921875,38204.390625,43000,0,0,0,0,0,0,0,153089.703125,162781.28125,171084.78125,178352.4375,185325.34375,191511.640625,197633.15625,203697.5625,208804.890625,211722.421875,215753.21875,221836.34375,226571.28125,229481.578125,233871.625,238862.421875,244527.453125,249779.296875,254127.15625,259138.078125,255538.53125,256817.234375,259573.046875,260248.4375,259123.296875,257806.96875,253026.03125,250000,248414.203125,247184.3125,0,0,0,0,0,0,0,0,0,0,0,0,0,0,0,0,0,0,0,0,0,0,0,0,0,0,0,0,0,0,0,0,0,0,0,0,0,0,0,0,0,0,0,0,0,0,0,0,0,0,0,0,0,0,0
0,0,0,1,850,4,4398,43985,243985,143985,3562.7392578125,65,69,1951,1947,0,1,2,3,4,5,6,7,8,9,10,11,12,13,14,15,16,17,18,19,20,21,22,23,24,25,26,27,28,29,30,31,32,33,34,35,36,37,38,39,40,41,42,43,44,45,46,47,48,49,50,51,52,53,54,55,56,57,58,59,60,61,62,63,64,65,66,67,68,69,70,71,72,73,74,75,76,77,78,79,80,81,82,83,84,85,86,87,88,89,90,91,92,93,94,95,96,97,98,99,100,101,102,103,104,105,106,107,108,109,110,111,112,113,114,115,116,117,118,119,120,121,122,123,124,125,126,127,128,129,130,131,132,133,134,135,136,137,138,139,140,141,142,143,144,145,146,147,148,149,150,151,152,153,154,155,156,157,158,159,160,161,162,163,164,165,166,2,1,1,,,2,2016,0,0,0,0,0,0,0,0,0,0,0,0,0,0,0,0,0,0,0,0,0,0,0,0,0,0,0,0,0,0,0,0,0,0,0,0,0,0,12127.6884765625,12976.0927734375,13723.306640625,14395.7646484375,15052.1435546875,15651.8837890625,16253.208984375,16856.716796875,17387.458984375,17740.662109375,18191.482421875,18821.39453125,19343.357421875,19714.341796875,20217.146484375,20777.748046875,21403.56640625,22000,0,0,22932.21484375,23191.138671875,23586.6015625,23795.880859375,23841.1953125,23868.44140625,23572.330078125,0,0,0,0,0,0,0,0,0,0,0,0,0,0,0,0,0,0,0,0,0,0,0,0,0,0,0,0,0,0,0,0,0,0,0,0,0,0,0,0,0,0,0,0,0,0,0,0,0,0,0,0,0,0,0,0,0,0
0,0,0,0,0,0,4791,47911,147911,247911,35.418087005615234,48,48,1968,1968,0,0,0,0,0,0,0,0,0,0,0,0,0,0,0,0,0,0,1,2,3,4,5,6,7,8,9,10,11,12,13,14,15,16,17,18,19,20,21,22,23,24,25,26,27,28,29,30,31,32,33,34,35,36,37,38,39,40,41,42,43,44,45,46,47,48,49,50,51,52,53,54,55,56,57,58,59,60,61,62,63,64,65,66,67,68,69,70,71,72,73,74,75,76,77,78,79,80,81,82,83,84,85,86,87,88,89,90,91,92,93,94,95,96,97,98,99,100,101,102,103,104,105,106,107,108,109,110,111,112,113,114,115,116,117,118,119,120,121,122,123,124,125,126,127,128,129,130,131,132,133,134,135,136,137,138,139,140,141,142,143,144,145,146,147,148,149,1,2,1,2028,2028,1,2016,0,0,0,0,0,0,0,0,0,0,0,0,0,0,0,0,0,0,0,0,0,0,0,0,0,0,0,0,0,0,0,0,0,0,0,0,0,0,0,0,0,0,0,0,0,0,0,0,0,0,0,992597.375,1045247.0625,1103078.125,1166815.625,1231537.375,1294669.25,1364128,1389942.625,1443381.75,1507416.25,1561630.625,1606618.75,1651648.25,1674961,1710000,1755695,1805136.75,1841999.25,1870153.875,1953716.5,2082572,2159790.5,2213287.75,2254213,2287723,2316327.25,2341795,0,0,0,0,0,0,0,0,0,0,0,0,0,0,0,0,0,0,0,0,0,0,0,0,0,0,0,0,0,0,0,0,0,0,0,0,0,0,0,0,0,0,0,0,0
0,0,0,0,0,0,4791,47911,247911,147911,35.418087005615234,48,48,1968,1968,0,0,0,0,0,0,0,0,0,0,0,0,0,0,0,0,0,0,1,2,3,4,5,6,7,8,9,10,11,12,13,14,15,16,17,18,19,20,21,22,23,24,25,26,27,28,29,30,31,32,33,34,35,36,37,38,39,40,41,42,43,44,45,46,47,48,49,50,51,52,53,54,55,56,57,58,59,60,61,62,63,64,65,66,67,68,69,70,71,72,73,74,75,76,77,78,79,80,81,82,83,84,85,86,87,88,89,90,91,92,93,94,95,96,97,98,99,100,101,102,103,104,105,106,107,108,109,110,111,112,113,114,115,116,117,118,119,120,121,122,123,124,125,126,127,128,129,130,131,132,133,134,135,136,137,138,139,140,141,142,143,144,145,146,147,148,149,2,1,1,2028,2028,2,2016,0,0,0,0,0,0,0,0,0,0,0,0,0,0,0,0,0,0,0,0,0,0,0,0,0,0,0,0,0,0,0,0,0,0,0,0,0,0,0,0,34519.5078125,37183.37890625,39922.8203125,42628.2734375,45454.71484375,48408.48828125,51273.49609375,60000,0,0,0,121897.8984375,128363.65625,135465.71875,143293.125,151241.40625,158994.4375,167524.46875,170694.671875,177257.390625,185121.265625,191779.171875,197304.03125,202833.96875,205696.9375,210000,215611.625,221683.4375,226210.40625,229667.984375,239930.0625,255754.421875,265237.40625,271807.21875,276833.125,280948.40625,284461.1875,287588.84375,0,0,0,0,0,0,0,0,0,0,0,0,0,0,0,0,0,0,0,0,0,0,0,0,0,0,0,0,0,0,0,0,0,0,0,0,0,0,0,0,0,0,0,0,0
0,0,0,0,0,0,4791,47912,147912,247912,33.96023941040039,48,48,1968,1968,0,0,0,0,0,0,0,0,0,0,0,0,0,0,0,0,0,0,1,2,3,4,5,6,7,8,9,10,11,12,13,14,15,16,17,18,19,20,21,22,23,24,25,26,27,28,29,30,31,32,33,34,35,36,37,38,39,40,41,42,43,44,45,46,47,48,49,50,51,52,53,54,55,56,57,58,59,60,61,62,63,64,65,66,67,68,69,70,71,72,73,74,75,76,77,78,79,80,81,82,83,84,85,86,87,88,89,90,91,92,93,94,95,96,97,98,99,100,101,102,103,104,105,106,107,108,109,110,111,112,113,114,115,116,117,118,119,120,121,122,123,124,125,126,127,128,129,130,131,132,133,134,135,136,137,138,139,140,141,142,143,144,145,146,147,148,149,1,2,1,2028,2028,1,2016,0,0,0,0,0,0,0,0,0,0,0,0,0,0,0,0,0,0,0,0,0,0,0,0,0,0,0,0,0,0,0,0,0,0,0,0,0,0,0,0,0,0,0,0,0,0,0,0,0,0,0,992597.375,1045247.0625,1103078.125,1166815.625,1231537.375,1294669.25,1364128,1389942.625,1443381.75,1507416.25,1561630.625,1606618.75,1651648.25,1674961,1710000,1755695,1805136.75,1841999.25,1870153.875,1953716.5,2082572,2159790.5,2213287.75,2254213,2287723,2316327.25,2341795,0,0,0,0,0,0,0,0,0,0,0,0,0,0,0,0,0,0,0,0,0,0,0,0,0,0,0,0,0,0,0,0,0,0,0,0,0,0,0,0,0,0,0,0,0
0,0,0,0,0,0,4791,47912,247912,147912,33.96023941040039,48,48,1968,1968,0,0,0,0,0,0,0,0,0,0,0,0,0,0,0,0,0,0,1,2,3,4,5,6,7,8,9,10,11,12,13,14,15,16,17,18,19,20,21,22,23,24,25,26,27,28,29,30,31,32,33,34,35,36,37,38,39,40,41,42,43,44,45,46,47,48,49,50,51,52,53,54,55,56,57,58,59,60,61,62,63,64,65,66,67,68,69,70,71,72,73,74,75,76,77,78,79,80,81,82,83,84,85,86,87,88,89,90,91,92,93,94,95,96,97,98,99,100,101,102,103,104,105,106,107,108,109,110,111,112,113,114,115,116,117,118,119,120,121,122,123,124,125,126,127,128,129,130,131,132,133,134,135,136,137,138,139,140,141,142,143,144,145,146,147,148,149,2,1,1,2028,2028,2,2016,0,0,0,0,0,0,0,0,0,0,0,0,0,0,0,0,0,0,0,0,0,0,0,0,0,0,0,0,0,0,0,0,0,0,0,0,0,0,0,0,34519.5078125,37183.37890625,39922.8203125,42628.2734375,45454.71484375,48408.48828125,51273.49609375,60000,0,0,0,121897.8984375,128363.65625,135465.71875,143293.125,151241.40625,158994.4375,167524.46875,170694.671875,177257.390625,185121.265625,191779.171875,197304.03125,202833.96875,205696.9375,210000,215611.625,221683.4375,226210.40625,229667.984375,239930.0625,255754.421875,265237.40625,271807.21875,276833.125,280948.40625,284461.1875,287588.84375,0,0,0,0,0,0,0,0,0,0,0,0,0,0,0,0,0,0,0,0,0,0,0,0,0,0,0,0,0,0,0,0,0,0,0,0,0,0,0,0,0,0,0,0,0
0,0,0,0,0,0,4791,47913,147913,247913,36.7823600769043,48,48,1968,1968,0,0,0,0,0,0,0,0,0,0,0,0,0,0,0,0,0,0,1,2,3,4,5,6,7,8,9,10,11,12,13,14,15,16,17,18,19,20,21,22,23,24,25,26,27,28,29,30,31,32,33,34,35,36,37,38,39,40,41,42,43,44,45,46,47,48,49,50,51,52,53,54,55,56,57,58,59,60,61,62,63,64,65,66,67,68,69,70,71,72,73,74,75,76,77,78,79,80,81,82,83,84,85,86,87,88,89,90,91,92,93,94,95,96,97,98,99,100,101,102,103,104,105,106,107,108,109,110,111,112,113,114,115,116,117,118,119,120,121,122,123,124,125,126,127,128,129,130,131,132,133,134,135,136,137,138,139,140,141,142,143,144,145,146,147,148,149,1,2,1,2028,2028,1,2016,0,0,0,0,0,0,0,0,0,0,0,0,0,0,0,0,0,0,0,0,0,0,0,0,0,0,0,0,0,0,0,0,0,0,0,0,0,0,0,0,0,0,0,0,0,0,0,0,0,0,0,992597.375,1045247.0625,1103078.125,1166815.625,1231537.375,1294669.25,1364128,1389942.625,1443381.75,1507416.25,1561630.625,1606618.75,1651648.25,1674961,1710000,1755695,1805136.75,1841999.25,1870153.875,1953716.5,2082572,2159790.5,2213287.75,2254213,2287723,2316327.25,2341795,0,0,0,0,0,0,0,0,0,0,0,0,0,0,0,0,0,0,0,0,0,0,0,0,0,0,0,0,0,0,0,0,0,0,0,0,0,0,0,0,0,0,0,0,0
0,0,0,0,0,0,4791,47913,247913,147913,36.7823600769043,48,48,1968,1968,0,0,0,0,0,0,0,0,0,0,0,0,0,0,0,0,0,0,1,2,3,4,5,6,7,8,9,10,11,12,13,14,15,16,17,18,19,20,21,22,23,24,25,26,27,28,29,30,31,32,33,34,35,36,37,38,39,40,41,42,43,44,45,46,47,48,49,50,51,52,53,54,55,56,57,58,59,60,61,62,63,64,65,66,67,68,69,70,71,72,73,74,75,76,77,78,79,80,81,82,83,84,85,86,87,88,89,90,91,92,93,94,95,96,97,98,99,100,101,102,103,104,105,106,107,108,109,110,111,112,113,114,115,116,117,118,119,120,121,122,123,124,125,126,127,128,129,130,131,132,133,134,135,136,137,138,139,140,141,142,143,144,145,146,147,148,149,2,1,1,2028,2028,2,2016,0,0,0,0,0,0,0,0,0,0,0,0,0,0,0,0,0,0,0,0,0,0,0,0,0,0,0,0,0,0,0,0,0,0,0,0,0,0,0,0,34519.5078125,37183.37890625,39922.8203125,42628.2734375,45454.71484375,48408.48828125,51273.49609375,60000,0,0,0,121897.8984375,128363.65625,135465.71875,143293.125,151241.40625,158994.4375,167524.46875,170694.671875,177257.390625,185121.265625,191779.171875,197304.03125,202833.96875,205696.9375,210000,215611.625,221683.4375,226210.40625,229667.984375,239930.0625,255754.421875,265237.40625,271807.21875,276833.125,280948.40625,284461.1875,287588.84375,0,0,0,0,0,0,0,0,0,0,0,0,0,0,0,0,0,0,0,0,0,0,0,0,0,0,0,0,0,0,0,0,0,0,0,0,0,0,0,0,0,0,0,0,0
0,0,0,0,0,0,4791,47914,147914,247914,34.143985748291016,48,48,1968,1968,0,0,0,0,0,0,0,0,0,0,0,0,0,0,0,0,0,0,1,2,3,4,5,6,7,8,9,10,11,12,13,14,15,16,17,18,19,20,21,22,23,24,25,26,27,28,29,30,31,32,33,34,35,36,37,38,39,40,41,42,43,44,45,46,47,48,49,50,51,52,53,54,55,56,57,58,59,60,61,62,63,64,65,66,67,68,69,70,71,72,73,74,75,76,77,78,79,80,81,82,83,84,85,86,87,88,89,90,91,92,93,94,95,96,97,98,99,100,101,102,103,104,105,106,107,108,109,110,111,112,113,114,115,116,117,118,119,120,121,122,123,124,125,126,127,128,129,130,131,132,133,134,135,136,137,138,139,140,141,142,143,144,145,146,147,148,149,1,2,1,2028,2028,1,2016,0,0,0,0,0,0,0,0,0,0,0,0,0,0,0,0,0,0,0,0,0,0,0,0,0,0,0,0,0,0,0,0,0,0,0,0,0,0,0,0,0,0,0,0,0,0,0,0,0,0,0,992597.375,1045247.0625,1103078.125,1166815.625,1231537.375,1294669.25,1364128,1389942.625,1443381.75,1507416.25,1561630.625,1606618.75,1651648.25,1674961,1710000,1755695,1805136.75,1841999.25,1870153.875,1953716.5,2082572,2159790.5,2213287.75,2254213,2287723,2316327.25,2341795,0,0,0,0,0,0,0,0,0,0,0,0,0,0,0,0,0,0,0,0,0,0,0,0,0,0,0,0,0,0,0,0,0,0,0,0,0,0,0,0,0,0,0,0,0
0,0,0,0,0,0,4791,47914,247914,147914,34.143985748291016,48,48,1968,1968,0,0,0,0,0,0,0,0,0,0,0,0,0,0,0,0,0,0,1,2,3,4,5,6,7,8,9,10,11,12,13,14,15,16,17,18,19,20,21,22,23,24,25,26,27,28,29,30,31,32,33,34,35,36,37,38,39,40,41,42,43,44,45,46,47,48,49,50,51,52,53,54,55,56,57,58,59,60,61,62,63,64,65,66,67,68,69,70,71,72,73,74,75,76,77,78,79,80,81,82,83,84,85,86,87,88,89,90,91,92,93,94,95,96,97,98,99,100,101,102,103,104,105,106,107,108,109,110,111,112,113,114,115,116,117,118,119,120,121,122,123,124,125,126,127,128,129,130,131,132,133,134,135,136,137,138,139,140,141,142,143,144,145,146,147,148,149,2,1,1,2028,2028,2,2016,0,0,0,0,0,0,0,0,0,0,0,0,0,0,0,0,0,0,0,0,0,0,0,0,0,0,0,0,0,0,0,0,0,0,0,0,0,0,0,0,34519.5078125,37183.37890625,39922.8203125,42628.2734375,45454.71484375,48408.48828125,51273.49609375,60000,0,0,0,121897.8984375,128363.65625,135465.71875,143293.125,151241.40625,158994.4375,167524.46875,170694.671875,177257.390625,185121.265625,191779.171875,197304.03125,202833.96875,205696.9375,210000,215611.625,221683.4375,226210.40625,229667.984375,239930.0625,255754.421875,265237.40625,271807.21875,276833.125,280948.40625,284461.1875,287588.84375,0,0,0,0,0,0,0,0,0,0,0,0,0,0,0,0,0,0,0,0,0,0,0,0,0,0,0,0,0,0,0,0,0,0,0,0,0,0,0,0,0,0,0,0,0
0,0,0,0,0,0,4791,47915,147915,247915,34.56760025024414,48,48,1968,1968,0,0,0,0,0,0,0,0,0,0,0,0,0,0,0,0,0,0,1,2,3,4,5,6,7,8,9,10,11,12,13,14,15,16,17,18,19,20,21,22,23,24,25,26,27,28,29,30,31,32,33,34,35,36,37,38,39,40,41,42,43,44,45,46,47,48,49,50,51,52,53,54,55,56,57,58,59,60,61,62,63,64,65,66,67,68,69,70,71,72,73,74,75,76,77,78,79,80,81,82,83,84,85,86,87,88,89,90,91,92,93,94,95,96,97,98,99,100,101,102,103,104,105,106,107,108,109,110,111,112,113,114,115,116,117,118,119,120,121,122,123,124,125,126,127,128,129,130,131,132,133,134,135,136,137,138,139,140,141,142,143,144,145,146,147,148,149,1,2,1,2028,2028,1,2016,0,0,0,0,0,0,0,0,0,0,0,0,0,0,0,0,0,0,0,0,0,0,0,0,0,0,0,0,0,0,0,0,0,0,0,0,0,0,0,0,0,0,0,0,0,0,0,0,0,0,0,992597.375,1045247.0625,1103078.125,1166815.625,1231537.375,1294669.25,1364128,1389942.625,1443381.75,1507416.25,1561630.625,1606618.75,1651648.25,1674961,1710000,1755695,1805136.75,1841999.25,1870153.875,1953716.5,2082572,2159790.5,2213287.75,2254213,2287723,2316327.25,2341795,0,0,0,0,0,0,0,0,0,0,0,0,0,0,0,0,0,0,0,0,0,0,0,0,0,0,0,0,0,0,0,0,0,0,0,0,0,0,0,0,0,0,0,0,0
0,0,0,0,0,0,4791,47915,247915,147915,34.56760025024414,48,48,1968,1968,0,0,0,0,0,0,0,0,0,0,0,0,0,0,0,0,0,0,1,2,3,4,5,6,7,8,9,10,11,12,13,14,15,16,17,18,19,20,21,22,23,24,25,26,27,28,29,30,31,32,33,34,35,36,37,38,39,40,41,42,43,44,45,46,47,48,49,50,51,52,53,54,55,56,57,58,59,60,61,62,63,64,65,66,67,68,69,70,71,72,73,74,75,76,77,78,79,80,81,82,83,84,85,86,87,88,89,90,91,92,93,94,95,96,97,98,99,100,101,102,103,104,105,106,107,108,109,110,111,112,113,114,115,116,117,118,119,120,121,122,123,124,125,126,127,128,129,130,131,132,133,134,135,136,137,138,139,140,141,142,143,144,145,146,147,148,149,2,1,1,2028,2028,2,2016,0,0,0,0,0,0,0,0,0,0,0,0,0,0,0,0,0,0,0,0,0,0,0,0,0,0,0,0,0,0,0,0,0,0,0,0,0,0,0,0,34519.5078125,37183.37890625,39922.8203125,42628.2734375,45454.71484375,48408.48828125,51273.49609375,60000,0,0,0,121897.8984375,128363.65625,135465.71875,143293.125,151241.40625,158994.4375,167524.46875,170694.671875,177257.390625,185121.265625,191779.171875,197304.03125,202833.96875,205696.9375,210000,215611.625,221683.4375,226210.40625,229667.984375,239930.0625,255754.421875,265237.40625,271807.21875,276833.125,280948.40625,284461.1875,287588.84375,0,0,0,0,0,0,0,0,0,0,0,0,0,0,0,0,0,0,0,0,0,0,0,0,0,0,0,0,0,0,0,0,0,0,0,0,0,0,0,0,0,0,0,0,0
0,0,0,0,0,0,5182,51821,151821,251821,327.0663757324219,42,38,1974,1978,0,0,0,0,0,0,0,0,0,0,0,0,0,0,0,0,0,0,0,0,0,0,0,0,1,2,3,4,5,6,7,8,9,10,11,12,13,14,15,16,17,18,19,20,21,22,23,24,25,26,27,28,29,30,31,32,33,34,35,36,37,38,39,40,41,42,43,44,45,46,47,48,49,50,51,52,53,54,55,56,57,58,59,60,61,62,63,64,65,66,67,68,69,70,71,72,73,74,75,76,77,78,79,80,81,82,83,84,85,86,87,88,89,90,91,92,93,94,95,96,97,98,99,100,101,102,103,104,105,106,107,108,109,110,111,112,113,114,115,116,117,118,119,120,121,122,123,124,125,126,127,128,129,130,131,132,133,134,135,136,137,138,139,140,141,142,143,1,2,1,2050,2050,1,2016,0,0,0,0,0,0,0,0,0,0,0,0,0,0,0,0,0,0,0,0,0,0,0,0,0,0,0,0,0,0,0,0,0,0,0,0,0,0,0,0,0,0,0,0,0,165000,93105.6953125,98464.765625,104652.4140625,112228.5859375,119551.2265625,141055.734375,149933.40625,159715.671875,170531.78125,181682.4375,192790.46875,205042.609375,210885.75,221051.6875,233027.53125,243676.78125,253052.65625,262589.5625,268798.25,277000,287074.375,297932.09375,306872.84375,314490.9375,331630.59375,356824.6875,373532.4375,386381.53125,397223.8125,406916.75,415875.625,424399.3125,432533.65625,440177.875,447273.03125,453779.78125,459668.34375,464909.375,469480.0625,473358,476525.1875,478967.25,480672.0625,481632.03125,481842.03125,481301.625,480012.875,477982.4375,475219.25,471736.71875,467550.5,462680.0625,457147.28125,0,0,0,0,0,0,0,0,0,0,0,0,0,0,0,0,0,0,0,0,0,0,0,0
0,0,0,0,0,0,5182,51821,251821,151821,327.0663757324219,38,42,1978,1974,0,0,0,0,0,0,0,0,0,0,0,0,0,0,0,0,0,0,0,0,0,0,0,0,0,0,0,0,1,2,3,4,5,6,7,8,9,10,11,12,13,14,15,16,17,18,19,20,21,22,23,24,25,26,27,28,29,30,31,32,33,34,35,36,37,38,39,40,41,42,43,44,45,46,47,48,49,50,51,52,53,54,55,56,57,58,59,60,61,62,63,64,65,66,67,68,69,70,71,72,73,74,75,76,77,78,79,80,81,82,83,84,85,86,87,88,89,90,91,92,93,94,95,96,97,98,99,100,101,102,103,104,105,106,107,108,109,110,111,112,113,114,115,116,117,118,119,120,121,122,123,124,125,126,127,128,129,130,131,132,133,134,135,136,137,138,139,2,1,1,,2039,2,2016,0,0,0,0,0,0,0,0,0,0,0,0,0,0,0,0,0,0,0,0,0,0,0,0,0,0,0,0,0,0,0,0,0,0,0,0,0,0,0,0,0,0,0,0,0,0,0,0,0,0,0,35784.3671875,38274.44140625,41026.6328125,44079.0234375,47254.921875,50457.7578125,54000,3644.032470703125,3843.583251953125,4077.162109375,4290.1533203125,4483.08935546875,4681.142578125,4821.79443359375,5000,5214.25732421875,5445.3173828125,5643.8134765625,5820.09716796875,6175.6708984375,6686.3994140625,7043.2587890625,7331.10693359375,7583.97265625,7817.626953125,8039.7158203125,8255.8115234375,8466.6748046875,8670.19921875,8865.0556640625,9050.2744140625,9225.0576171875,9388.5966796875,9540.1982421875,9679.1640625,9804.8720703125,9916.7587890625,10014.3017578125,0,0,0,0,0,0,0,0,0,0,0,0,0,0,0,0,0,0,0,0,0,0,0,0,0,0,0,0,0,0,0,0,0,0
0,0,0,0,0,0,5182,51822,151822,251822,678.2801513671875,42,38,1974,1978,0,0,0,0,0,0,0,0,0,0,0,0,0,0,0,0,0,0,0,0,0,0,0,0,1,2,3,4,5,6,7,8,9,10,11,12,13,14,15,16,17,18,19,20,21,22,23,24,25,26,27,28,29,30,31,32,33,34,35,36,37,38,39,40,41,42,43,44,45,46,47,48,49,50,51,52,53,54,55,56,57,58,59,60,61,62,63,64,65,66,67,68,69,70,71,72,73,74,75,76,77,78,79,80,81,82,83,84,85,86,87,88,89,90,91,92,93,94,95,96,97,98,99,100,101,102,103,104,105,106,107,108,109,110,111,112,113,114,115,116,117,118,119,120,121,122,123,124,125,126,127,128,129,130,131,132,133,134,135,136,137,138,139,140,141,142,143,1,2,1,2050,2050,1,2016,0,0,0,0,0,0,0,0,0,0,0,0,0,0,0,0,0,0,0,0,0,0,0,0,0,0,0,0,0,0,0,0,0,0,0,0,0,0,0,0,0,0,0,0,0,105000,102517.1171875,108417.8984375,115231.015625,123573.0078125,131635.84375,155314.09375,165089.15625,175860.25,187769.671875,200047.46875,212278.34375,225768.953125,232202.75,243396.296875,256582.6875,268308.40625,278632.03125,289132.9375,295969.21875,305000,316092.75,328048,337892.5,346280.6875,365152.875,392893.65625,411290.28125,425438.1875,437376.46875,448049.21875,457913.65625,467298.9375,476255.53125,484672.46875,492484.8125,499649.28125,506133.0625,511903.875,516936.59375,521206.5,524693.875,527382.8125,529259.9375,530316.9375,530548.1875,529953.125,528534.125,526298.375,523255.9375,519421.375,514812,509449.25,503357.1875,0,0,0,0,0,0,0,0,0,0,0,0,0,0,0,0,0,0,0,0,0,0,0,0
0,0,0,0,0,0,5182,51822,251822,151822,678.2801513671875,38,42,1978,1974,0,0,0,0,0,0,0,0,0,0,0,0,0,0,0,0,0,0,0,0,0,0,0,0,0,0,0,0,1,2,3,4,5,6,7,8,9,10,11,12,13,14,15,16,17,18,19,20,21,22,23,24,25,26,27,28,29,30,31,32,33,34,35,36,37,38,39,40,41,42,43,44,45,46,47,48,49,50,51,52,53,54,55,56,57,58,59,60,61,62,63,64,65,66,67,68,69,70,71,72,73,74,75,76,77,78,79,80,81,82,83,84,85,86,87,88,89,90,91,92,93,94,95,96,97,98,99,100,101,102,103,104,105,106,107,108,109,110,111,112,113,114,115,116,117,118,119,120,121,122,123,124,125,126,127,128,129,130,131,132,133,134,135,136,137,138,139,2,1,1,,2039,2,2016,0,0,0,0,0,0,0,0,0,0,0,0,0,0,0,0,0,0,0,0,0,0,0,0,0,0,0,0,0,0,0,0,0,0,0,0,0,0,0,0,0,0,0,0,0,0,0,0,0,0,0,46387.1328125,49615.0078125,53182.6640625,57139.4609375,61256.3671875,65408.19140625,70000,3644.032470703125,3843.583251953125,4077.162109375,4290.1533203125,4483.08935546875,4681.142578125,4821.79443359375,5000,5214.25732421875,5445.3173828125,5643.8134765625,5820.09716796875,6175.6708984375,6686.3994140625,7043.2587890625,7331.10693359375,7583.97265625,7817.626953125,8039.7158203125,8255.8115234375,8466.6748046875,8670.19921875,8865.0556640625,9050.2744140625,9225.0576171875,9388.5966796875,9540.1982421875,9679.1640625,9804.8720703125,9916.7587890625,10014.3017578125,0,0,0,0,0,0,0,0,0,0,0,0,0,0,0,0,0,0,0,0,0,0,0,0,0,0,0,0,0,0,0,0,0,0
0,0,0,0,0,0,5182,51823,151823,251823,328.7835388183594,42,38,1974,1978,0,0,0,0,0,0,0,0,0,0,0,0,0,0,0,0,0,0,0,0,0,0,0,0,1,2,3,4,5,6,7,8,9,10,11,12,13,14,15,16,17,18,19,20,21,22,23,24,25,26,27,28,29,30,31,32,33,34,35,36,37,38,39,40,41,42,43,44,45,46,47,48,49,50,51,52,53,54,55,56,57,58,59,60,61,62,63,64,65,66,67,68,69,70,71,72,73,74,75,76,77,78,79,80,81,82,83,84,85,86,87,88,89,90,91,92,93,94,95,96,97,98,99,100,101,102,103,104,105,106,107,108,109,110,111,112,113,114,115,116,117,118,119,120,121,122,123,124,125,126,127,128,129,130,131,132,133,134,135,136,137,138,139,140,141,142,143,1,2,1,2050,2050,1,2016,0,0,0,0,0,0,0,0,0,0,0,0,0,0,0,0,0,0,0,0,0,0,0,0,0,0,0,0,0,0,0,0,0,0,0,0,0,0,0,0,0,0,0,0,0,220000,85711.0078125,90644.4453125,96340.65625,103315.1015625,110056.1640625,129852.609375,138025.328125,147030.65625,156987.71875,167252.75,177478.5625,188757.59375,194136.671875,203495.203125,214519.890625,224323.359375,232954.5625,241734.03125,247449.59375,255000,264274.1875,274269.5625,282500.21875,289513.28125,305291.65625,328484.75,343865.21875,355693.78125,365675.28125,374598.40625,382845.71875,390692.4375,398180.71875,405217.84375,411749.46875,417739.4375,423159.90625,427985.09375,432192.75,435762.6875,438678.375,440926.46875,442495.875,443379.59375,443572.90625,443075.4375,441889.03125,440019.84375,437476.125,434270.1875,430416.4375,425932.84375,420839.5,0,0,0,0,0,0,0,0,0,0,0,0,0,0,0,0,0,0,0,0,0,0,0,0
0,0,0,0,0,0,5182,51823,251823,151823,328.7835388183594,38,42,1978,1974,0,0,0,0,0,0,0,0,0,0,0,0,0,0,0,0,0,0,0,0,0,0,0,0,0,0,0,0,1,2,3,4,5,6,7,8,9,10,11,12,13,14,15,16,17,18,19,20,21,22,23,24,25,26,27,28,29,30,31,32,33,34,35,36,37,38,39,40,41,42,43,44,45,46,47,48,49,50,51,52,53,54,55,56,57,58,59,60,61,62,63,64,65,66,67,68,69,70,71,72,73,74,75,76,77,78,79,80,81,82,83,84,85,86,87,88,89,90,91,92,93,94,95,96,97,98,99,100,101,102,103,104,105,106,107,108,109,110,111,112,113,114,115,116,117,118,119,120,121,122,123,124,125,126,127,128,129,130,131,132,133,134,135,136,137,138,139,2,1,1,,2039,2,2016,0,0,0,0,0,0,0,0,0,0,0,0,0,0,0,0,0,0,0,0,0,0,0,0,0,0,0,0,0,0,0,0,0,0,0,0,0,0,0,0,0,0,0,0,0,0,0,0,0,0,0,36447.0234375,38983.2109375,41786.3671875,44895.28125,48129.98828125,51392.13671875,55000,3644.032470703125,3843.583251953125,4077.162109375,4290.1533203125,4483.08935546875,4681.142578125,4821.79443359375,5000,5214.25732421875,5445.3173828125,5643.8134765625,5820.09716796875,6175.6708984375,6686.3994140625,7043.2587890625,7331.10693359375,7583.97265625,7817.626953125,8039.7158203125,8255.8115234375,8466.6748046875,8670.19921875,8865.0556640625,9050.2744140625,9225.0576171875,9388.5966796875,9540.1982421875,9679.1640625,9804.8720703125,9916.7587890625,10014.3017578125,0,0,0,0,0,0,0,0,0,0,0,0,0,0,0,0,0,0,0,0,0,0,0,0,0,0,0,0,0,0,0,0,0,0
0,0,0,0,0,0,5182,51824,151824,251824,660.21539306640625,42,38,1974,1978,0,0,0,0,0,0,0,0,0,0,0,0,0,0,0,0,0,0,0,0,0,0,0,0,1,2,3,4,5,6,7,8,9,10,11,12,13,14,15,16,17,18,19,20,21,22,23,24,25,26,27,28,29,30,31,32,33,34,35,36,37,38,39,40,41,42,43,44,45,46,47,48,49,50,51,52,53,54,55,56,57,58,59,60,61,62,63,64,65,66,67,68,69,70,71,72,73,74,75,76,77,78,79,80,81,82,83,84,85,86,87,88,89,90,91,92,93,94,95,96,97,98,99,100,101,102,103,104,105,106,107,108,109,110,111,112,113,114,115,116,117,118,119,120,121,122,123,124,125,126,127,128,129,130,131,132,133,134,135,136,137,138,139,140,141,142,143,1,2,1,2050,2050,1,2016,0,0,0,0,0,0,0,0,0,0,0,0,0,0,0,0,0,0,0,0,0,0,0,0,0,0,0,0,0,0,0,0,0,0,0,0,0,0,0,0,0,0,0,0,0,225000,83022.078125,87800.7421875,93318.25,100073.8984375,106603.4765625,125778.875,133695.1875,142418,152062.6875,162005.703125,171910.703125,182835.890625,188046.21875,197111.140625,207789.96875,217285.875,225646.3125,234150.34375,239686.609375,247000,255983.375,265665.1875,273637.59375,280430.65625,295714.03125,318179.53125,333077.46875,344534.96875,354203.3125,362846.5,370835.0625,378435.625,385689,392505.34375,398832.0625,404634.09375,409884.53125,414558.3125,418634,422091.9375,424916.125,427093.71875,428613.875,429469.875,429657.125,429175.25,428026.09375,426215.53125,423751.625,420646.25,416913.40625,412570.46875,407636.90625,0,0,0,0,0,0,0,0,0,0,0,0,0,0,0,0,0,0,0,0,0,0,0,0
0,0,0,0,0,0,5182,51824,251824,151824,660.21539306640625,38,42,1978,1974,0,0,0,0,0,0,0,0,0,0,0,0,0,0,0,0,0,0,0,0,0,0,0,0,0,0,0,0,1,2,3,4,5,6,7,8,9,10,11,12,13,14,15,16,17,18,19,20,21,22,23,24,25,26,27,28,29,30,31,32,33,34,35,36,37,38,39,40,41,42,43,44,45,46,47,48,49,50,51,52,53,54,55,56,57,58,59,60,61,62,63,64,65,66,67,68,69,70,71,72,73,74,75,76,77,78,79,80,81,82,83,84,85,86,87,88,89,90,91,92,93,94,95,96,97,98,99,100,101,102,103,104,105,106,107,108,109,110,111,112,113,114,115,116,117,118,119,120,121,122,123,124,125,126,127,128,129,130,131,132,133,134,135,136,137,138,139,2,1,1,,2039,2,2016,0,0,0,0,0,0,0,0,0,0,0,0,0,0,0,0,0,0,0,0,0,0,0,0,0,0,0,0,0,0,0,0,0,0,0,0,0,0,0,0,0,0,0,0,0,0,0,0,0,0,0,34459.0078125,36856.85546875,39507.11328125,42446.44921875,45504.71875,48588.93359375,52000,3644.032470703125,3843.583251953125,4077.162109375,4290.1533203125,4483.08935546875,4681.142578125,4821.79443359375,5000,5214.25732421875,5445.3173828125,5643.8134765625,5820.09716796875,6175.6708984375,6686.3994140625,7043.2587890625,7331.10693359375,7583.97265625,7817.626953125,8039.7158203125,8255.8115234375,8466.6748046875,8670.19921875,8865.0556640625,9050.2744140625,9225.0576171875,9388.5966796875,9540.1982421875,9679.1640625,9804.8720703125,9916.7587890625,10014.3017578125,0,0,0,0,0,0,0,0,0,0,0,0,0,0,0,0,0,0,0,0,0,0,0,0,0,0,0,0,0,0,0,0,0,0
0,0,0,0,0,0,5182,51825,151825,251825,687.38275146484375,42,38,1974,1978,0,0,0,0,0,0,0,0,0,0,0,0,0,0,0,0,0,0,0,0,0,0,0,0,1,2,3,4,5,6,7,8,9,10,11,12,13,14,15,16,17,18,19,20,21,22,23,24,25,26,27,28,29,30,31,32,33,34,35,36,37,38,39,40,41,42,43,44,45,46,47,48,49,50,51,52,53,54,55,56,57,58,59,60,61,62,63,64,65,66,67,68,69,70,71,72,73,74,75,76,77,78,79,80,81,82,83,84,85,86,87,88,89,90,91,92,93,94,95,96,97,98,99,100,101,102,103,104,105,106,107,108,109,110,111,112,113,114,115,116,117,118,119,120,121,122,123,124,125,126,127,128,129,130,131,132,133,134,135,136,137,138,139,140,141,142,143,1,2,1,2050,2050,1,2016,0,0,0,0,0,0,0,0,0,0,0,0,0,0,0,0,0,0,0,0,0,0,0,0,0,0,0,0,0,0,0,0,0,0,0,0,0,0,0,0,0,0,0,0,0,135000,94450.21875,99886.6796875,106163.6796875,113849.2578125,121277.640625,143092.703125,152098.578125,162022.109375,172994.40625,184306.078125,195574.515625,208003.578125,213931.109375,224243.859375,236392.640625,247195.671875,256706.9375,266381.5625,272679.90625,281000,291219.9375,302234.46875,311304.3125,319032.4375,336419.59375,361977.53125,378926.5625,391961.1875,402960.0625,412792.96875,421881.1875,430527.96875,438779.78125,446534.40625,453732,460332.71875,466306.3125,471623.03125,476259.71875,480193.65625,483406.625,485883.9375,487613.375,488587.1875,488800.21875,488252,486944.65625,484884.875,482081.8125,478548.96875,474302.3125,469361.53125,463748.875,0,0,0,0,0,0,0,0,0,0,0,0,0,0,0,0,0,0,0,0,0,0,0,0
0,0,0,0,0,0,5182,51825,251825,151825,687.38275146484375,38,42,1978,1974,0,0,0,0,0,0,0,0,0,0,0,0,0,0,0,0,0,0,0,0,0,0,0,0,0,0,0,0,1,2,3,4,5,6,7,8,9,10,11,12,13,14,15,16,17,18,19,20,21,22,23,24,25,26,27,28,29,30,31,32,33,34,35,36,37,38,39,40,41,42,43,44,45,46,47,48,49,50,51,52,53,54,55,56,57,58,59,60,61,62,63,64,65,66,67,68,69,70,71,72,73,74,75,76,77,78,79,80,81,82,83,84,85,86,87,88,89,90,91,92,93,94,95,96,97,98,99,100,101,102,103,104,105,106,107,108,109,110,111,112,113,114,115,116,117,118,119,120,121,122,123,124,125,126,127,128,129,130,131,132,133,134,135,136,137,138,139,2,1,1,,2039,2,2016,0,0,0,0,0,0,0,0,0,0,0,0,0,0,0,0,0,0,0,0,0,0,0,0,0,0,0,0,0,0,0,0,0,0,0,0,0,0,0,0,0,0,0,0,0,0,0,0,0,0,0,39097.734375,41818.375,44825.3984375,48160.4140625,51630.37890625,55129.7734375,59000,3644.032470703125,3843.583251953125,4077.162109375,4290.1533203125,4483.08935546875,4681.142578125,4821.79443359375,5000,5214.25732421875,5445.3173828125,5643.8134765625,5820.09716796875,6175.6708984375,6686.3994140625,7043.2587890625,7331.10693359375,7583.97265625,7817.626953125,8039.7158203125,8255.8115234375,8466.6748046875,8670.19921875,8865.0556640625,9050.2744140625,9225.0576171875,9388.5966796875,9540.1982421875,9679.1640625,9804.8720703125,9916.7587890625,10014.3017578125,0,0,0,0,0,0,0,0,0,0,0,0,0,0,0,0,0,0,0,0,0,0,0,0,0,0,0,0,0,0,0,0,0,0
2,1100,4,0,0,0,5529,55291,155291,0,6159.5224609375,63,0,1953,0,0,0,0,1,2,3,4,5,6,7,8,9,10,11,12,13,14,15,16,17,18,19,20,21,22,23,24,25,26,27,28,29,30,31,32,33,34,35,36,37,38,39,40,41,42,43,44,45,46,47,48,49,50,51,52,53,54,55,56,57,58,59,60,61,62,63,64,65,66,67,68,69,70,71,72,73,74,75,76,77,78,79,80,81,82,83,84,85,86,87,88,89,90,91,92,93,94,95,96,97,98,99,100,101,102,103,104,105,106,107,108,109,110,111,112,113,114,115,116,117,118,119,120,121,122,123,124,125,126,127,128,129,130,131,132,133,134,135,136,137,138,139,140,141,142,143,144,145,146,147,148,149,150,151,152,153,154,155,156,157,158,159,160,161,162,163,164,1,0,0,,,1,2016,0,0,0,0,0,0,0,0,0,0,0,0,0,0,0,0,0,0,0,0,3876.078125,4238.423828125,4715.78857421875,5488.55712890625,6258.16015625,6937.0732421875,7751.9541015625,8685.6826171875,9891.8515625,11442.640625,13000,0,0,0,0,0,0,21569.75,23181.787109375,24880.962890625,26395.8671875,27775.751953125,29132.87890625,30388.21484375,31654.251953125,32932.1328125,34075.05078125,34875.83203125,35873.75,37231.80078125,38383.83984375,39242.15234375,40368.65625,41617.58203125,43004.953125,44341.37109375,45537.12109375,46871.3125,46654.55859375,52861.5,53930.78125,54579.23828125,49112.48046875,49322.1328125,48862.3359375,0,0,0,0,0,0,0,0,0,0,0,0,0,0,0,0,0,0,0,0,0,0,0,0,0,0,0,0,0,0,0,0,0,0,0,0,0,0,0,0,0,0,0,0,0,0,0,0,0,0,0,0,0,0,0,0,0,0
2,1100,4,0,0,0,5529,55292,155292,0,6185.52197265625,63,0,1953,0,0,0,0,1,2,3,4,5,6,7,8,9,10,11,12,13,14,15,16,17,18,19,20,21,22,23,24,25,26,27,28,29,30,31,32,33,34,35,36,37,38,39,40,41,42,43,44,45,46,47,48,49,50,51,52,53,54,55,56,57,58,59,60,61,62,63,64,65,66,67,68,69,70,71,72,73,74,75,76,77,78,79,80,81,82,83,84,85,86,87,88,89,90,91,92,93,94,95,96,97,98,99,100,101,102,103,104,105,106,107,108,109,110,111,112,113,114,115,116,117,118,119,120,121,122,123,124,125,126,127,128,129,130,131,132,133,134,135,136,137,138,139,140,141,142,143,144,145,146,147,148,149,150,151,152,153,154,155,156,157,158,159,160,161,162,163,164,1,0,0,,,1,2016,0,0,0,0,0,0,0,0,0,0,0,0,0,0,0,0,0,0,0,0,3876.078125,4238.423828125,4715.78857421875,5488.55712890625,6258.16015625,6937.0732421875,7751.9541015625,8685.6826171875,9891.8515625,11442.640625,13000,0,0,0,0,0,0,21569.75,23181.787109375,24880.962890625,26395.8671875,27775.751953125,29132.87890625,30388.21484375,31654.251953125,32932.1328125,34075.05078125,34875.83203125,35873.75,37231.80078125,38383.83984375,39242.15234375,40368.65625,41617.58203125,43004.953125,44341.37109375,45537.12109375,46871.3125,46654.55859375,52861.5,53930.78125,54579.23828125,49112.48046875,49322.1328125,48862.3359375,0,0,0,0,0,0,0,0,0,0,0,0,0,0,0,0,0,0,0,0,0,0,0,0,0,0,0,0,0,0,0,0,0,0,0,0,0,0,0,0,0,0,0,0,0,0,0,0,0,0,0,0,0,0,0,0,0,0
2,1200,4,0,0,0,5529,55293,155293,0,6179.60107421875,63,0,1953,0,0,0,0,1,2,3,4,5,6,7,8,9,10,11,12,13,14,15,16,17,18,19,20,21,22,23,24,25,26,27,28,29,30,31,32,33,34,35,36,37,38,39,40,41,42,43,44,45,46,47,48,49,50,51,52,53,54,55,56,57,58,59,60,61,62,63,64,65,66,67,68,69,70,71,72,73,74,75,76,77,78,79,80,81,82,83,84,85,86,87,88,89,90,91,92,93,94,95,96,97,98,99,100,101,102,103,104,105,106,107,108,109,110,111,112,113,114,115,116,117,118,119,120,121,122,123,124,125,126,127,128,129,130,131,132,133,134,135,136,137,138,139,140,141,142,143,144,145,146,147,148,149,150,151,152,153,154,155,156,157,158,159,160,161,162,163,164,1,0,0,,,1,2016,0,0,0,0,0,0,0,0,0,0,0,0,0,0,0,0,0,0,0,0,3876.078125,4238.423828125,4715.78857421875,5488.55712890625,6258.16015625,6937.0732421875,7751.9541015625,8685.6826171875,9891.8515625,11442.640625,13000,0,0,0,0,0,0,21569.75,23181.787109375,24880.962890625,26395.8671875,27775.751953125,29132.87890625,30388.21484375,31654.251953125,32932.1328125,34075.05078125,34875.83203125,35873.75,37231.80078125,38383.83984375,39242.15234375,40368.65625,41617.58203125,43004.953125,44341.37109375,45537.12109375,46871.3125,46654.55859375,52861.5,53930.78125,54579.23828125,49112.48046875,49322.1328125,48862.3359375,0,0,0,0,0,0,0,0,0,0,0,0,0,0,0,0,0,0,0,0,0,0,0,0,0,0,0,0,0,0,0,0,0,0,0,0,0,0,0,0,0,0,0,0,0,0,0,0,0,0,0,0,0,0,0,0,0,0
2,1100,4,0,0,0,5529,55294,155294,0,6190.58203125,63,0,1953,0,0,0,0,1,2,3,4,5,6,7,8,9,10,11,12,13,14,15,16,17,18,19,20,21,22,23,24,25,26,27,28,29,30,31,32,33,34,35,36,37,38,39,40,41,42,43,44,45,46,47,48,49,50,51,52,53,54,55,56,57,58,59,60,61,62,63,64,65,66,67,68,69,70,71,72,73,74,75,76,77,78,79,80,81,82,83,84,85,86,87,88,89,90,91,92,93,94,95,96,97,98,99,100,101,102,103,104,105,106,107,108,109,110,111,112,113,114,115,116,117,118,119,120,121,122,123,124,125,126,127,128,129,130,131,132,133,134,135,136,137,138,139,140,141,142,143,144,145,146,147,148,149,150,151,152,153,154,155,156,157,158,159,160,161,162,163,164,1,0,0,,,1,2016,0,0,0,0,0,0,0,0,0,0,0,0,0,0,0,0,0,0,0,0,3876.078125,4238.423828125,4715.78857421875,5488.55712890625,6258.16015625,6937.0732421875,7751.9541015625,8685.6826171875,9891.8515625,11442.640625,13000,0,0,0,0,0,0,21569.75,23181.787109375,24880.962890625,26395.8671875,27775.751953125,29132.87890625,30388.21484375,31654.251953125,32932.1328125,34075.05078125,34875.83203125,35873.75,37231.80078125,38383.83984375,39242.15234375,40368.65625,41617.58203125,43004.953125,44341.37109375,45537.12109375,46871.3125,46654.55859375,52861.5,53930.78125,54579.23828125,49112.48046875,49322.1328125,48862.3359375,0,0,0,0,0,0,0,0,0,0,0,0,0,0,0,0,0,0,0,0,0,0,0,0,0,0,0,0,0,0,0,0,0,0,0,0,0,0,0,0,0,0,0,0,0,0,0,0,0,0,0,0,0,0,0,0,0,0
2,1100,4,0,0,0,5529,55295,155295,0,6181.73291015625,63,0,1953,0,0,0,0,1,2,3,4,5,6,7,8,9,10,11,12,13,14,15,16,17,18,19,20,21,22,23,24,25,26,27,28,29,30,31,32,33,34,35,36,37,38,39,40,41,42,43,44,45,46,47,48,49,50,51,52,53,54,55,56,57,58,59,60,61,62,63,64,65,66,67,68,69,70,71,72,73,74,75,76,77,78,79,80,81,82,83,84,85,86,87,88,89,90,91,92,93,94,95,96,97,98,99,100,101,102,103,104,105,106,107,108,109,110,111,112,113,114,115,116,117,118,119,120,121,122,123,124,125,126,127,128,129,130,131,132,133,134,135,136,137,138,139,140,141,142,143,144,145,146,147,148,149,150,151,152,153,154,155,156,157,158,159,160,161,162,163,164,1,0,0,,,1,2016,0,0,0,0,0,0,0,0,0,0,0,0,0,0,0,0,0,0,0,0,3876.078125,4238.423828125,4715.78857421875,5488.55712890625,6258.16015625,6937.0732421875,7751.9541015625,8685.6826171875,9891.8515625,11442.640625,13000,0,0,0,0,0,0,21569.75,23181.787109375,24880.962890625,26395.8671875,27775.751953125,29132.87890625,30388.21484375,31654.251953125,32932.1328125,34075.05078125,34875.83203125,35873.75,37231.80078125,38383.83984375,39242.15234375,40368.65625,41617.58203125,43004.953125,44341.37109375,45537.12109375,46871.3125,46654.55859375,52861.5,53930.78125,54579.23828125,49112.48046875,49322.1328125,48862.3359375,0,0,0,0,0,0,0,0,0,0,0,0,0,0,0,0,0,0,0,0,0,0,0,0,0,0,0,0,0,0,0,0,0,0,0,0,0,0,0,0,0,0,0,0,0,0,0,0,0,0,0,0,0,0,0,0,0,0
0,0,0,0,0,0,6117,61171,161171,261171,36.90304946899414,68,63,1948,1953,3,4,5,6,7,8,9,10,11,12,13,14,15,16,17,18,19,20,21,22,23,24,25,26,27,28,29,30,31,32,33,34,35,36,37,38,39,40,41,42,43,44,45,46,47,48,49,50,51,52,53,54,55,56,57,58,59,60,61,62,63,64,65,66,67,68,69,70,71,72,73,74,75,76,77,78,79,80,81,82,83,84,85,86,87,88,89,90,91,92,93,94,95,96,97,98,99,100,101,102,103,104,105,106,107,108,109,110,111,112,113,114,115,116,117,118,119,120,121,122,123,124,125,126,127,128,129,130,131,132,133,134,135,136,137,138,139,140,141,142,143,144,145,146,147,148,149,150,151,152,153,154,155,156,157,158,159,160,161,162,163,164,165,166,167,168,169,1,2,1,,9999,1,2016,0,0,0,0,0,0,0,0,0,0,0,0,0,0,0,0,0,0,0,0,0,0,0,0,0,0,0,0,0,0,0,0,0,0,0,0,0,0,2928728.75,3118993,3283208.75,3428020,3567601,3692439.5,3816408,3939653,4044734.25,4107645.5,4192375.25,4317305,4416335.5,4480039,4572863.5,4677736.5,4796149.5,4906799.5,5000000,1126077.25,1112167.25,1119476.625,1133253.875,1137975.5,1134822.75,1130819.75,1111580,1100000,1094727.125,1091007,1079114.375,1061979,1075377,1111117.125,1116944.625,0,0,0,0,0,0,0,0,0,0,0,0,0,0,0,0,0,0,0,0,0,0,0,0,0,0,0,0,0,0,0,0,0,0,0,0,0,0,0,0,0,0,0,0,0,0,0,0,0,0
0,0,0,0,0,0,6117,61171,261171,161171,36.90304946899414,63,68,1953,1948,0,0,0,1,2,3,4,5,6,7,8,9,10,11,12,13,14,15,16,17,18,19,20,21,22,23,24,25,26,27,28,29,30,31,32,33,34,35,36,37,38,39,40,41,42,43,44,45,46,47,48,49,50,51,52,53,54,55,56,57,58,59,60,61,62,63,64,65,66,67,68,69,70,71,72,73,74,75,76,77,78,79,80,81,82,83,84,85,86,87,88,89,90,91,92,93,94,95,96,97,98,99,100,101,102,103,104,105,106,107,108,109,110,111,112,113,114,115,116,117,118,119,120,121,122,123,124,125,126,127,128,129,130,131,132,133,134,135,136,137,138,139,140,141,142,143,144,145,146,147,148,149,150,151,152,153,154,155,156,157,158,159,160,161,162,163,164,2,1,1,,,2,2016,0,0,0,0,0,0,0,0,0,0,0,0,0,0,0,0,0,0,0,0,0,0,0,0,0,0,0,0,0,0,41269.12109375,45350.26171875,49143.91796875,52929.421875,56759.0625,60000,0,0,0,0,0,0,0,0,0,0,0,0,0,0,0,0,0,0,0,0,0,0,0,0,0,0,174136.296875,174879.828125,173249.546875,0,0,0,0,0,0,0,0,0,0,0,0,0,0,0,0,0,0,0,0,0,0,0,0,0,0,0,0,0,0,0,0,0,0,0,0,0,0,0,0,0,0,0,0,0,0,0,0,0,0,0,0,0,0,0,0,0,0
0,0,0,0,0,0,6117,61172,161172,261172,36.44865798950195,68,63,1948,1953,3,4,5,6,7,8,9,10,11,12,13,14,15,16,17,18,19,20,21,22,23,24,25,26,27,28,29,30,31,32,33,34,35,36,37,38,39,40,41,42,43,44,45,46,47,48,49,50,51,52,53,54,55,56,57,58,59,60,61,62,63,64,65,66,67,68,69,70,71,72,73,74,75,76,77,78,79,80,81,82,83,84,85,86,87,88,89,90,91,92,93,94,95,96,97,98,99,100,101,102,103,104,105,106,107,108,109,110,111,112,113,114,115,116,117,118,119,120,121,122,123,124,125,126,127,128,129,130,131,132,133,134,135,136,137,138,139,140,141,142,143,144,145,146,147,148,149,150,151,152,153,154,155,156,157,158,159,160,161,162,163,164,165,166,167,168,169,1,2,1,,9999,1,2016,0,0,0,0,0,0,0,0,0,0,0,0,0,0,0,0,0,0,0,0,0,0,0,0,0,0,0,0,0,0,0,0,0,0,0,0,0,0,3045878.25,3243753,3414537.25,3565141,3710305.25,3840137.5,3969064.5,4097239.5,4206524,4271952,4360070.5,4489997.5,4592989.5,4659241,4755778.5,4864846.5,4987996,5103072,5200000,1023706.5,1011061.0625,1017706,1030230.8125,1034523.1875,1031657.0625,1028017.9375,1010527.25,1000000,995206.4375,991824.5,981013,965435.5,977615.4375,1010106.4375,1015404.1875,0,0,0,0,0,0,0,0,0,0,0,0,0,0,0,0,0,0,0,0,0,0,0,0,0,0,0,0,0,0,0,0,0,0,0,0,0,0,0,0,0,0,0,0,0,0,0,0,0,0
0,0,0,0,0,0,6117,61172,261172,161172,36.44865798950195,63,68,1953,1948,0,0,0,1,2,3,4,5,6,7,8,9,10,11,12,13,14,15,16,17,18,19,20,21,22,23,24,25,26,27,28,29,30,31,32,33,34,35,36,37,38,39,40,41,42,43,44,45,46,47,48,49,50,51,52,53,54,55,56,57,58,59,60,61,62,63,64,65,66,67,68,69,70,71,72,73,74,75,76,77,78,79,80,81,82,83,84,85,86,87,88,89,90,91,92,93,94,95,96,97,98,99,100,101,102,103,104,105,106,107,108,109,110,111,112,113,114,115,116,117,118,119,120,121,122,123,124,125,126,127,128,129,130,131,132,133,134,135,136,137,138,139,140,141,142,143,144,145,146,147,148,149,150,151,152,153,154,155,156,157,158,159,160,161,162,163,164,2,1,1,,,2,2016,0,0,0,0,0,0,0,0,0,0,0,0,0,0,0,0,0,0,0,0,0,0,0,0,0,0,0,0,0,0,46771.71484375,51397.01171875,55696.48828125,59986.73046875,64326.9921875,68000,0,0,0,0,0,0,0,0,0,0,0,0,0,0,0,0,0,0,0,0,0,0,0,0,0,0,197354.640625,198197.3125,196349.65625,0,0,0,0,0,0,0,0,0,0,0,0,0,0,0,0,0,0,0,0,0,0,0,0,0,0,0,0,0,0,0,0,0,0,0,0,0,0,0,0,0,0,0,0,0,0,0,0,0,0,0,0,0,0,0,0,0,0
0,0,0,0,0,0,6117,61173,161173,261173,37.115211486816406,68,63,1948,1953,3,4,5,6,7,8,9,10,11,12,13,14,15,16,17,18,19,20,21,22,23,24,25,26,27,28,29,30,31,32,33,34,35,36,37,38,39,40,41,42,43,44,45,46,47,48,49,50,51,52,53,54,55,56,57,58,59,60,61,62,63,64,65,66,67,68,69,70,71,72,73,74,75,76,77,78,79,80,81,82,83,84,85,86,87,88,89,90,91,92,93,94,95,96,97,98,99,100,101,102,103,104,105,106,107,108,109,110,111,112,113,114,115,116,117,118,119,120,121,122,123,124,125,126,127,128,129,130,131,132,133,134,135,136,137,138,139,140,141,142,143,144,145,146,147,148,149,150,151,152,153,154,155,156,157,158,159,160,161,162,163,164,165,166,167,168,169,1,2,1,,9999,1,2016,0,0,0,0,0,0,0,0,0,0,0,0,0,0,0,0,0,0,0,0,0,0,0,0,0,0,0,0,0,0,0,0,0,0,0,0,0,0,3045878.25,3243753,3414537.25,3565141,3710305.25,3840137.5,3969064.5,4097239.5,4206524,4271952,4360070.5,4489997.5,4592989.5,4659241,4755778.5,4864846.5,4987996,5103072,5200000,1023706.5,1011061.0625,1017706,1030230.8125,1034523.1875,1031657.0625,1028017.9375,1010527.25,1000000,995206.4375,991824.5,981013,965435.5,977615.4375,1010106.4375,1015404.1875,0,0,0,0,0,0,0,0,0,0,0,0,0,0,0,0,0,0,0,0,0,0,0,0,0,0,0,0,0,0,0,0,0,0,0,0,0,0,0,0,0,0,0,0,0,0,0,0,0,0
0,0,0,0,0,0,6117,61173,261173,161173,37.115211486816406,63,68,1953,1948,0,0,0,1,2,3,4,5,6,7,8,9,10,11,12,13,14,15,16,17,18,19,20,21,22,23,24,25,26,27,28,29,30,31,32,33,34,35,36,37,38,39,40,41,42,43,44,45,46,47,48,49,50,51,52,53,54,55,56,57,58,59,60,61,62,63,64,65,66,67,68,69,70,71,72,73,74,75,76,77,78,79,80,81,82,83,84,85,86,87,88,89,90,91,92,93,94,95,96,97,98,99,100,101,102,103,104,105,106,107,108,109,110,111,112,113,114,115,116,117,118,119,120,121,122,123,124,125,126,127,128,129,130,131,132,133,134,135,136,137,138,139,140,141,142,143,144,145,146,147,148,149,150,151,152,153,154,155,156,157,158,159,160,161,162,163,164,2,1,1,,,2,2016,0,0,0,0,0,0,0,0,0,0,0,0,0,0,0,0,0,0,0,0,0,0,0,0,0,0,0,0,0,0,48147.32421875,52908.65625,57334.5859375,61751.0078125,66218.921875,70000,0,0,0,0,0,0,0,0,0,0,0,0,0,0,0,0,0,0,0,0,0,0,0,0,0,0,203159.078125,204026.515625,202124.515625,0,0,0,0,0,0,0,0,0,0,0,0,0,0,0,0,0,0,0,0,0,0,0,0,0,0,0,0,0,0,0,0,0,0,0,0,0,0,0,0,0,0,0,0,0,0,0,0,0,0,0,0,0,0,0,0,0,0
0,0,0,0,0,0,6117,61174,161174,261174,36.604347229003906,68,63,1948,1953,3,4,5,6,7,8,9,10,11,12,13,14,15,16,17,18,19,20,21,22,23,24,25,26,27,28,29,30,31,32,33,34,35,36,37,38,39,40,41,42,43,44,45,46,47,48,49,50,51,52,53,54,55,56,57,58,59,60,61,62,63,64,65,66,67,68,69,70,71,72,73,74,75,76,77,78,79,80,81,82,83,84,85,86,87,88,89,90,91,92,93,94,95,96,97,98,99,100,101,102,103,104,105,106,107,108,109,110,111,112,113,114,115,116,117,118,119,120,121,122,123,124,125,126,127,128,129,130,131,132,133,134,135,136,137,138,139,140,141,142,143,144,145,146,147,148,149,150,151,152,153,154,155,156,157,158,159,160,161,162,163,164,165,166,167,168,169,1,2,1,,9999,1,2016,0,0,0,0,0,0,0,0,0,0,0,0,0,0,0,0,0,0,0,0,0,0,0,0,0,0,0,0,0,0,0,0,0,0,0,0,0,0,2928728.75,3118993,3283208.75,3428020,3567601,3692439.5,3816408,3939653,4044734.25,4107645.5,4192375.25,4317305,4416335.5,4480039,4572863.5,4677736.5,4796149.5,4906799.5,5000000,921335.4375,909954.5,915935,927207.25,931070.4375,928490.9375,925215.6875,909474.0625,900000,895685.375,892641.625,882911.3125,868891.5,879853.5,909095.375,913863.375,0,0,0,0,0,0,0,0,0,0,0,0,0,0,0,0,0,0,0,0,0,0,0,0,0,0,0,0,0,0,0,0,0,0,0,0,0,0,0,0,0,0,0,0,0,0,0,0,0,0
0,0,0,0,0,0,6117,61174,261174,161174,36.604347229003906,63,68,1953,1948,0,0,0,1,2,3,4,5,6,7,8,9,10,11,12,13,14,15,16,17,18,19,20,21,22,23,24,25,26,27,28,29,30,31,32,33,34,35,36,37,38,39,40,41,42,43,44,45,46,47,48,49,50,51,52,53,54,55,56,57,58,59,60,61,62,63,64,65,66,67,68,69,70,71,72,73,74,75,76,77,78,79,80,81,82,83,84,85,86,87,88,89,90,91,92,93,94,95,96,97,98,99,100,101,102,103,104,105,106,107,108,109,110,111,112,113,114,115,116,117,118,119,120,121,122,123,124,125,126,127,128,129,130,131,132,133,134,135,136,137,138,139,140,141,142,143,144,145,146,147,148,149,150,151,152,153,154,155,156,157,158,159,160,161,162,163,164,2,1,1,,,2,2016,0,0,0,0,0,0,0,0,0,0,0,0,0,0,0,0,0,0,0,0,0,0,0,0,0,0,0,0,0,0,46771.71484375,51397.01171875,55696.48828125,59986.73046875,64326.9921875,68000,0,0,0,0,0,0,0,0,0,0,0,0,0,0,0,0,0,0,0,0,0,0,0,0,0,0,197354.640625,198197.3125,196349.65625,0,0,0,0,0,0,0,0,0,0,0,0,0,0,0,0,0,0,0,0,0,0,0,0,0,0,0,0,0,0,0,0,0,0,0,0,0,0,0,0,0,0,0,0,0,0,0,0,0,0,0,0,0,0,0,0,0,0
0,0,0,0,0,0,6117,61175,161175,261175,37.20040512084961,68,63,1948,1953,3,4,5,6,7,8,9,10,11,12,13,14,15,16,17,18,19,20,21,22,23,24,25,26,27,28,29,30,31,32,33,34,35,36,37,38,39,40,41,42,43,44,45,46,47,48,49,50,51,52,53,54,55,56,57,58,59,60,61,62,63,64,65,66,67,68,69,70,71,72,73,74,75,76,77,78,79,80,81,82,83,84,85,86,87,88,89,90,91,92,93,94,95,96,97,98,99,100,101,102,103,104,105,106,107,108,109,110,111,112,113,114,115,116,117,118,119,120,121,122,123,124,125,126,127,128,129,130,131,132,133,134,135,136,137,138,139,140,141,142,143,144,145,146,147,148,149,150,151,152,153,154,155,156,157,158,159,160,161,162,163,164,165,166,167,168,169,1,2,1,,9999,1,2016,0,0,0,0,0,0,0,0,0,0,0,0,0,0,0,0,0,0,0,0,0,0,0,0,0,0,0,0,0,0,0,0,0,0,0,0,0,0,3045878.25,3243753,3414537.25,3565141,3710305.25,3840137.5,3969064.5,4097239.5,4206524,4271952,4360070.5,4489997.5,4592989.5,4659241,4755778.5,4864846.5,4987996,5103072,5200000,921335.4375,909954.5,915935,927207.25,931070.4375,928490.9375,925215.6875,909474.0625,900000,895685.375,892641.625,882911.3125,868891.5,879853.5,909095.375,913863.375,0,0,0,0,0,0,0,0,0,0,0,0,0,0,0,0,0,0,0,0,0,0,0,0,0,0,0,0,0,0,0,0,0,0,0,0,0,0,0,0,0,0,0,0,0,0,0,0,0,0
0,0,0,0,0,0,6117,61175,261175,161175,37.20040512084961,63,68,1953,1948,0,0,0,1,2,3,4,5,6,7,8,9,10,11,12,13,14,15,16,17,18,19,20,21,22,23,24,25,26,27,28,29,30,31,32,33,34,35,36,37,38,39,40,41,42,43,44,45,46,47,48,49,50,51,52,53,54,55,56,57,58,59,60,61,62,63,64,65,66,67,68,69,70,71,72,73,74,75,76,77,78,79,80,81,82,83,84,85,86,87,88,89,90,91,92,93,94,95,96,97,98,99,100,101,102,103,104,105,106,107,108,109,110,111,112,113,114,115,116,117,118,119,120,121,122,123,124,125,126,127,128,129,130,131,132,133,134,135,136,137,138,139,140,141,142,143,144,145,146,147,148,149,150,151,152,153,154,155,156,157,158,159,160,161,162,163,164,2,1,1,,,2,2016,0,0,0,0,0,0,0,0,0,0,0,0,0,0,0,0,0,0,0,0,0,0,0,0,0,0,0,0,0,0,41269.12109375,45350.26171875,49143.91796875,52929.421875,56759.0625,60000,0,0,0,0,0,0,0,0,0,0,0,0,0,0,0,0,0,0,0,0,0,0,0,0,0,0,174136.296875,174879.828125,173249.546875,0,0,0,0,0,0,0,0,0,0,0,0,0,0,0,0,0,0,0,0,0,0,0,0,0,0,0,0,0,0,0,0,0,0,0,0,0,0,0,0,0,0,0,0,0,0,0,0,0,0,0,0,0,0,0,0,0,0
