X5304,X5306,X5307,X5309,X5311,X5312,YY1,Y1,V1,V3,wgt,age,ages,BIRTHYR,BIRTHYRs,age1951,age1952,age1953,age1954,age1955,age1956,age1957,age1958,age1959,age1960,age1961,age1962,age1963,age1964,age1965,age1966,age1967,age1968,age1969,age1970,age1971,age1972,age1973,age1974,age1975,age1976,age1977,age1978,age1979,age1980,age1981,age1982,age1983,age1984,age1985,age1986,age1987,age1988,age1989,age1990,age1991,age1992,age1993,age1994,age1995,age1996,age1997,age1998,age1999,age2000,age2001,age2002,age2003,age2004,age2005,age2006,age2007,age2008,age2009,age2010,age2011,age2012,age2013,age2014,age2015,age2016,age2017,age2018,age2019,age2020,age2021,age2022,age2023,age2024,age2025,age2026,age2027,age2028,age2029,age2030,age2031,age2032,age2033,age2034,age2035,age2036,age2037,age2038,age2039,age2040,age2041,age2042,age2043,age2044,age2045,age2046,age2047,age2048,age2049,age2050,age2051,age2052,age2053,age2054,age2055,age2056,age2057,age2058,age2059,age2060,age2061,age2062,age2063,age2064,age2065,age2066,age2067,age2068,age2069,age2070,age2071,age2072,age2073,age2074,age2075,age2076,age2077,age2078,age2079,age2080,age2081,age2082,age2083,age2084,age2085,age2086,age2087,age2088,age2089,age2090,age2091,age2092,age2093,age2094,age2095,age2096,age2097,age2098,age2099,age2100,age2101,age2102,age2103,age2104,age2105,age2106,age2107,age2108,age2109,age2110,age2111,age2112,age2113,age2114,age2115,age2116,age2117,age2118,age2119,age2120,age2121,age2122,age2123,sex,sexs,marital,willstopworkFT,willstopworkALL,rstat,year,EARN1951,EARN1952,EARN1953,EARN1954,EARN1955,EARN1956,EARN1957,EARN1958,EARN1959,EARN1960,EARN1961,EARN1962,EARN1963,EARN1964,EARN1965,EARN1966,EARN1967,EARN1968,EARN1969,EARN1970,EARN1971,EARN1972,EARN1973,EARN1974,EARN1975,EARN1976,EARN1977,EARN1978,EARN1979,EARN1980,EARN1981,EARN1982,EARN1983,EARN1984,EARN1985,EARN1986,EARN1987,EARN1988,EARN1989,EARN1990,EARN1991,EARN1992,EARN1993,EARN1994,EARN1995,EARN1996,EARN1997,EARN1998,EARN1999,EARN2000,EARN2001,EARN2002,EARN2003,EARN2004,EARN2005,EARN2006,EARN2007,EARN2008,EARN2009,EARN2010,EARN2011,EARN2012,EARN2013,EARN2014,EARN2015,EARN2016,EARN2017,EARN2018,EARN2019,EARN2020,EARN2021,EARN2022,EARN2023,EARN2024,EARN2025,EARN2026,EARN2027,EARN2028,EARN2029,EARN2030,EARN2031,EARN2032,EARN2033,EARN2034,EARN2035,EARN2036,EARN2037,EARN2038,EARN2039,EARN2040,EARN2041,EARN2042,EARN2043,EARN2044,EARN2045,EARN2046,EARN2047,EARN2048,EARN2049,EARN2050,EARN2051,EARN2052,EARN2053,EARN2054,EARN2055,EARN2056,EARN2057,EARN2058,EARN2059,EARN2060,EARN2061,EARN2062,EARN2063,EARN2064,EARN2065,EARN2066,EARN2067,EARN2068,EARN2069,EARN2070,EARN2071,EARN2072,EARN2073,EARN2074,EARN2075,EARN2076,EARN2077,EARN2078,EARN2079
0,0,0,0,0,0,11,111,100111,0,1823.13671875,46,0,1976,0,0,0,0,0,0,0,0,0,0,0,0,0,0,0,0,0,0,0,0,0,0,0,0,0,0,0,1,2,3,4,5,6,7,8,9,10,11,12,13,14,15,16,17,18,19,20,21,22,23,24,25,26,27,28,29,30,31,32,33,34,35,36,37,38,39,40,41,42,43,44,45,46,47,48,49,50,51,52,53,54,55,56,57,58,59,60,61,62,63,64,65,66,67,68,69,70,71,72,73,74,75,76,77,78,79,80,81,82,83,84,85,86,87,88,89,90,91,92,93,94,95,96,97,98,99,100,101,102,103,104,105,106,107,108,109,110,111,112,113,114,115,116,117,118,119,120,121,122,123,124,125,126,127,128,129,130,131,132,133,134,135,136,137,138,139,140,141,142,143,144,145,146,147,1,0,0,2037,2047,1,2022,0,0,0,0,0,0,0,0,0,0,0,0,0,0,0,0,0,0,0,0,0,0,0,0,0,0,0,0,0,0,0,0,0,0,0,0,0,0,0,0,0,0,0,0,0,0,0,0,0,0,0,0,0,57696.4296875,61796.1015625,66042.3046875,70299.0078125,75000,0,0,0,0,0,123458.125,141591.75,146367.65625,152164.671875,158412.9375,163676.421875,168263.453125,177987.59375,172000,180615.90625,187412.25,193272.84375,198607.25,203613.84375,208435.875,213094,217537.171875,221733.796875,225661.90625,229304.015625,232642.859375,235663.375,238351.890625,240695.90625,68315.046875,68772.2734375,69124.7890625,69370.859375,69509.421875,69539.75,69461.8125,69275.8984375,68982.953125,68584.2734375,0,0,0,0,0,0,0,0,0,0,0,0,0,0,0,0,0,0,0,0,0,0,0,0,0,0,0,0,0,0,0,0
0,0,0,0,0,0,11,112,100112,0,1643.7730712890625,46,0,1976,0,0,0,0,0,0,0,0,0,0,0,0,0,0,0,0,0,0,0,0,0,0,0,0,0,0,0,1,2,3,4,5,6,7,8,9,10,11,12,13,14,15,16,17,18,19,20,21,22,23,24,25,26,27,28,29,30,31,32,33,34,35,36,37,38,39,40,41,42,43,44,45,46,47,48,49,50,51,52,53,54,55,56,57,58,59,60,61,62,63,64,65,66,67,68,69,70,71,72,73,74,75,76,77,78,79,80,81,82,83,84,85,86,87,88,89,90,91,92,93,94,95,96,97,98,99,100,101,102,103,104,105,106,107,108,109,110,111,112,113,114,115,116,117,118,119,120,121,122,123,124,125,126,127,128,129,130,131,132,133,134,135,136,137,138,139,140,141,142,143,144,145,146,147,1,0,0,2037,2047,1,2022,0,0,0,0,0,0,0,0,0,0,0,0,0,0,0,0,0,0,0,0,0,0,0,0,0,0,0,0,0,0,0,0,0,0,0,0,0,0,0,0,0,0,0,0,0,0,0,0,0,0,0,0,0,57696.4296875,61796.1015625,66042.3046875,70299.0078125,75000,0,0,0,0,0,123458.125,141591.75,146367.65625,152164.671875,158412.9375,163676.421875,168263.453125,177987.59375,172000,180615.90625,187412.25,193272.84375,198607.25,203613.84375,208435.875,213094,217537.171875,221733.796875,225661.90625,229304.015625,232642.859375,235663.375,238351.890625,240695.90625,68315.046875,68772.2734375,69124.7890625,69370.859375,69509.421875,69539.75,69461.8125,69275.8984375,68982.953125,68584.2734375,0,0,0,0,0,0,0,0,0,0,0,0,0,0,0,0,0,0,0,0,0,0,0,0,0,0,0,0,0,0,0,0
0,0,0,0,0,0,11,113,100113,0,1723.3106689453125,46,0,1976,0,0,0,0,0,0,0,0,0,0,0,0,0,0,0,0,0,0,0,0,0,0,0,0,0,0,0,1,2,3,4,5,6,7,8,9,10,11,12,13,14,15,16,17,18,19,20,21,22,23,24,25,26,27,28,29,30,31,32,33,34,35,36,37,38,39,40,41,42,43,44,45,46,47,48,49,50,51,52,53,54,55,56,57,58,59,60,61,62,63,64,65,66,67,68,69,70,71,72,73,74,75,76,77,78,79,80,81,82,83,84,85,86,87,88,89,90,91,92,93,94,95,96,97,98,99,100,101,102,103,104,105,106,107,108,109,110,111,112,113,114,115,116,117,118,119,120,121,122,123,124,125,126,127,128,129,130,131,132,133,134,135,136,137,138,139,140,141,142,143,144,145,146,147,1,0,0,2037,2047,1,2022,0,0,0,0,0,0,0,0,0,0,0,0,0,0,0,0,0,0,0,0,0,0,0,0,0,0,0,0,0,0,0,0,0,0,0,0,0,0,0,0,0,0,0,0,0,0,0,0,0,0,0,0,0,57696.4296875,61796.1015625,66042.3046875,70299.0078125,75000,0,0,0,0,0,123458.125,141591.75,146367.65625,152164.671875,158412.9375,163676.421875,168263.453125,177987.59375,172000,180615.90625,187412.25,193272.84375,198607.25,203613.84375,208435.875,213094,217537.171875,221733.796875,225661.90625,229304.015625,232642.859375,235663.375,238351.890625,240695.90625,68315.046875,68772.2734375,69124.7890625,69370.859375,69509.421875,69539.75,69461.8125,69275.8984375,68982.953125,68584.2734375,0,0,0,0,0,0,0,0,0,0,0,0,0,0,0,0,0,0,0,0,0,0,0,0,0,0,0,0,0,0,0,0
0,0,0,0,0,0,11,114,100114,0,1778.579833984375,46,0,1976,0,0,0,0,0,0,0,0,0,0,0,0,0,0,0,0,0,0,0,0,0,0,0,0,0,0,0,1,2,3,4,5,6,7,8,9,10,11,12,13,14,15,16,17,18,19,20,21,22,23,24,25,26,27,28,29,30,31,32,33,34,35,36,37,38,39,40,41,42,43,44,45,46,47,48,49,50,51,52,53,54,55,56,57,58,59,60,61,62,63,64,65,66,67,68,69,70,71,72,73,74,75,76,77,78,79,80,81,82,83,84,85,86,87,88,89,90,91,92,93,94,95,96,97,98,99,100,101,102,103,104,105,106,107,108,109,110,111,112,113,114,115,116,117,118,119,120,121,122,123,124,125,126,127,128,129,130,131,132,133,134,135,136,137,138,139,140,141,142,143,144,145,146,147,1,0,0,2037,2047,1,2022,0,0,0,0,0,0,0,0,0,0,0,0,0,0,0,0,0,0,0,0,0,0,0,0,0,0,0,0,0,0,0,0,0,0,0,0,0,0,0,0,0,0,0,0,0,0,0,0,0,0,0,0,0,57696.4296875,61796.1015625,66042.3046875,70299.0078125,75000,0,0,0,0,0,123458.125,141591.75,146367.65625,152164.671875,158412.9375,163676.421875,168263.453125,177987.59375,172000,180615.90625,187412.25,193272.84375,198607.25,203613.84375,208435.875,213094,217537.171875,221733.796875,225661.90625,229304.015625,232642.859375,235663.375,238351.890625,240695.90625,68315.046875,68772.2734375,69124.7890625,69370.859375,69509.421875,69539.75,69461.8125,69275.8984375,68982.953125,68584.2734375,0,0,0,0,0,0,0,0,0,0,0,0,0,0,0,0,0,0,0,0,0,0,0,0,0,0,0,0,0,0,0,0
0,0,0,0,0,0,11,115,100115,0,1613.729248046875,46,0,1976,0,0,0,0,0,0,0,0,0,0,0,0,0,0,0,0,0,0,0,0,0,0,0,0,0,0,0,1,2,3,4,5,6,7,8,9,10,11,12,13,14,15,16,17,18,19,20,21,22,23,24,25,26,27,28,29,30,31,32,33,34,35,36,37,38,39,40,41,42,43,44,45,46,47,48,49,50,51,52,53,54,55,56,57,58,59,60,61,62,63,64,65,66,67,68,69,70,71,72,73,74,75,76,77,78,79,80,81,82,83,84,85,86,87,88,89,90,91,92,93,94,95,96,97,98,99,100,101,102,103,104,105,106,107,108,109,110,111,112,113,114,115,116,117,118,119,120,121,122,123,124,125,126,127,128,129,130,131,132,133,134,135,136,137,138,139,140,141,142,143,144,145,146,147,1,0,0,2037,2047,1,2022,0,0,0,0,0,0,0,0,0,0,0,0,0,0,0,0,0,0,0,0,0,0,0,0,0,0,0,0,0,0,0,0,0,0,0,0,0,0,0,0,0,0,0,0,0,0,0,0,0,0,0,0,0,57696.4296875,61796.1015625,66042.3046875,70299.0078125,75000,0,0,0,0,0,123458.125,141591.75,146367.65625,152164.671875,158412.9375,163676.421875,168263.453125,177987.59375,172000,180615.90625,187412.25,193272.84375,198607.25,203613.84375,208435.875,213094,217537.171875,221733.796875,225661.90625,229304.015625,232642.859375,235663.375,238351.890625,240695.90625,68315.046875,68772.2734375,69124.7890625,69370.859375,69509.421875,69539.75,69461.8125,69275.8984375,68982.953125,68584.2734375,0,0,0,0,0,0,0,0,0,0,0,0,0,0,0,0,0,0,0,0,0,0,0,0,0,0,0,0,0,0,0,0
1,1900,4,0,0,0,21,211,100211,200211,445.8481750488281,75,52,1947,1970,4,5,6,7,8,9,10,11,12,13,14,15,16,17,18,19,20,21,22,23,24,25,26,27,28,29,30,31,32,33,34,35,36,37,38,39,40,41,42,43,44,45,46,47,48,49,50,51,52,53,54,55,56,57,58,59,60,61,62,63,64,65,66,67,68,69,70,71,72,73,74,75,76,77,78,79,80,81,82,83,84,85,86,87,88,89,90,91,92,93,94,95,96,97,98,99,100,101,102,103,104,105,106,107,108,109,110,111,112,113,114,115,116,117,118,119,120,121,122,123,124,125,126,127,128,129,130,131,132,133,134,135,136,137,138,139,140,141,142,143,144,145,146,147,148,149,150,151,152,153,154,155,156,157,158,159,160,161,162,163,164,165,166,167,168,169,170,171,172,173,174,175,176,1,2,1,,2033,1,2022,0,0,0,0,0,0,0,0,0,0,0,0,0,0,0,0,0,0,0,8074.142578125,8831.38671875,9567.0703125,10545.498046875,12159.3154296875,13735.2255859375,15083.55078125,16698.453125,18535.623046875,20913.12890625,23966.5703125,26974.96875,29366.603515625,31526.94140625,33639.3359375,35737.45703125,37426.3671875,39484.390625,41920.859375,44634.4453125,47460.05078125,49880.99609375,52000,2591750,2678264.5,2763873,2848683,2920108.25,2960909.5,3017279.75,3102351.25,3168568.75,3209269,3270663,3340458.75,3419683.5,3493129.75,3553934,3624011,3573668.5,3591554.5,3630094,3639539.25,3623804.5,1014908.125,996086.0625,1099227.25,1092254.5,1086846.875,1073325.625,1054636.625,1066279,1100000,0,0,0,0,0,0,0,0,0,0,0,0,0,0,0,0,0,0,0,0,0,0,0,0,0,0,0,0,0,0,0,0,0,0,0,0,0,0,0,0,0,0,0,0,0,0,0,0,0,0,0,0,0,0,0,0,0
1,1900,4,0,0,0,21,211,200211,100211,445.8481750488281,52,75,1970,1947,0,0,0,0,0,0,0,0,0,0,0,0,0,0,0,0,0,0,0,0,1,2,3,4,5,6,7,8,9,10,11,12,13,14,15,16,17,18,19,20,21,22,23,24,25,26,27,28,29,30,31,32,33,34,35,36,37,38,39,40,41,42,43,44,45,46,47,48,49,50,51,52,53,54,55,56,57,58,59,60,61,62,63,64,65,66,67,68,69,70,71,72,73,74,75,76,77,78,79,80,81,82,83,84,85,86,87,88,89,90,91,92,93,94,95,96,97,98,99,100,101,102,103,104,105,106,107,108,109,110,111,112,113,114,115,116,117,118,119,120,121,122,123,124,125,126,127,128,129,130,131,132,133,134,135,136,137,138,139,140,141,142,143,144,145,146,147,148,149,150,151,152,153,2,1,1,2038,2038,2,2022,0,0,0,0,0,0,0,0,0,0,0,0,0,0,0,0,0,0,0,0,0,0,0,0,0,0,0,0,0,0,0,0,0,0,0,0,0,0,0,0,0,0,0,0,0,0,0,0,81569.4765625,86930.7890625,92027.21875,96611.6171875,102053.890625,108036.46875,114635.9140625,121372.421875,127992.6953125,135280.578125,138271,144035.453125,150895.015625,156810.21875,161831.40625,166886.609375,169770.640625,194188.40625,200000,513623.6875,525748.8125,535451.5,561123.8125,600000,624189.25,641647.375,655553.125,667375.5625,677829.25,687422.3125,696242.5625,704143.1875,711046.5625,716906.5625,721695.0625,725387.375,727965.0625,729415.875,729732.1875,728912.8125,0,0,0,0,0,0,0,0,0,0,0,0,0,0,0,0,0,0,0,0,0,0,0,0,0,0,0,0,0,0,0,0,0,0,0,0,0,0,0,0,0
1,2000,4,0,0,0,21,212,100212,200212,445.45135498046875,75,52,1947,1970,4,5,6,7,8,9,10,11,12,13,14,15,16,17,18,19,20,21,22,23,24,25,26,27,28,29,30,31,32,33,34,35,36,37,38,39,40,41,42,43,44,45,46,47,48,49,50,51,52,53,54,55,56,57,58,59,60,61,62,63,64,65,66,67,68,69,70,71,72,73,74,75,76,77,78,79,80,81,82,83,84,85,86,87,88,89,90,91,92,93,94,95,96,97,98,99,100,101,102,103,104,105,106,107,108,109,110,111,112,113,114,115,116,117,118,119,120,121,122,123,124,125,126,127,128,129,130,131,132,133,134,135,136,137,138,139,140,141,142,143,144,145,146,147,148,149,150,151,152,153,154,155,156,157,158,159,160,161,162,163,164,165,166,167,168,169,170,171,172,173,174,175,176,1,2,1,,2033,1,2022,0,0,0,0,0,0,0,0,0,0,0,0,0,0,0,0,0,0,0,11024.3154296875,12058.24609375,13062.7373046875,14398.66796875,16602.150390625,18753.875,20594.857421875,22799.82421875,25308.267578125,28554.478515625,32723.6015625,36831.2265625,40096.7265625,43046.421875,45930.65234375,48795.3984375,51101.41015625,53911.40625,57238.12109375,60943.21484375,64801.25390625,68106.78125,71000,2591750,2678264.5,2763873,2848683,2920108.25,2960909.5,3017279.75,3102351.25,3168568.75,3209269,3270663,3340458.75,3419683.5,3493129.75,3553934,3624011,3573668.5,3591554.5,3630094,3639539.25,3623804.5,1014908.125,996086.0625,1099227.25,1092254.5,1086846.875,1073325.625,1054636.625,1066279,1100000,0,0,0,0,0,0,0,0,0,0,0,0,0,0,0,0,0,0,0,0,0,0,0,0,0,0,0,0,0,0,0,0,0,0,0,0,0,0,0,0,0,0,0,0,0,0,0,0,0,0,0,0,0,0,0,0,0
1,2000,4,0,0,0,21,212,200212,100212,445.45135498046875,52,75,1970,1947,0,0,0,0,0,0,0,0,0,0,0,0,0,0,0,0,0,0,0,0,1,2,3,4,5,6,7,8,9,10,11,12,13,14,15,16,17,18,19,20,21,22,23,24,25,26,27,28,29,30,31,32,33,34,35,36,37,38,39,40,41,42,43,44,45,46,47,48,49,50,51,52,53,54,55,56,57,58,59,60,61,62,63,64,65,66,67,68,69,70,71,72,73,74,75,76,77,78,79,80,81,82,83,84,85,86,87,88,89,90,91,92,93,94,95,96,97,98,99,100,101,102,103,104,105,106,107,108,109,110,111,112,113,114,115,116,117,118,119,120,121,122,123,124,125,126,127,128,129,130,131,132,133,134,135,136,137,138,139,140,141,142,143,144,145,146,147,148,149,150,151,152,153,2,1,1,2038,2038,2,2022,0,0,0,0,0,0,0,0,0,0,0,0,0,0,0,0,0,0,0,0,0,0,0,0,0,0,0,0,0,0,0,0,0,0,0,0,0,0,0,0,0,0,0,0,0,0,0,0,81569.4765625,86930.7890625,92027.21875,96611.6171875,102053.890625,108036.46875,114635.9140625,121372.421875,127992.6953125,135280.578125,138271,144035.453125,150895.015625,156810.21875,161831.40625,166886.609375,169770.640625,194188.40625,200000,599227.8125,613373.8125,624693.625,654644.625,700000,728221,748588.8125,764812.1875,778605.0625,790801,801992.9375,812283.1875,821500.625,829554.5625,836391.25,841977.8125,846285.5,849292.8125,850985.4375,851354.5,850398.5,0,0,0,0,0,0,0,0,0,0,0,0,0,0,0,0,0,0,0,0,0,0,0,0,0,0,0,0,0,0,0,0,0,0,0,0,0,0,0,0,0
1,2000,4,0,0,0,21,213,100213,200213,449.1377868652344,75,52,1947,1970,4,5,6,7,8,9,10,11,12,13,14,15,16,17,18,19,20,21,22,23,24,25,26,27,28,29,30,31,32,33,34,35,36,37,38,39,40,41,42,43,44,45,46,47,48,49,50,51,52,53,54,55,56,57,58,59,60,61,62,63,64,65,66,67,68,69,70,71,72,73,74,75,76,77,78,79,80,81,82,83,84,85,86,87,88,89,90,91,92,93,94,95,96,97,98,99,100,101,102,103,104,105,106,107,108,109,110,111,112,113,114,115,116,117,118,119,120,121,122,123,124,125,126,127,128,129,130,131,132,133,134,135,136,137,138,139,140,141,142,143,144,145,146,147,148,149,150,151,152,153,154,155,156,157,158,159,160,161,162,163,164,165,166,167,168,169,170,171,172,173,174,175,176,1,2,1,,2033,1,2022,0,0,0,0,0,0,0,0,0,0,0,0,0,0,0,0,0,0,0,12732.3056640625,13926.421875,15086.5390625,16629.443359375,19174.310546875,21659.400390625,23785.60546875,26332.18359375,29229.259765625,32978.40625,37793.44921875,42537.4609375,46308.88671875,49715.57421875,53046.65625,56355.234375,59018.51953125,62263.86328125,66105.984375,70385.109375,74840.8671875,78658.515625,82000,2827363.5,2921743,3015134.25,3107654,3185572.5,3230083,3291577.75,3384383.25,3456620.5,3501020.5,3567996,3644136.75,3730563.75,3810687,3877018.75,3953466.5,3898547.25,3918059.25,3960102.5,3970406.25,3953241,1107172.375,1086639.375,1199157,1191550.375,1185651,1170900.625,1150512.625,1163213.5,1200000,0,0,0,0,0,0,0,0,0,0,0,0,0,0,0,0,0,0,0,0,0,0,0,0,0,0,0,0,0,0,0,0,0,0,0,0,0,0,0,0,0,0,0,0,0,0,0,0,0,0,0,0,0,0,0,0,0
1,2000,4,0,0,0,21,213,200213,100213,449.1377868652344,52,75,1970,1947,0,0,0,0,0,0,0,0,0,0,0,0,0,0,0,0,0,0,0,0,1,2,3,4,5,6,7,8,9,10,11,12,13,14,15,16,17,18,19,20,21,22,23,24,25,26,27,28,29,30,31,32,33,34,35,36,37,38,39,40,41,42,43,44,45,46,47,48,49,50,51,52,53,54,55,56,57,58,59,60,61,62,63,64,65,66,67,68,69,70,71,72,73,74,75,76,77,78,79,80,81,82,83,84,85,86,87,88,89,90,91,92,93,94,95,96,97,98,99,100,101,102,103,104,105,106,107,108,109,110,111,112,113,114,115,116,117,118,119,120,121,122,123,124,125,126,127,128,129,130,131,132,133,134,135,136,137,138,139,140,141,142,143,144,145,146,147,148,149,150,151,152,153,2,1,1,2038,2038,2,2022,0,0,0,0,0,0,0,0,0,0,0,0,0,0,0,0,0,0,0,0,0,0,0,0,0,0,0,0,0,0,0,0,0,0,0,0,0,0,0,0,0,0,0,0,0,0,0,0,81569.4765625,86930.7890625,92027.21875,96611.6171875,102053.890625,108036.46875,114635.9140625,121372.421875,127992.6953125,135280.578125,138271,144035.453125,150895.015625,156810.21875,161831.40625,166886.609375,169770.640625,194188.40625,200000,770435.5625,788623.25,803177.25,841685.75,900000,936283.875,962471.0625,983329.6875,1001063.375,1016743.875,1031133.5,1044363.875,1056214.875,1066569.875,1075359.875,1082542.625,1088081,1091947.625,1094123.875,1094598.375,1093369.25,0,0,0,0,0,0,0,0,0,0,0,0,0,0,0,0,0,0,0,0,0,0,0,0,0,0,0,0,0,0,0,0,0,0,0,0,0,0,0,0,0
1,2100,4,0,0,0,21,214,100214,200214,454.2483215332031,75,52,1947,1970,4,5,6,7,8,9,10,11,12,13,14,15,16,17,18,19,20,21,22,23,24,25,26,27,28,29,30,31,32,33,34,35,36,37,38,39,40,41,42,43,44,45,46,47,48,49,50,51,52,53,54,55,56,57,58,59,60,61,62,63,64,65,66,67,68,69,70,71,72,73,74,75,76,77,78,79,80,81,82,83,84,85,86,87,88,89,90,91,92,93,94,95,96,97,98,99,100,101,102,103,104,105,106,107,108,109,110,111,112,113,114,115,116,117,118,119,120,121,122,123,124,125,126,127,128,129,130,131,132,133,134,135,136,137,138,139,140,141,142,143,144,145,146,147,148,149,150,151,152,153,154,155,156,157,158,159,160,161,162,163,164,165,166,167,168,169,170,171,172,173,174,175,176,1,2,1,,2033,1,2022,0,0,0,0,0,0,0,0,0,0,0,0,0,0,0,0,0,0,0,46581.6328125,50950.3046875,55194.6328125,60839.40625,70149.890625,79241.6796875,87020.4765625,96337.2265625,106936.28125,120652.6640625,138268.65625,155624.8125,169422.6875,181886.1875,194073.0625,206177.625,215921.328125,227794.546875,241851.078125,257506.390625,273807.96875,287775.21875,300000,2356136.25,2434785.75,2512611.75,2589711.75,2654643.75,2691736,2742981.5,2820319.25,2880517,2917517.25,2973330,3036780.75,3108803,3175572.5,3230849,3294555.5,3248789.5,3265049.5,3300085.25,3308672,3294367.75,922643.6875,905532.75,999297.5,992958.625,988042.5625,975750.5625,958760.5,969344.5625,1000000,0,0,0,0,0,0,0,0,0,0,0,0,0,0,0,0,0,0,0,0,0,0,0,0,0,0,0,0,0,0,0,0,0,0,0,0,0,0,0,0,0,0,0,0,0,0,0,0,0,0,0,0,0,0,0,0,0
1,2100,4,0,0,0,21,214,200214,100214,454.2483215332031,52,75,1970,1947,0,0,0,0,0,0,0,0,0,0,0,0,0,0,0,0,0,0,0,0,1,2,3,4,5,6,7,8,9,10,11,12,13,14,15,16,17,18,19,20,21,22,23,24,25,26,27,28,29,30,31,32,33,34,35,36,37,38,39,40,41,42,43,44,45,46,47,48,49,50,51,52,53,54,55,56,57,58,59,60,61,62,63,64,65,66,67,68,69,70,71,72,73,74,75,76,77,78,79,80,81,82,83,84,85,86,87,88,89,90,91,92,93,94,95,96,97,98,99,100,101,102,103,104,105,106,107,108,109,110,111,112,113,114,115,116,117,118,119,120,121,122,123,124,125,126,127,128,129,130,131,132,133,134,135,136,137,138,139,140,141,142,143,144,145,146,147,148,149,150,151,152,153,2,1,1,2038,2038,2,2022,0,0,0,0,0,0,0,0,0,0,0,0,0,0,0,0,0,0,0,0,0,0,0,0,0,0,0,0,0,0,0,0,0,0,0,0,0,0,0,0,0,0,0,0,0,0,0,0,81569.4765625,86930.7890625,92027.21875,96611.6171875,102053.890625,108036.46875,114635.9140625,121372.421875,127992.6953125,135280.578125,138271,144035.453125,150895.015625,156810.21875,161831.40625,166886.609375,169770.640625,194188.40625,200000,778996.25,797386.0625,812101.75,851038.125,910000,946687.375,973165.5625,994255.9375,1012186.6875,1028041.4375,1042590.9375,1055968.25,1067951,1078421,1087308.75,1094571.25,1100171.25,1104080.75,1106281.25,1106761,1105518.25,0,0,0,0,0,0,0,0,0,0,0,0,0,0,0,0,0,0,0,0,0,0,0,0,0,0,0,0,0,0,0,0,0,0,0,0,0,0,0,0,0
1,2000,4,0,0,0,21,215,100215,200215,453.2115478515625,75,52,1947,1970,4,5,6,7,8,9,10,11,12,13,14,15,16,17,18,19,20,21,22,23,24,25,26,27,28,29,30,31,32,33,34,35,36,37,38,39,40,41,42,43,44,45,46,47,48,49,50,51,52,53,54,55,56,57,58,59,60,61,62,63,64,65,66,67,68,69,70,71,72,73,74,75,76,77,78,79,80,81,82,83,84,85,86,87,88,89,90,91,92,93,94,95,96,97,98,99,100,101,102,103,104,105,106,107,108,109,110,111,112,113,114,115,116,117,118,119,120,121,122,123,124,125,126,127,128,129,130,131,132,133,134,135,136,137,138,139,140,141,142,143,144,145,146,147,148,149,150,151,152,153,154,155,156,157,158,159,160,161,162,163,164,165,166,167,168,169,170,171,172,173,174,175,176,1,2,1,,2033,1,2022,0,0,0,0,0,0,0,0,0,0,0,0,0,0,0,0,0,0,0,18632.64453125,20380.130859375,22077.86328125,24335.7734375,28059.96875,31696.6875,34808.20703125,38534.90625,42774.53125,48261.0859375,55307.48828125,62249.94921875,67769.109375,72754.5078125,77629.265625,82471.0859375,86368.5703125,91117.859375,96740.4765625,103002.6015625,109523.234375,115110.03125,120000,2591750,2678264.5,2763873,2848683,2920108.25,2960909.5,3017279.75,3102351.25,3168568.75,3209269,3270663,3340458.75,3419683.5,3493129.75,3553934,3624011,3573668.5,3591554.5,3630094,3639539.25,3623804.5,1014908.125,996086.0625,1099227.25,1092254.5,1086846.875,1073325.625,1054636.625,1066279,1100000,0,0,0,0,0,0,0,0,0,0,0,0,0,0,0,0,0,0,0,0,0,0,0,0,0,0,0,0,0,0,0,0,0,0,0,0,0,0,0,0,0,0,0,0,0,0,0,0,0,0,0,0,0,0,0,0,0
1,2000,4,0,0,0,21,215,200215,100215,453.2115478515625,52,75,1970,1947,0,0,0,0,0,0,0,0,0,0,0,0,0,0,0,0,0,0,0,0,1,2,3,4,5,6,7,8,9,10,11,12,13,14,15,16,17,18,19,20,21,22,23,24,25,26,27,28,29,30,31,32,33,34,35,36,37,38,39,40,41,42,43,44,45,46,47,48,49,50,51,52,53,54,55,56,57,58,59,60,61,62,63,64,65,66,67,68,69,70,71,72,73,74,75,76,77,78,79,80,81,82,83,84,85,86,87,88,89,90,91,92,93,94,95,96,97,98,99,100,101,102,103,104,105,106,107,108,109,110,111,112,113,114,115,116,117,118,119,120,121,122,123,124,125,126,127,128,129,130,131,132,133,134,135,136,137,138,139,140,141,142,143,144,145,146,147,148,149,150,151,152,153,2,1,1,2038,2038,2,2022,0,0,0,0,0,0,0,0,0,0,0,0,0,0,0,0,0,0,0,0,0,0,0,0,0,0,0,0,0,0,0,0,0,0,0,0,0,0,0,0,0,0,0,0,0,0,0,0,81569.4765625,86930.7890625,92027.21875,96611.6171875,102053.890625,108036.46875,114635.9140625,121372.421875,127992.6953125,135280.578125,138271,144035.453125,150895.015625,156810.21875,161831.40625,166886.609375,169770.640625,194188.40625,200000,470821.71875,481936.4375,490830.5625,514363.5,550000,572173.5,588176.8125,600923.6875,611760.9375,621343.5,630137.125,638222.375,645464.625,651792.6875,657164.375,661553.8125,664938.4375,667301.3125,668631.25,668921.1875,668170.0625,0,0,0,0,0,0,0,0,0,0,0,0,0,0,0,0,0,0,0,0,0,0,0,0,0,0,0,0,0,0,0,0,0,0,0,0,0,0,0,0,0
0,0,0,7,700,4,28,281,100281,200281,1971.002685546875,51,53,1971,1969,0,0,0,0,0,0,0,0,0,0,0,0,0,0,0,0,0,0,0,0,0,1,2,3,4,5,6,7,8,9,10,11,12,13,14,15,16,17,18,19,20,21,22,23,24,25,26,27,28,29,30,31,32,33,34,35,36,37,38,39,40,41,42,43,44,45,46,47,48,49,50,51,52,53,54,55,56,57,58,59,60,61,62,63,64,65,66,67,68,69,70,71,72,73,74,75,76,77,78,79,80,81,82,83,84,85,86,87,88,89,90,91,92,93,94,95,96,97,98,99,100,101,102,103,104,105,106,107,108,109,110,111,112,113,114,115,116,117,118,119,120,121,122,123,124,125,126,127,128,129,130,131,132,133,134,135,136,137,138,139,140,141,142,143,144,145,146,147,148,149,150,151,152,1,2,1,2041,2041,1,2022,0,0,0,0,0,0,0,0,0,0,0,0,0,0,0,0,0,0,0,0,0,0,0,0,0,0,0,0,0,0,0,0,0,0,0,0,0,0,0,0,0,0,0,0,0,0,0,0,0,0,0,0,0,0,0,0,19125.322265625,20245.837890625,20725.65234375,21623.384765625,22688.529296875,23614.708984375,24408.900390625,25210.65234375,25686.322265625,26346.56640625,27177.38671875,28073.712890625,28781.29296875,29358.1640625,30813.755859375,33000,34383.98046875,35400.796875,36224.40625,36935.234375,37572.32421875,38163.49609375,38713.484375,39213.8828125,39660.046875,40049.30078125,40379.71875,40649.6015625,40857.7109375,41002.984375,41084.77734375,41102.64453125,41056.51953125,40946.5703125,40773.32421875,0,0,0,0,0,0,0,0,0,0,0,0,0,0,0,0,0,0,0,0,0,0,0,0,0,0,0,0,0,0,0,0,0,0,0,0,0,0
0,0,0,7,700,4,28,281,200281,100281,1971.002685546875,53,51,1969,1971,0,0,0,0,0,0,0,0,0,0,0,0,0,0,0,0,0,0,0,1,2,3,4,5,6,7,8,9,10,11,12,13,14,15,16,17,18,19,20,21,22,23,24,25,26,27,28,29,30,31,32,33,34,35,36,37,38,39,40,41,42,43,44,45,46,47,48,49,50,51,52,53,54,55,56,57,58,59,60,61,62,63,64,65,66,67,68,69,70,71,72,73,74,75,76,77,78,79,80,81,82,83,84,85,86,87,88,89,90,91,92,93,94,95,96,97,98,99,100,101,102,103,104,105,106,107,108,109,110,111,112,113,114,115,116,117,118,119,120,121,122,123,124,125,126,127,128,129,130,131,132,133,134,135,136,137,138,139,140,141,142,143,144,145,146,147,148,149,150,151,152,153,154,2,1,1,,,2,2022,0,0,0,0,0,0,0,0,0,0,0,0,0,0,0,0,0,0,0,0,0,0,0,0,0,0,0,0,0,0,0,0,0,0,0,0,0,0,0,0,0,0,0,0,0,0,0,0,0,0,0,0,0,0,0,0,0,0,0,0,0,0,0,0,0,0,0,0,0,0,0,0,0,0,0,0,0,0,0,0,0,0,0,0,0,0,0,0,0,0,0,0,0,0,0,0,0,0,0,0,0,0,0,0,0,0,0,0,0,0,0,0,0,0,0,0,0,0,0,0,0,0,0,0,0,0,0,0,0
0,0,0,7,700,4,28,282,100282,200282,1932.7158203125,51,53,1971,1969,0,0,0,0,0,0,0,0,0,0,0,0,0,0,0,0,0,0,0,0,0,1,2,3,4,5,6,7,8,9,10,11,12,13,14,15,16,17,18,19,20,21,22,23,24,25,26,27,28,29,30,31,32,33,34,35,36,37,38,39,40,41,42,43,44,45,46,47,48,49,50,51,52,53,54,55,56,57,58,59,60,61,62,63,64,65,66,67,68,69,70,71,72,73,74,75,76,77,78,79,80,81,82,83,84,85,86,87,88,89,90,91,92,93,94,95,96,97,98,99,100,101,102,103,104,105,106,107,108,109,110,111,112,113,114,115,116,117,118,119,120,121,122,123,124,125,126,127,128,129,130,131,132,133,134,135,136,137,138,139,140,141,142,143,144,145,146,147,148,149,150,151,152,1,2,1,2041,2041,1,2022,0,0,0,0,0,0,0,0,0,0,0,0,0,0,0,0,0,0,0,0,0,0,0,0,0,0,0,0,0,0,0,0,0,0,0,0,0,0,0,0,0,0,0,0,0,0,0,0,0,0,0,0,0,0,0,23046.3359375,24341.32421875,25767.4375,26378.109375,27520.677734375,28876.318359375,30055.091796875,31065.880859375,32086.291015625,32691.689453125,33532.00390625,34589.41015625,35730.1875,36630.74609375,37364.9453125,39217.515625,42000,43761.4375,45055.5703125,46103.80078125,47008.4921875,47819.33203125,48571.73046875,49271.71875,49908.59375,50476.4375,50971.8515625,51392.3828125,51735.87109375,52000.734375,52185.6328125,52289.73046875,52312.47265625,52253.765625,52113.828125,51893.3359375,0,0,0,0,0,0,0,0,0,0,0,0,0,0,0,0,0,0,0,0,0,0,0,0,0,0,0,0,0,0,0,0,0,0,0,0,0,0
0,0,0,7,700,4,28,282,200282,100282,1932.7158203125,53,51,1969,1971,0,0,0,0,0,0,0,0,0,0,0,0,0,0,0,0,0,0,0,1,2,3,4,5,6,7,8,9,10,11,12,13,14,15,16,17,18,19,20,21,22,23,24,25,26,27,28,29,30,31,32,33,34,35,36,37,38,39,40,41,42,43,44,45,46,47,48,49,50,51,52,53,54,55,56,57,58,59,60,61,62,63,64,65,66,67,68,69,70,71,72,73,74,75,76,77,78,79,80,81,82,83,84,85,86,87,88,89,90,91,92,93,94,95,96,97,98,99,100,101,102,103,104,105,106,107,108,109,110,111,112,113,114,115,116,117,118,119,120,121,122,123,124,125,126,127,128,129,130,131,132,133,134,135,136,137,138,139,140,141,142,143,144,145,146,147,148,149,150,151,152,153,154,2,1,1,,,2,2022,0,0,0,0,0,0,0,0,0,0,0,0,0,0,0,0,0,0,0,0,0,0,0,0,0,0,0,0,0,0,0,0,0,0,0,0,0,0,0,0,0,0,0,0,0,0,0,0,0,0,0,0,0,0,0,0,0,0,0,0,0,0,0,0,0,0,0,0,0,0,0,0,0,0,0,0,0,0,0,0,0,0,0,0,0,0,0,0,0,0,0,0,0,0,0,0,0,0,0,0,0,0,0,0,0,0,0,0,0,0,0,0,0,0,0,0,0,0,0,0,0,0,0,0,0,0,0,0,0
0,0,0,7,700,4,28,283,100283,200283,1936.310302734375,51,53,1971,1969,0,0,0,0,0,0,0,0,0,0,0,0,0,0,0,0,0,0,0,0,0,1,2,3,4,5,6,7,8,9,10,11,12,13,14,15,16,17,18,19,20,21,22,23,24,25,26,27,28,29,30,31,32,33,34,35,36,37,38,39,40,41,42,43,44,45,46,47,48,49,50,51,52,53,54,55,56,57,58,59,60,61,62,63,64,65,66,67,68,69,70,71,72,73,74,75,76,77,78,79,80,81,82,83,84,85,86,87,88,89,90,91,92,93,94,95,96,97,98,99,100,101,102,103,104,105,106,107,108,109,110,111,112,113,114,115,116,117,118,119,120,121,122,123,124,125,126,127,128,129,130,131,132,133,134,135,136,137,138,139,140,141,142,143,144,145,146,147,148,149,150,151,152,1,2,1,2041,2041,1,2022,0,0,0,0,0,0,0,0,0,0,0,0,0,0,0,0,0,0,0,0,0,0,0,0,0,0,0,0,0,0,0,0,0,0,0,0,0,0,0,0,0,0,0,0,0,0,0,0,0,0,0,0,0,0,0,0,0,0,0,0,0,22756.00390625,23521.31640625,24293.9140625,24752.287109375,25388.5234375,26189.1328125,27052.865234375,27734.716796875,28290.609375,29693.271484375,31800,33133.671875,34113.515625,34907.17578125,35592.15625,36206.078125,36775.75,37305.7421875,37787.9453125,38217.88671875,38592.984375,38911.38671875,39171.45703125,39372,39511.9921875,39590.80859375,39608.02734375,39563.578125,39457.625,39290.6796875,0,0,0,0,0,0,0,0,0,0,0,0,0,0,0,0,0,0,0,0,0,0,0,0,0,0,0,0,0,0,0,0,0,0,0,0,0,0
0,0,0,7,700,4,28,283,200283,100283,1936.310302734375,53,51,1969,1971,0,0,0,0,0,0,0,0,0,0,0,0,0,0,0,0,0,0,0,1,2,3,4,5,6,7,8,9,10,11,12,13,14,15,16,17,18,19,20,21,22,23,24,25,26,27,28,29,30,31,32,33,34,35,36,37,38,39,40,41,42,43,44,45,46,47,48,49,50,51,52,53,54,55,56,57,58,59,60,61,62,63,64,65,66,67,68,69,70,71,72,73,74,75,76,77,78,79,80,81,82,83,84,85,86,87,88,89,90,91,92,93,94,95,96,97,98,99,100,101,102,103,104,105,106,107,108,109,110,111,112,113,114,115,116,117,118,119,120,121,122,123,124,125,126,127,128,129,130,131,132,133,134,135,136,137,138,139,140,141,142,143,144,145,146,147,148,149,150,151,152,153,154,2,1,1,,,2,2022,0,0,0,0,0,0,0,0,0,0,0,0,0,0,0,0,0,0,0,0,0,0,0,0,0,0,0,0,0,0,0,0,0,0,0,0,0,0,0,0,0,0,0,0,0,0,0,0,0,0,0,0,0,0,0,0,0,0,0,0,0,0,0,0,0,0,0,0,0,0,0,0,0,0,0,0,0,0,0,0,0,0,0,0,0,0,0,0,0,0,0,0,0,0,0,0,0,0,0,0,0,0,0,0,0,0,0,0,0,0,0,0,0,0,0,0,0,0,0,0,0,0,0,0,0,0,0,0,0
0,0,0,7,700,4,28,284,100284,200284,1986.80517578125,51,53,1971,1969,0,0,0,0,0,0,0,0,0,0,0,0,0,0,0,0,0,0,0,0,0,1,2,3,4,5,6,7,8,9,10,11,12,13,14,15,16,17,18,19,20,21,22,23,24,25,26,27,28,29,30,31,32,33,34,35,36,37,38,39,40,41,42,43,44,45,46,47,48,49,50,51,52,53,54,55,56,57,58,59,60,61,62,63,64,65,66,67,68,69,70,71,72,73,74,75,76,77,78,79,80,81,82,83,84,85,86,87,88,89,90,91,92,93,94,95,96,97,98,99,100,101,102,103,104,105,106,107,108,109,110,111,112,113,114,115,116,117,118,119,120,121,122,123,124,125,126,127,128,129,130,131,132,133,134,135,136,137,138,139,140,141,142,143,144,145,146,147,148,149,150,151,152,1,2,1,2041,2041,1,2022,0,0,0,0,0,0,0,0,0,0,0,0,0,0,0,0,0,0,0,0,0,0,0,0,0,0,0,0,0,0,0,0,0,0,0,0,0,0,0,0,0,0,0,0,0,0,0,0,0,0,0,0,0,10809.4130859375,11487.607421875,12181.6376953125,12866.1318359375,13619.9345703125,13942.71875,14546.6484375,15263.201171875,15886.2666015625,16420.541015625,16959.90234375,17279.8984375,17724.0625,18282.978515625,18885.9609375,19361.970703125,19750.046875,20729.263671875,22200,23131.052734375,23815.09375,24369.158203125,24847.353515625,25275.939453125,25673.63671875,26043.62890625,26380.263671875,26680.41015625,26942.271484375,27164.552734375,27346.111328125,27486.111328125,27583.841796875,27638.865234375,27650.884765625,27619.85546875,27545.88671875,27429.341796875,0,0,0,0,0,0,0,0,0,0,0,0,0,0,0,0,0,0,0,0,0,0,0,0,0,0,0,0,0,0,0,0,0,0,0,0,0,0
0,0,0,7,700,4,28,284,200284,100284,1986.80517578125,53,51,1969,1971,0,0,0,0,0,0,0,0,0,0,0,0,0,0,0,0,0,0,0,1,2,3,4,5,6,7,8,9,10,11,12,13,14,15,16,17,18,19,20,21,22,23,24,25,26,27,28,29,30,31,32,33,34,35,36,37,38,39,40,41,42,43,44,45,46,47,48,49,50,51,52,53,54,55,56,57,58,59,60,61,62,63,64,65,66,67,68,69,70,71,72,73,74,75,76,77,78,79,80,81,82,83,84,85,86,87,88,89,90,91,92,93,94,95,96,97,98,99,100,101,102,103,104,105,106,107,108,109,110,111,112,113,114,115,116,117,118,119,120,121,122,123,124,125,126,127,128,129,130,131,132,133,134,135,136,137,138,139,140,141,142,143,144,145,146,147,148,149,150,151,152,153,154,2,1,1,,,2,2022,0,0,0,0,0,0,0,0,0,0,0,0,0,0,0,0,0,0,0,0,0,0,0,0,0,0,0,0,0,0,0,0,0,0,0,0,0,0,0,0,0,0,0,0,0,0,0,0,0,0,0,0,0,0,0,0,0,0,0,0,0,0,0,0,0,0,0,0,0,0,0,0,0,0,0,0,0,0,0,0,0,0,0,0,0,0,0,0,0,0,0,0,0,0,0,0,0,0,0,0,0,0,0,0,0,0,0,0,0,0,0,0,0,0,0,0,0,0,0,0,0,0,0,0,0,0,0,0,0
0,0,0,7,700,4,28,285,100285,200285,1931.458740234375,51,53,1971,1969,0,0,0,0,0,0,0,0,0,0,0,0,0,0,0,0,0,0,0,0,0,1,2,3,4,5,6,7,8,9,10,11,12,13,14,15,16,17,18,19,20,21,22,23,24,25,26,27,28,29,30,31,32,33,34,35,36,37,38,39,40,41,42,43,44,45,46,47,48,49,50,51,52,53,54,55,56,57,58,59,60,61,62,63,64,65,66,67,68,69,70,71,72,73,74,75,76,77,78,79,80,81,82,83,84,85,86,87,88,89,90,91,92,93,94,95,96,97,98,99,100,101,102,103,104,105,106,107,108,109,110,111,112,113,114,115,116,117,118,119,120,121,122,123,124,125,126,127,128,129,130,131,132,133,134,135,136,137,138,139,140,141,142,143,144,145,146,147,148,149,150,151,152,1,2,1,2041,2041,1,2022,0,0,0,0,0,0,0,0,0,0,0,0,0,0,0,0,0,0,0,0,0,0,0,0,0,0,0,0,0,0,0,0,0,0,0,0,0,0,0,0,0,0,0,0,0,0,0,0,0,0,0,0,0,0,0,0,0,0,0,0,0,22183.521484375,22929.580078125,23682.7421875,24129.58203125,24749.8125,25530.279296875,26372.28515625,27036.98046875,27578.890625,28946.263671875,31000,32300.11328125,33255.3046875,34029,34696.74609375,35295.22265625,35850.56640625,36367.22265625,36837.296875,37256.421875,37622.0859375,37932.4765625,38186.00390625,38381.5,38517.96875,38594.8046875,38611.58984375,38568.2578125,38464.97265625,38302.2265625,0,0,0,0,0,0,0,0,0,0,0,0,0,0,0,0,0,0,0,0,0,0,0,0,0,0,0,0,0,0,0,0,0,0,0,0,0,0
0,0,0,7,700,4,28,285,200285,100285,1931.458740234375,53,51,1969,1971,0,0,0,0,0,0,0,0,0,0,0,0,0,0,0,0,0,0,0,1,2,3,4,5,6,7,8,9,10,11,12,13,14,15,16,17,18,19,20,21,22,23,24,25,26,27,28,29,30,31,32,33,34,35,36,37,38,39,40,41,42,43,44,45,46,47,48,49,50,51,52,53,54,55,56,57,58,59,60,61,62,63,64,65,66,67,68,69,70,71,72,73,74,75,76,77,78,79,80,81,82,83,84,85,86,87,88,89,90,91,92,93,94,95,96,97,98,99,100,101,102,103,104,105,106,107,108,109,110,111,112,113,114,115,116,117,118,119,120,121,122,123,124,125,126,127,128,129,130,131,132,133,134,135,136,137,138,139,140,141,142,143,144,145,146,147,148,149,150,151,152,153,154,2,1,1,,,2,2022,0,0,0,0,0,0,0,0,0,0,0,0,0,0,0,0,0,0,0,0,0,0,0,0,0,0,0,0,0,0,0,0,0,0,0,0,0,0,0,0,0,0,0,0,0,0,0,0,0,0,0,0,0,0,0,0,0,0,0,0,0,0,0,0,0,0,0,0,0,0,0,0,0,0,0,0,0,0,0,0,0,0,0,0,0,0,0,0,0,0,0,0,0,0,0,0,0,0,0,0,0,0,0,0,0,0,0,0,0,0,0,0,0,0,0,0,0,0,0,0,0,0,0,0,0,0,0,0,0
0,0,0,0,0,0,897,8971,108971,0,2961.890380859375,52,0,1970,0,0,0,0,0,0,0,0,0,0,0,0,0,0,0,0,0,0,0,0,0,1,2,3,4,5,6,7,8,9,10,11,12,13,14,15,16,17,18,19,20,21,22,23,24,25,26,27,28,29,30,31,32,33,34,35,36,37,38,39,40,41,42,43,44,45,46,47,48,49,50,51,52,53,54,55,56,57,58,59,60,61,62,63,64,65,66,67,68,69,70,71,72,73,74,75,76,77,78,79,80,81,82,83,84,85,86,87,88,89,90,91,92,93,94,95,96,97,98,99,100,101,102,103,104,105,106,107,108,109,110,111,112,113,114,115,116,117,118,119,120,121,122,123,124,125,126,127,128,129,130,131,132,133,134,135,136,137,138,139,140,141,142,143,144,145,146,147,148,149,150,151,152,153,2,0,0,2024,2029,1,2022,0,0,0,0,0,0,0,0,0,0,0,0,0,0,0,0,0,0,0,0,0,0,0,0,0,0,0,0,0,0,0,0,0,0,0,0,0,0,0,0,0,0,65850.359375,70532.4609375,75443.828125,80597.3359375,85633.9609375,90000,0,0,0,0,0,0,0,0,0,0,0,0,0,0,0,0,0,0,0,240392.421875,246067.375,250608.53125,235135.734375,0,261563.1875,268878.9375,77328.859375,78723.4375,79956.546875,81088.140625,82128.65625,0,0,0,0,0,0,0,0,0,0,0,0,0,0,0,0,0,0,0,0,0,0,0,0,0,0,0,0,0,0,0,0,0,0,0,0,0,0,0,0,0,0,0,0,0,0,0,0,0,0
0,0,0,0,0,0,897,8972,108972,0,3225.6865234375,52,0,1970,0,0,0,0,0,0,0,0,0,0,0,0,0,0,0,0,0,0,0,0,0,1,2,3,4,5,6,7,8,9,10,11,12,13,14,15,16,17,18,19,20,21,22,23,24,25,26,27,28,29,30,31,32,33,34,35,36,37,38,39,40,41,42,43,44,45,46,47,48,49,50,51,52,53,54,55,56,57,58,59,60,61,62,63,64,65,66,67,68,69,70,71,72,73,74,75,76,77,78,79,80,81,82,83,84,85,86,87,88,89,90,91,92,93,94,95,96,97,98,99,100,101,102,103,104,105,106,107,108,109,110,111,112,113,114,115,116,117,118,119,120,121,122,123,124,125,126,127,128,129,130,131,132,133,134,135,136,137,138,139,140,141,142,143,144,145,146,147,148,149,150,151,152,153,2,0,0,2024,2033,1,2022,0,0,0,0,0,0,0,0,0,0,0,0,0,0,0,0,0,0,0,0,0,0,0,0,0,0,0,0,0,0,0,0,0,0,0,0,0,0,0,0,0,0,65850.359375,70532.4609375,75443.828125,80597.3359375,85633.9609375,90000,0,0,0,0,0,0,0,0,0,0,0,0,0,0,0,0,0,0,0,240392.421875,246067.375,250608.53125,235135.734375,0,261563.1875,268878.9375,77328.859375,78723.4375,79956.546875,81088.140625,82128.65625,83060.5390625,83874.8515625,84566.1015625,85130.9453125,0,0,0,0,0,0,0,0,0,0,0,0,0,0,0,0,0,0,0,0,0,0,0,0,0,0,0,0,0,0,0,0,0,0,0,0,0,0,0,0,0,0,0,0,0,0
0,0,0,0,0,0,897,8973,108973,0,3504.40087890625,52,0,1970,0,0,0,0,0,0,0,0,0,0,0,0,0,0,0,0,0,0,0,0,0,1,2,3,4,5,6,7,8,9,10,11,12,13,14,15,16,17,18,19,20,21,22,23,24,25,26,27,28,29,30,31,32,33,34,35,36,37,38,39,40,41,42,43,44,45,46,47,48,49,50,51,52,53,54,55,56,57,58,59,60,61,62,63,64,65,66,67,68,69,70,71,72,73,74,75,76,77,78,79,80,81,82,83,84,85,86,87,88,89,90,91,92,93,94,95,96,97,98,99,100,101,102,103,104,105,106,107,108,109,110,111,112,113,114,115,116,117,118,119,120,121,122,123,124,125,126,127,128,129,130,131,132,133,134,135,136,137,138,139,140,141,142,143,144,145,146,147,148,149,150,151,152,153,2,0,0,2024,9999,1,2022,0,0,0,0,0,0,0,0,0,0,0,0,0,0,0,0,0,0,0,0,0,0,0,0,0,0,0,0,0,0,0,0,0,0,0,0,0,0,0,0,0,0,65850.359375,70532.4609375,75443.828125,80597.3359375,85633.9609375,90000,0,0,0,0,0,0,0,0,0,0,0,0,0,0,0,0,0,0,0,240392.421875,246067.375,250608.53125,235135.734375,0,261563.1875,268878.9375,77328.859375,78723.4375,79956.546875,81088.140625,82128.65625,83060.5390625,83874.8515625,84566.1015625,85130.9453125,85566.4921875,85870.5546875,86041.6953125,86079.0078125,85982.3515625,85752.046875,85389.2265625,84895.4765625,84273.1640625,83525.09375,82654.8125,81666.203125,0,0,0,0,0,0,0,0,0,0,0,0,0,0,0,0,0,0,0,0,0,0,0,0,0,0,0,0,0,0,0,0,0,0
0,0,0,0,0,0,897,8974,108974,0,3108.166259765625,52,0,1970,0,0,0,0,0,0,0,0,0,0,0,0,0,0,0,0,0,0,0,0,0,1,2,3,4,5,6,7,8,9,10,11,12,13,14,15,16,17,18,19,20,21,22,23,24,25,26,27,28,29,30,31,32,33,34,35,36,37,38,39,40,41,42,43,44,45,46,47,48,49,50,51,52,53,54,55,56,57,58,59,60,61,62,63,64,65,66,67,68,69,70,71,72,73,74,75,76,77,78,79,80,81,82,83,84,85,86,87,88,89,90,91,92,93,94,95,96,97,98,99,100,101,102,103,104,105,106,107,108,109,110,111,112,113,114,115,116,117,118,119,120,121,122,123,124,125,126,127,128,129,130,131,132,133,134,135,136,137,138,139,140,141,142,143,144,145,146,147,148,149,150,151,152,153,2,0,0,2024,2034,1,2022,0,0,0,0,0,0,0,0,0,0,0,0,0,0,0,0,0,0,0,0,0,0,0,0,0,0,0,0,0,0,0,0,0,0,0,0,0,0,0,0,0,0,65850.359375,70532.4609375,75443.828125,80597.3359375,85633.9609375,90000,0,0,0,0,0,0,0,0,0,0,0,0,0,0,0,0,0,0,0,240392.421875,246067.375,250608.53125,235135.734375,0,261563.1875,268878.9375,77328.859375,78723.4375,79956.546875,81088.140625,82128.65625,83060.5390625,83874.8515625,84566.1015625,85130.9453125,85566.4921875,0,0,0,0,0,0,0,0,0,0,0,0,0,0,0,0,0,0,0,0,0,0,0,0,0,0,0,0,0,0,0,0,0,0,0,0,0,0,0,0,0,0,0,0,0
0,0,0,0,0,0,897,8975,108975,0,3029.33935546875,52,0,1970,0,0,0,0,0,0,0,0,0,0,0,0,0,0,0,0,0,0,0,0,0,1,2,3,4,5,6,7,8,9,10,11,12,13,14,15,16,17,18,19,20,21,22,23,24,25,26,27,28,29,30,31,32,33,34,35,36,37,38,39,40,41,42,43,44,45,46,47,48,49,50,51,52,53,54,55,56,57,58,59,60,61,62,63,64,65,66,67,68,69,70,71,72,73,74,75,76,77,78,79,80,81,82,83,84,85,86,87,88,89,90,91,92,93,94,95,96,97,98,99,100,101,102,103,104,105,106,107,108,109,110,111,112,113,114,115,116,117,118,119,120,121,122,123,124,125,126,127,128,129,130,131,132,133,134,135,136,137,138,139,140,141,142,143,144,145,146,147,148,149,150,151,152,153,2,0,0,2024,2034,1,2022,0,0,0,0,0,0,0,0,0,0,0,0,0,0,0,0,0,0,0,0,0,0,0,0,0,0,0,0,0,0,0,0,0,0,0,0,0,0,0,0,0,0,65850.359375,70532.4609375,75443.828125,80597.3359375,85633.9609375,90000,0,0,0,0,0,0,0,0,0,0,0,0,0,0,0,0,0,0,0,240392.421875,246067.375,250608.53125,235135.734375,0,261563.1875,268878.9375,77328.859375,78723.4375,79956.546875,81088.140625,82128.65625,83060.5390625,83874.8515625,84566.1015625,85130.9453125,85566.4921875,0,0,0,0,0,0,0,0,0,0,0,0,0,0,0,0,0,0,0,0,0,0,0,0,0,0,0,0,0,0,0,0,0,0,0,0,0,0,0,0,0,0,0,0,0
1,2000,4,1,1600,4,1277,12771,112771,212771,12489.2822265625,74,69,1948,1953,3,4,5,6,7,8,9,10,11,12,13,14,15,16,17,18,19,20,21,22,23,24,25,26,27,28,29,30,31,32,33,34,35,36,37,38,39,40,41,42,43,44,45,46,47,48,49,50,51,52,53,54,55,56,57,58,59,60,61,62,63,64,65,66,67,68,69,70,71,72,73,74,75,76,77,78,79,80,81,82,83,84,85,86,87,88,89,90,91,92,93,94,95,96,97,98,99,100,101,102,103,104,105,106,107,108,109,110,111,112,113,114,115,116,117,118,119,120,121,122,123,124,125,126,127,128,129,130,131,132,133,134,135,136,137,138,139,140,141,142,143,144,145,146,147,148,149,150,151,152,153,154,155,156,157,158,159,160,161,162,163,164,165,166,167,168,169,170,171,172,173,174,175,1,2,0,,,1,2022,0,0,0,0,0,0,0,0,0,0,0,0,0,0,0,0,0,0,0,0,0,0,0,0,0,14567.6083984375,16152.4384765625,17957.49609375,20292.46484375,23291.552734375,26256.126953125,28628.60546875,30782.615234375,32896.359375,35002.67578125,36714.02734375,38793.32421875,41251.37890625,43990.125,46847.9765625,49314.48828125,51489.5859375,53586.12109375,55461.22265625,57323.30859375,59174.48046875,60752.765625,61697.70703125,62970.421875,64846.8984375,66334.296875,67291.1328125,68685.3828125,70260.59375,72039.1796875,82317.109375,83880.6796875,85668.046875,84609.8203125,85165.8984375,86214.0234375,86573.234375,86333.3828125,86028.84375,84565.1484375,83684.1953125,83283.0390625,83000,73502.6171875,72335.3984375,73248.0546875,0,0,0,0,0,0,0,0,0,0,0,0,0,0,0,0,0,0,0,0,0,0,0,0,0,0,0,0,0,0,0,0,0,0,0,0,0,0,0,0,0,0,0,0,0,0,0,0,0,0,0,0,0,0,0,0,0,0
1,2000,4,1,1600,4,1277,12771,212771,112771,12489.2822265625,69,74,1953,1948,0,0,0,1,2,3,4,5,6,7,8,9,10,11,12,13,14,15,16,17,18,19,20,21,22,23,24,25,26,27,28,29,30,31,32,33,34,35,36,37,38,39,40,41,42,43,44,45,46,47,48,49,50,51,52,53,54,55,56,57,58,59,60,61,62,63,64,65,66,67,68,69,70,71,72,73,74,75,76,77,78,79,80,81,82,83,84,85,86,87,88,89,90,91,92,93,94,95,96,97,98,99,100,101,102,103,104,105,106,107,108,109,110,111,112,113,114,115,116,117,118,119,120,121,122,123,124,125,126,127,128,129,130,131,132,133,134,135,136,137,138,139,140,141,142,143,144,145,146,147,148,149,150,151,152,153,154,155,156,157,158,159,160,161,162,163,164,165,166,167,168,169,170,2,1,0,,,2,2022,0,0,0,0,0,0,0,0,0,0,0,0,0,0,0,0,0,0,0,0,0,0,0,0,0,0,0,0,0,0,0,0,0,0,0,0,0,0,0,0,0,0,0,0,0,0,0,0,0,0,0,0,45425.33203125,46830.65625,48391.80859375,49895.67578125,51241.20703125,52742.5234375,52498.62109375,53257.09765625,54334.3828125,54987.69140625,55264.42578125,55500.33984375,54982.94921875,54835.8671875,55000,0,0,15374.50390625,15690.2900390625,0,0,0,0,0,0,0,0,0,0,0,0,0,0,0,0,0,0,0,0,0,0,0,0,0,0,0,0,0,0,0,0,0,0,0,0,0,0,0,0,0,0,0,0,0,0,0,0,0,0,0,0,0,0,0,0,0,0
1,2000,4,1,1100,4,1277,12772,112772,212772,5829.19580078125,74,69,1948,1953,3,4,5,6,7,8,9,10,11,12,13,14,15,16,17,18,19,20,21,22,23,24,25,26,27,28,29,30,31,32,33,34,35,36,37,38,39,40,41,42,43,44,45,46,47,48,49,50,51,52,53,54,55,56,57,58,59,60,61,62,63,64,65,66,67,68,69,70,71,72,73,74,75,76,77,78,79,80,81,82,83,84,85,86,87,88,89,90,91,92,93,94,95,96,97,98,99,100,101,102,103,104,105,106,107,108,109,110,111,112,113,114,115,116,117,118,119,120,121,122,123,124,125,126,127,128,129,130,131,132,133,134,135,136,137,138,139,140,141,142,143,144,145,146,147,148,149,150,151,152,153,154,155,156,157,158,159,160,161,162,163,164,165,166,167,168,169,170,171,172,173,174,175,1,2,0,,,1,2022,0,0,0,0,0,0,0,0,0,0,0,0,0,0,0,0,0,0,0,0,0,0,0,0,0,12636.9580078125,14011.7509765625,15577.583984375,17603.09765625,20204.71484375,22776.39453125,24834.447265625,26702.984375,28536.59375,30363.759765625,31848.306640625,33652.03125,35784.3203125,38160.1015625,40639.19921875,42778.82421875,44665.65234375,46484.3359375,48110.9296875,49726.234375,51332.06640625,52701.1796875,53520.88671875,54624.93359375,56252.71875,57542.9921875,58373.01953125,59582.484375,60948.93359375,62491.8046875,71407.6015625,72763.9453125,74314.4296875,73396.453125,73878.8359375,74788.0546875,75099.65625,74891.5859375,74627.4140625,73357.703125,72593.5,72245.5078125,72000,63761.2890625,62748.76171875,63540.46484375,0,0,0,0,0,0,0,0,0,0,0,0,0,0,0,0,0,0,0,0,0,0,0,0,0,0,0,0,0,0,0,0,0,0,0,0,0,0,0,0,0,0,0,0,0,0,0,0,0,0,0,0,0,0,0,0,0,0
1,2000,4,1,1100,4,1277,12772,212772,112772,5829.19580078125,69,74,1953,1948,0,0,0,1,2,3,4,5,6,7,8,9,10,11,12,13,14,15,16,17,18,19,20,21,22,23,24,25,26,27,28,29,30,31,32,33,34,35,36,37,38,39,40,41,42,43,44,45,46,47,48,49,50,51,52,53,54,55,56,57,58,59,60,61,62,63,64,65,66,67,68,69,70,71,72,73,74,75,76,77,78,79,80,81,82,83,84,85,86,87,88,89,90,91,92,93,94,95,96,97,98,99,100,101,102,103,104,105,106,107,108,109,110,111,112,113,114,115,116,117,118,119,120,121,122,123,124,125,126,127,128,129,130,131,132,133,134,135,136,137,138,139,140,141,142,143,144,145,146,147,148,149,150,151,152,153,154,155,156,157,158,159,160,161,162,163,164,165,166,167,168,169,170,2,1,0,,,2,2022,0,0,0,0,0,0,0,0,0,0,0,0,0,0,0,0,0,0,0,0,0,0,0,0,0,0,0,0,0,0,0,0,0,0,0,0,0,0,0,0,0,0,0,0,0,0,0,0,0,0,0,0,59465.88671875,61305.58203125,63349.2734375,65317.97265625,67079.3984375,69044.7578125,68725.4609375,69718.3828125,71128.640625,71983.8828125,72346.15625,72654.9921875,71977.6796875,71785.1328125,72000,20356.953125,20292.603515625,20126.623046875,20540.015625,0,0,0,0,0,0,0,0,0,0,0,0,0,0,0,0,0,0,0,0,0,0,0,0,0,0,0,0,0,0,0,0,0,0,0,0,0,0,0,0,0,0,0,0,0,0,0,0,0,0,0,0,0,0,0,0,0,0
1,2000,4,1,1300,4,1277,12773,112773,212773,6322.77294921875,74,69,1948,1953,3,4,5,6,7,8,9,10,11,12,13,14,15,16,17,18,19,20,21,22,23,24,25,26,27,28,29,30,31,32,33,34,35,36,37,38,39,40,41,42,43,44,45,46,47,48,49,50,51,52,53,54,55,56,57,58,59,60,61,62,63,64,65,66,67,68,69,70,71,72,73,74,75,76,77,78,79,80,81,82,83,84,85,86,87,88,89,90,91,92,93,94,95,96,97,98,99,100,101,102,103,104,105,106,107,108,109,110,111,112,113,114,115,116,117,118,119,120,121,122,123,124,125,126,127,128,129,130,131,132,133,134,135,136,137,138,139,140,141,142,143,144,145,146,147,148,149,150,151,152,153,154,155,156,157,158,159,160,161,162,163,164,165,166,167,168,169,170,171,172,173,174,175,1,2,0,,,1,2022,0,0,0,0,0,0,0,0,0,0,0,0,0,0,0,0,0,0,0,0,0,0,0,0,0,14567.6083984375,16152.4384765625,17957.49609375,20292.46484375,23291.552734375,26256.126953125,28628.60546875,30782.615234375,32896.359375,35002.67578125,36714.02734375,38793.32421875,41251.37890625,43990.125,46847.9765625,49314.48828125,51489.5859375,53586.12109375,55461.22265625,57323.30859375,59174.48046875,60752.765625,61697.70703125,62970.421875,64846.8984375,66334.296875,67291.1328125,68685.3828125,70260.59375,72039.1796875,82317.109375,83880.6796875,85668.046875,84609.8203125,85165.8984375,86214.0234375,86573.234375,86333.3828125,86028.84375,84565.1484375,83684.1953125,83283.0390625,83000,73502.6171875,72335.3984375,73248.0546875,0,0,0,0,0,0,0,0,0,0,0,0,0,0,0,0,0,0,0,0,0,0,0,0,0,0,0,0,0,0,0,0,0,0,0,0,0,0,0,0,0,0,0,0,0,0,0,0,0,0,0,0,0,0,0,0,0,0
1,2000,4,1,1300,4,1277,12773,212773,112773,6322.77294921875,69,74,1953,1948,0,0,0,1,2,3,4,5,6,7,8,9,10,11,12,13,14,15,16,17,18,19,20,21,22,23,24,25,26,27,28,29,30,31,32,33,34,35,36,37,38,39,40,41,42,43,44,45,46,47,48,49,50,51,52,53,54,55,56,57,58,59,60,61,62,63,64,65,66,67,68,69,70,71,72,73,74,75,76,77,78,79,80,81,82,83,84,85,86,87,88,89,90,91,92,93,94,95,96,97,98,99,100,101,102,103,104,105,106,107,108,109,110,111,112,113,114,115,116,117,118,119,120,121,122,123,124,125,126,127,128,129,130,131,132,133,134,135,136,137,138,139,140,141,142,143,144,145,146,147,148,149,150,151,152,153,154,155,156,157,158,159,160,161,162,163,164,165,166,167,168,169,170,2,1,0,,,2,2022,0,0,0,0,0,0,0,0,0,0,0,0,0,0,0,0,0,0,0,0,0,0,0,0,0,0,0,0,0,0,0,0,0,0,0,0,0,0,0,0,0,0,0,0,0,0,0,0,0,0,0,57806.4609375,59465.88671875,61305.58203125,63349.2734375,65317.97265625,67079.3984375,69044.7578125,68725.4609375,69718.3828125,71128.640625,71983.8828125,72346.15625,72654.9921875,71977.6796875,71785.1328125,72000,0,20292.603515625,20126.623046875,20540.015625,0,0,0,0,0,0,0,0,0,0,0,0,0,0,0,0,0,0,0,0,0,0,0,0,0,0,0,0,0,0,0,0,0,0,0,0,0,0,0,0,0,0,0,0,0,0,0,0,0,0,0,0,0,0,0,0,0,0
1,2000,4,1,1000,4,1277,12774,112774,212774,12611.48046875,74,69,1948,1953,3,4,5,6,7,8,9,10,11,12,13,14,15,16,17,18,19,20,21,22,23,24,25,26,27,28,29,30,31,32,33,34,35,36,37,38,39,40,41,42,43,44,45,46,47,48,49,50,51,52,53,54,55,56,57,58,59,60,61,62,63,64,65,66,67,68,69,70,71,72,73,74,75,76,77,78,79,80,81,82,83,84,85,86,87,88,89,90,91,92,93,94,95,96,97,98,99,100,101,102,103,104,105,106,107,108,109,110,111,112,113,114,115,116,117,118,119,120,121,122,123,124,125,126,127,128,129,130,131,132,133,134,135,136,137,138,139,140,141,142,143,144,145,146,147,148,149,150,151,152,153,154,155,156,157,158,159,160,161,162,163,164,165,166,167,168,169,170,171,172,173,174,175,1,2,0,,,1,2022,0,0,0,0,0,0,0,0,0,0,0,0,0,0,0,0,0,0,0,0,0,0,0,0,0,17375.818359375,19266.158203125,21419.1796875,24204.26171875,27781.484375,31317.54296875,34147.3671875,36716.60546875,39237.81640625,41750.171875,43791.42578125,46271.546875,49203.44140625,52470.140625,55878.90234375,58820.88671875,61415.27734375,63915.96484375,66152.53125,68373.5703125,70581.59375,72464.125,73591.2265625,75109.2890625,77347.4921875,79121.6171875,80262.90625,81925.921875,83804.7890625,85926.2421875,98185.453125,100050.4296875,102182.3515625,100920.1328125,101583.40625,102833.578125,103262.03125,102975.9375,102612.703125,100866.84375,99816.0703125,99337.5859375,99000,87671.78125,86279.5546875,87368.1484375,0,0,0,0,0,0,0,0,0,0,0,0,0,0,0,0,0,0,0,0,0,0,0,0,0,0,0,0,0,0,0,0,0,0,0,0,0,0,0,0,0,0,0,0,0,0,0,0,0,0,0,0,0,0,0,0,0,0
1,2000,4,1,1000,4,1277,12774,212774,112774,12611.48046875,69,74,1953,1948,0,0,0,1,2,3,4,5,6,7,8,9,10,11,12,13,14,15,16,17,18,19,20,21,22,23,24,25,26,27,28,29,30,31,32,33,34,35,36,37,38,39,40,41,42,43,44,45,46,47,48,49,50,51,52,53,54,55,56,57,58,59,60,61,62,63,64,65,66,67,68,69,70,71,72,73,74,75,76,77,78,79,80,81,82,83,84,85,86,87,88,89,90,91,92,93,94,95,96,97,98,99,100,101,102,103,104,105,106,107,108,109,110,111,112,113,114,115,116,117,118,119,120,121,122,123,124,125,126,127,128,129,130,131,132,133,134,135,136,137,138,139,140,141,142,143,144,145,146,147,148,149,150,151,152,153,154,155,156,157,158,159,160,161,162,163,164,165,166,167,168,169,170,2,1,0,,,2,2022,0,0,0,0,0,0,0,0,0,0,0,0,0,0,0,0,0,0,0,0,0,0,0,0,0,0,0,0,0,0,0,0,0,0,0,0,0,0,0,0,0,0,0,0,0,0,0,0,0,0,0,0,0,0,0,0,69874.375,71921.625,71589.03125,72623.3125,74092.3359375,74983.21875,75360.578125,75682.28125,74976.75,74776.1796875,75000,0,0,0,21395.849609375,0,0,0,0,0,0,0,0,0,0,0,0,0,0,0,0,0,0,0,0,0,0,0,0,0,0,0,0,0,0,0,0,0,0,0,0,0,0,0,0,0,0,0,0,0,0,0,0,0,0,0,0,0,0,0,0,0,0
1,2000,4,1,1100,4,1277,12775,112775,212775,11356.171875,74,69,1948,1953,3,4,5,6,7,8,9,10,11,12,13,14,15,16,17,18,19,20,21,22,23,24,25,26,27,28,29,30,31,32,33,34,35,36,37,38,39,40,41,42,43,44,45,46,47,48,49,50,51,52,53,54,55,56,57,58,59,60,61,62,63,64,65,66,67,68,69,70,71,72,73,74,75,76,77,78,79,80,81,82,83,84,85,86,87,88,89,90,91,92,93,94,95,96,97,98,99,100,101,102,103,104,105,106,107,108,109,110,111,112,113,114,115,116,117,118,119,120,121,122,123,124,125,126,127,128,129,130,131,132,133,134,135,136,137,138,139,140,141,142,143,144,145,146,147,148,149,150,151,152,153,154,155,156,157,158,159,160,161,162,163,164,165,166,167,168,169,170,171,172,173,174,175,1,2,0,,,1,2022,0,0,0,0,0,0,0,0,0,0,0,0,0,0,0,0,0,0,0,0,0,0,0,0,0,9828.748046875,10898.03125,12115.90234375,13691.3017578125,15714.7822265625,17714.978515625,19315.685546875,20768.994140625,22195.1328125,23616.263671875,24770.912109375,26173.80859375,27832.255859375,29680.115234375,31608.275390625,33272.42578125,34739.9609375,36154.4921875,37419.62109375,38675.96875,39924.953125,40989.8203125,41627.3671875,42486.0703125,43752.125,44755.671875,45401.25,46341.9453125,47404.73828125,48604.75,55539.2578125,56594.1953125,57800.12890625,57086.1484375,57461.33203125,58168.5,58410.85546875,58249.03125,58043.55859375,57056.00390625,56461.625,56190.96875,56000,49592.12890625,48804.60546875,49420.375,0,0,0,0,0,0,0,0,0,0,0,0,0,0,0,0,0,0,0,0,0,0,0,0,0,0,0,0,0,0,0,0,0,0,0,0,0,0,0,0,0,0,0,0,0,0,0,0,0,0,0,0,0,0,0,0,0,0
1,2000,4,1,1100,4,1277,12775,212775,112775,11356.171875,69,74,1953,1948,0,0,0,1,2,3,4,5,6,7,8,9,10,11,12,13,14,15,16,17,18,19,20,21,22,23,24,25,26,27,28,29,30,31,32,33,34,35,36,37,38,39,40,41,42,43,44,45,46,47,48,49,50,51,52,53,54,55,56,57,58,59,60,61,62,63,64,65,66,67,68,69,70,71,72,73,74,75,76,77,78,79,80,81,82,83,84,85,86,87,88,89,90,91,92,93,94,95,96,97,98,99,100,101,102,103,104,105,106,107,108,109,110,111,112,113,114,115,116,117,118,119,120,121,122,123,124,125,126,127,128,129,130,131,132,133,134,135,136,137,138,139,140,141,142,143,144,145,146,147,148,149,150,151,152,153,154,155,156,157,158,159,160,161,162,163,164,165,166,167,168,169,170,2,1,0,,,2,2022,0,0,0,0,0,0,0,0,0,0,0,0,0,0,0,0,0,0,0,0,0,0,0,0,0,0,0,0,0,0,0,0,0,0,0,0,0,0,0,0,0,0,0,0,0,0,0,0,0,0,0,0,0,66414.328125,68628.328125,70761.078125,72669.2890625,74798.421875,74452.5234375,75528.1796875,77055.96875,77982.4765625,78374.9375,78709.5078125,77975.75,77767.15625,78000,78343.09375,78095.4453125,77456.671875,79047.6015625,0,0,0,0,0,0,0,0,0,0,0,0,0,0,0,0,0,0,0,0,0,0,0,0,0,0,0,0,0,0,0,0,0,0,0,0,0,0,0,0,0,0,0,0,0,0,0,0,0,0,0,0,0,0,0,0,0,0
0,0,0,0,0,0,1290,12901,112901,212901,11846.732421875,41,39,1981,1983,0,0,0,0,0,0,0,0,0,0,0,0,0,0,0,0,0,0,0,0,0,0,0,0,0,0,0,0,0,0,0,1,2,3,4,5,6,7,8,9,10,11,12,13,14,15,16,17,18,19,20,21,22,23,24,25,26,27,28,29,30,31,32,33,34,35,36,37,38,39,40,41,42,43,44,45,46,47,48,49,50,51,52,53,54,55,56,57,58,59,60,61,62,63,64,65,66,67,68,69,70,71,72,73,74,75,76,77,78,79,80,81,82,83,84,85,86,87,88,89,90,91,92,93,94,95,96,97,98,99,100,101,102,103,104,105,106,107,108,109,110,111,112,113,114,115,116,117,118,119,120,121,122,123,124,125,126,127,128,129,130,131,132,133,134,135,136,137,138,139,140,141,142,1,2,1,2046,9999,1,2022,0,0,0,0,0,0,0,0,0,0,0,0,0,0,0,0,0,0,0,0,0,0,0,0,0,0,0,0,0,0,0,0,0,0,0,0,0,0,0,0,0,0,0,0,0,0,0,0,0,0,0,101272.828125,108827.84375,117200.03125,126509.8984375,136260.71875,146178.09375,175547.5625,182531.296875,193429.40625,206146,217931.90625,228800,0,0,0,47140.6640625,49460.34375,51503.61328125,53361.25,56886.734375,61880,65488.08984375,68484.0390625,71178.2421875,73715.046875,76164.6484375,78578.4140625,80963.0859375,83297.9609375,85569.2734375,87766.515625,89880.7890625,91903.0703125,93824.7578125,95637.5859375,97333.8125,98905.921875,100346.984375,101650.5703125,102810.65625,103821.9921875,104680.046875,105380.8125,105921.1328125,106298.4375,29982.544921875,29995.724609375,29962.201171875,29882.099609375,29755.822265625,29583.912109375,29367.1875,29106.62890625,28927.10546875,28703.951171875,0,0,0,0,0,0,0,0,0,0,0,0,0,0,0,0,0,0,0,0,0,0,0
0,0,0,0,0,0,1290,12901,212901,112901,11846.732421875,39,41,1983,1981,0,0,0,0,0,0,0,0,0,0,0,0,0,0,0,0,0,0,0,0,0,0,0,0,0,0,0,0,0,0,0,0,0,1,2,3,4,5,6,7,8,9,10,11,12,13,14,15,16,17,18,19,20,21,22,23,24,25,26,27,28,29,30,31,32,33,34,35,36,37,38,39,40,41,42,43,44,45,46,47,48,49,50,51,52,53,54,55,56,57,58,59,60,61,62,63,64,65,66,67,68,69,70,71,72,73,74,75,76,77,78,79,80,81,82,83,84,85,86,87,88,89,90,91,92,93,94,95,96,97,98,99,100,101,102,103,104,105,106,107,108,109,110,111,112,113,114,115,116,117,118,119,120,121,122,123,124,125,126,127,128,129,130,131,132,133,134,135,136,137,138,139,140,2,1,1,2040,2040,2,2022,0,0,0,0,0,0,0,0,0,0,0,0,0,0,0,0,0,0,0,0,0,0,0,0,0,0,0,0,0,0,0,0,0,0,0,0,0,0,0,0,0,0,0,0,0,0,0,0,0,0,0,0,0,0,0,0,0,0,0,0,0,0,10000.9453125,10524.4677734375,10925.5185546875,11417.94140625,12000.3935546875,12630.2197265625,13193.04296875,13711.583984375,14663.126953125,16000,16985.791015625,17818.3203125,18577.12890625,19299.3125,20002.88671875,20701.2421875,21396.076171875,22081.84765625,22754.7890625,23411.958984375,24050.8125,24668.73046875,25263.189453125,25831.716796875,26371.95703125,26881.607421875,27358.43359375,27800.349609375,0,0,0,0,0,0,0,0,0,0,0,0,0,0,0,0,0,0,0,0,0,0,0,0,0,0,0,0,0,0,0,0,0,0,0,0,0,0,0
0,0,0,0,0,0,1290,12902,112902,212902,11354.7900390625,41,39,1981,1983,0,0,0,0,0,0,0,0,0,0,0,0,0,0,0,0,0,0,0,0,0,0,0,0,0,0,0,0,0,0,0,1,2,3,4,5,6,7,8,9,10,11,12,13,14,15,16,17,18,19,20,21,22,23,24,25,26,27,28,29,30,31,32,33,34,35,36,37,38,39,40,41,42,43,44,45,46,47,48,49,50,51,52,53,54,55,56,57,58,59,60,61,62,63,64,65,66,67,68,69,70,71,72,73,74,75,76,77,78,79,80,81,82,83,84,85,86,87,88,89,90,91,92,93,94,95,96,97,98,99,100,101,102,103,104,105,106,107,108,109,110,111,112,113,114,115,116,117,118,119,120,121,122,123,124,125,126,127,128,129,130,131,132,133,134,135,136,137,138,139,140,141,142,1,2,1,9999,9999,1,2022,0,0,0,0,0,0,0,0,0,0,0,0,0,0,0,0,0,0,0,0,0,0,0,0,0,0,0,0,0,0,0,0,0,0,0,0,0,0,0,0,0,0,0,0,0,0,0,0,0,0,0,101272.828125,108827.84375,117200.03125,126509.8984375,136260.71875,146178.09375,175547.5625,182531.296875,193429.40625,206146,217931.90625,228800,0,0,0,47140.6640625,49460.34375,51503.61328125,53361.25,56886.734375,61880,65488.08984375,68484.0390625,71178.2421875,73715.046875,76164.578125,78578.4140625,80963.0859375,83297.9609375,85569.2734375,87766.515625,89880.7890625,91903.0703125,93824.7578125,95637.5859375,97333.8125,98905.921875,100346.984375,101650.5703125,102810.65625,103821.9921875,104680.046875,105380.8125,105921.1328125,106298.4375,106511.0625,106557.875,106438.7890625,106154.234375,105705.640625,105094.9375,104325.0390625,103399.421875,102761.7734375,101968.9375,0,0,0,0,0,0,0,0,0,0,0,0,0,0,0,0,0,0,0,0,0,0,0
0,0,0,0,0,0,1290,12902,212902,112902,11354.7900390625,39,41,1983,1981,0,0,0,0,0,0,0,0,0,0,0,0,0,0,0,0,0,0,0,0,0,0,0,0,0,0,0,0,0,0,0,0,0,1,2,3,4,5,6,7,8,9,10,11,12,13,14,15,16,17,18,19,20,21,22,23,24,25,26,27,28,29,30,31,32,33,34,35,36,37,38,39,40,41,42,43,44,45,46,47,48,49,50,51,52,53,54,55,56,57,58,59,60,61,62,63,64,65,66,67,68,69,70,71,72,73,74,75,76,77,78,79,80,81,82,83,84,85,86,87,88,89,90,91,92,93,94,95,96,97,98,99,100,101,102,103,104,105,106,107,108,109,110,111,112,113,114,115,116,117,118,119,120,121,122,123,124,125,126,127,128,129,130,131,132,133,134,135,136,137,138,139,140,2,1,1,2040,2040,2,2022,0,0,0,0,0,0,0,0,0,0,0,0,0,0,0,0,0,0,0,0,0,0,0,0,0,0,0,0,0,0,0,0,0,0,0,0,0,0,0,0,0,0,0,0,0,0,0,0,0,0,0,0,0,0,0,0,0,0,0,0,0,0,10000.9365234375,10524.4677734375,10925.5185546875,11417.94140625,12000.3935546875,12630.2197265625,13193.04296875,13711.583984375,14663.126953125,16000,16985.791015625,17818.3203125,18577.12890625,19299.3125,20002.88671875,20701.2421875,21396.076171875,22081.84765625,22754.7890625,23411.958984375,24050.8125,24668.73046875,25263.189453125,25831.716796875,26371.95703125,26881.607421875,27358.43359375,27800.349609375,0,0,0,0,0,0,0,0,0,0,0,0,0,0,0,0,0,0,0,0,0,0,0,0,0,0,0,0,0,0,0,0,0,0,0,0,0,0,0
0,0,0,0,0,0,1290,12903,112903,212903,11354.5498046875,41,39,1981,1983,0,0,0,0,0,0,0,0,0,0,0,0,0,0,0,0,0,0,0,0,0,0,0,0,0,0,0,0,0,0,0,1,2,3,4,5,6,7,8,9,10,11,12,13,14,15,16,17,18,19,20,21,22,23,24,25,26,27,28,29,30,31,32,33,34,35,36,37,38,39,40,41,42,43,44,45,46,47,48,49,50,51,52,53,54,55,56,57,58,59,60,61,62,63,64,65,66,67,68,69,70,71,72,73,74,75,76,77,78,79,80,81,82,83,84,85,86,87,88,89,90,91,92,93,94,95,96,97,98,99,100,101,102,103,104,105,106,107,108,109,110,111,112,113,114,115,116,117,118,119,120,121,122,123,124,125,126,127,128,129,130,131,132,133,134,135,136,137,138,139,140,141,142,1,2,1,2050,2050,1,2022,0,0,0,0,0,0,0,0,0,0,0,0,0,0,0,0,0,0,0,0,0,0,0,0,0,0,0,0,0,0,0,0,0,0,0,0,0,0,0,0,0,0,0,0,0,0,0,0,0,0,0,110479.4453125,118721.28125,127854.5703125,138010.78125,148648.0625,159467.015625,191506.421875,199125.046875,211013.890625,224886.53125,237743.890625,249600,0,0,0,47140.6640625,49460.34375,51503.61328125,53361.25,56886.734375,61880,65488.08984375,68484.0390625,71178.2421875,73715.046875,76164.578125,78578.4140625,80963.0859375,83297.9609375,85569.2734375,87766.515625,89880.7890625,91903.0703125,93824.7578125,95637.5859375,97333.8125,98905.921875,100346.984375,101650.5703125,102810.65625,103821.9921875,104680.046875,105380.8125,105921.1328125,106298.4375,106511.0625,106557.875,106438.7890625,106154.234375,0,0,0,0,0,0,0,0,0,0,0,0,0,0,0,0,0,0,0,0,0,0,0,0,0,0,0,0,0
0,0,0,0,0,0,1290,12903,212903,112903,11354.5498046875,39,41,1983,1981,0,0,0,0,0,0,0,0,0,0,0,0,0,0,0,0,0,0,0,0,0,0,0,0,0,0,0,0,0,0,0,0,0,1,2,3,4,5,6,7,8,9,10,11,12,13,14,15,16,17,18,19,20,21,22,23,24,25,26,27,28,29,30,31,32,33,34,35,36,37,38,39,40,41,42,43,44,45,46,47,48,49,50,51,52,53,54,55,56,57,58,59,60,61,62,63,64,65,66,67,68,69,70,71,72,73,74,75,76,77,78,79,80,81,82,83,84,85,86,87,88,89,90,91,92,93,94,95,96,97,98,99,100,101,102,103,104,105,106,107,108,109,110,111,112,113,114,115,116,117,118,119,120,121,122,123,124,125,126,127,128,129,130,131,132,133,134,135,136,137,138,139,140,2,1,1,2040,2040,2,2022,0,0,0,0,0,0,0,0,0,0,0,0,0,0,0,0,0,0,0,0,0,0,0,0,0,0,0,0,0,0,0,0,0,0,0,0,0,0,0,0,0,0,0,0,0,0,0,0,0,0,0,0,0,0,0,0,0,0,0,0,0,0,9375.8828125,9866.693359375,10242.6787109375,10704.3251953125,11250.375,11840.8369140625,12368.484375,12854.6162109375,13746.6884765625,15000,15924.1875,16704.68359375,17416.068359375,18093.115234375,18752.71484375,19407.423828125,20058.83203125,20701.7421875,21332.626953125,21948.72265625,22547.6484375,23126.947265625,23684.251953125,24217.24609375,24723.72265625,25201.51953125,25648.544921875,26062.841796875,0,0,0,0,0,0,0,0,0,0,0,0,0,0,0,0,0,0,0,0,0,0,0,0,0,0,0,0,0,0,0,0,0,0,0,0,0,0,0
0,0,0,0,0,0,1290,12904,112904,212904,12031.443359375,41,39,1981,1983,0,0,0,0,0,0,0,0,0,0,0,0,0,0,0,0,0,0,0,0,0,0,0,0,0,0,0,0,0,0,0,1,2,3,4,5,6,7,8,9,10,11,12,13,14,15,16,17,18,19,20,21,22,23,24,25,26,27,28,29,30,31,32,33,34,35,36,37,38,39,40,41,42,43,44,45,46,47,48,49,50,51,52,53,54,55,56,57,58,59,60,61,62,63,64,65,66,67,68,69,70,71,72,73,74,75,76,77,78,79,80,81,82,83,84,85,86,87,88,89,90,91,92,93,94,95,96,97,98,99,100,101,102,103,104,105,106,107,108,109,110,111,112,113,114,115,116,117,118,119,120,121,122,123,124,125,126,127,128,129,130,131,132,133,134,135,136,137,138,139,140,141,142,1,2,1,2046,2046,1,2022,0,0,0,0,0,0,0,0,0,0,0,0,0,0,0,0,0,0,0,0,0,0,0,0,0,0,0,0,0,0,0,0,0,0,0,0,0,0,0,0,0,0,0,0,0,0,0,0,0,0,0,110479.4453125,118721.28125,127854.453125,138010.78125,148648.0625,159467.015625,191506.421875,199125.046875,211013.890625,224886.53125,237743.890625,249600,0,0,0,47140.6640625,49460.34375,51503.61328125,53361.25,56886.734375,61880,65488.08984375,68484.0390625,71178.2421875,73715.046875,76164.6484375,78578.4140625,80963.0859375,83297.9609375,85569.2734375,87766.515625,89880.7890625,91903.0703125,93824.7578125,95637.5859375,97333.8125,98905.921875,100346.984375,101650.5703125,102810.65625,103821.9921875,104680.046875,105380.8125,105921.1328125,106298.4375,0,0,0,0,0,0,0,0,0,0,0,0,0,0,0,0,0,0,0,0,0,0,0,0,0,0,0,0,0,0,0,0,0
0,0,0,0,0,0,1290,12904,212904,112904,12031.443359375,39,41,1983,1981,0,0,0,0,0,0,0,0,0,0,0,0,0,0,0,0,0,0,0,0,0,0,0,0,0,0,0,0,0,0,0,0,0,1,2,3,4,5,6,7,8,9,10,11,12,13,14,15,16,17,18,19,20,21,22,23,24,25,26,27,28,29,30,31,32,33,34,35,36,37,38,39,40,41,42,43,44,45,46,47,48,49,50,51,52,53,54,55,56,57,58,59,60,61,62,63,64,65,66,67,68,69,70,71,72,73,74,75,76,77,78,79,80,81,82,83,84,85,86,87,88,89,90,91,92,93,94,95,96,97,98,99,100,101,102,103,104,105,106,107,108,109,110,111,112,113,114,115,116,117,118,119,120,121,122,123,124,125,126,127,128,129,130,131,132,133,134,135,136,137,138,139,140,2,1,1,2040,2040,2,2022,0,0,0,0,0,0,0,0,0,0,0,0,0,0,0,0,0,0,0,0,0,0,0,0,0,0,0,0,0,0,0,0,0,0,0,0,0,0,0,0,0,0,0,0,0,0,0,0,0,0,0,0,0,0,0,0,0,0,0,0,0,0,9375.8916015625,9866.693359375,10242.6787109375,10704.3251953125,11250.375,11840.8369140625,12368.484375,12854.6162109375,13746.6884765625,15000,15924.1875,16704.68359375,17416.068359375,18093.115234375,18752.71484375,19407.423828125,20058.83203125,20701.7421875,21332.626953125,21948.72265625,22547.6484375,23126.947265625,23684.251953125,24217.24609375,24723.72265625,25201.51953125,25648.544921875,26062.841796875,0,0,0,0,0,0,0,0,0,0,0,0,0,0,0,0,0,0,0,0,0,0,0,0,0,0,0,0,0,0,0,0,0,0,0,0,0,0,0
0,0,0,0,0,0,1290,12905,112905,212905,11953.03125,41,39,1981,1983,0,0,0,0,0,0,0,0,0,0,0,0,0,0,0,0,0,0,0,0,0,0,0,0,0,0,0,0,0,0,0,1,2,3,4,5,6,7,8,9,10,11,12,13,14,15,16,17,18,19,20,21,22,23,24,25,26,27,28,29,30,31,32,33,34,35,36,37,38,39,40,41,42,43,44,45,46,47,48,49,50,51,52,53,54,55,56,57,58,59,60,61,62,63,64,65,66,67,68,69,70,71,72,73,74,75,76,77,78,79,80,81,82,83,84,85,86,87,88,89,90,91,92,93,94,95,96,97,98,99,100,101,102,103,104,105,106,107,108,109,110,111,112,113,114,115,116,117,118,119,120,121,122,123,124,125,126,127,128,129,130,131,132,133,134,135,136,137,138,139,140,141,142,1,2,1,9999,9999,1,2022,0,0,0,0,0,0,0,0,0,0,0,0,0,0,0,0,0,0,0,0,0,0,0,0,0,0,0,0,0,0,0,0,0,0,0,0,0,0,0,0,0,0,0,0,0,0,0,0,0,0,0,110479.4453125,118721.28125,127854.453125,138010.78125,148648.0625,159467.015625,191506.421875,199125.046875,211013.890625,224886.53125,237743.890625,249600,0,0,0,47140.6640625,49460.34375,51503.61328125,53361.25,56886.734375,61880,65488.08984375,68484.0390625,71178.2421875,73715.046875,76164.6484375,78578.4140625,80963.0859375,83297.9609375,85569.2734375,87766.515625,89880.7890625,91903.0703125,93824.7578125,95637.5859375,97333.8125,98905.921875,100346.984375,101650.5703125,102810.65625,103821.9921875,104680.046875,105380.8125,105921.1328125,106298.4375,106511.0625,106557.875,106438.7890625,106154.234375,105705.640625,105094.9375,104325.0390625,103399.421875,102761.7734375,101968.9375,0,0,0,0,0,0,0,0,0,0,0,0,0,0,0,0,0,0,0,0,0,0,0
0,0,0,0,0,0,1290,12905,212905,112905,11953.03125,39,41,1983,1981,0,0,0,0,0,0,0,0,0,0,0,0,0,0,0,0,0,0,0,0,0,0,0,0,0,0,0,0,0,0,0,0,0,1,2,3,4,5,6,7,8,9,10,11,12,13,14,15,16,17,18,19,20,21,22,23,24,25,26,27,28,29,30,31,32,33,34,35,36,37,38,39,40,41,42,43,44,45,46,47,48,49,50,51,52,53,54,55,56,57,58,59,60,61,62,63,64,65,66,67,68,69,70,71,72,73,74,75,76,77,78,79,80,81,82,83,84,85,86,87,88,89,90,91,92,93,94,95,96,97,98,99,100,101,102,103,104,105,106,107,108,109,110,111,112,113,114,115,116,117,118,119,120,121,122,123,124,125,126,127,128,129,130,131,132,133,134,135,136,137,138,139,140,2,1,1,2040,2040,2,2022,0,0,0,0,0,0,0,0,0,0,0,0,0,0,0,0,0,0,0,0,0,0,0,0,0,0,0,0,0,0,0,0,0,0,0,0,0,0,0,0,0,0,0,0,0,0,0,0,0,0,0,0,0,0,0,0,0,0,0,0,0,0,9375.8916015625,9866.693359375,10242.6787109375,10704.3251953125,11250.375,11840.8369140625,12368.484375,12854.6162109375,13746.6884765625,15000,15924.1875,16704.68359375,17416.068359375,18093.115234375,18752.71484375,19407.423828125,20058.83203125,20701.7421875,21332.626953125,21948.72265625,22547.6484375,23126.947265625,23684.251953125,24217.24609375,24723.72265625,25201.51953125,25648.544921875,26062.841796875,0,0,0,0,0,0,0,0,0,0,0,0,0,0,0,0,0,0,0,0,0,0,0,0,0,0,0,0,0,0,0,0,0,0,0,0,0,0,0
1,1200,4,0,0,0,1588,15881,115881,0,20768.86328125,78,0,1944,0,7,8,9,10,11,12,13,14,15,16,17,18,19,20,21,22,23,24,25,26,27,28,29,30,31,32,33,34,35,36,37,38,39,40,41,42,43,44,45,46,47,48,49,50,51,52,53,54,55,56,57,58,59,60,61,62,63,64,65,66,67,68,69,70,71,72,73,74,75,76,77,78,79,80,81,82,83,84,85,86,87,88,89,90,91,92,93,94,95,96,97,98,99,100,101,102,103,104,105,106,107,108,109,110,111,112,113,114,115,116,117,118,119,120,121,122,123,124,125,126,127,128,129,130,131,132,133,134,135,136,137,138,139,140,141,142,143,144,145,146,147,148,149,150,151,152,153,154,155,156,157,158,159,160,161,162,163,164,165,166,167,168,169,170,171,172,173,174,175,176,177,178,179,2,0,0,,,1,2022,0,0,0,0,0,0,0,0,0,0,0,0,0,0,0,0,0,0,0,971.38262939453125,1057.527587890625,1140.27783203125,1251.031005859375,1435.75048828125,1614.2655029296875,1764.459228515625,1944.2567138671875,2148.0947265625,2412.31787109375,2751.631591796875,3082.58203125,3340.229248046875,3569.223388671875,3790.601806640625,4008.239990234375,4178.07861328125,4387.2587890625,4636.25048828125,4913.33251953125,5200,0,0,0,6004.41357421875,6167.43408203125,6327.02880859375,6455.40576171875,6515.06298828125,6608.12646484375,6762.7392578125,6874.86376953125,6930.681640625,7030.31103515625,7146.84130859375,7282.20361328125,7403.90673828125,7497.64501953125,7609.80419921875,7469.09423828125,7471.44482421875,7516.39013671875,7500.79248046875,7433.51806640625,7361.2548828125,6438.36376953125,6331.6904296875,6262.1708984375,6202.09912109375,6096.36181640625,0,0,0,0,0,0,0,0,0,0,0,0,0,0,0,0,0,0,0,0,0,0,0,0,0,0,0,0,0,0,0,0,0,0,0,0,0,0,0,0,0,0,0,0,0,0,0,0,0,0,0,0,0,0,0,0,0,0,0,0
1,1200,4,0,0,0,1588,15882,115882,0,20682.09375,78,0,1944,0,7,8,9,10,11,12,13,14,15,16,17,18,19,20,21,22,23,24,25,26,27,28,29,30,31,32,33,34,35,36,37,38,39,40,41,42,43,44,45,46,47,48,49,50,51,52,53,54,55,56,57,58,59,60,61,62,63,64,65,66,67,68,69,70,71,72,73,74,75,76,77,78,79,80,81,82,83,84,85,86,87,88,89,90,91,92,93,94,95,96,97,98,99,100,101,102,103,104,105,106,107,108,109,110,111,112,113,114,115,116,117,118,119,120,121,122,123,124,125,126,127,128,129,130,131,132,133,134,135,136,137,138,139,140,141,142,143,144,145,146,147,148,149,150,151,152,153,154,155,156,157,158,159,160,161,162,163,164,165,166,167,168,169,170,171,172,173,174,175,176,177,178,179,2,0,0,,,1,2022,0,0,0,0,0,0,0,0,0,0,0,0,0,0,0,0,0,0,0,971.38262939453125,1057.527587890625,1140.27783203125,1251.031005859375,1435.75048828125,1614.2655029296875,1764.459228515625,1944.2567138671875,2148.0947265625,2412.31787109375,2751.631591796875,3082.58203125,3340.229248046875,3569.223388671875,3790.601806640625,4008.239990234375,4178.07861328125,4387.2587890625,4636.25048828125,4913.33251953125,5200,0,0,0,6004.41357421875,6167.43408203125,6327.02880859375,6455.40576171875,6515.06298828125,6608.12646484375,6762.7392578125,6874.86376953125,6930.681640625,7030.31103515625,7146.84130859375,7282.20361328125,7403.90673828125,7497.64501953125,7609.80419921875,7469.09423828125,7471.44482421875,7516.39013671875,7500.79248046875,7433.51806640625,7361.2548828125,6438.36376953125,6331.6904296875,6262.1708984375,6202.09912109375,6096.36181640625,0,0,0,0,0,0,0,0,0,0,0,0,0,0,0,0,0,0,0,0,0,0,0,0,0,0,0,0,0,0,0,0,0,0,0,0,0,0,0,0,0,0,0,0,0,0,0,0,0,0,0,0,0,0,0,0,0,0,0,0
1,1200,4,0,0,0,1588,15883,115883,0,20583.875,78,0,1944,0,7,8,9,10,11,12,13,14,15,16,17,18,19,20,21,22,23,24,25,26,27,28,29,30,31,32,33,34,35,36,37,38,39,40,41,42,43,44,45,46,47,48,49,50,51,52,53,54,55,56,57,58,59,60,61,62,63,64,65,66,67,68,69,70,71,72,73,74,75,76,77,78,79,80,81,82,83,84,85,86,87,88,89,90,91,92,93,94,95,96,97,98,99,100,101,102,103,104,105,106,107,108,109,110,111,112,113,114,115,116,117,118,119,120,121,122,123,124,125,126,127,128,129,130,131,132,133,134,135,136,137,138,139,140,141,142,143,144,145,146,147,148,149,150,151,152,153,154,155,156,157,158,159,160,161,162,163,164,165,166,167,168,169,170,171,172,173,174,175,176,177,178,179,2,0,0,,,1,2022,0,0,0,0,0,0,0,0,0,0,0,0,0,0,0,0,0,0,0,971.38262939453125,1057.527587890625,1140.27783203125,1251.031005859375,1435.75048828125,1614.2655029296875,1764.459228515625,1944.2567138671875,2148.0947265625,2412.31787109375,2751.631591796875,3082.58203125,3340.229248046875,3569.223388671875,3790.601806640625,4008.239990234375,4178.07861328125,4387.2587890625,4636.25048828125,4913.33251953125,5200,0,0,0,6004.41357421875,6167.43408203125,6327.02880859375,6455.40576171875,6515.06298828125,6608.12646484375,6762.7392578125,6874.86376953125,6930.681640625,7030.31103515625,7146.84130859375,7282.20361328125,7403.90673828125,7497.64501953125,7609.80419921875,7469.09423828125,7471.44482421875,7516.39013671875,7500.79248046875,7433.51806640625,7361.2548828125,6438.36376953125,6331.6904296875,6262.1708984375,6202.09912109375,6096.36181640625,0,0,0,0,0,0,0,0,0,0,0,0,0,0,0,0,0,0,0,0,0,0,0,0,0,0,0,0,0,0,0,0,0,0,0,0,0,0,0,0,0,0,0,0,0,0,0,0,0,0,0,0,0,0,0,0,0,0,0,0
1,1300,4,0,0,0,1588,15884,115884,0,20612.38671875,78,0,1944,0,7,8,9,10,11,12,13,14,15,16,17,18,19,20,21,22,23,24,25,26,27,28,29,30,31,32,33,34,35,36,37,38,39,40,41,42,43,44,45,46,47,48,49,50,51,52,53,54,55,56,57,58,59,60,61,62,63,64,65,66,67,68,69,70,71,72,73,74,75,76,77,78,79,80,81,82,83,84,85,86,87,88,89,90,91,92,93,94,95,96,97,98,99,100,101,102,103,104,105,106,107,108,109,110,111,112,113,114,115,116,117,118,119,120,121,122,123,124,125,126,127,128,129,130,131,132,133,134,135,136,137,138,139,140,141,142,143,144,145,146,147,148,149,150,151,152,153,154,155,156,157,158,159,160,161,162,163,164,165,166,167,168,169,170,171,172,173,174,175,176,177,178,179,2,0,0,,,1,2022,0,0,0,0,0,0,0,0,0,0,0,0,0,0,0,0,0,0,0,971.38262939453125,1057.527587890625,1140.27783203125,1251.031005859375,1435.75048828125,1614.2655029296875,1764.459228515625,1944.2567138671875,2148.0947265625,2412.31787109375,2751.631591796875,3082.58203125,3340.229248046875,3569.223388671875,3790.601806640625,4008.239990234375,4178.07861328125,4387.2587890625,4636.25048828125,4913.33251953125,5200,0,0,0,6004.41357421875,6167.43408203125,6327.02880859375,6455.40576171875,6515.06298828125,6608.12646484375,6762.7392578125,6874.86376953125,6930.681640625,7030.31103515625,7146.84130859375,7282.20361328125,7403.90673828125,7497.64501953125,7609.80419921875,7469.09423828125,7471.44482421875,7516.39013671875,7500.79248046875,7433.51806640625,7361.2548828125,6438.36376953125,6331.6904296875,6262.1708984375,6202.09912109375,6096.36181640625,0,0,0,0,0,0,0,0,0,0,0,0,0,0,0,0,0,0,0,0,0,0,0,0,0,0,0,0,0,0,0,0,0,0,0,0,0,0,0,0,0,0,0,0,0,0,0,0,0,0,0,0,0,0,0,0,0,0,0,0
1,1200,4,0,0,0,1588,15885,115885,0,20595.013671875,78,0,1944,0,7,8,9,10,11,12,13,14,15,16,17,18,19,20,21,22,23,24,25,26,27,28,29,30,31,32,33,34,35,36,37,38,39,40,41,42,43,44,45,46,47,48,49,50,51,52,53,54,55,56,57,58,59,60,61,62,63,64,65,66,67,68,69,70,71,72,73,74,75,76,77,78,79,80,81,82,83,84,85,86,87,88,89,90,91,92,93,94,95,96,97,98,99,100,101,102,103,104,105,106,107,108,109,110,111,112,113,114,115,116,117,118,119,120,121,122,123,124,125,126,127,128,129,130,131,132,133,134,135,136,137,138,139,140,141,142,143,144,145,146,147,148,149,150,151,152,153,154,155,156,157,158,159,160,161,162,163,164,165,166,167,168,169,170,171,172,173,174,175,176,177,178,179,2,0,0,,,1,2022,0,0,0,0,0,0,0,0,0,0,0,0,0,0,0,0,0,0,0,971.38262939453125,1057.527587890625,1140.27783203125,1251.031005859375,1435.75048828125,1614.2655029296875,1764.459228515625,1944.2567138671875,2148.0947265625,2412.31787109375,2751.631591796875,3082.58203125,3340.229248046875,3569.223388671875,3790.601806640625,4008.239990234375,4178.07861328125,4387.2587890625,4636.25048828125,4913.33251953125,5200,0,0,0,6004.41357421875,6167.43408203125,6327.02880859375,6455.40576171875,6515.06298828125,6608.12646484375,6762.7392578125,6874.86376953125,6930.681640625,7030.31103515625,7146.84130859375,7282.20361328125,7403.90673828125,7497.64501953125,7609.80419921875,7469.09423828125,7471.44482421875,7516.39013671875,7500.79248046875,7433.51806640625,7361.2548828125,6438.36376953125,6331.6904296875,6262.1708984375,6202.09912109375,6096.36181640625,0,0,0,0,0,0,0,0,0,0,0,0,0,0,0,0,0,0,0,0,0,0,0,0,0,0,0,0,0,0,0,0,0,0,0,0,0,0,0,0,0,0,0,0,0,0,0,0,0,0,0,0,0,0,0,0,0,0,0,0
0,0,0,0,0,0,1913,19131,119131,219131,59.18400192260742,85,80,1937,1942,14,15,16,17,18,19,20,21,22,23,24,25,26,27,28,29,30,31,32,33,34,35,36,37,38,39,40,41,42,43,44,45,46,47,48,49,50,51,52,53,54,55,56,57,58,59,60,61,62,63,64,65,66,67,68,69,70,71,72,73,74,75,76,77,78,79,80,81,82,83,84,85,86,87,88,89,90,91,92,93,94,95,96,97,98,99,100,101,102,103,104,105,106,107,108,109,110,111,112,113,114,115,116,117,118,119,120,121,122,123,124,125,126,127,128,129,130,131,132,133,134,135,136,137,138,139,140,141,142,143,144,145,146,147,148,149,150,151,152,153,154,155,156,157,158,159,160,161,162,163,164,165,166,167,168,169,170,171,172,173,174,175,176,177,178,179,180,181,182,183,184,185,186,1,2,1,2028,2028,1,2022,0,0,0,0,0,0,0,0,0,0,0,0,6718.826171875,7118.15087890625,7528.9501953125,8036.27099609375,8563.021484375,9234.5654296875,10000,0,0,0,62064.86328125,70456.0234375,78356.515625,84717.515625,92337.0859375,100910.7421875,112093.265625,126472.5546875,140146.296875,150212.03125,158768.0625,166785.765625,174447.828125,179866.171875,186821.796875,195282.15625,204707.0625,214299.515625,221747.34375,227591.90625,232832.109375,236882.578125,240673.375,244221.765625,246473.09375,246051.265625,246857.5,249892.046875,251278.015625,250569.25,251413.015625,252806.578125,254799.4375,256246.296875,256674.390625,257687.03125,250177.375,247540.40625,246326.65625,243147.984375,0,0,0,0,0,0,0,0,0,200000,0,0,0,0,0,0,0,0,0,0,0,0,0,0,0,0,0,0,0,0,0,0,0,0,0,0,0,0,0,0,0,0,0,0,0,0,0,0,0,0,0,0,0,0,0,0,0,0,0,0,0,0,0,0,0,0,0
0,0,0,0,0,0,1913,19131,219131,119131,59.18400192260742,80,85,1942,1937,9,10,11,12,13,14,15,16,17,18,19,20,21,22,23,24,25,26,27,28,29,30,31,32,33,34,35,36,37,38,39,40,41,42,43,44,45,46,47,48,49,50,51,52,53,54,55,56,57,58,59,60,61,62,63,64,65,66,67,68,69,70,71,72,73,74,75,76,77,78,79,80,81,82,83,84,85,86,87,88,89,90,91,92,93,94,95,96,97,98,99,100,101,102,103,104,105,106,107,108,109,110,111,112,113,114,115,116,117,118,119,120,121,122,123,124,125,126,127,128,129,130,131,132,133,134,135,136,137,138,139,140,141,142,143,144,145,146,147,148,149,150,151,152,153,154,155,156,157,158,159,160,161,162,163,164,165,166,167,168,169,170,171,172,173,174,175,176,177,178,179,180,181,2,1,1,,,2,2022,0,0,0,0,0,0,0,0,0,5286.22119140625,5656.6259765625,6051.369140625,6464.78515625,6912.48486328125,7378.7939453125,7948.162109375,8546.2890625,9300,0,0,0,0,0,0,0,0,0,0,0,0,0,0,0,0,0,0,0,0,0,0,0,0,0,0,0,0,0,0,0,0,0,0,0,0,0,0,0,0,0,0,0,0,0,0,0,0,0,0,0,0,0,0,0,0,0,0,0,0,0,0,0,0,0,0,0,0,0,0,0,0,0,0,0,0,0,0,0,0,0,0,0,0,0,0,0,0,0,0,0,0,0,0,0,0,0,0,0,0,0,0,0,0,0,0,0,0,0,0,0
0,0,0,0,0,0,1913,19132,119132,219132,59.84587860107422,85,80,1937,1942,14,15,16,17,18,19,20,21,22,23,24,25,26,27,28,29,30,31,32,33,34,35,36,37,38,39,40,41,42,43,44,45,46,47,48,49,50,51,52,53,54,55,56,57,58,59,60,61,62,63,64,65,66,67,68,69,70,71,72,73,74,75,76,77,78,79,80,81,82,83,84,85,86,87,88,89,90,91,92,93,94,95,96,97,98,99,100,101,102,103,104,105,106,107,108,109,110,111,112,113,114,115,116,117,118,119,120,121,122,123,124,125,126,127,128,129,130,131,132,133,134,135,136,137,138,139,140,141,142,143,144,145,146,147,148,149,150,151,152,153,154,155,156,157,158,159,160,161,162,163,164,165,166,167,168,169,170,171,172,173,174,175,176,177,178,179,180,181,182,183,184,185,186,1,2,1,2028,2028,1,2022,0,0,0,0,0,0,0,0,0,0,0,0,6718.826171875,7118.15087890625,7528.9501953125,8036.27099609375,8563.021484375,9234.5654296875,10000,0,0,0,62064.86328125,70456.0234375,78356.515625,84717.515625,92337.0859375,100910.7421875,112093.265625,126472.5546875,140146.296875,150212.03125,158768.0625,166785.765625,174447.828125,179866.171875,186821.796875,195282.15625,204707.0625,214299.515625,221747.34375,227591.90625,232832.109375,236882.578125,240673.375,244221.765625,246473.09375,246051.265625,246857.5,249892.046875,251278.015625,250569.25,251413.015625,252806.578125,254799.4375,256246.296875,256674.390625,257687.03125,250177.375,247540.40625,246326.65625,243147.984375,0,0,0,0,0,0,0,0,0,200000,0,0,0,0,0,0,0,0,0,0,0,0,0,0,0,0,0,0,0,0,0,0,0,0,0,0,0,0,0,0,0,0,0,0,0,0,0,0,0,0,0,0,0,0,0,0,0,0,0,0,0,0,0,0,0,0,0
0,0,0,0,0,0,1913,19132,219132,119132,59.84587860107422,80,85,1942,1937,9,10,11,12,13,14,15,16,17,18,19,20,21,22,23,24,25,26,27,28,29,30,31,32,33,34,35,36,37,38,39,40,41,42,43,44,45,46,47,48,49,50,51,52,53,54,55,56,57,58,59,60,61,62,63,64,65,66,67,68,69,70,71,72,73,74,75,76,77,78,79,80,81,82,83,84,85,86,87,88,89,90,91,92,93,94,95,96,97,98,99,100,101,102,103,104,105,106,107,108,109,110,111,112,113,114,115,116,117,118,119,120,121,122,123,124,125,126,127,128,129,130,131,132,133,134,135,136,137,138,139,140,141,142,143,144,145,146,147,148,149,150,151,152,153,154,155,156,157,158,159,160,161,162,163,164,165,166,167,168,169,170,171,172,173,174,175,176,177,178,179,180,181,2,1,1,,,2,2022,0,0,0,0,0,0,0,0,0,5684.109375,6082.39404296875,6506.84912109375,6951.3828125,7432.77978515625,7934.1875,8546.412109375,9189.55859375,10000,0,0,0,0,0,0,0,0,0,0,0,0,0,0,0,0,0,0,0,0,0,0,0,0,0,0,0,0,0,0,0,0,0,0,0,0,0,0,0,0,0,0,0,0,0,0,0,0,0,0,0,0,0,0,0,0,0,0,0,0,0,0,0,0,0,0,0,0,0,0,0,0,0,0,0,0,0,0,0,0,0,0,0,0,0,0,0,0,0,0,0,0,0,0,0,0,0,0,0,0,0,0,0,0,0,0,0,0,0,0,0
0,0,0,0,0,0,1913,19133,119133,219133,60.13472366333008,85,80,1937,1942,14,15,16,17,18,19,20,21,22,23,24,25,26,27,28,29,30,31,32,33,34,35,36,37,38,39,40,41,42,43,44,45,46,47,48,49,50,51,52,53,54,55,56,57,58,59,60,61,62,63,64,65,66,67,68,69,70,71,72,73,74,75,76,77,78,79,80,81,82,83,84,85,86,87,88,89,90,91,92,93,94,95,96,97,98,99,100,101,102,103,104,105,106,107,108,109,110,111,112,113,114,115,116,117,118,119,120,121,122,123,124,125,126,127,128,129,130,131,132,133,134,135,136,137,138,139,140,141,142,143,144,145,146,147,148,149,150,151,152,153,154,155,156,157,158,159,160,161,162,163,164,165,166,167,168,169,170,171,172,173,174,175,176,177,178,179,180,181,182,183,184,185,186,1,2,1,2028,2028,1,2022,0,0,0,0,0,0,0,0,0,0,0,0,6718.826171875,7118.15087890625,7528.9501953125,8036.27099609375,8563.021484375,9234.5654296875,10000,0,0,0,64547.46484375,73274.2734375,81490.78125,88106.21875,96030.578125,104947.1875,116577.0078125,131531.46875,145752.171875,156220.53125,165118.796875,173457.21875,181425.75,187060.828125,194294.6875,203093.453125,212895.375,222871.515625,230617.25,236695.609375,242145.421875,246357.90625,250300.328125,253990.65625,256332.03125,255893.34375,256731.8125,259887.765625,261329.15625,260592.046875,261469.5625,262918.875,264991.4375,266496.15625,266941.375,267994.53125,260184.484375,257442.046875,256179.75,252873.921875,0,0,0,0,0,0,0,0,0,208000,0,0,0,0,0,0,0,0,0,0,0,0,0,0,0,0,0,0,0,0,0,0,0,0,0,0,0,0,0,0,0,0,0,0,0,0,0,0,0,0,0,0,0,0,0,0,0,0,0,0,0,0,0,0,0,0,0
0,0,0,0,0,0,1913,19133,219133,119133,60.13472366333008,80,85,1942,1937,9,10,11,12,13,14,15,16,17,18,19,20,21,22,23,24,25,26,27,28,29,30,31,32,33,34,35,36,37,38,39,40,41,42,43,44,45,46,47,48,49,50,51,52,53,54,55,56,57,58,59,60,61,62,63,64,65,66,67,68,69,70,71,72,73,74,75,76,77,78,79,80,81,82,83,84,85,86,87,88,89,90,91,92,93,94,95,96,97,98,99,100,101,102,103,104,105,106,107,108,109,110,111,112,113,114,115,116,117,118,119,120,121,122,123,124,125,126,127,128,129,130,131,132,133,134,135,136,137,138,139,140,141,142,143,144,145,146,147,148,149,150,151,152,153,154,155,156,157,158,159,160,161,162,163,164,165,166,167,168,169,170,171,172,173,174,175,176,177,178,179,180,181,2,1,1,,,2,2022,0,0,0,0,0,0,0,0,0,5684.109375,6082.39404296875,6506.84912109375,6951.3828125,7432.77978515625,7934.1875,8546.412109375,9189.55859375,10000,0,0,0,0,0,0,0,0,0,0,0,0,0,0,0,0,0,0,0,0,0,0,0,0,0,0,0,0,0,0,0,0,0,0,0,0,0,0,0,0,0,0,0,0,0,0,0,0,0,0,0,0,0,0,0,0,0,0,0,0,0,0,0,0,0,0,0,0,0,0,0,0,0,0,0,0,0,0,0,0,0,0,0,0,0,0,0,0,0,0,0,0,0,0,0,0,0,0,0,0,0,0,0,0,0,0,0,0,0,0,0
0,0,0,0,0,0,1913,19134,119134,219134,61.4112663269043,85,80,1937,1942,14,15,16,17,18,19,20,21,22,23,24,25,26,27,28,29,30,31,32,33,34,35,36,37,38,39,40,41,42,43,44,45,46,47,48,49,50,51,52,53,54,55,56,57,58,59,60,61,62,63,64,65,66,67,68,69,70,71,72,73,74,75,76,77,78,79,80,81,82,83,84,85,86,87,88,89,90,91,92,93,94,95,96,97,98,99,100,101,102,103,104,105,106,107,108,109,110,111,112,113,114,115,116,117,118,119,120,121,122,123,124,125,126,127,128,129,130,131,132,133,134,135,136,137,138,139,140,141,142,143,144,145,146,147,148,149,150,151,152,153,154,155,156,157,158,159,160,161,162,163,164,165,166,167,168,169,170,171,172,173,174,175,176,177,178,179,180,181,182,183,184,185,186,1,2,1,2028,2028,1,2022,0,0,0,0,0,0,0,0,0,0,0,0,7390.708984375,7829.9658203125,8281.845703125,8839.8984375,9419.32421875,10158.0224609375,11000,0,0,0,43445.39453125,49319.20703125,54849.55078125,59302.24609375,64635.94921875,70637.5078125,78465.2734375,88530.765625,98102.390625,105148.3984375,111137.6171875,116750.015625,122113.453125,125906.2890625,130775.2265625,136697.484375,143294.921875,150009.640625,155223.109375,159314.296875,162982.4375,165817.765625,168471.328125,170955.203125,172531.125,172235.84375,172800.203125,174924.40625,175894.578125,175398.4375,175989.078125,176964.578125,178359.578125,179372.359375,179672.03125,180380.890625,175124.125,173278.25,172428.625,170203.546875,0,0,0,0,0,0,0,0,0,140000,0,0,0,0,0,0,0,0,0,0,0,0,0,0,0,0,0,0,0,0,0,0,0,0,0,0,0,0,0,0,0,0,0,0,0,0,0,0,0,0,0,0,0,0,0,0,0,0,0,0,0,0,0,0,0,0,0
0,0,0,0,0,0,1913,19134,219134,119134,61.4112663269043,80,85,1942,1937,9,10,11,12,13,14,15,16,17,18,19,20,21,22,23,24,25,26,27,28,29,30,31,32,33,34,35,36,37,38,39,40,41,42,43,44,45,46,47,48,49,50,51,52,53,54,55,56,57,58,59,60,61,62,63,64,65,66,67,68,69,70,71,72,73,74,75,76,77,78,79,80,81,82,83,84,85,86,87,88,89,90,91,92,93,94,95,96,97,98,99,100,101,102,103,104,105,106,107,108,109,110,111,112,113,114,115,116,117,118,119,120,121,122,123,124,125,126,127,128,129,130,131,132,133,134,135,136,137,138,139,140,141,142,143,144,145,146,147,148,149,150,151,152,153,154,155,156,157,158,159,160,161,162,163,164,165,166,167,168,169,170,171,172,173,174,175,176,177,178,179,180,181,2,1,1,,,2,2022,0,0,0,0,0,0,0,0,0,5684.109375,6082.39404296875,6506.84912109375,6951.3828125,7432.77978515625,7934.1875,8546.412109375,9189.55859375,10000,0,0,0,0,0,0,0,0,0,0,0,0,0,0,0,0,0,0,0,0,0,0,0,0,0,0,0,0,0,0,0,0,0,0,0,0,0,0,0,0,0,0,0,0,0,0,0,0,0,0,0,0,0,0,0,0,0,0,0,0,0,0,0,0,0,0,0,0,0,0,0,0,0,0,0,0,0,0,0,0,0,0,0,0,0,0,0,0,0,0,0,0,0,0,0,0,0,0,0,0,0,0,0,0,0,0,0,0,0,0,0
0,0,0,0,0,0,1913,19135,119135,219135,59.7762451171875,85,80,1937,1942,14,15,16,17,18,19,20,21,22,23,24,25,26,27,28,29,30,31,32,33,34,35,36,37,38,39,40,41,42,43,44,45,46,47,48,49,50,51,52,53,54,55,56,57,58,59,60,61,62,63,64,65,66,67,68,69,70,71,72,73,74,75,76,77,78,79,80,81,82,83,84,85,86,87,88,89,90,91,92,93,94,95,96,97,98,99,100,101,102,103,104,105,106,107,108,109,110,111,112,113,114,115,116,117,118,119,120,121,122,123,124,125,126,127,128,129,130,131,132,133,134,135,136,137,138,139,140,141,142,143,144,145,146,147,148,149,150,151,152,153,154,155,156,157,158,159,160,161,162,163,164,165,166,167,168,169,170,171,172,173,174,175,176,177,178,179,180,181,182,183,184,185,186,1,2,1,2028,2028,1,2022,0,0,0,0,0,0,0,0,0,0,0,0,6718.826171875,7118.15087890625,7528.9501953125,8036.27099609375,8563.021484375,9234.5654296875,10000,0,0,0,62064.86328125,70456.0234375,78356.515625,84717.515625,92337.0859375,100910.7421875,112093.265625,126472.5546875,140146.296875,150212.03125,158768.0625,166785.765625,174447.828125,179866.171875,186821.796875,195282.15625,204707.0625,214299.515625,221747.34375,227591.90625,232832.109375,236882.578125,240673.375,244221.765625,246473.09375,246051.265625,246857.5,249892.046875,251278.015625,250569.25,251413.015625,252806.578125,254799.4375,256246.296875,256674.390625,257687.03125,250177.375,247540.40625,246326.65625,243147.984375,0,0,0,0,0,0,0,0,0,200000,0,0,0,0,0,0,0,0,0,0,0,0,0,0,0,0,0,0,0,0,0,0,0,0,0,0,0,0,0,0,0,0,0,0,0,0,0,0,0,0,0,0,0,0,0,0,0,0,0,0,0,0,0,0,0,0,0
0,0,0,0,0,0,1913,19135,219135,119135,59.7762451171875,80,85,1942,1937,9,10,11,12,13,14,15,16,17,18,19,20,21,22,23,24,25,26,27,28,29,30,31,32,33,34,35,36,37,38,39,40,41,42,43,44,45,46,47,48,49,50,51,52,53,54,55,56,57,58,59,60,61,62,63,64,65,66,67,68,69,70,71,72,73,74,75,76,77,78,79,80,81,82,83,84,85,86,87,88,89,90,91,92,93,94,95,96,97,98,99,100,101,102,103,104,105,106,107,108,109,110,111,112,113,114,115,116,117,118,119,120,121,122,123,124,125,126,127,128,129,130,131,132,133,134,135,136,137,138,139,140,141,142,143,144,145,146,147,148,149,150,151,152,153,154,155,156,157,158,159,160,161,162,163,164,165,166,167,168,169,170,171,172,173,174,175,176,177,178,179,180,181,2,1,1,,,2,2022,0,0,0,0,0,0,0,0,0,5684.109375,6082.39404296875,6506.84912109375,6951.3828125,7432.77978515625,7934.1875,8546.412109375,9189.55859375,10000,0,0,0,0,0,0,0,0,0,0,0,0,0,0,0,0,0,0,0,0,0,0,0,0,0,0,0,0,0,0,0,0,0,0,0,0,0,0,0,0,0,0,0,0,0,0,0,0,0,0,0,0,0,0,0,0,0,0,0,0,0,0,0,0,0,0,0,0,0,0,0,0,0,0,0,0,0,0,0,0,0,0,0,0,0,0,0,0,0,0,0,0,0,0,0,0,0,0,0,0,0,0,0,0,0,0,0,0,0,0,0
0,0,0,0,0,0,2104,21041,121041,221041,1253.914306640625,62,56,1960,1966,0,0,0,0,0,0,0,0,0,0,1,2,3,4,5,6,7,8,9,10,11,12,13,14,15,16,17,18,19,20,21,22,23,24,25,26,27,28,29,30,31,32,33,34,35,36,37,38,39,40,41,42,43,44,45,46,47,48,49,50,51,52,53,54,55,56,57,58,59,60,61,62,63,64,65,66,67,68,69,70,71,72,73,74,75,76,77,78,79,80,81,82,83,84,85,86,87,88,89,90,91,92,93,94,95,96,97,98,99,100,101,102,103,104,105,106,107,108,109,110,111,112,113,114,115,116,117,118,119,120,121,122,123,124,125,126,127,128,129,130,131,132,133,134,135,136,137,138,139,140,141,142,143,144,145,146,147,148,149,150,151,152,153,154,155,156,157,158,159,160,161,162,163,1,2,0,2027,2027,1,2022,0,0,0,0,0,0,0,0,0,0,0,0,0,0,0,0,0,0,0,0,0,0,0,0,0,0,0,0,0,0,0,0,0,0,0,0,0,0,0,0,0,33335.3203125,35347.70703125,37275.37109375,39254.31640625,41287.08984375,43188.6796875,44688.57421875,46471.61328125,48760.03125,50820.26953125,52526.7265625,54627.38671875,56935.29296875,59478.796875,62000,92088.1875,95826.25,96429.5234375,98895.9765625,102003.453125,104362.4375,106038.3515625,107659.3984375,107825.9609375,108717.3828125,110239.125,111938.90625,112809.2265625,113114.1015625,104488.8203125,110000,112664.734375,114024.578125,114693.765625,114956.234375,114951.1328125,0,0,0,0,0,0,0,0,0,0,0,0,0,0,0,0,0,0,0,0,0,0,0,0,0,0,0,0,0,0,0,0,0,0,0,0,0,0,0,0,0,0,0,0,0,0,0,0,0,0,0,0
0,0,0,0,0,0,2104,21041,221041,121041,1253.914306640625,56,62,1966,1960,0,0,0,0,0,0,0,0,0,0,0,0,0,0,0,0,1,2,3,4,5,6,7,8,9,10,11,12,13,14,15,16,17,18,19,20,21,22,23,24,25,26,27,28,29,30,31,32,33,34,35,36,37,38,39,40,41,42,43,44,45,46,47,48,49,50,51,52,53,54,55,56,57,58,59,60,61,62,63,64,65,66,67,68,69,70,71,72,73,74,75,76,77,78,79,80,81,82,83,84,85,86,87,88,89,90,91,92,93,94,95,96,97,98,99,100,101,102,103,104,105,106,107,108,109,110,111,112,113,114,115,116,117,118,119,120,121,122,123,124,125,126,127,128,129,130,131,132,133,134,135,136,137,138,139,140,141,142,143,144,145,146,147,148,149,150,151,152,153,154,155,156,157,2,1,0,2029,2029,2,2022,0,0,0,0,0,0,0,0,0,0,0,0,0,0,0,0,0,0,0,0,0,0,0,0,0,0,0,0,0,0,0,0,0,0,0,0,0,0,0,0,0,0,0,0,0,0,0,16390.7578125,17204.8984375,18221.751953125,19170.125,20000,0,0,0,54080.67578125,66004.671875,80740.671875,82012.515625,84900.5625,88391.1171875,91285.078125,93622.5234375,95946.9453125,96998.3515625,98719.2421875,101041.6484375,103563.6953125,105349.7109375,106627.0234375,111044.625,118000,121994.25,124626.8515625,126536.3203125,128017.6171875,129214.6875,130228.8828125,131079.984375,0,0,0,0,0,0,0,0,0,0,0,0,0,0,0,0,0,0,0,0,0,0,0,0,0,0,0,0,0,0,0,0,0,0,0,0,0,0,0,0,0,0,0,0,0,0,0,0,0,0
0,0,0,0,0,0,2104,21042,121042,221042,1365.225830078125,62,56,1960,1966,0,0,0,0,0,0,0,0,0,0,1,2,3,4,5,6,7,8,9,10,11,12,13,14,15,16,17,18,19,20,21,22,23,24,25,26,27,28,29,30,31,32,33,34,35,36,37,38,39,40,41,42,43,44,45,46,47,48,49,50,51,52,53,54,55,56,57,58,59,60,61,62,63,64,65,66,67,68,69,70,71,72,73,74,75,76,77,78,79,80,81,82,83,84,85,86,87,88,89,90,91,92,93,94,95,96,97,98,99,100,101,102,103,104,105,106,107,108,109,110,111,112,113,114,115,116,117,118,119,120,121,122,123,124,125,126,127,128,129,130,131,132,133,134,135,136,137,138,139,140,141,142,143,144,145,146,147,148,149,150,151,152,153,154,155,156,157,158,159,160,161,162,163,1,2,0,2027,2027,1,2022,0,0,0,0,0,0,0,0,0,0,0,0,0,0,0,0,0,0,0,0,0,0,0,0,0,0,0,0,0,0,0,0,0,0,0,0,0,0,0,0,0,33335.3203125,35347.70703125,37275.37109375,39254.31640625,41287.08984375,43188.6796875,44688.57421875,46471.61328125,48760.03125,50820.26953125,52526.7265625,54627.38671875,56935.29296875,59478.796875,62000,92088.1875,95826.25,96429.5234375,98895.9765625,102003.453125,104362.4375,106038.3515625,107659.3984375,107825.9609375,108717.3828125,110239.125,111938.90625,112809.2265625,113114.1015625,104488.8203125,110000,112664.734375,114024.578125,114693.765625,114956.234375,114951.1328125,0,0,0,0,0,0,0,0,0,0,0,0,0,0,0,0,0,0,0,0,0,0,0,0,0,0,0,0,0,0,0,0,0,0,0,0,0,0,0,0,0,0,0,0,0,0,0,0,0,0,0,0
0,0,0,0,0,0,2104,21042,221042,121042,1365.225830078125,56,62,1966,1960,0,0,0,0,0,0,0,0,0,0,0,0,0,0,0,0,1,2,3,4,5,6,7,8,9,10,11,12,13,14,15,16,17,18,19,20,21,22,23,24,25,26,27,28,29,30,31,32,33,34,35,36,37,38,39,40,41,42,43,44,45,46,47,48,49,50,51,52,53,54,55,56,57,58,59,60,61,62,63,64,65,66,67,68,69,70,71,72,73,74,75,76,77,78,79,80,81,82,83,84,85,86,87,88,89,90,91,92,93,94,95,96,97,98,99,100,101,102,103,104,105,106,107,108,109,110,111,112,113,114,115,116,117,118,119,120,121,122,123,124,125,126,127,128,129,130,131,132,133,134,135,136,137,138,139,140,141,142,143,144,145,146,147,148,149,150,151,152,153,154,155,156,157,2,1,0,2027,2027,2,2022,0,0,0,0,0,0,0,0,0,0,0,0,0,0,0,0,0,0,0,0,0,0,0,0,0,0,0,0,0,0,0,0,0,0,0,0,0,0,0,0,0,0,0,0,0,0,31926.435546875,33345.625,35001.921875,37070.62890625,39000,0,0,0,0,0,0,0,0,6540.076171875,6154.2705078125,5744.64892578125,5325.2529296875,4932.7236328125,16011.880859375,14729.078125,13626.060546875,12623.3076171875,11606.32421875,11747.0458984375,12233.73046875,13000,13440.044921875,13730.078125,13940.443359375,14103.63671875,14235.5166015625,0,0,0,0,0,0,0,0,0,0,0,0,0,0,0,0,0,0,0,0,0,0,0,0,0,0,0,0,0,0,0,0,0,0,0,0,0,0,0,0,0,0,0,0,0,0,0,0,0,0,0,0
0,0,0,0,0,0,2104,21043,121043,221043,2470.55908203125,62,56,1960,1966,0,0,0,0,0,0,0,0,0,0,1,2,3,4,5,6,7,8,9,10,11,12,13,14,15,16,17,18,19,20,21,22,23,24,25,26,27,28,29,30,31,32,33,34,35,36,37,38,39,40,41,42,43,44,45,46,47,48,49,50,51,52,53,54,55,56,57,58,59,60,61,62,63,64,65,66,67,68,69,70,71,72,73,74,75,76,77,78,79,80,81,82,83,84,85,86,87,88,89,90,91,92,93,94,95,96,97,98,99,100,101,102,103,104,105,106,107,108,109,110,111,112,113,114,115,116,117,118,119,120,121,122,123,124,125,126,127,128,129,130,131,132,133,134,135,136,137,138,139,140,141,142,143,144,145,146,147,148,149,150,151,152,153,154,155,156,157,158,159,160,161,162,163,1,2,0,2027,2027,1,2022,0,0,0,0,0,0,0,0,0,0,0,0,0,0,0,0,0,0,0,0,0,0,0,0,0,0,0,0,0,0,0,0,0,0,0,0,0,0,0,0,0,33335.3203125,35347.70703125,37275.37109375,39254.31640625,41287.08984375,43188.6796875,44688.57421875,46471.61328125,48760.03125,50820.26953125,52526.7265625,54627.38671875,56935.29296875,59478.796875,62000,92088.1875,95826.25,96429.5234375,98895.9765625,102003.453125,104362.4375,106038.3515625,107659.3984375,107825.9609375,108717.3828125,110239.125,111938.90625,112809.2265625,113114.1015625,104488.8203125,110000,112664.734375,114024.578125,114693.765625,114956.234375,114951.1328125,0,0,0,0,0,0,0,0,0,0,0,0,0,0,0,0,0,0,0,0,0,0,0,0,0,0,0,0,0,0,0,0,0,0,0,0,0,0,0,0,0,0,0,0,0,0,0,0,0,0,0,0
0,0,0,0,0,0,2104,21043,221043,121043,2470.55908203125,56,62,1966,1960,0,0,0,0,0,0,0,0,0,0,0,0,0,0,0,0,1,2,3,4,5,6,7,8,9,10,11,12,13,14,15,16,17,18,19,20,21,22,23,24,25,26,27,28,29,30,31,32,33,34,35,36,37,38,39,40,41,42,43,44,45,46,47,48,49,50,51,52,53,54,55,56,57,58,59,60,61,62,63,64,65,66,67,68,69,70,71,72,73,74,75,76,77,78,79,80,81,82,83,84,85,86,87,88,89,90,91,92,93,94,95,96,97,98,99,100,101,102,103,104,105,106,107,108,109,110,111,112,113,114,115,116,117,118,119,120,121,122,123,124,125,126,127,128,129,130,131,132,133,134,135,136,137,138,139,140,141,142,143,144,145,146,147,148,149,150,151,152,153,154,155,156,157,2,1,0,2031,2031,2,2022,0,0,0,0,0,0,0,0,0,0,0,0,0,0,0,0,0,0,0,0,0,0,0,0,0,0,0,0,0,0,0,0,0,0,0,0,0,0,0,0,0,0,39125.44921875,41646.82421875,44269.96484375,47000,0,0,0,0,0,0,0,30725.212890625,29238.416015625,27762.73046875,26256.47265625,24888.32421875,22813.921875,21313.130859375,20024.505859375,18662.501953125,17273,15974.8017578125,14574.21484375,13385.65234375,13700.5546875,14042.5263671875,14284.6982421875,14457.8935546875,15056.8896484375,16000,16541.583984375,16898.546875,17157.45703125,17358.3125,17520.625,17658.14453125,17773.546875,17863.50390625,17926.49609375,0,0,0,0,0,0,0,0,0,0,0,0,0,0,0,0,0,0,0,0,0,0,0,0,0,0,0,0,0,0,0,0,0,0,0,0,0,0,0,0,0,0,0,0,0,0,0,0
0,0,0,0,0,0,2104,21044,121044,221044,1314.3626708984375,62,56,1960,1966,0,0,0,0,0,0,0,0,0,0,1,2,3,4,5,6,7,8,9,10,11,12,13,14,15,16,17,18,19,20,21,22,23,24,25,26,27,28,29,30,31,32,33,34,35,36,37,38,39,40,41,42,43,44,45,46,47,48,49,50,51,52,53,54,55,56,57,58,59,60,61,62,63,64,65,66,67,68,69,70,71,72,73,74,75,76,77,78,79,80,81,82,83,84,85,86,87,88,89,90,91,92,93,94,95,96,97,98,99,100,101,102,103,104,105,106,107,108,109,110,111,112,113,114,115,116,117,118,119,120,121,122,123,124,125,126,127,128,129,130,131,132,133,134,135,136,137,138,139,140,141,142,143,144,145,146,147,148,149,150,151,152,153,154,155,156,157,158,159,160,161,162,163,1,2,0,2027,2027,1,2022,0,0,0,0,0,0,0,0,0,0,0,0,0,0,0,0,0,0,0,0,0,0,0,0,0,0,0,0,0,0,0,0,0,0,0,0,0,0,0,0,0,33335.3203125,35347.70703125,37275.37109375,39254.31640625,41287.08984375,43188.6796875,44688.57421875,46471.61328125,48760.03125,50820.26953125,52526.7265625,54627.38671875,56935.29296875,59478.796875,62000,92088.1875,95826.25,96429.5234375,98895.9765625,102003.453125,104362.4375,106038.3515625,107659.3984375,107825.9609375,108717.3828125,110239.125,111938.90625,112809.2265625,113114.1015625,104488.8203125,110000,112664.734375,114024.578125,114693.765625,114956.234375,114951.1328125,0,0,0,0,0,0,0,0,0,0,0,0,0,0,0,0,0,0,0,0,0,0,0,0,0,0,0,0,0,0,0,0,0,0,0,0,0,0,0,0,0,0,0,0,0,0,0,0,0,0,0,0
0,0,0,0,0,0,2104,21044,221044,121044,1314.3626708984375,56,62,1966,1960,0,0,0,0,0,0,0,0,0,0,0,0,0,0,0,0,1,2,3,4,5,6,7,8,9,10,11,12,13,14,15,16,17,18,19,20,21,22,23,24,25,26,27,28,29,30,31,32,33,34,35,36,37,38,39,40,41,42,43,44,45,46,47,48,49,50,51,52,53,54,55,56,57,58,59,60,61,62,63,64,65,66,67,68,69,70,71,72,73,74,75,76,77,78,79,80,81,82,83,84,85,86,87,88,89,90,91,92,93,94,95,96,97,98,99,100,101,102,103,104,105,106,107,108,109,110,111,112,113,114,115,116,117,118,119,120,121,122,123,124,125,126,127,128,129,130,131,132,133,134,135,136,137,138,139,140,141,142,143,144,145,146,147,148,149,150,151,152,153,154,155,156,157,2,1,0,2026,2026,2,2022,0,0,0,0,0,0,0,0,0,0,0,0,0,0,0,0,0,0,0,0,0,0,0,0,0,0,0,0,0,0,0,0,0,0,0,0,0,0,0,0,0,0,0,13051.560546875,13873.603515625,14729.1728515625,15552.328125,16243.673828125,17050.490234375,18058.236328125,18998.08203125,19820.533203125,20806.89453125,21889.740234375,23082.48828125,24287.01171875,25452.552734375,26734.6015625,27155.732421875,28112.01171875,29267.765625,30226.00390625,31000,0,87956.1484375,89516.625,91622.53125,93909.46875,95528.9921875,96687.234375,100693.03125,107000,110621.9296875,113009.125,114740.5859375,116083.796875,0,0,0,0,0,0,0,0,0,0,0,0,0,0,0,0,0,0,0,0,0,0,0,0,0,0,0,0,0,0,0,0,0,0,0,0,0,0,0,0,0,0,0,0,0,0,0,0,0,0,0,0,0
0,0,0,0,0,0,2104,21045,121045,221045,1281.7373046875,62,56,1960,1966,0,0,0,0,0,0,0,0,0,0,1,2,3,4,5,6,7,8,9,10,11,12,13,14,15,16,17,18,19,20,21,22,23,24,25,26,27,28,29,30,31,32,33,34,35,36,37,38,39,40,41,42,43,44,45,46,47,48,49,50,51,52,53,54,55,56,57,58,59,60,61,62,63,64,65,66,67,68,69,70,71,72,73,74,75,76,77,78,79,80,81,82,83,84,85,86,87,88,89,90,91,92,93,94,95,96,97,98,99,100,101,102,103,104,105,106,107,108,109,110,111,112,113,114,115,116,117,118,119,120,121,122,123,124,125,126,127,128,129,130,131,132,133,134,135,136,137,138,139,140,141,142,143,144,145,146,147,148,149,150,151,152,153,154,155,156,157,158,159,160,161,162,163,1,2,0,2027,2027,1,2022,0,0,0,0,0,0,0,0,0,0,0,0,0,0,0,0,0,0,0,0,0,0,0,0,0,0,0,0,0,0,0,0,0,0,0,0,0,0,0,0,0,33335.3203125,35347.70703125,37275.37109375,39254.31640625,41287.08984375,43188.6796875,44688.57421875,46471.61328125,48760.03125,50820.26953125,52526.7265625,54627.38671875,56935.29296875,59478.796875,62000,92088.1875,95826.25,96429.5234375,98895.9765625,102003.453125,104362.4375,106038.3515625,107659.3984375,107825.9609375,108717.3828125,110239.125,111938.90625,112809.2265625,113114.1015625,104488.8203125,110000,112664.734375,114024.578125,114693.765625,114956.234375,114951.1328125,0,0,0,0,0,0,0,0,0,0,0,0,0,0,0,0,0,0,0,0,0,0,0,0,0,0,0,0,0,0,0,0,0,0,0,0,0,0,0,0,0,0,0,0,0,0,0,0,0,0,0,0
0,0,0,0,0,0,2104,21045,221045,121045,1281.7373046875,56,62,1966,1960,0,0,0,0,0,0,0,0,0,0,0,0,0,0,0,0,1,2,3,4,5,6,7,8,9,10,11,12,13,14,15,16,17,18,19,20,21,22,23,24,25,26,27,28,29,30,31,32,33,34,35,36,37,38,39,40,41,42,43,44,45,46,47,48,49,50,51,52,53,54,55,56,57,58,59,60,61,62,63,64,65,66,67,68,69,70,71,72,73,74,75,76,77,78,79,80,81,82,83,84,85,86,87,88,89,90,91,92,93,94,95,96,97,98,99,100,101,102,103,104,105,106,107,108,109,110,111,112,113,114,115,116,117,118,119,120,121,122,123,124,125,126,127,128,129,130,131,132,133,134,135,136,137,138,139,140,141,142,143,144,145,146,147,148,149,150,151,152,153,154,155,156,157,2,1,0,2029,2030,2,2022,0,0,0,0,0,0,0,0,0,0,0,0,0,0,0,0,0,0,0,0,0,0,0,0,0,0,0,0,0,0,0,0,0,0,0,0,0,0,0,0,0,0,0,0,0,0,0,0,0,0,0,0,0,0,0,0,54734.87890625,57491.8828125,58397.453125,60453.8984375,62939.3671875,65000,0,0,36990.87890625,37647.15234375,38532.8125,39494.609375,40175.71484375,40662.828125,42347.50390625,45000,46523.20703125,168837.359375,171424.03125,173430.8125,175052.515625,176426.5,177579.515625,50241.109375,0,0,0,0,0,0,0,0,0,0,0,0,0,0,0,0,0,0,0,0,0,0,0,0,0,0,0,0,0,0,0,0,0,0,0,0,0,0,0,0,0,0,0,0,0,0,0,0,0
0,0,0,0,0,0,2161,21611,121611,221611,5436.35009765625,64,59,1958,1963,0,0,0,0,0,0,0,0,1,2,3,4,5,6,7,8,9,10,11,12,13,14,15,16,17,18,19,20,21,22,23,24,25,26,27,28,29,30,31,32,33,34,35,36,37,38,39,40,41,42,43,44,45,46,47,48,49,50,51,52,53,54,55,56,57,58,59,60,61,62,63,64,65,66,67,68,69,70,71,72,73,74,75,76,77,78,79,80,81,82,83,84,85,86,87,88,89,90,91,92,93,94,95,96,97,98,99,100,101,102,103,104,105,106,107,108,109,110,111,112,113,114,115,116,117,118,119,120,121,122,123,124,125,126,127,128,129,130,131,132,133,134,135,136,137,138,139,140,141,142,143,144,145,146,147,148,149,150,151,152,153,154,155,156,157,158,159,160,161,162,163,164,165,1,2,1,2023,9999,1,2022,0,0,0,0,0,0,0,0,0,0,0,0,0,0,0,0,0,0,0,0,0,0,0,0,0,8006.322265625,9016.8037109375,10181.9375,11686.6259765625,13624.5595703125,15600,10893.0869140625,11896.6845703125,12913.322265625,13956.0048828125,14868.3095703125,15957.18359375,17234.845703125,18667.849609375,20192.923828125,21590.017578125,25573.09765625,27032.484375,28417.953125,29833.4765625,31280.751953125,32619.587890625,33647.37109375,34880.9609375,36484.6953125,37907.90234375,39058.828125,40494.47265625,42073.91796875,43816.65234375,45531.80859375,47125.546875,48885.83203125,49040.47265625,50138.265625,51552.72265625,52580.77734375,53258.85546875,53904.7265625,53820.0234375,54096.0546875,54682.5625,55352.87890625,55609.609375,55586.33203125,57171.88671875,60000,61262.234375,17398.953125,17446.58984375,17432.083984375,17377.03515625,17296.38671875,17193.673828125,17066.5390625,16914.47265625,16737.837890625,16537.38671875,0,0,0,0,0,0,0,0,0,0,0,0,0,0,0,0,0,0,0,0,0,0,0,0,0,0,0,0,0,0,0,0,0,0,0,0,0,0,0,0,0,0,0,0,0,0
0,0,0,0,0,0,2161,21611,221611,121611,5436.35009765625,59,64,1963,1958,0,0,0,0,0,0,0,0,0,0,0,0,0,1,2,3,4,5,6,7,8,9,10,11,12,13,14,15,16,17,18,19,20,21,22,23,24,25,26,27,28,29,30,31,32,33,34,35,36,37,38,39,40,41,42,43,44,45,46,47,48,49,50,51,52,53,54,55,56,57,58,59,60,61,62,63,64,65,66,67,68,69,70,71,72,73,74,75,76,77,78,79,80,81,82,83,84,85,86,87,88,89,90,91,92,93,94,95,96,97,98,99,100,101,102,103,104,105,106,107,108,109,110,111,112,113,114,115,116,117,118,119,120,121,122,123,124,125,126,127,128,129,130,131,132,133,134,135,136,137,138,139,140,141,142,143,144,145,146,147,148,149,150,151,152,153,154,155,156,157,158,159,160,2,1,1,2025,2025,2,2022,0,0,0,0,0,0,0,0,0,0,0,0,0,0,0,0,0,0,0,0,0,0,0,0,0,0,0,0,0,0,8149.12646484375,9095.68359375,10011.4140625,10951.96484375,11928.8955078125,12808.1318359375,13853.677734375,15080,0,0,0,0,0,0,0,0,0,0,0,0,0,17267.609375,18042.36328125,18892.751953125,19829.26171875,20766.689453125,21661.74609375,22646.708984375,22896.115234375,23591.80078125,24447.138671875,25129.767578125,25653.01171875,26167.248046875,26330.5625,26672.6953125,27172.82421875,27721.12109375,28067.61328125,28275.396484375,29309.4921875,31000,31899.822265625,32436.16015625,32779.46875,0,0,0,0,0,0,0,0,0,0,0,0,0,0,0,0,0,0,0,0,0,0,0,0,0,0,0,0,0,0,0,0,0,0,0,0,0,0,0,0,0,0,0,0,0,0,0,0,0,0,0,0,0,0
0,0,0,0,0,0,2161,21612,121612,221612,5457.0654296875,64,59,1958,1963,0,0,0,0,0,0,0,0,1,2,3,4,5,6,7,8,9,10,11,12,13,14,15,16,17,18,19,20,21,22,23,24,25,26,27,28,29,30,31,32,33,34,35,36,37,38,39,40,41,42,43,44,45,46,47,48,49,50,51,52,53,54,55,56,57,58,59,60,61,62,63,64,65,66,67,68,69,70,71,72,73,74,75,76,77,78,79,80,81,82,83,84,85,86,87,88,89,90,91,92,93,94,95,96,97,98,99,100,101,102,103,104,105,106,107,108,109,110,111,112,113,114,115,116,117,118,119,120,121,122,123,124,125,126,127,128,129,130,131,132,133,134,135,136,137,138,139,140,141,142,143,144,145,146,147,148,149,150,151,152,153,154,155,156,157,158,159,160,161,162,163,164,165,1,2,1,2023,9999,1,2022,0,0,0,0,0,0,0,0,0,0,0,0,0,0,0,0,0,0,0,0,0,0,0,0,0,8006.322265625,9016.8037109375,10181.9375,11686.6259765625,13624.5595703125,15600,10893.0869140625,11896.6845703125,12913.322265625,13956.0048828125,14868.3095703125,15957.18359375,17234.845703125,18667.849609375,20192.923828125,21590.017578125,25573.09765625,27032.484375,28417.953125,29833.4765625,31280.751953125,32619.587890625,33647.37109375,34880.9609375,36484.6953125,37907.90234375,39058.828125,40494.47265625,42073.91796875,43816.65234375,45531.80859375,47125.546875,48885.83203125,49040.47265625,50138.265625,51552.72265625,52580.77734375,53258.85546875,53904.7265625,53820.0234375,54096.0546875,54682.5625,55352.87890625,55609.609375,55586.33203125,57171.88671875,60000,61262.234375,17398.953125,17446.58984375,17432.083984375,17377.03515625,17296.38671875,17193.673828125,17066.5390625,16914.47265625,16737.837890625,16537.38671875,0,0,0,0,0,0,0,0,0,0,0,0,0,0,0,0,0,0,0,0,0,0,0,0,0,0,0,0,0,0,0,0,0,0,0,0,0,0,0,0,0,0,0,0,0,0
0,0,0,0,0,0,2161,21612,221612,121612,5457.0654296875,59,64,1963,1958,0,0,0,0,0,0,0,0,0,0,0,0,0,1,2,3,4,5,6,7,8,9,10,11,12,13,14,15,16,17,18,19,20,21,22,23,24,25,26,27,28,29,30,31,32,33,34,35,36,37,38,39,40,41,42,43,44,45,46,47,48,49,50,51,52,53,54,55,56,57,58,59,60,61,62,63,64,65,66,67,68,69,70,71,72,73,74,75,76,77,78,79,80,81,82,83,84,85,86,87,88,89,90,91,92,93,94,95,96,97,98,99,100,101,102,103,104,105,106,107,108,109,110,111,112,113,114,115,116,117,118,119,120,121,122,123,124,125,126,127,128,129,130,131,132,133,134,135,136,137,138,139,140,141,142,143,144,145,146,147,148,149,150,151,152,153,154,155,156,157,158,159,160,2,1,1,2025,2025,2,2022,0,0,0,0,0,0,0,0,0,0,0,0,0,0,0,0,0,0,0,0,0,0,0,0,0,0,0,0,0,0,5901.09423828125,6586.5322265625,7249.6474609375,7930.73681640625,8638.1689453125,9274.8583984375,10031.9775390625,10920,0,0,0,0,0,0,0,0,0,0,0,0,0,17267.609375,18042.36328125,18892.751953125,19829.26171875,20766.689453125,21661.74609375,22646.708984375,22896.115234375,23591.80078125,24447.138671875,25129.767578125,25653.01171875,26167.248046875,26330.5625,26672.6953125,27172.82421875,27721.12109375,28067.61328125,28275.396484375,29309.4921875,31000,31899.822265625,32436.16015625,32779.46875,0,0,0,0,0,0,0,0,0,0,0,0,0,0,0,0,0,0,0,0,0,0,0,0,0,0,0,0,0,0,0,0,0,0,0,0,0,0,0,0,0,0,0,0,0,0,0,0,0,0,0,0,0,0
0,0,0,0,0,0,2161,21613,121613,221613,5876.19091796875,64,59,1958,1963,0,0,0,0,0,0,0,0,1,2,3,4,5,6,7,8,9,10,11,12,13,14,15,16,17,18,19,20,21,22,23,24,25,26,27,28,29,30,31,32,33,34,35,36,37,38,39,40,41,42,43,44,45,46,47,48,49,50,51,52,53,54,55,56,57,58,59,60,61,62,63,64,65,66,67,68,69,70,71,72,73,74,75,76,77,78,79,80,81,82,83,84,85,86,87,88,89,90,91,92,93,94,95,96,97,98,99,100,101,102,103,104,105,106,107,108,109,110,111,112,113,114,115,116,117,118,119,120,121,122,123,124,125,126,127,128,129,130,131,132,133,134,135,136,137,138,139,140,141,142,143,144,145,146,147,148,149,150,151,152,153,154,155,156,157,158,159,160,161,162,163,164,165,1,2,1,2023,9999,1,2022,0,0,0,0,0,0,0,0,0,0,0,0,0,0,0,0,0,0,0,0,0,0,0,0,0,8006.322265625,9016.8037109375,10181.9375,11686.6259765625,13624.5595703125,15600,10893.0869140625,11896.6845703125,12913.322265625,13956.0048828125,14868.3095703125,15957.18359375,17234.845703125,18667.849609375,20192.923828125,21590.017578125,25573.09765625,27032.484375,28417.953125,29833.4765625,31280.751953125,32619.587890625,33647.37109375,34880.9609375,36484.6953125,37907.90234375,39058.828125,40494.47265625,42073.91796875,43816.65234375,45531.80859375,47125.546875,48885.83203125,49040.47265625,50138.265625,51552.72265625,52580.77734375,53258.85546875,53904.7265625,53820.0234375,54096.0546875,54682.5625,55352.87890625,55609.609375,55586.33203125,57171.88671875,60000,61262.234375,17398.953125,17446.58984375,17432.083984375,17377.03515625,17296.38671875,17193.673828125,17066.5390625,16914.47265625,16737.837890625,16537.38671875,0,0,0,0,0,0,0,0,0,0,0,0,0,0,0,0,0,0,0,0,0,0,0,0,0,0,0,0,0,0,0,0,0,0,0,0,0,0,0,0,0,0,0,0,0,0
0,0,0,0,0,0,2161,21613,221613,121613,5876.19091796875,59,64,1963,1958,0,0,0,0,0,0,0,0,0,0,0,0,0,1,2,3,4,5,6,7,8,9,10,11,12,13,14,15,16,17,18,19,20,21,22,23,24,25,26,27,28,29,30,31,32,33,34,35,36,37,38,39,40,41,42,43,44,45,46,47,48,49,50,51,52,53,54,55,56,57,58,59,60,61,62,63,64,65,66,67,68,69,70,71,72,73,74,75,76,77,78,79,80,81,82,83,84,85,86,87,88,89,90,91,92,93,94,95,96,97,98,99,100,101,102,103,104,105,106,107,108,109,110,111,112,113,114,115,116,117,118,119,120,121,122,123,124,125,126,127,128,129,130,131,132,133,134,135,136,137,138,139,140,141,142,143,144,145,146,147,148,149,150,151,152,153,154,155,156,157,158,159,160,2,1,1,2025,2025,2,2022,0,0,0,0,0,0,0,0,0,0,0,0,0,0,0,0,0,0,0,0,0,0,0,0,0,0,0,0,0,0,7025.10693359375,7841.10400390625,8630.5263671875,9441.3466796875,10283.52734375,11041.4892578125,11942.8212890625,13000,0,0,0,0,0,0,0,0,0,0,0,0,0,17267.609375,18042.36328125,18892.751953125,19829.26171875,20766.689453125,21661.74609375,22646.708984375,22896.115234375,23591.80078125,24447.138671875,25129.767578125,25653.01171875,26167.248046875,26330.5625,26672.6953125,27172.82421875,27721.12109375,28067.61328125,28275.396484375,29309.4921875,31000,31899.822265625,32436.16015625,32779.46875,0,0,0,0,0,0,0,0,0,0,0,0,0,0,0,0,0,0,0,0,0,0,0,0,0,0,0,0,0,0,0,0,0,0,0,0,0,0,0,0,0,0,0,0,0,0,0,0,0,0,0,0,0,0
0,0,0,0,0,0,2161,21614,121614,221614,5603.9794921875,64,59,1958,1963,0,0,0,0,0,0,0,0,1,2,3,4,5,6,7,8,9,10,11,12,13,14,15,16,17,18,19,20,21,22,23,24,25,26,27,28,29,30,31,32,33,34,35,36,37,38,39,40,41,42,43,44,45,46,47,48,49,50,51,52,53,54,55,56,57,58,59,60,61,62,63,64,65,66,67,68,69,70,71,72,73,74,75,76,77,78,79,80,81,82,83,84,85,86,87,88,89,90,91,92,93,94,95,96,97,98,99,100,101,102,103,104,105,106,107,108,109,110,111,112,113,114,115,116,117,118,119,120,121,122,123,124,125,126,127,128,129,130,131,132,133,134,135,136,137,138,139,140,141,142,143,144,145,146,147,148,149,150,151,152,153,154,155,156,157,158,159,160,161,162,163,164,165,1,2,1,2023,9999,1,2022,0,0,0,0,0,0,0,0,0,0,0,0,0,0,0,0,0,0,0,0,0,0,0,0,0,8006.322265625,9016.8037109375,10181.9375,11686.6259765625,13624.5595703125,15600,10893.0869140625,11896.6845703125,12913.322265625,13956.0048828125,14868.3095703125,15957.18359375,17234.845703125,18667.849609375,20192.923828125,21590.017578125,25573.09765625,27032.484375,28417.953125,29833.4765625,31280.751953125,32619.587890625,33647.37109375,34880.9609375,36484.6953125,37907.90234375,39058.828125,40494.47265625,42073.91796875,43816.65234375,45531.80859375,47125.546875,48885.83203125,49040.47265625,50138.265625,51552.72265625,52580.77734375,53258.85546875,53904.7265625,53820.0234375,54096.0546875,54682.5625,55352.87890625,55609.609375,55586.33203125,57171.88671875,60000,61262.234375,17398.953125,17446.58984375,17432.083984375,17377.03515625,17296.38671875,17193.673828125,17066.5390625,16914.47265625,16737.837890625,16537.38671875,0,0,0,0,0,0,0,0,0,0,0,0,0,0,0,0,0,0,0,0,0,0,0,0,0,0,0,0,0,0,0,0,0,0,0,0,0,0,0,0,0,0,0,0,0,0
0,0,0,0,0,0,2161,21614,221614,121614,5603.9794921875,59,64,1963,1958,0,0,0,0,0,0,0,0,0,0,0,0,0,1,2,3,4,5,6,7,8,9,10,11,12,13,14,15,16,17,18,19,20,21,22,23,24,25,26,27,28,29,30,31,32,33,34,35,36,37,38,39,40,41,42,43,44,45,46,47,48,49,50,51,52,53,54,55,56,57,58,59,60,61,62,63,64,65,66,67,68,69,70,71,72,73,74,75,76,77,78,79,80,81,82,83,84,85,86,87,88,89,90,91,92,93,94,95,96,97,98,99,100,101,102,103,104,105,106,107,108,109,110,111,112,113,114,115,116,117,118,119,120,121,122,123,124,125,126,127,128,129,130,131,132,133,134,135,136,137,138,139,140,141,142,143,144,145,146,147,148,149,150,151,152,153,154,155,156,157,158,159,160,2,1,1,2025,2025,2,2022,0,0,0,0,0,0,0,0,0,0,0,0,0,0,0,0,0,0,0,0,0,0,0,0,0,0,0,0,0,0,7025.10693359375,7841.10400390625,8630.5263671875,9441.3466796875,10283.52734375,11041.4892578125,11942.8212890625,13000,0,0,0,0,0,0,0,0,0,0,0,0,0,17267.609375,18042.36328125,18892.751953125,19829.26171875,20766.689453125,21661.74609375,22646.708984375,22896.115234375,23591.80078125,24447.138671875,25129.767578125,25653.01171875,26167.248046875,26330.5625,26672.6953125,27172.82421875,27721.12109375,28067.61328125,28275.396484375,29309.4921875,31000,31899.822265625,32436.16015625,32779.46875,0,0,0,0,0,0,0,0,0,0,0,0,0,0,0,0,0,0,0,0,0,0,0,0,0,0,0,0,0,0,0,0,0,0,0,0,0,0,0,0,0,0,0,0,0,0,0,0,0,0,0,0,0,0
0,0,0,0,0,0,2161,21615,121615,221615,5965.57666015625,64,59,1958,1963,0,0,0,0,0,0,0,0,1,2,3,4,5,6,7,8,9,10,11,12,13,14,15,16,17,18,19,20,21,22,23,24,25,26,27,28,29,30,31,32,33,34,35,36,37,38,39,40,41,42,43,44,45,46,47,48,49,50,51,52,53,54,55,56,57,58,59,60,61,62,63,64,65,66,67,68,69,70,71,72,73,74,75,76,77,78,79,80,81,82,83,84,85,86,87,88,89,90,91,92,93,94,95,96,97,98,99,100,101,102,103,104,105,106,107,108,109,110,111,112,113,114,115,116,117,118,119,120,121,122,123,124,125,126,127,128,129,130,131,132,133,134,135,136,137,138,139,140,141,142,143,144,145,146,147,148,149,150,151,152,153,154,155,156,157,158,159,160,161,162,163,164,165,1,2,1,2023,9999,1,2022,0,0,0,0,0,0,0,0,0,0,0,0,0,0,0,0,0,0,0,0,0,0,0,0,0,8006.322265625,9016.8037109375,10181.9375,11686.6259765625,13624.5595703125,15600,10893.0869140625,11896.6845703125,12913.322265625,13956.0048828125,14868.3095703125,15957.18359375,17234.845703125,18667.849609375,20192.923828125,21590.017578125,25573.09765625,27032.484375,28417.953125,29833.4765625,31280.751953125,32619.587890625,33647.37109375,34880.9609375,36484.6953125,37907.90234375,39058.828125,40494.47265625,42073.91796875,43816.65234375,45531.80859375,47125.546875,48885.83203125,49040.47265625,50138.265625,51552.72265625,52580.77734375,53258.85546875,53904.7265625,53820.0234375,54096.0546875,54682.5625,55352.87890625,55609.609375,55586.33203125,57171.88671875,60000,61262.234375,17398.953125,17446.58984375,17432.083984375,17377.03515625,17296.38671875,17193.673828125,17066.5390625,16914.47265625,16737.837890625,16537.38671875,0,0,0,0,0,0,0,0,0,0,0,0,0,0,0,0,0,0,0,0,0,0,0,0,0,0,0,0,0,0,0,0,0,0,0,0,0,0,0,0,0,0,0,0,0,0
0,0,0,0,0,0,2161,21615,221615,121615,5965.57666015625,59,64,1963,1958,0,0,0,0,0,0,0,0,0,0,0,0,0,1,2,3,4,5,6,7,8,9,10,11,12,13,14,15,16,17,18,19,20,21,22,23,24,25,26,27,28,29,30,31,32,33,34,35,36,37,38,39,40,41,42,43,44,45,46,47,48,49,50,51,52,53,54,55,56,57,58,59,60,61,62,63,64,65,66,67,68,69,70,71,72,73,74,75,76,77,78,79,80,81,82,83,84,85,86,87,88,89,90,91,92,93,94,95,96,97,98,99,100,101,102,103,104,105,106,107,108,109,110,111,112,113,114,115,116,117,118,119,120,121,122,123,124,125,126,127,128,129,130,131,132,133,134,135,136,137,138,139,140,141,142,143,144,145,146,147,148,149,150,151,152,153,154,155,156,157,158,159,160,2,1,1,2025,2025,2,2022,0,0,0,0,0,0,0,0,0,0,0,0,0,0,0,0,0,0,0,0,0,0,0,0,0,0,0,0,0,0,5901.09423828125,6586.5322265625,7249.6474609375,7930.73681640625,8638.1689453125,9274.8583984375,10031.9775390625,10920,0,0,0,0,0,0,0,0,0,0,0,0,0,17267.609375,18042.36328125,18892.751953125,19829.26171875,20766.689453125,21661.74609375,22646.708984375,22896.115234375,23591.80078125,24447.138671875,25129.767578125,25653.01171875,26167.248046875,26330.5625,26672.6953125,27172.82421875,27721.12109375,28067.61328125,28275.396484375,29309.4921875,31000,31899.822265625,32436.16015625,32779.46875,0,0,0,0,0,0,0,0,0,0,0,0,0,0,0,0,0,0,0,0,0,0,0,0,0,0,0,0,0,0,0,0,0,0,0,0,0,0,0,0,0,0,0,0,0,0,0,0,0,0,0,0,0,0
0,0,0,0,0,0,2234,22341,122341,0,2163.87548828125,43,0,1979,0,0,0,0,0,0,0,0,0,0,0,0,0,0,0,0,0,0,0,0,0,0,0,0,0,0,0,0,0,0,1,2,3,4,5,6,7,8,9,10,11,12,13,14,15,16,17,18,19,20,21,22,23,24,25,26,27,28,29,30,31,32,33,34,35,36,37,38,39,40,41,42,43,44,45,46,47,48,49,50,51,52,53,54,55,56,57,58,59,60,61,62,63,64,65,66,67,68,69,70,71,72,73,74,75,76,77,78,79,80,81,82,83,84,85,86,87,88,89,90,91,92,93,94,95,96,97,98,99,100,101,102,103,104,105,106,107,108,109,110,111,112,113,114,115,116,117,118,119,120,121,122,123,124,125,126,127,128,129,130,131,132,133,134,135,136,137,138,139,140,141,142,143,144,2,0,0,2037,2037,1,2022,0,0,0,0,0,0,0,0,0,0,0,0,0,0,0,0,0,0,0,0,0,0,0,0,0,0,0,0,0,0,0,0,0,0,0,0,0,0,0,0,0,0,0,0,0,0,0,0,0,0,34948.18359375,37207.51171875,39858.71875,42791.4609375,46046.89453125,49441.61328125,52874.98828125,56675.25390625,58746.45703125,62060.16015625,65934.2890625,69486.9609375,72725.1640625,76056.5,78463.90625,81490.734375,85115.296875,89025.6484375,92414.8515625,95450.0390625,101439.5234375,110000,116051.46875,120982.828125,125350.96875,129414.4140625,133298.59375,137095.078125,140815.90625,144425.765625,147902.0625,151227.828125,154388.8125,157370.953125,160161.484375,162748.015625,165118.953125,0,0,0,0,0,0,0,0,0,0,0,0,0,0,0,0,0,0,0,0,0,0,0,0,0,0,0,0,0,0,0,0,0,0,0,0,0,0,0,0,0,0
0,0,0,0,0,0,2234,22342,122342,0,2071.8720703125,43,0,1979,0,0,0,0,0,0,0,0,0,0,0,0,0,0,0,0,0,0,0,0,0,0,0,0,0,0,0,0,0,0,1,2,3,4,5,6,7,8,9,10,11,12,13,14,15,16,17,18,19,20,21,22,23,24,25,26,27,28,29,30,31,32,33,34,35,36,37,38,39,40,41,42,43,44,45,46,47,48,49,50,51,52,53,54,55,56,57,58,59,60,61,62,63,64,65,66,67,68,69,70,71,72,73,74,75,76,77,78,79,80,81,82,83,84,85,86,87,88,89,90,91,92,93,94,95,96,97,98,99,100,101,102,103,104,105,106,107,108,109,110,111,112,113,114,115,116,117,118,119,120,121,122,123,124,125,126,127,128,129,130,131,132,133,134,135,136,137,138,139,140,141,142,143,144,2,0,0,2037,2037,1,2022,0,0,0,0,0,0,0,0,0,0,0,0,0,0,0,0,0,0,0,0,0,0,0,0,0,0,0,0,0,0,0,0,0,0,0,0,0,0,0,0,0,0,0,0,0,0,0,0,0,0,34948.18359375,37207.51171875,39858.71875,42791.4609375,46046.89453125,49441.61328125,52874.98828125,56675.25390625,58746.45703125,62060.16015625,65934.2890625,69486.9609375,72725.1640625,76056.5,78463.90625,81490.734375,85115.296875,89025.6484375,92414.8515625,95450.0390625,101439.5234375,110000,116051.46875,120982.828125,125350.96875,129414.4140625,133298.59375,137095.078125,140815.90625,144425.765625,147902.0625,151227.828125,154388.8125,157370.953125,160161.484375,162748.015625,165118.953125,0,0,0,0,0,0,0,0,0,0,0,0,0,0,0,0,0,0,0,0,0,0,0,0,0,0,0,0,0,0,0,0,0,0,0,0,0,0,0,0,0,0
0,0,0,0,0,0,2234,22343,122343,0,2092.326171875,43,0,1979,0,0,0,0,0,0,0,0,0,0,0,0,0,0,0,0,0,0,0,0,0,0,0,0,0,0,0,0,0,0,1,2,3,4,5,6,7,8,9,10,11,12,13,14,15,16,17,18,19,20,21,22,23,24,25,26,27,28,29,30,31,32,33,34,35,36,37,38,39,40,41,42,43,44,45,46,47,48,49,50,51,52,53,54,55,56,57,58,59,60,61,62,63,64,65,66,67,68,69,70,71,72,73,74,75,76,77,78,79,80,81,82,83,84,85,86,87,88,89,90,91,92,93,94,95,96,97,98,99,100,101,102,103,104,105,106,107,108,109,110,111,112,113,114,115,116,117,118,119,120,121,122,123,124,125,126,127,128,129,130,131,132,133,134,135,136,137,138,139,140,141,142,143,144,2,0,0,2037,2037,1,2022,0,0,0,0,0,0,0,0,0,0,0,0,0,0,0,0,0,0,0,0,0,0,0,0,0,0,0,0,0,0,0,0,0,0,0,0,0,0,0,0,0,0,0,0,0,0,0,0,0,0,34948.18359375,37207.51171875,39858.71875,42791.4609375,46046.89453125,49441.61328125,52874.98828125,56675.25390625,58746.45703125,62060.16015625,65934.2890625,69486.9609375,72725.1640625,76056.5,78463.90625,81490.734375,85115.296875,89025.6484375,92414.8515625,95450.0390625,101439.5234375,110000,116051.46875,120982.828125,125350.96875,129414.4140625,133298.59375,137095.078125,140815.90625,144425.765625,147902.0625,151227.828125,154388.8125,157370.953125,160161.484375,162748.015625,165118.953125,0,0,0,0,0,0,0,0,0,0,0,0,0,0,0,0,0,0,0,0,0,0,0,0,0,0,0,0,0,0,0,0,0,0,0,0,0,0,0,0,0,0
0,0,0,0,0,0,2234,22344,122344,0,2078.43017578125,43,0,1979,0,0,0,0,0,0,0,0,0,0,0,0,0,0,0,0,0,0,0,0,0,0,0,0,0,0,0,0,0,0,1,2,3,4,5,6,7,8,9,10,11,12,13,14,15,16,17,18,19,20,21,22,23,24,25,26,27,28,29,30,31,32,33,34,35,36,37,38,39,40,41,42,43,44,45,46,47,48,49,50,51,52,53,54,55,56,57,58,59,60,61,62,63,64,65,66,67,68,69,70,71,72,73,74,75,76,77,78,79,80,81,82,83,84,85,86,87,88,89,90,91,92,93,94,95,96,97,98,99,100,101,102,103,104,105,106,107,108,109,110,111,112,113,114,115,116,117,118,119,120,121,122,123,124,125,126,127,128,129,130,131,132,133,134,135,136,137,138,139,140,141,142,143,144,2,0,0,2037,2037,1,2022,0,0,0,0,0,0,0,0,0,0,0,0,0,0,0,0,0,0,0,0,0,0,0,0,0,0,0,0,0,0,0,0,0,0,0,0,0,0,0,0,0,0,0,0,0,0,0,0,0,0,34948.18359375,37207.51171875,39858.71875,42791.4609375,46046.89453125,49441.61328125,52874.98828125,56675.25390625,58746.45703125,62060.16015625,65934.2890625,69486.9609375,72725.1640625,76056.5,78463.90625,81490.734375,85115.296875,89025.6484375,92414.8515625,95450.0390625,101439.5234375,110000,116051.46875,120982.828125,125350.96875,129414.4140625,133298.59375,137095.078125,140815.90625,144425.765625,147902.0625,151227.828125,154388.8125,157370.953125,160161.484375,162748.015625,165118.953125,0,0,0,0,0,0,0,0,0,0,0,0,0,0,0,0,0,0,0,0,0,0,0,0,0,0,0,0,0,0,0,0,0,0,0,0,0,0,0,0,0,0
0,0,0,0,0,0,2234,22345,122345,0,2072.13671875,43,0,1979,0,0,0,0,0,0,0,0,0,0,0,0,0,0,0,0,0,0,0,0,0,0,0,0,0,0,0,0,0,0,1,2,3,4,5,6,7,8,9,10,11,12,13,14,15,16,17,18,19,20,21,22,23,24,25,26,27,28,29,30,31,32,33,34,35,36,37,38,39,40,41,42,43,44,45,46,47,48,49,50,51,52,53,54,55,56,57,58,59,60,61,62,63,64,65,66,67,68,69,70,71,72,73,74,75,76,77,78,79,80,81,82,83,84,85,86,87,88,89,90,91,92,93,94,95,96,97,98,99,100,101,102,103,104,105,106,107,108,109,110,111,112,113,114,115,116,117,118,119,120,121,122,123,124,125,126,127,128,129,130,131,132,133,134,135,136,137,138,139,140,141,142,143,144,2,0,0,2037,2037,1,2022,0,0,0,0,0,0,0,0,0,0,0,0,0,0,0,0,0,0,0,0,0,0,0,0,0,0,0,0,0,0,0,0,0,0,0,0,0,0,0,0,0,0,0,0,0,0,0,0,0,0,34948.18359375,37207.51171875,39858.71875,42791.4609375,46046.89453125,49441.61328125,52874.98828125,56675.25390625,58746.45703125,62060.16015625,65934.2890625,69486.9609375,72725.1640625,76056.5,78463.90625,81490.734375,85115.296875,89025.6484375,92414.8515625,95450.0390625,101439.5234375,110000,116051.46875,120982.828125,125350.96875,129414.4140625,133298.59375,137095.078125,140815.90625,144425.765625,147902.0625,151227.828125,154388.8125,157370.953125,160161.484375,162748.015625,165118.953125,0,0,0,0,0,0,0,0,0,0,0,0,0,0,0,0,0,0,0,0,0,0,0,0,0,0,0,0,0,0,0,0,0,0,0,0,0,0,0,0,0,0
0,0,0,0,0,0,2281,22811,122811,222811,2704.85595703125,38,36,1984,1986,0,0,0,0,0,0,0,0,0,0,0,0,0,0,0,0,0,0,0,0,0,0,0,0,0,0,0,0,0,0,0,0,0,0,1,2,3,4,5,6,7,8,9,10,11,12,13,14,15,16,17,18,19,20,21,22,23,24,25,26,27,28,29,30,31,32,33,34,35,36,37,38,39,40,41,42,43,44,45,46,47,48,49,50,51,52,53,54,55,56,57,58,59,60,61,62,63,64,65,66,67,68,69,70,71,72,73,74,75,76,77,78,79,80,81,82,83,84,85,86,87,88,89,90,91,92,93,94,95,96,97,98,99,100,101,102,103,104,105,106,107,108,109,110,111,112,113,114,115,116,117,118,119,120,121,122,123,124,125,126,127,128,129,130,131,132,133,134,135,136,137,138,139,1,2,1,9999,9999,1,2022,0,0,0,0,0,0,0,0,0,0,0,0,0,0,0,0,0,0,0,0,0,0,0,0,0,0,0,0,0,0,0,0,0,0,0,0,0,0,0,0,0,0,0,0,0,0,0,0,0,0,0,0,0,0,0,0,0,0,0,0,0,24014.509765625,25330.291015625,26697.859375,27758.44140625,29054.80859375,30584.578125,32240,24110.705078125,17940.451171875,19215.40234375,21000,22328.658203125,23459.5859375,24496.77734375,25488.798828125,26459.21484375,27425.708984375,28390.484375,29346.126953125,30287.609375,31210.98828125,32112.66015625,32989.0703125,33836.75,34652.20703125,35432.08984375,36173.15625,36872.2109375,37526.265625,38132.45703125,38688.07421875,39190.640625,39637.9453125,40027.91015625,40358.8046875,40629.0625,40837.46484375,40983.046875,41065.05078125,41083.20703125,41037.2890625,40927.625,40754.6171875,40693.16015625,40568.44921875,40381.1875,40132.125,39822.4921875,0,0,0,0,0,0,0,0,0,0,0,0,0,0,0,0,0,0,0,0
0,0,0,0,0,0,2281,22811,222811,122811,2704.85595703125,36,38,1986,1984,0,0,0,0,0,0,0,0,0,0,0,0,0,0,0,0,0,0,0,0,0,0,0,0,0,0,0,0,0,0,0,0,0,0,0,0,1,2,3,4,5,6,7,8,9,10,11,12,13,14,15,16,17,18,19,20,21,22,23,24,25,26,27,28,29,30,31,32,33,34,35,36,37,38,39,40,41,42,43,44,45,46,47,48,49,50,51,52,53,54,55,56,57,58,59,60,61,62,63,64,65,66,67,68,69,70,71,72,73,74,75,76,77,78,79,80,81,82,83,84,85,86,87,88,89,90,91,92,93,94,95,96,97,98,99,100,101,102,103,104,105,106,107,108,109,110,111,112,113,114,115,116,117,118,119,120,121,122,123,124,125,126,127,128,129,130,131,132,133,134,135,136,137,2,1,1,2041,2046,2,2022,0,0,0,0,0,0,0,0,0,0,0,0,0,0,0,0,0,0,0,0,0,0,0,0,0,0,0,0,0,0,0,0,0,0,0,0,0,0,0,0,0,0,0,0,0,0,0,0,0,0,0,0,0,16250.0029296875,17706.162109375,19249.6171875,20843.125,22618.62890625,23735.169921875,25382.751953125,27297.916015625,29120,7878.3916015625,8906.125,9931.6640625,11149.60546875,12588.0517578125,14231.9912109375,15969.5068359375,17828.9375,19155.58984375,21000,79568.7890625,83859.921875,87841.0234375,91683.53125,95471.3984375,99267.734375,103080.515625,106883.078125,110656.5390625,114386.0703125,118058.21875,121658.9296875,125174.5546875,128591.5,131896.265625,135075.34375,138115.609375,141004.46875,143729.609375,41177.1171875,41842.296875,42452.00390625,43003.515625,43494.390625,0,0,0,0,0,0,0,0,0,0,0,0,0,0,0,0,0,0,0,0,0,0,0,0,0,0,0,0,0,0,0,0,0
0,0,0,0,0,0,2281,22812,122812,222812,2774.672607421875,38,36,1984,1986,0,0,0,0,0,0,0,0,0,0,0,0,0,0,0,0,0,0,0,0,0,0,0,0,0,0,0,0,0,0,0,0,0,0,1,2,3,4,5,6,7,8,9,10,11,12,13,14,15,16,17,18,19,20,21,22,23,24,25,26,27,28,29,30,31,32,33,34,35,36,37,38,39,40,41,42,43,44,45,46,47,48,49,50,51,52,53,54,55,56,57,58,59,60,61,62,63,64,65,66,67,68,69,70,71,72,73,74,75,76,77,78,79,80,81,82,83,84,85,86,87,88,89,90,91,92,93,94,95,96,97,98,99,100,101,102,103,104,105,106,107,108,109,110,111,112,113,114,115,116,117,118,119,120,121,122,123,124,125,126,127,128,129,130,131,132,133,134,135,136,137,138,139,1,2,1,9999,9999,1,2022,0,0,0,0,0,0,0,0,0,0,0,0,0,0,0,0,0,0,0,0,0,0,0,0,0,0,0,0,0,0,0,0,0,0,0,0,0,0,0,0,0,0,0,0,0,0,0,0,0,0,0,0,0,0,0,0,0,0,0,0,0,24014.509765625,25330.291015625,26697.859375,27758.44140625,29054.80859375,30584.578125,32240,24110.705078125,17940.451171875,19215.40234375,21000,22328.658203125,23459.5859375,24496.77734375,25488.798828125,26459.21484375,27425.708984375,28390.484375,29346.126953125,30287.609375,31210.98828125,32112.66015625,32989.0703125,33836.75,34652.20703125,35432.08984375,36173.15625,36872.2109375,37526.265625,38132.45703125,38688.07421875,39190.640625,39637.9453125,40027.91015625,40358.8046875,40629.0625,40837.46484375,40983.046875,41065.05078125,41083.20703125,41037.2890625,40927.625,40754.6171875,40693.16015625,40568.44921875,40381.1875,40132.125,39822.4921875,0,0,0,0,0,0,0,0,0,0,0,0,0,0,0,0,0,0,0,0
0,0,0,0,0,0,2281,22812,222812,122812,2774.672607421875,36,38,1986,1984,0,0,0,0,0,0,0,0,0,0,0,0,0,0,0,0,0,0,0,0,0,0,0,0,0,0,0,0,0,0,0,0,0,0,0,0,1,2,3,4,5,6,7,8,9,10,11,12,13,14,15,16,17,18,19,20,21,22,23,24,25,26,27,28,29,30,31,32,33,34,35,36,37,38,39,40,41,42,43,44,45,46,47,48,49,50,51,52,53,54,55,56,57,58,59,60,61,62,63,64,65,66,67,68,69,70,71,72,73,74,75,76,77,78,79,80,81,82,83,84,85,86,87,88,89,90,91,92,93,94,95,96,97,98,99,100,101,102,103,104,105,106,107,108,109,110,111,112,113,114,115,116,117,118,119,120,121,122,123,124,125,126,127,128,129,130,131,132,133,134,135,136,137,2,1,1,2038,2046,2,2022,0,0,0,0,0,0,0,0,0,0,0,0,0,0,0,0,0,0,0,0,0,0,0,0,0,0,0,0,0,0,0,0,0,0,0,0,0,0,0,0,0,0,0,0,0,0,0,0,0,0,0,0,0,16250.0029296875,17706.162109375,19249.6171875,20843.125,22618.62890625,23735.169921875,25382.751953125,27297.916015625,29120,7878.3916015625,8906.125,9931.6640625,11149.60546875,12588.0517578125,14231.9912109375,15969.5068359375,17828.9375,19155.58984375,21000,79568.7890625,83859.921875,87841.0234375,91683.53125,95471.3984375,99267.734375,103080.515625,106883.078125,110656.5390625,114386.0703125,118058.21875,121658.9296875,125174.5546875,128591.5,131896.265625,135075.34375,38879.1328125,39692.33984375,40459.41796875,41177.1171875,41842.296875,42452.00390625,43003.515625,43494.390625,0,0,0,0,0,0,0,0,0,0,0,0,0,0,0,0,0,0,0,0,0,0,0,0,0,0,0,0,0,0,0,0,0
0,0,0,0,0,0,2281,22813,122813,222813,2736.38916015625,38,36,1984,1986,0,0,0,0,0,0,0,0,0,0,0,0,0,0,0,0,0,0,0,0,0,0,0,0,0,0,0,0,0,0,0,0,0,0,1,2,3,4,5,6,7,8,9,10,11,12,13,14,15,16,17,18,19,20,21,22,23,24,25,26,27,28,29,30,31,32,33,34,35,36,37,38,39,40,41,42,43,44,45,46,47,48,49,50,51,52,53,54,55,56,57,58,59,60,61,62,63,64,65,66,67,68,69,70,71,72,73,74,75,76,77,78,79,80,81,82,83,84,85,86,87,88,89,90,91,92,93,94,95,96,97,98,99,100,101,102,103,104,105,106,107,108,109,110,111,112,113,114,115,116,117,118,119,120,121,122,123,124,125,126,127,128,129,130,131,132,133,134,135,136,137,138,139,1,2,1,9999,9999,1,2022,0,0,0,0,0,0,0,0,0,0,0,0,0,0,0,0,0,0,0,0,0,0,0,0,0,0,0,0,0,0,0,0,0,0,0,0,0,0,0,0,0,0,0,0,0,0,0,0,0,0,0,0,0,0,0,0,0,0,0,0,0,24014.509765625,25330.291015625,26697.859375,27758.44140625,29054.80859375,30584.578125,32240,24110.705078125,17940.451171875,19215.40234375,21000,22328.658203125,23459.5859375,24496.77734375,25488.798828125,26459.21484375,27425.708984375,28390.484375,29346.126953125,30287.609375,31210.98828125,32112.66015625,32989.0703125,33836.75,34652.20703125,35432.08984375,36173.15625,36872.2109375,37526.265625,38132.45703125,38688.07421875,39190.640625,39637.9453125,40027.91015625,40358.8046875,40629.0625,40837.46484375,40983.046875,41065.05078125,41083.20703125,41037.2890625,40927.625,40754.6171875,40693.16015625,40568.44921875,40381.1875,40132.125,39822.4921875,0,0,0,0,0,0,0,0,0,0,0,0,0,0,0,0,0,0,0,0
0,0,0,0,0,0,2281,22813,222813,122813,2736.38916015625,36,38,1986,1984,0,0,0,0,0,0,0,0,0,0,0,0,0,0,0,0,0,0,0,0,0,0,0,0,0,0,0,0,0,0,0,0,0,0,0,0,1,2,3,4,5,6,7,8,9,10,11,12,13,14,15,16,17,18,19,20,21,22,23,24,25,26,27,28,29,30,31,32,33,34,35,36,37,38,39,40,41,42,43,44,45,46,47,48,49,50,51,52,53,54,55,56,57,58,59,60,61,62,63,64,65,66,67,68,69,70,71,72,73,74,75,76,77,78,79,80,81,82,83,84,85,86,87,88,89,90,91,92,93,94,95,96,97,98,99,100,101,102,103,104,105,106,107,108,109,110,111,112,113,114,115,116,117,118,119,120,121,122,123,124,125,126,127,128,129,130,131,132,133,134,135,136,137,2,1,1,2041,2046,2,2022,0,0,0,0,0,0,0,0,0,0,0,0,0,0,0,0,0,0,0,0,0,0,0,0,0,0,0,0,0,0,0,0,0,0,0,0,0,0,0,0,0,0,0,0,0,0,0,0,0,0,0,0,0,16250.0029296875,17706.162109375,19249.6171875,20843.125,22618.62890625,23735.169921875,25382.751953125,27297.916015625,29120,7878.3916015625,8906.125,9931.6640625,11149.60546875,12588.0517578125,14231.9912109375,15969.5068359375,17828.9375,19155.58984375,21000,79568.7890625,83859.921875,87841.0234375,91683.53125,95471.3984375,99267.734375,103080.515625,106883.078125,110656.5390625,114386.0703125,118058.21875,121658.9296875,125174.5546875,128591.5,131896.265625,135075.34375,138115.609375,141004.46875,143729.609375,41177.1171875,41842.296875,42452.00390625,43003.515625,43494.390625,0,0,0,0,0,0,0,0,0,0,0,0,0,0,0,0,0,0,0,0,0,0,0,0,0,0,0,0,0,0,0,0,0
0,0,0,0,0,0,2281,22814,122814,222814,2749.447265625,38,36,1984,1986,0,0,0,0,0,0,0,0,0,0,0,0,0,0,0,0,0,0,0,0,0,0,0,0,0,0,0,0,0,0,0,0,0,0,1,2,3,4,5,6,7,8,9,10,11,12,13,14,15,16,17,18,19,20,21,22,23,24,25,26,27,28,29,30,31,32,33,34,35,36,37,38,39,40,41,42,43,44,45,46,47,48,49,50,51,52,53,54,55,56,57,58,59,60,61,62,63,64,65,66,67,68,69,70,71,72,73,74,75,76,77,78,79,80,81,82,83,84,85,86,87,88,89,90,91,92,93,94,95,96,97,98,99,100,101,102,103,104,105,106,107,108,109,110,111,112,113,114,115,116,117,118,119,120,121,122,123,124,125,126,127,128,129,130,131,132,133,134,135,136,137,138,139,1,2,1,9999,9999,1,2022,0,0,0,0,0,0,0,0,0,0,0,0,0,0,0,0,0,0,0,0,0,0,0,0,0,0,0,0,0,0,0,0,0,0,0,0,0,0,0,0,0,0,0,0,0,0,0,0,0,0,0,0,0,0,0,0,0,0,0,0,0,24014.509765625,25330.291015625,26697.859375,27758.44140625,29054.80859375,30584.578125,32240,24110.705078125,17940.451171875,19215.40234375,21000,22328.658203125,23459.5859375,24496.77734375,25488.798828125,26459.21484375,27425.708984375,28390.484375,29346.126953125,30287.609375,31210.98828125,32112.66015625,32989.0703125,33836.75,34652.20703125,35432.08984375,36173.15625,36872.2109375,37526.265625,38132.45703125,38688.07421875,39190.640625,39637.9453125,40027.91015625,40358.8046875,40629.0625,40837.46484375,40983.046875,41065.05078125,41083.20703125,41037.2890625,40927.625,40754.6171875,40693.16015625,40568.44921875,40381.1875,40132.125,39822.4921875,0,0,0,0,0,0,0,0,0,0,0,0,0,0,0,0,0,0,0,0
0,0,0,0,0,0,2281,22814,222814,122814,2749.447265625,36,38,1986,1984,0,0,0,0,0,0,0,0,0,0,0,0,0,0,0,0,0,0,0,0,0,0,0,0,0,0,0,0,0,0,0,0,0,0,0,0,1,2,3,4,5,6,7,8,9,10,11,12,13,14,15,16,17,18,19,20,21,22,23,24,25,26,27,28,29,30,31,32,33,34,35,36,37,38,39,40,41,42,43,44,45,46,47,48,49,50,51,52,53,54,55,56,57,58,59,60,61,62,63,64,65,66,67,68,69,70,71,72,73,74,75,76,77,78,79,80,81,82,83,84,85,86,87,88,89,90,91,92,93,94,95,96,97,98,99,100,101,102,103,104,105,106,107,108,109,110,111,112,113,114,115,116,117,118,119,120,121,122,123,124,125,126,127,128,129,130,131,132,133,134,135,136,137,2,1,1,2046,2046,2,2022,0,0,0,0,0,0,0,0,0,0,0,0,0,0,0,0,0,0,0,0,0,0,0,0,0,0,0,0,0,0,0,0,0,0,0,0,0,0,0,0,0,0,0,0,0,0,0,0,0,0,0,0,0,16250.0029296875,17706.162109375,19249.6171875,20843.125,22618.62890625,23735.169921875,25382.751953125,27297.916015625,29120,7878.3916015625,8906.125,9931.6640625,11149.60546875,12588.0517578125,14231.9912109375,15969.5068359375,17828.9375,19155.58984375,21000,79568.7890625,83859.921875,87841.0234375,91683.53125,95471.3984375,99267.734375,103080.515625,106883.078125,110656.5390625,114386.0703125,118058.21875,121658.9296875,125174.5546875,128591.5,131896.265625,135075.34375,138115.609375,141004.46875,143729.609375,146279.1875,148642.0625,150808.015625,152767.21875,154511.015625,0,0,0,0,0,0,0,0,0,0,0,0,0,0,0,0,0,0,0,0,0,0,0,0,0,0,0,0,0,0,0,0,0
0,0,0,0,0,0,2281,22815,122815,222815,2752.027099609375,38,36,1984,1986,0,0,0,0,0,0,0,0,0,0,0,0,0,0,0,0,0,0,0,0,0,0,0,0,0,0,0,0,0,0,0,0,0,0,1,2,3,4,5,6,7,8,9,10,11,12,13,14,15,16,17,18,19,20,21,22,23,24,25,26,27,28,29,30,31,32,33,34,35,36,37,38,39,40,41,42,43,44,45,46,47,48,49,50,51,52,53,54,55,56,57,58,59,60,61,62,63,64,65,66,67,68,69,70,71,72,73,74,75,76,77,78,79,80,81,82,83,84,85,86,87,88,89,90,91,92,93,94,95,96,97,98,99,100,101,102,103,104,105,106,107,108,109,110,111,112,113,114,115,116,117,118,119,120,121,122,123,124,125,126,127,128,129,130,131,132,133,134,135,136,137,138,139,1,2,1,9999,9999,1,2022,0,0,0,0,0,0,0,0,0,0,0,0,0,0,0,0,0,0,0,0,0,0,0,0,0,0,0,0,0,0,0,0,0,0,0,0,0,0,0,0,0,0,0,0,0,0,0,0,0,0,0,0,0,0,0,0,0,0,0,0,0,24014.509765625,25330.291015625,26697.859375,27758.44140625,29054.80859375,30584.578125,32240,24110.705078125,17940.451171875,19215.40234375,21000,22328.658203125,23459.5859375,24496.77734375,25488.798828125,26459.21484375,27425.708984375,28390.484375,29346.126953125,30287.609375,31210.98828125,32112.66015625,32989.0703125,33836.75,34652.20703125,35432.08984375,36173.15625,36872.2109375,37526.265625,38132.45703125,38688.07421875,39190.640625,39637.9453125,40027.91015625,40358.8046875,40629.0625,40837.46484375,40983.046875,41065.05078125,41083.20703125,41037.2890625,40927.625,40754.6171875,40693.16015625,40568.44921875,40381.1875,40132.125,39822.4921875,0,0,0,0,0,0,0,0,0,0,0,0,0,0,0,0,0,0,0,0
0,0,0,0,0,0,2281,22815,222815,122815,2752.027099609375,36,38,1986,1984,0,0,0,0,0,0,0,0,0,0,0,0,0,0,0,0,0,0,0,0,0,0,0,0,0,0,0,0,0,0,0,0,0,0,0,0,1,2,3,4,5,6,7,8,9,10,11,12,13,14,15,16,17,18,19,20,21,22,23,24,25,26,27,28,29,30,31,32,33,34,35,36,37,38,39,40,41,42,43,44,45,46,47,48,49,50,51,52,53,54,55,56,57,58,59,60,61,62,63,64,65,66,67,68,69,70,71,72,73,74,75,76,77,78,79,80,81,82,83,84,85,86,87,88,89,90,91,92,93,94,95,96,97,98,99,100,101,102,103,104,105,106,107,108,109,110,111,112,113,114,115,116,117,118,119,120,121,122,123,124,125,126,127,128,129,130,131,132,133,134,135,136,137,2,1,1,2045,2046,2,2022,0,0,0,0,0,0,0,0,0,0,0,0,0,0,0,0,0,0,0,0,0,0,0,0,0,0,0,0,0,0,0,0,0,0,0,0,0,0,0,0,0,0,0,0,0,0,0,0,0,0,0,0,0,16250.0029296875,17706.162109375,19249.6171875,20843.125,22618.62890625,23735.169921875,25382.751953125,27297.916015625,29120,7878.3916015625,8906.125,9931.6640625,11149.60546875,12588.0517578125,14231.9912109375,15969.5068359375,17828.9375,19155.58984375,21000,79568.7890625,83859.921875,87841.0234375,91683.53125,95471.3984375,99267.734375,103080.515625,106883.078125,110656.5390625,114386.0703125,118058.21875,121658.9296875,125174.5546875,128591.5,131896.265625,135075.34375,138115.609375,141004.46875,143729.609375,146279.1875,148642.0625,150808.015625,152767.21875,43494.390625,0,0,0,0,0,0,0,0,0,0,0,0,0,0,0,0,0,0,0,0,0,0,0,0,0,0,0,0,0,0,0,0,0
0,0,0,0,0,0,2763,27631,127631,227631,6816.93408203125,40,38,1982,1984,0,0,0,0,0,0,0,0,0,0,0,0,0,0,0,0,0,0,0,0,0,0,0,0,0,0,0,0,0,0,0,0,1,2,3,4,5,6,7,8,9,10,11,12,13,14,15,16,17,18,19,20,21,22,23,24,25,26,27,28,29,30,31,32,33,34,35,36,37,38,39,40,41,42,43,44,45,46,47,48,49,50,51,52,53,54,55,56,57,58,59,60,61,62,63,64,65,66,67,68,69,70,71,72,73,74,75,76,77,78,79,80,81,82,83,84,85,86,87,88,89,90,91,92,93,94,95,96,97,98,99,100,101,102,103,104,105,106,107,108,109,110,111,112,113,114,115,116,117,118,119,120,121,122,123,124,125,126,127,128,129,130,131,132,133,134,135,136,137,138,139,140,141,1,2,1,2038,2038,1,2022,0,0,0,0,0,0,0,0,0,0,0,0,0,0,0,0,0,0,0,0,0,0,0,0,0,0,0,0,0,0,0,0,0,0,0,0,0,0,0,0,0,0,0,0,0,0,0,0,0,0,0,0,0,0,0,110000,59379.93359375,63946.09375,66593.6640625,70679.7890625,75444.0234375,89220.1328125,93815.671875,98572.9375,102169.7734375,106608.3984375,111872.1328125,117560.265625,122607.7421875,127228.1875,135845.59375,148000,156873.9375,164306.4375,171036.6875,177408.875,183590.15625,189703.9375,195766.03125,201725.78125,207549.484375,213211.125,218688.0625,223957.15625,228996.65625,233785.4375,238303.171875,242530.03125,0,0,0,0,0,0,0,0,0,0,0,0,0,0,0,0,0,0,0,0,0,0,0,0,0,0,0,0,0,0,0,0,0,0,0,0,0,0,0,0,0
0,0,0,0,0,0,2763,27631,227631,127631,6816.93408203125,38,40,1984,1982,0,0,0,0,0,0,0,0,0,0,0,0,0,0,0,0,0,0,0,0,0,0,0,0,0,0,0,0,0,0,0,0,0,0,1,2,3,4,5,6,7,8,9,10,11,12,13,14,15,16,17,18,19,20,21,22,23,24,25,26,27,28,29,30,31,32,33,34,35,36,37,38,39,40,41,42,43,44,45,46,47,48,49,50,51,52,53,54,55,56,57,58,59,60,61,62,63,64,65,66,67,68,69,70,71,72,73,74,75,76,77,78,79,80,81,82,83,84,85,86,87,88,89,90,91,92,93,94,95,96,97,98,99,100,101,102,103,104,105,106,107,108,109,110,111,112,113,114,115,116,117,118,119,120,121,122,123,124,125,126,127,128,129,130,131,132,133,134,135,136,137,138,139,2,1,1,,2033,2,2022,0,0,0,0,0,0,0,0,0,0,0,0,0,0,0,0,0,0,0,0,0,0,0,0,0,0,0,0,0,0,0,0,0,0,0,0,0,0,0,0,0,0,0,0,0,0,0,0,0,0,0,0,0,80000,37318.62109375,40383.3671875,43525.6484375,47019.01171875,49118.63671875,52295.29296875,55994.59375,66426,70065.5546875,73848.421875,76782.0078125,80367.9375,23814.455078125,25103.439453125,26263.009765625,27337.8203125,29280.603515625,32000,34024.609375,35747.9296875,37328.41015625,38840.0625,40318.79296875,41791.54296875,43261.67578125,44717.89453125,46152.578125,47559.5859375,48933.5625,0,0,0,0,0,0,0,0,0,0,0,0,0,0,0,0,0,0,0,0,0,0,0,0,0,0,0,0,0,0,0,0,0,0,0,0,0,0,0,0,0,0,0,0,0,0
0,0,0,0,0,0,2763,27632,127632,227632,8029.296875,40,38,1982,1984,0,0,0,0,0,0,0,0,0,0,0,0,0,0,0,0,0,0,0,0,0,0,0,0,0,0,0,0,0,0,0,0,1,2,3,4,5,6,7,8,9,10,11,12,13,14,15,16,17,18,19,20,21,22,23,24,25,26,27,28,29,30,31,32,33,34,35,36,37,38,39,40,41,42,43,44,45,46,47,48,49,50,51,52,53,54,55,56,57,58,59,60,61,62,63,64,65,66,67,68,69,70,71,72,73,74,75,76,77,78,79,80,81,82,83,84,85,86,87,88,89,90,91,92,93,94,95,96,97,98,99,100,101,102,103,104,105,106,107,108,109,110,111,112,113,114,115,116,117,118,119,120,121,122,123,124,125,126,127,128,129,130,131,132,133,134,135,136,137,138,139,140,141,1,2,1,2038,2038,1,2022,0,0,0,0,0,0,0,0,0,0,0,0,0,0,0,0,0,0,0,0,0,0,0,0,0,0,0,0,0,0,0,0,0,0,0,0,0,0,0,0,0,0,0,0,0,0,0,0,0,0,0,0,0,0,0,110000,59379.93359375,63946.09375,66593.6640625,70679.7890625,75444.0234375,89220.1328125,93815.671875,98572.9375,102169.7734375,106608.3984375,111872.1328125,117560.265625,122607.7421875,127228.1875,135845.59375,148000,156873.9375,164306.4375,171036.6875,177408.875,183590.15625,189703.9375,195766.03125,201725.78125,207549.484375,213211.125,218688.0625,223957.15625,228996.65625,233785.4375,238303.171875,242530.03125,0,0,0,0,0,0,0,0,0,0,0,0,0,0,0,0,0,0,0,0,0,0,0,0,0,0,0,0,0,0,0,0,0,0,0,0,0,0,0,0,0
0,0,0,0,0,0,2763,27632,227632,127632,8029.296875,38,40,1984,1982,0,0,0,0,0,0,0,0,0,0,0,0,0,0,0,0,0,0,0,0,0,0,0,0,0,0,0,0,0,0,0,0,0,0,1,2,3,4,5,6,7,8,9,10,11,12,13,14,15,16,17,18,19,20,21,22,23,24,25,26,27,28,29,30,31,32,33,34,35,36,37,38,39,40,41,42,43,44,45,46,47,48,49,50,51,52,53,54,55,56,57,58,59,60,61,62,63,64,65,66,67,68,69,70,71,72,73,74,75,76,77,78,79,80,81,82,83,84,85,86,87,88,89,90,91,92,93,94,95,96,97,98,99,100,101,102,103,104,105,106,107,108,109,110,111,112,113,114,115,116,117,118,119,120,121,122,123,124,125,126,127,128,129,130,131,132,133,134,135,136,137,138,139,2,1,1,,2033,2,2022,0,0,0,0,0,0,0,0,0,0,0,0,0,0,0,0,0,0,0,0,0,0,0,0,0,0,0,0,0,0,0,0,0,0,0,0,0,0,0,0,0,0,0,0,0,0,0,0,0,0,0,0,0,80000,37318.62109375,40383.3671875,43525.6484375,47019.01171875,49118.63671875,52295.29296875,55994.59375,66426,70065.5546875,73848.421875,76782.0078125,80367.9375,23814.455078125,25103.439453125,26263.009765625,27337.8203125,29280.603515625,32000,34024.609375,35747.9296875,37328.41015625,38840.0625,40318.79296875,41791.54296875,43261.67578125,44717.89453125,46152.578125,47559.5859375,48933.5625,0,0,0,0,0,0,0,0,0,0,0,0,0,0,0,0,0,0,0,0,0,0,0,0,0,0,0,0,0,0,0,0,0,0,0,0,0,0,0,0,0,0,0,0,0,0
0,0,0,0,0,0,2763,27633,127633,227633,5749.423828125,40,38,1982,1984,0,0,0,0,0,0,0,0,0,0,0,0,0,0,0,0,0,0,0,0,0,0,0,0,0,0,0,0,0,0,0,0,1,2,3,4,5,6,7,8,9,10,11,12,13,14,15,16,17,18,19,20,21,22,23,24,25,26,27,28,29,30,31,32,33,34,35,36,37,38,39,40,41,42,43,44,45,46,47,48,49,50,51,52,53,54,55,56,57,58,59,60,61,62,63,64,65,66,67,68,69,70,71,72,73,74,75,76,77,78,79,80,81,82,83,84,85,86,87,88,89,90,91,92,93,94,95,96,97,98,99,100,101,102,103,104,105,106,107,108,109,110,111,112,113,114,115,116,117,118,119,120,121,122,123,124,125,126,127,128,129,130,131,132,133,134,135,136,137,138,139,140,141,1,2,1,2038,2038,1,2022,0,0,0,0,0,0,0,0,0,0,0,0,0,0,0,0,0,0,0,0,0,0,0,0,0,0,0,0,0,0,0,0,0,0,0,0,0,0,0,0,0,0,0,0,0,0,0,0,0,0,0,0,0,0,0,110000,59379.93359375,63946.09375,66593.6640625,70679.7890625,75444.0234375,89220.1328125,93815.671875,98572.9375,102169.7734375,106608.3984375,111872.1328125,117560.265625,122607.7421875,127228.1875,135845.59375,148000,156873.9375,164306.4375,171036.6875,177408.875,183590.15625,189703.9375,195766.03125,201725.78125,207549.484375,213211.125,218688.0625,223957.15625,228996.65625,233785.4375,238303.171875,242530.03125,0,0,0,0,0,0,0,0,0,0,0,0,0,0,0,0,0,0,0,0,0,0,0,0,0,0,0,0,0,0,0,0,0,0,0,0,0,0,0,0,0
0,0,0,0,0,0,2763,27633,227633,127633,5749.423828125,38,40,1984,1982,0,0,0,0,0,0,0,0,0,0,0,0,0,0,0,0,0,0,0,0,0,0,0,0,0,0,0,0,0,0,0,0,0,0,1,2,3,4,5,6,7,8,9,10,11,12,13,14,15,16,17,18,19,20,21,22,23,24,25,26,27,28,29,30,31,32,33,34,35,36,37,38,39,40,41,42,43,44,45,46,47,48,49,50,51,52,53,54,55,56,57,58,59,60,61,62,63,64,65,66,67,68,69,70,71,72,73,74,75,76,77,78,79,80,81,82,83,84,85,86,87,88,89,90,91,92,93,94,95,96,97,98,99,100,101,102,103,104,105,106,107,108,109,110,111,112,113,114,115,116,117,118,119,120,121,122,123,124,125,126,127,128,129,130,131,132,133,134,135,136,137,138,139,2,1,1,,2033,2,2022,0,0,0,0,0,0,0,0,0,0,0,0,0,0,0,0,0,0,0,0,0,0,0,0,0,0,0,0,0,0,0,0,0,0,0,0,0,0,0,0,0,0,0,0,0,0,0,0,0,0,0,0,0,80000,37318.62109375,40383.3671875,43525.6484375,47019.01171875,49118.63671875,52295.29296875,55994.59375,66426,70065.5546875,73848.421875,76782.0078125,80367.9375,23814.455078125,25103.439453125,26263.009765625,27337.8203125,29280.603515625,32000,34024.609375,35747.9296875,37328.41015625,38840.0625,40318.79296875,41791.54296875,43261.67578125,44717.89453125,46152.578125,47559.5859375,48933.5625,0,0,0,0,0,0,0,0,0,0,0,0,0,0,0,0,0,0,0,0,0,0,0,0,0,0,0,0,0,0,0,0,0,0,0,0,0,0,0,0,0,0,0,0,0,0
0,0,0,0,0,0,2763,27634,127634,227634,6892.314453125,40,38,1982,1984,0,0,0,0,0,0,0,0,0,0,0,0,0,0,0,0,0,0,0,0,0,0,0,0,0,0,0,0,0,0,0,0,1,2,3,4,5,6,7,8,9,10,11,12,13,14,15,16,17,18,19,20,21,22,23,24,25,26,27,28,29,30,31,32,33,34,35,36,37,38,39,40,41,42,43,44,45,46,47,48,49,50,51,52,53,54,55,56,57,58,59,60,61,62,63,64,65,66,67,68,69,70,71,72,73,74,75,76,77,78,79,80,81,82,83,84,85,86,87,88,89,90,91,92,93,94,95,96,97,98,99,100,101,102,103,104,105,106,107,108,109,110,111,112,113,114,115,116,117,118,119,120,121,122,123,124,125,126,127,128,129,130,131,132,133,134,135,136,137,138,139,140,141,1,2,1,2038,2038,1,2022,0,0,0,0,0,0,0,0,0,0,0,0,0,0,0,0,0,0,0,0,0,0,0,0,0,0,0,0,0,0,0,0,0,0,0,0,0,0,0,0,0,0,0,0,0,0,0,0,0,0,0,0,0,0,0,110000,59379.93359375,63946.09375,66593.6640625,70679.7890625,75444.0234375,89220.1328125,93815.671875,98572.9375,102169.7734375,106608.3984375,111872.1328125,117560.265625,122607.7421875,127228.1875,135845.59375,148000,156873.9375,164306.4375,171036.6875,177408.875,183590.15625,189703.9375,195766.03125,201725.78125,207549.484375,213211.125,218688.0625,223957.15625,228996.65625,233785.4375,238303.171875,242530.03125,0,0,0,0,0,0,0,0,0,0,0,0,0,0,0,0,0,0,0,0,0,0,0,0,0,0,0,0,0,0,0,0,0,0,0,0,0,0,0,0,0
0,0,0,0,0,0,2763,27634,227634,127634,6892.314453125,38,40,1984,1982,0,0,0,0,0,0,0,0,0,0,0,0,0,0,0,0,0,0,0,0,0,0,0,0,0,0,0,0,0,0,0,0,0,0,1,2,3,4,5,6,7,8,9,10,11,12,13,14,15,16,17,18,19,20,21,22,23,24,25,26,27,28,29,30,31,32,33,34,35,36,37,38,39,40,41,42,43,44,45,46,47,48,49,50,51,52,53,54,55,56,57,58,59,60,61,62,63,64,65,66,67,68,69,70,71,72,73,74,75,76,77,78,79,80,81,82,83,84,85,86,87,88,89,90,91,92,93,94,95,96,97,98,99,100,101,102,103,104,105,106,107,108,109,110,111,112,113,114,115,116,117,118,119,120,121,122,123,124,125,126,127,128,129,130,131,132,133,134,135,136,137,138,139,2,1,1,,2033,2,2022,0,0,0,0,0,0,0,0,0,0,0,0,0,0,0,0,0,0,0,0,0,0,0,0,0,0,0,0,0,0,0,0,0,0,0,0,0,0,0,0,0,0,0,0,0,0,0,0,0,0,0,0,0,80000,37318.62109375,40383.3671875,43525.6484375,47019.01171875,49118.63671875,52295.29296875,55994.59375,66426,70065.5546875,73848.421875,76782.0078125,80367.9375,23814.455078125,25103.439453125,26263.009765625,27337.8203125,29280.603515625,32000,34024.609375,35747.9296875,37328.41015625,38840.0625,40318.79296875,41791.54296875,43261.67578125,44717.89453125,46152.578125,47559.5859375,48933.5625,0,0,0,0,0,0,0,0,0,0,0,0,0,0,0,0,0,0,0,0,0,0,0,0,0,0,0,0,0,0,0,0,0,0,0,0,0,0,0,0,0,0,0,0,0,0
0,0,0,0,0,0,2763,27635,127635,227635,6200.97607421875,40,38,1982,1984,0,0,0,0,0,0,0,0,0,0,0,0,0,0,0,0,0,0,0,0,0,0,0,0,0,0,0,0,0,0,0,0,1,2,3,4,5,6,7,8,9,10,11,12,13,14,15,16,17,18,19,20,21,22,23,24,25,26,27,28,29,30,31,32,33,34,35,36,37,38,39,40,41,42,43,44,45,46,47,48,49,50,51,52,53,54,55,56,57,58,59,60,61,62,63,64,65,66,67,68,69,70,71,72,73,74,75,76,77,78,79,80,81,82,83,84,85,86,87,88,89,90,91,92,93,94,95,96,97,98,99,100,101,102,103,104,105,106,107,108,109,110,111,112,113,114,115,116,117,118,119,120,121,122,123,124,125,126,127,128,129,130,131,132,133,134,135,136,137,138,139,140,141,1,2,1,2038,2038,1,2022,0,0,0,0,0,0,0,0,0,0,0,0,0,0,0,0,0,0,0,0,0,0,0,0,0,0,0,0,0,0,0,0,0,0,0,0,0,0,0,0,0,0,0,0,0,0,0,0,0,0,0,0,0,0,0,110000,59379.93359375,63946.09375,66593.6640625,70679.7890625,75444.0234375,89220.1328125,93815.671875,98572.9375,102169.7734375,106608.3984375,111872.1328125,117560.265625,122607.7421875,127228.1875,135845.59375,148000,156873.9375,164306.4375,171036.6875,177408.875,183590.15625,189703.9375,195766.03125,201725.78125,207549.484375,213211.125,218688.0625,223957.15625,228996.65625,233785.4375,238303.171875,242530.03125,0,0,0,0,0,0,0,0,0,0,0,0,0,0,0,0,0,0,0,0,0,0,0,0,0,0,0,0,0,0,0,0,0,0,0,0,0,0,0,0,0
0,0,0,0,0,0,2763,27635,227635,127635,6200.97607421875,38,40,1984,1982,0,0,0,0,0,0,0,0,0,0,0,0,0,0,0,0,0,0,0,0,0,0,0,0,0,0,0,0,0,0,0,0,0,0,1,2,3,4,5,6,7,8,9,10,11,12,13,14,15,16,17,18,19,20,21,22,23,24,25,26,27,28,29,30,31,32,33,34,35,36,37,38,39,40,41,42,43,44,45,46,47,48,49,50,51,52,53,54,55,56,57,58,59,60,61,62,63,64,65,66,67,68,69,70,71,72,73,74,75,76,77,78,79,80,81,82,83,84,85,86,87,88,89,90,91,92,93,94,95,96,97,98,99,100,101,102,103,104,105,106,107,108,109,110,111,112,113,114,115,116,117,118,119,120,121,122,123,124,125,126,127,128,129,130,131,132,133,134,135,136,137,138,139,2,1,1,,2033,2,2022,0,0,0,0,0,0,0,0,0,0,0,0,0,0,0,0,0,0,0,0,0,0,0,0,0,0,0,0,0,0,0,0,0,0,0,0,0,0,0,0,0,0,0,0,0,0,0,0,0,0,0,0,0,80000,37318.62109375,40383.3671875,43525.6484375,47019.01171875,49118.63671875,52295.29296875,55994.59375,66426,70065.5546875,73848.421875,76782.0078125,80367.9375,23814.455078125,25103.439453125,26263.009765625,27337.8203125,29280.603515625,32000,34024.609375,35747.9296875,37328.41015625,38840.0625,40318.79296875,41791.54296875,43261.67578125,44717.89453125,46152.578125,47559.5859375,48933.5625,0,0,0,0,0,0,0,0,0,0,0,0,0,0,0,0,0,0,0,0,0,0,0,0,0,0,0,0,0,0,0,0,0,0,0,0,0,0,0,0,0,0,0,0,0,0
2,1400,4,7,380,4,3182,31821,131821,231821,3891.86181640625,70,79,1952,1943,0,0,1,2,3,4,5,6,7,8,9,10,11,12,13,14,15,16,17,18,19,20,21,22,23,24,25,26,27,28,29,30,31,32,33,34,35,36,37,38,39,40,41,42,43,44,45,46,47,48,49,50,51,52,53,54,55,56,57,58,59,60,61,62,63,64,65,66,67,68,69,70,71,72,73,74,75,76,77,78,79,80,81,82,83,84,85,86,87,88,89,90,91,92,93,94,95,96,97,98,99,100,101,102,103,104,105,106,107,108,109,110,111,112,113,114,115,116,117,118,119,120,121,122,123,124,125,126,127,128,129,130,131,132,133,134,135,136,137,138,139,140,141,142,143,144,145,146,147,148,149,150,151,152,153,154,155,156,157,158,159,160,161,162,163,164,165,166,167,168,169,170,171,1,2,1,,9999,1,2022,0,0,0,0,0,0,0,0,0,0,0,0,0,0,0,0,0,0,0,0,0,0,0,0,0,0,0,0,0,0,0,0,0,9918.423828125,10619.4873046875,11208.375,11917.22265625,12751.6044921875,13683.255859375,14663.3427734375,15531.8984375,16318.388671875,17089.056640625,19878.283203125,20674.171875,21475.298828125,22186.00390625,22672,0,0,0,0,0,0,0,0,0,0,0,0,0,0,0,0,0,0,8022.0595703125,8044.802734375,8006.87841796875,7929.021484375,8079.27294921875,8400,8496.869140625,8492.853515625,8436.828125,8351.3408203125,8247.4697265625,0,0,0,0,0,0,0,0,0,0,0,0,0,0,0,0,0,0,0,0,0,0,0,0,0,0,0,0,0,0,0,0,0,0,0,0,0,0,0,0,0,0,0,0,0,0,0,0,0,0,0,0
2,1400,4,7,380,4,3182,31821,231821,131821,3891.86181640625,79,70,1943,1952,8,9,10,11,12,13,14,15,16,17,18,19,20,21,22,23,24,25,26,27,28,29,30,31,32,33,34,35,36,37,38,39,40,41,42,43,44,45,46,47,48,49,50,51,52,53,54,55,56,57,58,59,60,61,62,63,64,65,66,67,68,69,70,71,72,73,74,75,76,77,78,79,80,81,82,83,84,85,86,87,88,89,90,91,92,93,94,95,96,97,98,99,100,101,102,103,104,105,106,107,108,109,110,111,112,113,114,115,116,117,118,119,120,121,122,123,124,125,126,127,128,129,130,131,132,133,134,135,136,137,138,139,140,141,142,143,144,145,146,147,148,149,150,151,152,153,154,155,156,157,158,159,160,161,162,163,164,165,166,167,168,169,170,171,172,173,174,175,176,177,178,179,180,2,1,1,,,2,2022,0,0,0,0,0,0,0,0,0,0,0,0,0,0,0,0,0,0,0,0,0,0,0,0,0,0,0,0,0,0,0,0,0,0,0,0,0,11534.373046875,12204.6708984375,12896.630859375,13470.23828125,13955.181640625,14410.6435546875,16529.177734375,16951.494140625,17363.0546875,17687.76953125,17823.435546875,18049.86328125,18443.419921875,18720,0,0,0,0,0,0,0,0,0,0,0,0,0,0,0,0,0,0,0,0,0,0,0,0,0,0,0,0,0,0,0,0,0,0,0,0,0,0,0,0,0,0,0,0,0,0,0,0,0,0,0,0,0,0,0,0,0,0,0,0,0,0,0,0,0,0,0,0,0,0,0,0,0,0,0,0,0,0
2,1400,4,7,380,4,3182,31822,131822,231822,3911.477783203125,70,79,1952,1943,0,0,1,2,3,4,5,6,7,8,9,10,11,12,13,14,15,16,17,18,19,20,21,22,23,24,25,26,27,28,29,30,31,32,33,34,35,36,37,38,39,40,41,42,43,44,45,46,47,48,49,50,51,52,53,54,55,56,57,58,59,60,61,62,63,64,65,66,67,68,69,70,71,72,73,74,75,76,77,78,79,80,81,82,83,84,85,86,87,88,89,90,91,92,93,94,95,96,97,98,99,100,101,102,103,104,105,106,107,108,109,110,111,112,113,114,115,116,117,118,119,120,121,122,123,124,125,126,127,128,129,130,131,132,133,134,135,136,137,138,139,140,141,142,143,144,145,146,147,148,149,150,151,152,153,154,155,156,157,158,159,160,161,162,163,164,165,166,167,168,169,170,171,1,2,1,,9999,1,2022,0,0,0,0,0,0,0,0,0,0,0,0,0,0,0,0,0,0,0,0,0,0,0,0,0,0,0,0,0,0,0,0,0,9918.423828125,10619.4873046875,11208.375,11917.22265625,12751.6044921875,13683.255859375,14663.3427734375,15531.8984375,16318.388671875,17089.056640625,19878.283203125,20674.171875,21475.298828125,22186.00390625,22672,0,0,0,0,0,0,0,0,0,0,0,0,0,0,0,0,0,0,8022.0595703125,8044.802734375,8006.87841796875,7929.021484375,8079.27294921875,8400,8496.869140625,8492.853515625,8436.828125,8351.3408203125,8247.4697265625,0,0,0,0,0,0,0,0,0,0,0,0,0,0,0,0,0,0,0,0,0,0,0,0,0,0,0,0,0,0,0,0,0,0,0,0,0,0,0,0,0,0,0,0,0,0,0,0,0,0,0,0
2,1400,4,7,380,4,3182,31822,231822,131822,3911.477783203125,79,70,1943,1952,8,9,10,11,12,13,14,15,16,17,18,19,20,21,22,23,24,25,26,27,28,29,30,31,32,33,34,35,36,37,38,39,40,41,42,43,44,45,46,47,48,49,50,51,52,53,54,55,56,57,58,59,60,61,62,63,64,65,66,67,68,69,70,71,72,73,74,75,76,77,78,79,80,81,82,83,84,85,86,87,88,89,90,91,92,93,94,95,96,97,98,99,100,101,102,103,104,105,106,107,108,109,110,111,112,113,114,115,116,117,118,119,120,121,122,123,124,125,126,127,128,129,130,131,132,133,134,135,136,137,138,139,140,141,142,143,144,145,146,147,148,149,150,151,152,153,154,155,156,157,158,159,160,161,162,163,164,165,166,167,168,169,170,171,172,173,174,175,176,177,178,179,180,2,1,1,,,2,2022,0,0,0,0,0,0,0,0,0,0,0,0,0,0,0,0,0,0,0,0,0,0,0,0,0,0,0,0,0,0,0,0,0,0,0,0,0,11534.373046875,12204.6708984375,12896.630859375,13470.23828125,13955.181640625,14410.6435546875,16529.177734375,16951.494140625,17363.0546875,17687.76953125,17823.435546875,18049.86328125,18443.419921875,18720,0,0,0,0,0,0,0,0,0,0,0,0,0,0,0,0,0,0,0,0,0,0,0,0,0,0,0,0,0,0,0,0,0,0,0,0,0,0,0,0,0,0,0,0,0,0,0,0,0,0,0,0,0,0,0,0,0,0,0,0,0,0,0,0,0,0,0,0,0,0,0,0,0,0,0,0,0,0
2,1400,4,7,380,4,3182,31823,131823,231823,3852.864013671875,70,79,1952,1943,0,0,1,2,3,4,5,6,7,8,9,10,11,12,13,14,15,16,17,18,19,20,21,22,23,24,25,26,27,28,29,30,31,32,33,34,35,36,37,38,39,40,41,42,43,44,45,46,47,48,49,50,51,52,53,54,55,56,57,58,59,60,61,62,63,64,65,66,67,68,69,70,71,72,73,74,75,76,77,78,79,80,81,82,83,84,85,86,87,88,89,90,91,92,93,94,95,96,97,98,99,100,101,102,103,104,105,106,107,108,109,110,111,112,113,114,115,116,117,118,119,120,121,122,123,124,125,126,127,128,129,130,131,132,133,134,135,136,137,138,139,140,141,142,143,144,145,146,147,148,149,150,151,152,153,154,155,156,157,158,159,160,161,162,163,164,165,166,167,168,169,170,171,1,2,1,,9999,1,2022,0,0,0,0,0,0,0,0,0,0,0,0,0,0,0,0,0,0,0,0,0,0,0,0,0,0,0,0,0,0,0,0,0,9918.423828125,10619.4873046875,11208.375,11917.22265625,12751.6044921875,13683.255859375,14663.3427734375,15531.8984375,16318.388671875,17089.056640625,19878.283203125,20674.171875,21475.298828125,22186.00390625,22672,0,0,0,0,0,0,0,0,0,0,0,0,0,0,0,0,0,0,8022.0595703125,8044.802734375,8006.87841796875,7929.021484375,8079.27294921875,8400,8496.869140625,8492.853515625,8436.828125,8351.3408203125,8247.4697265625,0,0,0,0,0,0,0,0,0,0,0,0,0,0,0,0,0,0,0,0,0,0,0,0,0,0,0,0,0,0,0,0,0,0,0,0,0,0,0,0,0,0,0,0,0,0,0,0,0,0,0,0
2,1400,4,7,380,4,3182,31823,231823,131823,3852.864013671875,79,70,1943,1952,8,9,10,11,12,13,14,15,16,17,18,19,20,21,22,23,24,25,26,27,28,29,30,31,32,33,34,35,36,37,38,39,40,41,42,43,44,45,46,47,48,49,50,51,52,53,54,55,56,57,58,59,60,61,62,63,64,65,66,67,68,69,70,71,72,73,74,75,76,77,78,79,80,81,82,83,84,85,86,87,88,89,90,91,92,93,94,95,96,97,98,99,100,101,102,103,104,105,106,107,108,109,110,111,112,113,114,115,116,117,118,119,120,121,122,123,124,125,126,127,128,129,130,131,132,133,134,135,136,137,138,139,140,141,142,143,144,145,146,147,148,149,150,151,152,153,154,155,156,157,158,159,160,161,162,163,164,165,166,167,168,169,170,171,172,173,174,175,176,177,178,179,180,2,1,1,,,2,2022,0,0,0,0,0,0,0,0,0,0,0,0,0,0,0,0,0,0,0,0,0,0,0,0,0,0,0,0,0,0,0,0,0,0,0,0,0,11534.373046875,12204.6708984375,12896.630859375,13470.23828125,13955.181640625,14410.6435546875,16529.177734375,16951.494140625,17363.0546875,17687.76953125,17823.435546875,18049.86328125,18443.419921875,18720,0,0,0,0,0,0,0,0,0,0,0,0,0,0,0,0,0,0,0,0,0,0,0,0,0,0,0,0,0,0,0,0,0,0,0,0,0,0,0,0,0,0,0,0,0,0,0,0,0,0,0,0,0,0,0,0,0,0,0,0,0,0,0,0,0,0,0,0,0,0,0,0,0,0,0,0,0,0
2,1400,4,7,380,4,3182,31824,131824,231824,3914.7548828125,70,79,1952,1943,0,0,1,2,3,4,5,6,7,8,9,10,11,12,13,14,15,16,17,18,19,20,21,22,23,24,25,26,27,28,29,30,31,32,33,34,35,36,37,38,39,40,41,42,43,44,45,46,47,48,49,50,51,52,53,54,55,56,57,58,59,60,61,62,63,64,65,66,67,68,69,70,71,72,73,74,75,76,77,78,79,80,81,82,83,84,85,86,87,88,89,90,91,92,93,94,95,96,97,98,99,100,101,102,103,104,105,106,107,108,109,110,111,112,113,114,115,116,117,118,119,120,121,122,123,124,125,126,127,128,129,130,131,132,133,134,135,136,137,138,139,140,141,142,143,144,145,146,147,148,149,150,151,152,153,154,155,156,157,158,159,160,161,162,163,164,165,166,167,168,169,170,171,1,2,1,,9999,1,2022,0,0,0,0,0,0,0,0,0,0,0,0,0,0,0,0,0,0,0,0,0,0,0,0,0,0,0,0,0,0,0,0,0,9918.423828125,10619.4873046875,11208.375,11917.22265625,12751.6044921875,13683.255859375,14663.3427734375,15531.8984375,16318.388671875,17089.056640625,19878.283203125,20674.171875,21475.298828125,22186.00390625,22672,0,0,0,0,0,0,0,0,0,0,0,0,0,0,0,0,0,0,8022.0595703125,8044.802734375,8006.87841796875,7929.021484375,8079.27294921875,8400,8496.869140625,8492.853515625,8436.828125,8351.3408203125,8247.4697265625,0,0,0,0,0,0,0,0,0,0,0,0,0,0,0,0,0,0,0,0,0,0,0,0,0,0,0,0,0,0,0,0,0,0,0,0,0,0,0,0,0,0,0,0,0,0,0,0,0,0,0,0
2,1400,4,7,380,4,3182,31824,231824,131824,3914.7548828125,79,70,1943,1952,8,9,10,11,12,13,14,15,16,17,18,19,20,21,22,23,24,25,26,27,28,29,30,31,32,33,34,35,36,37,38,39,40,41,42,43,44,45,46,47,48,49,50,51,52,53,54,55,56,57,58,59,60,61,62,63,64,65,66,67,68,69,70,71,72,73,74,75,76,77,78,79,80,81,82,83,84,85,86,87,88,89,90,91,92,93,94,95,96,97,98,99,100,101,102,103,104,105,106,107,108,109,110,111,112,113,114,115,116,117,118,119,120,121,122,123,124,125,126,127,128,129,130,131,132,133,134,135,136,137,138,139,140,141,142,143,144,145,146,147,148,149,150,151,152,153,154,155,156,157,158,159,160,161,162,163,164,165,166,167,168,169,170,171,172,173,174,175,176,177,178,179,180,2,1,1,,,2,2022,0,0,0,0,0,0,0,0,0,0,0,0,0,0,0,0,0,0,0,0,0,0,0,0,0,0,0,0,0,0,0,0,0,0,0,0,0,11534.373046875,12204.6708984375,12896.630859375,13470.23828125,13955.181640625,14410.6435546875,16529.177734375,16951.494140625,17363.0546875,17687.76953125,17823.435546875,18049.86328125,18443.419921875,18720,0,0,0,0,0,0,0,0,0,0,0,0,0,0,0,0,0,0,0,0,0,0,0,0,0,0,0,0,0,0,0,0,0,0,0,0,0,0,0,0,0,0,0,0,0,0,0,0,0,0,0,0,0,0,0,0,0,0,0,0,0,0,0,0,0,0,0,0,0,0,0,0,0,0,0,0,0,0
2,1400,4,7,380,4,3182,31825,131825,231825,3861.68701171875,70,79,1952,1943,0,0,1,2,3,4,5,6,7,8,9,10,11,12,13,14,15,16,17,18,19,20,21,22,23,24,25,26,27,28,29,30,31,32,33,34,35,36,37,38,39,40,41,42,43,44,45,46,47,48,49,50,51,52,53,54,55,56,57,58,59,60,61,62,63,64,65,66,67,68,69,70,71,72,73,74,75,76,77,78,79,80,81,82,83,84,85,86,87,88,89,90,91,92,93,94,95,96,97,98,99,100,101,102,103,104,105,106,107,108,109,110,111,112,113,114,115,116,117,118,119,120,121,122,123,124,125,126,127,128,129,130,131,132,133,134,135,136,137,138,139,140,141,142,143,144,145,146,147,148,149,150,151,152,153,154,155,156,157,158,159,160,161,162,163,164,165,166,167,168,169,170,171,1,2,1,,9999,1,2022,0,0,0,0,0,0,0,0,0,0,0,0,0,0,0,0,0,0,0,0,0,0,0,0,0,0,0,0,0,0,0,0,0,9918.423828125,10619.4873046875,11208.375,11917.22265625,12751.6044921875,13683.255859375,14663.3427734375,15531.8984375,16318.388671875,17089.056640625,19878.283203125,20674.171875,21475.298828125,22186.00390625,22672,0,0,0,0,0,0,0,0,0,0,0,0,0,0,0,0,0,0,8022.0595703125,8044.802734375,8006.87841796875,7929.021484375,8079.27294921875,8400,8496.869140625,8492.853515625,8436.828125,8351.3408203125,8247.4697265625,0,0,0,0,0,0,0,0,0,0,0,0,0,0,0,0,0,0,0,0,0,0,0,0,0,0,0,0,0,0,0,0,0,0,0,0,0,0,0,0,0,0,0,0,0,0,0,0,0,0,0,0
2,1400,4,7,380,4,3182,31825,231825,131825,3861.68701171875,79,70,1943,1952,8,9,10,11,12,13,14,15,16,17,18,19,20,21,22,23,24,25,26,27,28,29,30,31,32,33,34,35,36,37,38,39,40,41,42,43,44,45,46,47,48,49,50,51,52,53,54,55,56,57,58,59,60,61,62,63,64,65,66,67,68,69,70,71,72,73,74,75,76,77,78,79,80,81,82,83,84,85,86,87,88,89,90,91,92,93,94,95,96,97,98,99,100,101,102,103,104,105,106,107,108,109,110,111,112,113,114,115,116,117,118,119,120,121,122,123,124,125,126,127,128,129,130,131,132,133,134,135,136,137,138,139,140,141,142,143,144,145,146,147,148,149,150,151,152,153,154,155,156,157,158,159,160,161,162,163,164,165,166,167,168,169,170,171,172,173,174,175,176,177,178,179,180,2,1,1,,,2,2022,0,0,0,0,0,0,0,0,0,0,0,0,0,0,0,0,0,0,0,0,0,0,0,0,0,0,0,0,0,0,0,0,0,0,0,0,0,11534.373046875,12204.6708984375,12896.630859375,13470.23828125,13955.181640625,14410.6435546875,16529.177734375,16951.494140625,17363.0546875,17687.76953125,17823.435546875,18049.86328125,18443.419921875,18720,0,0,0,0,0,0,0,0,0,0,0,0,0,0,0,0,0,0,0,0,0,0,0,0,0,0,0,0,0,0,0,0,0,0,0,0,0,0,0,0,0,0,0,0,0,0,0,0,0,0,0,0,0,0,0,0,0,0,0,0,0,0,0,0,0,0,0,0,0,0,0,0,0,0,0,0,0,0
0,0,0,0,0,0,3243,32431,132431,232431,678.86932373046875,59,49,1963,1973,0,0,0,0,0,0,0,0,0,0,0,0,0,1,2,3,4,5,6,7,8,9,10,11,12,13,14,15,16,17,18,19,20,21,22,23,24,25,26,27,28,29,30,31,32,33,34,35,36,37,38,39,40,41,42,43,44,45,46,47,48,49,50,51,52,53,54,55,56,57,58,59,60,61,62,63,64,65,66,67,68,69,70,71,72,73,74,75,76,77,78,79,80,81,82,83,84,85,86,87,88,89,90,91,92,93,94,95,96,97,98,99,100,101,102,103,104,105,106,107,108,109,110,111,112,113,114,115,116,117,118,119,120,121,122,123,124,125,126,127,128,129,130,131,132,133,134,135,136,137,138,139,140,141,142,143,144,145,146,147,148,149,150,151,152,153,154,155,156,157,158,159,160,1,2,0,2043,2043,1,2022,0,0,0,0,0,0,0,0,0,0,0,0,0,0,0,0,0,0,0,0,0,0,0,0,0,0,0,0,0,0,0,0,0,0,0,0,0,0,28200.54296875,30743.0859375,37000,2030906.75,2163603.5,2292287.75,2425301.25,2562850.25,2693456.75,2800059.75,2925429.5,3083873.75,3229239.5,3353318,3503773,3668919.75,3850787.25,4032833.25,4206650.5,4397923.5,4446357,4581461.5,4747566,4880131,4981743,5081606.5,5113321.5,5179763,5276881.5,5383364,4880144.5,4916272,5096071,5390000,5546454.5,5639708,5699399.5,5739215.5,5765858,5784005.5,5794642,5796802,5790100.5,5774469,5749952,5716653.5,5674707,5624314,5565687.5,5499103.5,0,0,0,0,0,0,0,0,0,0,0,0,0,0,0,0,0,0,0,0,0,0,0,0,0,0,0,0,0,0,0,0,0,0,0,0,0,0,0,0,0
0,0,0,0,0,0,3243,32431,232431,132431,678.86932373046875,49,59,1973,1963,0,0,0,0,0,0,0,0,0,0,0,0,0,0,0,0,0,0,0,0,0,0,0,1,2,3,4,5,6,7,8,9,10,11,12,13,14,15,16,17,18,19,20,21,22,23,24,25,26,27,28,29,30,31,32,33,34,35,36,37,38,39,40,41,42,43,44,45,46,47,48,49,50,51,52,53,54,55,56,57,58,59,60,61,62,63,64,65,66,67,68,69,70,71,72,73,74,75,76,77,78,79,80,81,82,83,84,85,86,87,88,89,90,91,92,93,94,95,96,97,98,99,100,101,102,103,104,105,106,107,108,109,110,111,112,113,114,115,116,117,118,119,120,121,122,123,124,125,126,127,128,129,130,131,132,133,134,135,136,137,138,139,140,141,142,143,144,145,146,147,148,149,150,2,1,0,2032,9999,2,2022,0,0,0,0,0,0,0,0,0,0,0,0,0,0,0,0,0,0,0,0,0,0,0,0,0,0,0,0,0,0,0,0,0,0,0,0,0,0,0,0,0,0,0,0,0,0,0,0,0,0,0,0,0,0,0,0,0,0,0,0,0,86800.65625,90000,108000.296875,110381.609375,113572.5,117519.7265625,34279.16796875,35252.8828125,36071.74609375,37978.3828125,40800,151489.46875,156456.546875,160596.421875,164258.9375,167613.9375,170782.96875,173785.140625,176580.921875,179147.8125,181470.796875,51665.7578125,52173.47265625,52604.32421875,52956.19921875,53227.51953125,53416.98828125,53523.59765625,53546.984375,53486.8671875,53343.6875,53117.96484375,52810.9140625,52423.8125,51958.609375,51417.2890625,50802.40234375,0,0,0,0,0,0,0,0,0,0,0,0,0,0,0,0,0,0,0,0,0,0,0,0,0,0,0,0,0,0,0
0,0,0,0,0,0,3243,32432,132432,232432,671.8323974609375,59,49,1963,1973,0,0,0,0,0,0,0,0,0,0,0,0,0,1,2,3,4,5,6,7,8,9,10,11,12,13,14,15,16,17,18,19,20,21,22,23,24,25,26,27,28,29,30,31,32,33,34,35,36,37,38,39,40,41,42,43,44,45,46,47,48,49,50,51,52,53,54,55,56,57,58,59,60,61,62,63,64,65,66,67,68,69,70,71,72,73,74,75,76,77,78,79,80,81,82,83,84,85,86,87,88,89,90,91,92,93,94,95,96,97,98,99,100,101,102,103,104,105,106,107,108,109,110,111,112,113,114,115,116,117,118,119,120,121,122,123,124,125,126,127,128,129,130,131,132,133,134,135,136,137,138,139,140,141,142,143,144,145,146,147,148,149,150,151,152,153,154,155,156,157,158,159,160,1,2,0,2043,2043,1,2022,0,0,0,0,0,0,0,0,0,0,0,0,0,0,0,0,0,0,0,0,0,0,0,0,0,0,0,0,0,0,0,0,0,0,0,0,0,0,29724.8984375,32404.876953125,39000,2106263.5,2243884,2377343.25,2515292.25,2657945,2793397.5,2903956.25,3033977.75,3198301,3349060.75,3477743.25,3633780.75,3805055.25,3993670.75,4182471.75,4362738.5,4561108.5,4611339.5,4751457,4923724.5,5061208.5,5166591,5270159.5,5303051.5,5371958,5472680.5,5583114,5061222.5,5098690.5,5285161,5590000,5752256,5848969.5,5910876,5952169,5979800.5,5998621,6009652.5,6011892.5,6004942.5,5988731,5963304,5928770.5,5885267,5833004,5772203,5703148,0,0,0,0,0,0,0,0,0,0,0,0,0,0,0,0,0,0,0,0,0,0,0,0,0,0,0,0,0,0,0,0,0,0,0,0,0,0,0,0,0
0,0,0,0,0,0,3243,32432,232432,132432,671.8323974609375,49,59,1973,1963,0,0,0,0,0,0,0,0,0,0,0,0,0,0,0,0,0,0,0,0,0,0,0,1,2,3,4,5,6,7,8,9,10,11,12,13,14,15,16,17,18,19,20,21,22,23,24,25,26,27,28,29,30,31,32,33,34,35,36,37,38,39,40,41,42,43,44,45,46,47,48,49,50,51,52,53,54,55,56,57,58,59,60,61,62,63,64,65,66,67,68,69,70,71,72,73,74,75,76,77,78,79,80,81,82,83,84,85,86,87,88,89,90,91,92,93,94,95,96,97,98,99,100,101,102,103,104,105,106,107,108,109,110,111,112,113,114,115,116,117,118,119,120,121,122,123,124,125,126,127,128,129,130,131,132,133,134,135,136,137,138,139,140,141,142,143,144,145,146,147,148,149,150,2,1,0,2028,2030,2,2022,0,0,0,0,0,0,0,0,0,0,0,0,0,0,0,0,0,0,0,0,0,0,0,0,0,0,0,0,0,0,0,0,0,0,0,0,0,0,0,0,0,0,0,0,0,0,0,0,0,0,0,0,0,41446.359375,44184.23828125,47000,0,0,0,0,0,0,0,108000.296875,110381.609375,113572.5,117519.7265625,121774.53125,125233.6015625,128142.6796875,37978.3828125,40800,151489.46875,156456.546875,160596.421875,164258.9375,167613.9375,170782.96875,48919.94921875,49707,0,0,0,0,0,0,0,0,0,0,0,0,0,0,0,0,0,0,0,0,0,0,0,0,0,0,0,0,0,0,0,0,0,0,0,0,0,0,0,0,0,0,0,0,0,0,0,0,0
0,0,0,0,0,0,3243,32433,132433,232433,619.953369140625,59,49,1963,1973,0,0,0,0,0,0,0,0,0,0,0,0,0,1,2,3,4,5,6,7,8,9,10,11,12,13,14,15,16,17,18,19,20,21,22,23,24,25,26,27,28,29,30,31,32,33,34,35,36,37,38,39,40,41,42,43,44,45,46,47,48,49,50,51,52,53,54,55,56,57,58,59,60,61,62,63,64,65,66,67,68,69,70,71,72,73,74,75,76,77,78,79,80,81,82,83,84,85,86,87,88,89,90,91,92,93,94,95,96,97,98,99,100,101,102,103,104,105,106,107,108,109,110,111,112,113,114,115,116,117,118,119,120,121,122,123,124,125,126,127,128,129,130,131,132,133,134,135,136,137,138,139,140,141,142,143,144,145,146,147,148,149,150,151,152,153,154,155,156,157,158,159,160,1,2,0,2043,2043,1,2022,0,0,0,0,0,0,0,0,0,0,0,0,0,0,0,0,0,0,0,0,0,0,0,0,0,0,0,0,0,0,0,0,0,0,0,0,0,0,28200.54296875,30743.0859375,37000,2110033.25,2247900,2381598,2519794,2662702,2798397,2909153.5,3039407.75,3204025,3355054.5,3483967.5,3640284.25,3811865.25,4000818.5,4189957.25,4370546.5,4569272,4619592.5,4759961,4932536.5,5070266.5,5175838,5279592,5312542.5,5381572.5,5482475,5593106.5,5070280.5,5107816,5294620,5600000,5762551,5859438,5921454.5,5962822,5990502.5,6009357,6020408,6022652.5,6015689.5,5999449,5973977,5939381.5,5895800.5,5843444,5782533.5,5713355.5,0,0,0,0,0,0,0,0,0,0,0,0,0,0,0,0,0,0,0,0,0,0,0,0,0,0,0,0,0,0,0,0,0,0,0,0,0,0,0,0,0
0,0,0,0,0,0,3243,32433,232433,132433,619.953369140625,49,59,1973,1963,0,0,0,0,0,0,0,0,0,0,0,0,0,0,0,0,0,0,0,0,0,0,0,1,2,3,4,5,6,7,8,9,10,11,12,13,14,15,16,17,18,19,20,21,22,23,24,25,26,27,28,29,30,31,32,33,34,35,36,37,38,39,40,41,42,43,44,45,46,47,48,49,50,51,52,53,54,55,56,57,58,59,60,61,62,63,64,65,66,67,68,69,70,71,72,73,74,75,76,77,78,79,80,81,82,83,84,85,86,87,88,89,90,91,92,93,94,95,96,97,98,99,100,101,102,103,104,105,106,107,108,109,110,111,112,113,114,115,116,117,118,119,120,121,122,123,124,125,126,127,128,129,130,131,132,133,134,135,136,137,138,139,140,141,142,143,144,145,146,147,148,149,150,2,1,0,2030,2030,2,2022,0,0,0,0,0,0,0,0,0,0,0,0,0,0,0,0,0,0,0,0,0,0,0,0,0,0,0,0,0,0,0,0,0,0,0,0,0,0,0,0,0,0,0,0,0,0,0,0,0,0,0,0,0,0,16903.107421875,17980.30078125,67673.5625,71862.1796875,73794.96875,77231.8046875,81289.1953125,84871.71875,88000,108000.296875,110381.609375,113572.5,117519.7265625,121774.53125,125233.6015625,128142.6796875,37978.3828125,40800,151489.46875,156456.546875,160596.421875,164258.9375,167613.9375,170782.96875,173785.140625,176580.921875,0,0,0,0,0,0,0,0,0,0,0,0,0,0,0,0,0,0,0,0,0,0,0,0,0,0,0,0,0,0,0,0,0,0,0,0,0,0,0,0,0,0,0,0,0,0,0,0,0
0,0,0,0,0,0,3243,32434,132434,232434,691.51361083984375,59,49,1963,1973,0,0,0,0,0,0,0,0,0,0,0,0,0,1,2,3,4,5,6,7,8,9,10,11,12,13,14,15,16,17,18,19,20,21,22,23,24,25,26,27,28,29,30,31,32,33,34,35,36,37,38,39,40,41,42,43,44,45,46,47,48,49,50,51,52,53,54,55,56,57,58,59,60,61,62,63,64,65,66,67,68,69,70,71,72,73,74,75,76,77,78,79,80,81,82,83,84,85,86,87,88,89,90,91,92,93,94,95,96,97,98,99,100,101,102,103,104,105,106,107,108,109,110,111,112,113,114,115,116,117,118,119,120,121,122,123,124,125,126,127,128,129,130,131,132,133,134,135,136,137,138,139,140,141,142,143,144,145,146,147,148,149,150,151,152,153,154,155,156,157,158,159,160,1,2,0,2043,2043,1,2022,0,0,0,0,0,0,0,0,0,0,0,0,0,0,0,0,0,0,0,0,0,0,0,0,0,0,0,0,0,0,0,0,0,0,0,0,0,0,28962.728515625,31573.990234375,38000,2110033.25,2247900,2381598,2519794,2662702,2798397,2909153.5,3039407.75,3204025,3355054.5,3483967.5,3640284.25,3811865.25,4000818.5,4189957.25,4370546.5,4569272,4619592.5,4759961,4932536.5,5070266.5,5175838,5279592,5312542.5,5381572.5,5482475,5593106.5,5070280.5,5107816,5294620,5600000,5762551,5859438,5921454.5,5962822,5990502.5,6009357,6020408,6022652.5,6015689.5,5999449,5973977,5939381.5,5895800.5,5843444,5782533.5,5713355.5,0,0,0,0,0,0,0,0,0,0,0,0,0,0,0,0,0,0,0,0,0,0,0,0,0,0,0,0,0,0,0,0,0,0,0,0,0,0,0,0,0
0,0,0,0,0,0,3243,32434,232434,132434,691.51361083984375,49,59,1973,1963,0,0,0,0,0,0,0,0,0,0,0,0,0,0,0,0,0,0,0,0,0,0,0,1,2,3,4,5,6,7,8,9,10,11,12,13,14,15,16,17,18,19,20,21,22,23,24,25,26,27,28,29,30,31,32,33,34,35,36,37,38,39,40,41,42,43,44,45,46,47,48,49,50,51,52,53,54,55,56,57,58,59,60,61,62,63,64,65,66,67,68,69,70,71,72,73,74,75,76,77,78,79,80,81,82,83,84,85,86,87,88,89,90,91,92,93,94,95,96,97,98,99,100,101,102,103,104,105,106,107,108,109,110,111,112,113,114,115,116,117,118,119,120,121,122,123,124,125,126,127,128,129,130,131,132,133,134,135,136,137,138,139,140,141,142,143,144,145,146,147,148,149,150,2,1,0,2032,2033,2,2022,0,0,0,0,0,0,0,0,0,0,0,0,0,0,0,0,0,0,0,0,0,0,0,0,0,0,0,0,0,0,0,0,0,0,0,0,0,0,0,0,0,0,0,0,0,0,0,0,0,0,0,0,0,0,0,0,0,0,124215,130000,0,119843.0703125,113810.9453125,30401.732421875,31072.09375,31970.2890625,33081.421875,34279.16796875,35252.8828125,36071.74609375,37978.3828125,40800,151489.46875,156456.546875,160596.421875,164258.9375,167613.9375,170782.96875,173785.140625,176580.921875,179147.8125,181470.796875,51665.7578125,0,0,0,0,0,0,0,0,0,0,0,0,0,0,0,0,0,0,0,0,0,0,0,0,0,0,0,0,0,0,0,0,0,0,0,0,0,0,0,0,0,0,0,0,0,0
0,0,0,0,0,0,3243,32435,132435,232435,671.77288818359375,59,49,1963,1973,0,0,0,0,0,0,0,0,0,0,0,0,0,1,2,3,4,5,6,7,8,9,10,11,12,13,14,15,16,17,18,19,20,21,22,23,24,25,26,27,28,29,30,31,32,33,34,35,36,37,38,39,40,41,42,43,44,45,46,47,48,49,50,51,52,53,54,55,56,57,58,59,60,61,62,63,64,65,66,67,68,69,70,71,72,73,74,75,76,77,78,79,80,81,82,83,84,85,86,87,88,89,90,91,92,93,94,95,96,97,98,99,100,101,102,103,104,105,106,107,108,109,110,111,112,113,114,115,116,117,118,119,120,121,122,123,124,125,126,127,128,129,130,131,132,133,134,135,136,137,138,139,140,141,142,143,144,145,146,147,148,149,150,151,152,153,154,155,156,157,158,159,160,1,2,0,2043,2043,1,2022,0,0,0,0,0,0,0,0,0,0,0,0,0,0,0,0,0,0,0,0,0,0,0,0,0,0,0,0,0,0,0,0,0,0,0,0,0,0,28962.728515625,31573.990234375,38000,2100612.75,2237864,2370965,2508544,2650814,2785903.25,2896165,3025838,3189720.25,3340075.5,3468412.75,3624031.5,3794846.5,3982956.25,4171250.5,4351033.5,4548871.5,4598968,4738709.5,4910514.5,5047629.5,5152729.5,5256020.5,5288824,5357545.5,5457998,5568135,5047643.5,5085011.5,5270981.5,5575000,5736823.5,5833277.5,5895017.5,5936200,5963757,5982527.5,5993529.5,5995763.5,5988831.5,5972664,5947305.5,5912864,5869477.5,5817355,5756716.5,5687847,0,0,0,0,0,0,0,0,0,0,0,0,0,0,0,0,0,0,0,0,0,0,0,0,0,0,0,0,0,0,0,0,0,0,0,0,0,0,0,0,0
0,0,0,0,0,0,3243,32435,232435,132435,671.77288818359375,49,59,1973,1963,0,0,0,0,0,0,0,0,0,0,0,0,0,0,0,0,0,0,0,0,0,0,0,1,2,3,4,5,6,7,8,9,10,11,12,13,14,15,16,17,18,19,20,21,22,23,24,25,26,27,28,29,30,31,32,33,34,35,36,37,38,39,40,41,42,43,44,45,46,47,48,49,50,51,52,53,54,55,56,57,58,59,60,61,62,63,64,65,66,67,68,69,70,71,72,73,74,75,76,77,78,79,80,81,82,83,84,85,86,87,88,89,90,91,92,93,94,95,96,97,98,99,100,101,102,103,104,105,106,107,108,109,110,111,112,113,114,115,116,117,118,119,120,121,122,123,124,125,126,127,128,129,130,131,132,133,134,135,136,137,138,139,140,141,142,143,144,145,146,147,148,149,150,2,1,0,2027,2028,2,2022,0,0,0,0,0,0,0,0,0,0,0,0,0,0,0,0,0,0,0,0,0,0,0,0,0,0,0,0,0,0,0,0,0,0,0,0,0,0,0,0,0,0,0,0,0,0,0,0,0,0,0,0,0,0,0,0,76901.7734375,81661.5703125,83857.921875,87763.4140625,92374.0859375,96445.1328125,100000,108000.296875,110381.609375,113572.5,117519.7265625,121774.53125,125233.6015625,128142.6796875,134915.875,40800,151489.46875,156456.546875,160596.421875,164258.9375,167613.9375,48074.8515625,0,0,0,0,0,0,0,0,0,0,0,0,0,0,0,0,0,0,0,0,0,0,0,0,0,0,0,0,0,0,0,0,0,0,0,0,0,0,0,0,0,0,0,0,0,0,0,0,0,0,0
1,800,4,0,0,0,3341,33411,133411,0,5060.01953125,82,0,1940,0,11,12,13,14,15,16,17,18,19,20,21,22,23,24,25,26,27,28,29,30,31,32,33,34,35,36,37,38,39,40,41,42,43,44,45,46,47,48,49,50,51,52,53,54,55,56,57,58,59,60,61,62,63,64,65,66,67,68,69,70,71,72,73,74,75,76,77,78,79,80,81,82,83,84,85,86,87,88,89,90,91,92,93,94,95,96,97,98,99,100,101,102,103,104,105,106,107,108,109,110,111,112,113,114,115,116,117,118,119,120,121,122,123,124,125,126,127,128,129,130,131,132,133,134,135,136,137,138,139,140,141,142,143,144,145,146,147,148,149,150,151,152,153,154,155,156,157,158,159,160,161,162,163,164,165,166,167,168,169,170,171,172,173,174,175,176,177,178,179,180,181,182,183,2,0,0,,,1,2022,0,0,0,0,0,0,0,0,0,0,0,0,0,0,0,0,0,0,0,0,0,0,0,0,0,0,0,0,0,0,34498.91015625,37150.02734375,39450.15234375,41636.6015625,43753.47265625,45323.9296875,47297.33984375,49670.94921875,52312.25390625,55020.29296875,57199.37109375,58982.1171875,60622.95703125,61966.71484375,63253.4921875,64486.96875,65386.45703125,65580.5390625,66103.796875,67230.0234375,67919.8671875,68045.71875,68594.8515625,69298.40625,70172.03125,70901.3125,71352.6171875,71969.9296875,70200,69785.6953125,69769.0546875,69191.5078125,68144.7109375,67062.8125,65104.84375,0,0,0,0,0,0,0,0,0,0,0,0,0,0,0,0,0,0,0,0,0,0,0,0,0,0,0,0,0,0,0,0,0,0,0,0,0,0,0,0,0,0,0,0,0,0,0,0,0,0,0,0,0,0,0,0,0,0,0,0,0,0,0,0
1,800,4,0,0,0,3341,33412,133412,0,4680.94189453125,82,0,1940,0,11,12,13,14,15,16,17,18,19,20,21,22,23,24,25,26,27,28,29,30,31,32,33,34,35,36,37,38,39,40,41,42,43,44,45,46,47,48,49,50,51,52,53,54,55,56,57,58,59,60,61,62,63,64,65,66,67,68,69,70,71,72,73,74,75,76,77,78,79,80,81,82,83,84,85,86,87,88,89,90,91,92,93,94,95,96,97,98,99,100,101,102,103,104,105,106,107,108,109,110,111,112,113,114,115,116,117,118,119,120,121,122,123,124,125,126,127,128,129,130,131,132,133,134,135,136,137,138,139,140,141,142,143,144,145,146,147,148,149,150,151,152,153,154,155,156,157,158,159,160,161,162,163,164,165,166,167,168,169,170,171,172,173,174,175,176,177,178,179,180,181,182,183,2,0,0,,,1,2022,0,0,0,0,0,0,0,0,0,0,0,0,0,0,0,0,0,0,0,0,0,0,0,0,0,6359.390625,6963.84619140625,7646.12744140625,8533.248046875,9673.0234375,10769.08203125,11596.6474609375,12314.6484375,12997.1630859375,13657.97265625,14148.203125,14764.2041015625,15505.142578125,16329.6611328125,17174.99609375,17855.193359375,18411.689453125,18923.908203125,19343.373046875,19745.03125,20130.068359375,20410.8515625,20471.435546875,20634.794921875,20986.353515625,21201.673828125,21240.958984375,21412.375,21632,21904.703125,22132.353515625,22273.23046875,22465.9296875,21913.439453125,21784.10546875,21778.912109375,21598.625,21271.861328125,20934.13671875,20322.9453125,0,0,0,0,0,0,0,0,0,0,0,0,0,0,0,0,0,0,0,0,0,0,0,0,0,0,0,0,0,0,0,0,0,0,0,0,0,0,0,0,0,0,0,0,0,0,0,0,0,0,0,0,0,0,0,0,0,0,0,0,0,0,0,0
1,800,4,0,0,0,3341,33413,133413,0,4889.23193359375,82,0,1940,0,11,12,13,14,15,16,17,18,19,20,21,22,23,24,25,26,27,28,29,30,31,32,33,34,35,36,37,38,39,40,41,42,43,44,45,46,47,48,49,50,51,52,53,54,55,56,57,58,59,60,61,62,63,64,65,66,67,68,69,70,71,72,73,74,75,76,77,78,79,80,81,82,83,84,85,86,87,88,89,90,91,92,93,94,95,96,97,98,99,100,101,102,103,104,105,106,107,108,109,110,111,112,113,114,115,116,117,118,119,120,121,122,123,124,125,126,127,128,129,130,131,132,133,134,135,136,137,138,139,140,141,142,143,144,145,146,147,148,149,150,151,152,153,154,155,156,157,158,159,160,161,162,163,164,165,166,167,168,169,170,171,172,173,174,175,176,177,178,179,180,181,182,183,2,0,0,,,1,2022,0,0,0,0,0,0,0,0,0,0,0,0,0,0,0,0,0,0,0,0,0,0,0,0,0,0,0,0,0,0,0,0,0,0,0,0,0,0,0,0,0,0,0,0,53950.9140625,55002.98046875,55770.23828125,55935.78125,56382.08203125,57342.67578125,57931.01171875,58038.35546875,58506.7265625,59106.80859375,59851.953125,60473.98046875,60858.97265625,61385.4375,59875.8828125,59522.4375,59508.2421875,59015.63671875,58122.7890625,57200,55529.9921875,0,0,0,0,0,0,0,0,0,0,0,0,0,0,0,0,0,0,0,0,0,0,0,0,0,0,0,0,0,0,0,0,0,0,0,0,0,0,0,0,0,0,0,0,0,0,0,0,0,0,0,0,0,0,0,0,0,0,0,0,0,0,0,0
1,800,4,0,0,0,3341,33414,133414,0,4844.4130859375,82,0,1940,0,11,12,13,14,15,16,17,18,19,20,21,22,23,24,25,26,27,28,29,30,31,32,33,34,35,36,37,38,39,40,41,42,43,44,45,46,47,48,49,50,51,52,53,54,55,56,57,58,59,60,61,62,63,64,65,66,67,68,69,70,71,72,73,74,75,76,77,78,79,80,81,82,83,84,85,86,87,88,89,90,91,92,93,94,95,96,97,98,99,100,101,102,103,104,105,106,107,108,109,110,111,112,113,114,115,116,117,118,119,120,121,122,123,124,125,126,127,128,129,130,131,132,133,134,135,136,137,138,139,140,141,142,143,144,145,146,147,148,149,150,151,152,153,154,155,156,157,158,159,160,161,162,163,164,165,166,167,168,169,170,171,172,173,174,175,176,177,178,179,180,181,182,183,2,0,0,,,1,2022,0,0,0,0,0,0,0,0,0,0,0,0,0,0,0,0,0,0,0,0,0,0,0,0,0,0,0,7793.77392578125,8698.033203125,9859.818359375,10977.0439453125,11820.5908203125,12552.4560546875,13248.1513671875,13921.7080078125,14421.4052734375,15049.3154296875,15804.5625,16644.986328125,17506.64453125,18200,0,0,0,0,0,0,0,0,0,0,0,0,0,0,0,0,22899.767578125,22336.609375,22204.779296875,22199.482421875,22015.716796875,21682.640625,21338.396484375,20715.400390625,0,0,0,0,0,0,0,0,0,0,0,0,0,0,0,0,0,0,0,0,0,0,0,0,0,0,0,0,0,0,0,0,0,0,0,0,0,0,0,0,0,0,0,0,0,0,0,0,0,0,0,0,0,0,0,0,0,0,0,0,0,0,0,0
1,800,4,0,0,0,3341,33415,133415,0,4606.57861328125,82,0,1940,0,11,12,13,14,15,16,17,18,19,20,21,22,23,24,25,26,27,28,29,30,31,32,33,34,35,36,37,38,39,40,41,42,43,44,45,46,47,48,49,50,51,52,53,54,55,56,57,58,59,60,61,62,63,64,65,66,67,68,69,70,71,72,73,74,75,76,77,78,79,80,81,82,83,84,85,86,87,88,89,90,91,92,93,94,95,96,97,98,99,100,101,102,103,104,105,106,107,108,109,110,111,112,113,114,115,116,117,118,119,120,121,122,123,124,125,126,127,128,129,130,131,132,133,134,135,136,137,138,139,140,141,142,143,144,145,146,147,148,149,150,151,152,153,154,155,156,157,158,159,160,161,162,163,164,165,166,167,168,169,170,171,172,173,174,175,176,177,178,179,180,181,182,183,2,0,0,,,1,2022,0,0,0,0,0,0,0,0,0,0,0,0,0,0,0,0,0,0,0,0,0,0,0,0,0,0,0,0,0,0,0,0,0,0,0,0,0,0,0,0,0,14591.3447265625,14997.279296875,15329.70703125,15648.0234375,15953.1669921875,16175.6875,16223.7021484375,16353.1640625,16631.775390625,16802.41796875,16833.552734375,16969.3984375,17143.44921875,17359.572265625,17539.986328125,17651.6328125,17804.345703125,17366.49609375,17264,0,0,0,0,0,0,0,0,0,0,0,0,0,0,0,0,0,0,0,0,0,0,0,0,0,0,0,0,0,0,0,0,0,0,0,0,0,0,0,0,0,0,0,0,0,0,0,0,0,0,0,0,0,0,0,0,0,0,0,0,0,0,0,0,0,0,0,0,0
0,0,0,0,0,0,3829,38291,138291,0,5849.51904296875,47,0,1975,0,0,0,0,0,0,0,0,0,0,0,0,0,0,0,0,0,0,0,0,0,0,0,0,0,0,1,2,3,4,5,6,7,8,9,10,11,12,13,14,15,16,17,18,19,20,21,22,23,24,25,26,27,28,29,30,31,32,33,34,35,36,37,38,39,40,41,42,43,44,45,46,47,48,49,50,51,52,53,54,55,56,57,58,59,60,61,62,63,64,65,66,67,68,69,70,71,72,73,74,75,76,77,78,79,80,81,82,83,84,85,86,87,88,89,90,91,92,93,94,95,96,97,98,99,100,101,102,103,104,105,106,107,108,109,110,111,112,113,114,115,116,117,118,119,120,121,122,123,124,125,126,127,128,129,130,131,132,133,134,135,136,137,138,139,140,141,142,143,144,145,146,147,148,2,0,0,9999,9999,1,2022,0,0,0,0,0,0,0,0,0,0,0,0,0,0,0,0,0,0,0,0,0,0,0,0,0,0,0,0,0,0,0,0,0,0,0,0,0,0,0,0,0,0,0,0,0,0,0,0,0,0,0,0,0,0,0,0,0,0,0,0,0,27880.6015625,28998.5078125,33661.59765625,30899.048828125,31891.541015625,33102.9765625,34408.57421875,35496.45703125,36434.421875,38480,0,43477.3203125,45043.02734375,46379.2421875,47585.1171875,48708.66015625,49784.50390625,50817.8359375,51796.6484375,52713.62890625,53563.9375,54343.640625,55049.0234375,55676.921875,56224.36328125,56688.8828125,57068.3125,57360.75390625,57565,57679.91015625,57705.12890625,57640.421875,57486.11328125,57242.98046875,56912.10546875,56495.03125,55993.765625,55410.46875,54747.890625,0,0,0,0,0,0,0,0,0,0,0,0,0,0,0,0,0,0,0,0,0,0,0,0,0,0,0,0,0
0,0,0,0,0,0,3829,38292,138292,0,5735.8916015625,47,0,1975,0,0,0,0,0,0,0,0,0,0,0,0,0,0,0,0,0,0,0,0,0,0,0,0,0,0,1,2,3,4,5,6,7,8,9,10,11,12,13,14,15,16,17,18,19,20,21,22,23,24,25,26,27,28,29,30,31,32,33,34,35,36,37,38,39,40,41,42,43,44,45,46,47,48,49,50,51,52,53,54,55,56,57,58,59,60,61,62,63,64,65,66,67,68,69,70,71,72,73,74,75,76,77,78,79,80,81,82,83,84,85,86,87,88,89,90,91,92,93,94,95,96,97,98,99,100,101,102,103,104,105,106,107,108,109,110,111,112,113,114,115,116,117,118,119,120,121,122,123,124,125,126,127,128,129,130,131,132,133,134,135,136,137,138,139,140,141,142,143,144,145,146,147,148,2,0,0,9999,9999,1,2022,0,0,0,0,0,0,0,0,0,0,0,0,0,0,0,0,0,0,0,0,0,0,0,0,0,0,0,0,0,0,0,0,0,0,0,0,0,0,0,0,0,0,0,0,0,0,0,0,0,0,0,0,0,0,0,0,0,0,0,0,0,31139.919921875,32388.544921875,33661.59765625,30899.048828125,31891.541015625,33102.9765625,34408.57421875,35496.45703125,36434.421875,38480,0,43477.3203125,45043.02734375,46379.2421875,47585.1171875,48708.66015625,49784.50390625,50817.8359375,51796.6484375,52713.62890625,53563.9375,54343.640625,55049.0234375,55676.921875,56224.36328125,56688.8828125,57068.3125,57360.75390625,57565,57679.91015625,57705.12890625,57640.421875,57486.11328125,57242.98046875,56912.10546875,56495.03125,55993.765625,55410.46875,54747.890625,0,0,0,0,0,0,0,0,0,0,0,0,0,0,0,0,0,0,0,0,0,0,0,0,0,0,0,0,0
0,0,0,0,0,0,3829,38293,138293,0,5746.55908203125,47,0,1975,0,0,0,0,0,0,0,0,0,0,0,0,0,0,0,0,0,0,0,0,0,0,0,0,0,0,1,2,3,4,5,6,7,8,9,10,11,12,13,14,15,16,17,18,19,20,21,22,23,24,25,26,27,28,29,30,31,32,33,34,35,36,37,38,39,40,41,42,43,44,45,46,47,48,49,50,51,52,53,54,55,56,57,58,59,60,61,62,63,64,65,66,67,68,69,70,71,72,73,74,75,76,77,78,79,80,81,82,83,84,85,86,87,88,89,90,91,92,93,94,95,96,97,98,99,100,101,102,103,104,105,106,107,108,109,110,111,112,113,114,115,116,117,118,119,120,121,122,123,124,125,126,127,128,129,130,131,132,133,134,135,136,137,138,139,140,141,142,143,144,145,146,147,148,2,0,0,9999,9999,1,2022,0,0,0,0,0,0,0,0,0,0,0,0,0,0,0,0,0,0,0,0,0,0,0,0,0,0,0,0,0,0,0,0,0,0,0,0,0,0,0,0,0,0,0,0,0,0,0,0,0,0,0,0,0,0,0,0,0,0,0,0,0,31139.919921875,32388.544921875,33661.59765625,30899.048828125,31891.541015625,33102.9765625,34408.57421875,35496.45703125,36434.421875,38480,0,43477.3203125,45043.02734375,46379.2421875,47585.1171875,48708.66015625,49784.50390625,50817.8359375,51796.6484375,52713.62890625,53563.9375,54343.640625,55049.0234375,55676.921875,56224.36328125,56688.8828125,57068.3125,57360.75390625,57565,57679.91015625,57705.12890625,57640.421875,57486.11328125,57242.98046875,56912.10546875,56495.03125,55993.765625,55410.46875,54747.890625,0,0,0,0,0,0,0,0,0,0,0,0,0,0,0,0,0,0,0,0,0,0,0,0,0,0,0,0,0
0,0,0,0,0,0,3829,38294,138294,0,5896.41748046875,47,0,1975,0,0,0,0,0,0,0,0,0,0,0,0,0,0,0,0,0,0,0,0,0,0,0,0,0,0,1,2,3,4,5,6,7,8,9,10,11,12,13,14,15,16,17,18,19,20,21,22,23,24,25,26,27,28,29,30,31,32,33,34,35,36,37,38,39,40,41,42,43,44,45,46,47,48,49,50,51,52,53,54,55,56,57,58,59,60,61,62,63,64,65,66,67,68,69,70,71,72,73,74,75,76,77,78,79,80,81,82,83,84,85,86,87,88,89,90,91,92,93,94,95,96,97,98,99,100,101,102,103,104,105,106,107,108,109,110,111,112,113,114,115,116,117,118,119,120,121,122,123,124,125,126,127,128,129,130,131,132,133,134,135,136,137,138,139,140,141,142,143,144,145,146,147,148,2,0,0,9999,9999,1,2022,0,0,0,0,0,0,0,0,0,0,0,0,0,0,0,0,0,0,0,0,0,0,0,0,0,0,0,0,0,0,0,0,0,0,0,0,0,0,0,0,0,0,0,0,0,0,0,0,0,0,0,0,0,0,0,0,0,0,0,0,0,31139.919921875,32388.544921875,33661.59765625,30899.048828125,31891.541015625,33102.9765625,34408.57421875,35496.45703125,36434.421875,38480,0,43477.3203125,45043.02734375,46379.2421875,47585.1171875,48708.66015625,49784.50390625,50817.8359375,51796.6484375,52713.62890625,53563.9375,54343.640625,55049.0234375,55676.921875,56224.36328125,56688.8828125,57068.3125,57360.75390625,57565,57679.91015625,57705.12890625,57640.421875,57486.11328125,57242.98046875,56912.10546875,56495.03125,55993.765625,55410.46875,54747.890625,0,0,0,0,0,0,0,0,0,0,0,0,0,0,0,0,0,0,0,0,0,0,0,0,0,0,0,0,0
0,0,0,0,0,0,3829,38295,138295,0,5732.16064453125,47,0,1975,0,0,0,0,0,0,0,0,0,0,0,0,0,0,0,0,0,0,0,0,0,0,0,0,0,0,1,2,3,4,5,6,7,8,9,10,11,12,13,14,15,16,17,18,19,20,21,22,23,24,25,26,27,28,29,30,31,32,33,34,35,36,37,38,39,40,41,42,43,44,45,46,47,48,49,50,51,52,53,54,55,56,57,58,59,60,61,62,63,64,65,66,67,68,69,70,71,72,73,74,75,76,77,78,79,80,81,82,83,84,85,86,87,88,89,90,91,92,93,94,95,96,97,98,99,100,101,102,103,104,105,106,107,108,109,110,111,112,113,114,115,116,117,118,119,120,121,122,123,124,125,126,127,128,129,130,131,132,133,134,135,136,137,138,139,140,141,142,143,144,145,146,147,148,2,0,0,9999,9999,1,2022,0,0,0,0,0,0,0,0,0,0,0,0,0,0,0,0,0,0,0,0,0,0,0,0,0,0,0,0,0,0,0,0,0,0,0,0,0,0,0,0,0,0,0,0,0,0,0,0,0,0,0,0,0,0,0,0,0,0,0,0,0,31139.919921875,32388.544921875,33661.59765625,30899.048828125,31891.541015625,33102.9765625,34408.57421875,35496.45703125,36434.421875,38480,0,43477.3203125,45043.02734375,46379.2421875,47585.1171875,48708.66015625,49784.50390625,50817.8359375,51796.6484375,52713.62890625,53563.9375,54343.640625,55049.0234375,55676.921875,56224.36328125,56688.8828125,57068.3125,57360.75390625,57565,57679.91015625,57705.12890625,57640.421875,57486.11328125,57242.98046875,56912.10546875,56495.03125,55993.765625,55410.46875,54747.890625,0,0,0,0,0,0,0,0,0,0,0,0,0,0,0,0,0,0,0,0,0,0,0,0,0,0,0,0,0
1,1200,4,0,0,0,3985,39851,139851,0,10268.44140625,76,0,1946,0,5,6,7,8,9,10,11,12,13,14,15,16,17,18,19,20,21,22,23,24,25,26,27,28,29,30,31,32,33,34,35,36,37,38,39,40,41,42,43,44,45,46,47,48,49,50,51,52,53,54,55,56,57,58,59,60,61,62,63,64,65,66,67,68,69,70,71,72,73,74,75,76,77,78,79,80,81,82,83,84,85,86,87,88,89,90,91,92,93,94,95,96,97,98,99,100,101,102,103,104,105,106,107,108,109,110,111,112,113,114,115,116,117,118,119,120,121,122,123,124,125,126,127,128,129,130,131,132,133,134,135,136,137,138,139,140,141,142,143,144,145,146,147,148,149,150,151,152,153,154,155,156,157,158,159,160,161,162,163,164,165,166,167,168,169,170,171,172,173,174,175,176,177,1,0,0,,,1,2022,0,0,0,0,0,0,0,0,0,0,0,0,0,0,0,0,0,0,0,0,0,0,0,0,0,0,0,0,0,0,0,0,0,0,0,0,0,0,0,0,0,0,0,0,0,0,0,0,0,0,0,0,0,6834.662109375,6985.86328125,7124.791015625,7237.51708984375,7368.72900390625,7255.05224609375,7280,0,7354.30419921875,7311.1005859375,7262.63427734375,7116.845703125,7020.7841796875,6965.38037109375,6920.10302734375,6823.36376953125,6694.11376953125,6757.46728515625,0,0,0,0,0,0,0,0,0,0,0,0,0,0,0,0,0,0,0,0,0,0,0,0,0,0,0,0,0,0,0,0,0,0,0,0,0,0,0,0,0,0,0,0,0,0,0,0,0,0,0,0,0,0,0,0,0,0
1,1200,4,0,0,0,3985,39852,139852,0,9955.48046875,76,0,1946,0,5,6,7,8,9,10,11,12,13,14,15,16,17,18,19,20,21,22,23,24,25,26,27,28,29,30,31,32,33,34,35,36,37,38,39,40,41,42,43,44,45,46,47,48,49,50,51,52,53,54,55,56,57,58,59,60,61,62,63,64,65,66,67,68,69,70,71,72,73,74,75,76,77,78,79,80,81,82,83,84,85,86,87,88,89,90,91,92,93,94,95,96,97,98,99,100,101,102,103,104,105,106,107,108,109,110,111,112,113,114,115,116,117,118,119,120,121,122,123,124,125,126,127,128,129,130,131,132,133,134,135,136,137,138,139,140,141,142,143,144,145,146,147,148,149,150,151,152,153,154,155,156,157,158,159,160,161,162,163,164,165,166,167,168,169,170,171,172,173,174,175,176,177,1,0,0,,,1,2022,0,0,0,0,0,0,0,0,0,0,0,0,0,0,0,0,0,0,0,0,0,0,0,0,0,0,0,0,0,0,0,0,7063.01318359375,7524.5126953125,7981.3779296875,8345.5458984375,8790.74609375,9318.65625,9906.4052734375,10517.1328125,11036.40234375,11487.3125,11917.8369140625,12296.474609375,12669.7509765625,13038.1904296875,13344.2880859375,13509.66015625,13745.4091796875,14110.9521484375,14389.69921875,14551.826171875,13257.2744140625,13519.1005859375,13818.1796875,14092.9814453125,14315.9560546875,14575.4951171875,14350.640625,14400,0,0,0,0,0,0,0,0,0,0,0,0,0,0,0,0,0,0,0,0,0,0,0,0,0,0,0,0,0,0,0,0,0,0,0,0,0,0,0,0,0,0,0,0,0,0,0,0,0,0,0,0,0,0,0,0,0,0,0,0,0,0,0,0,0,0,0,0,0
1,1100,4,0,0,0,3985,39853,139853,0,9924.6708984375,76,0,1946,0,5,6,7,8,9,10,11,12,13,14,15,16,17,18,19,20,21,22,23,24,25,26,27,28,29,30,31,32,33,34,35,36,37,38,39,40,41,42,43,44,45,46,47,48,49,50,51,52,53,54,55,56,57,58,59,60,61,62,63,64,65,66,67,68,69,70,71,72,73,74,75,76,77,78,79,80,81,82,83,84,85,86,87,88,89,90,91,92,93,94,95,96,97,98,99,100,101,102,103,104,105,106,107,108,109,110,111,112,113,114,115,116,117,118,119,120,121,122,123,124,125,126,127,128,129,130,131,132,133,134,135,136,137,138,139,140,141,142,143,144,145,146,147,148,149,150,151,152,153,154,155,156,157,158,159,160,161,162,163,164,165,166,167,168,169,170,171,172,173,174,175,176,177,1,0,0,,,1,2022,0,0,0,0,0,0,0,0,0,0,0,0,0,0,0,0,0,0,0,0,0,0,0,0,0,0,0,0,0,0,0,0,0,0,0,0,0,0,0,0,0,0,0,0,0,0,0,0,0,0,13510.33203125,13662.5517578125,12447.1103515625,12692.9365234375,12973.73828125,13231.7470703125,13441.0947265625,13684.7734375,13473.66015625,13520,0,0,0,0,0,0,0,0,0,12431.91796875,12549.57421875,0,0,0,0,0,0,0,0,0,0,0,0,0,0,0,0,0,0,0,0,0,0,0,0,0,0,0,0,0,0,0,0,0,0,0,0,0,0,0,0,0,0,0,0,0,0,0,0,0,0,0,0,0,0,0,0,0,0
1,1100,4,0,0,0,3985,39854,139854,0,10160.0927734375,76,0,1946,0,5,6,7,8,9,10,11,12,13,14,15,16,17,18,19,20,21,22,23,24,25,26,27,28,29,30,31,32,33,34,35,36,37,38,39,40,41,42,43,44,45,46,47,48,49,50,51,52,53,54,55,56,57,58,59,60,61,62,63,64,65,66,67,68,69,70,71,72,73,74,75,76,77,78,79,80,81,82,83,84,85,86,87,88,89,90,91,92,93,94,95,96,97,98,99,100,101,102,103,104,105,106,107,108,109,110,111,112,113,114,115,116,117,118,119,120,121,122,123,124,125,126,127,128,129,130,131,132,133,134,135,136,137,138,139,140,141,142,143,144,145,146,147,148,149,150,151,152,153,154,155,156,157,158,159,160,161,162,163,164,165,166,167,168,169,170,171,172,173,174,175,176,177,1,0,0,,,1,2022,0,0,0,0,0,0,0,0,0,0,0,0,0,0,0,0,0,0,0,0,0,0,0,0,0,0,0,0,0,0,0,0,0,0,0,0,0,0,0,0,0,0,0,0,0,0,0,0,0,0,0,0,0,0,0,0,9305.376953125,9474.0771484375,9327.921875,9360,0,0,0,0,0,0,8955.486328125,8897.2724609375,8772.89453125,8606.7158203125,8688.169921875,0,0,0,0,0,0,0,0,0,0,0,0,0,0,0,0,0,0,0,0,0,0,0,0,0,0,0,0,0,0,0,0,0,0,0,0,0,0,0,0,0,0,0,0,0,0,0,0,0,0,0,0,0,0,0,0,0,0
1,1300,4,0,0,0,3985,39855,139855,0,9787.208984375,76,0,1946,0,5,6,7,8,9,10,11,12,13,14,15,16,17,18,19,20,21,22,23,24,25,26,27,28,29,30,31,32,33,34,35,36,37,38,39,40,41,42,43,44,45,46,47,48,49,50,51,52,53,54,55,56,57,58,59,60,61,62,63,64,65,66,67,68,69,70,71,72,73,74,75,76,77,78,79,80,81,82,83,84,85,86,87,88,89,90,91,92,93,94,95,96,97,98,99,100,101,102,103,104,105,106,107,108,109,110,111,112,113,114,115,116,117,118,119,120,121,122,123,124,125,126,127,128,129,130,131,132,133,134,135,136,137,138,139,140,141,142,143,144,145,146,147,148,149,150,151,152,153,154,155,156,157,158,159,160,161,162,163,164,165,166,167,168,169,170,171,172,173,174,175,176,177,1,0,0,,,1,2022,0,0,0,0,0,0,0,0,0,0,0,0,0,0,0,0,0,0,0,0,0,0,0,0,0,0,0,0,0,0,0,0,0,0,0,0,0,0,0,0,0,0,0,0,0,0,5782.52783203125,5854.189453125,5956.34716796875,6114.74951171875,6235.5400390625,6305.79541015625,5744.822265625,5858.2802734375,5987.88134765625,6106.9619140625,6203.58447265625,6316.0517578125,6218.61474609375,6240,0,0,0,0,0,0,0,0,0,0,0,0,0,0,0,0,0,0,0,0,0,0,0,0,0,0,0,0,0,0,0,0,0,0,0,0,0,0,0,0,0,0,0,0,0,0,0,0,0,0,0,0,0,0,0,0,0,0,0,0,0,0,0,0,0,0,0,0,0
0,0,0,0,0,0,4018,40181,140181,0,17570.712890625,37,0,1985,0,0,0,0,0,0,0,0,0,0,0,0,0,0,0,0,0,0,0,0,0,0,0,0,0,0,0,0,0,0,0,0,0,0,0,0,1,2,3,4,5,6,7,8,9,10,11,12,13,14,15,16,17,18,19,20,21,22,23,24,25,26,27,28,29,30,31,32,33,34,35,36,37,38,39,40,41,42,43,44,45,46,47,48,49,50,51,52,53,54,55,56,57,58,59,60,61,62,63,64,65,66,67,68,69,70,71,72,73,74,75,76,77,78,79,80,81,82,83,84,85,86,87,88,89,90,91,92,93,94,95,96,97,98,99,100,101,102,103,104,105,106,107,108,109,110,111,112,113,114,115,116,117,118,119,120,121,122,123,124,125,126,127,128,129,130,131,132,133,134,135,136,137,138,2,0,0,2047,9999,1,2022,0,0,0,0,0,0,0,0,0,0,0,0,0,0,0,0,0,0,0,0,0,0,0,0,0,0,0,0,0,0,0,0,0,0,0,0,0,0,0,0,0,0,0,0,0,0,0,0,0,0,0,0,0,0,0,0,0,0,13150.3271484375,14022.62109375,15037.9921875,15997.1884765625,16900,15086.3046875,15937.2314453125,16949.103515625,18127.693359375,19415.38671875,20638.03125,21827.25,23753.416015625,26000,27688.099609375,29135.875,30471.501953125,31754.919921875,33015.33984375,34274.68359375,35535.72265625,36789.19921875,38028.71875,39249.21875,40446.125,41614.76953125,42750.66015625,43849.2578125,44906.09765625,45916.80859375,46877.19921875,47783.17578125,48630.77734375,49416.30859375,50136.3515625,50787.6640625,51367.35546875,51872.8046875,52301.609375,14821.34375,14897.376953125,14950.478515625,14980.4140625,14987.0361328125,14970.28125,14930.275390625,14930.9951171875,14908.4658203125,14862.791015625,14794.1708984375,14702.9375,14589.5,0,0,0,0,0,0,0,0,0,0,0,0,0,0,0,0,0,0,0
0,0,0,0,0,0,4018,40182,140182,0,17828.013671875,37,0,1985,0,0,0,0,0,0,0,0,0,0,0,0,0,0,0,0,0,0,0,0,0,0,0,0,0,0,0,0,0,0,0,0,0,0,0,0,1,2,3,4,5,6,7,8,9,10,11,12,13,14,15,16,17,18,19,20,21,22,23,24,25,26,27,28,29,30,31,32,33,34,35,36,37,38,39,40,41,42,43,44,45,46,47,48,49,50,51,52,53,54,55,56,57,58,59,60,61,62,63,64,65,66,67,68,69,70,71,72,73,74,75,76,77,78,79,80,81,82,83,84,85,86,87,88,89,90,91,92,93,94,95,96,97,98,99,100,101,102,103,104,105,106,107,108,109,110,111,112,113,114,115,116,117,118,119,120,121,122,123,124,125,126,127,128,129,130,131,132,133,134,135,136,137,138,2,0,0,2047,9999,1,2022,0,0,0,0,0,0,0,0,0,0,0,0,0,0,0,0,0,0,0,0,0,0,0,0,0,0,0,0,0,0,0,0,0,0,0,0,0,0,0,0,0,0,0,0,0,0,0,0,0,0,0,0,0,0,0,0,0,0,13150.3271484375,14022.62109375,15037.9921875,15997.1884765625,16900,15086.3046875,15937.2314453125,16949.103515625,18127.693359375,19415.38671875,20638.03125,21827.25,23753.416015625,26000,27688.099609375,29135.875,30471.501953125,31754.919921875,33015.33984375,34274.68359375,35535.72265625,36789.19921875,38028.71875,39249.21875,40446.125,41614.76953125,42750.66015625,43849.2578125,44906.09765625,45916.80859375,46877.19921875,47783.17578125,48630.77734375,49416.30859375,50136.3515625,50787.6640625,51367.35546875,51872.8046875,52301.609375,14821.34375,14897.376953125,14950.478515625,14980.4140625,14987.0361328125,14970.28125,14930.275390625,14930.9951171875,14908.4658203125,14862.791015625,14794.1708984375,14702.9375,14589.5,0,0,0,0,0,0,0,0,0,0,0,0,0,0,0,0,0,0,0
0,0,0,0,0,0,4018,40183,140183,0,17643.0703125,37,0,1985,0,0,0,0,0,0,0,0,0,0,0,0,0,0,0,0,0,0,0,0,0,0,0,0,0,0,0,0,0,0,0,0,0,0,0,0,1,2,3,4,5,6,7,8,9,10,11,12,13,14,15,16,17,18,19,20,21,22,23,24,25,26,27,28,29,30,31,32,33,34,35,36,37,38,39,40,41,42,43,44,45,46,47,48,49,50,51,52,53,54,55,56,57,58,59,60,61,62,63,64,65,66,67,68,69,70,71,72,73,74,75,76,77,78,79,80,81,82,83,84,85,86,87,88,89,90,91,92,93,94,95,96,97,98,99,100,101,102,103,104,105,106,107,108,109,110,111,112,113,114,115,116,117,118,119,120,121,122,123,124,125,126,127,128,129,130,131,132,133,134,135,136,137,138,2,0,0,2047,9999,1,2022,0,0,0,0,0,0,0,0,0,0,0,0,0,0,0,0,0,0,0,0,0,0,0,0,0,0,0,0,0,0,0,0,0,0,0,0,0,0,0,0,0,0,0,0,0,0,0,0,0,0,0,0,0,0,0,0,0,0,13150.3271484375,14022.62109375,15037.9921875,15997.1884765625,16900,15086.3046875,15937.2314453125,16949.103515625,18127.693359375,19415.38671875,20638.03125,21827.25,23753.416015625,26000,27688.099609375,29135.875,30471.501953125,31754.919921875,33015.33984375,34274.68359375,35535.72265625,36789.19921875,38028.71875,39249.21875,40446.125,41614.76953125,42750.66015625,43849.2578125,44906.09765625,45916.80859375,46877.19921875,47783.17578125,48630.77734375,49416.30859375,50136.3515625,50787.6640625,51367.35546875,51872.8046875,52301.609375,14821.34375,14897.376953125,14950.478515625,14980.4140625,14987.0361328125,14970.28125,14930.275390625,14930.9951171875,14908.4658203125,14862.791015625,14794.1708984375,14702.9375,14589.5,0,0,0,0,0,0,0,0,0,0,0,0,0,0,0,0,0,0,0
0,0,0,0,0,0,4018,40184,140184,0,17639.421875,37,0,1985,0,0,0,0,0,0,0,0,0,0,0,0,0,0,0,0,0,0,0,0,0,0,0,0,0,0,0,0,0,0,0,0,0,0,0,0,1,2,3,4,5,6,7,8,9,10,11,12,13,14,15,16,17,18,19,20,21,22,23,24,25,26,27,28,29,30,31,32,33,34,35,36,37,38,39,40,41,42,43,44,45,46,47,48,49,50,51,52,53,54,55,56,57,58,59,60,61,62,63,64,65,66,67,68,69,70,71,72,73,74,75,76,77,78,79,80,81,82,83,84,85,86,87,88,89,90,91,92,93,94,95,96,97,98,99,100,101,102,103,104,105,106,107,108,109,110,111,112,113,114,115,116,117,118,119,120,121,122,123,124,125,126,127,128,129,130,131,132,133,134,135,136,137,138,2,0,0,2047,9999,1,2022,0,0,0,0,0,0,0,0,0,0,0,0,0,0,0,0,0,0,0,0,0,0,0,0,0,0,0,0,0,0,0,0,0,0,0,0,0,0,0,0,0,0,0,0,0,0,0,0,0,0,0,0,0,0,0,0,0,0,13150.3271484375,14022.62109375,15037.9921875,15997.1884765625,16900,15086.3046875,15937.2314453125,16949.103515625,18127.693359375,19415.38671875,20638.03125,21827.25,23753.416015625,26000,27688.099609375,29135.875,30471.501953125,31754.919921875,33015.33984375,34274.68359375,35535.72265625,36789.19921875,38028.71875,39249.21875,40446.125,41614.76953125,42750.66015625,43849.2578125,44906.09765625,45916.80859375,46877.19921875,47783.17578125,48630.77734375,49416.30859375,50136.3515625,50787.6640625,51367.35546875,51872.8046875,52301.609375,14821.34375,14897.376953125,14950.478515625,14980.4140625,14987.0361328125,14970.28125,14930.275390625,14930.9951171875,14908.4658203125,14862.791015625,14794.1708984375,14702.9375,14589.5,0,0,0,0,0,0,0,0,0,0,0,0,0,0,0,0,0,0,0
0,0,0,0,0,0,4018,40185,140185,0,17656.046875,37,0,1985,0,0,0,0,0,0,0,0,0,0,0,0,0,0,0,0,0,0,0,0,0,0,0,0,0,0,0,0,0,0,0,0,0,0,0,0,1,2,3,4,5,6,7,8,9,10,11,12,13,14,15,16,17,18,19,20,21,22,23,24,25,26,27,28,29,30,31,32,33,34,35,36,37,38,39,40,41,42,43,44,45,46,47,48,49,50,51,52,53,54,55,56,57,58,59,60,61,62,63,64,65,66,67,68,69,70,71,72,73,74,75,76,77,78,79,80,81,82,83,84,85,86,87,88,89,90,91,92,93,94,95,96,97,98,99,100,101,102,103,104,105,106,107,108,109,110,111,112,113,114,115,116,117,118,119,120,121,122,123,124,125,126,127,128,129,130,131,132,133,134,135,136,137,138,2,0,0,2047,9999,1,2022,0,0,0,0,0,0,0,0,0,0,0,0,0,0,0,0,0,0,0,0,0,0,0,0,0,0,0,0,0,0,0,0,0,0,0,0,0,0,0,0,0,0,0,0,0,0,0,0,0,0,0,0,0,0,0,0,0,0,13150.3271484375,14022.62109375,15037.9921875,15997.1884765625,16900,15086.3046875,15937.2314453125,16949.103515625,18127.693359375,19415.38671875,20638.03125,21827.25,23753.416015625,26000,27688.099609375,29135.875,30471.501953125,31754.919921875,33015.33984375,34274.68359375,35535.72265625,36789.19921875,38028.71875,39249.21875,40446.125,41614.76953125,42750.66015625,43849.2578125,44906.09765625,45916.80859375,46877.19921875,47783.17578125,48630.77734375,49416.30859375,50136.3515625,50787.6640625,51367.35546875,51872.8046875,52301.609375,14821.34375,14897.376953125,14950.478515625,14980.4140625,14987.0361328125,14970.28125,14930.275390625,14930.9951171875,14908.4658203125,14862.791015625,14794.1708984375,14702.9375,14589.5,0,0,0,0,0,0,0,0,0,0,0,0,0,0,0,0,0,0,0
2,1200,4,0,0,0,4412,44121,144121,0,5672.26806640625,62,0,1960,0,0,0,0,0,0,0,0,0,0,0,1,2,3,4,5,6,7,8,9,10,11,12,13,14,15,16,17,18,19,20,21,22,23,24,25,26,27,28,29,30,31,32,33,34,35,36,37,38,39,40,41,42,43,44,45,46,47,48,49,50,51,52,53,54,55,56,57,58,59,60,61,62,63,64,65,66,67,68,69,70,71,72,73,74,75,76,77,78,79,80,81,82,83,84,85,86,87,88,89,90,91,92,93,94,95,96,97,98,99,100,101,102,103,104,105,106,107,108,109,110,111,112,113,114,115,116,117,118,119,120,121,122,123,124,125,126,127,128,129,130,131,132,133,134,135,136,137,138,139,140,141,142,143,144,145,146,147,148,149,150,151,152,153,154,155,156,157,158,159,160,161,162,163,1,0,0,,,1,2022,0,0,0,0,0,0,0,0,0,0,0,0,0,0,0,0,0,0,0,0,0,0,0,0,0,0,0,0,4180.55615234375,4889.01416015625,5615.3544921875,6238.35888671875,6834.3828125,7441.5888671875,8067.56201171875,8621.7841796875,9282.0888671875,10056.5927734375,10926.7666015625,11856.3369140625,12716.2265625,13527.787109375,14344.431640625,15126.6962890625,15929.771484375,16754.689453125,17526.37109375,18135.044921875,18858.6171875,19787.279296875,20623.32421875,21315.818359375,22168.306640625,23104.876953125,24137.0546875,25160.189453125,26122.150390625,27182.505859375,27353.66015625,28053.306640625,28934.787109375,29603.919921875,30079.345703125,30539.1796875,30586.3984375,30839.263671875,31270.95703125,31753.125,32000,0,0,0,0,0,0,0,0,0,0,0,0,0,0,0,0,0,0,0,0,0,0,0,0,0,0,0,0,0,0,0,0,0,0,0,0,0,0,0,0,0,0,0,0,0,0,0,0,0,0,0,0,0,0,0,0,0,0,0,0
2,1200,4,0,0,0,4412,44122,144122,0,8514.521484375,62,0,1960,0,0,0,0,0,0,0,0,0,0,0,1,2,3,4,5,6,7,8,9,10,11,12,13,14,15,16,17,18,19,20,21,22,23,24,25,26,27,28,29,30,31,32,33,34,35,36,37,38,39,40,41,42,43,44,45,46,47,48,49,50,51,52,53,54,55,56,57,58,59,60,61,62,63,64,65,66,67,68,69,70,71,72,73,74,75,76,77,78,79,80,81,82,83,84,85,86,87,88,89,90,91,92,93,94,95,96,97,98,99,100,101,102,103,104,105,106,107,108,109,110,111,112,113,114,115,116,117,118,119,120,121,122,123,124,125,126,127,128,129,130,131,132,133,134,135,136,137,138,139,140,141,142,143,144,145,146,147,148,149,150,151,152,153,154,155,156,157,158,159,160,161,162,163,1,0,0,,,1,2022,0,0,0,0,0,0,0,0,0,0,0,0,0,0,0,0,0,0,0,0,0,0,0,0,0,0,0,0,4180.55615234375,4889.01416015625,5615.3544921875,6238.35888671875,6834.3828125,7441.5888671875,8067.56201171875,8621.7841796875,9282.0888671875,10056.5927734375,10926.7666015625,11856.3369140625,12716.2265625,13527.787109375,14344.431640625,15126.6962890625,15929.771484375,16754.689453125,17526.37109375,18135.044921875,18858.6171875,19787.279296875,20623.32421875,21315.818359375,22168.306640625,23104.876953125,24137.0546875,25160.189453125,26122.150390625,27182.505859375,27353.66015625,28053.306640625,28934.787109375,29603.919921875,30079.345703125,30539.1796875,30586.3984375,30839.263671875,31270.95703125,31753.125,32000,0,0,0,0,0,0,0,0,0,0,0,0,0,0,0,0,0,0,0,0,0,0,0,0,0,0,0,0,0,0,0,0,0,0,0,0,0,0,0,0,0,0,0,0,0,0,0,0,0,0,0,0,0,0,0,0,0,0,0,0
2,1300,4,0,0,0,4412,44123,144123,0,4787.1162109375,62,0,1960,0,0,0,0,0,0,0,0,0,0,0,1,2,3,4,5,6,7,8,9,10,11,12,13,14,15,16,17,18,19,20,21,22,23,24,25,26,27,28,29,30,31,32,33,34,35,36,37,38,39,40,41,42,43,44,45,46,47,48,49,50,51,52,53,54,55,56,57,58,59,60,61,62,63,64,65,66,67,68,69,70,71,72,73,74,75,76,77,78,79,80,81,82,83,84,85,86,87,88,89,90,91,92,93,94,95,96,97,98,99,100,101,102,103,104,105,106,107,108,109,110,111,112,113,114,115,116,117,118,119,120,121,122,123,124,125,126,127,128,129,130,131,132,133,134,135,136,137,138,139,140,141,142,143,144,145,146,147,148,149,150,151,152,153,154,155,156,157,158,159,160,161,162,163,1,0,0,,,1,2022,0,0,0,0,0,0,0,0,0,0,0,0,0,0,0,0,0,0,0,0,0,0,0,0,0,0,0,0,4180.55615234375,4889.01416015625,5615.3544921875,6238.35888671875,6834.3828125,7441.5888671875,8067.56201171875,8621.7841796875,9282.0888671875,10056.5927734375,10926.7666015625,11856.3369140625,12716.2265625,13527.787109375,14344.431640625,15126.6962890625,15929.771484375,16754.689453125,17526.37109375,18135.044921875,18858.6171875,19787.279296875,20623.32421875,21315.818359375,22168.306640625,23104.876953125,24137.0546875,25160.189453125,26122.150390625,27182.505859375,27353.66015625,28053.306640625,28934.787109375,29603.919921875,30079.345703125,30539.1796875,30586.3984375,30839.263671875,31270.95703125,31753.125,32000,0,0,0,0,0,0,0,0,0,0,0,0,0,0,0,0,0,0,0,0,0,0,0,0,0,0,0,0,0,0,0,0,0,0,0,0,0,0,0,0,0,0,0,0,0,0,0,0,0,0,0,0,0,0,0,0,0,0,0,0
2,2300,4,0,0,0,4412,44124,144124,0,5794.95654296875,62,0,1960,0,0,0,0,0,0,0,0,0,0,0,1,2,3,4,5,6,7,8,9,10,11,12,13,14,15,16,17,18,19,20,21,22,23,24,25,26,27,28,29,30,31,32,33,34,35,36,37,38,39,40,41,42,43,44,45,46,47,48,49,50,51,52,53,54,55,56,57,58,59,60,61,62,63,64,65,66,67,68,69,70,71,72,73,74,75,76,77,78,79,80,81,82,83,84,85,86,87,88,89,90,91,92,93,94,95,96,97,98,99,100,101,102,103,104,105,106,107,108,109,110,111,112,113,114,115,116,117,118,119,120,121,122,123,124,125,126,127,128,129,130,131,132,133,134,135,136,137,138,139,140,141,142,143,144,145,146,147,148,149,150,151,152,153,154,155,156,157,158,159,160,161,162,163,1,0,0,,,1,2022,0,0,0,0,0,0,0,0,0,0,0,0,0,0,0,0,0,0,0,0,0,0,0,0,0,0,0,0,4180.55615234375,4889.01416015625,5615.3544921875,6238.35888671875,6834.3828125,7441.5888671875,8067.56201171875,8621.7841796875,9282.0888671875,10056.5927734375,10926.7666015625,11856.3369140625,12716.2265625,13527.787109375,14344.431640625,15126.6962890625,15929.771484375,16754.689453125,17526.37109375,18135.044921875,18858.6171875,19787.279296875,20623.32421875,21315.818359375,22168.306640625,23104.876953125,24137.0546875,25160.189453125,26122.150390625,27182.505859375,27353.66015625,28053.306640625,28934.787109375,29603.919921875,30079.345703125,30539.1796875,30586.3984375,30839.263671875,31270.95703125,31753.125,32000,0,0,0,0,0,0,0,0,0,0,0,0,0,0,0,0,0,0,0,0,0,0,0,0,0,0,0,0,0,0,0,0,0,0,0,0,0,0,0,0,0,0,0,0,0,0,0,0,0,0,0,0,0,0,0,0,0,0,0,0
2,2900,4,0,0,0,4412,44125,144125,0,8688.1376953125,62,0,1960,0,0,0,0,0,0,0,0,0,0,0,1,2,3,4,5,6,7,8,9,10,11,12,13,14,15,16,17,18,19,20,21,22,23,24,25,26,27,28,29,30,31,32,33,34,35,36,37,38,39,40,41,42,43,44,45,46,47,48,49,50,51,52,53,54,55,56,57,58,59,60,61,62,63,64,65,66,67,68,69,70,71,72,73,74,75,76,77,78,79,80,81,82,83,84,85,86,87,88,89,90,91,92,93,94,95,96,97,98,99,100,101,102,103,104,105,106,107,108,109,110,111,112,113,114,115,116,117,118,119,120,121,122,123,124,125,126,127,128,129,130,131,132,133,134,135,136,137,138,139,140,141,142,143,144,145,146,147,148,149,150,151,152,153,154,155,156,157,158,159,160,161,162,163,1,0,0,,,1,2022,0,0,0,0,0,0,0,0,0,0,0,0,0,0,0,0,0,0,0,0,0,0,0,0,0,0,0,0,4180.55615234375,4889.01416015625,5615.3544921875,6238.35888671875,6834.3828125,7441.5888671875,8067.56201171875,8621.7841796875,9282.0888671875,10056.5927734375,10926.7666015625,11856.3369140625,12716.2265625,13527.787109375,14344.431640625,15126.6962890625,15929.771484375,16754.689453125,17526.37109375,18135.044921875,18858.6171875,19787.279296875,20623.32421875,21315.818359375,22168.306640625,23104.876953125,24137.0546875,25160.189453125,26122.150390625,27182.505859375,27353.66015625,28053.306640625,28934.787109375,29603.919921875,30079.345703125,30539.1796875,30586.3984375,30839.263671875,31270.95703125,31753.125,32000,0,0,0,0,0,0,0,0,0,0,0,0,0,0,0,0,0,0,0,0,0,0,0,0,0,0,0,0,0,0,0,0,0,0,0,0,0,0,0,0,0,0,0,0,0,0,0,0,0,0,0,0,0,0,0,0,0,0,0,0
0,0,0,0,0,0,4452,44521,144521,244521,3505.749755859375,43,45,1979,1977,0,0,0,0,0,0,0,0,0,0,0,0,0,0,0,0,0,0,0,0,0,0,0,0,0,0,0,0,0,1,2,3,4,5,6,7,8,9,10,11,12,13,14,15,16,17,18,19,20,21,22,23,24,25,26,27,28,29,30,31,32,33,34,35,36,37,38,39,40,41,42,43,44,45,46,47,48,49,50,51,52,53,54,55,56,57,58,59,60,61,62,63,64,65,66,67,68,69,70,71,72,73,74,75,76,77,78,79,80,81,82,83,84,85,86,87,88,89,90,91,92,93,94,95,96,97,98,99,100,101,102,103,104,105,106,107,108,109,110,111,112,113,114,115,116,117,118,119,120,121,122,123,124,125,126,127,128,129,130,131,132,133,134,135,136,137,138,139,140,141,142,143,144,1,2,1,2049,2049,1,2022,0,0,0,0,0,0,0,0,0,0,0,0,0,0,0,0,0,0,0,0,0,0,0,0,0,0,0,0,0,0,0,0,0,0,0,0,0,0,0,0,0,0,0,0,0,0,0,0,23227.75390625,25104.158203125,26951.396484375,28693.748046875,30738.310546875,33000,0,0,0,29984.625,31080.416015625,32833.56640625,34883.21484375,36762.79296875,38475.99609375,40238.47265625,41512.13671875,43113.5078125,45031.12109375,47099.9765625,48893.0234375,50498.87109375,53667.671875,65000,68575.90625,71489.890625,74071.0703125,76472.1953125,78767.3984375,81010.7734375,83209.4453125,85342.546875,87396.7265625,89361.9453125,91229.8046875,92991.9765625,94640.9296875,96169.3359375,97570.34375,98837.6484375,99965.59375,100948.9140625,101783.1875,102464.4765625,102989.734375,103356.4609375,103563.0390625,103608.5234375,103492.5234375,103215.828125,102779.453125,0,0,0,0,0,0,0,0,0,0,0,0,0,0,0,0,0,0,0,0,0,0,0,0,0,0,0,0,0,0
0,0,0,0,0,0,4452,44521,244521,144521,3505.749755859375,45,43,1977,1979,0,0,0,0,0,0,0,0,0,0,0,0,0,0,0,0,0,0,0,0,0,0,0,0,0,0,0,1,2,3,4,5,6,7,8,9,10,11,12,13,14,15,16,17,18,19,20,21,22,23,24,25,26,27,28,29,30,31,32,33,34,35,36,37,38,39,40,41,42,43,44,45,46,47,48,49,50,51,52,53,54,55,56,57,58,59,60,61,62,63,64,65,66,67,68,69,70,71,72,73,74,75,76,77,78,79,80,81,82,83,84,85,86,87,88,89,90,91,92,93,94,95,96,97,98,99,100,101,102,103,104,105,106,107,108,109,110,111,112,113,114,115,116,117,118,119,120,121,122,123,124,125,126,127,128,129,130,131,132,133,134,135,136,137,138,139,140,141,142,143,144,145,146,2,1,1,2042,2042,2,2022,0,0,0,0,0,0,0,0,0,0,0,0,0,0,0,0,0,0,0,0,0,0,0,0,0,0,0,0,0,0,0,0,0,0,0,0,0,0,0,0,0,0,0,0,0,0,0,0,0,0,0,0,0,0,0,0,42223.85546875,45117.71875,46620.98046875,49097.421875,52000,47596.9609375,43265.83203125,39298.96484375,35212.6875,31762.998046875,33072.4921875,34484.26171875,35685.6171875,36742.94921875,38927.01953125,47000,49431.30859375,51371.3828125,53060.4921875,54610.015625,56073.96875,57491.49609375,58868.03515625,60189.19921875,61446.078125,62632.20703125,63742.2578125,64771.3125,65714.65625,66568,67327.546875,67989.75,68551.6015625,69010.5078125,69364.1796875,69611.1796875,0,0,0,0,0,0,0,0,0,0,0,0,0,0,0,0,0,0,0,0,0,0,0,0,0,0,0,0,0,0,0,0,0,0,0,0,0
0,0,0,0,0,0,4452,44522,144522,244522,3519.805908203125,43,45,1979,1977,0,0,0,0,0,0,0,0,0,0,0,0,0,0,0,0,0,0,0,0,0,0,0,0,0,0,0,0,0,1,2,3,4,5,6,7,8,9,10,11,12,13,14,15,16,17,18,19,20,21,22,23,24,25,26,27,28,29,30,31,32,33,34,35,36,37,38,39,40,41,42,43,44,45,46,47,48,49,50,51,52,53,54,55,56,57,58,59,60,61,62,63,64,65,66,67,68,69,70,71,72,73,74,75,76,77,78,79,80,81,82,83,84,85,86,87,88,89,90,91,92,93,94,95,96,97,98,99,100,101,102,103,104,105,106,107,108,109,110,111,112,113,114,115,116,117,118,119,120,121,122,123,124,125,126,127,128,129,130,131,132,133,134,135,136,137,138,139,140,141,142,143,144,1,2,1,2049,2049,1,2022,0,0,0,0,0,0,0,0,0,0,0,0,0,0,0,0,0,0,0,0,0,0,0,0,0,0,0,0,0,0,0,0,0,0,0,0,0,0,0,0,0,0,0,0,0,0,0,0,21960.787109375,23734.841796875,25481.322265625,27128.634765625,29061.677734375,31200,0,0,0,29984.625,31080.416015625,32833.56640625,34883.21484375,36762.79296875,38475.99609375,40238.47265625,41512.13671875,43113.5078125,45031.12109375,47099.9765625,48893.0234375,50498.87109375,53667.671875,65000,68575.90625,71489.890625,74071.0703125,76472.1953125,78767.3984375,81010.7734375,83209.4453125,85342.546875,87396.7265625,89361.9453125,91229.8046875,92991.9765625,94640.9296875,96169.3359375,97570.34375,98837.6484375,99965.59375,100948.9140625,101783.1875,102464.4765625,102989.734375,103356.4609375,103563.0390625,103608.5234375,103492.5234375,103215.828125,102779.453125,0,0,0,0,0,0,0,0,0,0,0,0,0,0,0,0,0,0,0,0,0,0,0,0,0,0,0,0,0,0
0,0,0,0,0,0,4452,44522,244522,144522,3519.805908203125,45,43,1977,1979,0,0,0,0,0,0,0,0,0,0,0,0,0,0,0,0,0,0,0,0,0,0,0,0,0,0,0,1,2,3,4,5,6,7,8,9,10,11,12,13,14,15,16,17,18,19,20,21,22,23,24,25,26,27,28,29,30,31,32,33,34,35,36,37,38,39,40,41,42,43,44,45,46,47,48,49,50,51,52,53,54,55,56,57,58,59,60,61,62,63,64,65,66,67,68,69,70,71,72,73,74,75,76,77,78,79,80,81,82,83,84,85,86,87,88,89,90,91,92,93,94,95,96,97,98,99,100,101,102,103,104,105,106,107,108,109,110,111,112,113,114,115,116,117,118,119,120,121,122,123,124,125,126,127,128,129,130,131,132,133,134,135,136,137,138,139,140,141,142,143,144,145,146,2,1,1,2042,2042,2,2022,0,0,0,0,0,0,0,0,0,0,0,0,0,0,0,0,0,0,0,0,0,0,0,0,0,0,0,0,0,0,0,0,0,0,0,0,0,0,0,0,0,0,0,0,0,0,0,0,0,0,0,0,0,0,0,0,42223.85546875,45117.71875,46620.98046875,49097.421875,52000,47596.9609375,43265.83203125,39298.96484375,35212.6875,31762.998046875,33072.4921875,34484.26171875,35685.6171875,36742.94921875,38927.01953125,47000,49431.30859375,51371.3828125,53060.4921875,54610.015625,56073.96875,57491.49609375,58868.03515625,60189.19921875,61446.078125,62632.20703125,63742.2578125,64771.3125,65714.65625,66568,67327.546875,67989.75,68551.6015625,69010.5078125,69364.1796875,69611.1796875,0,0,0,0,0,0,0,0,0,0,0,0,0,0,0,0,0,0,0,0,0,0,0,0,0,0,0,0,0,0,0,0,0,0,0,0,0
0,0,0,0,0,0,4452,44523,144523,244523,3788.70068359375,43,45,1979,1977,0,0,0,0,0,0,0,0,0,0,0,0,0,0,0,0,0,0,0,0,0,0,0,0,0,0,0,0,0,1,2,3,4,5,6,7,8,9,10,11,12,13,14,15,16,17,18,19,20,21,22,23,24,25,26,27,28,29,30,31,32,33,34,35,36,37,38,39,40,41,42,43,44,45,46,47,48,49,50,51,52,53,54,55,56,57,58,59,60,61,62,63,64,65,66,67,68,69,70,71,72,73,74,75,76,77,78,79,80,81,82,83,84,85,86,87,88,89,90,91,92,93,94,95,96,97,98,99,100,101,102,103,104,105,106,107,108,109,110,111,112,113,114,115,116,117,118,119,120,121,122,123,124,125,126,127,128,129,130,131,132,133,134,135,136,137,138,139,140,141,142,143,144,1,2,1,2049,2049,1,2022,0,0,0,0,0,0,0,0,0,0,0,0,0,0,0,0,0,0,0,0,0,0,0,0,0,0,0,0,0,0,0,0,0,0,0,0,0,0,0,0,0,0,0,0,0,0,0,0,10558.07421875,11410.9853515625,12250.6396484375,13042.6181640625,13971.9658203125,15000,0,0,0,29984.625,31080.416015625,32833.56640625,34883.21484375,36762.79296875,38475.99609375,40238.47265625,41512.13671875,43113.5078125,45031.12109375,47099.9765625,48893.0234375,50498.87109375,53667.671875,65000,68575.90625,71489.890625,74071.0703125,76472.1953125,78767.3984375,81010.7734375,83209.4453125,85342.546875,87396.7265625,89361.9453125,91229.8046875,92991.9765625,94640.9296875,96169.3359375,97570.34375,98837.6484375,99965.59375,100948.9140625,101783.1875,102464.4765625,102989.734375,103356.4609375,103563.0390625,103608.5234375,103492.5234375,103215.828125,102779.453125,0,0,0,0,0,0,0,0,0,0,0,0,0,0,0,0,0,0,0,0,0,0,0,0,0,0,0,0,0,0
0,0,0,0,0,0,4452,44523,244523,144523,3788.70068359375,45,43,1977,1979,0,0,0,0,0,0,0,0,0,0,0,0,0,0,0,0,0,0,0,0,0,0,0,0,0,0,0,1,2,3,4,5,6,7,8,9,10,11,12,13,14,15,16,17,18,19,20,21,22,23,24,25,26,27,28,29,30,31,32,33,34,35,36,37,38,39,40,41,42,43,44,45,46,47,48,49,50,51,52,53,54,55,56,57,58,59,60,61,62,63,64,65,66,67,68,69,70,71,72,73,74,75,76,77,78,79,80,81,82,83,84,85,86,87,88,89,90,91,92,93,94,95,96,97,98,99,100,101,102,103,104,105,106,107,108,109,110,111,112,113,114,115,116,117,118,119,120,121,122,123,124,125,126,127,128,129,130,131,132,133,134,135,136,137,138,139,140,141,142,143,144,145,146,2,1,1,2042,2042,2,2022,0,0,0,0,0,0,0,0,0,0,0,0,0,0,0,0,0,0,0,0,0,0,0,0,0,0,0,0,0,0,0,0,0,0,0,0,0,0,0,0,0,0,0,0,0,0,0,0,0,0,0,0,0,0,0,0,42223.85546875,45117.71875,46620.98046875,49097.421875,52000,47596.9609375,43265.83203125,39298.96484375,35212.6875,31762.998046875,33072.4921875,34484.26171875,35685.6171875,36742.94921875,38927.01953125,47000,49431.30859375,51371.3828125,53060.4921875,54610.015625,56073.96875,57491.49609375,58868.03515625,60189.19921875,61446.078125,62632.20703125,63742.2578125,64771.3125,65714.65625,66568,67327.546875,67989.75,68551.6015625,69010.5078125,69364.1796875,69611.1796875,0,0,0,0,0,0,0,0,0,0,0,0,0,0,0,0,0,0,0,0,0,0,0,0,0,0,0,0,0,0,0,0,0,0,0,0,0
0,0,0,0,0,0,4452,44524,144524,244524,3614.912353515625,43,45,1979,1977,0,0,0,0,0,0,0,0,0,0,0,0,0,0,0,0,0,0,0,0,0,0,0,0,0,0,0,0,0,1,2,3,4,5,6,7,8,9,10,11,12,13,14,15,16,17,18,19,20,21,22,23,24,25,26,27,28,29,30,31,32,33,34,35,36,37,38,39,40,41,42,43,44,45,46,47,48,49,50,51,52,53,54,55,56,57,58,59,60,61,62,63,64,65,66,67,68,69,70,71,72,73,74,75,76,77,78,79,80,81,82,83,84,85,86,87,88,89,90,91,92,93,94,95,96,97,98,99,100,101,102,103,104,105,106,107,108,109,110,111,112,113,114,115,116,117,118,119,120,121,122,123,124,125,126,127,128,129,130,131,132,133,134,135,136,137,138,139,140,141,142,143,144,1,2,1,2049,2049,1,2022,0,0,0,0,0,0,0,0,0,0,0,0,0,0,0,0,0,0,0,0,0,0,0,0,0,0,0,0,0,0,0,0,0,0,0,0,0,0,0,0,0,0,0,0,0,0,0,0,10135.7509765625,10954.5458984375,11760.6142578125,12520.9130859375,13413.0869140625,14400,0,0,0,29984.625,31080.416015625,32833.56640625,34883.21484375,36762.79296875,38475.99609375,40238.47265625,41512.13671875,43113.5078125,45031.12109375,47099.9765625,48893.0234375,50498.87109375,53667.671875,65000,68575.90625,71489.890625,74071.0703125,76472.1953125,78767.3984375,81010.7734375,83209.4453125,85342.546875,87396.7265625,89361.9453125,91229.8046875,92991.9765625,94640.9296875,96169.3359375,97570.34375,98837.6484375,99965.59375,100948.9140625,101783.1875,102464.4765625,102989.734375,103356.4609375,103563.0390625,103608.5234375,103492.5234375,103215.828125,102779.453125,0,0,0,0,0,0,0,0,0,0,0,0,0,0,0,0,0,0,0,0,0,0,0,0,0,0,0,0,0,0
0,0,0,0,0,0,4452,44524,244524,144524,3614.912353515625,45,43,1977,1979,0,0,0,0,0,0,0,0,0,0,0,0,0,0,0,0,0,0,0,0,0,0,0,0,0,0,0,1,2,3,4,5,6,7,8,9,10,11,12,13,14,15,16,17,18,19,20,21,22,23,24,25,26,27,28,29,30,31,32,33,34,35,36,37,38,39,40,41,42,43,44,45,46,47,48,49,50,51,52,53,54,55,56,57,58,59,60,61,62,63,64,65,66,67,68,69,70,71,72,73,74,75,76,77,78,79,80,81,82,83,84,85,86,87,88,89,90,91,92,93,94,95,96,97,98,99,100,101,102,103,104,105,106,107,108,109,110,111,112,113,114,115,116,117,118,119,120,121,122,123,124,125,126,127,128,129,130,131,132,133,134,135,136,137,138,139,140,141,142,143,144,145,146,2,1,1,2042,2042,2,2022,0,0,0,0,0,0,0,0,0,0,0,0,0,0,0,0,0,0,0,0,0,0,0,0,0,0,0,0,0,0,0,0,0,0,0,0,0,0,0,0,0,0,0,0,0,0,0,0,0,0,0,0,0,0,0,0,42223.85546875,45117.71875,46620.98046875,49097.421875,52000,47596.9609375,43265.83203125,39298.96484375,35212.6875,31762.998046875,33072.4921875,34484.26171875,35685.6171875,36742.94921875,38927.01953125,47000,49431.30859375,51371.3828125,53060.4921875,54610.015625,56073.96875,57491.49609375,58868.03515625,60189.19921875,61446.078125,62632.20703125,63742.2578125,64771.3125,65714.65625,66568,67327.546875,67989.75,68551.6015625,69010.5078125,69364.1796875,69611.1796875,0,0,0,0,0,0,0,0,0,0,0,0,0,0,0,0,0,0,0,0,0,0,0,0,0,0,0,0,0,0,0,0,0,0,0,0,0
0,0,0,0,0,0,4452,44525,144525,244525,3847.173828125,43,45,1979,1977,0,0,0,0,0,0,0,0,0,0,0,0,0,0,0,0,0,0,0,0,0,0,0,0,0,0,0,0,0,1,2,3,4,5,6,7,8,9,10,11,12,13,14,15,16,17,18,19,20,21,22,23,24,25,26,27,28,29,30,31,32,33,34,35,36,37,38,39,40,41,42,43,44,45,46,47,48,49,50,51,52,53,54,55,56,57,58,59,60,61,62,63,64,65,66,67,68,69,70,71,72,73,74,75,76,77,78,79,80,81,82,83,84,85,86,87,88,89,90,91,92,93,94,95,96,97,98,99,100,101,102,103,104,105,106,107,108,109,110,111,112,113,114,115,116,117,118,119,120,121,122,123,124,125,126,127,128,129,130,131,132,133,134,135,136,137,138,139,140,141,142,143,144,1,2,1,2049,2049,1,2022,0,0,0,0,0,0,0,0,0,0,0,0,0,0,0,0,0,0,0,0,0,0,0,0,0,0,0,0,0,0,0,0,0,0,0,0,0,0,0,0,0,0,0,0,0,0,0,0,7038.71630859375,7607.32373046875,8167.09326171875,8695.0791015625,9314.6435546875,10000,0,0,0,29984.625,31080.416015625,32833.56640625,34883.21484375,36762.79296875,38475.99609375,40238.47265625,41512.13671875,43113.5078125,45031.12109375,47099.9765625,48893.0234375,50498.87109375,53667.671875,65000,68575.90625,71489.890625,74071.0703125,76472.1953125,78767.3984375,81010.7734375,83209.4453125,85342.546875,87396.7265625,89361.9453125,91229.8046875,92991.9765625,94640.9296875,96169.3359375,97570.34375,98837.6484375,99965.59375,100948.9140625,101783.1875,102464.4765625,102989.734375,103356.4609375,103563.0390625,103608.5234375,103492.5234375,103215.828125,102779.453125,0,0,0,0,0,0,0,0,0,0,0,0,0,0,0,0,0,0,0,0,0,0,0,0,0,0,0,0,0,0
0,0,0,0,0,0,4452,44525,244525,144525,3847.173828125,45,43,1977,1979,0,0,0,0,0,0,0,0,0,0,0,0,0,0,0,0,0,0,0,0,0,0,0,0,0,0,0,1,2,3,4,5,6,7,8,9,10,11,12,13,14,15,16,17,18,19,20,21,22,23,24,25,26,27,28,29,30,31,32,33,34,35,36,37,38,39,40,41,42,43,44,45,46,47,48,49,50,51,52,53,54,55,56,57,58,59,60,61,62,63,64,65,66,67,68,69,70,71,72,73,74,75,76,77,78,79,80,81,82,83,84,85,86,87,88,89,90,91,92,93,94,95,96,97,98,99,100,101,102,103,104,105,106,107,108,109,110,111,112,113,114,115,116,117,118,119,120,121,122,123,124,125,126,127,128,129,130,131,132,133,134,135,136,137,138,139,140,141,142,143,144,145,146,2,1,1,2042,2042,2,2022,0,0,0,0,0,0,0,0,0,0,0,0,0,0,0,0,0,0,0,0,0,0,0,0,0,0,0,0,0,0,0,0,0,0,0,0,0,0,0,0,0,0,0,0,0,0,0,0,0,0,0,0,0,0,0,0,42223.85546875,45117.71875,46620.98046875,49097.421875,52000,47596.9609375,43265.83203125,39298.96484375,35212.6875,31762.998046875,33072.4921875,34484.26171875,35685.6171875,36742.94921875,38927.01953125,47000,49431.30859375,51371.3828125,53060.4921875,54610.015625,56073.96875,57491.49609375,58868.03515625,60189.19921875,61446.078125,62632.20703125,63742.2578125,64771.3125,65714.65625,66568,67327.546875,67989.75,68551.6015625,69010.5078125,69364.1796875,69611.1796875,0,0,0,0,0,0,0,0,0,0,0,0,0,0,0,0,0,0,0,0,0,0,0,0,0,0,0,0,0,0,0,0,0,0,0,0,0
