X5304,X5306,X5307,X5309,X5311,X5312,YY1,Y1,V1,V3,wgt,age,ages,BIRTHYR,BIRTHYRs,age1951,age1952,age1953,age1954,age1955,age1956,age1957,age1958,age1959,age1960,age1961,age1962,age1963,age1964,age1965,age1966,age1967,age1968,age1969,age1970,age1971,age1972,age1973,age1974,age1975,age1976,age1977,age1978,age1979,age1980,age1981,age1982,age1983,age1984,age1985,age1986,age1987,age1988,age1989,age1990,age1991,age1992,age1993,age1994,age1995,age1996,age1997,age1998,age1999,age2000,age2001,age2002,age2003,age2004,age2005,age2006,age2007,age2008,age2009,age2010,age2011,age2012,age2013,age2014,age2015,age2016,age2017,age2018,age2019,age2020,age2021,age2022,age2023,age2024,age2025,age2026,age2027,age2028,age2029,age2030,age2031,age2032,age2033,age2034,age2035,age2036,age2037,age2038,age2039,age2040,age2041,age2042,age2043,age2044,age2045,age2046,age2047,age2048,age2049,age2050,age2051,age2052,age2053,age2054,age2055,age2056,age2057,age2058,age2059,age2060,age2061,age2062,age2063,age2064,age2065,age2066,age2067,age2068,age2069,age2070,age2071,age2072,age2073,age2074,age2075,age2076,age2077,age2078,age2079,age2080,age2081,age2082,age2083,age2084,age2085,age2086,age2087,age2088,age2089,age2090,age2091,age2092,age2093,age2094,age2095,age2096,age2097,age2098,age2099,age2100,age2101,age2102,age2103,age2104,age2105,age2106,age2107,age2108,age2109,age2110,age2111,age2112,age2113,age2114,age2115,age2116,age2117,age2118,age2119,age2120,sex,sexs,marital,willstopworkFT,willstopworkALL,rstat,year,EARN1951,EARN1952,EARN1953,EARN1954,EARN1955,EARN1956,EARN1957,EARN1958,EARN1959,EARN1960,EARN1961,EARN1962,EARN1963,EARN1964,EARN1965,EARN1966,EARN1967,EARN1968,EARN1969,EARN1970,EARN1971,EARN1972,EARN1973,EARN1974,EARN1975,EARN1976,EARN1977,EARN1978,EARN1979,EARN1980,EARN1981,EARN1982,EARN1983,EARN1984,EARN1985,EARN1986,EARN1987,EARN1988,EARN1989,EARN1990,EARN1991,EARN1992,EARN1993,EARN1994,EARN1995,EARN1996,EARN1997,EARN1998,EARN1999,EARN2000,EARN2001,EARN2002,EARN2003,EARN2004,EARN2005,EARN2006,EARN2007,EARN2008,EARN2009,EARN2010,EARN2011,EARN2012,EARN2013,EARN2014,EARN2015,EARN2016,EARN2017,EARN2018,EARN2019,EARN2020,EARN2021,EARN2022,EARN2023,EARN2024,EARN2025,EARN2026,EARN2027,EARN2028,EARN2029,EARN2030,EARN2031,EARN2032,EARN2033,EARN2034,EARN2035,EARN2036,EARN2037,EARN2038,EARN2039,EARN2040,EARN2041,EARN2042,EARN2043,EARN2044,EARN2045,EARN2046,EARN2047,EARN2048,EARN2049,EARN2050,EARN2051,EARN2052,EARN2053,EARN2054,EARN2055,EARN2056,EARN2057,EARN2058,EARN2059,EARN2060,EARN2061,EARN2062,EARN2063,EARN2064,EARN2065,EARN2066,EARN2067,EARN2068,EARN2069,EARN2070,EARN2071,EARN2072,EARN2073,EARN2074,EARN2075,EARN2076
1,180,4,0,0,0,11,111,100111,0,4322.6064453125,62,0,1957,0,0,0,0,0,0,0,0,1,2,3,4,5,6,7,8,9,10,11,12,13,14,15,16,17,18,19,20,21,22,23,24,25,26,27,28,29,30,31,32,33,34,35,36,37,38,39,40,41,42,43,44,45,46,47,48,49,50,51,52,53,54,55,56,57,58,59,60,61,62,63,64,65,66,67,68,69,70,71,72,73,74,75,76,77,78,79,80,81,82,83,84,85,86,87,88,89,90,91,92,93,94,95,96,97,98,99,100,101,102,103,104,105,106,107,108,109,110,111,112,113,114,115,116,117,118,119,120,121,122,123,124,125,126,127,128,129,130,131,132,133,134,135,136,137,138,139,140,141,142,143,144,145,146,147,148,149,150,151,152,153,154,155,156,157,158,159,160,161,162,163,1,0,0,,9999,1,2019,0,0,0,0,0,0,0,0,0,0,0,0,0,0,0,0,0,0,0,0,0,0,0,0,3922.951416015625,4375.72900390625,4920.318359375,5547.45556640625,6357.3388671875,7400,0,0,0,0,0,0,0,0,0,0,0,0,0,0,0,0,0,0,11026.5703125,11484.3935546875,11881.5322265625,12190.109375,12584.3125,13019.443359375,13500.953125,14007.57421875,14475.2900390625,14992.60546875,15016.6123046875,15328.845703125,15736.732421875,16025.5595703125,16206.94921875,16377.9345703125,16326.736328125,16384.904296875,16536.744140625,16713.392578125,0,16731.638671875,17182.099609375,18003.951171875,18354.078125,18488.935546875,18510.6875,18466.482421875,18379.501953125,18265.697265625,18128.95703125,17966.869140625,17779.052734375,17565.978515625,0,0,0,0,0,0,0,0,0,0,0,0,0,0,0,0,0,0,0,0,0,0,0,0,0,0,0,0,0,0,0,0,0,0,0,0,0,0,0,0,0,0,0,0
1,180,4,0,0,0,11,112,100112,0,4299.4072265625,62,0,1957,0,0,0,0,0,0,0,0,1,2,3,4,5,6,7,8,9,10,11,12,13,14,15,16,17,18,19,20,21,22,23,24,25,26,27,28,29,30,31,32,33,34,35,36,37,38,39,40,41,42,43,44,45,46,47,48,49,50,51,52,53,54,55,56,57,58,59,60,61,62,63,64,65,66,67,68,69,70,71,72,73,74,75,76,77,78,79,80,81,82,83,84,85,86,87,88,89,90,91,92,93,94,95,96,97,98,99,100,101,102,103,104,105,106,107,108,109,110,111,112,113,114,115,116,117,118,119,120,121,122,123,124,125,126,127,128,129,130,131,132,133,134,135,136,137,138,139,140,141,142,143,144,145,146,147,148,149,150,151,152,153,154,155,156,157,158,159,160,161,162,163,1,0,0,,9999,1,2019,0,0,0,0,0,0,0,0,0,0,0,0,0,0,0,0,0,0,0,0,0,0,0,0,3922.951416015625,4375.72900390625,4920.318359375,5547.45556640625,6357.3388671875,7400,0,0,0,0,0,0,0,0,0,0,0,0,0,0,0,0,0,0,11026.5703125,11484.3935546875,11881.5322265625,12190.109375,12584.3125,13019.443359375,13500.953125,14007.57421875,14475.2900390625,14992.60546875,15016.6123046875,15328.845703125,15736.732421875,16025.5595703125,16206.94921875,16377.9345703125,16326.736328125,16384.904296875,16536.744140625,16713.392578125,0,16731.638671875,17182.099609375,18003.951171875,18354.078125,18488.935546875,18510.6875,18466.482421875,18379.501953125,18265.697265625,18128.95703125,17966.869140625,17779.052734375,17565.978515625,0,0,0,0,0,0,0,0,0,0,0,0,0,0,0,0,0,0,0,0,0,0,0,0,0,0,0,0,0,0,0,0,0,0,0,0,0,0,0,0,0,0,0,0
1,190,4,0,0,0,11,113,100113,0,4324.90478515625,62,0,1957,0,0,0,0,0,0,0,0,1,2,3,4,5,6,7,8,9,10,11,12,13,14,15,16,17,18,19,20,21,22,23,24,25,26,27,28,29,30,31,32,33,34,35,36,37,38,39,40,41,42,43,44,45,46,47,48,49,50,51,52,53,54,55,56,57,58,59,60,61,62,63,64,65,66,67,68,69,70,71,72,73,74,75,76,77,78,79,80,81,82,83,84,85,86,87,88,89,90,91,92,93,94,95,96,97,98,99,100,101,102,103,104,105,106,107,108,109,110,111,112,113,114,115,116,117,118,119,120,121,122,123,124,125,126,127,128,129,130,131,132,133,134,135,136,137,138,139,140,141,142,143,144,145,146,147,148,149,150,151,152,153,154,155,156,157,158,159,160,161,162,163,1,0,0,,9999,1,2019,0,0,0,0,0,0,0,0,0,0,0,0,0,0,0,0,0,0,0,0,0,0,0,0,3922.951416015625,4375.72900390625,4920.318359375,5547.45556640625,6357.3388671875,7400,0,0,0,0,0,0,0,0,0,0,0,0,0,0,0,0,0,0,11026.5703125,11484.3935546875,11881.5322265625,12190.109375,12584.3125,13019.443359375,13500.953125,14007.57421875,14475.2900390625,14992.60546875,15016.6123046875,15328.845703125,15736.732421875,16025.5595703125,16206.94921875,16377.9345703125,16326.736328125,16384.904296875,16536.744140625,16713.392578125,0,16731.638671875,17182.099609375,18003.951171875,18354.078125,18488.935546875,18510.6875,18466.482421875,18379.501953125,18265.697265625,18128.95703125,17966.869140625,17779.052734375,17565.978515625,0,0,0,0,0,0,0,0,0,0,0,0,0,0,0,0,0,0,0,0,0,0,0,0,0,0,0,0,0,0,0,0,0,0,0,0,0,0,0,0,0,0,0,0
1,190,4,0,0,0,11,114,100114,0,4305.95556640625,62,0,1957,0,0,0,0,0,0,0,0,1,2,3,4,5,6,7,8,9,10,11,12,13,14,15,16,17,18,19,20,21,22,23,24,25,26,27,28,29,30,31,32,33,34,35,36,37,38,39,40,41,42,43,44,45,46,47,48,49,50,51,52,53,54,55,56,57,58,59,60,61,62,63,64,65,66,67,68,69,70,71,72,73,74,75,76,77,78,79,80,81,82,83,84,85,86,87,88,89,90,91,92,93,94,95,96,97,98,99,100,101,102,103,104,105,106,107,108,109,110,111,112,113,114,115,116,117,118,119,120,121,122,123,124,125,126,127,128,129,130,131,132,133,134,135,136,137,138,139,140,141,142,143,144,145,146,147,148,149,150,151,152,153,154,155,156,157,158,159,160,161,162,163,1,0,0,,9999,1,2019,0,0,0,0,0,0,0,0,0,0,0,0,0,0,0,0,0,0,0,0,0,0,0,0,3922.951416015625,4375.72900390625,4920.318359375,5547.45556640625,6357.3388671875,7400,0,0,0,0,0,0,0,0,0,0,0,0,0,0,0,0,0,0,11026.5703125,11484.3935546875,11881.5322265625,12190.109375,12584.3125,13019.443359375,13500.953125,14007.57421875,14475.2900390625,14992.60546875,15016.6123046875,15328.845703125,15736.732421875,16025.5595703125,16206.94921875,16377.9345703125,16326.736328125,16384.904296875,16536.744140625,16713.392578125,0,16731.638671875,17182.099609375,18003.951171875,18354.078125,18488.935546875,18510.6875,18466.482421875,18379.501953125,18265.697265625,18128.95703125,17966.869140625,17779.052734375,17565.978515625,0,0,0,0,0,0,0,0,0,0,0,0,0,0,0,0,0,0,0,0,0,0,0,0,0,0,0,0,0,0,0,0,0,0,0,0,0,0,0,0,0,0,0,0
1,180,4,0,0,0,11,115,100115,0,4301.939453125,62,0,1957,0,0,0,0,0,0,0,0,1,2,3,4,5,6,7,8,9,10,11,12,13,14,15,16,17,18,19,20,21,22,23,24,25,26,27,28,29,30,31,32,33,34,35,36,37,38,39,40,41,42,43,44,45,46,47,48,49,50,51,52,53,54,55,56,57,58,59,60,61,62,63,64,65,66,67,68,69,70,71,72,73,74,75,76,77,78,79,80,81,82,83,84,85,86,87,88,89,90,91,92,93,94,95,96,97,98,99,100,101,102,103,104,105,106,107,108,109,110,111,112,113,114,115,116,117,118,119,120,121,122,123,124,125,126,127,128,129,130,131,132,133,134,135,136,137,138,139,140,141,142,143,144,145,146,147,148,149,150,151,152,153,154,155,156,157,158,159,160,161,162,163,1,0,0,,9999,1,2019,0,0,0,0,0,0,0,0,0,0,0,0,0,0,0,0,0,0,0,0,0,0,0,0,3922.951416015625,4375.72900390625,4920.318359375,5547.45556640625,6357.3388671875,7400,0,0,0,0,0,0,0,0,0,0,0,0,0,0,0,0,0,0,11026.5703125,11484.3935546875,11881.5322265625,12190.109375,12584.3125,13019.443359375,13500.953125,14007.57421875,14475.2900390625,14992.60546875,15016.6123046875,15328.845703125,15736.732421875,16025.5595703125,16206.94921875,16377.9345703125,16326.736328125,16384.904296875,16536.744140625,16713.392578125,0,16731.638671875,17182.099609375,18003.951171875,18354.078125,18488.935546875,18510.6875,18466.482421875,18379.501953125,18265.697265625,18128.95703125,17966.869140625,17779.052734375,17565.978515625,0,0,0,0,0,0,0,0,0,0,0,0,0,0,0,0,0,0,0,0,0,0,0,0,0,0,0,0,0,0,0,0,0,0,0,0,0,0,0,0,0,0,0,0
0,0,0,0,0,0,21,211,100211,200211,5098.4716796875,47,46,1972,1973,0,0,0,0,0,0,0,0,0,0,0,0,0,0,0,0,0,0,0,0,0,0,1,2,3,4,5,6,7,8,9,10,11,12,13,14,15,16,17,18,19,20,21,22,23,24,25,26,27,28,29,30,31,32,33,34,35,36,37,38,39,40,41,42,43,44,45,46,47,48,49,50,51,52,53,54,55,56,57,58,59,60,61,62,63,64,65,66,67,68,69,70,71,72,73,74,75,76,77,78,79,80,81,82,83,84,85,86,87,88,89,90,91,92,93,94,95,96,97,98,99,100,101,102,103,104,105,106,107,108,109,110,111,112,113,114,115,116,117,118,119,120,121,122,123,124,125,126,127,128,129,130,131,132,133,134,135,136,137,138,139,140,141,142,143,144,145,146,147,148,1,2,1,2034,2034,1,2019,0,0,0,0,0,0,0,0,0,0,0,0,0,0,0,0,0,0,0,0,0,0,0,0,0,0,0,0,0,0,0,0,0,0,0,0,0,0,0,0,0,0,0,0,0,56205.94140625,59904.7265625,63155.5859375,66915.484375,71536.3046875,75966.671875,80000,0,0,0,0,78262.828125,82977.4609375,85076.4453125,88899.9609375,93424.640625,97390.015625,100822.4453125,104296.5234375,106430.1953125,109336.2421875,112959.96875,116867.4296875,120000,122596.1640625,128875.2109375,138234.28125,144256.3125,148754.09375,152452.421875,155686.25,158618.796875,161365.953125,163946.734375,166324.859375,168479.90625,170398.671875,172072.59375,173492.96875,0,0,0,0,0,0,0,0,0,0,0,0,0,0,0,0,0,0,0,0,0,0,0,0,0,0,0,0,0,0,0,0,0,0,0,0,0,0,0,0,0,0
0,0,0,0,0,0,21,211,200211,100211,5098.4716796875,46,47,1973,1972,0,0,0,0,0,0,0,0,0,0,0,0,0,0,0,0,0,0,0,0,0,0,0,1,2,3,4,5,6,7,8,9,10,11,12,13,14,15,16,17,18,19,20,21,22,23,24,25,26,27,28,29,30,31,32,33,34,35,36,37,38,39,40,41,42,43,44,45,46,47,48,49,50,51,52,53,54,55,56,57,58,59,60,61,62,63,64,65,66,67,68,69,70,71,72,73,74,75,76,77,78,79,80,81,82,83,84,85,86,87,88,89,90,91,92,93,94,95,96,97,98,99,100,101,102,103,104,105,106,107,108,109,110,111,112,113,114,115,116,117,118,119,120,121,122,123,124,125,126,127,128,129,130,131,132,133,134,135,136,137,138,139,140,141,142,143,144,145,146,147,2,1,1,2035,2035,2,2019,0,0,0,0,0,0,0,0,0,0,0,0,0,0,0,0,0,0,0,0,0,0,0,0,0,0,0,0,0,0,0,0,0,0,0,0,0,0,0,0,0,0,0,0,0,0,0,0,0,0,0,20265.056640625,21506.9453125,25548.560546875,27236.259765625,28971.9609375,30695.43359375,32595.310546875,33471.98828125,35030.8671875,36871.22265625,38496.1484375,39915.10546875,41354.87109375,42266.7109375,43488.546875,45000,51536.0859375,53000,54231.140625,57097.62109375,61339.62890625,64111.71484375,66213.8203125,67965.859375,69515.8671875,70935.734375,72276.8984375,73547.3671875,74730.640625,75816.96875,76800.078125,77675.484375,78438.796875,79086.5390625,0,0,0,0,0,0,0,0,0,0,0,0,0,0,0,0,0,0,0,0,0,0,0,0,0,0,0,0,0,0,0,0,0,0,0,0,0,0,0,0,0
0,0,0,0,0,0,21,212,100212,200212,5389.59912109375,47,46,1972,1973,0,0,0,0,0,0,0,0,0,0,0,0,0,0,0,0,0,0,0,0,0,0,1,2,3,4,5,6,7,8,9,10,11,12,13,14,15,16,17,18,19,20,21,22,23,24,25,26,27,28,29,30,31,32,33,34,35,36,37,38,39,40,41,42,43,44,45,46,47,48,49,50,51,52,53,54,55,56,57,58,59,60,61,62,63,64,65,66,67,68,69,70,71,72,73,74,75,76,77,78,79,80,81,82,83,84,85,86,87,88,89,90,91,92,93,94,95,96,97,98,99,100,101,102,103,104,105,106,107,108,109,110,111,112,113,114,115,116,117,118,119,120,121,122,123,124,125,126,127,128,129,130,131,132,133,134,135,136,137,138,139,140,141,142,143,144,145,146,147,148,1,2,1,2034,2034,1,2019,0,0,0,0,0,0,0,0,0,0,0,0,0,0,0,0,0,0,0,0,0,0,0,0,0,0,0,0,0,0,0,0,0,0,0,0,0,0,0,0,0,0,0,0,0,56205.94140625,59904.7265625,63155.5859375,66915.484375,71536.3046875,75966.671875,80000,0,0,0,0,78262.828125,82977.4609375,85076.4453125,88899.9609375,93424.640625,97390.015625,100822.4453125,104296.5234375,106430.1953125,109336.2421875,112959.96875,116867.4296875,120000,122596.1640625,128875.2109375,138234.28125,144256.3125,148754.09375,152452.421875,155686.25,158618.796875,161365.953125,163946.734375,166324.859375,168479.90625,170398.671875,172072.59375,173492.96875,0,0,0,0,0,0,0,0,0,0,0,0,0,0,0,0,0,0,0,0,0,0,0,0,0,0,0,0,0,0,0,0,0,0,0,0,0,0,0,0,0,0
0,0,0,0,0,0,21,212,200212,100212,5389.59912109375,46,47,1973,1972,0,0,0,0,0,0,0,0,0,0,0,0,0,0,0,0,0,0,0,0,0,0,0,1,2,3,4,5,6,7,8,9,10,11,12,13,14,15,16,17,18,19,20,21,22,23,24,25,26,27,28,29,30,31,32,33,34,35,36,37,38,39,40,41,42,43,44,45,46,47,48,49,50,51,52,53,54,55,56,57,58,59,60,61,62,63,64,65,66,67,68,69,70,71,72,73,74,75,76,77,78,79,80,81,82,83,84,85,86,87,88,89,90,91,92,93,94,95,96,97,98,99,100,101,102,103,104,105,106,107,108,109,110,111,112,113,114,115,116,117,118,119,120,121,122,123,124,125,126,127,128,129,130,131,132,133,134,135,136,137,138,139,140,141,142,143,144,145,146,147,2,1,1,2035,2035,2,2019,0,0,0,0,0,0,0,0,0,0,0,0,0,0,0,0,0,0,0,0,0,0,0,0,0,0,0,0,0,0,0,0,0,0,0,0,0,0,0,0,0,0,0,0,0,0,0,0,0,0,0,20265.056640625,21506.9453125,25548.560546875,27236.259765625,28971.9609375,30695.43359375,32595.310546875,33471.98828125,35030.8671875,36871.22265625,38496.1484375,39915.10546875,41354.87109375,42266.7109375,43488.546875,45000,51536.0859375,53000,54231.140625,57097.62109375,61339.62890625,64111.71484375,66213.8203125,67965.859375,69515.8671875,70935.734375,72276.8984375,73547.3671875,74730.640625,75816.96875,76800.078125,77675.484375,78438.796875,79086.5390625,0,0,0,0,0,0,0,0,0,0,0,0,0,0,0,0,0,0,0,0,0,0,0,0,0,0,0,0,0,0,0,0,0,0,0,0,0,0,0,0,0
0,0,0,0,0,0,21,213,100213,200213,5338.40478515625,47,46,1972,1973,0,0,0,0,0,0,0,0,0,0,0,0,0,0,0,0,0,0,0,0,0,0,1,2,3,4,5,6,7,8,9,10,11,12,13,14,15,16,17,18,19,20,21,22,23,24,25,26,27,28,29,30,31,32,33,34,35,36,37,38,39,40,41,42,43,44,45,46,47,48,49,50,51,52,53,54,55,56,57,58,59,60,61,62,63,64,65,66,67,68,69,70,71,72,73,74,75,76,77,78,79,80,81,82,83,84,85,86,87,88,89,90,91,92,93,94,95,96,97,98,99,100,101,102,103,104,105,106,107,108,109,110,111,112,113,114,115,116,117,118,119,120,121,122,123,124,125,126,127,128,129,130,131,132,133,134,135,136,137,138,139,140,141,142,143,144,145,146,147,148,1,2,1,2034,2034,1,2019,0,0,0,0,0,0,0,0,0,0,0,0,0,0,0,0,0,0,0,0,0,0,0,0,0,0,0,0,0,0,0,0,0,0,0,0,0,0,0,0,0,0,0,0,0,56205.94140625,59904.7265625,63155.5859375,66915.484375,71536.3046875,75966.671875,80000,0,0,0,0,78262.828125,82977.4609375,85076.4453125,88899.9609375,93424.640625,97390.015625,100822.4453125,104296.5234375,106430.1953125,109336.2421875,112959.96875,116867.4296875,120000,122596.1640625,128875.2109375,138234.28125,144256.3125,148754.09375,152452.421875,155686.25,158618.796875,161365.953125,163946.734375,166324.859375,168479.90625,170398.671875,172072.59375,173492.96875,0,0,0,0,0,0,0,0,0,0,0,0,0,0,0,0,0,0,0,0,0,0,0,0,0,0,0,0,0,0,0,0,0,0,0,0,0,0,0,0,0,0
0,0,0,0,0,0,21,213,200213,100213,5338.40478515625,46,47,1973,1972,0,0,0,0,0,0,0,0,0,0,0,0,0,0,0,0,0,0,0,0,0,0,0,1,2,3,4,5,6,7,8,9,10,11,12,13,14,15,16,17,18,19,20,21,22,23,24,25,26,27,28,29,30,31,32,33,34,35,36,37,38,39,40,41,42,43,44,45,46,47,48,49,50,51,52,53,54,55,56,57,58,59,60,61,62,63,64,65,66,67,68,69,70,71,72,73,74,75,76,77,78,79,80,81,82,83,84,85,86,87,88,89,90,91,92,93,94,95,96,97,98,99,100,101,102,103,104,105,106,107,108,109,110,111,112,113,114,115,116,117,118,119,120,121,122,123,124,125,126,127,128,129,130,131,132,133,134,135,136,137,138,139,140,141,142,143,144,145,146,147,2,1,1,2035,2035,2,2019,0,0,0,0,0,0,0,0,0,0,0,0,0,0,0,0,0,0,0,0,0,0,0,0,0,0,0,0,0,0,0,0,0,0,0,0,0,0,0,0,0,0,0,0,0,0,0,0,0,0,0,20265.056640625,21506.9453125,25548.560546875,27236.259765625,28971.9609375,30695.43359375,32595.310546875,33471.98828125,35030.8671875,36871.22265625,38496.1484375,39915.10546875,41354.87109375,42266.7109375,43488.546875,45000,51536.0859375,53000,54231.140625,57097.62109375,61339.62890625,64111.71484375,66213.8203125,67965.859375,69515.8671875,70935.734375,72276.8984375,73547.3671875,74730.640625,75816.96875,76800.078125,77675.484375,78438.796875,79086.5390625,0,0,0,0,0,0,0,0,0,0,0,0,0,0,0,0,0,0,0,0,0,0,0,0,0,0,0,0,0,0,0,0,0,0,0,0,0,0,0,0,0
0,0,0,0,0,0,21,214,100214,200214,5286.06884765625,47,46,1972,1973,0,0,0,0,0,0,0,0,0,0,0,0,0,0,0,0,0,0,0,0,0,0,1,2,3,4,5,6,7,8,9,10,11,12,13,14,15,16,17,18,19,20,21,22,23,24,25,26,27,28,29,30,31,32,33,34,35,36,37,38,39,40,41,42,43,44,45,46,47,48,49,50,51,52,53,54,55,56,57,58,59,60,61,62,63,64,65,66,67,68,69,70,71,72,73,74,75,76,77,78,79,80,81,82,83,84,85,86,87,88,89,90,91,92,93,94,95,96,97,98,99,100,101,102,103,104,105,106,107,108,109,110,111,112,113,114,115,116,117,118,119,120,121,122,123,124,125,126,127,128,129,130,131,132,133,134,135,136,137,138,139,140,141,142,143,144,145,146,147,148,1,2,1,2034,2034,1,2019,0,0,0,0,0,0,0,0,0,0,0,0,0,0,0,0,0,0,0,0,0,0,0,0,0,0,0,0,0,0,0,0,0,0,0,0,0,0,0,0,0,0,0,0,0,56205.94140625,59904.7265625,63155.5859375,66915.484375,71536.3046875,75966.671875,80000,0,0,0,0,78262.828125,82977.4609375,85076.4453125,88899.9609375,93424.640625,97390.015625,100822.4453125,104296.5234375,106430.1953125,109336.2421875,112959.96875,116867.4296875,120000,122596.1640625,128875.2109375,138234.28125,144256.3125,148754.09375,152452.421875,155686.25,158618.796875,161365.953125,163946.734375,166324.859375,168479.90625,170398.671875,172072.59375,173492.96875,0,0,0,0,0,0,0,0,0,0,0,0,0,0,0,0,0,0,0,0,0,0,0,0,0,0,0,0,0,0,0,0,0,0,0,0,0,0,0,0,0,0
0,0,0,0,0,0,21,214,200214,100214,5286.06884765625,46,47,1973,1972,0,0,0,0,0,0,0,0,0,0,0,0,0,0,0,0,0,0,0,0,0,0,0,1,2,3,4,5,6,7,8,9,10,11,12,13,14,15,16,17,18,19,20,21,22,23,24,25,26,27,28,29,30,31,32,33,34,35,36,37,38,39,40,41,42,43,44,45,46,47,48,49,50,51,52,53,54,55,56,57,58,59,60,61,62,63,64,65,66,67,68,69,70,71,72,73,74,75,76,77,78,79,80,81,82,83,84,85,86,87,88,89,90,91,92,93,94,95,96,97,98,99,100,101,102,103,104,105,106,107,108,109,110,111,112,113,114,115,116,117,118,119,120,121,122,123,124,125,126,127,128,129,130,131,132,133,134,135,136,137,138,139,140,141,142,143,144,145,146,147,2,1,1,2035,2035,2,2019,0,0,0,0,0,0,0,0,0,0,0,0,0,0,0,0,0,0,0,0,0,0,0,0,0,0,0,0,0,0,0,0,0,0,0,0,0,0,0,0,0,0,0,0,0,0,0,0,0,0,0,20265.056640625,21506.9453125,25548.560546875,27236.259765625,28971.9609375,30695.43359375,32595.310546875,33471.98828125,35030.8671875,36871.22265625,38496.1484375,39915.10546875,41354.87109375,42266.7109375,43488.546875,45000,51536.0859375,53000,54231.140625,57097.62109375,61339.62890625,64111.71484375,66213.8203125,67965.859375,69515.8671875,70935.734375,72276.8984375,73547.3671875,74730.640625,75816.96875,76800.078125,77675.484375,78438.796875,79086.5390625,0,0,0,0,0,0,0,0,0,0,0,0,0,0,0,0,0,0,0,0,0,0,0,0,0,0,0,0,0,0,0,0,0,0,0,0,0,0,0,0,0
0,0,0,0,0,0,21,215,100215,200215,5408.16650390625,47,46,1972,1973,0,0,0,0,0,0,0,0,0,0,0,0,0,0,0,0,0,0,0,0,0,0,1,2,3,4,5,6,7,8,9,10,11,12,13,14,15,16,17,18,19,20,21,22,23,24,25,26,27,28,29,30,31,32,33,34,35,36,37,38,39,40,41,42,43,44,45,46,47,48,49,50,51,52,53,54,55,56,57,58,59,60,61,62,63,64,65,66,67,68,69,70,71,72,73,74,75,76,77,78,79,80,81,82,83,84,85,86,87,88,89,90,91,92,93,94,95,96,97,98,99,100,101,102,103,104,105,106,107,108,109,110,111,112,113,114,115,116,117,118,119,120,121,122,123,124,125,126,127,128,129,130,131,132,133,134,135,136,137,138,139,140,141,142,143,144,145,146,147,148,1,2,1,2034,2034,1,2019,0,0,0,0,0,0,0,0,0,0,0,0,0,0,0,0,0,0,0,0,0,0,0,0,0,0,0,0,0,0,0,0,0,0,0,0,0,0,0,0,0,0,0,0,0,56205.94140625,59904.7265625,63155.5859375,66915.484375,71536.3046875,75966.671875,80000,0,0,0,0,78262.828125,82977.4609375,85076.4453125,88899.9609375,93424.640625,97390.015625,100822.4453125,104296.5234375,106430.1953125,109336.2421875,112959.96875,116867.4296875,120000,122596.1640625,128875.2109375,138234.28125,144256.3125,148754.09375,152452.421875,155686.25,158618.796875,161365.953125,163946.734375,166324.859375,168479.90625,170398.671875,172072.59375,173492.96875,0,0,0,0,0,0,0,0,0,0,0,0,0,0,0,0,0,0,0,0,0,0,0,0,0,0,0,0,0,0,0,0,0,0,0,0,0,0,0,0,0,0
0,0,0,0,0,0,21,215,200215,100215,5408.16650390625,46,47,1973,1972,0,0,0,0,0,0,0,0,0,0,0,0,0,0,0,0,0,0,0,0,0,0,0,1,2,3,4,5,6,7,8,9,10,11,12,13,14,15,16,17,18,19,20,21,22,23,24,25,26,27,28,29,30,31,32,33,34,35,36,37,38,39,40,41,42,43,44,45,46,47,48,49,50,51,52,53,54,55,56,57,58,59,60,61,62,63,64,65,66,67,68,69,70,71,72,73,74,75,76,77,78,79,80,81,82,83,84,85,86,87,88,89,90,91,92,93,94,95,96,97,98,99,100,101,102,103,104,105,106,107,108,109,110,111,112,113,114,115,116,117,118,119,120,121,122,123,124,125,126,127,128,129,130,131,132,133,134,135,136,137,138,139,140,141,142,143,144,145,146,147,2,1,1,2035,2035,2,2019,0,0,0,0,0,0,0,0,0,0,0,0,0,0,0,0,0,0,0,0,0,0,0,0,0,0,0,0,0,0,0,0,0,0,0,0,0,0,0,0,0,0,0,0,0,0,0,0,0,0,0,20265.056640625,21506.9453125,25548.560546875,27236.259765625,28971.9609375,30695.43359375,32595.310546875,33471.98828125,35030.8671875,36871.22265625,38496.1484375,39915.10546875,41354.87109375,42266.7109375,43488.546875,45000,51536.0859375,53000,54231.140625,57097.62109375,61339.62890625,64111.71484375,66213.8203125,67965.859375,69515.8671875,70935.734375,72276.8984375,73547.3671875,74730.640625,75816.96875,76800.078125,77675.484375,78438.796875,79086.5390625,0,0,0,0,0,0,0,0,0,0,0,0,0,0,0,0,0,0,0,0,0,0,0,0,0,0,0,0,0,0,0,0,0,0,0,0,0,0,0,0,0
0,0,0,0,0,0,28,281,100281,0,3768.073974609375,51,0,1968,0,0,0,0,0,0,0,0,0,0,0,0,0,0,0,0,0,0,0,1,2,3,4,5,6,7,8,9,10,11,12,13,14,15,16,17,18,19,20,21,22,23,24,25,26,27,28,29,30,31,32,33,34,35,36,37,38,39,40,41,42,43,44,45,46,47,48,49,50,51,52,53,54,55,56,57,58,59,60,61,62,63,64,65,66,67,68,69,70,71,72,73,74,75,76,77,78,79,80,81,82,83,84,85,86,87,88,89,90,91,92,93,94,95,96,97,98,99,100,101,102,103,104,105,106,107,108,109,110,111,112,113,114,115,116,117,118,119,120,121,122,123,124,125,126,127,128,129,130,131,132,133,134,135,136,137,138,139,140,141,142,143,144,145,146,147,148,149,150,151,152,1,0,0,9999,9999,1,2019,0,0,0,0,0,0,0,0,0,0,0,0,0,0,0,0,0,0,0,0,0,0,0,0,0,0,0,0,0,0,0,0,0,0,0,0,0,0,0,0,6683.51904296875,7199.29296875,7729.69189453125,8253.5107421875,8800.75390625,9372.65234375,9927.36328125,10401.0283203125,10951.7431640625,11635.2373046875,12279.02734375,12850.5908203125,13532.23046875,14280.9228515625,15106.109375,15944.0263671875,16761.359375,17660.603515625,17994.810546875,18686.658203125,19515.658203125,20217.541015625,20800,32638.451171875,33099.13671875,33791.546875,34694.5,35671.55859375,36400,36956.37109375,38607.6640625,41153.99609375,42679.921875,43737.0859375,44545.81640625,45208.01171875,45773.265625,46276.5390625,46724.45703125,47107.578125,47421.30078125,47663.29296875,47832.30078125,47927.3671875,47947.96875,47893.98046875,47765.60546875,47563.45703125,47288.40625,46941.7578125,46525.046875,46040.24609375,45489.5234375,0,0,0,0,0,0,0,0,0,0,0,0,0,0,0,0,0,0,0,0,0,0,0,0,0,0,0,0,0,0,0,0,0
0,0,0,0,0,0,28,282,100282,0,3771.40380859375,51,0,1968,0,0,0,0,0,0,0,0,0,0,0,0,0,0,0,0,0,0,0,1,2,3,4,5,6,7,8,9,10,11,12,13,14,15,16,17,18,19,20,21,22,23,24,25,26,27,28,29,30,31,32,33,34,35,36,37,38,39,40,41,42,43,44,45,46,47,48,49,50,51,52,53,54,55,56,57,58,59,60,61,62,63,64,65,66,67,68,69,70,71,72,73,74,75,76,77,78,79,80,81,82,83,84,85,86,87,88,89,90,91,92,93,94,95,96,97,98,99,100,101,102,103,104,105,106,107,108,109,110,111,112,113,114,115,116,117,118,119,120,121,122,123,124,125,126,127,128,129,130,131,132,133,134,135,136,137,138,139,140,141,142,143,144,145,146,147,148,149,150,151,152,1,0,0,9999,9999,1,2019,0,0,0,0,0,0,0,0,0,0,0,0,0,0,0,0,0,0,0,0,0,0,0,0,0,0,0,0,0,0,0,0,0,0,0,0,0,0,0,0,6683.51904296875,7199.29296875,7729.69189453125,8253.5107421875,8800.75390625,9372.65234375,9927.36328125,10401.0283203125,10951.7431640625,11635.2373046875,12279.02734375,12850.5908203125,13532.23046875,14280.9228515625,15106.109375,15944.0263671875,16761.359375,17660.603515625,17994.810546875,18686.658203125,19515.658203125,20217.541015625,20800,32638.451171875,33099.13671875,33791.546875,34694.5,35671.55859375,36400,36956.37109375,38607.6640625,41153.99609375,42679.921875,43737.0859375,44545.81640625,45208.01171875,45773.265625,46276.5390625,46724.45703125,47107.578125,47421.30078125,47663.29296875,47832.30078125,47927.3671875,47947.96875,47893.98046875,47765.60546875,47563.45703125,47288.40625,46941.7578125,46525.046875,46040.24609375,45489.5234375,0,0,0,0,0,0,0,0,0,0,0,0,0,0,0,0,0,0,0,0,0,0,0,0,0,0,0,0,0,0,0,0,0
0,0,0,0,0,0,28,283,100283,0,3735.5791015625,51,0,1968,0,0,0,0,0,0,0,0,0,0,0,0,0,0,0,0,0,0,0,1,2,3,4,5,6,7,8,9,10,11,12,13,14,15,16,17,18,19,20,21,22,23,24,25,26,27,28,29,30,31,32,33,34,35,36,37,38,39,40,41,42,43,44,45,46,47,48,49,50,51,52,53,54,55,56,57,58,59,60,61,62,63,64,65,66,67,68,69,70,71,72,73,74,75,76,77,78,79,80,81,82,83,84,85,86,87,88,89,90,91,92,93,94,95,96,97,98,99,100,101,102,103,104,105,106,107,108,109,110,111,112,113,114,115,116,117,118,119,120,121,122,123,124,125,126,127,128,129,130,131,132,133,134,135,136,137,138,139,140,141,142,143,144,145,146,147,148,149,150,151,152,1,0,0,9999,9999,1,2019,0,0,0,0,0,0,0,0,0,0,0,0,0,0,0,0,0,0,0,0,0,0,0,0,0,0,0,0,0,0,0,0,0,0,0,0,0,0,0,0,6683.51904296875,7199.29296875,7729.69189453125,8253.5107421875,8800.75390625,9372.65234375,9927.36328125,10401.0283203125,10951.7431640625,11635.2373046875,12279.02734375,12850.5908203125,13532.23046875,14280.9228515625,15106.109375,15944.0263671875,16761.359375,17660.603515625,17994.810546875,18686.658203125,19515.658203125,20217.541015625,20800,32638.451171875,33099.13671875,33791.546875,34694.5,35671.55859375,36400,36956.37109375,38607.6640625,41153.99609375,42679.921875,43737.0859375,44545.81640625,45208.01171875,45773.265625,46276.5390625,46724.45703125,47107.578125,47421.30078125,47663.29296875,47832.30078125,47927.3671875,47947.96875,47893.98046875,47765.60546875,47563.45703125,47288.40625,46941.7578125,46525.046875,46040.24609375,45489.5234375,0,0,0,0,0,0,0,0,0,0,0,0,0,0,0,0,0,0,0,0,0,0,0,0,0,0,0,0,0,0,0,0,0
0,0,0,0,0,0,28,284,100284,0,3747.17529296875,51,0,1968,0,0,0,0,0,0,0,0,0,0,0,0,0,0,0,0,0,0,0,1,2,3,4,5,6,7,8,9,10,11,12,13,14,15,16,17,18,19,20,21,22,23,24,25,26,27,28,29,30,31,32,33,34,35,36,37,38,39,40,41,42,43,44,45,46,47,48,49,50,51,52,53,54,55,56,57,58,59,60,61,62,63,64,65,66,67,68,69,70,71,72,73,74,75,76,77,78,79,80,81,82,83,84,85,86,87,88,89,90,91,92,93,94,95,96,97,98,99,100,101,102,103,104,105,106,107,108,109,110,111,112,113,114,115,116,117,118,119,120,121,122,123,124,125,126,127,128,129,130,131,132,133,134,135,136,137,138,139,140,141,142,143,144,145,146,147,148,149,150,151,152,1,0,0,9999,9999,1,2019,0,0,0,0,0,0,0,0,0,0,0,0,0,0,0,0,0,0,0,0,0,0,0,0,0,0,0,0,0,0,0,0,0,0,0,0,0,0,0,0,6683.51904296875,7199.29296875,7729.69189453125,8253.5107421875,8800.75390625,9372.65234375,9927.36328125,10401.0283203125,10951.7431640625,11635.2373046875,12279.02734375,12850.5908203125,13532.23046875,14280.9228515625,15106.109375,15944.0263671875,16761.359375,17660.603515625,17994.810546875,18686.658203125,19515.658203125,20217.541015625,20800,32638.451171875,33099.13671875,33791.546875,34694.5,35671.55859375,36400,36956.37109375,38607.6640625,41153.99609375,42679.921875,43737.0859375,44545.81640625,45208.01171875,45773.265625,46276.5390625,46724.45703125,47107.578125,47421.30078125,47663.29296875,47832.30078125,47927.3671875,47947.96875,47893.98046875,47765.60546875,47563.45703125,47288.40625,46941.7578125,46525.046875,46040.24609375,45489.5234375,0,0,0,0,0,0,0,0,0,0,0,0,0,0,0,0,0,0,0,0,0,0,0,0,0,0,0,0,0,0,0,0,0
0,0,0,0,0,0,28,285,100285,0,3754.82080078125,51,0,1968,0,0,0,0,0,0,0,0,0,0,0,0,0,0,0,0,0,0,0,1,2,3,4,5,6,7,8,9,10,11,12,13,14,15,16,17,18,19,20,21,22,23,24,25,26,27,28,29,30,31,32,33,34,35,36,37,38,39,40,41,42,43,44,45,46,47,48,49,50,51,52,53,54,55,56,57,58,59,60,61,62,63,64,65,66,67,68,69,70,71,72,73,74,75,76,77,78,79,80,81,82,83,84,85,86,87,88,89,90,91,92,93,94,95,96,97,98,99,100,101,102,103,104,105,106,107,108,109,110,111,112,113,114,115,116,117,118,119,120,121,122,123,124,125,126,127,128,129,130,131,132,133,134,135,136,137,138,139,140,141,142,143,144,145,146,147,148,149,150,151,152,1,0,0,9999,9999,1,2019,0,0,0,0,0,0,0,0,0,0,0,0,0,0,0,0,0,0,0,0,0,0,0,0,0,0,0,0,0,0,0,0,0,0,0,0,0,0,0,0,6683.51904296875,7199.29296875,7729.69189453125,8253.5107421875,8800.75390625,9372.65234375,9927.36328125,10401.0283203125,10951.7431640625,11635.2373046875,12279.02734375,12850.5908203125,13532.23046875,14280.9228515625,15106.109375,15944.0263671875,16761.359375,17660.603515625,17994.810546875,18686.658203125,19515.658203125,20217.541015625,20800,32638.451171875,33099.13671875,33791.546875,34694.5,35671.55859375,36400,36956.37109375,38607.6640625,41153.99609375,42679.921875,43737.0859375,44545.81640625,45208.01171875,45773.265625,46276.5390625,46724.45703125,47107.578125,47421.30078125,47663.29296875,47832.30078125,47927.3671875,47947.96875,47893.98046875,47765.60546875,47563.45703125,47288.40625,46941.7578125,46525.046875,46040.24609375,45489.5234375,0,0,0,0,0,0,0,0,0,0,0,0,0,0,0,0,0,0,0,0,0,0,0,0,0,0,0,0,0,0,0,0,0
2,910,4,2,650,4,889,8891,108891,208891,5436.0947265625,63,64,1956,1955,0,0,0,0,0,0,1,2,3,4,5,6,7,8,9,10,11,12,13,14,15,16,17,18,19,20,21,22,23,24,25,26,27,28,29,30,31,32,33,34,35,36,37,38,39,40,41,42,43,44,45,46,47,48,49,50,51,52,53,54,55,56,57,58,59,60,61,62,63,64,65,66,67,68,69,70,71,72,73,74,75,76,77,78,79,80,81,82,83,84,85,86,87,88,89,90,91,92,93,94,95,96,97,98,99,100,101,102,103,104,105,106,107,108,109,110,111,112,113,114,115,116,117,118,119,120,121,122,123,124,125,126,127,128,129,130,131,132,133,134,135,136,137,138,139,140,141,142,143,144,145,146,147,148,149,150,151,152,153,154,155,156,157,158,159,160,161,162,163,164,1,2,1,,,1,2019,0,0,0,0,0,0,0,0,0,0,0,0,0,0,0,0,0,0,0,0,0,0,0,0,0,0,0,9462.439453125,10826.994140625,12583.0888671875,14362.6728515625,15856.982421875,17264,0,0,0,0,0,0,0,0,0,0,0,0,43590.4765625,45314.6875,46596.97265625,48154.96484375,50212.21875,52008.51953125,53420.75,55211.83984375,57186.75390625,59370.15625,61502.09765625,63456.64453125,65622.046875,65624.78125,66884.9765625,68557.7421875,69707.2578125,70386.484375,71018.25,70686.0078125,70827.390625,71372.375,72022.390625,0,0,0,0,0,0,0,0,0,0,0,0,0,0,0,0,0,0,0,0,0,0,0,0,0,0,0,0,0,0,0,0,0,0,0,0,0,0,0,0,0,0,0,0,0,0,0,0,0,0,0,0,0,0,0,0,0,0
2,910,4,2,650,4,889,8891,208891,108891,5436.0947265625,64,63,1955,1956,0,0,0,0,0,1,2,3,4,5,6,7,8,9,10,11,12,13,14,15,16,17,18,19,20,21,22,23,24,25,26,27,28,29,30,31,32,33,34,35,36,37,38,39,40,41,42,43,44,45,46,47,48,49,50,51,52,53,54,55,56,57,58,59,60,61,62,63,64,65,66,67,68,69,70,71,72,73,74,75,76,77,78,79,80,81,82,83,84,85,86,87,88,89,90,91,92,93,94,95,96,97,98,99,100,101,102,103,104,105,106,107,108,109,110,111,112,113,114,115,116,117,118,119,120,121,122,123,124,125,126,127,128,129,130,131,132,133,134,135,136,137,138,139,140,141,142,143,144,145,146,147,148,149,150,151,152,153,154,155,156,157,158,159,160,161,162,163,164,165,2,1,1,,,2,2019,0,0,0,0,0,0,0,0,0,0,0,0,0,0,0,0,0,0,0,0,0,0,0,0,0,0,0,0,0,0,0,0,0,0,0,0,0,0,0,0,0,0,0,0,0,0,0,0,11549.9189453125,12024.5966796875,12435.3623046875,12753.12890625,13160.19140625,13609.7041015625,14107.310546875,14591.1259765625,15031.392578125,15520.12109375,15496.5859375,15769.5595703125,16138.78125,16383.8310546875,16517.69921875,16640,0,0,0,0,0,0,0,0,0,0,0,0,0,0,0,0,0,0,0,0,0,0,0,0,0,0,0,0,0,0,0,0,0,0,0,0,0,0,0,0,0,0,0,0,0,0,0,0,0,0,0,0,0,0,0,0,0,0,0,0,0,0
2,900,4,2,650,4,889,8892,108892,208892,5445.75048828125,63,64,1956,1955,0,0,0,0,0,0,1,2,3,4,5,6,7,8,9,10,11,12,13,14,15,16,17,18,19,20,21,22,23,24,25,26,27,28,29,30,31,32,33,34,35,36,37,38,39,40,41,42,43,44,45,46,47,48,49,50,51,52,53,54,55,56,57,58,59,60,61,62,63,64,65,66,67,68,69,70,71,72,73,74,75,76,77,78,79,80,81,82,83,84,85,86,87,88,89,90,91,92,93,94,95,96,97,98,99,100,101,102,103,104,105,106,107,108,109,110,111,112,113,114,115,116,117,118,119,120,121,122,123,124,125,126,127,128,129,130,131,132,133,134,135,136,137,138,139,140,141,142,143,144,145,146,147,148,149,150,151,152,153,154,155,156,157,158,159,160,161,162,163,164,1,2,1,,,1,2019,0,0,0,0,0,0,0,0,0,0,0,0,0,0,0,0,0,0,0,0,0,0,0,0,0,0,0,9462.439453125,10826.994140625,12583.0888671875,14362.6728515625,15856.982421875,17264,0,0,0,0,0,0,0,0,0,0,0,0,43590.4765625,45314.6875,46596.97265625,48154.96484375,50212.21875,52008.51953125,53420.75,55211.83984375,57186.75390625,59370.15625,61502.09765625,63456.64453125,65622.046875,65624.78125,66884.9765625,68557.7421875,69707.2578125,70386.484375,71018.25,70686.0078125,70827.390625,71372.375,72022.390625,0,0,0,0,0,0,0,0,0,0,0,0,0,0,0,0,0,0,0,0,0,0,0,0,0,0,0,0,0,0,0,0,0,0,0,0,0,0,0,0,0,0,0,0,0,0,0,0,0,0,0,0,0,0,0,0,0,0
2,900,4,2,650,4,889,8892,208892,108892,5445.75048828125,64,63,1955,1956,0,0,0,0,0,1,2,3,4,5,6,7,8,9,10,11,12,13,14,15,16,17,18,19,20,21,22,23,24,25,26,27,28,29,30,31,32,33,34,35,36,37,38,39,40,41,42,43,44,45,46,47,48,49,50,51,52,53,54,55,56,57,58,59,60,61,62,63,64,65,66,67,68,69,70,71,72,73,74,75,76,77,78,79,80,81,82,83,84,85,86,87,88,89,90,91,92,93,94,95,96,97,98,99,100,101,102,103,104,105,106,107,108,109,110,111,112,113,114,115,116,117,118,119,120,121,122,123,124,125,126,127,128,129,130,131,132,133,134,135,136,137,138,139,140,141,142,143,144,145,146,147,148,149,150,151,152,153,154,155,156,157,158,159,160,161,162,163,164,165,2,1,1,,,2,2019,0,0,0,0,0,0,0,0,0,0,0,0,0,0,0,0,0,0,0,0,0,0,0,0,0,0,0,0,0,0,0,0,0,0,0,0,0,0,0,0,0,0,0,0,0,0,0,0,11549.9189453125,12024.5966796875,12435.3623046875,12753.12890625,13160.19140625,13609.7041015625,14107.310546875,14591.1259765625,15031.392578125,15520.12109375,15496.5859375,15769.5595703125,16138.78125,16383.8310546875,16517.69921875,16640,0,0,0,0,0,0,0,0,0,0,0,0,0,0,0,0,0,0,0,0,0,0,0,0,0,0,0,0,0,0,0,0,0,0,0,0,0,0,0,0,0,0,0,0,0,0,0,0,0,0,0,0,0,0,0,0,0,0,0,0,0,0
2,910,4,2,650,4,889,8893,108893,208893,5447.68896484375,63,64,1956,1955,0,0,0,0,0,0,1,2,3,4,5,6,7,8,9,10,11,12,13,14,15,16,17,18,19,20,21,22,23,24,25,26,27,28,29,30,31,32,33,34,35,36,37,38,39,40,41,42,43,44,45,46,47,48,49,50,51,52,53,54,55,56,57,58,59,60,61,62,63,64,65,66,67,68,69,70,71,72,73,74,75,76,77,78,79,80,81,82,83,84,85,86,87,88,89,90,91,92,93,94,95,96,97,98,99,100,101,102,103,104,105,106,107,108,109,110,111,112,113,114,115,116,117,118,119,120,121,122,123,124,125,126,127,128,129,130,131,132,133,134,135,136,137,138,139,140,141,142,143,144,145,146,147,148,149,150,151,152,153,154,155,156,157,158,159,160,161,162,163,164,1,2,1,,,1,2019,0,0,0,0,0,0,0,0,0,0,0,0,0,0,0,0,0,0,0,0,0,0,0,0,0,0,0,9462.439453125,10826.994140625,12583.0888671875,14362.6728515625,15856.982421875,17264,0,0,0,0,0,0,0,0,0,0,0,0,43590.4765625,45314.6875,46596.97265625,48154.96484375,50212.21875,52008.51953125,53420.75,55211.83984375,57186.75390625,59370.15625,61502.09765625,63456.64453125,65622.046875,65624.78125,66884.9765625,68557.7421875,69707.2578125,70386.484375,71018.25,70686.0078125,70827.390625,71372.375,72022.390625,0,0,0,0,0,0,0,0,0,0,0,0,0,0,0,0,0,0,0,0,0,0,0,0,0,0,0,0,0,0,0,0,0,0,0,0,0,0,0,0,0,0,0,0,0,0,0,0,0,0,0,0,0,0,0,0,0,0
2,910,4,2,650,4,889,8893,208893,108893,5447.68896484375,64,63,1955,1956,0,0,0,0,0,1,2,3,4,5,6,7,8,9,10,11,12,13,14,15,16,17,18,19,20,21,22,23,24,25,26,27,28,29,30,31,32,33,34,35,36,37,38,39,40,41,42,43,44,45,46,47,48,49,50,51,52,53,54,55,56,57,58,59,60,61,62,63,64,65,66,67,68,69,70,71,72,73,74,75,76,77,78,79,80,81,82,83,84,85,86,87,88,89,90,91,92,93,94,95,96,97,98,99,100,101,102,103,104,105,106,107,108,109,110,111,112,113,114,115,116,117,118,119,120,121,122,123,124,125,126,127,128,129,130,131,132,133,134,135,136,137,138,139,140,141,142,143,144,145,146,147,148,149,150,151,152,153,154,155,156,157,158,159,160,161,162,163,164,165,2,1,1,,,2,2019,0,0,0,0,0,0,0,0,0,0,0,0,0,0,0,0,0,0,0,0,0,0,0,0,0,0,0,0,0,0,0,0,0,0,0,0,0,0,0,0,0,0,0,0,0,0,0,0,11549.9189453125,12024.5966796875,12435.3623046875,12753.12890625,13160.19140625,13609.7041015625,14107.310546875,14591.1259765625,15031.392578125,15520.12109375,15496.5859375,15769.5595703125,16138.78125,16383.8310546875,16517.69921875,16640,0,0,0,0,0,0,0,0,0,0,0,0,0,0,0,0,0,0,0,0,0,0,0,0,0,0,0,0,0,0,0,0,0,0,0,0,0,0,0,0,0,0,0,0,0,0,0,0,0,0,0,0,0,0,0,0,0,0,0,0,0,0
2,910,4,2,650,4,889,8894,108894,208894,5431.24072265625,63,64,1956,1955,0,0,0,0,0,0,1,2,3,4,5,6,7,8,9,10,11,12,13,14,15,16,17,18,19,20,21,22,23,24,25,26,27,28,29,30,31,32,33,34,35,36,37,38,39,40,41,42,43,44,45,46,47,48,49,50,51,52,53,54,55,56,57,58,59,60,61,62,63,64,65,66,67,68,69,70,71,72,73,74,75,76,77,78,79,80,81,82,83,84,85,86,87,88,89,90,91,92,93,94,95,96,97,98,99,100,101,102,103,104,105,106,107,108,109,110,111,112,113,114,115,116,117,118,119,120,121,122,123,124,125,126,127,128,129,130,131,132,133,134,135,136,137,138,139,140,141,142,143,144,145,146,147,148,149,150,151,152,153,154,155,156,157,158,159,160,161,162,163,164,1,2,1,,,1,2019,0,0,0,0,0,0,0,0,0,0,0,0,0,0,0,0,0,0,0,0,0,0,0,0,0,0,0,9462.439453125,10826.994140625,12583.0888671875,14362.6728515625,15856.982421875,17264,0,0,0,0,0,0,0,0,0,0,0,0,43590.4765625,45314.6875,46596.97265625,48154.96484375,50212.21875,52008.51953125,53420.75,55211.83984375,57186.75390625,59370.15625,61502.09765625,63456.64453125,65622.046875,65624.78125,66884.9765625,68557.7421875,69707.2578125,70386.484375,71018.25,70686.0078125,70827.390625,71372.375,72022.390625,0,0,0,0,0,0,0,0,0,0,0,0,0,0,0,0,0,0,0,0,0,0,0,0,0,0,0,0,0,0,0,0,0,0,0,0,0,0,0,0,0,0,0,0,0,0,0,0,0,0,0,0,0,0,0,0,0,0
2,910,4,2,650,4,889,8894,208894,108894,5431.24072265625,64,63,1955,1956,0,0,0,0,0,1,2,3,4,5,6,7,8,9,10,11,12,13,14,15,16,17,18,19,20,21,22,23,24,25,26,27,28,29,30,31,32,33,34,35,36,37,38,39,40,41,42,43,44,45,46,47,48,49,50,51,52,53,54,55,56,57,58,59,60,61,62,63,64,65,66,67,68,69,70,71,72,73,74,75,76,77,78,79,80,81,82,83,84,85,86,87,88,89,90,91,92,93,94,95,96,97,98,99,100,101,102,103,104,105,106,107,108,109,110,111,112,113,114,115,116,117,118,119,120,121,122,123,124,125,126,127,128,129,130,131,132,133,134,135,136,137,138,139,140,141,142,143,144,145,146,147,148,149,150,151,152,153,154,155,156,157,158,159,160,161,162,163,164,165,2,1,1,,,2,2019,0,0,0,0,0,0,0,0,0,0,0,0,0,0,0,0,0,0,0,0,0,0,0,0,0,0,0,0,0,0,0,0,0,0,0,0,0,0,0,0,0,0,0,0,0,0,0,0,11549.9189453125,12024.5966796875,12435.3623046875,12753.12890625,13160.19140625,13609.7041015625,14107.310546875,14591.1259765625,15031.392578125,15520.12109375,15496.5859375,15769.5595703125,16138.78125,16383.8310546875,16517.69921875,16640,0,0,0,0,0,0,0,0,0,0,0,0,0,0,0,0,0,0,0,0,0,0,0,0,0,0,0,0,0,0,0,0,0,0,0,0,0,0,0,0,0,0,0,0,0,0,0,0,0,0,0,0,0,0,0,0,0,0,0,0,0,0
2,910,4,2,650,4,889,8895,108895,208895,5440.12646484375,63,64,1956,1955,0,0,0,0,0,0,1,2,3,4,5,6,7,8,9,10,11,12,13,14,15,16,17,18,19,20,21,22,23,24,25,26,27,28,29,30,31,32,33,34,35,36,37,38,39,40,41,42,43,44,45,46,47,48,49,50,51,52,53,54,55,56,57,58,59,60,61,62,63,64,65,66,67,68,69,70,71,72,73,74,75,76,77,78,79,80,81,82,83,84,85,86,87,88,89,90,91,92,93,94,95,96,97,98,99,100,101,102,103,104,105,106,107,108,109,110,111,112,113,114,115,116,117,118,119,120,121,122,123,124,125,126,127,128,129,130,131,132,133,134,135,136,137,138,139,140,141,142,143,144,145,146,147,148,149,150,151,152,153,154,155,156,157,158,159,160,161,162,163,164,1,2,1,,,1,2019,0,0,0,0,0,0,0,0,0,0,0,0,0,0,0,0,0,0,0,0,0,0,0,0,0,0,0,9462.439453125,10826.994140625,12583.0888671875,14362.6728515625,15856.982421875,17264,0,0,0,0,0,0,0,0,0,0,0,0,43590.4765625,45314.6875,46596.97265625,48154.96484375,50212.21875,52008.51953125,53420.75,55211.83984375,57186.75390625,59370.15625,61502.09765625,63456.64453125,65622.046875,65624.78125,66884.9765625,68557.7421875,69707.2578125,70386.484375,71018.25,70686.0078125,70827.390625,71372.375,72022.390625,0,0,0,0,0,0,0,0,0,0,0,0,0,0,0,0,0,0,0,0,0,0,0,0,0,0,0,0,0,0,0,0,0,0,0,0,0,0,0,0,0,0,0,0,0,0,0,0,0,0,0,0,0,0,0,0,0,0
2,910,4,2,650,4,889,8895,208895,108895,5440.12646484375,64,63,1955,1956,0,0,0,0,0,1,2,3,4,5,6,7,8,9,10,11,12,13,14,15,16,17,18,19,20,21,22,23,24,25,26,27,28,29,30,31,32,33,34,35,36,37,38,39,40,41,42,43,44,45,46,47,48,49,50,51,52,53,54,55,56,57,58,59,60,61,62,63,64,65,66,67,68,69,70,71,72,73,74,75,76,77,78,79,80,81,82,83,84,85,86,87,88,89,90,91,92,93,94,95,96,97,98,99,100,101,102,103,104,105,106,107,108,109,110,111,112,113,114,115,116,117,118,119,120,121,122,123,124,125,126,127,128,129,130,131,132,133,134,135,136,137,138,139,140,141,142,143,144,145,146,147,148,149,150,151,152,153,154,155,156,157,158,159,160,161,162,163,164,165,2,1,1,,,2,2019,0,0,0,0,0,0,0,0,0,0,0,0,0,0,0,0,0,0,0,0,0,0,0,0,0,0,0,0,0,0,0,0,0,0,0,0,0,0,0,0,0,0,0,0,0,0,0,0,11549.9189453125,12024.5966796875,12435.3623046875,12753.12890625,13160.19140625,13609.7041015625,14107.310546875,14591.1259765625,15031.392578125,15520.12109375,15496.5859375,15769.5595703125,16138.78125,16383.8310546875,16517.69921875,16640,0,0,0,0,0,0,0,0,0,0,0,0,0,0,0,0,0,0,0,0,0,0,0,0,0,0,0,0,0,0,0,0,0,0,0,0,0,0,0,0,0,0,0,0,0,0,0,0,0,0,0,0,0,0,0,0,0,0,0,0,0,0
2,13000,6,0,0,0,1269,12691,112691,0,511.6053161621094,74,0,1945,0,6,7,8,9,10,11,12,13,14,15,16,17,18,19,20,21,22,23,24,25,26,27,28,29,30,31,32,33,34,35,36,37,38,39,40,41,42,43,44,45,46,47,48,49,50,51,52,53,54,55,56,57,58,59,60,61,62,63,64,65,66,67,68,69,70,71,72,73,74,75,76,77,78,79,80,81,82,83,84,85,86,87,88,89,90,91,92,93,94,95,96,97,98,99,100,101,102,103,104,105,106,107,108,109,110,111,112,113,114,115,116,117,118,119,120,121,122,123,124,125,126,127,128,129,130,131,132,133,134,135,136,137,138,139,140,141,142,143,144,145,146,147,148,149,150,151,152,153,154,155,156,157,158,159,160,161,162,163,164,165,166,167,168,169,170,171,172,173,174,175,1,0,0,,,1,2019,0,0,0,0,0,0,0,0,0,0,0,0,0,0,0,0,0,0,0,0,0,0,0,0,0,0,0,0,0,0,0,0,0,0,0,0,0,0,0,0,0,0,0,0,12539.92578125,12884.4970703125,13166.4404296875,13308.83984375,13520,0,0,0,0,0,0,0,0,0,0,0,0,0,0,0,0,0,0,14598.7431640625,0,0,0,0,0,0,0,0,0,0,0,0,0,0,0,0,0,0,0,0,0,0,0,0,0,0,0,0,0,0,0,0,0,0,0,0,0,0,0,0,0,0,0,0,0,0,0,0,0,0,0,0,0,0,0,0,0,0
2,13000,6,0,0,0,1269,12692,112692,0,534.401123046875,74,0,1945,0,6,7,8,9,10,11,12,13,14,15,16,17,18,19,20,21,22,23,24,25,26,27,28,29,30,31,32,33,34,35,36,37,38,39,40,41,42,43,44,45,46,47,48,49,50,51,52,53,54,55,56,57,58,59,60,61,62,63,64,65,66,67,68,69,70,71,72,73,74,75,76,77,78,79,80,81,82,83,84,85,86,87,88,89,90,91,92,93,94,95,96,97,98,99,100,101,102,103,104,105,106,107,108,109,110,111,112,113,114,115,116,117,118,119,120,121,122,123,124,125,126,127,128,129,130,131,132,133,134,135,136,137,138,139,140,141,142,143,144,145,146,147,148,149,150,151,152,153,154,155,156,157,158,159,160,161,162,163,164,165,166,167,168,169,170,171,172,173,174,175,1,0,0,,,1,2019,0,0,0,0,0,0,0,0,0,0,0,0,0,0,0,0,0,0,0,0,0,0,0,0,0,0,0,0,0,0,0,0,0,0,0,0,0,0,0,0,0,0,0,0,12539.92578125,12884.4970703125,13166.4404296875,13308.83984375,13520,0,0,0,0,0,0,0,0,0,0,0,0,0,0,0,0,0,0,14598.7431640625,0,0,0,0,0,0,0,0,0,0,0,0,0,0,0,0,0,0,0,0,0,0,0,0,0,0,0,0,0,0,0,0,0,0,0,0,0,0,0,0,0,0,0,0,0,0,0,0,0,0,0,0,0,0,0,0,0,0
2,13000,6,0,0,0,1269,12693,112693,0,525.27911376953125,74,0,1945,0,6,7,8,9,10,11,12,13,14,15,16,17,18,19,20,21,22,23,24,25,26,27,28,29,30,31,32,33,34,35,36,37,38,39,40,41,42,43,44,45,46,47,48,49,50,51,52,53,54,55,56,57,58,59,60,61,62,63,64,65,66,67,68,69,70,71,72,73,74,75,76,77,78,79,80,81,82,83,84,85,86,87,88,89,90,91,92,93,94,95,96,97,98,99,100,101,102,103,104,105,106,107,108,109,110,111,112,113,114,115,116,117,118,119,120,121,122,123,124,125,126,127,128,129,130,131,132,133,134,135,136,137,138,139,140,141,142,143,144,145,146,147,148,149,150,151,152,153,154,155,156,157,158,159,160,161,162,163,164,165,166,167,168,169,170,171,172,173,174,175,1,0,0,,,1,2019,0,0,0,0,0,0,0,0,0,0,0,0,0,0,0,0,0,0,0,0,0,0,0,0,0,0,0,0,0,0,0,0,0,0,0,0,0,0,0,0,0,0,0,0,12539.92578125,12884.4970703125,13166.4404296875,13308.83984375,13520,0,0,0,0,0,0,0,0,0,0,0,0,0,0,0,0,0,0,14598.7431640625,0,0,0,0,0,0,0,0,0,0,0,0,0,0,0,0,0,0,0,0,0,0,0,0,0,0,0,0,0,0,0,0,0,0,0,0,0,0,0,0,0,0,0,0,0,0,0,0,0,0,0,0,0,0,0,0,0,0
2,13000,6,0,0,0,1269,12694,112694,0,513.89410400390625,74,0,1945,0,6,7,8,9,10,11,12,13,14,15,16,17,18,19,20,21,22,23,24,25,26,27,28,29,30,31,32,33,34,35,36,37,38,39,40,41,42,43,44,45,46,47,48,49,50,51,52,53,54,55,56,57,58,59,60,61,62,63,64,65,66,67,68,69,70,71,72,73,74,75,76,77,78,79,80,81,82,83,84,85,86,87,88,89,90,91,92,93,94,95,96,97,98,99,100,101,102,103,104,105,106,107,108,109,110,111,112,113,114,115,116,117,118,119,120,121,122,123,124,125,126,127,128,129,130,131,132,133,134,135,136,137,138,139,140,141,142,143,144,145,146,147,148,149,150,151,152,153,154,155,156,157,158,159,160,161,162,163,164,165,166,167,168,169,170,171,172,173,174,175,1,0,0,,,1,2019,0,0,0,0,0,0,0,0,0,0,0,0,0,0,0,0,0,0,0,0,0,0,0,0,0,0,0,0,0,0,0,0,0,0,0,0,0,0,0,0,0,0,0,0,12539.92578125,12884.4970703125,13166.4404296875,13308.83984375,13520,0,0,0,0,0,0,0,0,0,0,0,0,0,0,0,0,0,0,14598.7431640625,0,0,0,0,0,0,0,0,0,0,0,0,0,0,0,0,0,0,0,0,0,0,0,0,0,0,0,0,0,0,0,0,0,0,0,0,0,0,0,0,0,0,0,0,0,0,0,0,0,0,0,0,0,0,0,0,0,0
2,13000,6,0,0,0,1269,12695,112695,0,514.41912841796875,74,0,1945,0,6,7,8,9,10,11,12,13,14,15,16,17,18,19,20,21,22,23,24,25,26,27,28,29,30,31,32,33,34,35,36,37,38,39,40,41,42,43,44,45,46,47,48,49,50,51,52,53,54,55,56,57,58,59,60,61,62,63,64,65,66,67,68,69,70,71,72,73,74,75,76,77,78,79,80,81,82,83,84,85,86,87,88,89,90,91,92,93,94,95,96,97,98,99,100,101,102,103,104,105,106,107,108,109,110,111,112,113,114,115,116,117,118,119,120,121,122,123,124,125,126,127,128,129,130,131,132,133,134,135,136,137,138,139,140,141,142,143,144,145,146,147,148,149,150,151,152,153,154,155,156,157,158,159,160,161,162,163,164,165,166,167,168,169,170,171,172,173,174,175,1,0,0,,,1,2019,0,0,0,0,0,0,0,0,0,0,0,0,0,0,0,0,0,0,0,0,0,0,0,0,0,0,0,0,0,0,0,0,0,0,0,0,0,0,0,0,0,0,0,0,12539.92578125,12884.4970703125,13166.4404296875,13308.83984375,13520,0,0,0,0,0,0,0,0,0,0,0,0,0,0,0,0,0,0,14598.7431640625,0,0,0,0,0,0,0,0,0,0,0,0,0,0,0,0,0,0,0,0,0,0,0,0,0,0,0,0,0,0,0,0,0,0,0,0,0,0,0,0,0,0,0,0,0,0,0,0,0,0,0,0,0,0,0,0,0,0
3,990,4,0,0,0,1282,12821,112821,0,8516.2041015625,81,0,1938,0,13,14,15,16,17,18,19,20,21,22,23,24,25,26,27,28,29,30,31,32,33,34,35,36,37,38,39,40,41,42,43,44,45,46,47,48,49,50,51,52,53,54,55,56,57,58,59,60,61,62,63,64,65,66,67,68,69,70,71,72,73,74,75,76,77,78,79,80,81,82,83,84,85,86,87,88,89,90,91,92,93,94,95,96,97,98,99,100,101,102,103,104,105,106,107,108,109,110,111,112,113,114,115,116,117,118,119,120,121,122,123,124,125,126,127,128,129,130,131,132,133,134,135,136,137,138,139,140,141,142,143,144,145,146,147,148,149,150,151,152,153,154,155,156,157,158,159,160,161,162,163,164,165,166,167,168,169,170,171,172,173,174,175,176,177,178,179,180,181,182,2,0,0,,,1,2019,0,0,0,0,0,1268.9921875,1384.8248291015625,1498.9532470703125,1819.6600341796875,1949.3917236328125,2072.58837890625,2202.982666015625,2338.370849609375,2484.24755859375,2634.801513671875,2819.880126953125,3012.613037109375,3257.243408203125,3536.1337890625,3838.955322265625,4144.0498046875,4430.29345703125,4818.98193359375,5482.88623046875,6111.18505859375,6621.5546875,7232.31005859375,7920.080078125,8815.3720703125,9965.6025390625,11064.013671875,11880.544921875,12579.7802734375,13238.060546875,13869.6015625,14323.8125,14901.302734375,15600,0,0,0,0,0,0,0,0,0,0,0,0,0,0,0,0,0,0,0,0,4864.099609375,4814.68505859375,4792.68115234375,4732.166015625,4639.8935546875,0,0,0,0,0,0,0,0,0,0,0,0,0,0,0,0,0,0,0,0,0,0,0,0,0,0,0,0,0,0,0,0,0,0,0,0,0,0,0,0,0,0,0,0,0,0,0,0,0,0,0,0,0,0,0,0,0,0,0,0,0,0,0
3,950,4,0,0,0,1282,12822,112822,0,8523.6572265625,81,0,1938,0,13,14,15,16,17,18,19,20,21,22,23,24,25,26,27,28,29,30,31,32,33,34,35,36,37,38,39,40,41,42,43,44,45,46,47,48,49,50,51,52,53,54,55,56,57,58,59,60,61,62,63,64,65,66,67,68,69,70,71,72,73,74,75,76,77,78,79,80,81,82,83,84,85,86,87,88,89,90,91,92,93,94,95,96,97,98,99,100,101,102,103,104,105,106,107,108,109,110,111,112,113,114,115,116,117,118,119,120,121,122,123,124,125,126,127,128,129,130,131,132,133,134,135,136,137,138,139,140,141,142,143,144,145,146,147,148,149,150,151,152,153,154,155,156,157,158,159,160,161,162,163,164,165,166,167,168,169,170,171,172,173,174,175,176,177,178,179,180,181,182,2,0,0,,,1,2019,0,0,0,0,0,1268.9921875,1384.8248291015625,1498.9532470703125,1819.6600341796875,1949.3917236328125,2072.58837890625,2202.982666015625,2338.370849609375,2484.24755859375,2634.801513671875,2819.880126953125,3012.613037109375,3257.243408203125,3536.1337890625,3838.955322265625,4144.0498046875,4430.29345703125,4818.98193359375,5482.88623046875,6111.18505859375,6621.5546875,7232.31005859375,7920.080078125,8815.3720703125,9965.6025390625,11064.013671875,11880.544921875,12579.7802734375,13238.060546875,13869.6015625,14323.8125,14901.302734375,15600,0,0,0,0,0,0,0,0,0,0,0,0,0,0,0,0,0,0,0,0,4864.099609375,4814.68505859375,4792.68115234375,4732.166015625,4639.8935546875,0,0,0,0,0,0,0,0,0,0,0,0,0,0,0,0,0,0,0,0,0,0,0,0,0,0,0,0,0,0,0,0,0,0,0,0,0,0,0,0,0,0,0,0,0,0,0,0,0,0,0,0,0,0,0,0,0,0,0,0,0,0,0
3,930,4,0,0,0,1282,12823,112823,0,8514.841796875,81,0,1938,0,13,14,15,16,17,18,19,20,21,22,23,24,25,26,27,28,29,30,31,32,33,34,35,36,37,38,39,40,41,42,43,44,45,46,47,48,49,50,51,52,53,54,55,56,57,58,59,60,61,62,63,64,65,66,67,68,69,70,71,72,73,74,75,76,77,78,79,80,81,82,83,84,85,86,87,88,89,90,91,92,93,94,95,96,97,98,99,100,101,102,103,104,105,106,107,108,109,110,111,112,113,114,115,116,117,118,119,120,121,122,123,124,125,126,127,128,129,130,131,132,133,134,135,136,137,138,139,140,141,142,143,144,145,146,147,148,149,150,151,152,153,154,155,156,157,158,159,160,161,162,163,164,165,166,167,168,169,170,171,172,173,174,175,176,177,178,179,180,181,182,2,0,0,,,1,2019,0,0,0,0,0,1268.9921875,1384.8248291015625,1498.9532470703125,1819.6600341796875,1949.3917236328125,2072.58837890625,2202.982666015625,2338.370849609375,2484.24755859375,2634.801513671875,2819.880126953125,3012.613037109375,3257.243408203125,3536.1337890625,3838.955322265625,4144.0498046875,4430.29345703125,4818.98193359375,5482.88623046875,6111.18505859375,6621.5546875,7232.31005859375,7920.080078125,8815.3720703125,9965.6025390625,11064.013671875,11880.544921875,12579.7802734375,13238.060546875,13869.6015625,14323.8125,14901.302734375,15600,0,0,0,0,0,0,0,0,0,0,0,0,0,0,0,0,0,0,0,0,4864.099609375,4814.68505859375,4792.68115234375,4732.166015625,4639.8935546875,0,0,0,0,0,0,0,0,0,0,0,0,0,0,0,0,0,0,0,0,0,0,0,0,0,0,0,0,0,0,0,0,0,0,0,0,0,0,0,0,0,0,0,0,0,0,0,0,0,0,0,0,0,0,0,0,0,0,0,0,0,0,0
3,860,4,0,0,0,1282,12824,112824,0,8509.3505859375,81,0,1938,0,13,14,15,16,17,18,19,20,21,22,23,24,25,26,27,28,29,30,31,32,33,34,35,36,37,38,39,40,41,42,43,44,45,46,47,48,49,50,51,52,53,54,55,56,57,58,59,60,61,62,63,64,65,66,67,68,69,70,71,72,73,74,75,76,77,78,79,80,81,82,83,84,85,86,87,88,89,90,91,92,93,94,95,96,97,98,99,100,101,102,103,104,105,106,107,108,109,110,111,112,113,114,115,116,117,118,119,120,121,122,123,124,125,126,127,128,129,130,131,132,133,134,135,136,137,138,139,140,141,142,143,144,145,146,147,148,149,150,151,152,153,154,155,156,157,158,159,160,161,162,163,164,165,166,167,168,169,170,171,172,173,174,175,176,177,178,179,180,181,182,2,0,0,,,1,2019,0,0,0,0,0,1268.9921875,1384.8248291015625,1498.9532470703125,1819.6600341796875,1949.3917236328125,2072.58837890625,2202.982666015625,2338.370849609375,2484.24755859375,2634.801513671875,2819.880126953125,3012.613037109375,3257.243408203125,3536.1337890625,3838.955322265625,4144.0498046875,4430.29345703125,4818.98193359375,5482.88623046875,6111.18505859375,6621.5546875,7232.31005859375,7920.080078125,8815.3720703125,9965.6025390625,11064.013671875,11880.544921875,12579.7802734375,13238.060546875,13869.6015625,14323.8125,14901.302734375,15600,0,0,0,0,0,0,0,0,0,0,0,0,0,0,0,0,0,0,0,0,4864.099609375,4814.68505859375,4792.68115234375,4732.166015625,4639.8935546875,0,0,0,0,0,0,0,0,0,0,0,0,0,0,0,0,0,0,0,0,0,0,0,0,0,0,0,0,0,0,0,0,0,0,0,0,0,0,0,0,0,0,0,0,0,0,0,0,0,0,0,0,0,0,0,0,0,0,0,0,0,0,0
3,780,4,0,0,0,1282,12825,112825,0,8509.5263671875,81,0,1938,0,13,14,15,16,17,18,19,20,21,22,23,24,25,26,27,28,29,30,31,32,33,34,35,36,37,38,39,40,41,42,43,44,45,46,47,48,49,50,51,52,53,54,55,56,57,58,59,60,61,62,63,64,65,66,67,68,69,70,71,72,73,74,75,76,77,78,79,80,81,82,83,84,85,86,87,88,89,90,91,92,93,94,95,96,97,98,99,100,101,102,103,104,105,106,107,108,109,110,111,112,113,114,115,116,117,118,119,120,121,122,123,124,125,126,127,128,129,130,131,132,133,134,135,136,137,138,139,140,141,142,143,144,145,146,147,148,149,150,151,152,153,154,155,156,157,158,159,160,161,162,163,164,165,166,167,168,169,170,171,172,173,174,175,176,177,178,179,180,181,182,2,0,0,,,1,2019,0,0,0,0,0,1268.9921875,1384.8248291015625,1498.9532470703125,1819.6600341796875,1949.3917236328125,2072.58837890625,2202.982666015625,2338.370849609375,2484.24755859375,2634.801513671875,2819.880126953125,3012.613037109375,3257.243408203125,3536.1337890625,3838.955322265625,4144.0498046875,4430.29345703125,4818.98193359375,5482.88623046875,6111.18505859375,6621.5546875,7232.31005859375,7920.080078125,8815.3720703125,9965.6025390625,11064.013671875,11880.544921875,12579.7802734375,13238.060546875,13869.6015625,14323.8125,14901.302734375,15600,0,0,0,0,0,0,0,0,0,0,0,0,0,0,0,0,0,0,0,0,4864.099609375,4814.68505859375,4792.68115234375,4732.166015625,4639.8935546875,0,0,0,0,0,0,0,0,0,0,0,0,0,0,0,0,0,0,0,0,0,0,0,0,0,0,0,0,0,0,0,0,0,0,0,0,0,0,0,0,0,0,0,0,0,0,0,0,0,0,0,0,0,0,0,0,0,0,0,0,0,0,0
0,0,0,0,0,0,1580,15801,115801,215801,4504.1494140625,35,30,1984,1989,0,0,0,0,0,0,0,0,0,0,0,0,0,0,0,0,0,0,0,0,0,0,0,0,0,0,0,0,0,0,0,0,0,0,1,2,3,4,5,6,7,8,9,10,11,12,13,14,15,16,17,18,19,20,21,22,23,24,25,26,27,28,29,30,31,32,33,34,35,36,37,38,39,40,41,42,43,44,45,46,47,48,49,50,51,52,53,54,55,56,57,58,59,60,61,62,63,64,65,66,67,68,69,70,71,72,73,74,75,76,77,78,79,80,81,82,83,84,85,86,87,88,89,90,91,92,93,94,95,96,97,98,99,100,101,102,103,104,105,106,107,108,109,110,111,112,113,114,115,116,117,118,119,120,121,122,123,124,125,126,127,128,129,130,131,132,133,134,135,136,1,2,0,9999,9999,1,2019,0,0,0,0,0,0,0,0,0,0,0,0,0,0,0,0,0,0,0,0,0,0,0,0,0,0,0,0,0,0,0,0,0,0,0,0,0,0,0,0,0,0,0,0,0,0,0,0,0,0,0,0,0,25662.55078125,27830.9296875,30116.5078125,32459.912109375,35065.140625,36631.00390625,39000,20496.107421875,21769.478515625,22962.251953125,24201.970703125,25163.404296875,26338.578125,27725.333984375,29225.998046875,30576,31827.31640625,34089.1484375,37255.13671875,39612.23046875,41618.55859375,43458.6328125,45218.4921875,46940.05859375,48654.671875,50366.234375,52061.59765625,53731.88671875,55369.9609375,56969.57421875,58524.375,60028.203125,61474.8671875,62858.41796875,64173.11328125,65413.33203125,66573.6015625,67649.015625,68634.7109375,69526.2890625,70319.828125,71011.6484375,71598.671875,72078.1953125,72447.84375,72706.1171875,72851.6640625,72883.8046875,72802.4140625,72607.7890625,72300.9296875,72191.8359375,71970.59375,71638.3828125,71196.53125,70647.296875,0,0,0,0,0,0,0,0,0,0,0,0,0,0,0,0,0
0,0,0,0,0,0,1580,15801,215801,115801,4504.1494140625,30,35,1989,1984,0,0,0,0,0,0,0,0,0,0,0,0,0,0,0,0,0,0,0,0,0,0,0,0,0,0,0,0,0,0,0,0,0,0,0,0,0,0,0,1,2,3,4,5,6,7,8,9,10,11,12,13,14,15,16,17,18,19,20,21,22,23,24,25,26,27,28,29,30,31,32,33,34,35,36,37,38,39,40,41,42,43,44,45,46,47,48,49,50,51,52,53,54,55,56,57,58,59,60,61,62,63,64,65,66,67,68,69,70,71,72,73,74,75,76,77,78,79,80,81,82,83,84,85,86,87,88,89,90,91,92,93,94,95,96,97,98,99,100,101,102,103,104,105,106,107,108,109,110,111,112,113,114,115,116,117,118,119,120,121,122,123,124,125,126,127,128,129,130,131,2,1,0,9999,9999,2,2019,0,0,0,0,0,0,0,0,0,0,0,0,0,0,0,0,0,0,0,0,0,0,0,0,0,0,0,0,0,0,0,0,0,0,0,0,0,0,0,0,0,0,0,0,0,0,0,0,0,0,0,0,0,0,0,0,0,0,0,0,0,0,0,0,0,0,0,27566.263671875,29120,30603.33203125,33090.16015625,36503.83984375,39174.7890625,41538.0234375,43769.50390625,45952.046875,48126.1328125,50322.99609375,52546.24609375,54781.7265625,57019.3125,59250.48046875,61467.34765625,63661.58203125,65824.984375,67949.140625,70025.59375,72045.8828125,74001.4609375,75884.0546875,77685.453125,79397.6953125,81012.9921875,82524.140625,83923.9921875,85206.0546875,86364.1796875,87392.9453125,88287.234375,89042.75,89655.7890625,90123.1953125,90442.8125,90612.8984375,91021.8359375,91280.9296875,91388.8125,91345.0390625,91149.8984375,90804.1171875,90309.6640625,89668.890625,88884.8828125,87961.5625,0,0,0,0,0,0,0,0,0,0,0,0
0,0,0,0,0,0,1580,15802,115802,215802,4469.81982421875,35,30,1984,1989,0,0,0,0,0,0,0,0,0,0,0,0,0,0,0,0,0,0,0,0,0,0,0,0,0,0,0,0,0,0,0,0,0,0,1,2,3,4,5,6,7,8,9,10,11,12,13,14,15,16,17,18,19,20,21,22,23,24,25,26,27,28,29,30,31,32,33,34,35,36,37,38,39,40,41,42,43,44,45,46,47,48,49,50,51,52,53,54,55,56,57,58,59,60,61,62,63,64,65,66,67,68,69,70,71,72,73,74,75,76,77,78,79,80,81,82,83,84,85,86,87,88,89,90,91,92,93,94,95,96,97,98,99,100,101,102,103,104,105,106,107,108,109,110,111,112,113,114,115,116,117,118,119,120,121,122,123,124,125,126,127,128,129,130,131,132,133,134,135,136,1,2,0,9999,9999,1,2019,0,0,0,0,0,0,0,0,0,0,0,0,0,0,0,0,0,0,0,0,0,0,0,0,0,0,0,0,0,0,0,0,0,0,0,0,0,0,0,0,0,0,0,0,0,0,0,0,0,0,0,0,0,0,0,0,0,0,25359.912109375,27000,20496.107421875,21769.478515625,22962.251953125,24201.970703125,25163.404296875,26338.578125,27725.333984375,29225.998046875,30576,31827.31640625,34089.1484375,37255.13671875,39612.23046875,41618.55859375,43458.6328125,45218.4921875,46940.05859375,48654.671875,50366.234375,52061.59765625,53731.88671875,55369.9609375,56969.57421875,58524.375,60028.203125,61474.8671875,62858.41796875,64173.11328125,65413.33203125,66573.6015625,67649.015625,68634.7109375,69526.2890625,70319.828125,71011.6484375,71598.671875,72078.1953125,72447.84375,72706.1171875,72851.6640625,72883.8046875,72802.4140625,72607.7890625,72300.9296875,72191.8359375,71970.59375,71638.3828125,71196.53125,70647.296875,0,0,0,0,0,0,0,0,0,0,0,0,0,0,0,0,0
0,0,0,0,0,0,1580,15802,215802,115802,4469.81982421875,30,35,1989,1984,0,0,0,0,0,0,0,0,0,0,0,0,0,0,0,0,0,0,0,0,0,0,0,0,0,0,0,0,0,0,0,0,0,0,0,0,0,0,0,1,2,3,4,5,6,7,8,9,10,11,12,13,14,15,16,17,18,19,20,21,22,23,24,25,26,27,28,29,30,31,32,33,34,35,36,37,38,39,40,41,42,43,44,45,46,47,48,49,50,51,52,53,54,55,56,57,58,59,60,61,62,63,64,65,66,67,68,69,70,71,72,73,74,75,76,77,78,79,80,81,82,83,84,85,86,87,88,89,90,91,92,93,94,95,96,97,98,99,100,101,102,103,104,105,106,107,108,109,110,111,112,113,114,115,116,117,118,119,120,121,122,123,124,125,126,127,128,129,130,131,2,1,0,9999,9999,2,2019,0,0,0,0,0,0,0,0,0,0,0,0,0,0,0,0,0,0,0,0,0,0,0,0,0,0,0,0,0,0,0,0,0,0,0,0,0,0,0,0,0,0,0,0,0,0,0,0,0,0,0,0,0,0,0,0,0,0,0,0,0,0,0,0,0,0,0,27566.263671875,29120,30603.33203125,33090.16015625,36503.83984375,39174.7890625,41538.0234375,43769.50390625,45952.046875,48126.1328125,50322.99609375,52546.24609375,54781.7265625,57019.3125,59250.48046875,61467.34765625,63661.58203125,65824.984375,67949.140625,70025.59375,72045.8828125,74001.4609375,75884.0546875,77685.453125,79397.6953125,81012.9921875,82524.140625,83923.9921875,85206.0546875,86364.1796875,87392.9453125,88287.234375,89042.75,89655.7890625,90123.1953125,90442.8125,90612.8984375,91021.8359375,91280.9296875,91388.8125,91345.0390625,91149.8984375,90804.1171875,90309.6640625,89668.890625,88884.8828125,87961.5625,0,0,0,0,0,0,0,0,0,0,0,0
0,0,0,0,0,0,1580,15803,115803,215803,4489.525390625,35,30,1984,1989,0,0,0,0,0,0,0,0,0,0,0,0,0,0,0,0,0,0,0,0,0,0,0,0,0,0,0,0,0,0,0,0,0,0,1,2,3,4,5,6,7,8,9,10,11,12,13,14,15,16,17,18,19,20,21,22,23,24,25,26,27,28,29,30,31,32,33,34,35,36,37,38,39,40,41,42,43,44,45,46,47,48,49,50,51,52,53,54,55,56,57,58,59,60,61,62,63,64,65,66,67,68,69,70,71,72,73,74,75,76,77,78,79,80,81,82,83,84,85,86,87,88,89,90,91,92,93,94,95,96,97,98,99,100,101,102,103,104,105,106,107,108,109,110,111,112,113,114,115,116,117,118,119,120,121,122,123,124,125,126,127,128,129,130,131,132,133,134,135,136,1,2,0,9999,9999,1,2019,0,0,0,0,0,0,0,0,0,0,0,0,0,0,0,0,0,0,0,0,0,0,0,0,0,0,0,0,0,0,0,0,0,0,0,0,0,0,0,0,0,0,0,0,0,0,0,0,0,0,0,0,0,0,0,0,33292.19921875,35964.22265625,37570.23828125,40000,20496.107421875,21769.478515625,22962.251953125,24201.970703125,25163.404296875,26338.578125,27725.333984375,29225.998046875,30576,31827.31640625,34089.1484375,37255.13671875,39612.23046875,41618.55859375,43458.6328125,45218.4921875,46940.05859375,48654.671875,50366.234375,52061.59765625,53731.88671875,55369.9609375,56969.57421875,58524.375,60028.203125,61474.8671875,62858.41796875,64173.11328125,65413.33203125,66573.6015625,67649.015625,68634.7109375,69526.2890625,70319.828125,71011.6484375,71598.671875,72078.1953125,72447.84375,72706.1171875,72851.6640625,72883.8046875,72802.4140625,72607.7890625,72300.9296875,72191.8359375,71970.59375,71638.3828125,71196.53125,70647.296875,0,0,0,0,0,0,0,0,0,0,0,0,0,0,0,0,0
0,0,0,0,0,0,1580,15803,215803,115803,4489.525390625,30,35,1989,1984,0,0,0,0,0,0,0,0,0,0,0,0,0,0,0,0,0,0,0,0,0,0,0,0,0,0,0,0,0,0,0,0,0,0,0,0,0,0,0,1,2,3,4,5,6,7,8,9,10,11,12,13,14,15,16,17,18,19,20,21,22,23,24,25,26,27,28,29,30,31,32,33,34,35,36,37,38,39,40,41,42,43,44,45,46,47,48,49,50,51,52,53,54,55,56,57,58,59,60,61,62,63,64,65,66,67,68,69,70,71,72,73,74,75,76,77,78,79,80,81,82,83,84,85,86,87,88,89,90,91,92,93,94,95,96,97,98,99,100,101,102,103,104,105,106,107,108,109,110,111,112,113,114,115,116,117,118,119,120,121,122,123,124,125,126,127,128,129,130,131,2,1,0,9999,9999,2,2019,0,0,0,0,0,0,0,0,0,0,0,0,0,0,0,0,0,0,0,0,0,0,0,0,0,0,0,0,0,0,0,0,0,0,0,0,0,0,0,0,0,0,0,0,0,0,0,0,0,0,0,0,0,0,0,0,0,0,0,0,0,0,0,0,0,0,0,27566.263671875,29120,30603.33203125,33090.16015625,36503.83984375,39174.7890625,41538.0234375,43769.50390625,45952.046875,48126.1328125,50322.99609375,52546.24609375,54781.7265625,57019.3125,59250.48046875,61467.34765625,63661.58203125,65824.984375,67949.140625,70025.59375,72045.8828125,74001.4609375,75884.0546875,77685.453125,79397.6953125,81012.9921875,82524.140625,83923.9921875,85206.0546875,86364.1796875,87392.9453125,88287.234375,89042.75,89655.7890625,90123.1953125,90442.8125,90612.8984375,91021.8359375,91280.9296875,91388.8125,91345.0390625,91149.8984375,90804.1171875,90309.6640625,89668.890625,88884.8828125,87961.5625,0,0,0,0,0,0,0,0,0,0,0,0
0,0,0,0,0,0,1580,15804,115804,215804,4485.931640625,35,30,1984,1989,0,0,0,0,0,0,0,0,0,0,0,0,0,0,0,0,0,0,0,0,0,0,0,0,0,0,0,0,0,0,0,0,0,0,1,2,3,4,5,6,7,8,9,10,11,12,13,14,15,16,17,18,19,20,21,22,23,24,25,26,27,28,29,30,31,32,33,34,35,36,37,38,39,40,41,42,43,44,45,46,47,48,49,50,51,52,53,54,55,56,57,58,59,60,61,62,63,64,65,66,67,68,69,70,71,72,73,74,75,76,77,78,79,80,81,82,83,84,85,86,87,88,89,90,91,92,93,94,95,96,97,98,99,100,101,102,103,104,105,106,107,108,109,110,111,112,113,114,115,116,117,118,119,120,121,122,123,124,125,126,127,128,129,130,131,132,133,134,135,136,1,2,0,9999,9999,1,2019,0,0,0,0,0,0,0,0,0,0,0,0,0,0,0,0,0,0,0,0,0,0,0,0,0,0,0,0,0,0,0,0,0,0,0,0,0,0,0,0,0,0,0,0,0,0,0,0,0,0,0,0,0,0,0,0,0,0,37570.23828125,40000,20635.537109375,21917.5703125,23118.45703125,24366.609375,25334.583984375,26517.751953125,27913.94140625,29424.814453125,30784,32043.828125,34321.046875,37508.57421875,39881.703125,41901.67578125,43754.26953125,45526.09765625,47259.37890625,48985.65625,50708.859375,52415.7578125,54097.41015625,55746.625,57357.12109375,58922.5,60436.5546875,61893.0625,63286.02734375,64609.6640625,65858.3203125,67026.484375,68109.2109375,69101.6171875,69999.2578125,70798.1953125,71494.7265625,72085.734375,72568.5234375,72940.6875,73200.7109375,73347.25,73379.609375,73297.6640625,73101.71875,72792.7734375,72682.9375,72460.1875,72125.71875,71680.859375,71127.890625,0,0,0,0,0,0,0,0,0,0,0,0,0,0,0,0,0
0,0,0,0,0,0,1580,15804,215804,115804,4485.931640625,30,35,1989,1984,0,0,0,0,0,0,0,0,0,0,0,0,0,0,0,0,0,0,0,0,0,0,0,0,0,0,0,0,0,0,0,0,0,0,0,0,0,0,0,1,2,3,4,5,6,7,8,9,10,11,12,13,14,15,16,17,18,19,20,21,22,23,24,25,26,27,28,29,30,31,32,33,34,35,36,37,38,39,40,41,42,43,44,45,46,47,48,49,50,51,52,53,54,55,56,57,58,59,60,61,62,63,64,65,66,67,68,69,70,71,72,73,74,75,76,77,78,79,80,81,82,83,84,85,86,87,88,89,90,91,92,93,94,95,96,97,98,99,100,101,102,103,104,105,106,107,108,109,110,111,112,113,114,115,116,117,118,119,120,121,122,123,124,125,126,127,128,129,130,131,2,1,0,9999,9999,2,2019,0,0,0,0,0,0,0,0,0,0,0,0,0,0,0,0,0,0,0,0,0,0,0,0,0,0,0,0,0,0,0,0,0,0,0,0,0,0,0,0,0,0,0,0,0,0,0,0,0,0,0,0,0,0,0,0,0,0,0,0,0,0,0,0,0,0,0,27566.263671875,29120,30603.33203125,33090.16015625,36503.83984375,39174.7890625,41538.0234375,43769.50390625,45952.046875,48126.1328125,50322.99609375,52546.24609375,54781.7265625,57019.3125,59250.48046875,61467.34765625,63661.58203125,65824.984375,67949.140625,70025.59375,72045.8828125,74001.4609375,75884.0546875,77685.453125,79397.6953125,81012.9921875,82524.140625,83923.9921875,85206.0546875,86364.1796875,87392.9453125,88287.234375,89042.75,89655.7890625,90123.1953125,90442.8125,90612.8984375,91021.8359375,91280.9296875,91388.8125,91345.0390625,91149.8984375,90804.1171875,90309.6640625,89668.890625,88884.8828125,87961.5625,0,0,0,0,0,0,0,0,0,0,0,0
0,0,0,0,0,0,1580,15805,115805,215805,4496.56298828125,35,30,1984,1989,0,0,0,0,0,0,0,0,0,0,0,0,0,0,0,0,0,0,0,0,0,0,0,0,0,0,0,0,0,0,0,0,0,0,1,2,3,4,5,6,7,8,9,10,11,12,13,14,15,16,17,18,19,20,21,22,23,24,25,26,27,28,29,30,31,32,33,34,35,36,37,38,39,40,41,42,43,44,45,46,47,48,49,50,51,52,53,54,55,56,57,58,59,60,61,62,63,64,65,66,67,68,69,70,71,72,73,74,75,76,77,78,79,80,81,82,83,84,85,86,87,88,89,90,91,92,93,94,95,96,97,98,99,100,101,102,103,104,105,106,107,108,109,110,111,112,113,114,115,116,117,118,119,120,121,122,123,124,125,126,127,128,129,130,131,132,133,134,135,136,1,2,0,9999,9999,1,2019,0,0,0,0,0,0,0,0,0,0,0,0,0,0,0,0,0,0,0,0,0,0,0,0,0,0,0,0,0,0,0,0,0,0,0,0,0,0,0,0,0,0,0,0,0,0,0,0,0,0,0,0,0,0,0,0,33292.19921875,35964.22265625,37570.23828125,40000,20635.537109375,21917.5703125,23118.45703125,24366.609375,25334.583984375,26517.751953125,27913.94140625,29424.814453125,30784,32043.828125,34321.046875,37508.57421875,39881.703125,41901.67578125,43754.26953125,45526.09765625,47259.37890625,48985.65625,50708.859375,52415.7578125,54097.41015625,55746.625,57357.12109375,58922.5,60436.5546875,61893.0625,63286.02734375,64609.6640625,65858.3203125,67026.484375,68109.2109375,69101.6171875,69999.2578125,70798.1953125,71494.7265625,72085.734375,72568.5234375,72940.6875,73200.7109375,73347.25,73379.609375,73297.6640625,73101.71875,72792.7734375,72682.9375,72460.1875,72125.71875,71680.859375,71127.890625,0,0,0,0,0,0,0,0,0,0,0,0,0,0,0,0,0
0,0,0,0,0,0,1580,15805,215805,115805,4496.56298828125,30,35,1989,1984,0,0,0,0,0,0,0,0,0,0,0,0,0,0,0,0,0,0,0,0,0,0,0,0,0,0,0,0,0,0,0,0,0,0,0,0,0,0,0,1,2,3,4,5,6,7,8,9,10,11,12,13,14,15,16,17,18,19,20,21,22,23,24,25,26,27,28,29,30,31,32,33,34,35,36,37,38,39,40,41,42,43,44,45,46,47,48,49,50,51,52,53,54,55,56,57,58,59,60,61,62,63,64,65,66,67,68,69,70,71,72,73,74,75,76,77,78,79,80,81,82,83,84,85,86,87,88,89,90,91,92,93,94,95,96,97,98,99,100,101,102,103,104,105,106,107,108,109,110,111,112,113,114,115,116,117,118,119,120,121,122,123,124,125,126,127,128,129,130,131,2,1,0,9999,9999,2,2019,0,0,0,0,0,0,0,0,0,0,0,0,0,0,0,0,0,0,0,0,0,0,0,0,0,0,0,0,0,0,0,0,0,0,0,0,0,0,0,0,0,0,0,0,0,0,0,0,0,0,0,0,0,0,0,0,0,0,0,0,0,0,0,0,0,0,0,27566.263671875,29120,30603.33203125,33090.16015625,36503.83984375,39174.7890625,41538.0234375,43769.50390625,45952.046875,48126.1328125,50322.99609375,52546.24609375,54781.7265625,57019.3125,59250.48046875,61467.34765625,63661.58203125,65824.984375,67949.140625,70025.59375,72045.8828125,74001.4609375,75884.0546875,77685.453125,79397.6953125,81012.9921875,82524.140625,83923.9921875,85206.0546875,86364.1796875,87392.9453125,88287.234375,89042.75,89655.7890625,90123.1953125,90442.8125,90612.8984375,91021.8359375,91280.9296875,91388.8125,91345.0390625,91149.8984375,90804.1171875,90309.6640625,89668.890625,88884.8828125,87961.5625,0,0,0,0,0,0,0,0,0,0,0,0
0,0,0,0,0,0,1907,19071,119071,0,971.7205810546875,48,0,1971,0,0,0,0,0,0,0,0,0,0,0,0,0,0,0,0,0,0,0,0,0,0,1,2,3,4,5,6,7,8,9,10,11,12,13,14,15,16,17,18,19,20,21,22,23,24,25,26,27,28,29,30,31,32,33,34,35,36,37,38,39,40,41,42,43,44,45,46,47,48,49,50,51,52,53,54,55,56,57,58,59,60,61,62,63,64,65,66,67,68,69,70,71,72,73,74,75,76,77,78,79,80,81,82,83,84,85,86,87,88,89,90,91,92,93,94,95,96,97,98,99,100,101,102,103,104,105,106,107,108,109,110,111,112,113,114,115,116,117,118,119,120,121,122,123,124,125,126,127,128,129,130,131,132,133,134,135,136,137,138,139,140,141,142,143,144,145,146,147,148,149,2,0,0,9999,9999,1,2019,0,0,0,0,0,0,0,0,0,0,0,0,0,0,0,0,0,0,0,0,0,0,0,0,0,0,0,0,0,0,0,0,0,0,0,0,0,0,0,0,0,0,0,0,0,0,0,0,0,0,40373.19140625,42450.55078125,44911.78515625,47618.78515625,50606.39453125,53663.859375,56679.2109375,60000,36193.125,37760.83203125,39620.890625,41238.234375,42625.16796875,44025.21875,44855.87890625,46008.90625,42492.25390625,43893.67578125,45000,45901.9765625,48177.7734375,51595.984375,53759.875,55349.73828125,56637.40625,57748.80078125,58744.8984375,59669.203125,60529.1171875,61311.50390625,62009.0859375,62617.69140625,63134.3046875,63556.26953125,63881.65234375,64108.79296875,64236.67578125,64264.609375,64192.4921875,64020.58203125,63749.7109375,63381.09765625,62916.5078125,62358.05078125,61708.34765625,60970.3203125,0,0,0,0,0,0,0,0,0,0,0,0,0,0,0,0,0,0,0,0,0,0,0,0,0,0,0,0,0,0
0,0,0,0,0,0,1907,19072,119072,0,968.66314697265625,48,0,1971,0,0,0,0,0,0,0,0,0,0,0,0,0,0,0,0,0,0,0,0,0,0,1,2,3,4,5,6,7,8,9,10,11,12,13,14,15,16,17,18,19,20,21,22,23,24,25,26,27,28,29,30,31,32,33,34,35,36,37,38,39,40,41,42,43,44,45,46,47,48,49,50,51,52,53,54,55,56,57,58,59,60,61,62,63,64,65,66,67,68,69,70,71,72,73,74,75,76,77,78,79,80,81,82,83,84,85,86,87,88,89,90,91,92,93,94,95,96,97,98,99,100,101,102,103,104,105,106,107,108,109,110,111,112,113,114,115,116,117,118,119,120,121,122,123,124,125,126,127,128,129,130,131,132,133,134,135,136,137,138,139,140,141,142,143,144,145,146,147,148,149,2,0,0,9999,9999,1,2019,0,0,0,0,0,0,0,0,0,0,0,0,0,0,0,0,0,0,0,0,0,0,0,0,0,0,0,0,0,0,0,0,0,0,0,0,0,0,0,0,0,0,0,0,0,0,0,0,0,0,40373.19140625,42450.55078125,44911.78515625,47618.78515625,50606.39453125,53663.859375,56679.2109375,60000,36193.125,37760.83203125,39620.890625,41238.234375,42625.16796875,44025.21875,44855.87890625,46008.90625,42492.25390625,43893.67578125,45000,45901.9765625,48177.7734375,51595.984375,53759.875,55349.73828125,56637.40625,57748.80078125,58744.8984375,59669.203125,60529.1171875,61311.50390625,62009.0859375,62617.69140625,63134.3046875,63556.26953125,63881.65234375,64108.79296875,64236.67578125,64264.609375,64192.4921875,64020.58203125,63749.7109375,63381.09765625,62916.5078125,62358.05078125,61708.34765625,60970.3203125,0,0,0,0,0,0,0,0,0,0,0,0,0,0,0,0,0,0,0,0,0,0,0,0,0,0,0,0,0,0
0,0,0,0,0,0,1907,19073,119073,0,981.16583251953125,48,0,1971,0,0,0,0,0,0,0,0,0,0,0,0,0,0,0,0,0,0,0,0,0,0,1,2,3,4,5,6,7,8,9,10,11,12,13,14,15,16,17,18,19,20,21,22,23,24,25,26,27,28,29,30,31,32,33,34,35,36,37,38,39,40,41,42,43,44,45,46,47,48,49,50,51,52,53,54,55,56,57,58,59,60,61,62,63,64,65,66,67,68,69,70,71,72,73,74,75,76,77,78,79,80,81,82,83,84,85,86,87,88,89,90,91,92,93,94,95,96,97,98,99,100,101,102,103,104,105,106,107,108,109,110,111,112,113,114,115,116,117,118,119,120,121,122,123,124,125,126,127,128,129,130,131,132,133,134,135,136,137,138,139,140,141,142,143,144,145,146,147,148,149,2,0,0,9999,9999,1,2019,0,0,0,0,0,0,0,0,0,0,0,0,0,0,0,0,0,0,0,0,0,0,0,0,0,0,0,0,0,0,0,0,0,0,0,0,0,0,0,0,0,0,0,0,0,0,0,0,0,0,40373.19140625,42450.55078125,44911.78515625,47618.78515625,50606.39453125,53663.859375,56679.2109375,60000,36193.125,37760.83203125,39620.890625,41238.234375,42625.16796875,44025.21875,44855.87890625,46008.90625,42492.25390625,43893.67578125,45000,45901.9765625,48177.7734375,51595.984375,53759.875,55349.73828125,56637.40625,57748.80078125,58744.8984375,59669.203125,60529.1171875,61311.50390625,62009.0859375,62617.69140625,63134.3046875,63556.26953125,63881.65234375,64108.79296875,64236.67578125,64264.609375,64192.4921875,64020.58203125,63749.7109375,63381.09765625,62916.5078125,62358.05078125,61708.34765625,60970.3203125,0,0,0,0,0,0,0,0,0,0,0,0,0,0,0,0,0,0,0,0,0,0,0,0,0,0,0,0,0,0
0,0,0,0,0,0,1907,19074,119074,0,972.00482177734375,48,0,1971,0,0,0,0,0,0,0,0,0,0,0,0,0,0,0,0,0,0,0,0,0,0,1,2,3,4,5,6,7,8,9,10,11,12,13,14,15,16,17,18,19,20,21,22,23,24,25,26,27,28,29,30,31,32,33,34,35,36,37,38,39,40,41,42,43,44,45,46,47,48,49,50,51,52,53,54,55,56,57,58,59,60,61,62,63,64,65,66,67,68,69,70,71,72,73,74,75,76,77,78,79,80,81,82,83,84,85,86,87,88,89,90,91,92,93,94,95,96,97,98,99,100,101,102,103,104,105,106,107,108,109,110,111,112,113,114,115,116,117,118,119,120,121,122,123,124,125,126,127,128,129,130,131,132,133,134,135,136,137,138,139,140,141,142,143,144,145,146,147,148,149,2,0,0,9999,9999,1,2019,0,0,0,0,0,0,0,0,0,0,0,0,0,0,0,0,0,0,0,0,0,0,0,0,0,0,0,0,0,0,0,0,0,0,0,0,0,0,0,0,0,0,0,0,0,0,0,0,0,0,40373.19140625,42450.55078125,44911.78515625,47618.78515625,50606.39453125,53663.859375,56679.2109375,60000,36193.125,37760.83203125,39620.890625,41238.234375,42625.16796875,44025.21875,44855.87890625,46008.90625,42492.25390625,43893.67578125,45000,45901.9765625,48177.7734375,51595.984375,53759.875,55349.73828125,56637.40625,57748.80078125,58744.8984375,59669.203125,60529.1171875,61311.50390625,62009.0859375,62617.69140625,63134.3046875,63556.26953125,63881.65234375,64108.79296875,64236.67578125,64264.609375,64192.4921875,64020.58203125,63749.7109375,63381.09765625,62916.5078125,62358.05078125,61708.34765625,60970.3203125,0,0,0,0,0,0,0,0,0,0,0,0,0,0,0,0,0,0,0,0,0,0,0,0,0,0,0,0,0,0
0,0,0,0,0,0,1907,19075,119075,0,968.27093505859375,48,0,1971,0,0,0,0,0,0,0,0,0,0,0,0,0,0,0,0,0,0,0,0,0,0,1,2,3,4,5,6,7,8,9,10,11,12,13,14,15,16,17,18,19,20,21,22,23,24,25,26,27,28,29,30,31,32,33,34,35,36,37,38,39,40,41,42,43,44,45,46,47,48,49,50,51,52,53,54,55,56,57,58,59,60,61,62,63,64,65,66,67,68,69,70,71,72,73,74,75,76,77,78,79,80,81,82,83,84,85,86,87,88,89,90,91,92,93,94,95,96,97,98,99,100,101,102,103,104,105,106,107,108,109,110,111,112,113,114,115,116,117,118,119,120,121,122,123,124,125,126,127,128,129,130,131,132,133,134,135,136,137,138,139,140,141,142,143,144,145,146,147,148,149,2,0,0,9999,9999,1,2019,0,0,0,0,0,0,0,0,0,0,0,0,0,0,0,0,0,0,0,0,0,0,0,0,0,0,0,0,0,0,0,0,0,0,0,0,0,0,0,0,0,0,0,0,0,0,0,0,0,0,40373.19140625,42450.55078125,44911.78515625,47618.78515625,50606.39453125,53663.859375,56679.2109375,60000,36193.125,37760.83203125,39620.890625,41238.234375,42625.16796875,44025.21875,44855.87890625,46008.90625,42492.25390625,43893.67578125,45000,45901.9765625,48177.7734375,51595.984375,53759.875,55349.73828125,56637.40625,57748.80078125,58744.8984375,59669.203125,60529.1171875,61311.50390625,62009.0859375,62617.69140625,63134.3046875,63556.26953125,63881.65234375,64108.79296875,64236.67578125,64264.609375,64192.4921875,64020.58203125,63749.7109375,63381.09765625,62916.5078125,62358.05078125,61708.34765625,60970.3203125,0,0,0,0,0,0,0,0,0,0,0,0,0,0,0,0,0,0,0,0,0,0,0,0,0,0,0,0,0,0
1,1700,4,0,0,0,2097,20971,120971,220971,6464.947265625,61,61,1958,1958,0,0,0,0,0,0,0,0,1,2,3,4,5,6,7,8,9,10,11,12,13,14,15,16,17,18,19,20,21,22,23,24,25,26,27,28,29,30,31,32,33,34,35,36,37,38,39,40,41,42,43,44,45,46,47,48,49,50,51,52,53,54,55,56,57,58,59,60,61,62,63,64,65,66,67,68,69,70,71,72,73,74,75,76,77,78,79,80,81,82,83,84,85,86,87,88,89,90,91,92,93,94,95,96,97,98,99,100,101,102,103,104,105,106,107,108,109,110,111,112,113,114,115,116,117,118,119,120,121,122,123,124,125,126,127,128,129,130,131,132,133,134,135,136,137,138,139,140,141,142,143,144,145,146,147,148,149,150,151,152,153,154,155,156,157,158,159,160,161,162,1,2,1,,2020,1,2019,0,0,0,0,0,0,0,0,0,0,0,0,0,0,0,0,0,0,0,0,0,0,0,0,0,0,0,0,8802.19921875,10261.8232421875,11749.69140625,13012.6611328125,14211.5390625,15425.9931640625,16671.560546875,17761.3828125,19062.12890625,20588.3984375,22300.234375,24122.05859375,25790.998046875,27351.59765625,28912.48046875,30394.30078125,31908.298828125,33456.1953125,34888.17578125,35987.4375,37306.8203125,39022.08984375,40544.23828125,41775.203125,43310.69140625,45000,0,0,0,0,22046.755859375,22540.283203125,23176.16796875,23638.34375,23943.181640625,24233.54296875,24195.462890625,24319.556640625,24583.228515625,24884.576171875,25000,24989.529296875,0,0,0,0,0,0,0,0,0,0,0,0,0,0,0,0,0,0,0,0,0,0,0,0,0,0,0,0,0,0,0,0,0,0,0,0,0,0,0,0,0,0,0,0,0,0,0,0,0,0,0,0,0,0,0,0
1,1700,4,0,0,0,2097,20971,220971,120971,6464.947265625,61,61,1958,1958,0,0,0,0,0,0,0,0,1,2,3,4,5,6,7,8,9,10,11,12,13,14,15,16,17,18,19,20,21,22,23,24,25,26,27,28,29,30,31,32,33,34,35,36,37,38,39,40,41,42,43,44,45,46,47,48,49,50,51,52,53,54,55,56,57,58,59,60,61,62,63,64,65,66,67,68,69,70,71,72,73,74,75,76,77,78,79,80,81,82,83,84,85,86,87,88,89,90,91,92,93,94,95,96,97,98,99,100,101,102,103,104,105,106,107,108,109,110,111,112,113,114,115,116,117,118,119,120,121,122,123,124,125,126,127,128,129,130,131,132,133,134,135,136,137,138,139,140,141,142,143,144,145,146,147,148,149,150,151,152,153,154,155,156,157,158,159,160,161,162,2,1,1,2023,2023,2,2019,0,0,0,0,0,0,0,0,0,0,0,0,0,0,0,0,0,0,0,0,0,0,0,0,0,0,0,0,0,0,0,0,0,0,0,0,0,15923.2333984375,17247.181640625,18656.193359375,19946.966796875,21153.947265625,22361.14453125,23507.197265625,24678.11328125,25875.291015625,26982.771484375,27832.94921875,28853.3671875,30179.96875,31357.240234375,32309.279296875,33496.83984375,34803.34765625,36244.9296875,37663.69921875,38982.03125,40438.1328125,40566.05078125,41474.13671875,42644.16796875,43494.57421875,44055.4765625,44589.73828125,44519.671875,44748.00390625,45233.16015625,45787.640625,46000,45980.75390625,47292.31640625,49631.7265625,50675.83203125,0,0,0,0,0,0,0,0,0,0,0,0,0,0,0,0,0,0,0,0,0,0,0,0,0,0,0,0,0,0,0,0,0,0,0,0,0,0,0,0,0,0,0,0,0,0,0,0,0,0,0,0,0
1,1700,4,0,0,0,2097,20972,120972,220972,6454.5615234375,61,61,1958,1958,0,0,0,0,0,0,0,0,1,2,3,4,5,6,7,8,9,10,11,12,13,14,15,16,17,18,19,20,21,22,23,24,25,26,27,28,29,30,31,32,33,34,35,36,37,38,39,40,41,42,43,44,45,46,47,48,49,50,51,52,53,54,55,56,57,58,59,60,61,62,63,64,65,66,67,68,69,70,71,72,73,74,75,76,77,78,79,80,81,82,83,84,85,86,87,88,89,90,91,92,93,94,95,96,97,98,99,100,101,102,103,104,105,106,107,108,109,110,111,112,113,114,115,116,117,118,119,120,121,122,123,124,125,126,127,128,129,130,131,132,133,134,135,136,137,138,139,140,141,142,143,144,145,146,147,148,149,150,151,152,153,154,155,156,157,158,159,160,161,162,1,2,1,,2020,1,2019,0,0,0,0,0,0,0,0,0,0,0,0,0,0,0,0,0,0,0,0,0,0,0,0,0,0,0,0,8802.19921875,10261.8232421875,11749.69140625,13012.6611328125,14211.5390625,15425.9931640625,16671.560546875,17761.3828125,19062.12890625,20588.3984375,22300.234375,24122.05859375,25790.998046875,27351.59765625,28912.48046875,30394.30078125,31908.298828125,33456.1953125,34888.17578125,35987.4375,37306.8203125,39022.08984375,40544.23828125,41775.203125,43310.69140625,45000,0,0,0,0,22046.755859375,22540.283203125,23176.16796875,23638.34375,23943.181640625,24233.54296875,24195.462890625,24319.556640625,24583.228515625,24884.576171875,25000,24989.529296875,0,0,0,0,0,0,0,0,0,0,0,0,0,0,0,0,0,0,0,0,0,0,0,0,0,0,0,0,0,0,0,0,0,0,0,0,0,0,0,0,0,0,0,0,0,0,0,0,0,0,0,0,0,0,0,0
1,1700,4,0,0,0,2097,20972,220972,120972,6454.5615234375,61,61,1958,1958,0,0,0,0,0,0,0,0,1,2,3,4,5,6,7,8,9,10,11,12,13,14,15,16,17,18,19,20,21,22,23,24,25,26,27,28,29,30,31,32,33,34,35,36,37,38,39,40,41,42,43,44,45,46,47,48,49,50,51,52,53,54,55,56,57,58,59,60,61,62,63,64,65,66,67,68,69,70,71,72,73,74,75,76,77,78,79,80,81,82,83,84,85,86,87,88,89,90,91,92,93,94,95,96,97,98,99,100,101,102,103,104,105,106,107,108,109,110,111,112,113,114,115,116,117,118,119,120,121,122,123,124,125,126,127,128,129,130,131,132,133,134,135,136,137,138,139,140,141,142,143,144,145,146,147,148,149,150,151,152,153,154,155,156,157,158,159,160,161,162,2,1,1,2023,2023,2,2019,0,0,0,0,0,0,0,0,0,0,0,0,0,0,0,0,0,0,0,0,0,0,0,0,0,0,0,0,0,0,0,0,0,0,0,0,0,15923.2333984375,17247.181640625,18656.193359375,19946.966796875,21153.947265625,22361.14453125,23507.197265625,24678.11328125,25875.291015625,26982.771484375,27832.94921875,28853.3671875,30179.96875,31357.240234375,32309.279296875,33496.83984375,34803.34765625,36244.9296875,37663.69921875,38982.03125,40438.1328125,40566.05078125,41474.13671875,42644.16796875,43494.57421875,44055.4765625,44589.73828125,44519.671875,44748.00390625,45233.16015625,45787.640625,46000,45980.75390625,47292.31640625,49631.7265625,50675.83203125,0,0,0,0,0,0,0,0,0,0,0,0,0,0,0,0,0,0,0,0,0,0,0,0,0,0,0,0,0,0,0,0,0,0,0,0,0,0,0,0,0,0,0,0,0,0,0,0,0,0,0,0,0
1,1800,4,0,0,0,2097,20973,120973,220973,6518.13134765625,61,61,1958,1958,0,0,0,0,0,0,0,0,1,2,3,4,5,6,7,8,9,10,11,12,13,14,15,16,17,18,19,20,21,22,23,24,25,26,27,28,29,30,31,32,33,34,35,36,37,38,39,40,41,42,43,44,45,46,47,48,49,50,51,52,53,54,55,56,57,58,59,60,61,62,63,64,65,66,67,68,69,70,71,72,73,74,75,76,77,78,79,80,81,82,83,84,85,86,87,88,89,90,91,92,93,94,95,96,97,98,99,100,101,102,103,104,105,106,107,108,109,110,111,112,113,114,115,116,117,118,119,120,121,122,123,124,125,126,127,128,129,130,131,132,133,134,135,136,137,138,139,140,141,142,143,144,145,146,147,148,149,150,151,152,153,154,155,156,157,158,159,160,161,162,1,2,1,,2020,1,2019,0,0,0,0,0,0,0,0,0,0,0,0,0,0,0,0,0,0,0,0,0,0,0,0,0,0,0,0,8802.19921875,10261.8232421875,11749.69140625,13012.6611328125,14211.5390625,15425.9931640625,16671.560546875,17761.3828125,19062.12890625,20588.3984375,22300.234375,24122.05859375,25790.998046875,27351.59765625,28912.48046875,30394.30078125,31908.298828125,33456.1953125,34888.17578125,35987.4375,37306.8203125,39022.08984375,40544.23828125,41775.203125,43310.69140625,45000,0,0,0,0,22046.755859375,22540.283203125,23176.16796875,23638.34375,23943.181640625,24233.54296875,24195.462890625,24319.556640625,24583.228515625,24884.576171875,25000,24989.529296875,0,0,0,0,0,0,0,0,0,0,0,0,0,0,0,0,0,0,0,0,0,0,0,0,0,0,0,0,0,0,0,0,0,0,0,0,0,0,0,0,0,0,0,0,0,0,0,0,0,0,0,0,0,0,0,0
1,1800,4,0,0,0,2097,20973,220973,120973,6518.13134765625,61,61,1958,1958,0,0,0,0,0,0,0,0,1,2,3,4,5,6,7,8,9,10,11,12,13,14,15,16,17,18,19,20,21,22,23,24,25,26,27,28,29,30,31,32,33,34,35,36,37,38,39,40,41,42,43,44,45,46,47,48,49,50,51,52,53,54,55,56,57,58,59,60,61,62,63,64,65,66,67,68,69,70,71,72,73,74,75,76,77,78,79,80,81,82,83,84,85,86,87,88,89,90,91,92,93,94,95,96,97,98,99,100,101,102,103,104,105,106,107,108,109,110,111,112,113,114,115,116,117,118,119,120,121,122,123,124,125,126,127,128,129,130,131,132,133,134,135,136,137,138,139,140,141,142,143,144,145,146,147,148,149,150,151,152,153,154,155,156,157,158,159,160,161,162,2,1,1,2023,2023,2,2019,0,0,0,0,0,0,0,0,0,0,0,0,0,0,0,0,0,0,0,0,0,0,0,0,0,0,0,0,0,0,0,0,0,0,0,0,0,15923.2333984375,17247.181640625,18656.193359375,19946.966796875,21153.947265625,22361.14453125,23507.197265625,24678.11328125,25875.291015625,26982.771484375,27832.94921875,28853.3671875,30179.96875,31357.240234375,32309.279296875,33496.83984375,34803.34765625,36244.9296875,37663.69921875,38982.03125,40438.1328125,40566.05078125,41474.13671875,42644.16796875,43494.57421875,44055.4765625,44589.73828125,44519.671875,44748.00390625,45233.16015625,45787.640625,46000,45980.75390625,47292.31640625,49631.7265625,50675.83203125,0,0,0,0,0,0,0,0,0,0,0,0,0,0,0,0,0,0,0,0,0,0,0,0,0,0,0,0,0,0,0,0,0,0,0,0,0,0,0,0,0,0,0,0,0,0,0,0,0,0,0,0,0
1,1800,4,0,0,0,2097,20974,120974,220974,6453.97802734375,61,61,1958,1958,0,0,0,0,0,0,0,0,1,2,3,4,5,6,7,8,9,10,11,12,13,14,15,16,17,18,19,20,21,22,23,24,25,26,27,28,29,30,31,32,33,34,35,36,37,38,39,40,41,42,43,44,45,46,47,48,49,50,51,52,53,54,55,56,57,58,59,60,61,62,63,64,65,66,67,68,69,70,71,72,73,74,75,76,77,78,79,80,81,82,83,84,85,86,87,88,89,90,91,92,93,94,95,96,97,98,99,100,101,102,103,104,105,106,107,108,109,110,111,112,113,114,115,116,117,118,119,120,121,122,123,124,125,126,127,128,129,130,131,132,133,134,135,136,137,138,139,140,141,142,143,144,145,146,147,148,149,150,151,152,153,154,155,156,157,158,159,160,161,162,1,2,1,,2020,1,2019,0,0,0,0,0,0,0,0,0,0,0,0,0,0,0,0,0,0,0,0,0,0,0,0,0,0,0,0,8802.19921875,10261.8232421875,11749.69140625,13012.6611328125,14211.5390625,15425.9931640625,16671.560546875,17761.3828125,19062.12890625,20588.3984375,22300.234375,24122.05859375,25790.998046875,27351.59765625,28912.48046875,30394.30078125,31908.298828125,33456.1953125,34888.17578125,35987.4375,37306.8203125,39022.08984375,40544.23828125,41775.203125,43310.69140625,45000,0,0,0,0,22046.755859375,22540.283203125,23176.16796875,23638.34375,23943.181640625,24233.54296875,24195.462890625,24319.556640625,24583.228515625,24884.576171875,25000,24989.529296875,0,0,0,0,0,0,0,0,0,0,0,0,0,0,0,0,0,0,0,0,0,0,0,0,0,0,0,0,0,0,0,0,0,0,0,0,0,0,0,0,0,0,0,0,0,0,0,0,0,0,0,0,0,0,0,0
1,1800,4,0,0,0,2097,20974,220974,120974,6453.97802734375,61,61,1958,1958,0,0,0,0,0,0,0,0,1,2,3,4,5,6,7,8,9,10,11,12,13,14,15,16,17,18,19,20,21,22,23,24,25,26,27,28,29,30,31,32,33,34,35,36,37,38,39,40,41,42,43,44,45,46,47,48,49,50,51,52,53,54,55,56,57,58,59,60,61,62,63,64,65,66,67,68,69,70,71,72,73,74,75,76,77,78,79,80,81,82,83,84,85,86,87,88,89,90,91,92,93,94,95,96,97,98,99,100,101,102,103,104,105,106,107,108,109,110,111,112,113,114,115,116,117,118,119,120,121,122,123,124,125,126,127,128,129,130,131,132,133,134,135,136,137,138,139,140,141,142,143,144,145,146,147,148,149,150,151,152,153,154,155,156,157,158,159,160,161,162,2,1,1,2023,2023,2,2019,0,0,0,0,0,0,0,0,0,0,0,0,0,0,0,0,0,0,0,0,0,0,0,0,0,0,0,0,0,0,0,0,0,0,0,0,0,16269.392578125,17622.12109375,19061.765625,20380.59765625,21613.81640625,22847.259765625,24018.2265625,25214.595703125,26437.80078125,27569.35546875,28438.015625,29480.6171875,30836.05859375,32038.923828125,33011.65625,34225.03515625,35559.9453125,37032.8671875,38482.48046875,39829.47265625,41317.2265625,41447.92578125,42375.75390625,43571.22265625,44440.11328125,45013.20703125,45559.0859375,45487.49609375,45720.79296875,46216.4921875,46783.03125,47000,46980.33984375,48320.41796875,50710.68359375,51777.48828125,0,0,0,0,0,0,0,0,0,0,0,0,0,0,0,0,0,0,0,0,0,0,0,0,0,0,0,0,0,0,0,0,0,0,0,0,0,0,0,0,0,0,0,0,0,0,0,0,0,0,0,0,0
1,1700,4,0,0,0,2097,20975,120975,220975,6489.42041015625,61,61,1958,1958,0,0,0,0,0,0,0,0,1,2,3,4,5,6,7,8,9,10,11,12,13,14,15,16,17,18,19,20,21,22,23,24,25,26,27,28,29,30,31,32,33,34,35,36,37,38,39,40,41,42,43,44,45,46,47,48,49,50,51,52,53,54,55,56,57,58,59,60,61,62,63,64,65,66,67,68,69,70,71,72,73,74,75,76,77,78,79,80,81,82,83,84,85,86,87,88,89,90,91,92,93,94,95,96,97,98,99,100,101,102,103,104,105,106,107,108,109,110,111,112,113,114,115,116,117,118,119,120,121,122,123,124,125,126,127,128,129,130,131,132,133,134,135,136,137,138,139,140,141,142,143,144,145,146,147,148,149,150,151,152,153,154,155,156,157,158,159,160,161,162,1,2,1,,2020,1,2019,0,0,0,0,0,0,0,0,0,0,0,0,0,0,0,0,0,0,0,0,0,0,0,0,0,0,0,0,8802.19921875,10261.8232421875,11749.69140625,13012.6611328125,14211.5390625,15425.9931640625,16671.560546875,17761.3828125,19062.12890625,20588.3984375,22300.234375,24122.05859375,25790.998046875,27351.59765625,28912.48046875,30394.30078125,31908.298828125,33456.1953125,34888.17578125,35987.4375,37306.8203125,39022.08984375,40544.23828125,41775.203125,43310.69140625,45000,0,0,0,0,22046.755859375,22540.283203125,23176.16796875,23638.34375,23943.181640625,24233.54296875,24195.462890625,24319.556640625,24583.228515625,24884.576171875,25000,24989.529296875,0,0,0,0,0,0,0,0,0,0,0,0,0,0,0,0,0,0,0,0,0,0,0,0,0,0,0,0,0,0,0,0,0,0,0,0,0,0,0,0,0,0,0,0,0,0,0,0,0,0,0,0,0,0,0,0
1,1700,4,0,0,0,2097,20975,220975,120975,6489.42041015625,61,61,1958,1958,0,0,0,0,0,0,0,0,1,2,3,4,5,6,7,8,9,10,11,12,13,14,15,16,17,18,19,20,21,22,23,24,25,26,27,28,29,30,31,32,33,34,35,36,37,38,39,40,41,42,43,44,45,46,47,48,49,50,51,52,53,54,55,56,57,58,59,60,61,62,63,64,65,66,67,68,69,70,71,72,73,74,75,76,77,78,79,80,81,82,83,84,85,86,87,88,89,90,91,92,93,94,95,96,97,98,99,100,101,102,103,104,105,106,107,108,109,110,111,112,113,114,115,116,117,118,119,120,121,122,123,124,125,126,127,128,129,130,131,132,133,134,135,136,137,138,139,140,141,142,143,144,145,146,147,148,149,150,151,152,153,154,155,156,157,158,159,160,161,162,2,1,1,2023,2023,2,2019,0,0,0,0,0,0,0,0,0,0,0,0,0,0,0,0,0,0,0,0,0,0,0,0,0,0,0,0,0,0,0,0,0,0,0,0,0,15923.2333984375,17247.181640625,18656.193359375,19946.966796875,21153.947265625,22361.14453125,23507.197265625,24678.11328125,25875.291015625,26982.771484375,27832.94921875,28853.3671875,30179.96875,31357.240234375,32309.279296875,33496.83984375,34803.34765625,36244.9296875,37663.69921875,38982.03125,40438.1328125,40566.05078125,41474.13671875,42644.16796875,43494.57421875,44055.4765625,44589.73828125,44519.671875,44748.00390625,45233.16015625,45787.640625,46000,45980.75390625,47292.31640625,49631.7265625,50675.83203125,0,0,0,0,0,0,0,0,0,0,0,0,0,0,0,0,0,0,0,0,0,0,0,0,0,0,0,0,0,0,0,0,0,0,0,0,0,0,0,0,0,0,0,0,0,0,0,0,0,0,0,0,0
0,0,0,0,0,0,2155,21551,121551,221551,5887.82275390625,53,53,1966,1966,0,0,0,0,0,0,0,0,0,0,0,0,0,0,0,0,1,2,3,4,5,6,7,8,9,10,11,12,13,14,15,16,17,18,19,20,21,22,23,24,25,26,27,28,29,30,31,32,33,34,35,36,37,38,39,40,41,42,43,44,45,46,47,48,49,50,51,52,53,54,55,56,57,58,59,60,61,62,63,64,65,66,67,68,69,70,71,72,73,74,75,76,77,78,79,80,81,82,83,84,85,86,87,88,89,90,91,92,93,94,95,96,97,98,99,100,101,102,103,104,105,106,107,108,109,110,111,112,113,114,115,116,117,118,119,120,121,122,123,124,125,126,127,128,129,130,131,132,133,134,135,136,137,138,139,140,141,142,143,144,145,146,147,148,149,150,151,152,153,154,1,2,1,,,1,2019,0,0,0,0,0,0,0,0,0,0,0,0,0,0,0,0,0,0,0,0,0,0,0,0,0,0,0,0,0,0,0,0,0,0,0,0,0,0,0,0,0,0,0,0,33173.97265625,35219.76953125,37188.06640625,38841.1796875,40770.41015625,43180.08984375,45427.40234375,47394.015625,49752.55859375,52341.765625,55193.86328125,58074.06640625,60861.0625,63926.640625,64933.62890625,67220.25,69983.8359375,72275.1328125,74125.8828125,75966.25,76798.6328125,78161.2265625,80000,81996.828125,0,0,0,0,0,0,0,0,0,0,0,0,0,0,0,0,0,0,0,0,0,0,0,0,0,0,0,0,0,0,0,0,0,0,0,0,0,0,0,0,0,0,0,0,0,0,0,0,0,0,0,0,0,0,0,0,0,0
0,0,0,0,0,0,2155,21551,221551,121551,5887.82275390625,53,53,1966,1966,0,0,0,0,0,0,0,0,0,0,0,0,0,0,0,0,1,2,3,4,5,6,7,8,9,10,11,12,13,14,15,16,17,18,19,20,21,22,23,24,25,26,27,28,29,30,31,32,33,34,35,36,37,38,39,40,41,42,43,44,45,46,47,48,49,50,51,52,53,54,55,56,57,58,59,60,61,62,63,64,65,66,67,68,69,70,71,72,73,74,75,76,77,78,79,80,81,82,83,84,85,86,87,88,89,90,91,92,93,94,95,96,97,98,99,100,101,102,103,104,105,106,107,108,109,110,111,112,113,114,115,116,117,118,119,120,121,122,123,124,125,126,127,128,129,130,131,132,133,134,135,136,137,138,139,140,141,142,143,144,145,146,147,148,149,150,151,152,153,154,2,1,1,,2026,2,2019,0,0,0,0,0,0,0,0,0,0,0,0,0,0,0,0,0,0,0,0,0,0,0,0,0,0,0,0,0,0,0,0,0,11680.96484375,12782.5537109375,13789.0478515625,14984.5693359375,18303.197265625,20073.80078125,21986.2265625,23802.349609375,25559.39453125,27357.03125,29120,0,0,0,0,0,0,0,0,0,0,0,0,0,0,17055.498046875,17656.1015625,18381.986328125,18983.8203125,19469.939453125,19953.330078125,20171.984375,20529.86328125,21012.8359375,21537.326171875,0,0,23093.076171875,24539.53515625,25370.18359375,25917.666015625,26314.763671875,26622.81640625,0,0,0,0,0,0,0,0,0,0,0,0,0,0,0,0,0,0,0,0,0,0,0,0,0,0,0,0,0,0,0,0,0,0,0,0,0,0,0,0,0,0,0,0,0,0,0,0,0,0
0,0,0,0,0,0,2155,21552,121552,221552,5865.42529296875,53,53,1966,1966,0,0,0,0,0,0,0,0,0,0,0,0,0,0,0,0,1,2,3,4,5,6,7,8,9,10,11,12,13,14,15,16,17,18,19,20,21,22,23,24,25,26,27,28,29,30,31,32,33,34,35,36,37,38,39,40,41,42,43,44,45,46,47,48,49,50,51,52,53,54,55,56,57,58,59,60,61,62,63,64,65,66,67,68,69,70,71,72,73,74,75,76,77,78,79,80,81,82,83,84,85,86,87,88,89,90,91,92,93,94,95,96,97,98,99,100,101,102,103,104,105,106,107,108,109,110,111,112,113,114,115,116,117,118,119,120,121,122,123,124,125,126,127,128,129,130,131,132,133,134,135,136,137,138,139,140,141,142,143,144,145,146,147,148,149,150,151,152,153,154,1,2,1,,,1,2019,0,0,0,0,0,0,0,0,0,0,0,0,0,0,0,0,0,0,0,0,0,0,0,0,0,0,0,0,0,0,0,0,0,0,0,0,0,0,0,0,0,0,0,0,33173.97265625,35219.76953125,37188.06640625,38841.1796875,40770.41015625,43180.08984375,45427.40234375,47394.015625,49752.55859375,52341.765625,55193.86328125,58074.06640625,60861.0625,63926.640625,64933.62890625,67220.25,69983.8359375,72275.1328125,74125.8828125,75966.25,76798.6328125,78161.2265625,80000,81996.828125,0,0,0,0,0,0,0,0,0,0,0,0,0,0,0,0,0,0,0,0,0,0,0,0,0,0,0,0,0,0,0,0,0,0,0,0,0,0,0,0,0,0,0,0,0,0,0,0,0,0,0,0,0,0,0,0,0,0
0,0,0,0,0,0,2155,21552,221552,121552,5865.42529296875,53,53,1966,1966,0,0,0,0,0,0,0,0,0,0,0,0,0,0,0,0,1,2,3,4,5,6,7,8,9,10,11,12,13,14,15,16,17,18,19,20,21,22,23,24,25,26,27,28,29,30,31,32,33,34,35,36,37,38,39,40,41,42,43,44,45,46,47,48,49,50,51,52,53,54,55,56,57,58,59,60,61,62,63,64,65,66,67,68,69,70,71,72,73,74,75,76,77,78,79,80,81,82,83,84,85,86,87,88,89,90,91,92,93,94,95,96,97,98,99,100,101,102,103,104,105,106,107,108,109,110,111,112,113,114,115,116,117,118,119,120,121,122,123,124,125,126,127,128,129,130,131,132,133,134,135,136,137,138,139,140,141,142,143,144,145,146,147,148,149,150,151,152,153,154,2,1,1,,2026,2,2019,0,0,0,0,0,0,0,0,0,0,0,0,0,0,0,0,0,0,0,0,0,0,0,0,0,0,0,0,0,0,0,0,0,11680.96484375,12782.5537109375,13789.0478515625,14984.5693359375,18303.197265625,20073.80078125,21986.2265625,23802.349609375,25559.39453125,27357.03125,29120,0,0,0,0,0,0,0,0,0,0,0,0,0,0,17055.498046875,17656.1015625,18381.986328125,18983.8203125,19469.939453125,19953.330078125,20171.984375,20529.86328125,21012.8359375,21537.326171875,0,0,23093.076171875,24539.53515625,25370.18359375,25917.666015625,26314.763671875,26622.81640625,0,0,0,0,0,0,0,0,0,0,0,0,0,0,0,0,0,0,0,0,0,0,0,0,0,0,0,0,0,0,0,0,0,0,0,0,0,0,0,0,0,0,0,0,0,0,0,0,0,0
0,0,0,0,0,0,2155,21553,121553,221553,5856.365234375,53,53,1966,1966,0,0,0,0,0,0,0,0,0,0,0,0,0,0,0,0,1,2,3,4,5,6,7,8,9,10,11,12,13,14,15,16,17,18,19,20,21,22,23,24,25,26,27,28,29,30,31,32,33,34,35,36,37,38,39,40,41,42,43,44,45,46,47,48,49,50,51,52,53,54,55,56,57,58,59,60,61,62,63,64,65,66,67,68,69,70,71,72,73,74,75,76,77,78,79,80,81,82,83,84,85,86,87,88,89,90,91,92,93,94,95,96,97,98,99,100,101,102,103,104,105,106,107,108,109,110,111,112,113,114,115,116,117,118,119,120,121,122,123,124,125,126,127,128,129,130,131,132,133,134,135,136,137,138,139,140,141,142,143,144,145,146,147,148,149,150,151,152,153,154,1,2,1,,,1,2019,0,0,0,0,0,0,0,0,0,0,0,0,0,0,0,0,0,0,0,0,0,0,0,0,0,0,0,0,0,0,0,0,0,0,0,0,0,0,0,0,0,0,0,0,33173.97265625,35219.76953125,37188.06640625,38841.1796875,40770.41015625,43180.08984375,45427.40234375,47394.015625,49752.55859375,52341.765625,55193.86328125,58074.06640625,60861.0625,63926.640625,64933.62890625,67220.25,69983.8359375,72275.1328125,74125.8828125,75966.25,76798.6328125,78161.2265625,80000,81996.828125,0,0,0,0,0,0,0,0,0,0,0,0,0,0,0,0,0,0,0,0,0,0,0,0,0,0,0,0,0,0,0,0,0,0,0,0,0,0,0,0,0,0,0,0,0,0,0,0,0,0,0,0,0,0,0,0,0,0
0,0,0,0,0,0,2155,21553,221553,121553,5856.365234375,53,53,1966,1966,0,0,0,0,0,0,0,0,0,0,0,0,0,0,0,0,1,2,3,4,5,6,7,8,9,10,11,12,13,14,15,16,17,18,19,20,21,22,23,24,25,26,27,28,29,30,31,32,33,34,35,36,37,38,39,40,41,42,43,44,45,46,47,48,49,50,51,52,53,54,55,56,57,58,59,60,61,62,63,64,65,66,67,68,69,70,71,72,73,74,75,76,77,78,79,80,81,82,83,84,85,86,87,88,89,90,91,92,93,94,95,96,97,98,99,100,101,102,103,104,105,106,107,108,109,110,111,112,113,114,115,116,117,118,119,120,121,122,123,124,125,126,127,128,129,130,131,132,133,134,135,136,137,138,139,140,141,142,143,144,145,146,147,148,149,150,151,152,153,154,2,1,1,,2026,2,2019,0,0,0,0,0,0,0,0,0,0,0,0,0,0,0,0,0,0,0,0,0,0,0,0,0,0,0,0,0,0,0,0,0,11680.96484375,12782.5537109375,13789.0478515625,14984.5693359375,18303.197265625,20073.80078125,21986.2265625,23802.349609375,25559.39453125,27357.03125,29120,0,0,0,0,0,0,0,0,0,0,0,0,0,0,17055.498046875,17656.1015625,18381.986328125,18983.8203125,19469.939453125,19953.330078125,20171.984375,20529.86328125,21012.8359375,21537.326171875,0,0,23093.076171875,24539.53515625,25370.18359375,25917.666015625,26314.763671875,26622.81640625,0,0,0,0,0,0,0,0,0,0,0,0,0,0,0,0,0,0,0,0,0,0,0,0,0,0,0,0,0,0,0,0,0,0,0,0,0,0,0,0,0,0,0,0,0,0,0,0,0,0
0,0,0,0,0,0,2155,21554,121554,221554,5870.6513671875,53,53,1966,1966,0,0,0,0,0,0,0,0,0,0,0,0,0,0,0,0,1,2,3,4,5,6,7,8,9,10,11,12,13,14,15,16,17,18,19,20,21,22,23,24,25,26,27,28,29,30,31,32,33,34,35,36,37,38,39,40,41,42,43,44,45,46,47,48,49,50,51,52,53,54,55,56,57,58,59,60,61,62,63,64,65,66,67,68,69,70,71,72,73,74,75,76,77,78,79,80,81,82,83,84,85,86,87,88,89,90,91,92,93,94,95,96,97,98,99,100,101,102,103,104,105,106,107,108,109,110,111,112,113,114,115,116,117,118,119,120,121,122,123,124,125,126,127,128,129,130,131,132,133,134,135,136,137,138,139,140,141,142,143,144,145,146,147,148,149,150,151,152,153,154,1,2,1,,,1,2019,0,0,0,0,0,0,0,0,0,0,0,0,0,0,0,0,0,0,0,0,0,0,0,0,0,0,0,0,0,0,0,0,0,0,0,0,0,0,0,0,0,0,0,0,33173.97265625,35219.76953125,37188.06640625,38841.1796875,40770.41015625,43180.08984375,45427.40234375,47394.015625,49752.55859375,52341.765625,55193.86328125,58074.06640625,60861.0625,63926.640625,64933.62890625,67220.25,69983.8359375,72275.1328125,74125.8828125,75966.25,76798.6328125,78161.2265625,80000,81996.828125,0,0,0,0,0,0,0,0,0,0,0,0,0,0,0,0,0,0,0,0,0,0,0,0,0,0,0,0,0,0,0,0,0,0,0,0,0,0,0,0,0,0,0,0,0,0,0,0,0,0,0,0,0,0,0,0,0,0
0,0,0,0,0,0,2155,21554,221554,121554,5870.6513671875,53,53,1966,1966,0,0,0,0,0,0,0,0,0,0,0,0,0,0,0,0,1,2,3,4,5,6,7,8,9,10,11,12,13,14,15,16,17,18,19,20,21,22,23,24,25,26,27,28,29,30,31,32,33,34,35,36,37,38,39,40,41,42,43,44,45,46,47,48,49,50,51,52,53,54,55,56,57,58,59,60,61,62,63,64,65,66,67,68,69,70,71,72,73,74,75,76,77,78,79,80,81,82,83,84,85,86,87,88,89,90,91,92,93,94,95,96,97,98,99,100,101,102,103,104,105,106,107,108,109,110,111,112,113,114,115,116,117,118,119,120,121,122,123,124,125,126,127,128,129,130,131,132,133,134,135,136,137,138,139,140,141,142,143,144,145,146,147,148,149,150,151,152,153,154,2,1,1,,2026,2,2019,0,0,0,0,0,0,0,0,0,0,0,0,0,0,0,0,0,0,0,0,0,0,0,0,0,0,0,0,0,0,0,0,0,11680.96484375,12782.5537109375,13789.0478515625,14984.5693359375,18303.197265625,20073.80078125,21986.2265625,23802.349609375,25559.39453125,27357.03125,29120,0,0,0,0,0,0,0,0,0,0,0,0,0,0,17055.498046875,17656.1015625,18381.986328125,18983.8203125,19469.939453125,19953.330078125,20171.984375,20529.86328125,21012.8359375,21537.326171875,0,0,23093.076171875,24539.53515625,25370.18359375,25917.666015625,26314.763671875,26622.81640625,0,0,0,0,0,0,0,0,0,0,0,0,0,0,0,0,0,0,0,0,0,0,0,0,0,0,0,0,0,0,0,0,0,0,0,0,0,0,0,0,0,0,0,0,0,0,0,0,0,0
0,0,0,0,0,0,2155,21555,121555,221555,5860.0341796875,53,53,1966,1966,0,0,0,0,0,0,0,0,0,0,0,0,0,0,0,0,1,2,3,4,5,6,7,8,9,10,11,12,13,14,15,16,17,18,19,20,21,22,23,24,25,26,27,28,29,30,31,32,33,34,35,36,37,38,39,40,41,42,43,44,45,46,47,48,49,50,51,52,53,54,55,56,57,58,59,60,61,62,63,64,65,66,67,68,69,70,71,72,73,74,75,76,77,78,79,80,81,82,83,84,85,86,87,88,89,90,91,92,93,94,95,96,97,98,99,100,101,102,103,104,105,106,107,108,109,110,111,112,113,114,115,116,117,118,119,120,121,122,123,124,125,126,127,128,129,130,131,132,133,134,135,136,137,138,139,140,141,142,143,144,145,146,147,148,149,150,151,152,153,154,1,2,1,,,1,2019,0,0,0,0,0,0,0,0,0,0,0,0,0,0,0,0,0,0,0,0,0,0,0,0,0,0,0,0,0,0,0,0,0,0,0,0,0,0,0,0,0,0,0,0,33173.97265625,35219.76953125,37188.06640625,38841.1796875,40770.41015625,43180.08984375,45427.40234375,47394.015625,49752.55859375,52341.765625,55193.86328125,58074.06640625,60861.0625,63926.640625,64933.62890625,67220.25,69983.8359375,72275.1328125,74125.8828125,75966.25,76798.6328125,78161.2265625,80000,81996.828125,0,0,0,0,0,0,0,0,0,0,0,0,0,0,0,0,0,0,0,0,0,0,0,0,0,0,0,0,0,0,0,0,0,0,0,0,0,0,0,0,0,0,0,0,0,0,0,0,0,0,0,0,0,0,0,0,0,0
0,0,0,0,0,0,2155,21555,221555,121555,5860.0341796875,53,53,1966,1966,0,0,0,0,0,0,0,0,0,0,0,0,0,0,0,0,1,2,3,4,5,6,7,8,9,10,11,12,13,14,15,16,17,18,19,20,21,22,23,24,25,26,27,28,29,30,31,32,33,34,35,36,37,38,39,40,41,42,43,44,45,46,47,48,49,50,51,52,53,54,55,56,57,58,59,60,61,62,63,64,65,66,67,68,69,70,71,72,73,74,75,76,77,78,79,80,81,82,83,84,85,86,87,88,89,90,91,92,93,94,95,96,97,98,99,100,101,102,103,104,105,106,107,108,109,110,111,112,113,114,115,116,117,118,119,120,121,122,123,124,125,126,127,128,129,130,131,132,133,134,135,136,137,138,139,140,141,142,143,144,145,146,147,148,149,150,151,152,153,154,2,1,1,,2026,2,2019,0,0,0,0,0,0,0,0,0,0,0,0,0,0,0,0,0,0,0,0,0,0,0,0,0,0,0,0,0,0,0,0,0,11680.96484375,12782.5537109375,13789.0478515625,14984.5693359375,18303.197265625,20073.80078125,21986.2265625,23802.349609375,25559.39453125,27357.03125,29120,0,0,0,0,0,0,0,0,0,0,0,0,0,0,17055.498046875,17656.1015625,18381.986328125,18983.8203125,19469.939453125,19953.330078125,20171.984375,20529.86328125,21012.8359375,21537.326171875,0,0,23093.076171875,24539.53515625,25370.18359375,25917.666015625,26314.763671875,26622.81640625,0,0,0,0,0,0,0,0,0,0,0,0,0,0,0,0,0,0,0,0,0,0,0,0,0,0,0,0,0,0,0,0,0,0,0,0,0,0,0,0,0,0,0,0,0,0,0,0,0,0
0,0,0,0,0,0,2229,22291,122291,0,9755.240234375,31,0,1988,0,0,0,0,0,0,0,0,0,0,0,0,0,0,0,0,0,0,0,0,0,0,0,0,0,0,0,0,0,0,0,0,0,0,0,0,0,0,0,1,2,3,4,5,6,7,8,9,10,11,12,13,14,15,16,17,18,19,20,21,22,23,24,25,26,27,28,29,30,31,32,33,34,35,36,37,38,39,40,41,42,43,44,45,46,47,48,49,50,51,52,53,54,55,56,57,58,59,60,61,62,63,64,65,66,67,68,69,70,71,72,73,74,75,76,77,78,79,80,81,82,83,84,85,86,87,88,89,90,91,92,93,94,95,96,97,98,99,100,101,102,103,104,105,106,107,108,109,110,111,112,113,114,115,116,117,118,119,120,121,122,123,124,125,126,127,128,129,130,131,132,1,0,0,2038,2043,1,2019,0,0,0,0,0,0,0,0,0,0,0,0,0,0,0,0,0,0,0,0,0,0,0,0,0,0,0,0,0,0,0,0,0,0,0,0,0,0,0,0,0,0,0,0,0,0,0,0,0,0,0,0,0,0,0,19583.1171875,21238.919921875,23087.056640625,24268.876953125,26000,0,0,0,0,0,0,43937.2890625,46605.12890625,0,46011.328125,49589.39453125,54533.9140625,58346.83203125,61685.53125,64815.63671875,67862.2265625,70886.5,73935.3828125,77014.96875,80105.2578125,83192.375,86264.78125,89312.0703125,92323.5,95288.015625,98194.78125,101032.84375,103791.09375,29967.77734375,30690.12109375,31380.90625,32037.28515625,32656.470703125,0,0,0,0,0,0,0,0,0,0,0,0,0,0,0,0,0,0,0,0,0,0,0,0,0,0,0,0,0,0,0,0,0
0,0,0,0,0,0,2229,22292,122292,0,9626.529296875,31,0,1988,0,0,0,0,0,0,0,0,0,0,0,0,0,0,0,0,0,0,0,0,0,0,0,0,0,0,0,0,0,0,0,0,0,0,0,0,0,0,0,1,2,3,4,5,6,7,8,9,10,11,12,13,14,15,16,17,18,19,20,21,22,23,24,25,26,27,28,29,30,31,32,33,34,35,36,37,38,39,40,41,42,43,44,45,46,47,48,49,50,51,52,53,54,55,56,57,58,59,60,61,62,63,64,65,66,67,68,69,70,71,72,73,74,75,76,77,78,79,80,81,82,83,84,85,86,87,88,89,90,91,92,93,94,95,96,97,98,99,100,101,102,103,104,105,106,107,108,109,110,111,112,113,114,115,116,117,118,119,120,121,122,123,124,125,126,127,128,129,130,131,132,1,0,0,2038,2043,1,2019,0,0,0,0,0,0,0,0,0,0,0,0,0,0,0,0,0,0,0,0,0,0,0,0,0,0,0,0,0,0,0,0,0,0,0,0,0,0,0,0,0,0,0,0,0,0,0,0,0,0,0,0,0,0,0,19583.1171875,21238.919921875,23087.056640625,24268.876953125,26000,0,0,0,0,0,0,43937.2890625,46605.12890625,0,46011.328125,49589.39453125,54533.9140625,58346.83203125,61685.53125,64815.63671875,67862.2265625,70886.5,73935.3828125,77014.96875,80105.2578125,83192.375,86264.78125,89312.0703125,92323.5,95288.015625,98194.78125,101032.84375,103791.09375,29967.77734375,30690.12109375,31380.90625,32037.28515625,32656.470703125,0,0,0,0,0,0,0,0,0,0,0,0,0,0,0,0,0,0,0,0,0,0,0,0,0,0,0,0,0,0,0,0,0
0,0,0,0,0,0,2229,22293,122293,0,9701.64453125,31,0,1988,0,0,0,0,0,0,0,0,0,0,0,0,0,0,0,0,0,0,0,0,0,0,0,0,0,0,0,0,0,0,0,0,0,0,0,0,0,0,0,1,2,3,4,5,6,7,8,9,10,11,12,13,14,15,16,17,18,19,20,21,22,23,24,25,26,27,28,29,30,31,32,33,34,35,36,37,38,39,40,41,42,43,44,45,46,47,48,49,50,51,52,53,54,55,56,57,58,59,60,61,62,63,64,65,66,67,68,69,70,71,72,73,74,75,76,77,78,79,80,81,82,83,84,85,86,87,88,89,90,91,92,93,94,95,96,97,98,99,100,101,102,103,104,105,106,107,108,109,110,111,112,113,114,115,116,117,118,119,120,121,122,123,124,125,126,127,128,129,130,131,132,1,0,0,2038,2043,1,2019,0,0,0,0,0,0,0,0,0,0,0,0,0,0,0,0,0,0,0,0,0,0,0,0,0,0,0,0,0,0,0,0,0,0,0,0,0,0,0,0,0,0,0,0,0,0,0,0,0,0,0,0,0,0,0,19583.1171875,21238.919921875,23087.056640625,24268.876953125,26000,0,0,0,0,0,0,43937.2890625,46605.12890625,0,46011.328125,49589.39453125,54533.9140625,58346.83203125,61685.53125,64815.63671875,67862.2265625,70886.5,73935.3828125,77014.96875,80105.2578125,83192.375,86264.78125,89312.0703125,92323.5,95288.015625,98194.78125,101032.84375,103791.09375,29967.77734375,30690.12109375,31380.90625,32037.28515625,32656.470703125,0,0,0,0,0,0,0,0,0,0,0,0,0,0,0,0,0,0,0,0,0,0,0,0,0,0,0,0,0,0,0,0,0
0,0,0,0,0,0,2229,22294,122294,0,9754.41015625,31,0,1988,0,0,0,0,0,0,0,0,0,0,0,0,0,0,0,0,0,0,0,0,0,0,0,0,0,0,0,0,0,0,0,0,0,0,0,0,0,0,0,1,2,3,4,5,6,7,8,9,10,11,12,13,14,15,16,17,18,19,20,21,22,23,24,25,26,27,28,29,30,31,32,33,34,35,36,37,38,39,40,41,42,43,44,45,46,47,48,49,50,51,52,53,54,55,56,57,58,59,60,61,62,63,64,65,66,67,68,69,70,71,72,73,74,75,76,77,78,79,80,81,82,83,84,85,86,87,88,89,90,91,92,93,94,95,96,97,98,99,100,101,102,103,104,105,106,107,108,109,110,111,112,113,114,115,116,117,118,119,120,121,122,123,124,125,126,127,128,129,130,131,132,1,0,0,2038,2043,1,2019,0,0,0,0,0,0,0,0,0,0,0,0,0,0,0,0,0,0,0,0,0,0,0,0,0,0,0,0,0,0,0,0,0,0,0,0,0,0,0,0,0,0,0,0,0,0,0,0,0,0,0,0,0,0,0,19583.1171875,21238.919921875,23087.056640625,24268.876953125,26000,0,0,0,0,0,0,43937.2890625,46605.12890625,0,46011.328125,49589.39453125,54533.9140625,58346.83203125,61685.53125,64815.63671875,67862.2265625,70886.5,73935.3828125,77014.96875,80105.2578125,83192.375,86264.78125,89312.0703125,92323.5,95288.015625,98194.78125,101032.84375,103791.09375,29967.77734375,30690.12109375,31380.90625,32037.28515625,32656.470703125,0,0,0,0,0,0,0,0,0,0,0,0,0,0,0,0,0,0,0,0,0,0,0,0,0,0,0,0,0,0,0,0,0
0,0,0,0,0,0,2229,22295,122295,0,9722.7685546875,31,0,1988,0,0,0,0,0,0,0,0,0,0,0,0,0,0,0,0,0,0,0,0,0,0,0,0,0,0,0,0,0,0,0,0,0,0,0,0,0,0,0,1,2,3,4,5,6,7,8,9,10,11,12,13,14,15,16,17,18,19,20,21,22,23,24,25,26,27,28,29,30,31,32,33,34,35,36,37,38,39,40,41,42,43,44,45,46,47,48,49,50,51,52,53,54,55,56,57,58,59,60,61,62,63,64,65,66,67,68,69,70,71,72,73,74,75,76,77,78,79,80,81,82,83,84,85,86,87,88,89,90,91,92,93,94,95,96,97,98,99,100,101,102,103,104,105,106,107,108,109,110,111,112,113,114,115,116,117,118,119,120,121,122,123,124,125,126,127,128,129,130,131,132,1,0,0,2038,2043,1,2019,0,0,0,0,0,0,0,0,0,0,0,0,0,0,0,0,0,0,0,0,0,0,0,0,0,0,0,0,0,0,0,0,0,0,0,0,0,0,0,0,0,0,0,0,0,0,0,0,0,0,0,0,0,0,0,19583.1171875,21238.919921875,23087.056640625,24268.876953125,26000,0,0,0,0,0,0,43937.2890625,46605.12890625,0,46011.328125,49589.39453125,54533.9140625,58346.83203125,61685.53125,64815.63671875,67862.2265625,70886.5,73935.3828125,77014.96875,80105.2578125,83192.375,86264.78125,89312.0703125,92323.5,95288.015625,98194.78125,101032.84375,103791.09375,29967.77734375,30690.12109375,31380.90625,32037.28515625,32656.470703125,0,0,0,0,0,0,0,0,0,0,0,0,0,0,0,0,0,0,0,0,0,0,0,0,0,0,0,0,0,0,0,0,0
0,0,0,2,840,4,2278,22781,122781,222781,8106.6796875,54,56,1965,1963,0,0,0,0,0,0,0,0,0,0,0,0,0,0,0,1,2,3,4,5,6,7,8,9,10,11,12,13,14,15,16,17,18,19,20,21,22,23,24,25,26,27,28,29,30,31,32,33,34,35,36,37,38,39,40,41,42,43,44,45,46,47,48,49,50,51,52,53,54,55,56,57,58,59,60,61,62,63,64,65,66,67,68,69,70,71,72,73,74,75,76,77,78,79,80,81,82,83,84,85,86,87,88,89,90,91,92,93,94,95,96,97,98,99,100,101,102,103,104,105,106,107,108,109,110,111,112,113,114,115,116,117,118,119,120,121,122,123,124,125,126,127,128,129,130,131,132,133,134,135,136,137,138,139,140,141,142,143,144,145,146,147,148,149,150,151,152,153,154,155,1,2,1,2030,2031,1,2019,0,0,0,0,0,0,0,0,0,0,0,0,0,0,0,0,0,0,0,0,0,0,0,0,0,0,0,0,0,0,0,0,0,0,0,0,0,0,0,9765.8056640625,10556.025390625,11317.5908203125,12094.71484375,12854.0810546875,13642.4228515625,14461.1552734375,15245.5712890625,15898.4560546875,16662.158203125,17619.44140625,18507.6015625,19278.71875,20206.603515625,21225.087890625,22346.76953125,23476.287109375,24564.58984375,25761.736328125,26126.771484375,27004.677734375,28071.126953125,28945.046875,29640,27205.765625,27461.0390625,27904.720703125,28516.716796875,29182.96875,29640,29952.623046875,31145.001953125,33044.26953125,34109.6015625,34791.38671875,35269.40625,35626.69140625,35903.8359375,36129.30078125,36308.76171875,36435.7109375,10276.673828125,0,0,0,0,0,0,0,0,0,0,0,0,0,0,0,0,0,0,0,0,0,0,0,0,0,0,0,0,0,0,0,0,0,0,0,0,0,0,0,0,0,0,0,0,0
0,0,0,2,840,4,2278,22781,222781,122781,8106.6796875,56,54,1963,1965,0,0,0,0,0,0,0,0,0,0,0,0,0,1,2,3,4,5,6,7,8,9,10,11,12,13,14,15,16,17,18,19,20,21,22,23,24,25,26,27,28,29,30,31,32,33,34,35,36,37,38,39,40,41,42,43,44,45,46,47,48,49,50,51,52,53,54,55,56,57,58,59,60,61,62,63,64,65,66,67,68,69,70,71,72,73,74,75,76,77,78,79,80,81,82,83,84,85,86,87,88,89,90,91,92,93,94,95,96,97,98,99,100,101,102,103,104,105,106,107,108,109,110,111,112,113,114,115,116,117,118,119,120,121,122,123,124,125,126,127,128,129,130,131,132,133,134,135,136,137,138,139,140,141,142,143,144,145,146,147,148,149,150,151,152,153,154,155,156,157,2,1,1,,,2,2019,0,0,0,0,0,0,0,0,0,0,0,0,0,0,0,0,0,0,0,0,0,0,0,0,0,0,0,0,0,0,0,0,0,0,0,0,0,0,0,0,0,0,0,0,0,0,0,0,2480.151611328125,9287.77734375,9725.5791015625,10099.26953125,10552.3984375,11049.763671875,11597.5087890625,12145.76953125,12669.2587890625,13245.3330078125,13391.2021484375,13798.0859375,14298.345703125,14697.59375,15003.6220703125,15304.396484375,15399.9140625,15600,15892.51171875,16213.1923828125,0,0,0,0,0,0,0,0,0,0,0,0,0,0,0,0,0,0,0,0,0,0,0,0,0,0,0,0,0,0,0,0,0,0,0,0,0,0,0,0,0,0,0,0,0,0,0,0,0,0,0,0,0,0,0,0,0,0
0,0,0,2,840,4,2278,22782,122782,222782,8053.1357421875,54,56,1965,1963,0,0,0,0,0,0,0,0,0,0,0,0,0,0,0,1,2,3,4,5,6,7,8,9,10,11,12,13,14,15,16,17,18,19,20,21,22,23,24,25,26,27,28,29,30,31,32,33,34,35,36,37,38,39,40,41,42,43,44,45,46,47,48,49,50,51,52,53,54,55,56,57,58,59,60,61,62,63,64,65,66,67,68,69,70,71,72,73,74,75,76,77,78,79,80,81,82,83,84,85,86,87,88,89,90,91,92,93,94,95,96,97,98,99,100,101,102,103,104,105,106,107,108,109,110,111,112,113,114,115,116,117,118,119,120,121,122,123,124,125,126,127,128,129,130,131,132,133,134,135,136,137,138,139,140,141,142,143,144,145,146,147,148,149,150,151,152,153,154,155,1,2,1,2030,2031,1,2019,0,0,0,0,0,0,0,0,0,0,0,0,0,0,0,0,0,0,0,0,0,0,0,0,0,0,0,0,0,0,0,0,0,0,0,0,0,0,0,9765.8056640625,10556.025390625,11317.5908203125,12094.71484375,12854.0810546875,13642.4228515625,14461.1552734375,15245.5712890625,15898.4560546875,16662.158203125,17619.44140625,18507.6015625,19278.71875,20206.603515625,21225.087890625,22346.76953125,23476.287109375,24564.58984375,25761.736328125,26126.771484375,27004.677734375,28071.126953125,28945.046875,29640,27205.765625,27461.0390625,27904.720703125,28516.716796875,29182.96875,29640,29952.623046875,31145.001953125,33044.26953125,34109.6015625,34791.38671875,35269.40625,35626.69140625,35903.8359375,36129.30078125,36308.76171875,36435.7109375,10276.673828125,0,0,0,0,0,0,0,0,0,0,0,0,0,0,0,0,0,0,0,0,0,0,0,0,0,0,0,0,0,0,0,0,0,0,0,0,0,0,0,0,0,0,0,0,0
0,0,0,2,840,4,2278,22782,222782,122782,8053.1357421875,56,54,1963,1965,0,0,0,0,0,0,0,0,0,0,0,0,0,1,2,3,4,5,6,7,8,9,10,11,12,13,14,15,16,17,18,19,20,21,22,23,24,25,26,27,28,29,30,31,32,33,34,35,36,37,38,39,40,41,42,43,44,45,46,47,48,49,50,51,52,53,54,55,56,57,58,59,60,61,62,63,64,65,66,67,68,69,70,71,72,73,74,75,76,77,78,79,80,81,82,83,84,85,86,87,88,89,90,91,92,93,94,95,96,97,98,99,100,101,102,103,104,105,106,107,108,109,110,111,112,113,114,115,116,117,118,119,120,121,122,123,124,125,126,127,128,129,130,131,132,133,134,135,136,137,138,139,140,141,142,143,144,145,146,147,148,149,150,151,152,153,154,155,156,157,2,1,1,,,2,2019,0,0,0,0,0,0,0,0,0,0,0,0,0,0,0,0,0,0,0,0,0,0,0,0,0,0,0,0,0,0,0,0,0,0,0,0,0,0,0,0,0,0,0,0,0,0,0,0,2480.151611328125,9287.77734375,9725.5791015625,10099.26953125,10552.3984375,11049.763671875,11597.5087890625,12145.76953125,12669.2587890625,13245.3330078125,13391.2021484375,13798.0859375,14298.345703125,14697.59375,15003.6220703125,15304.396484375,15399.9140625,15600,15892.51171875,16213.1923828125,0,0,0,0,0,0,0,0,0,0,0,0,0,0,0,0,0,0,0,0,0,0,0,0,0,0,0,0,0,0,0,0,0,0,0,0,0,0,0,0,0,0,0,0,0,0,0,0,0,0,0,0,0,0,0,0,0,0
0,0,0,2,840,4,2278,22783,122783,222783,8046.55419921875,54,56,1965,1963,0,0,0,0,0,0,0,0,0,0,0,0,0,0,0,1,2,3,4,5,6,7,8,9,10,11,12,13,14,15,16,17,18,19,20,21,22,23,24,25,26,27,28,29,30,31,32,33,34,35,36,37,38,39,40,41,42,43,44,45,46,47,48,49,50,51,52,53,54,55,56,57,58,59,60,61,62,63,64,65,66,67,68,69,70,71,72,73,74,75,76,77,78,79,80,81,82,83,84,85,86,87,88,89,90,91,92,93,94,95,96,97,98,99,100,101,102,103,104,105,106,107,108,109,110,111,112,113,114,115,116,117,118,119,120,121,122,123,124,125,126,127,128,129,130,131,132,133,134,135,136,137,138,139,140,141,142,143,144,145,146,147,148,149,150,151,152,153,154,155,1,2,1,2030,2031,1,2019,0,0,0,0,0,0,0,0,0,0,0,0,0,0,0,0,0,0,0,0,0,0,0,0,0,0,0,0,0,0,0,0,0,0,0,0,0,0,0,9765.8056640625,10556.025390625,11317.5908203125,12094.71484375,12854.0810546875,13642.4228515625,14461.1552734375,15245.5712890625,15898.4560546875,16662.158203125,17619.44140625,18507.6015625,19278.71875,20206.603515625,21225.087890625,22346.76953125,23476.287109375,24564.58984375,25761.736328125,26126.771484375,27004.677734375,28071.126953125,28945.046875,29640,27205.765625,27461.0390625,27904.720703125,28516.716796875,29182.96875,29640,29952.623046875,31145.001953125,33044.26953125,34109.6015625,34791.38671875,35269.40625,35626.69140625,35903.8359375,36129.30078125,36308.76171875,36435.7109375,10276.673828125,0,0,0,0,0,0,0,0,0,0,0,0,0,0,0,0,0,0,0,0,0,0,0,0,0,0,0,0,0,0,0,0,0,0,0,0,0,0,0,0,0,0,0,0,0
0,0,0,2,840,4,2278,22783,222783,122783,8046.55419921875,56,54,1963,1965,0,0,0,0,0,0,0,0,0,0,0,0,0,1,2,3,4,5,6,7,8,9,10,11,12,13,14,15,16,17,18,19,20,21,22,23,24,25,26,27,28,29,30,31,32,33,34,35,36,37,38,39,40,41,42,43,44,45,46,47,48,49,50,51,52,53,54,55,56,57,58,59,60,61,62,63,64,65,66,67,68,69,70,71,72,73,74,75,76,77,78,79,80,81,82,83,84,85,86,87,88,89,90,91,92,93,94,95,96,97,98,99,100,101,102,103,104,105,106,107,108,109,110,111,112,113,114,115,116,117,118,119,120,121,122,123,124,125,126,127,128,129,130,131,132,133,134,135,136,137,138,139,140,141,142,143,144,145,146,147,148,149,150,151,152,153,154,155,156,157,2,1,1,,,2,2019,0,0,0,0,0,0,0,0,0,0,0,0,0,0,0,0,0,0,0,0,0,0,0,0,0,0,0,0,0,0,0,0,0,0,0,0,0,0,0,0,0,0,0,0,0,0,0,0,2480.151611328125,9287.77734375,9725.5791015625,10099.26953125,10552.3984375,11049.763671875,11597.5087890625,12145.76953125,12669.2587890625,13245.3330078125,13391.2021484375,13798.0859375,14298.345703125,14697.59375,15003.6220703125,15304.396484375,15399.9140625,15600,15892.51171875,16213.1923828125,0,0,0,0,0,0,0,0,0,0,0,0,0,0,0,0,0,0,0,0,0,0,0,0,0,0,0,0,0,0,0,0,0,0,0,0,0,0,0,0,0,0,0,0,0,0,0,0,0,0,0,0,0,0,0,0,0,0
0,0,0,2,840,4,2278,22784,122784,222784,8075.052734375,54,56,1965,1963,0,0,0,0,0,0,0,0,0,0,0,0,0,0,0,1,2,3,4,5,6,7,8,9,10,11,12,13,14,15,16,17,18,19,20,21,22,23,24,25,26,27,28,29,30,31,32,33,34,35,36,37,38,39,40,41,42,43,44,45,46,47,48,49,50,51,52,53,54,55,56,57,58,59,60,61,62,63,64,65,66,67,68,69,70,71,72,73,74,75,76,77,78,79,80,81,82,83,84,85,86,87,88,89,90,91,92,93,94,95,96,97,98,99,100,101,102,103,104,105,106,107,108,109,110,111,112,113,114,115,116,117,118,119,120,121,122,123,124,125,126,127,128,129,130,131,132,133,134,135,136,137,138,139,140,141,142,143,144,145,146,147,148,149,150,151,152,153,154,155,1,2,1,2030,2031,1,2019,0,0,0,0,0,0,0,0,0,0,0,0,0,0,0,0,0,0,0,0,0,0,0,0,0,0,0,0,0,0,0,0,0,0,0,0,0,0,0,9765.8056640625,10556.025390625,11317.5908203125,12094.71484375,12854.0810546875,13642.4228515625,14461.1552734375,15245.5712890625,15898.4560546875,16662.158203125,17619.44140625,18507.6015625,19278.71875,20206.603515625,21225.087890625,22346.76953125,23476.287109375,24564.58984375,25761.736328125,26126.771484375,27004.677734375,28071.126953125,28945.046875,29640,27205.765625,27461.0390625,27904.720703125,28516.716796875,29182.96875,29640,29952.623046875,31145.001953125,33044.26953125,34109.6015625,34791.38671875,35269.40625,35626.69140625,35903.8359375,36129.30078125,36308.76171875,36435.7109375,10276.673828125,0,0,0,0,0,0,0,0,0,0,0,0,0,0,0,0,0,0,0,0,0,0,0,0,0,0,0,0,0,0,0,0,0,0,0,0,0,0,0,0,0,0,0,0,0
0,0,0,2,840,4,2278,22784,222784,122784,8075.052734375,56,54,1963,1965,0,0,0,0,0,0,0,0,0,0,0,0,0,1,2,3,4,5,6,7,8,9,10,11,12,13,14,15,16,17,18,19,20,21,22,23,24,25,26,27,28,29,30,31,32,33,34,35,36,37,38,39,40,41,42,43,44,45,46,47,48,49,50,51,52,53,54,55,56,57,58,59,60,61,62,63,64,65,66,67,68,69,70,71,72,73,74,75,76,77,78,79,80,81,82,83,84,85,86,87,88,89,90,91,92,93,94,95,96,97,98,99,100,101,102,103,104,105,106,107,108,109,110,111,112,113,114,115,116,117,118,119,120,121,122,123,124,125,126,127,128,129,130,131,132,133,134,135,136,137,138,139,140,141,142,143,144,145,146,147,148,149,150,151,152,153,154,155,156,157,2,1,1,,,2,2019,0,0,0,0,0,0,0,0,0,0,0,0,0,0,0,0,0,0,0,0,0,0,0,0,0,0,0,0,0,0,0,0,0,0,0,0,0,0,0,0,0,0,0,0,0,0,0,0,2480.151611328125,9287.77734375,9725.5791015625,10099.26953125,10552.3984375,11049.763671875,11597.5087890625,12145.76953125,12669.2587890625,13245.3330078125,13391.2021484375,13798.0859375,14298.345703125,14697.59375,15003.6220703125,15304.396484375,15399.9140625,15600,15892.51171875,16213.1923828125,0,0,0,0,0,0,0,0,0,0,0,0,0,0,0,0,0,0,0,0,0,0,0,0,0,0,0,0,0,0,0,0,0,0,0,0,0,0,0,0,0,0,0,0,0,0,0,0,0,0,0,0,0,0,0,0,0,0
0,0,0,2,840,4,2278,22785,122785,222785,8037.30615234375,54,56,1965,1963,0,0,0,0,0,0,0,0,0,0,0,0,0,0,0,1,2,3,4,5,6,7,8,9,10,11,12,13,14,15,16,17,18,19,20,21,22,23,24,25,26,27,28,29,30,31,32,33,34,35,36,37,38,39,40,41,42,43,44,45,46,47,48,49,50,51,52,53,54,55,56,57,58,59,60,61,62,63,64,65,66,67,68,69,70,71,72,73,74,75,76,77,78,79,80,81,82,83,84,85,86,87,88,89,90,91,92,93,94,95,96,97,98,99,100,101,102,103,104,105,106,107,108,109,110,111,112,113,114,115,116,117,118,119,120,121,122,123,124,125,126,127,128,129,130,131,132,133,134,135,136,137,138,139,140,141,142,143,144,145,146,147,148,149,150,151,152,153,154,155,1,2,1,2030,2031,1,2019,0,0,0,0,0,0,0,0,0,0,0,0,0,0,0,0,0,0,0,0,0,0,0,0,0,0,0,0,0,0,0,0,0,0,0,0,0,0,0,9765.8056640625,10556.025390625,11317.5908203125,12094.71484375,12854.0810546875,13642.4228515625,14461.1552734375,15245.5712890625,15898.4560546875,16662.158203125,17619.44140625,18507.6015625,19278.71875,20206.603515625,21225.087890625,22346.76953125,23476.287109375,24564.58984375,25761.736328125,26126.771484375,27004.677734375,28071.126953125,28945.046875,29640,27205.765625,27461.0390625,27904.720703125,28516.716796875,29182.96875,29640,29952.623046875,31145.001953125,33044.26953125,34109.6015625,34791.38671875,35269.40625,35626.69140625,35903.8359375,36129.30078125,36308.76171875,36435.7109375,10276.673828125,0,0,0,0,0,0,0,0,0,0,0,0,0,0,0,0,0,0,0,0,0,0,0,0,0,0,0,0,0,0,0,0,0,0,0,0,0,0,0,0,0,0,0,0,0
0,0,0,2,840,4,2278,22785,222785,122785,8037.30615234375,56,54,1963,1965,0,0,0,0,0,0,0,0,0,0,0,0,0,1,2,3,4,5,6,7,8,9,10,11,12,13,14,15,16,17,18,19,20,21,22,23,24,25,26,27,28,29,30,31,32,33,34,35,36,37,38,39,40,41,42,43,44,45,46,47,48,49,50,51,52,53,54,55,56,57,58,59,60,61,62,63,64,65,66,67,68,69,70,71,72,73,74,75,76,77,78,79,80,81,82,83,84,85,86,87,88,89,90,91,92,93,94,95,96,97,98,99,100,101,102,103,104,105,106,107,108,109,110,111,112,113,114,115,116,117,118,119,120,121,122,123,124,125,126,127,128,129,130,131,132,133,134,135,136,137,138,139,140,141,142,143,144,145,146,147,148,149,150,151,152,153,154,155,156,157,2,1,1,,,2,2019,0,0,0,0,0,0,0,0,0,0,0,0,0,0,0,0,0,0,0,0,0,0,0,0,0,0,0,0,0,0,0,0,0,0,0,0,0,0,0,0,0,0,0,0,0,0,0,0,2480.151611328125,9287.77734375,9725.5791015625,10099.26953125,10552.3984375,11049.763671875,11597.5087890625,12145.76953125,12669.2587890625,13245.3330078125,13391.2021484375,13798.0859375,14298.345703125,14697.59375,15003.6220703125,15304.396484375,15399.9140625,15600,15892.51171875,16213.1923828125,0,0,0,0,0,0,0,0,0,0,0,0,0,0,0,0,0,0,0,0,0,0,0,0,0,0,0,0,0,0,0,0,0,0,0,0,0,0,0,0,0,0,0,0,0,0,0,0,0,0,0,0,0,0,0,0,0,0
1,1700,4,1,2500,4,2764,27641,127641,227641,4453.7119140625,68,71,1951,1948,0,1,2,3,4,5,6,7,8,9,10,11,12,13,14,15,16,17,18,19,20,21,22,23,24,25,26,27,28,29,30,31,32,33,34,35,36,37,38,39,40,41,42,43,44,45,46,47,48,49,50,51,52,53,54,55,56,57,58,59,60,61,62,63,64,65,66,67,68,69,70,71,72,73,74,75,76,77,78,79,80,81,82,83,84,85,86,87,88,89,90,91,92,93,94,95,96,97,98,99,100,101,102,103,104,105,106,107,108,109,110,111,112,113,114,115,116,117,118,119,120,121,122,123,124,125,126,127,128,129,130,131,132,133,134,135,136,137,138,139,140,141,142,143,144,145,146,147,148,149,150,151,152,153,154,155,156,157,158,159,160,161,162,163,164,165,166,167,168,169,1,2,0,,,1,2019,0,0,0,0,0,0,0,0,0,0,0,0,0,0,0,0,0,0,0,0,0,12731.4169921875,15772.0625,18299.466796875,20800.4609375,22985.21875,25605.283203125,28600.15625,32470.435546875,37444.0546875,42407.8046875,46456.49609375,50185.984375,53883.51171875,57602.32421875,60701.8515625,64440.30078125,68844.6484375,73759.5078125,78919.4375,83464,87553.75,91545.7890625,95193.3515625,98850.5546875,102521.140625,105748.96875,107897.109375,110638.96875,114470.0390625,117644.5625,119900.859375,122958.875,126368.3984375,130174.5703125,133802.078125,136982.59375,140557.296875,139471.671875,141046.421875,143451.59375,144724.40625,145000,0,0,0,0,0,0,0,0,0,0,0,0,0,0,0,0,0,0,0,0,0,0,0,0,0,0,0,0,0,0,0,0,0,0,0,0,0,0,0,0,0,0,0,0,0,0,0,0,0,0,0,0,0,0,0,0,0,0,0,0,0,0,0
1,1700,4,1,2500,4,2764,27641,227641,127641,4453.7119140625,71,68,1948,1951,3,4,5,6,7,8,9,10,11,12,13,14,15,16,17,18,19,20,21,22,23,24,25,26,27,28,29,30,31,32,33,34,35,36,37,38,39,40,41,42,43,44,45,46,47,48,49,50,51,52,53,54,55,56,57,58,59,60,61,62,63,64,65,66,67,68,69,70,71,72,73,74,75,76,77,78,79,80,81,82,83,84,85,86,87,88,89,90,91,92,93,94,95,96,97,98,99,100,101,102,103,104,105,106,107,108,109,110,111,112,113,114,115,116,117,118,119,120,121,122,123,124,125,126,127,128,129,130,131,132,133,134,135,136,137,138,139,140,141,142,143,144,145,146,147,148,149,150,151,152,153,154,155,156,157,158,159,160,161,162,163,164,165,166,167,168,169,170,171,172,2,1,0,,,2,2019,0,0,0,0,0,0,0,0,0,0,0,0,0,0,0,0,0,0,0,0,0,0,0,0,0,0,0,0,0,38453.2421875,43347.57421875,47264.46484375,50820.58203125,54310.26953125,57787.6953125,60613.0546875,64045.8671875,68103.9921875,72625.6015625,77343.703125,81415.875,85006.8515625,88468.046875,91563.75,94637.9609375,97694.15625,100299.828125,101859.875,103961.0703125,107059.0390625,109514.65625,111094.3515625,113396.2890625,115996.890625,118933.1484375,121677.109375,123988.1796875,126630.171875,125066.078125,125888.046875,127437.3359375,127968.296875,127613.7578125,127163.609375,125000,34820.546875,34653.66015625,34535.8671875,0,0,0,0,0,0,0,0,0,0,0,0,0,0,0,0,0,0,0,0,0,0,0,0,0,0,0,0,0,0,0,0,0,0,0,0,0,0,0,0,0,0,0,0,0,0,0,0,0,0,0,0,0,0,0,0,0,0
1,1600,4,1,2500,4,2764,27642,127642,227642,3428.167236328125,68,71,1951,1948,0,1,2,3,4,5,6,7,8,9,10,11,12,13,14,15,16,17,18,19,20,21,22,23,24,25,26,27,28,29,30,31,32,33,34,35,36,37,38,39,40,41,42,43,44,45,46,47,48,49,50,51,52,53,54,55,56,57,58,59,60,61,62,63,64,65,66,67,68,69,70,71,72,73,74,75,76,77,78,79,80,81,82,83,84,85,86,87,88,89,90,91,92,93,94,95,96,97,98,99,100,101,102,103,104,105,106,107,108,109,110,111,112,113,114,115,116,117,118,119,120,121,122,123,124,125,126,127,128,129,130,131,132,133,134,135,136,137,138,139,140,141,142,143,144,145,146,147,148,149,150,151,152,153,154,155,156,157,158,159,160,161,162,163,164,165,166,167,168,169,1,2,0,,,1,2019,0,0,0,0,0,0,0,0,0,0,0,0,0,0,0,0,0,0,0,0,0,12731.4169921875,15772.0625,18299.466796875,20800.4609375,22985.21875,25605.283203125,28600.15625,32470.435546875,37444.0546875,42407.8046875,46456.49609375,50185.984375,53883.51171875,57602.32421875,60701.8515625,64440.30078125,68844.6484375,73759.5078125,78919.4375,83464,87553.75,91545.7890625,95193.3515625,98850.5546875,102521.140625,105748.96875,107897.109375,110638.96875,114470.0390625,117644.5625,119900.859375,122958.875,126368.3984375,130174.5703125,133802.078125,136982.59375,140557.296875,139471.671875,141046.421875,143451.59375,144724.40625,145000,0,0,0,0,0,0,0,0,0,0,0,0,0,0,0,0,0,0,0,0,0,0,0,0,0,0,0,0,0,0,0,0,0,0,0,0,0,0,0,0,0,0,0,0,0,0,0,0,0,0,0,0,0,0,0,0,0,0,0,0,0,0,0
1,1600,4,1,2500,4,2764,27642,227642,127642,3428.167236328125,71,68,1948,1951,3,4,5,6,7,8,9,10,11,12,13,14,15,16,17,18,19,20,21,22,23,24,25,26,27,28,29,30,31,32,33,34,35,36,37,38,39,40,41,42,43,44,45,46,47,48,49,50,51,52,53,54,55,56,57,58,59,60,61,62,63,64,65,66,67,68,69,70,71,72,73,74,75,76,77,78,79,80,81,82,83,84,85,86,87,88,89,90,91,92,93,94,95,96,97,98,99,100,101,102,103,104,105,106,107,108,109,110,111,112,113,114,115,116,117,118,119,120,121,122,123,124,125,126,127,128,129,130,131,132,133,134,135,136,137,138,139,140,141,142,143,144,145,146,147,148,149,150,151,152,153,154,155,156,157,158,159,160,161,162,163,164,165,166,167,168,169,170,171,172,2,1,0,,,2,2019,0,0,0,0,0,0,0,0,0,0,0,0,0,0,0,0,0,0,0,0,0,0,0,0,0,0,0,0,0,38453.2421875,43347.57421875,47264.46484375,50820.58203125,54310.26953125,57787.6953125,60613.0546875,64045.8671875,68103.9921875,72625.6015625,77343.703125,81415.875,85006.8515625,88468.046875,91563.75,94637.9609375,97694.15625,100299.828125,101859.875,103961.0703125,107059.0390625,109514.65625,111094.3515625,113396.2890625,115996.890625,118933.1484375,121677.109375,123988.1796875,126630.171875,125066.078125,125888.046875,127437.3359375,127968.296875,127613.7578125,127163.609375,125000,34820.546875,34653.66015625,34535.8671875,0,0,0,0,0,0,0,0,0,0,0,0,0,0,0,0,0,0,0,0,0,0,0,0,0,0,0,0,0,0,0,0,0,0,0,0,0,0,0,0,0,0,0,0,0,0,0,0,0,0,0,0,0,0,0,0,0,0
1,1700,4,1,2500,4,2764,27643,127643,227643,3746.583251953125,68,71,1951,1948,0,1,2,3,4,5,6,7,8,9,10,11,12,13,14,15,16,17,18,19,20,21,22,23,24,25,26,27,28,29,30,31,32,33,34,35,36,37,38,39,40,41,42,43,44,45,46,47,48,49,50,51,52,53,54,55,56,57,58,59,60,61,62,63,64,65,66,67,68,69,70,71,72,73,74,75,76,77,78,79,80,81,82,83,84,85,86,87,88,89,90,91,92,93,94,95,96,97,98,99,100,101,102,103,104,105,106,107,108,109,110,111,112,113,114,115,116,117,118,119,120,121,122,123,124,125,126,127,128,129,130,131,132,133,134,135,136,137,138,139,140,141,142,143,144,145,146,147,148,149,150,151,152,153,154,155,156,157,158,159,160,161,162,163,164,165,166,167,168,169,1,2,0,,,1,2019,0,0,0,0,0,0,0,0,0,0,0,0,0,0,0,0,0,0,0,0,0,12731.4169921875,14121.25,18299.466796875,20800.4609375,22985.21875,25605.283203125,28600.15625,32470.435546875,37444.0546875,42407.8046875,46456.49609375,50185.984375,53883.51171875,57602.32421875,60701.8515625,64440.30078125,68844.6484375,73759.5078125,78919.4375,83464,87553.75,91545.7890625,95193.3515625,98850.5546875,102521.140625,105748.96875,107897.109375,110638.96875,114470.0390625,117644.5625,119900.859375,122958.875,126368.3984375,130174.5703125,133802.078125,136982.59375,140557.296875,139471.671875,141046.421875,143451.59375,144724.40625,145000,0,0,0,0,0,0,0,0,0,0,0,0,0,0,0,0,0,0,0,0,0,0,0,0,0,0,0,0,0,0,0,0,0,0,0,0,0,0,0,0,0,0,0,0,0,0,0,0,0,0,0,0,0,0,0,0,0,0,0,0,0,0,0
1,1700,4,1,2500,4,2764,27643,227643,127643,3746.583251953125,71,68,1948,1951,3,4,5,6,7,8,9,10,11,12,13,14,15,16,17,18,19,20,21,22,23,24,25,26,27,28,29,30,31,32,33,34,35,36,37,38,39,40,41,42,43,44,45,46,47,48,49,50,51,52,53,54,55,56,57,58,59,60,61,62,63,64,65,66,67,68,69,70,71,72,73,74,75,76,77,78,79,80,81,82,83,84,85,86,87,88,89,90,91,92,93,94,95,96,97,98,99,100,101,102,103,104,105,106,107,108,109,110,111,112,113,114,115,116,117,118,119,120,121,122,123,124,125,126,127,128,129,130,131,132,133,134,135,136,137,138,139,140,141,142,143,144,145,146,147,148,149,150,151,152,153,154,155,156,157,158,159,160,161,162,163,164,165,166,167,168,169,170,171,172,2,1,0,,,2,2019,0,0,0,0,0,0,0,0,0,0,0,0,0,0,0,0,0,0,0,0,0,0,0,0,0,0,0,0,0,38453.2421875,43347.57421875,47264.46484375,50820.58203125,54310.26953125,57787.6953125,60613.0546875,64045.8671875,68103.9921875,72625.6015625,77343.703125,81415.875,85006.8515625,88468.046875,91563.75,94637.9609375,97694.15625,100299.828125,101859.875,103961.0703125,107059.0390625,109514.65625,111094.3515625,113396.2890625,115996.890625,118933.1484375,121677.109375,123988.1796875,126630.171875,125066.078125,125888.046875,127437.3359375,127968.296875,127613.7578125,127163.609375,125000,34820.546875,34653.66015625,34535.8671875,0,0,0,0,0,0,0,0,0,0,0,0,0,0,0,0,0,0,0,0,0,0,0,0,0,0,0,0,0,0,0,0,0,0,0,0,0,0,0,0,0,0,0,0,0,0,0,0,0,0,0,0,0,0,0,0,0,0
1,1700,4,1,2500,4,2764,27644,127644,227644,3857.19091796875,68,71,1951,1948,0,1,2,3,4,5,6,7,8,9,10,11,12,13,14,15,16,17,18,19,20,21,22,23,24,25,26,27,28,29,30,31,32,33,34,35,36,37,38,39,40,41,42,43,44,45,46,47,48,49,50,51,52,53,54,55,56,57,58,59,60,61,62,63,64,65,66,67,68,69,70,71,72,73,74,75,76,77,78,79,80,81,82,83,84,85,86,87,88,89,90,91,92,93,94,95,96,97,98,99,100,101,102,103,104,105,106,107,108,109,110,111,112,113,114,115,116,117,118,119,120,121,122,123,124,125,126,127,128,129,130,131,132,133,134,135,136,137,138,139,140,141,142,143,144,145,146,147,148,149,150,151,152,153,154,155,156,157,158,159,160,161,162,163,164,165,166,167,168,169,1,2,0,,,1,2019,0,0,0,0,0,0,0,0,0,0,0,0,0,0,0,0,0,0,0,0,0,12731.4169921875,15772.0625,18299.466796875,20800.4609375,22985.21875,25605.283203125,28600.15625,32470.435546875,37444.0546875,42407.8046875,46456.49609375,50185.984375,53883.51171875,57602.32421875,60701.8515625,64440.30078125,68844.6484375,73759.5078125,78919.4375,83464,87553.75,91545.7890625,95193.3515625,98850.5546875,102521.140625,105748.96875,107897.109375,110638.96875,114470.0390625,117644.5625,119900.859375,122958.875,126368.3984375,130174.5703125,133802.078125,136982.59375,140557.296875,139471.671875,141046.421875,143451.59375,144724.40625,145000,0,0,0,0,0,0,0,0,0,0,0,0,0,0,0,0,0,0,0,0,0,0,0,0,0,0,0,0,0,0,0,0,0,0,0,0,0,0,0,0,0,0,0,0,0,0,0,0,0,0,0,0,0,0,0,0,0,0,0,0,0,0,0
1,1700,4,1,2500,4,2764,27644,227644,127644,3857.19091796875,71,68,1948,1951,3,4,5,6,7,8,9,10,11,12,13,14,15,16,17,18,19,20,21,22,23,24,25,26,27,28,29,30,31,32,33,34,35,36,37,38,39,40,41,42,43,44,45,46,47,48,49,50,51,52,53,54,55,56,57,58,59,60,61,62,63,64,65,66,67,68,69,70,71,72,73,74,75,76,77,78,79,80,81,82,83,84,85,86,87,88,89,90,91,92,93,94,95,96,97,98,99,100,101,102,103,104,105,106,107,108,109,110,111,112,113,114,115,116,117,118,119,120,121,122,123,124,125,126,127,128,129,130,131,132,133,134,135,136,137,138,139,140,141,142,143,144,145,146,147,148,149,150,151,152,153,154,155,156,157,158,159,160,161,162,163,164,165,166,167,168,169,170,171,172,2,1,0,,,2,2019,0,0,0,0,0,0,0,0,0,0,0,0,0,0,0,0,0,0,0,0,0,0,0,0,0,0,0,0,0,38453.2421875,43347.57421875,47264.46484375,50820.58203125,54310.26953125,57787.6953125,60613.0546875,64045.8671875,68103.9921875,72625.6015625,77343.703125,81415.875,85006.8515625,88468.046875,91563.75,94637.9609375,97694.15625,100299.828125,101859.875,103961.0703125,107059.0390625,109514.65625,111094.3515625,113396.2890625,115996.890625,118933.1484375,121677.109375,123988.1796875,126630.171875,125066.078125,125888.046875,127437.3359375,127968.296875,127613.7578125,127163.609375,125000,34820.546875,34653.66015625,34535.8671875,0,0,0,0,0,0,0,0,0,0,0,0,0,0,0,0,0,0,0,0,0,0,0,0,0,0,0,0,0,0,0,0,0,0,0,0,0,0,0,0,0,0,0,0,0,0,0,0,0,0,0,0,0,0,0,0,0,0
1,1700,4,1,2500,4,2764,27645,127645,227645,3465.26220703125,68,71,1951,1948,0,1,2,3,4,5,6,7,8,9,10,11,12,13,14,15,16,17,18,19,20,21,22,23,24,25,26,27,28,29,30,31,32,33,34,35,36,37,38,39,40,41,42,43,44,45,46,47,48,49,50,51,52,53,54,55,56,57,58,59,60,61,62,63,64,65,66,67,68,69,70,71,72,73,74,75,76,77,78,79,80,81,82,83,84,85,86,87,88,89,90,91,92,93,94,95,96,97,98,99,100,101,102,103,104,105,106,107,108,109,110,111,112,113,114,115,116,117,118,119,120,121,122,123,124,125,126,127,128,129,130,131,132,133,134,135,136,137,138,139,140,141,142,143,144,145,146,147,148,149,150,151,152,153,154,155,156,157,158,159,160,161,162,163,164,165,166,167,168,169,1,2,0,,,1,2019,0,0,0,0,0,0,0,0,0,0,0,0,0,0,0,0,0,0,0,0,0,12731.4169921875,15772.0625,18299.466796875,20800.4609375,22985.21875,25605.283203125,28600.15625,32470.435546875,37444.0546875,42407.8046875,46456.49609375,50185.984375,53883.51171875,57602.32421875,60701.8515625,64440.30078125,68844.6484375,73759.5078125,78919.4375,83464,87553.75,91545.7890625,95193.3515625,98850.5546875,102521.140625,105748.96875,107897.109375,110638.96875,114470.0390625,117644.5625,119900.859375,122958.875,126368.3984375,130174.5703125,133802.078125,136982.59375,140557.296875,139471.671875,141046.421875,143451.59375,144724.40625,145000,0,0,0,0,0,0,0,0,0,0,0,0,0,0,0,0,0,0,0,0,0,0,0,0,0,0,0,0,0,0,0,0,0,0,0,0,0,0,0,0,0,0,0,0,0,0,0,0,0,0,0,0,0,0,0,0,0,0,0,0,0,0,0
1,1700,4,1,2500,4,2764,27645,227645,127645,3465.26220703125,71,68,1948,1951,3,4,5,6,7,8,9,10,11,12,13,14,15,16,17,18,19,20,21,22,23,24,25,26,27,28,29,30,31,32,33,34,35,36,37,38,39,40,41,42,43,44,45,46,47,48,49,50,51,52,53,54,55,56,57,58,59,60,61,62,63,64,65,66,67,68,69,70,71,72,73,74,75,76,77,78,79,80,81,82,83,84,85,86,87,88,89,90,91,92,93,94,95,96,97,98,99,100,101,102,103,104,105,106,107,108,109,110,111,112,113,114,115,116,117,118,119,120,121,122,123,124,125,126,127,128,129,130,131,132,133,134,135,136,137,138,139,140,141,142,143,144,145,146,147,148,149,150,151,152,153,154,155,156,157,158,159,160,161,162,163,164,165,166,167,168,169,170,171,172,2,1,0,,,2,2019,0,0,0,0,0,0,0,0,0,0,0,0,0,0,0,0,0,0,0,0,0,0,0,0,0,0,0,0,0,38453.2421875,43347.57421875,47264.46484375,50820.58203125,54310.26953125,57787.6953125,60613.0546875,64045.8671875,68103.9921875,72625.6015625,77343.703125,81415.875,85006.8515625,88468.046875,91563.75,94637.9609375,97694.15625,100299.828125,101859.875,103961.0703125,107059.0390625,109514.65625,111094.3515625,113396.2890625,115996.890625,118933.1484375,121677.109375,123988.1796875,126630.171875,125066.078125,125888.046875,127437.3359375,127968.296875,127613.7578125,127163.609375,125000,34820.546875,34653.66015625,34535.8671875,0,0,0,0,0,0,0,0,0,0,0,0,0,0,0,0,0,0,0,0,0,0,0,0,0,0,0,0,0,0,0,0,0,0,0,0,0,0,0,0,0,0,0,0,0,0,0,0,0,0,0,0,0,0,0,0,0,0
1,3000,4,0,0,0,3185,31851,131851,231851,54.648681640625,70,64,1949,1955,2,3,4,5,6,7,8,9,10,11,12,13,14,15,16,17,18,19,20,21,22,23,24,25,26,27,28,29,30,31,32,33,34,35,36,37,38,39,40,41,42,43,44,45,46,47,48,49,50,51,52,53,54,55,56,57,58,59,60,61,62,63,64,65,66,67,68,69,70,71,72,73,74,75,76,77,78,79,80,81,82,83,84,85,86,87,88,89,90,91,92,93,94,95,96,97,98,99,100,101,102,103,104,105,106,107,108,109,110,111,112,113,114,115,116,117,118,119,120,121,122,123,124,125,126,127,128,129,130,131,132,133,134,135,136,137,138,139,140,141,142,143,144,145,146,147,148,149,150,151,152,153,154,155,156,157,158,159,160,161,162,163,164,165,166,167,168,169,170,171,1,2,1,9999,9999,1,2019,0,0,0,0,0,0,0,0,0,0,0,0,0,0,0,0,0,0,0,0,0,0,317227.5,366916.15625,415764.53125,458003.875,508622.71875,566344.4375,640982.875,736863.8125,831948.0625,908537.625,978419.25,1047235.8125,1116026.875,1172418.5,1240750.125,1321426.5,1411357.125,1505389.625,1587121.625,1659708.5,1729981.75,1793311.875,1856412,1919352.5,1973620,2007443.125,2052048.5,2116495.75,2168420.5,2203129.25,2252286.25,2307532.75,2369635.75,2711940.25,2767761.75,2831149.5,2800538,2823342.75,2862549.25,2878958.75,2875462.75,2869788.25,2825363.5,2800290.75,2791216,2786069,2760000,2720409.25,2759028.75,2855170.5,2874624,2859859,0,0,0,0,0,0,0,0,0,0,0,0,0,0,0,0,0,0,0,0,0,0,0,0,0,0,0,0,0,0,0,0,0,0,0,0,0,0,0,0,0,0,0,0,0,0,0,0,0,0,0,0
1,3000,4,0,0,0,3185,31851,231851,131851,54.648681640625,64,70,1955,1949,0,0,0,0,0,1,2,3,4,5,6,7,8,9,10,11,12,13,14,15,16,17,18,19,20,21,22,23,24,25,26,27,28,29,30,31,32,33,34,35,36,37,38,39,40,41,42,43,44,45,46,47,48,49,50,51,52,53,54,55,56,57,58,59,60,61,62,63,64,65,66,67,68,69,70,71,72,73,74,75,76,77,78,79,80,81,82,83,84,85,86,87,88,89,90,91,92,93,94,95,96,97,98,99,100,101,102,103,104,105,106,107,108,109,110,111,112,113,114,115,116,117,118,119,120,121,122,123,124,125,126,127,128,129,130,131,132,133,134,135,136,137,138,139,140,141,142,143,144,145,146,147,148,149,150,151,152,153,154,155,156,157,158,159,160,161,162,163,164,165,2,1,1,,,2,2019,0,0,0,0,0,0,0,0,0,0,0,0,0,0,0,0,0,0,0,0,0,0,0,0,0,0,0,0,0,0,0,0,0,0,0,0,0,0,0,23184.642578125,24673.0625,26043.955078125,27401.759765625,28671.7734375,29959.52734375,31266.345703125,32452.46875,33318.79296875,34379.17578125,35792.08984375,37014.76171875,37960.65625,39172.3046875,40510.27734375,41991.44140625,48508.8671875,49972.55078125,51597.35546875,51519.109375,52426.625,53654.1171875,54468.7421875,54913.796875,55320.4609375,54975.87109375,55000,55336.90234375,55753.87890625,0,0,0,0,0,0,0,0,0,0,0,0,0,0,0,0,0,0,0,0,0,0,0,0,0,0,0,0,0,0,0,0,0,0,0,0,0,0,0,0,0,0,0,0,0,0,0,0,0,0,0,0,0,0,0,0,0,0
1,3000,4,0,0,0,3185,31852,131852,231852,54.70803451538086,70,64,1949,1955,2,3,4,5,6,7,8,9,10,11,12,13,14,15,16,17,18,19,20,21,22,23,24,25,26,27,28,29,30,31,32,33,34,35,36,37,38,39,40,41,42,43,44,45,46,47,48,49,50,51,52,53,54,55,56,57,58,59,60,61,62,63,64,65,66,67,68,69,70,71,72,73,74,75,76,77,78,79,80,81,82,83,84,85,86,87,88,89,90,91,92,93,94,95,96,97,98,99,100,101,102,103,104,105,106,107,108,109,110,111,112,113,114,115,116,117,118,119,120,121,122,123,124,125,126,127,128,129,130,131,132,133,134,135,136,137,138,139,140,141,142,143,144,145,146,147,148,149,150,151,152,153,154,155,156,157,158,159,160,161,162,163,164,165,166,167,168,169,170,171,1,2,1,9999,9999,1,2019,0,0,0,0,0,0,0,0,0,0,0,0,0,0,0,0,0,0,0,0,0,0,340215.03125,393504.3125,445892.4375,491192.625,545479.5,607383.9375,687430.9375,790259.8125,892234.25,974373.75,1049319.25,1123122.5,1196898.5,1257376.375,1330659.75,1417182.125,1513629.5,1614476,1702130.5,1779977.375,1855342.875,1923262.125,1990934.875,2058436.25,2116636,2152910.25,2200747.75,2269865,2325552.5,2362776.5,2415495.75,2474745.5,2541348.75,2908458,2968324.5,3036305.5,3003476,3027933.25,3069980.75,3087579.25,3083829.75,3077744.25,3030100.5,3003210.75,2993478.25,2987958.25,2960000,2917540.5,2958958.5,3062067.25,3082930.5,3067095.5,0,0,0,0,0,0,0,0,0,0,0,0,0,0,0,0,0,0,0,0,0,0,0,0,0,0,0,0,0,0,0,0,0,0,0,0,0,0,0,0,0,0,0,0,0,0,0,0,0,0,0,0
1,3000,4,0,0,0,3185,31852,231852,131852,54.70803451538086,64,70,1955,1949,0,0,0,0,0,1,2,3,4,5,6,7,8,9,10,11,12,13,14,15,16,17,18,19,20,21,22,23,24,25,26,27,28,29,30,31,32,33,34,35,36,37,38,39,40,41,42,43,44,45,46,47,48,49,50,51,52,53,54,55,56,57,58,59,60,61,62,63,64,65,66,67,68,69,70,71,72,73,74,75,76,77,78,79,80,81,82,83,84,85,86,87,88,89,90,91,92,93,94,95,96,97,98,99,100,101,102,103,104,105,106,107,108,109,110,111,112,113,114,115,116,117,118,119,120,121,122,123,124,125,126,127,128,129,130,131,132,133,134,135,136,137,138,139,140,141,142,143,144,145,146,147,148,149,150,151,152,153,154,155,156,157,158,159,160,161,162,163,164,165,2,1,1,,,2,2019,0,0,0,0,0,0,0,0,0,0,0,0,0,0,0,0,0,0,0,0,0,0,0,0,0,0,0,0,0,0,0,0,0,0,0,0,0,0,0,23184.642578125,24673.0625,26043.955078125,27401.759765625,28671.7734375,29959.52734375,31266.345703125,32452.46875,33318.79296875,34379.17578125,35792.08984375,37014.76171875,37960.65625,39172.3046875,40510.27734375,41991.44140625,48508.8671875,49972.55078125,51597.35546875,51519.109375,52426.625,53654.1171875,54468.7421875,54913.796875,55320.4609375,54975.87109375,55000,55336.90234375,55753.87890625,0,0,0,0,0,0,0,0,0,0,0,0,0,0,0,0,0,0,0,0,0,0,0,0,0,0,0,0,0,0,0,0,0,0,0,0,0,0,0,0,0,0,0,0,0,0,0,0,0,0,0,0,0,0,0,0,0,0
1,3000,4,0,0,0,3185,31853,131853,231853,52.899105072021484,70,64,1949,1955,2,3,4,5,6,7,8,9,10,11,12,13,14,15,16,17,18,19,20,21,22,23,24,25,26,27,28,29,30,31,32,33,34,35,36,37,38,39,40,41,42,43,44,45,46,47,48,49,50,51,52,53,54,55,56,57,58,59,60,61,62,63,64,65,66,67,68,69,70,71,72,73,74,75,76,77,78,79,80,81,82,83,84,85,86,87,88,89,90,91,92,93,94,95,96,97,98,99,100,101,102,103,104,105,106,107,108,109,110,111,112,113,114,115,116,117,118,119,120,121,122,123,124,125,126,127,128,129,130,131,132,133,134,135,136,137,138,139,140,141,142,143,144,145,146,147,148,149,150,151,152,153,154,155,156,157,158,159,160,161,162,163,164,165,166,167,168,169,170,171,1,2,1,9999,9999,1,2019,0,0,0,0,0,0,0,0,0,0,0,0,0,0,0,0,0,0,0,0,0,0,327571.875,378880.78125,429322.0625,472938.78125,525208.25,584812.1875,661884.4375,760891.9375,859076.75,938163.8125,1010324.1875,1081384.75,1152419,1210649.5,1281209.375,1364516.375,1457379.625,1554478.375,1638875.5,1713829.375,1786394.125,1851789.375,1916947.125,1981940,2037977,2072903.125,2118963,2185511.75,2239129.75,2274970.25,2325730.5,2382778.25,2446906.5,2800373,2858014.75,2923469.5,2891859.75,2915408.25,2955893.25,2972837.75,2969227.75,2963368.25,2917495,2891604.5,2882233.75,2876919,2850000,2809118,2848996.75,2948273.75,2968361.75,2953115.25,0,0,0,0,0,0,0,0,0,0,0,0,0,0,0,0,0,0,0,0,0,0,0,0,0,0,0,0,0,0,0,0,0,0,0,0,0,0,0,0,0,0,0,0,0,0,0,0,0,0,0,0
1,3000,4,0,0,0,3185,31853,231853,131853,52.899105072021484,64,70,1955,1949,0,0,0,0,0,1,2,3,4,5,6,7,8,9,10,11,12,13,14,15,16,17,18,19,20,21,22,23,24,25,26,27,28,29,30,31,32,33,34,35,36,37,38,39,40,41,42,43,44,45,46,47,48,49,50,51,52,53,54,55,56,57,58,59,60,61,62,63,64,65,66,67,68,69,70,71,72,73,74,75,76,77,78,79,80,81,82,83,84,85,86,87,88,89,90,91,92,93,94,95,96,97,98,99,100,101,102,103,104,105,106,107,108,109,110,111,112,113,114,115,116,117,118,119,120,121,122,123,124,125,126,127,128,129,130,131,132,133,134,135,136,137,138,139,140,141,142,143,144,145,146,147,148,149,150,151,152,153,154,155,156,157,158,159,160,161,162,163,164,165,2,1,1,,,2,2019,0,0,0,0,0,0,0,0,0,0,0,0,0,0,0,0,0,0,0,0,0,0,0,0,0,0,0,0,0,0,0,0,0,0,0,0,0,0,0,23184.642578125,24673.0625,26043.955078125,27401.759765625,28671.7734375,29959.52734375,31266.345703125,32452.46875,33318.79296875,34379.17578125,35792.08984375,37014.76171875,37960.65625,39172.3046875,40510.27734375,41991.44140625,48508.8671875,49972.55078125,51597.35546875,51519.109375,52426.625,53654.1171875,54468.7421875,54913.796875,55320.4609375,54975.87109375,55000,55336.90234375,55753.87890625,0,0,0,0,0,0,0,0,0,0,0,0,0,0,0,0,0,0,0,0,0,0,0,0,0,0,0,0,0,0,0,0,0,0,0,0,0,0,0,0,0,0,0,0,0,0,0,0,0,0,0,0,0,0,0,0,0,0
1,3000,4,0,0,0,3185,31854,131854,231854,53.50271224975586,70,64,1949,1955,2,3,4,5,6,7,8,9,10,11,12,13,14,15,16,17,18,19,20,21,22,23,24,25,26,27,28,29,30,31,32,33,34,35,36,37,38,39,40,41,42,43,44,45,46,47,48,49,50,51,52,53,54,55,56,57,58,59,60,61,62,63,64,65,66,67,68,69,70,71,72,73,74,75,76,77,78,79,80,81,82,83,84,85,86,87,88,89,90,91,92,93,94,95,96,97,98,99,100,101,102,103,104,105,106,107,108,109,110,111,112,113,114,115,116,117,118,119,120,121,122,123,124,125,126,127,128,129,130,131,132,133,134,135,136,137,138,139,140,141,142,143,144,145,146,147,148,149,150,151,152,153,154,155,156,157,158,159,160,161,162,163,164,165,166,167,168,169,170,171,1,2,1,9999,9999,1,2019,0,0,0,0,0,0,0,0,0,0,0,0,0,0,0,0,0,0,0,0,0,0,327571.875,378880.78125,429322.0625,472938.78125,525208.25,584812.1875,661884.4375,760891.9375,859076.75,938163.8125,1010324.1875,1081384.75,1152419,1210649.5,1281209.375,1364516.375,1457379.625,1554478.375,1638875.5,1713829.375,1786394.125,1851789.375,1916947.125,1981940,2037977,2072903.125,2118963,2185511.75,2239129.75,2274970.25,2325730.5,2382778.25,2446906.5,2800373,2858014.75,2923469.5,2891859.75,2915408.25,2955893.25,2972837.75,2969227.75,2963368.25,2917495,2891604.5,2882233.75,2876919,2850000,2809118,2848996.75,2948273.75,2968361.75,2953115.25,0,0,0,0,0,0,0,0,0,0,0,0,0,0,0,0,0,0,0,0,0,0,0,0,0,0,0,0,0,0,0,0,0,0,0,0,0,0,0,0,0,0,0,0,0,0,0,0,0,0,0,0
1,3000,4,0,0,0,3185,31854,231854,131854,53.50271224975586,64,70,1955,1949,0,0,0,0,0,1,2,3,4,5,6,7,8,9,10,11,12,13,14,15,16,17,18,19,20,21,22,23,24,25,26,27,28,29,30,31,32,33,34,35,36,37,38,39,40,41,42,43,44,45,46,47,48,49,50,51,52,53,54,55,56,57,58,59,60,61,62,63,64,65,66,67,68,69,70,71,72,73,74,75,76,77,78,79,80,81,82,83,84,85,86,87,88,89,90,91,92,93,94,95,96,97,98,99,100,101,102,103,104,105,106,107,108,109,110,111,112,113,114,115,116,117,118,119,120,121,122,123,124,125,126,127,128,129,130,131,132,133,134,135,136,137,138,139,140,141,142,143,144,145,146,147,148,149,150,151,152,153,154,155,156,157,158,159,160,161,162,163,164,165,2,1,1,,,2,2019,0,0,0,0,0,0,0,0,0,0,0,0,0,0,0,0,0,0,0,0,0,0,0,0,0,0,0,0,0,0,0,0,0,0,0,0,0,0,0,23184.642578125,24673.0625,26043.955078125,27401.759765625,28671.7734375,29959.52734375,31266.345703125,32452.46875,33318.79296875,34379.17578125,35792.08984375,37014.76171875,37960.65625,39172.3046875,40510.27734375,41991.44140625,48508.8671875,49972.55078125,51597.35546875,51519.109375,52426.625,53654.1171875,54468.7421875,54913.796875,55320.4609375,54975.87109375,55000,55336.90234375,55753.87890625,0,0,0,0,0,0,0,0,0,0,0,0,0,0,0,0,0,0,0,0,0,0,0,0,0,0,0,0,0,0,0,0,0,0,0,0,0,0,0,0,0,0,0,0,0,0,0,0,0,0,0,0,0,0,0,0,0,0
1,3000,4,0,0,0,3185,31855,131855,231855,53.20241928100586,70,64,1949,1955,2,3,4,5,6,7,8,9,10,11,12,13,14,15,16,17,18,19,20,21,22,23,24,25,26,27,28,29,30,31,32,33,34,35,36,37,38,39,40,41,42,43,44,45,46,47,48,49,50,51,52,53,54,55,56,57,58,59,60,61,62,63,64,65,66,67,68,69,70,71,72,73,74,75,76,77,78,79,80,81,82,83,84,85,86,87,88,89,90,91,92,93,94,95,96,97,98,99,100,101,102,103,104,105,106,107,108,109,110,111,112,113,114,115,116,117,118,119,120,121,122,123,124,125,126,127,128,129,130,131,132,133,134,135,136,137,138,139,140,141,142,143,144,145,146,147,148,149,150,151,152,153,154,155,156,157,158,159,160,161,162,163,164,165,166,167,168,169,170,171,1,2,1,9999,9999,1,2019,0,0,0,0,0,0,0,0,0,0,0,0,0,0,0,0,0,0,0,0,0,0,409177.5625,473268.6875,536276.0625,590758.6875,656049.6875,730502.3125,826775.0625,950447.5625,1073092.5,1171882,1262019.125,1350782.5,1439513.125,1512250,1600388,1704448.75,1820446.375,1941734.625,2047157,2140783.5,2231425.75,2313112.5,2394502.75,2475686.75,2545684,2589311,2646845.25,2729973,2796948.25,2841717.75,2905123.25,2976383,3056487,3498010.25,3570012,3651772.75,3612288.5,3641703.25,3692274,3713440,3708930.5,3701611.25,3644310,3611969.5,3600264.25,3593625.5,3560000,3508933.75,3558747.5,3682756.5,3707848.75,3688804,0,0,0,0,0,0,0,0,0,0,0,0,0,0,0,0,0,0,0,0,0,0,0,0,0,0,0,0,0,0,0,0,0,0,0,0,0,0,0,0,0,0,0,0,0,0,0,0,0,0,0,0
1,3000,4,0,0,0,3185,31855,231855,131855,53.20241928100586,64,70,1955,1949,0,0,0,0,0,1,2,3,4,5,6,7,8,9,10,11,12,13,14,15,16,17,18,19,20,21,22,23,24,25,26,27,28,29,30,31,32,33,34,35,36,37,38,39,40,41,42,43,44,45,46,47,48,49,50,51,52,53,54,55,56,57,58,59,60,61,62,63,64,65,66,67,68,69,70,71,72,73,74,75,76,77,78,79,80,81,82,83,84,85,86,87,88,89,90,91,92,93,94,95,96,97,98,99,100,101,102,103,104,105,106,107,108,109,110,111,112,113,114,115,116,117,118,119,120,121,122,123,124,125,126,127,128,129,130,131,132,133,134,135,136,137,138,139,140,141,142,143,144,145,146,147,148,149,150,151,152,153,154,155,156,157,158,159,160,161,162,163,164,165,2,1,1,,,2,2019,0,0,0,0,0,0,0,0,0,0,0,0,0,0,0,0,0,0,0,0,0,0,0,0,0,0,0,0,0,0,0,0,0,0,0,0,0,0,0,23184.642578125,24673.0625,26043.955078125,27401.759765625,28671.7734375,29959.52734375,31266.345703125,32452.46875,33318.79296875,34379.17578125,35792.08984375,37014.76171875,37960.65625,39172.3046875,40510.27734375,41991.44140625,48508.8671875,49972.55078125,51597.35546875,51519.109375,52426.625,53654.1171875,54468.7421875,54913.796875,55320.4609375,54975.87109375,55000,55336.90234375,55753.87890625,0,0,0,0,0,0,0,0,0,0,0,0,0,0,0,0,0,0,0,0,0,0,0,0,0,0,0,0,0,0,0,0,0,0,0,0,0,0,0,0,0,0,0,0,0,0,0,0,0,0,0,0,0,0,0,0,0,0
1,910,4,7,870,4,3246,32461,132461,232461,4418.33984375,71,65,1948,1954,3,4,5,6,7,8,9,10,11,12,13,14,15,16,17,18,19,20,21,22,23,24,25,26,27,28,29,30,31,32,33,34,35,36,37,38,39,40,41,42,43,44,45,46,47,48,49,50,51,52,53,54,55,56,57,58,59,60,61,62,63,64,65,66,67,68,69,70,71,72,73,74,75,76,77,78,79,80,81,82,83,84,85,86,87,88,89,90,91,92,93,94,95,96,97,98,99,100,101,102,103,104,105,106,107,108,109,110,111,112,113,114,115,116,117,118,119,120,121,122,123,124,125,126,127,128,129,130,131,132,133,134,135,136,137,138,139,140,141,142,143,144,145,146,147,148,149,150,151,152,153,154,155,156,157,158,159,160,161,162,163,164,165,166,167,168,169,170,171,172,1,2,1,,,1,2019,0,0,0,0,0,0,0,0,0,0,0,0,0,0,0,0,0,0,0,7297.07275390625,7993.8857421875,8673.3076171875,9575.248046875,11057.8134765625,12510.443359375,13759.9755859375,15256.9423828125,16961.927734375,19167.4453125,22000.26171875,24800.478515625,30202.64453125,32475.083984375,34705.04296875,36927.16796875,38732.61328125,40926.23046875,43519.43359375,46408.8046875,49423.7421875,52025.86328125,54320.55078125,56532.359375,58510.5546875,60475.01953125,62427.97265625,64093.03125,65089.92578125,66432.6171875,68412.265625,69981.4453125,70990.890625,72461.859375,74123.6796875,76000,0,0,0,0,0,0,0,22955.224609375,22874.25,22485.08984375,22250.830078125,22144.1875,22068.916015625,0,0,0,0,0,0,0,0,0,0,0,0,0,0,0,0,0,0,0,0,0,0,0,0,0,0,0,0,0,0,0,0,0,0,0,0,0,0,0,0,0,0,0,0,0,0,0,0,0,0,0,0,0,0,0,0,0,0
1,910,4,7,870,4,3246,32461,232461,132461,4418.33984375,65,71,1954,1948,0,0,0,0,1,2,3,4,5,6,7,8,9,10,11,12,13,14,15,16,17,18,19,20,21,22,23,24,25,26,27,28,29,30,31,32,33,34,35,36,37,38,39,40,41,42,43,44,45,46,47,48,49,50,51,52,53,54,55,56,57,58,59,60,61,62,63,64,65,66,67,68,69,70,71,72,73,74,75,76,77,78,79,80,81,82,83,84,85,86,87,88,89,90,91,92,93,94,95,96,97,98,99,100,101,102,103,104,105,106,107,108,109,110,111,112,113,114,115,116,117,118,119,120,121,122,123,124,125,126,127,128,129,130,131,132,133,134,135,136,137,138,139,140,141,142,143,144,145,146,147,148,149,150,151,152,153,154,155,156,157,158,159,160,161,162,163,164,165,166,2,1,1,,,2,2019,0,0,0,0,0,0,0,0,0,0,0,0,0,0,0,0,0,0,0,0,0,7228.94921875,8055.68115234375,9390.3828125,10723.806640625,11905.7109375,13324.994140625,14953.2822265625,17056.3984375,19761.1953125,22485.72265625,27641.013671875,30000,0,0,0,0,0,0,0,0,0,0,0,0,0,0,0,0,0,0,0,0,0,0,0,0,0,0,0,0,0,0,28238.091796875,28018.474609375,27987.126953125,28114.6875,100471.609375,0,0,0,0,0,0,0,0,0,0,0,0,0,0,0,0,0,0,0,0,0,0,0,0,0,0,0,0,0,0,0,0,0,0,0,0,0,0,0,0,0,0,0,0,0,0,0,0,0,0,0,0,0,0,0,0,0,0
1,1200,4,7,940,4,3246,32462,132462,232462,4670.8173828125,71,65,1948,1954,3,4,5,6,7,8,9,10,11,12,13,14,15,16,17,18,19,20,21,22,23,24,25,26,27,28,29,30,31,32,33,34,35,36,37,38,39,40,41,42,43,44,45,46,47,48,49,50,51,52,53,54,55,56,57,58,59,60,61,62,63,64,65,66,67,68,69,70,71,72,73,74,75,76,77,78,79,80,81,82,83,84,85,86,87,88,89,90,91,92,93,94,95,96,97,98,99,100,101,102,103,104,105,106,107,108,109,110,111,112,113,114,115,116,117,118,119,120,121,122,123,124,125,126,127,128,129,130,131,132,133,134,135,136,137,138,139,140,141,142,143,144,145,146,147,148,149,150,151,152,153,154,155,156,157,158,159,160,161,162,163,164,165,166,167,168,169,170,171,172,1,2,1,,,1,2019,0,0,0,0,0,0,0,0,0,0,0,0,0,0,0,0,0,0,0,7873.1572265625,8624.9814453125,9358.04296875,10331.189453125,11930.798828125,13498.1103515625,14846.2890625,16461.4375,18301.02734375,20680.6640625,23737.123046875,26758.412109375,32587.0625,35038.90625,37444.9140625,39842.47265625,41790.453125,44157.25,46955.1796875,50072.66015625,53325.6171875,56133.171875,58609.015625,60995.4375,63129.80859375,65249.36328125,67356.4921875,69153.0078125,70228.6015625,71677.296875,73813.234375,75506.296875,76595.4375,78182.5390625,79975.5546875,82000,0,0,0,0,0,0,0,24767.478515625,24680.11328125,24260.228515625,24007.474609375,23892.4140625,23811.19921875,0,0,0,0,0,0,0,0,0,0,0,0,0,0,0,0,0,0,0,0,0,0,0,0,0,0,0,0,0,0,0,0,0,0,0,0,0,0,0,0,0,0,0,0,0,0,0,0,0,0,0,0,0,0,0,0,0,0
1,1200,4,7,940,4,3246,32462,232462,132462,4670.8173828125,65,71,1954,1948,0,0,0,0,1,2,3,4,5,6,7,8,9,10,11,12,13,14,15,16,17,18,19,20,21,22,23,24,25,26,27,28,29,30,31,32,33,34,35,36,37,38,39,40,41,42,43,44,45,46,47,48,49,50,51,52,53,54,55,56,57,58,59,60,61,62,63,64,65,66,67,68,69,70,71,72,73,74,75,76,77,78,79,80,81,82,83,84,85,86,87,88,89,90,91,92,93,94,95,96,97,98,99,100,101,102,103,104,105,106,107,108,109,110,111,112,113,114,115,116,117,118,119,120,121,122,123,124,125,126,127,128,129,130,131,132,133,134,135,136,137,138,139,140,141,142,143,144,145,146,147,148,149,150,151,152,153,154,155,156,157,158,159,160,161,162,163,164,165,166,2,1,1,,,2,2019,0,0,0,0,0,0,0,0,0,0,0,0,0,0,0,0,0,0,0,0,0,8674.7392578125,9666.8173828125,11268.4599609375,12868.568359375,14286.853515625,15989.9921875,17943.939453125,20467.6796875,23713.43359375,26982.8671875,33169.21875,36000,0,0,0,0,0,0,0,0,0,0,0,0,0,0,0,0,0,0,0,0,0,0,0,0,0,0,0,0,0,0,33885.7109375,33622.16796875,33584.55078125,33737.625,120565.9375,0,0,0,0,0,0,0,0,0,0,0,0,0,0,0,0,0,0,0,0,0,0,0,0,0,0,0,0,0,0,0,0,0,0,0,0,0,0,0,0,0,0,0,0,0,0,0,0,0,0,0,0,0,0,0,0,0,0
1,950,4,7,830,4,3246,32463,132463,232463,4624.74853515625,71,65,1948,1954,3,4,5,6,7,8,9,10,11,12,13,14,15,16,17,18,19,20,21,22,23,24,25,26,27,28,29,30,31,32,33,34,35,36,37,38,39,40,41,42,43,44,45,46,47,48,49,50,51,52,53,54,55,56,57,58,59,60,61,62,63,64,65,66,67,68,69,70,71,72,73,74,75,76,77,78,79,80,81,82,83,84,85,86,87,88,89,90,91,92,93,94,95,96,97,98,99,100,101,102,103,104,105,106,107,108,109,110,111,112,113,114,115,116,117,118,119,120,121,122,123,124,125,126,127,128,129,130,131,132,133,134,135,136,137,138,139,140,141,142,143,144,145,146,147,148,149,150,151,152,153,154,155,156,157,158,159,160,161,162,163,164,165,166,167,168,169,170,171,172,1,2,1,,,1,2019,0,0,0,0,0,0,0,0,0,0,0,0,0,0,0,0,0,0,0,8065.1845703125,8835.3466796875,9586.2861328125,10583.16796875,12221.79296875,13827.3310546875,15208.392578125,16862.935546875,18747.392578125,21185.068359375,24316.076171875,27411.052734375,33381.8671875,35893.5078125,38358.203125,40814.234375,42809.7265625,45234.25,48100.421875,51293.9375,54626.234375,57502.265625,60038.49609375,62483.125,64669.5546875,66840.8046875,68999.328125,70839.65625,71941.4921875,73425.515625,75613.546875,77347.90625,78463.609375,80089.421875,81926.1640625,84000,0,0,0,0,0,0,0,25371.560546875,25282.064453125,24851.9375,24593.01953125,24475.15234375,24391.95703125,0,0,0,0,0,0,0,0,0,0,0,0,0,0,0,0,0,0,0,0,0,0,0,0,0,0,0,0,0,0,0,0,0,0,0,0,0,0,0,0,0,0,0,0,0,0,0,0,0,0,0,0,0,0,0,0,0,0
1,950,4,7,830,4,3246,32463,232463,132463,4624.74853515625,65,71,1954,1948,0,0,0,0,1,2,3,4,5,6,7,8,9,10,11,12,13,14,15,16,17,18,19,20,21,22,23,24,25,26,27,28,29,30,31,32,33,34,35,36,37,38,39,40,41,42,43,44,45,46,47,48,49,50,51,52,53,54,55,56,57,58,59,60,61,62,63,64,65,66,67,68,69,70,71,72,73,74,75,76,77,78,79,80,81,82,83,84,85,86,87,88,89,90,91,92,93,94,95,96,97,98,99,100,101,102,103,104,105,106,107,108,109,110,111,112,113,114,115,116,117,118,119,120,121,122,123,124,125,126,127,128,129,130,131,132,133,134,135,136,137,138,139,140,141,142,143,144,145,146,147,148,149,150,151,152,153,154,155,156,157,158,159,160,161,162,163,164,165,166,2,1,1,,,2,2019,0,0,0,0,0,0,0,0,0,0,0,0,0,0,0,0,0,0,0,0,0,9156.6728515625,10203.8671875,11894.490234375,13583.494140625,15080.5732421875,16878.33203125,18940.83203125,21604.78125,25030.857421875,28481.92578125,35011.96484375,38000,0,0,0,0,0,0,0,0,0,0,0,0,0,0,0,0,0,0,0,0,0,0,0,0,0,0,0,0,0,0,35768.26171875,35490.08203125,35450.375,35611.953125,127264.09375,0,0,0,0,0,0,0,0,0,0,0,0,0,0,0,0,0,0,0,0,0,0,0,0,0,0,0,0,0,0,0,0,0,0,0,0,0,0,0,0,0,0,0,0,0,0,0,0,0,0,0,0,0,0,0,0,0,0
1,1100,4,7,760,4,3246,32464,132464,232464,4578.99365234375,71,65,1948,1954,3,4,5,6,7,8,9,10,11,12,13,14,15,16,17,18,19,20,21,22,23,24,25,26,27,28,29,30,31,32,33,34,35,36,37,38,39,40,41,42,43,44,45,46,47,48,49,50,51,52,53,54,55,56,57,58,59,60,61,62,63,64,65,66,67,68,69,70,71,72,73,74,75,76,77,78,79,80,81,82,83,84,85,86,87,88,89,90,91,92,93,94,95,96,97,98,99,100,101,102,103,104,105,106,107,108,109,110,111,112,113,114,115,116,117,118,119,120,121,122,123,124,125,126,127,128,129,130,131,132,133,134,135,136,137,138,139,140,141,142,143,144,145,146,147,148,149,150,151,152,153,154,155,156,157,158,159,160,161,162,163,164,165,166,167,168,169,170,171,172,1,2,1,,,1,2019,0,0,0,0,0,0,0,0,0,0,0,0,0,0,0,0,0,0,0,8833.298828125,9676.8095703125,10499.267578125,11591.0908203125,13385.775390625,15144.2216796875,16656.8125,18468.931640625,20532.861328125,23202.697265625,26631.896484375,30021.634765625,36561.09765625,39311.9453125,42011.37109375,44701.3125,46886.8515625,49542.28125,52681.421875,56179.0859375,59828.74609375,62978.68359375,65756.4609375,68433.9140625,70828.5703125,73206.609375,75570.703125,77586.3046875,78793.0703125,80418.4375,82814.8515625,84714.3828125,85936.34375,87717,89728.671875,92000,0,0,0,0,0,0,0,27787.904296875,27689.884765625,27218.79296875,26935.216796875,26806.125,26715.005859375,0,0,0,0,0,0,0,0,0,0,0,0,0,0,0,0,0,0,0,0,0,0,0,0,0,0,0,0,0,0,0,0,0,0,0,0,0,0,0,0,0,0,0,0,0,0,0,0,0,0,0,0,0,0,0,0,0,0
1,1100,4,7,760,4,3246,32464,232464,132464,4578.99365234375,65,71,1954,1948,0,0,0,0,1,2,3,4,5,6,7,8,9,10,11,12,13,14,15,16,17,18,19,20,21,22,23,24,25,26,27,28,29,30,31,32,33,34,35,36,37,38,39,40,41,42,43,44,45,46,47,48,49,50,51,52,53,54,55,56,57,58,59,60,61,62,63,64,65,66,67,68,69,70,71,72,73,74,75,76,77,78,79,80,81,82,83,84,85,86,87,88,89,90,91,92,93,94,95,96,97,98,99,100,101,102,103,104,105,106,107,108,109,110,111,112,113,114,115,116,117,118,119,120,121,122,123,124,125,126,127,128,129,130,131,132,133,134,135,136,137,138,139,140,141,142,143,144,145,146,147,148,149,150,151,152,153,154,155,156,157,158,159,160,161,162,163,164,165,166,2,1,1,,,2,2019,0,0,0,0,0,0,0,0,0,0,0,0,0,0,0,0,0,0,0,0,0,7951.84423828125,8861.25,10329.421875,11796.1875,13096.283203125,14657.4931640625,16448.611328125,18762.0390625,21737.31640625,24734.294921875,30405.1171875,33000,0,0,0,0,0,0,0,0,0,0,0,0,0,0,0,0,0,0,0,0,0,0,0,0,0,0,0,0,0,0,31061.90234375,30820.322265625,30785.841796875,30926.158203125,110518.78125,0,0,0,0,0,0,0,0,0,0,0,0,0,0,0,0,0,0,0,0,0,0,0,0,0,0,0,0,0,0,0,0,0,0,0,0,0,0,0,0,0,0,0,0,0,0,0,0,0,0,0,0,0,0,0,0,0,0
1,1100,4,7,890,4,3246,32465,132465,232465,4685.998046875,71,65,1948,1954,3,4,5,6,7,8,9,10,11,12,13,14,15,16,17,18,19,20,21,22,23,24,25,26,27,28,29,30,31,32,33,34,35,36,37,38,39,40,41,42,43,44,45,46,47,48,49,50,51,52,53,54,55,56,57,58,59,60,61,62,63,64,65,66,67,68,69,70,71,72,73,74,75,76,77,78,79,80,81,82,83,84,85,86,87,88,89,90,91,92,93,94,95,96,97,98,99,100,101,102,103,104,105,106,107,108,109,110,111,112,113,114,115,116,117,118,119,120,121,122,123,124,125,126,127,128,129,130,131,132,133,134,135,136,137,138,139,140,141,142,143,144,145,146,147,148,149,150,151,152,153,154,155,156,157,158,159,160,161,162,163,164,165,166,167,168,169,170,171,172,1,2,1,,,1,2019,0,0,0,0,0,0,0,0,0,0,0,0,0,0,0,0,0,0,0,7489.09912109375,8204.2490234375,8901.55078125,9827.2265625,11348.8056640625,12839.662109375,14122.076171875,15658.4365234375,17408.2890625,19671.845703125,22579.208984375,25453.1171875,30997.44140625,33329.68359375,35618.32421875,37898.92578125,39751.8828125,42003.2265625,44664.671875,47630.078125,50724.35546875,53394.953125,55750.0234375,58020.03515625,60050.29296875,62066.453125,64070.796875,65779.671875,66802.8046875,68180.828125,70212.5703125,71823.0390625,72859.0546875,74368.734375,76074.2890625,78000,0,0,0,0,0,0,0,23559.302734375,23476.19921875,23076.796875,22836.373046875,22726.923828125,22649.671875,0,0,0,0,0,0,0,0,0,0,0,0,0,0,0,0,0,0,0,0,0,0,0,0,0,0,0,0,0,0,0,0,0,0,0,0,0,0,0,0,0,0,0,0,0,0,0,0,0,0,0,0,0,0,0,0,0,0
1,1100,4,7,890,4,3246,32465,232465,132465,4685.998046875,65,71,1954,1948,0,0,0,0,1,2,3,4,5,6,7,8,9,10,11,12,13,14,15,16,17,18,19,20,21,22,23,24,25,26,27,28,29,30,31,32,33,34,35,36,37,38,39,40,41,42,43,44,45,46,47,48,49,50,51,52,53,54,55,56,57,58,59,60,61,62,63,64,65,66,67,68,69,70,71,72,73,74,75,76,77,78,79,80,81,82,83,84,85,86,87,88,89,90,91,92,93,94,95,96,97,98,99,100,101,102,103,104,105,106,107,108,109,110,111,112,113,114,115,116,117,118,119,120,121,122,123,124,125,126,127,128,129,130,131,132,133,134,135,136,137,138,139,140,141,142,143,144,145,146,147,148,149,150,151,152,153,154,155,156,157,158,159,160,161,162,163,164,165,166,2,1,1,,,2,2019,0,0,0,0,0,0,0,0,0,0,0,0,0,0,0,0,0,0,0,0,0,7951.84423828125,8861.25,10329.421875,11796.1875,13096.283203125,14657.4931640625,16448.611328125,18762.0390625,21737.31640625,24734.294921875,30405.1171875,33000,0,0,0,0,0,0,0,0,0,0,0,0,0,0,0,0,0,0,0,0,0,0,0,0,0,0,0,0,0,0,31061.90234375,30820.322265625,30785.841796875,30926.158203125,110518.78125,0,0,0,0,0,0,0,0,0,0,0,0,0,0,0,0,0,0,0,0,0,0,0,0,0,0,0,0,0,0,0,0,0,0,0,0,0,0,0,0,0,0,0,0,0,0,0,0,0,0,0,0,0,0,0,0,0,0
1,1500,4,1,2000,4,3342,33421,133421,233421,4901.78759765625,69,77,1950,1942,1,2,3,4,5,6,7,8,9,10,11,12,13,14,15,16,17,18,19,20,21,22,23,24,25,26,27,28,29,30,31,32,33,34,35,36,37,38,39,40,41,42,43,44,45,46,47,48,49,50,51,52,53,54,55,56,57,58,59,60,61,62,63,64,65,66,67,68,69,70,71,72,73,74,75,76,77,78,79,80,81,82,83,84,85,86,87,88,89,90,91,92,93,94,95,96,97,98,99,100,101,102,103,104,105,106,107,108,109,110,111,112,113,114,115,116,117,118,119,120,121,122,123,124,125,126,127,128,129,130,131,132,133,134,135,136,137,138,139,140,141,142,143,144,145,146,147,148,149,150,151,152,153,154,155,156,157,158,159,160,161,162,163,164,165,166,167,168,169,170,1,2,1,,,1,2019,0,0,0,0,0,0,0,0,0,0,0,0,0,0,0,0,0,0,0,0,0,0,0,0,0,0,0,0,0,0,18880.87109375,20651.23046875,22274.3359375,23878.19140625,25486.392578125,26815.9453125,28423.134765625,30318.478515625,32432.357421875,34647.1640625,36585.22265625,38318.1484375,40002.890625,41531.9609375,43060.37109375,44589.73828125,45922.0078125,46781.890625,47895.9609375,49477.234375,50770.1796875,51663.328125,52898.4296875,54280.54296875,55828.390625,57294.77734375,58565.30078125,60000,59443.87109375,60021.3828125,60949.83203125,61394.82421875,61415.95703125,61390.40625,60534.3359375,60090.765625,59989.44140625,66983.1796875,0,0,0,0,0,0,0,0,0,0,0,0,0,0,0,0,0,0,0,0,0,0,0,0,0,0,0,0,0,0,0,0,0,0,0,0,0,0,0,0,0,0,0,0,0,0,0,0,0,0,0,0,0,0,0,0,0,0
1,1500,4,1,2000,4,3342,33421,233421,133421,4901.78759765625,77,69,1942,1950,9,10,11,12,13,14,15,16,17,18,19,20,21,22,23,24,25,26,27,28,29,30,31,32,33,34,35,36,37,38,39,40,41,42,43,44,45,46,47,48,49,50,51,52,53,54,55,56,57,58,59,60,61,62,63,64,65,66,67,68,69,70,71,72,73,74,75,76,77,78,79,80,81,82,83,84,85,86,87,88,89,90,91,92,93,94,95,96,97,98,99,100,101,102,103,104,105,106,107,108,109,110,111,112,113,114,115,116,117,118,119,120,121,122,123,124,125,126,127,128,129,130,131,132,133,134,135,136,137,138,139,140,141,142,143,144,145,146,147,148,149,150,151,152,153,154,155,156,157,158,159,160,161,162,163,164,165,166,167,168,169,170,171,172,173,174,175,176,177,178,2,1,1,,,2,2019,0,0,0,0,0,0,0,0,0,0,0,0,0,0,0,0,0,0,0,0,0,0,0,0,0,0,0,0,17349.83203125,19728.65625,22032.689453125,23799.904296875,25352.37890625,26841.033203125,28293.76953125,29400.84375,30776.732421875,32422.177734375,34252.9140625,36138.56640625,37687.140625,38983.0859375,40192.67578125,41211.86328125,42199.0078125,43156.23828125,43894.83203125,44162.58984375,44653.94921875,45556.53125,46167.6953125,46397.6640625,46918.1328125,47547.359375,48297.109375,48951.421875,49416.83203125,50000,0,0,0,13701.2841796875,13536.1318359375,47470.5546875,46228.5,45321.0546875,44683.92578125,0,0,0,0,0,0,0,0,0,0,0,0,0,0,0,0,0,0,0,0,0,0,0,0,0,0,0,0,0,0,0,0,0,0,0,0,0,0,0,0,0,0,0,0,0,0,0,0,0,0,0,0,0,0,0,0,0,0,0
1,1500,4,1,2000,4,3342,33422,133422,233422,5179.75732421875,69,77,1950,1942,1,2,3,4,5,6,7,8,9,10,11,12,13,14,15,16,17,18,19,20,21,22,23,24,25,26,27,28,29,30,31,32,33,34,35,36,37,38,39,40,41,42,43,44,45,46,47,48,49,50,51,52,53,54,55,56,57,58,59,60,61,62,63,64,65,66,67,68,69,70,71,72,73,74,75,76,77,78,79,80,81,82,83,84,85,86,87,88,89,90,91,92,93,94,95,96,97,98,99,100,101,102,103,104,105,106,107,108,109,110,111,112,113,114,115,116,117,118,119,120,121,122,123,124,125,126,127,128,129,130,131,132,133,134,135,136,137,138,139,140,141,142,143,144,145,146,147,148,149,150,151,152,153,154,155,156,157,158,159,160,161,162,163,164,165,166,167,168,169,170,1,2,1,,,1,2019,0,0,0,0,0,0,0,0,0,0,0,0,0,0,0,0,0,0,0,0,0,0,0,0,0,0,0,0,0,0,18880.87109375,20651.23046875,22274.3359375,23878.19140625,25486.392578125,26815.9453125,28423.134765625,30318.478515625,32432.357421875,34647.1640625,36585.22265625,38318.1484375,40002.890625,41531.9609375,43060.37109375,44589.73828125,45922.0078125,46781.890625,47895.9609375,49477.234375,50770.1796875,51663.328125,52898.4296875,54280.54296875,55828.390625,57294.77734375,58565.30078125,60000,59443.87109375,60021.3828125,60949.83203125,61394.82421875,61415.95703125,61390.40625,60534.3359375,60090.765625,59989.44140625,66983.1796875,0,0,0,0,0,0,0,0,0,0,0,0,0,0,0,0,0,0,0,0,0,0,0,0,0,0,0,0,0,0,0,0,0,0,0,0,0,0,0,0,0,0,0,0,0,0,0,0,0,0,0,0,0,0,0,0,0,0
1,1500,4,1,2000,4,3342,33422,233422,133422,5179.75732421875,77,69,1942,1950,9,10,11,12,13,14,15,16,17,18,19,20,21,22,23,24,25,26,27,28,29,30,31,32,33,34,35,36,37,38,39,40,41,42,43,44,45,46,47,48,49,50,51,52,53,54,55,56,57,58,59,60,61,62,63,64,65,66,67,68,69,70,71,72,73,74,75,76,77,78,79,80,81,82,83,84,85,86,87,88,89,90,91,92,93,94,95,96,97,98,99,100,101,102,103,104,105,106,107,108,109,110,111,112,113,114,115,116,117,118,119,120,121,122,123,124,125,126,127,128,129,130,131,132,133,134,135,136,137,138,139,140,141,142,143,144,145,146,147,148,149,150,151,152,153,154,155,156,157,158,159,160,161,162,163,164,165,166,167,168,169,170,171,172,173,174,175,176,177,178,2,1,1,,,2,2019,0,0,0,0,0,0,0,0,0,0,0,0,0,0,0,0,0,0,0,0,0,0,0,0,0,0,0,0,17349.83203125,19728.65625,22032.689453125,23799.904296875,25352.37890625,26841.033203125,28293.76953125,29400.84375,30776.732421875,32422.177734375,34252.9140625,36138.56640625,37687.140625,38983.0859375,40192.67578125,41211.86328125,42199.0078125,43156.23828125,43894.83203125,44162.58984375,44653.94921875,45556.53125,46167.6953125,46397.6640625,46918.1328125,47547.359375,48297.109375,48951.421875,49416.83203125,50000,0,0,0,13701.2841796875,13536.1318359375,47470.5546875,46228.5,45321.0546875,44683.92578125,0,0,0,0,0,0,0,0,0,0,0,0,0,0,0,0,0,0,0,0,0,0,0,0,0,0,0,0,0,0,0,0,0,0,0,0,0,0,0,0,0,0,0,0,0,0,0,0,0,0,0,0,0,0,0,0,0,0,0
1,1500,4,1,2000,4,3342,33423,133423,233423,5133.6123046875,69,77,1950,1942,1,2,3,4,5,6,7,8,9,10,11,12,13,14,15,16,17,18,19,20,21,22,23,24,25,26,27,28,29,30,31,32,33,34,35,36,37,38,39,40,41,42,43,44,45,46,47,48,49,50,51,52,53,54,55,56,57,58,59,60,61,62,63,64,65,66,67,68,69,70,71,72,73,74,75,76,77,78,79,80,81,82,83,84,85,86,87,88,89,90,91,92,93,94,95,96,97,98,99,100,101,102,103,104,105,106,107,108,109,110,111,112,113,114,115,116,117,118,119,120,121,122,123,124,125,126,127,128,129,130,131,132,133,134,135,136,137,138,139,140,141,142,143,144,145,146,147,148,149,150,151,152,153,154,155,156,157,158,159,160,161,162,163,164,165,166,167,168,169,170,1,2,1,,,1,2019,0,0,0,0,0,0,0,0,0,0,0,0,0,0,0,0,0,0,0,0,0,0,0,0,0,0,0,0,0,0,18880.87109375,20651.23046875,22274.3359375,23878.19140625,25486.392578125,26815.9453125,28423.134765625,30318.478515625,32432.357421875,34647.1640625,36585.22265625,38318.1484375,40002.890625,41531.9609375,43060.37109375,44589.73828125,45922.0078125,46781.890625,47895.9609375,49477.234375,50770.1796875,51663.328125,52898.4296875,54280.54296875,55828.390625,57294.77734375,58565.30078125,60000,59443.87109375,60021.3828125,60949.83203125,61394.82421875,61415.95703125,61390.40625,60534.3359375,60090.765625,59989.44140625,66983.1796875,0,0,0,0,0,0,0,0,0,0,0,0,0,0,0,0,0,0,0,0,0,0,0,0,0,0,0,0,0,0,0,0,0,0,0,0,0,0,0,0,0,0,0,0,0,0,0,0,0,0,0,0,0,0,0,0,0,0
1,1500,4,1,2000,4,3342,33423,233423,133423,5133.6123046875,77,69,1942,1950,9,10,11,12,13,14,15,16,17,18,19,20,21,22,23,24,25,26,27,28,29,30,31,32,33,34,35,36,37,38,39,40,41,42,43,44,45,46,47,48,49,50,51,52,53,54,55,56,57,58,59,60,61,62,63,64,65,66,67,68,69,70,71,72,73,74,75,76,77,78,79,80,81,82,83,84,85,86,87,88,89,90,91,92,93,94,95,96,97,98,99,100,101,102,103,104,105,106,107,108,109,110,111,112,113,114,115,116,117,118,119,120,121,122,123,124,125,126,127,128,129,130,131,132,133,134,135,136,137,138,139,140,141,142,143,144,145,146,147,148,149,150,151,152,153,154,155,156,157,158,159,160,161,162,163,164,165,166,167,168,169,170,171,172,173,174,175,176,177,178,2,1,1,,,2,2019,0,0,0,0,0,0,0,0,0,0,0,0,0,0,0,0,0,0,0,0,0,0,0,0,0,0,0,0,17349.83203125,19728.65625,22032.689453125,23799.904296875,25352.37890625,26841.033203125,28293.76953125,29400.84375,30776.732421875,32422.177734375,34252.9140625,36138.56640625,37687.140625,38983.0859375,40192.67578125,41211.86328125,42199.0078125,43156.23828125,43894.83203125,44162.58984375,44653.94921875,45556.53125,46167.6953125,46397.6640625,46918.1328125,47547.359375,48297.109375,48951.421875,49416.83203125,50000,0,0,0,13701.2841796875,13536.1318359375,47470.5546875,46228.5,45321.0546875,44683.92578125,0,0,0,0,0,0,0,0,0,0,0,0,0,0,0,0,0,0,0,0,0,0,0,0,0,0,0,0,0,0,0,0,0,0,0,0,0,0,0,0,0,0,0,0,0,0,0,0,0,0,0,0,0,0,0,0,0,0,0
1,1500,4,1,2000,4,3342,33424,133424,233424,5080.86767578125,69,77,1950,1942,1,2,3,4,5,6,7,8,9,10,11,12,13,14,15,16,17,18,19,20,21,22,23,24,25,26,27,28,29,30,31,32,33,34,35,36,37,38,39,40,41,42,43,44,45,46,47,48,49,50,51,52,53,54,55,56,57,58,59,60,61,62,63,64,65,66,67,68,69,70,71,72,73,74,75,76,77,78,79,80,81,82,83,84,85,86,87,88,89,90,91,92,93,94,95,96,97,98,99,100,101,102,103,104,105,106,107,108,109,110,111,112,113,114,115,116,117,118,119,120,121,122,123,124,125,126,127,128,129,130,131,132,133,134,135,136,137,138,139,140,141,142,143,144,145,146,147,148,149,150,151,152,153,154,155,156,157,158,159,160,161,162,163,164,165,166,167,168,169,170,1,2,1,,,1,2019,0,0,0,0,0,0,0,0,0,0,0,0,0,0,0,0,0,0,0,0,0,0,0,0,0,0,0,0,0,0,18880.87109375,20651.23046875,22274.3359375,23878.19140625,25486.392578125,26815.9453125,28423.134765625,30318.478515625,32432.357421875,34647.1640625,36585.22265625,38318.1484375,40002.890625,41531.9609375,43060.37109375,44589.73828125,45922.0078125,46781.890625,47895.9609375,49477.234375,50770.1796875,51663.328125,52898.4296875,54280.54296875,55828.390625,57294.77734375,58565.30078125,60000,59443.87109375,60021.3828125,60949.83203125,61394.82421875,61415.95703125,61390.40625,60534.3359375,60090.765625,59989.44140625,66983.1796875,0,0,0,0,0,0,0,0,0,0,0,0,0,0,0,0,0,0,0,0,0,0,0,0,0,0,0,0,0,0,0,0,0,0,0,0,0,0,0,0,0,0,0,0,0,0,0,0,0,0,0,0,0,0,0,0,0,0
1,1500,4,1,2000,4,3342,33424,233424,133424,5080.86767578125,77,69,1942,1950,9,10,11,12,13,14,15,16,17,18,19,20,21,22,23,24,25,26,27,28,29,30,31,32,33,34,35,36,37,38,39,40,41,42,43,44,45,46,47,48,49,50,51,52,53,54,55,56,57,58,59,60,61,62,63,64,65,66,67,68,69,70,71,72,73,74,75,76,77,78,79,80,81,82,83,84,85,86,87,88,89,90,91,92,93,94,95,96,97,98,99,100,101,102,103,104,105,106,107,108,109,110,111,112,113,114,115,116,117,118,119,120,121,122,123,124,125,126,127,128,129,130,131,132,133,134,135,136,137,138,139,140,141,142,143,144,145,146,147,148,149,150,151,152,153,154,155,156,157,158,159,160,161,162,163,164,165,166,167,168,169,170,171,172,173,174,175,176,177,178,2,1,1,,,2,2019,0,0,0,0,0,0,0,0,0,0,0,0,0,0,0,0,0,0,0,0,0,0,0,0,0,0,0,0,17349.83203125,19728.65625,22032.689453125,23799.904296875,25352.37890625,26841.033203125,28293.76953125,29400.84375,30776.732421875,32422.177734375,34252.9140625,36138.56640625,37687.140625,38983.0859375,40192.67578125,41211.86328125,42199.0078125,43156.23828125,43894.83203125,44162.58984375,44653.94921875,45556.53125,46167.6953125,46397.6640625,46918.1328125,47547.359375,48297.109375,48951.421875,49416.83203125,50000,0,0,0,13701.2841796875,13536.1318359375,47470.5546875,46228.5,45321.0546875,44683.92578125,0,0,0,0,0,0,0,0,0,0,0,0,0,0,0,0,0,0,0,0,0,0,0,0,0,0,0,0,0,0,0,0,0,0,0,0,0,0,0,0,0,0,0,0,0,0,0,0,0,0,0,0,0,0,0,0,0,0,0
1,1500,4,1,2000,4,3342,33425,133425,233425,5199.234375,69,77,1950,1942,1,2,3,4,5,6,7,8,9,10,11,12,13,14,15,16,17,18,19,20,21,22,23,24,25,26,27,28,29,30,31,32,33,34,35,36,37,38,39,40,41,42,43,44,45,46,47,48,49,50,51,52,53,54,55,56,57,58,59,60,61,62,63,64,65,66,67,68,69,70,71,72,73,74,75,76,77,78,79,80,81,82,83,84,85,86,87,88,89,90,91,92,93,94,95,96,97,98,99,100,101,102,103,104,105,106,107,108,109,110,111,112,113,114,115,116,117,118,119,120,121,122,123,124,125,126,127,128,129,130,131,132,133,134,135,136,137,138,139,140,141,142,143,144,145,146,147,148,149,150,151,152,153,154,155,156,157,158,159,160,161,162,163,164,165,166,167,168,169,170,1,2,1,,,1,2019,0,0,0,0,0,0,0,0,0,0,0,0,0,0,0,0,0,0,0,0,0,0,0,0,0,0,0,0,0,0,18880.87109375,20651.23046875,22274.3359375,23878.19140625,25486.392578125,26815.9453125,28423.134765625,30318.478515625,32432.357421875,34647.1640625,36585.22265625,38318.1484375,40002.890625,41531.9609375,43060.37109375,44589.73828125,45922.0078125,46781.890625,47895.9609375,49477.234375,50770.1796875,51663.328125,52898.4296875,54280.54296875,55828.390625,57294.77734375,58565.30078125,60000,59443.87109375,60021.3828125,60949.83203125,61394.82421875,61415.95703125,61390.40625,60534.3359375,60090.765625,59989.44140625,66983.1796875,0,0,0,0,0,0,0,0,0,0,0,0,0,0,0,0,0,0,0,0,0,0,0,0,0,0,0,0,0,0,0,0,0,0,0,0,0,0,0,0,0,0,0,0,0,0,0,0,0,0,0,0,0,0,0,0,0,0
1,1500,4,1,2000,4,3342,33425,233425,133425,5199.234375,77,69,1942,1950,9,10,11,12,13,14,15,16,17,18,19,20,21,22,23,24,25,26,27,28,29,30,31,32,33,34,35,36,37,38,39,40,41,42,43,44,45,46,47,48,49,50,51,52,53,54,55,56,57,58,59,60,61,62,63,64,65,66,67,68,69,70,71,72,73,74,75,76,77,78,79,80,81,82,83,84,85,86,87,88,89,90,91,92,93,94,95,96,97,98,99,100,101,102,103,104,105,106,107,108,109,110,111,112,113,114,115,116,117,118,119,120,121,122,123,124,125,126,127,128,129,130,131,132,133,134,135,136,137,138,139,140,141,142,143,144,145,146,147,148,149,150,151,152,153,154,155,156,157,158,159,160,161,162,163,164,165,166,167,168,169,170,171,172,173,174,175,176,177,178,2,1,1,,,2,2019,0,0,0,0,0,0,0,0,0,0,0,0,0,0,0,0,0,0,0,0,0,0,0,0,0,0,0,0,17349.83203125,19728.65625,22032.689453125,23799.904296875,25352.37890625,26841.033203125,28293.76953125,29400.84375,30776.732421875,32422.177734375,34252.9140625,36138.56640625,37687.140625,38983.0859375,40192.67578125,41211.86328125,42199.0078125,43156.23828125,43894.83203125,44162.58984375,44653.94921875,45556.53125,46167.6953125,46397.6640625,46918.1328125,47547.359375,48297.109375,48951.421875,49416.83203125,50000,0,0,0,13701.2841796875,13536.1318359375,47470.5546875,46228.5,45321.0546875,44683.92578125,0,0,0,0,0,0,0,0,0,0,0,0,0,0,0,0,0,0,0,0,0,0,0,0,0,0,0,0,0,0,0,0,0,0,0,0,0,0,0,0,0,0,0,0,0,0,0,0,0,0,0,0,0,0,0,0,0,0,0
0,0,0,0,0,0,3829,38291,138291,0,3169.781494140625,42,0,1977,0,0,0,0,0,0,0,0,0,0,0,0,0,0,0,0,0,0,0,0,0,0,0,0,0,0,0,0,1,2,3,4,5,6,7,8,9,10,11,12,13,14,15,16,17,18,19,20,21,22,23,24,25,26,27,28,29,30,31,32,33,34,35,36,37,38,39,40,41,42,43,44,45,46,47,48,49,50,51,52,53,54,55,56,57,58,59,60,61,62,63,64,65,66,67,68,69,70,71,72,73,74,75,76,77,78,79,80,81,82,83,84,85,86,87,88,89,90,91,92,93,94,95,96,97,98,99,100,101,102,103,104,105,106,107,108,109,110,111,112,113,114,115,116,117,118,119,120,121,122,123,124,125,126,127,128,129,130,131,132,133,134,135,136,137,138,139,140,141,142,143,1,0,0,2042,2052,1,2019,0,0,0,0,0,0,0,0,0,0,0,0,0,0,0,0,0,0,0,0,0,0,0,0,0,0,0,0,0,0,0,0,0,0,0,0,0,0,0,0,0,0,0,0,0,0,0,0,33322.99609375,35902.85546875,38424.71484375,40781.4140625,43551.3359375,46610.23828125,50000,46996.94921875,43998.1640625,41284.2578125,37461.04296875,34643.2265625,32219.8828125,29725.05859375,27233.9921875,24932.74609375,22517.01953125,20471.796875,21315.791015625,22225.69921875,23000,23681.462890625,25089.1328125,27121.685546875,28524.681640625,29644.21484375,30618.9296875,31513.091796875,32357.90625,33175.87109375,33970.2109375,34732.59765625,35457.890625,36142.3515625,36782.953125,37376.73828125,37921.1015625,38413.56640625,38851.83203125,39234,39558.22265625,39822.99609375,40027.12109375,40169.62109375,11330.205078125,11335.1669921875,11322.46875,11292.1728515625,11244.419921875,11179.4501953125,11097.5341796875,10999.08203125,10884.5126953125,10754.3642578125,0,0,0,0,0,0,0,0,0,0,0,0,0,0,0,0,0,0,0,0,0,0,0,0
0,0,0,0,0,0,3829,38292,138292,0,3141.39013671875,42,0,1977,0,0,0,0,0,0,0,0,0,0,0,0,0,0,0,0,0,0,0,0,0,0,0,0,0,0,0,0,1,2,3,4,5,6,7,8,9,10,11,12,13,14,15,16,17,18,19,20,21,22,23,24,25,26,27,28,29,30,31,32,33,34,35,36,37,38,39,40,41,42,43,44,45,46,47,48,49,50,51,52,53,54,55,56,57,58,59,60,61,62,63,64,65,66,67,68,69,70,71,72,73,74,75,76,77,78,79,80,81,82,83,84,85,86,87,88,89,90,91,92,93,94,95,96,97,98,99,100,101,102,103,104,105,106,107,108,109,110,111,112,113,114,115,116,117,118,119,120,121,122,123,124,125,126,127,128,129,130,131,132,133,134,135,136,137,138,139,140,141,142,143,1,0,0,2042,2052,1,2019,0,0,0,0,0,0,0,0,0,0,0,0,0,0,0,0,0,0,0,0,0,0,0,0,0,0,0,0,0,0,0,0,0,0,0,0,0,0,0,0,0,0,0,0,0,0,0,0,33322.99609375,35902.85546875,38424.71484375,40781.4140625,43551.3359375,46610.23828125,50000,46996.94921875,43998.1640625,41284.2578125,37461.04296875,34643.2265625,32219.8828125,29725.05859375,27233.9921875,24932.74609375,22517.01953125,20471.796875,21315.791015625,22225.69921875,23000,23681.462890625,25089.1328125,27121.685546875,28524.681640625,29644.21484375,30618.9296875,31513.091796875,32357.90625,33175.87109375,33970.2109375,34732.59765625,35457.890625,36142.3515625,36782.953125,37376.73828125,37921.1015625,38413.56640625,38851.83203125,39234,39558.22265625,39822.99609375,40027.12109375,40169.62109375,11330.205078125,11335.1669921875,11322.46875,11292.1728515625,11244.419921875,11179.4501953125,11097.5341796875,10999.08203125,10884.5126953125,10754.3642578125,0,0,0,0,0,0,0,0,0,0,0,0,0,0,0,0,0,0,0,0,0,0,0,0
0,0,0,0,0,0,3829,38293,138293,0,3155.11376953125,42,0,1977,0,0,0,0,0,0,0,0,0,0,0,0,0,0,0,0,0,0,0,0,0,0,0,0,0,0,0,0,1,2,3,4,5,6,7,8,9,10,11,12,13,14,15,16,17,18,19,20,21,22,23,24,25,26,27,28,29,30,31,32,33,34,35,36,37,38,39,40,41,42,43,44,45,46,47,48,49,50,51,52,53,54,55,56,57,58,59,60,61,62,63,64,65,66,67,68,69,70,71,72,73,74,75,76,77,78,79,80,81,82,83,84,85,86,87,88,89,90,91,92,93,94,95,96,97,98,99,100,101,102,103,104,105,106,107,108,109,110,111,112,113,114,115,116,117,118,119,120,121,122,123,124,125,126,127,128,129,130,131,132,133,134,135,136,137,138,139,140,141,142,143,1,0,0,2042,2052,1,2019,0,0,0,0,0,0,0,0,0,0,0,0,0,0,0,0,0,0,0,0,0,0,0,0,0,0,0,0,0,0,0,0,0,0,0,0,0,0,0,0,0,0,0,0,0,0,0,0,33322.99609375,35902.85546875,38424.71484375,40781.4140625,43551.3359375,46610.23828125,50000,46996.94921875,43998.1640625,41284.2578125,37461.04296875,34643.2265625,32219.8828125,29725.05859375,27233.9921875,24932.74609375,22517.01953125,20471.796875,21315.791015625,22225.69921875,23000,23681.462890625,25089.1328125,27121.685546875,28524.681640625,29644.21484375,30618.9296875,31513.091796875,32357.90625,33175.87109375,33970.2109375,34732.59765625,35457.890625,36142.3515625,36782.953125,37376.73828125,37921.1015625,38413.56640625,38851.83203125,39234,39558.22265625,39822.99609375,40027.12109375,40169.62109375,11330.205078125,11335.1669921875,11322.46875,11292.1728515625,11244.419921875,11179.4501953125,11097.5341796875,10999.08203125,10884.5126953125,10754.3642578125,0,0,0,0,0,0,0,0,0,0,0,0,0,0,0,0,0,0,0,0,0,0,0,0
0,0,0,0,0,0,3829,38294,138294,0,3153.640869140625,42,0,1977,0,0,0,0,0,0,0,0,0,0,0,0,0,0,0,0,0,0,0,0,0,0,0,0,0,0,0,0,1,2,3,4,5,6,7,8,9,10,11,12,13,14,15,16,17,18,19,20,21,22,23,24,25,26,27,28,29,30,31,32,33,34,35,36,37,38,39,40,41,42,43,44,45,46,47,48,49,50,51,52,53,54,55,56,57,58,59,60,61,62,63,64,65,66,67,68,69,70,71,72,73,74,75,76,77,78,79,80,81,82,83,84,85,86,87,88,89,90,91,92,93,94,95,96,97,98,99,100,101,102,103,104,105,106,107,108,109,110,111,112,113,114,115,116,117,118,119,120,121,122,123,124,125,126,127,128,129,130,131,132,133,134,135,136,137,138,139,140,141,142,143,1,0,0,2042,2052,1,2019,0,0,0,0,0,0,0,0,0,0,0,0,0,0,0,0,0,0,0,0,0,0,0,0,0,0,0,0,0,0,0,0,0,0,0,0,0,0,0,0,0,0,0,0,0,0,0,0,33322.99609375,35902.85546875,38424.71484375,40781.4140625,43551.3359375,46610.23828125,50000,46996.94921875,43998.1640625,41284.2578125,37461.04296875,34643.2265625,32219.8828125,29725.05859375,27233.9921875,24932.74609375,22517.01953125,20471.796875,21315.791015625,22225.69921875,23000,23681.462890625,25089.1328125,27121.685546875,28524.681640625,29644.21484375,30618.9296875,31513.091796875,32357.90625,33175.87109375,33970.2109375,34732.59765625,35457.890625,36142.3515625,36782.953125,37376.73828125,37921.1015625,38413.56640625,38851.83203125,39234,39558.22265625,39822.99609375,40027.12109375,40169.62109375,11330.205078125,11335.1669921875,11322.46875,11292.1728515625,11244.419921875,11179.4501953125,11097.5341796875,10999.08203125,10884.5126953125,10754.3642578125,0,0,0,0,0,0,0,0,0,0,0,0,0,0,0,0,0,0,0,0,0,0,0,0
0,0,0,0,0,0,3829,38295,138295,0,3156.2236328125,42,0,1977,0,0,0,0,0,0,0,0,0,0,0,0,0,0,0,0,0,0,0,0,0,0,0,0,0,0,0,0,1,2,3,4,5,6,7,8,9,10,11,12,13,14,15,16,17,18,19,20,21,22,23,24,25,26,27,28,29,30,31,32,33,34,35,36,37,38,39,40,41,42,43,44,45,46,47,48,49,50,51,52,53,54,55,56,57,58,59,60,61,62,63,64,65,66,67,68,69,70,71,72,73,74,75,76,77,78,79,80,81,82,83,84,85,86,87,88,89,90,91,92,93,94,95,96,97,98,99,100,101,102,103,104,105,106,107,108,109,110,111,112,113,114,115,116,117,118,119,120,121,122,123,124,125,126,127,128,129,130,131,132,133,134,135,136,137,138,139,140,141,142,143,1,0,0,2042,2052,1,2019,0,0,0,0,0,0,0,0,0,0,0,0,0,0,0,0,0,0,0,0,0,0,0,0,0,0,0,0,0,0,0,0,0,0,0,0,0,0,0,0,0,0,0,0,0,0,0,0,33322.99609375,35902.85546875,38424.71484375,40781.4140625,43551.3359375,46610.23828125,50000,46996.94921875,43998.1640625,41284.2578125,37461.04296875,34643.2265625,32219.8828125,29725.05859375,27233.9921875,24932.74609375,22517.01953125,20471.796875,21315.791015625,22225.69921875,23000,23681.462890625,25089.1328125,27121.685546875,28524.681640625,29644.21484375,30618.9296875,31513.091796875,32357.90625,33175.87109375,33970.2109375,34732.59765625,35457.890625,36142.3515625,36782.953125,37376.73828125,37921.1015625,38413.56640625,38851.83203125,39234,39558.22265625,39822.99609375,40027.12109375,40169.62109375,11330.205078125,11335.1669921875,11322.46875,11292.1728515625,11244.419921875,11179.4501953125,11097.5341796875,10999.08203125,10884.5126953125,10754.3642578125,0,0,0,0,0,0,0,0,0,0,0,0,0,0,0,0,0,0,0,0,0,0,0,0
0,0,0,0,0,0,3986,39861,139861,239861,361.5218505859375,51,55,1968,1964,0,0,0,0,0,0,0,0,0,0,0,0,0,0,0,0,0,0,1,2,3,4,5,6,7,8,9,10,11,12,13,14,15,16,17,18,19,20,21,22,23,24,25,26,27,28,29,30,31,32,33,34,35,36,37,38,39,40,41,42,43,44,45,46,47,48,49,50,51,52,53,54,55,56,57,58,59,60,61,62,63,64,65,66,67,68,69,70,71,72,73,74,75,76,77,78,79,80,81,82,83,84,85,86,87,88,89,90,91,92,93,94,95,96,97,98,99,100,101,102,103,104,105,106,107,108,109,110,111,112,113,114,115,116,117,118,119,120,121,122,123,124,125,126,127,128,129,130,131,132,133,134,135,136,137,138,139,140,141,142,143,144,145,146,147,148,149,150,151,152,1,2,1,,2027,1,2019,0,0,0,0,0,0,0,0,0,0,0,0,0,0,0,0,0,0,0,0,0,0,0,0,0,0,0,0,0,0,0,0,0,0,0,0,0,0,0,0,0,111587.0078125,119808.046875,127927.0859375,136409.21875,145273.46875,153871.328125,180059.421875,189593.234375,201425.671875,212570.78125,222465.515625,234265.828125,247226.96875,261512.359375,276018.125,290167.25,305734.96875,311520.375,323497.40625,337849.125,350000,1208411.25,1242280,1259813.375,1286167.875,1320537,1357724.5,390000,395961.21875,413653.65625,440935.78125,457285,468611.75,477276.75,484371.6875,490427.5,0,0,0,0,0,0,0,0,0,0,0,0,0,0,0,0,0,0,0,0,0,0,0,0,0,0,0,0,0,0,0,0,0,0,0,0,0,0,0,0,0,0,0,0,0,0,0,0,0
0,0,0,0,0,0,3986,39861,239861,139861,361.5218505859375,55,51,1964,1968,0,0,0,0,0,0,0,0,0,0,0,0,0,0,1,2,3,4,5,6,7,8,9,10,11,12,13,14,15,16,17,18,19,20,21,22,23,24,25,26,27,28,29,30,31,32,33,34,35,36,37,38,39,40,41,42,43,44,45,46,47,48,49,50,51,52,53,54,55,56,57,58,59,60,61,62,63,64,65,66,67,68,69,70,71,72,73,74,75,76,77,78,79,80,81,82,83,84,85,86,87,88,89,90,91,92,93,94,95,96,97,98,99,100,101,102,103,104,105,106,107,108,109,110,111,112,113,114,115,116,117,118,119,120,121,122,123,124,125,126,127,128,129,130,131,132,133,134,135,136,137,138,139,140,141,142,143,144,145,146,147,148,149,150,151,152,153,154,155,156,2,1,1,,,2,2019,0,0,0,0,0,0,0,0,0,0,0,0,0,0,0,0,0,0,0,0,0,0,0,0,0,0,0,0,0,0,0,0,0,0,0,0,0,0,0,0,0,33667.2734375,35922.984375,38118.9609375,40393.765625,42751.2734375,45000,0,0,0,0,0,0,0,0,0,0,0,0,0,0,0,0,0,98131.1640625,99561.28125,101586.390625,103797.9375,0,0,0,0,0,0,0,0,0,0,0,0,0,0,0,0,0,0,0,0,0,0,0,0,0,0,0,0,0,0,0,0,0,0,0,0,0,0,0,0,0,0,0,0,0,0,0,0,0,0,0,0,0,0,0,0,0,0
0,0,0,0,0,0,3986,39862,139862,239862,352.0556335449219,51,55,1968,1964,0,0,0,0,0,0,0,0,0,0,0,0,0,0,0,0,0,0,1,2,3,4,5,6,7,8,9,10,11,12,13,14,15,16,17,18,19,20,21,22,23,24,25,26,27,28,29,30,31,32,33,34,35,36,37,38,39,40,41,42,43,44,45,46,47,48,49,50,51,52,53,54,55,56,57,58,59,60,61,62,63,64,65,66,67,68,69,70,71,72,73,74,75,76,77,78,79,80,81,82,83,84,85,86,87,88,89,90,91,92,93,94,95,96,97,98,99,100,101,102,103,104,105,106,107,108,109,110,111,112,113,114,115,116,117,118,119,120,121,122,123,124,125,126,127,128,129,130,131,132,133,134,135,136,137,138,139,140,141,142,143,144,145,146,147,148,149,150,151,152,1,2,1,,2027,1,2019,0,0,0,0,0,0,0,0,0,0,0,0,0,0,0,0,0,0,0,0,0,0,0,0,0,0,0,0,0,0,0,0,0,0,0,0,0,0,0,0,0,111587.0078125,119808.046875,127927.0859375,136409.21875,145273.46875,153871.328125,180059.421875,189593.234375,201425.671875,212570.78125,222465.515625,234265.828125,247226.96875,261512.359375,276018.125,290167.25,305734.96875,311520.375,323497.40625,337849.125,350000,1208411.25,1242280,1259813.375,1286167.875,1320537,1357724.5,390000,395961.21875,413653.65625,440935.78125,457285,468611.75,477276.75,484371.6875,490427.5,0,0,0,0,0,0,0,0,0,0,0,0,0,0,0,0,0,0,0,0,0,0,0,0,0,0,0,0,0,0,0,0,0,0,0,0,0,0,0,0,0,0,0,0,0,0,0,0,0
0,0,0,0,0,0,3986,39862,239862,139862,352.0556335449219,55,51,1964,1968,0,0,0,0,0,0,0,0,0,0,0,0,0,0,1,2,3,4,5,6,7,8,9,10,11,12,13,14,15,16,17,18,19,20,21,22,23,24,25,26,27,28,29,30,31,32,33,34,35,36,37,38,39,40,41,42,43,44,45,46,47,48,49,50,51,52,53,54,55,56,57,58,59,60,61,62,63,64,65,66,67,68,69,70,71,72,73,74,75,76,77,78,79,80,81,82,83,84,85,86,87,88,89,90,91,92,93,94,95,96,97,98,99,100,101,102,103,104,105,106,107,108,109,110,111,112,113,114,115,116,117,118,119,120,121,122,123,124,125,126,127,128,129,130,131,132,133,134,135,136,137,138,139,140,141,142,143,144,145,146,147,148,149,150,151,152,153,154,155,156,2,1,1,,,2,2019,0,0,0,0,0,0,0,0,0,0,0,0,0,0,0,0,0,0,0,0,0,0,0,0,0,0,0,0,0,0,0,0,0,0,0,0,0,0,0,0,0,33667.2734375,35922.984375,38118.9609375,40393.765625,42751.2734375,45000,0,0,0,0,0,0,0,0,0,0,0,0,0,0,0,0,0,98131.1640625,99561.28125,101586.390625,103797.9375,0,0,0,0,0,0,0,0,0,0,0,0,0,0,0,0,0,0,0,0,0,0,0,0,0,0,0,0,0,0,0,0,0,0,0,0,0,0,0,0,0,0,0,0,0,0,0,0,0,0,0,0,0,0,0,0,0,0
0,0,0,0,0,0,3986,39863,139863,239863,345.10064697265625,51,55,1968,1964,0,0,0,0,0,0,0,0,0,0,0,0,0,0,0,0,0,0,1,2,3,4,5,6,7,8,9,10,11,12,13,14,15,16,17,18,19,20,21,22,23,24,25,26,27,28,29,30,31,32,33,34,35,36,37,38,39,40,41,42,43,44,45,46,47,48,49,50,51,52,53,54,55,56,57,58,59,60,61,62,63,64,65,66,67,68,69,70,71,72,73,74,75,76,77,78,79,80,81,82,83,84,85,86,87,88,89,90,91,92,93,94,95,96,97,98,99,100,101,102,103,104,105,106,107,108,109,110,111,112,113,114,115,116,117,118,119,120,121,122,123,124,125,126,127,128,129,130,131,132,133,134,135,136,137,138,139,140,141,142,143,144,145,146,147,148,149,150,151,152,1,2,1,,2027,1,2019,0,0,0,0,0,0,0,0,0,0,0,0,0,0,0,0,0,0,0,0,0,0,0,0,0,0,0,0,0,0,0,0,0,0,0,0,0,0,0,0,0,111587.0078125,119808.046875,127927.0859375,136409.21875,145273.46875,153871.328125,180059.421875,189593.234375,201425.671875,212570.78125,222465.515625,234265.828125,247226.96875,261512.359375,276018.125,290167.25,305734.96875,311520.375,323497.40625,337849.125,350000,1208411.25,1242280,1259813.375,1286167.875,1320537,1357724.5,390000,395961.21875,413653.65625,440935.78125,457285,468611.75,477276.75,484371.6875,490427.5,0,0,0,0,0,0,0,0,0,0,0,0,0,0,0,0,0,0,0,0,0,0,0,0,0,0,0,0,0,0,0,0,0,0,0,0,0,0,0,0,0,0,0,0,0,0,0,0,0
0,0,0,0,0,0,3986,39863,239863,139863,345.10064697265625,55,51,1964,1968,0,0,0,0,0,0,0,0,0,0,0,0,0,0,1,2,3,4,5,6,7,8,9,10,11,12,13,14,15,16,17,18,19,20,21,22,23,24,25,26,27,28,29,30,31,32,33,34,35,36,37,38,39,40,41,42,43,44,45,46,47,48,49,50,51,52,53,54,55,56,57,58,59,60,61,62,63,64,65,66,67,68,69,70,71,72,73,74,75,76,77,78,79,80,81,82,83,84,85,86,87,88,89,90,91,92,93,94,95,96,97,98,99,100,101,102,103,104,105,106,107,108,109,110,111,112,113,114,115,116,117,118,119,120,121,122,123,124,125,126,127,128,129,130,131,132,133,134,135,136,137,138,139,140,141,142,143,144,145,146,147,148,149,150,151,152,153,154,155,156,2,1,1,,,2,2019,0,0,0,0,0,0,0,0,0,0,0,0,0,0,0,0,0,0,0,0,0,0,0,0,0,0,0,0,0,0,0,0,0,0,0,0,0,0,0,0,0,33667.2734375,35922.984375,38118.9609375,40393.765625,42751.2734375,45000,0,0,0,0,0,0,0,0,0,0,0,0,0,0,0,0,0,98131.1640625,99561.28125,101586.390625,103797.9375,0,0,0,0,0,0,0,0,0,0,0,0,0,0,0,0,0,0,0,0,0,0,0,0,0,0,0,0,0,0,0,0,0,0,0,0,0,0,0,0,0,0,0,0,0,0,0,0,0,0,0,0,0,0,0,0,0,0
0,0,0,0,0,0,3986,39864,139864,239864,362.3473205566406,51,55,1968,1964,0,0,0,0,0,0,0,0,0,0,0,0,0,0,0,0,0,0,1,2,3,4,5,6,7,8,9,10,11,12,13,14,15,16,17,18,19,20,21,22,23,24,25,26,27,28,29,30,31,32,33,34,35,36,37,38,39,40,41,42,43,44,45,46,47,48,49,50,51,52,53,54,55,56,57,58,59,60,61,62,63,64,65,66,67,68,69,70,71,72,73,74,75,76,77,78,79,80,81,82,83,84,85,86,87,88,89,90,91,92,93,94,95,96,97,98,99,100,101,102,103,104,105,106,107,108,109,110,111,112,113,114,115,116,117,118,119,120,121,122,123,124,125,126,127,128,129,130,131,132,133,134,135,136,137,138,139,140,141,142,143,144,145,146,147,148,149,150,151,152,1,2,1,,2027,1,2019,0,0,0,0,0,0,0,0,0,0,0,0,0,0,0,0,0,0,0,0,0,0,0,0,0,0,0,0,0,0,0,0,0,0,0,0,0,0,0,0,0,111587.0078125,119808.046875,127927.0859375,136409.21875,145273.46875,153871.328125,180059.421875,189593.234375,201425.671875,212570.78125,222465.515625,234265.828125,247226.96875,261512.359375,276018.125,290167.25,305734.96875,311520.375,323497.40625,337849.125,350000,1208411.25,1242280,1259813.375,1286167.875,1320537,1357724.5,390000,395961.21875,413653.65625,440935.78125,457285,468611.75,477276.75,484371.6875,490427.5,0,0,0,0,0,0,0,0,0,0,0,0,0,0,0,0,0,0,0,0,0,0,0,0,0,0,0,0,0,0,0,0,0,0,0,0,0,0,0,0,0,0,0,0,0,0,0,0,0
0,0,0,0,0,0,3986,39864,239864,139864,362.3473205566406,55,51,1964,1968,0,0,0,0,0,0,0,0,0,0,0,0,0,0,1,2,3,4,5,6,7,8,9,10,11,12,13,14,15,16,17,18,19,20,21,22,23,24,25,26,27,28,29,30,31,32,33,34,35,36,37,38,39,40,41,42,43,44,45,46,47,48,49,50,51,52,53,54,55,56,57,58,59,60,61,62,63,64,65,66,67,68,69,70,71,72,73,74,75,76,77,78,79,80,81,82,83,84,85,86,87,88,89,90,91,92,93,94,95,96,97,98,99,100,101,102,103,104,105,106,107,108,109,110,111,112,113,114,115,116,117,118,119,120,121,122,123,124,125,126,127,128,129,130,131,132,133,134,135,136,137,138,139,140,141,142,143,144,145,146,147,148,149,150,151,152,153,154,155,156,2,1,1,,,2,2019,0,0,0,0,0,0,0,0,0,0,0,0,0,0,0,0,0,0,0,0,0,0,0,0,0,0,0,0,0,0,0,0,0,0,0,0,0,0,0,0,0,33667.2734375,35922.984375,38118.9609375,40393.765625,42751.2734375,45000,0,0,0,0,0,0,0,0,0,0,0,0,0,0,0,0,0,98131.1640625,99561.28125,101586.390625,103797.9375,0,0,0,0,0,0,0,0,0,0,0,0,0,0,0,0,0,0,0,0,0,0,0,0,0,0,0,0,0,0,0,0,0,0,0,0,0,0,0,0,0,0,0,0,0,0,0,0,0,0,0,0,0,0,0,0,0,0
0,0,0,0,0,0,3986,39865,139865,239865,363.0592346191406,51,55,1968,1964,0,0,0,0,0,0,0,0,0,0,0,0,0,0,0,0,0,0,1,2,3,4,5,6,7,8,9,10,11,12,13,14,15,16,17,18,19,20,21,22,23,24,25,26,27,28,29,30,31,32,33,34,35,36,37,38,39,40,41,42,43,44,45,46,47,48,49,50,51,52,53,54,55,56,57,58,59,60,61,62,63,64,65,66,67,68,69,70,71,72,73,74,75,76,77,78,79,80,81,82,83,84,85,86,87,88,89,90,91,92,93,94,95,96,97,98,99,100,101,102,103,104,105,106,107,108,109,110,111,112,113,114,115,116,117,118,119,120,121,122,123,124,125,126,127,128,129,130,131,132,133,134,135,136,137,138,139,140,141,142,143,144,145,146,147,148,149,150,151,152,1,2,1,,2027,1,2019,0,0,0,0,0,0,0,0,0,0,0,0,0,0,0,0,0,0,0,0,0,0,0,0,0,0,0,0,0,0,0,0,0,0,0,0,0,0,0,0,0,111587.0078125,119808.046875,127927.0859375,136409.21875,145273.46875,153871.328125,180059.421875,189593.234375,201425.671875,212570.78125,222465.515625,234265.828125,247226.96875,261512.359375,276018.125,290167.25,305734.96875,311520.375,323497.40625,337849.125,350000,1208411.25,1242280,1259813.375,1286167.875,1320537,1357724.5,390000,395961.21875,413653.65625,440935.78125,457285,468611.75,477276.75,484371.6875,490427.5,0,0,0,0,0,0,0,0,0,0,0,0,0,0,0,0,0,0,0,0,0,0,0,0,0,0,0,0,0,0,0,0,0,0,0,0,0,0,0,0,0,0,0,0,0,0,0,0,0
0,0,0,0,0,0,3986,39865,239865,139865,363.0592346191406,55,51,1964,1968,0,0,0,0,0,0,0,0,0,0,0,0,0,0,1,2,3,4,5,6,7,8,9,10,11,12,13,14,15,16,17,18,19,20,21,22,23,24,25,26,27,28,29,30,31,32,33,34,35,36,37,38,39,40,41,42,43,44,45,46,47,48,49,50,51,52,53,54,55,56,57,58,59,60,61,62,63,64,65,66,67,68,69,70,71,72,73,74,75,76,77,78,79,80,81,82,83,84,85,86,87,88,89,90,91,92,93,94,95,96,97,98,99,100,101,102,103,104,105,106,107,108,109,110,111,112,113,114,115,116,117,118,119,120,121,122,123,124,125,126,127,128,129,130,131,132,133,134,135,136,137,138,139,140,141,142,143,144,145,146,147,148,149,150,151,152,153,154,155,156,2,1,1,,,2,2019,0,0,0,0,0,0,0,0,0,0,0,0,0,0,0,0,0,0,0,0,0,0,0,0,0,0,0,0,0,0,0,0,0,0,0,0,0,0,0,0,0,33667.2734375,35922.984375,38118.9609375,40393.765625,42751.2734375,45000,0,0,0,0,0,0,0,0,0,0,0,0,0,0,0,0,0,98131.1640625,99561.28125,101586.390625,103797.9375,0,0,0,0,0,0,0,0,0,0,0,0,0,0,0,0,0,0,0,0,0,0,0,0,0,0,0,0,0,0,0,0,0,0,0,0,0,0,0,0,0,0,0,0,0,0,0,0,0,0,0,0,0,0,0,0,0,0
0,0,0,0,0,0,4415,44151,144151,0,5913.51123046875,72,0,1947,0,4,5,6,7,8,9,10,11,12,13,14,15,16,17,18,19,20,21,22,23,24,25,26,27,28,29,30,31,32,33,34,35,36,37,38,39,40,41,42,43,44,45,46,47,48,49,50,51,52,53,54,55,56,57,58,59,60,61,62,63,64,65,66,67,68,69,70,71,72,73,74,75,76,77,78,79,80,81,82,83,84,85,86,87,88,89,90,91,92,93,94,95,96,97,98,99,100,101,102,103,104,105,106,107,108,109,110,111,112,113,114,115,116,117,118,119,120,121,122,123,124,125,126,127,128,129,130,131,132,133,134,135,136,137,138,139,140,141,142,143,144,145,146,147,148,149,150,151,152,153,154,155,156,157,158,159,160,161,162,163,164,165,166,167,168,169,170,171,172,173,2,0,0,,9999,1,2019,0,0,0,0,0,0,0,0,0,0,0,0,0,0,0,0,0,0,0,0,1459.7596435546875,1581.362548828125,1743.090576171875,2244.798583984375,2535.736083984375,2784.65771484375,3082.7939453125,3421.9638671875,3860.888427734375,4424.60107421875,4979.998046875,5421.53076171875,5820.36279296875,6210.34375,6597.689453125,6909.48876953125,7289.431640625,7739.2412109375,8240.2119140625,8761.8623046875,9208.806640625,9600,0,0,0,0,0,0,0,0,0,0,0,0,0,0,0,0,0,0,0,0,2466.046142578125,2453.52001953125,2408.019287109375,2379.22216796875,2116.681884765625,2106.203125,2080,2043.7818603515625,2066.34375,2131.692138671875,0,0,0,0,0,0,0,0,0,0,0,0,0,0,0,0,0,0,0,0,0,0,0,0,0,0,0,0,0,0,0,0,0,0,0,0,0,0,0,0,0,0,0,0,0,0,0,0,0,0,0,0,0,0
0,0,0,0,0,0,4415,44152,144152,0,5909.86865234375,72,0,1947,0,4,5,6,7,8,9,10,11,12,13,14,15,16,17,18,19,20,21,22,23,24,25,26,27,28,29,30,31,32,33,34,35,36,37,38,39,40,41,42,43,44,45,46,47,48,49,50,51,52,53,54,55,56,57,58,59,60,61,62,63,64,65,66,67,68,69,70,71,72,73,74,75,76,77,78,79,80,81,82,83,84,85,86,87,88,89,90,91,92,93,94,95,96,97,98,99,100,101,102,103,104,105,106,107,108,109,110,111,112,113,114,115,116,117,118,119,120,121,122,123,124,125,126,127,128,129,130,131,132,133,134,135,136,137,138,139,140,141,142,143,144,145,146,147,148,149,150,151,152,153,154,155,156,157,158,159,160,161,162,163,164,165,166,167,168,169,170,171,172,173,2,0,0,,9999,1,2019,0,0,0,0,0,0,0,0,0,0,0,0,0,0,0,0,0,0,0,0,1459.7596435546875,1581.362548828125,1743.090576171875,2244.798583984375,2535.736083984375,2784.65771484375,3082.7939453125,3421.9638671875,3860.888427734375,4424.60107421875,4979.998046875,5421.53076171875,5820.36279296875,6210.34375,6597.689453125,6909.48876953125,7289.431640625,7739.2412109375,8240.2119140625,8761.8623046875,9208.806640625,9600,0,0,0,0,0,0,0,0,0,0,0,0,0,0,0,0,0,0,0,0,2466.046142578125,2453.52001953125,2408.019287109375,2379.22216796875,2116.681884765625,2106.203125,2080,2043.7818603515625,2066.34375,2131.692138671875,0,0,0,0,0,0,0,0,0,0,0,0,0,0,0,0,0,0,0,0,0,0,0,0,0,0,0,0,0,0,0,0,0,0,0,0,0,0,0,0,0,0,0,0,0,0,0,0,0,0,0,0,0,0
0,0,0,0,0,0,4415,44153,144153,0,5915.765625,72,0,1947,0,4,5,6,7,8,9,10,11,12,13,14,15,16,17,18,19,20,21,22,23,24,25,26,27,28,29,30,31,32,33,34,35,36,37,38,39,40,41,42,43,44,45,46,47,48,49,50,51,52,53,54,55,56,57,58,59,60,61,62,63,64,65,66,67,68,69,70,71,72,73,74,75,76,77,78,79,80,81,82,83,84,85,86,87,88,89,90,91,92,93,94,95,96,97,98,99,100,101,102,103,104,105,106,107,108,109,110,111,112,113,114,115,116,117,118,119,120,121,122,123,124,125,126,127,128,129,130,131,132,133,134,135,136,137,138,139,140,141,142,143,144,145,146,147,148,149,150,151,152,153,154,155,156,157,158,159,160,161,162,163,164,165,166,167,168,169,170,171,172,173,2,0,0,,9999,1,2019,0,0,0,0,0,0,0,0,0,0,0,0,0,0,0,0,0,0,0,0,1459.7596435546875,1581.362548828125,1743.090576171875,2244.798583984375,2535.736083984375,2784.65771484375,3082.7939453125,3421.9638671875,3860.888427734375,4424.60107421875,4979.998046875,5421.53076171875,5820.36279296875,6210.34375,6597.689453125,6909.48876953125,7289.431640625,7739.2412109375,8240.2119140625,8761.8623046875,9208.806640625,9600,0,0,0,0,0,0,0,0,0,0,0,0,0,0,0,0,0,0,0,0,2466.046142578125,2453.52001953125,2408.019287109375,2379.22216796875,2116.681884765625,2106.203125,2080,2043.7818603515625,2066.34375,2131.692138671875,0,0,0,0,0,0,0,0,0,0,0,0,0,0,0,0,0,0,0,0,0,0,0,0,0,0,0,0,0,0,0,0,0,0,0,0,0,0,0,0,0,0,0,0,0,0,0,0,0,0,0,0,0,0
0,0,0,0,0,0,4415,44154,144154,0,5908.04931640625,72,0,1947,0,4,5,6,7,8,9,10,11,12,13,14,15,16,17,18,19,20,21,22,23,24,25,26,27,28,29,30,31,32,33,34,35,36,37,38,39,40,41,42,43,44,45,46,47,48,49,50,51,52,53,54,55,56,57,58,59,60,61,62,63,64,65,66,67,68,69,70,71,72,73,74,75,76,77,78,79,80,81,82,83,84,85,86,87,88,89,90,91,92,93,94,95,96,97,98,99,100,101,102,103,104,105,106,107,108,109,110,111,112,113,114,115,116,117,118,119,120,121,122,123,124,125,126,127,128,129,130,131,132,133,134,135,136,137,138,139,140,141,142,143,144,145,146,147,148,149,150,151,152,153,154,155,156,157,158,159,160,161,162,163,164,165,166,167,168,169,170,171,172,173,2,0,0,,9999,1,2019,0,0,0,0,0,0,0,0,0,0,0,0,0,0,0,0,0,0,0,0,1459.7596435546875,1581.362548828125,1743.090576171875,2244.798583984375,2535.736083984375,2784.65771484375,3082.7939453125,3421.9638671875,3860.888427734375,4424.60107421875,4979.998046875,5421.53076171875,5820.36279296875,6210.34375,6597.689453125,6909.48876953125,7289.431640625,7739.2412109375,8240.2119140625,8761.8623046875,9208.806640625,9600,0,0,0,0,0,0,0,0,0,0,0,0,0,0,0,0,0,0,0,0,2466.046142578125,2453.52001953125,2408.019287109375,2379.22216796875,2116.681884765625,2106.203125,2080,2043.7818603515625,2066.34375,2131.692138671875,0,0,0,0,0,0,0,0,0,0,0,0,0,0,0,0,0,0,0,0,0,0,0,0,0,0,0,0,0,0,0,0,0,0,0,0,0,0,0,0,0,0,0,0,0,0,0,0,0,0,0,0,0,0
0,0,0,0,0,0,4415,44155,144155,0,5915.427734375,72,0,1947,0,4,5,6,7,8,9,10,11,12,13,14,15,16,17,18,19,20,21,22,23,24,25,26,27,28,29,30,31,32,33,34,35,36,37,38,39,40,41,42,43,44,45,46,47,48,49,50,51,52,53,54,55,56,57,58,59,60,61,62,63,64,65,66,67,68,69,70,71,72,73,74,75,76,77,78,79,80,81,82,83,84,85,86,87,88,89,90,91,92,93,94,95,96,97,98,99,100,101,102,103,104,105,106,107,108,109,110,111,112,113,114,115,116,117,118,119,120,121,122,123,124,125,126,127,128,129,130,131,132,133,134,135,136,137,138,139,140,141,142,143,144,145,146,147,148,149,150,151,152,153,154,155,156,157,158,159,160,161,162,163,164,165,166,167,168,169,170,171,172,173,2,0,0,,9999,1,2019,0,0,0,0,0,0,0,0,0,0,0,0,0,0,0,0,0,0,0,0,1459.7596435546875,1581.362548828125,1743.090576171875,2244.798583984375,2535.736083984375,2784.65771484375,3082.7939453125,3421.9638671875,3860.888427734375,4424.60107421875,4979.998046875,5421.53076171875,5820.36279296875,6210.34375,6597.689453125,6909.48876953125,7289.431640625,7739.2412109375,8240.2119140625,8761.8623046875,9208.806640625,9600,0,0,0,0,0,0,0,0,0,0,0,0,0,0,0,0,0,0,0,0,2466.046142578125,2453.52001953125,2408.019287109375,2379.22216796875,2116.681884765625,2106.203125,2080,2043.7818603515625,2066.34375,2131.692138671875,0,0,0,0,0,0,0,0,0,0,0,0,0,0,0,0,0,0,0,0,0,0,0,0,0,0,0,0,0,0,0,0,0,0,0,0,0,0,0,0,0,0,0,0,0,0,0,0,0,0,0,0,0,0
0,0,0,0,0,0,4812,48121,148121,248121,706.55487060546875,52,50,1967,1969,0,0,0,0,0,0,0,0,0,0,0,0,0,0,0,0,0,1,2,3,4,5,6,7,8,9,10,11,12,13,14,15,16,17,18,19,20,21,22,23,24,25,26,27,28,29,30,31,32,33,34,35,36,37,38,39,40,41,42,43,44,45,46,47,48,49,50,51,52,53,54,55,56,57,58,59,60,61,62,63,64,65,66,67,68,69,70,71,72,73,74,75,76,77,78,79,80,81,82,83,84,85,86,87,88,89,90,91,92,93,94,95,96,97,98,99,100,101,102,103,104,105,106,107,108,109,110,111,112,113,114,115,116,117,118,119,120,121,122,123,124,125,126,127,128,129,130,131,132,133,134,135,136,137,138,139,140,141,142,143,144,145,146,147,148,149,150,151,152,153,1,2,1,2035,9999,1,2019,0,0,0,0,0,0,0,0,0,0,0,0,0,0,0,0,0,0,0,0,0,0,0,0,0,0,0,0,0,0,0,0,0,0,0,0,0,0,0,0,0,0,0,0,0,0,0,0,0,0,70298.0390625,73455.7109375,77231.53125,81377.578125,85945.6640625,90571.625,95066.3046875,100010.5390625,101744.3515625,105491.6015625,110000,576822.8125,592516.125,608174.4375,615797.75,627700.3125,643469.6875,660560.1875,673000,682221.9375,711595.375,757346.875,784204.4375,802376.75,815940.8125,826780,835813.3125,843688.0625,850527.0625,856164.9375,860524.75,863568.5,865281.1875,865650.0625,864673.6875,242750.203125,241722.328125,240324.546875,238562.515625,236444.984375,233980.90625,231182.03125,0,0,0,0,0,0,0,0,0,0,0,0,0,0,0,0,0,0,0,0,0,0,0,0,0,0,0,0,0,0,0,0,0,0
0,0,0,0,0,0,4812,48121,248121,148121,706.55487060546875,50,52,1969,1967,0,0,0,0,0,0,0,0,0,0,0,0,0,0,0,0,0,0,0,1,2,3,4,5,6,7,8,9,10,11,12,13,14,15,16,17,18,19,20,21,22,23,24,25,26,27,28,29,30,31,32,33,34,35,36,37,38,39,40,41,42,43,44,45,46,47,48,49,50,51,52,53,54,55,56,57,58,59,60,61,62,63,64,65,66,67,68,69,70,71,72,73,74,75,76,77,78,79,80,81,82,83,84,85,86,87,88,89,90,91,92,93,94,95,96,97,98,99,100,101,102,103,104,105,106,107,108,109,110,111,112,113,114,115,116,117,118,119,120,121,122,123,124,125,126,127,128,129,130,131,132,133,134,135,136,137,138,139,140,141,142,143,144,145,146,147,148,149,150,151,2,1,1,,,2,2019,0,0,0,0,0,0,0,0,0,0,0,0,0,0,0,0,0,0,0,0,0,0,0,0,0,0,0,0,0,0,0,0,0,0,0,0,0,0,0,0,0,0,0,0,0,0,0,0,0,0,0,0,35815.3359375,37855.8203125,40105.7109375,42396.33984375,44639.234375,47107.47265625,48073.78515625,50000,0,54265.13671875,55915.546875,57572.3671875,58476.04296875,59792.48046875,61486.00390625,63316.15234375,0,0,0,0,0,0,0,0,0,0,0,0,0,0,0,0,0,0,0,0,0,0,0,0,0,0,0,0,0,0,0,0,0,0,0,0,0,0,0,0,0,0,0,0,0,0,0,0,0,0,0,0,0,0,0,0,0,0
0,0,0,0,0,0,4812,48122,148122,248122,734.4466552734375,52,50,1967,1969,0,0,0,0,0,0,0,0,0,0,0,0,0,0,0,0,0,1,2,3,4,5,6,7,8,9,10,11,12,13,14,15,16,17,18,19,20,21,22,23,24,25,26,27,28,29,30,31,32,33,34,35,36,37,38,39,40,41,42,43,44,45,46,47,48,49,50,51,52,53,54,55,56,57,58,59,60,61,62,63,64,65,66,67,68,69,70,71,72,73,74,75,76,77,78,79,80,81,82,83,84,85,86,87,88,89,90,91,92,93,94,95,96,97,98,99,100,101,102,103,104,105,106,107,108,109,110,111,112,113,114,115,116,117,118,119,120,121,122,123,124,125,126,127,128,129,130,131,132,133,134,135,136,137,138,139,140,141,142,143,144,145,146,147,148,149,150,151,152,153,1,2,1,2035,9999,1,2019,0,0,0,0,0,0,0,0,0,0,0,0,0,0,0,0,0,0,0,0,0,0,0,0,0,0,0,0,0,0,0,0,0,0,0,0,0,0,0,0,0,0,0,0,0,0,0,0,0,0,70298.0390625,73455.7109375,77231.53125,81377.578125,85945.6640625,90571.625,95066.3046875,100010.5390625,101744.3515625,105491.6015625,110000,576822.8125,592516.125,608174.4375,615797.75,627700.3125,643469.6875,660560.1875,673000,682221.9375,711595.375,757346.875,784204.4375,802376.75,815940.8125,826780,835813.3125,843688.0625,850527.0625,856164.9375,860524.75,863568.5,865281.1875,865650.0625,864673.6875,242750.203125,241722.328125,240324.546875,238562.515625,236444.984375,233980.90625,231182.03125,0,0,0,0,0,0,0,0,0,0,0,0,0,0,0,0,0,0,0,0,0,0,0,0,0,0,0,0,0,0,0,0,0,0
0,0,0,0,0,0,4812,48122,248122,148122,734.4466552734375,50,52,1969,1967,0,0,0,0,0,0,0,0,0,0,0,0,0,0,0,0,0,0,0,1,2,3,4,5,6,7,8,9,10,11,12,13,14,15,16,17,18,19,20,21,22,23,24,25,26,27,28,29,30,31,32,33,34,35,36,37,38,39,40,41,42,43,44,45,46,47,48,49,50,51,52,53,54,55,56,57,58,59,60,61,62,63,64,65,66,67,68,69,70,71,72,73,74,75,76,77,78,79,80,81,82,83,84,85,86,87,88,89,90,91,92,93,94,95,96,97,98,99,100,101,102,103,104,105,106,107,108,109,110,111,112,113,114,115,116,117,118,119,120,121,122,123,124,125,126,127,128,129,130,131,132,133,134,135,136,137,138,139,140,141,142,143,144,145,146,147,148,149,150,151,2,1,1,,,2,2019,0,0,0,0,0,0,0,0,0,0,0,0,0,0,0,0,0,0,0,0,0,0,0,0,0,0,0,0,0,0,0,0,0,0,0,0,0,0,0,0,0,0,0,0,0,0,0,0,0,0,0,0,35815.3359375,37855.8203125,40105.7109375,42396.33984375,44639.234375,47107.47265625,48073.78515625,50000,14722.189453125,54265.13671875,55915.546875,57572.3671875,58476.04296875,59792.48046875,61486.00390625,63316.15234375,0,0,0,0,0,0,0,0,0,0,0,0,0,0,0,0,0,0,0,0,0,0,0,0,0,0,0,0,0,0,0,0,0,0,0,0,0,0,0,0,0,0,0,0,0,0,0,0,0,0,0,0,0,0,0,0,0,0
0,0,0,0,0,0,4812,48123,148123,248123,757.1478271484375,52,50,1967,1969,0,0,0,0,0,0,0,0,0,0,0,0,0,0,0,0,0,1,2,3,4,5,6,7,8,9,10,11,12,13,14,15,16,17,18,19,20,21,22,23,24,25,26,27,28,29,30,31,32,33,34,35,36,37,38,39,40,41,42,43,44,45,46,47,48,49,50,51,52,53,54,55,56,57,58,59,60,61,62,63,64,65,66,67,68,69,70,71,72,73,74,75,76,77,78,79,80,81,82,83,84,85,86,87,88,89,90,91,92,93,94,95,96,97,98,99,100,101,102,103,104,105,106,107,108,109,110,111,112,113,114,115,116,117,118,119,120,121,122,123,124,125,126,127,128,129,130,131,132,133,134,135,136,137,138,139,140,141,142,143,144,145,146,147,148,149,150,151,152,153,1,2,1,2035,9999,1,2019,0,0,0,0,0,0,0,0,0,0,0,0,0,0,0,0,0,0,0,0,0,0,0,0,0,0,0,0,0,0,0,0,0,0,0,0,0,0,0,0,0,0,0,0,0,0,0,0,0,0,70298.0390625,73455.7109375,77231.53125,81377.578125,85945.6640625,90571.625,95066.3046875,100010.5390625,101744.3515625,105491.6015625,110000,576822.8125,592516.125,608174.4375,615797.75,627700.3125,643469.6875,660560.1875,673000,682221.9375,711595.375,757346.875,784204.4375,802376.75,815940.8125,826780,835813.3125,843688.0625,850527.0625,856164.9375,860524.75,863568.5,865281.1875,865650.0625,864673.6875,242750.203125,241722.328125,240324.546875,238562.515625,236444.984375,233980.90625,231182.03125,0,0,0,0,0,0,0,0,0,0,0,0,0,0,0,0,0,0,0,0,0,0,0,0,0,0,0,0,0,0,0,0,0,0
0,0,0,0,0,0,4812,48123,248123,148123,757.1478271484375,50,52,1969,1967,0,0,0,0,0,0,0,0,0,0,0,0,0,0,0,0,0,0,0,1,2,3,4,5,6,7,8,9,10,11,12,13,14,15,16,17,18,19,20,21,22,23,24,25,26,27,28,29,30,31,32,33,34,35,36,37,38,39,40,41,42,43,44,45,46,47,48,49,50,51,52,53,54,55,56,57,58,59,60,61,62,63,64,65,66,67,68,69,70,71,72,73,74,75,76,77,78,79,80,81,82,83,84,85,86,87,88,89,90,91,92,93,94,95,96,97,98,99,100,101,102,103,104,105,106,107,108,109,110,111,112,113,114,115,116,117,118,119,120,121,122,123,124,125,126,127,128,129,130,131,132,133,134,135,136,137,138,139,140,141,142,143,144,145,146,147,148,149,150,151,2,1,1,,,2,2019,0,0,0,0,0,0,0,0,0,0,0,0,0,0,0,0,0,0,0,0,0,0,0,0,0,0,0,0,0,0,0,0,0,0,0,0,0,0,0,0,0,0,0,0,0,0,0,0,0,0,0,0,35815.3359375,37855.8203125,40105.7109375,42396.33984375,44639.234375,47107.47265625,48073.78515625,50000,0,54265.13671875,55915.546875,57572.3671875,58476.04296875,59792.48046875,61486.00390625,63316.15234375,0,0,0,0,0,0,0,0,0,0,0,0,0,0,0,0,0,0,0,0,0,0,0,0,0,0,0,0,0,0,0,0,0,0,0,0,0,0,0,0,0,0,0,0,0,0,0,0,0,0,0,0,0,0,0,0,0,0
0,0,0,0,0,0,4812,48124,148124,248124,735.8875732421875,52,50,1967,1969,0,0,0,0,0,0,0,0,0,0,0,0,0,0,0,0,0,1,2,3,4,5,6,7,8,9,10,11,12,13,14,15,16,17,18,19,20,21,22,23,24,25,26,27,28,29,30,31,32,33,34,35,36,37,38,39,40,41,42,43,44,45,46,47,48,49,50,51,52,53,54,55,56,57,58,59,60,61,62,63,64,65,66,67,68,69,70,71,72,73,74,75,76,77,78,79,80,81,82,83,84,85,86,87,88,89,90,91,92,93,94,95,96,97,98,99,100,101,102,103,104,105,106,107,108,109,110,111,112,113,114,115,116,117,118,119,120,121,122,123,124,125,126,127,128,129,130,131,132,133,134,135,136,137,138,139,140,141,142,143,144,145,146,147,148,149,150,151,152,153,1,2,1,2035,9999,1,2019,0,0,0,0,0,0,0,0,0,0,0,0,0,0,0,0,0,0,0,0,0,0,0,0,0,0,0,0,0,0,0,0,0,0,0,0,0,0,0,0,0,0,0,0,0,0,0,0,0,0,70298.0390625,73455.7109375,77231.53125,81377.578125,85945.6640625,90571.625,95066.3046875,100010.5390625,101744.3515625,105491.6015625,110000,576822.8125,592516.125,608174.4375,615797.75,627700.3125,643469.6875,660560.1875,673000,682221.9375,711595.375,757346.875,784204.4375,802376.75,815940.8125,826780,835813.3125,843688.0625,850527.0625,856164.9375,860524.75,863568.5,865281.1875,865650.0625,864673.6875,242750.203125,241722.328125,240324.546875,238562.515625,236444.984375,233980.90625,231182.03125,0,0,0,0,0,0,0,0,0,0,0,0,0,0,0,0,0,0,0,0,0,0,0,0,0,0,0,0,0,0,0,0,0,0
0,0,0,0,0,0,4812,48124,248124,148124,735.8875732421875,50,52,1969,1967,0,0,0,0,0,0,0,0,0,0,0,0,0,0,0,0,0,0,0,1,2,3,4,5,6,7,8,9,10,11,12,13,14,15,16,17,18,19,20,21,22,23,24,25,26,27,28,29,30,31,32,33,34,35,36,37,38,39,40,41,42,43,44,45,46,47,48,49,50,51,52,53,54,55,56,57,58,59,60,61,62,63,64,65,66,67,68,69,70,71,72,73,74,75,76,77,78,79,80,81,82,83,84,85,86,87,88,89,90,91,92,93,94,95,96,97,98,99,100,101,102,103,104,105,106,107,108,109,110,111,112,113,114,115,116,117,118,119,120,121,122,123,124,125,126,127,128,129,130,131,132,133,134,135,136,137,138,139,140,141,142,143,144,145,146,147,148,149,150,151,2,1,1,,,2,2019,0,0,0,0,0,0,0,0,0,0,0,0,0,0,0,0,0,0,0,0,0,0,0,0,0,0,0,0,0,0,0,0,0,0,0,0,0,0,0,0,0,0,0,0,0,0,0,0,0,0,0,0,35815.3359375,37855.8203125,40105.7109375,42396.33984375,44639.234375,47107.47265625,48073.78515625,50000,0,54265.13671875,55915.546875,57572.3671875,58476.04296875,59792.48046875,61486.00390625,63316.15234375,0,0,0,0,0,0,0,0,0,0,0,0,0,0,0,0,0,0,0,0,0,0,0,0,0,0,0,0,0,0,0,0,0,0,0,0,0,0,0,0,0,0,0,0,0,0,0,0,0,0,0,0,0,0,0,0,0,0
0,0,0,0,0,0,4812,48125,148125,248125,709.55950927734375,52,50,1967,1969,0,0,0,0,0,0,0,0,0,0,0,0,0,0,0,0,0,1,2,3,4,5,6,7,8,9,10,11,12,13,14,15,16,17,18,19,20,21,22,23,24,25,26,27,28,29,30,31,32,33,34,35,36,37,38,39,40,41,42,43,44,45,46,47,48,49,50,51,52,53,54,55,56,57,58,59,60,61,62,63,64,65,66,67,68,69,70,71,72,73,74,75,76,77,78,79,80,81,82,83,84,85,86,87,88,89,90,91,92,93,94,95,96,97,98,99,100,101,102,103,104,105,106,107,108,109,110,111,112,113,114,115,116,117,118,119,120,121,122,123,124,125,126,127,128,129,130,131,132,133,134,135,136,137,138,139,140,141,142,143,144,145,146,147,148,149,150,151,152,153,1,2,1,2035,9999,1,2019,0,0,0,0,0,0,0,0,0,0,0,0,0,0,0,0,0,0,0,0,0,0,0,0,0,0,0,0,0,0,0,0,0,0,0,0,0,0,0,0,0,0,0,0,0,0,0,0,0,0,70298.0390625,73455.7109375,77231.53125,81377.578125,85945.6640625,90571.625,95066.3046875,100010.5390625,101744.3515625,105491.6015625,110000,576822.8125,592516.125,608174.4375,615797.75,627700.3125,643469.6875,660560.1875,673000,682221.9375,711595.375,757346.875,784204.4375,802376.75,815940.8125,826780,835813.3125,843688.0625,850527.0625,856164.9375,860524.75,863568.5,865281.1875,865650.0625,864673.6875,242750.203125,241722.328125,240324.546875,238562.515625,236444.984375,233980.90625,231182.03125,0,0,0,0,0,0,0,0,0,0,0,0,0,0,0,0,0,0,0,0,0,0,0,0,0,0,0,0,0,0,0,0,0,0
0,0,0,0,0,0,4812,48125,248125,148125,709.55950927734375,50,52,1969,1967,0,0,0,0,0,0,0,0,0,0,0,0,0,0,0,0,0,0,0,1,2,3,4,5,6,7,8,9,10,11,12,13,14,15,16,17,18,19,20,21,22,23,24,25,26,27,28,29,30,31,32,33,34,35,36,37,38,39,40,41,42,43,44,45,46,47,48,49,50,51,52,53,54,55,56,57,58,59,60,61,62,63,64,65,66,67,68,69,70,71,72,73,74,75,76,77,78,79,80,81,82,83,84,85,86,87,88,89,90,91,92,93,94,95,96,97,98,99,100,101,102,103,104,105,106,107,108,109,110,111,112,113,114,115,116,117,118,119,120,121,122,123,124,125,126,127,128,129,130,131,132,133,134,135,136,137,138,139,140,141,142,143,144,145,146,147,148,149,150,151,2,1,1,,,2,2019,0,0,0,0,0,0,0,0,0,0,0,0,0,0,0,0,0,0,0,0,0,0,0,0,0,0,0,0,0,0,0,0,0,0,0,0,0,0,0,0,0,0,0,0,0,0,0,0,0,0,0,0,35815.3359375,37855.8203125,40105.7109375,42396.33984375,44639.234375,47107.47265625,48073.78515625,50000,0,54265.13671875,55915.546875,57572.3671875,58476.04296875,59792.48046875,61486.00390625,63316.15234375,0,0,0,0,0,0,0,0,0,0,0,0,0,0,0,0,0,0,0,0,0,0,0,0,0,0,0,0,0,0,0,0,0,0,0,0,0,0,0,0,0,0,0,0,0,0,0,0,0,0,0,0,0,0,0,0,0,0
0,0,0,0,0,0,5204,52041,152041,0,2693.248046875,53,0,1966,0,0,0,0,0,0,0,0,0,0,0,0,0,0,0,0,0,1,2,3,4,5,6,7,8,9,10,11,12,13,14,15,16,17,18,19,20,21,22,23,24,25,26,27,28,29,30,31,32,33,34,35,36,37,38,39,40,41,42,43,44,45,46,47,48,49,50,51,52,53,54,55,56,57,58,59,60,61,62,63,64,65,66,67,68,69,70,71,72,73,74,75,76,77,78,79,80,81,82,83,84,85,86,87,88,89,90,91,92,93,94,95,96,97,98,99,100,101,102,103,104,105,106,107,108,109,110,111,112,113,114,115,116,117,118,119,120,121,122,123,124,125,126,127,128,129,130,131,132,133,134,135,136,137,138,139,140,141,142,143,144,145,146,147,148,149,150,151,152,153,154,2,0,0,2030,2032,1,2019,0,0,0,0,0,0,0,0,0,0,0,0,0,0,0,0,0,0,0,0,0,0,0,0,0,0,0,0,0,0,0,0,0,0,0,0,0,0,0,0,0,0,0,0,0,0,0,0,0,0,0,0,0,346302.75,365172.75,384228.71875,402667.59375,422950.40625,429612.4375,444741.09375,463025.90625,478185.5625,439098.21875,450000,138109.0625,140559.3125,143866.15625,147457.125,150000,151818.640625,158108.546875,168011.84375,173699.109375,177447.484375,180166.078125,182275.1875,183979.609375,185423.65625,186635.46875,187580.09375,52989.43359375,53094.0625,0,0,0,0,0,0,0,0,0,0,0,0,0,0,0,0,0,0,0,0,0,0,0,0,0,0,0,0,0,0,0,0,0,0,0,0,0,0,0,0,0,0,0,0
0,0,0,0,0,0,5204,52042,152042,0,2652.563232421875,53,0,1966,0,0,0,0,0,0,0,0,0,0,0,0,0,0,0,0,0,1,2,3,4,5,6,7,8,9,10,11,12,13,14,15,16,17,18,19,20,21,22,23,24,25,26,27,28,29,30,31,32,33,34,35,36,37,38,39,40,41,42,43,44,45,46,47,48,49,50,51,52,53,54,55,56,57,58,59,60,61,62,63,64,65,66,67,68,69,70,71,72,73,74,75,76,77,78,79,80,81,82,83,84,85,86,87,88,89,90,91,92,93,94,95,96,97,98,99,100,101,102,103,104,105,106,107,108,109,110,111,112,113,114,115,116,117,118,119,120,121,122,123,124,125,126,127,128,129,130,131,132,133,134,135,136,137,138,139,140,141,142,143,144,145,146,147,148,149,150,151,152,153,154,2,0,0,2030,2032,1,2019,0,0,0,0,0,0,0,0,0,0,0,0,0,0,0,0,0,0,0,0,0,0,0,0,0,0,0,0,0,0,0,0,0,0,0,0,0,0,0,0,0,0,0,0,0,0,0,0,0,0,0,0,0,346302.75,365172.75,384228.71875,402667.59375,422950.40625,429612.4375,444741.09375,463025.90625,478185.5625,439098.21875,450000,138109.0625,140559.3125,143866.15625,147457.125,150000,151818.640625,158108.546875,168011.84375,173699.109375,177447.484375,180166.078125,182275.1875,183979.609375,185423.65625,186635.46875,187580.09375,52989.43359375,53094.0625,0,0,0,0,0,0,0,0,0,0,0,0,0,0,0,0,0,0,0,0,0,0,0,0,0,0,0,0,0,0,0,0,0,0,0,0,0,0,0,0,0,0,0,0
0,0,0,0,0,0,5204,52043,152043,0,2572.247802734375,53,0,1966,0,0,0,0,0,0,0,0,0,0,0,0,0,0,0,0,0,1,2,3,4,5,6,7,8,9,10,11,12,13,14,15,16,17,18,19,20,21,22,23,24,25,26,27,28,29,30,31,32,33,34,35,36,37,38,39,40,41,42,43,44,45,46,47,48,49,50,51,52,53,54,55,56,57,58,59,60,61,62,63,64,65,66,67,68,69,70,71,72,73,74,75,76,77,78,79,80,81,82,83,84,85,86,87,88,89,90,91,92,93,94,95,96,97,98,99,100,101,102,103,104,105,106,107,108,109,110,111,112,113,114,115,116,117,118,119,120,121,122,123,124,125,126,127,128,129,130,131,132,133,134,135,136,137,138,139,140,141,142,143,144,145,146,147,148,149,150,151,152,153,154,2,0,0,2030,2032,1,2019,0,0,0,0,0,0,0,0,0,0,0,0,0,0,0,0,0,0,0,0,0,0,0,0,0,0,0,0,0,0,0,0,0,0,0,0,0,0,0,0,0,0,0,0,0,0,0,0,0,0,0,0,0,346302.75,365172.75,384228.71875,402667.59375,422950.40625,429612.4375,444741.09375,463025.90625,478185.5625,439098.21875,450000,138109.0625,140559.3125,143866.15625,147457.125,150000,151818.640625,158108.546875,168011.84375,173699.109375,177447.484375,180166.078125,182275.1875,183979.609375,185423.65625,186635.46875,187580.09375,52989.43359375,53094.0625,0,0,0,0,0,0,0,0,0,0,0,0,0,0,0,0,0,0,0,0,0,0,0,0,0,0,0,0,0,0,0,0,0,0,0,0,0,0,0,0,0,0,0,0
0,0,0,0,0,0,5204,52044,152044,0,2691.626708984375,53,0,1966,0,0,0,0,0,0,0,0,0,0,0,0,0,0,0,0,0,1,2,3,4,5,6,7,8,9,10,11,12,13,14,15,16,17,18,19,20,21,22,23,24,25,26,27,28,29,30,31,32,33,34,35,36,37,38,39,40,41,42,43,44,45,46,47,48,49,50,51,52,53,54,55,56,57,58,59,60,61,62,63,64,65,66,67,68,69,70,71,72,73,74,75,76,77,78,79,80,81,82,83,84,85,86,87,88,89,90,91,92,93,94,95,96,97,98,99,100,101,102,103,104,105,106,107,108,109,110,111,112,113,114,115,116,117,118,119,120,121,122,123,124,125,126,127,128,129,130,131,132,133,134,135,136,137,138,139,140,141,142,143,144,145,146,147,148,149,150,151,152,153,154,2,0,0,2030,2032,1,2019,0,0,0,0,0,0,0,0,0,0,0,0,0,0,0,0,0,0,0,0,0,0,0,0,0,0,0,0,0,0,0,0,0,0,0,0,0,0,0,0,0,0,0,0,0,0,0,0,0,0,0,0,0,346302.75,365172.75,384228.71875,402667.59375,422950.40625,429612.4375,444741.09375,463025.90625,478185.5625,439098.21875,450000,138109.0625,140559.3125,143866.15625,147457.125,150000,151818.640625,158108.546875,168011.84375,173699.109375,177447.484375,180166.078125,182275.1875,183979.609375,185423.65625,186635.46875,187580.09375,52989.43359375,53094.0625,0,0,0,0,0,0,0,0,0,0,0,0,0,0,0,0,0,0,0,0,0,0,0,0,0,0,0,0,0,0,0,0,0,0,0,0,0,0,0,0,0,0,0,0
0,0,0,0,0,0,5204,52045,152045,0,2671.14599609375,53,0,1966,0,0,0,0,0,0,0,0,0,0,0,0,0,0,0,0,0,1,2,3,4,5,6,7,8,9,10,11,12,13,14,15,16,17,18,19,20,21,22,23,24,25,26,27,28,29,30,31,32,33,34,35,36,37,38,39,40,41,42,43,44,45,46,47,48,49,50,51,52,53,54,55,56,57,58,59,60,61,62,63,64,65,66,67,68,69,70,71,72,73,74,75,76,77,78,79,80,81,82,83,84,85,86,87,88,89,90,91,92,93,94,95,96,97,98,99,100,101,102,103,104,105,106,107,108,109,110,111,112,113,114,115,116,117,118,119,120,121,122,123,124,125,126,127,128,129,130,131,132,133,134,135,136,137,138,139,140,141,142,143,144,145,146,147,148,149,150,151,152,153,154,2,0,0,2030,2032,1,2019,0,0,0,0,0,0,0,0,0,0,0,0,0,0,0,0,0,0,0,0,0,0,0,0,0,0,0,0,0,0,0,0,0,0,0,0,0,0,0,0,0,0,0,0,0,0,0,0,0,0,0,0,0,346302.75,365172.75,384228.71875,402667.59375,422950.40625,429612.4375,444741.09375,463025.90625,478185.5625,439098.21875,450000,138109.0625,140559.3125,143866.15625,147457.125,150000,151818.640625,158108.546875,168011.84375,173699.109375,177447.484375,180166.078125,182275.1875,183979.609375,185423.65625,186635.46875,187580.09375,52989.43359375,53094.0625,0,0,0,0,0,0,0,0,0,0,0,0,0,0,0,0,0,0,0,0,0,0,0,0,0,0,0,0,0,0,0,0,0,0,0,0,0,0,0,0,0,0,0,0
0,0,0,0,0,0,5555,55551,155551,255551,1055.9495849609375,57,57,1962,1962,0,0,0,0,0,0,0,0,0,0,0,0,1,2,3,4,5,6,7,8,9,10,11,12,13,14,15,16,17,18,19,20,21,22,23,24,25,26,27,28,29,30,31,32,33,34,35,36,37,38,39,40,41,42,43,44,45,46,47,48,49,50,51,52,53,54,55,56,57,58,59,60,61,62,63,64,65,66,67,68,69,70,71,72,73,74,75,76,77,78,79,80,81,82,83,84,85,86,87,88,89,90,91,92,93,94,95,96,97,98,99,100,101,102,103,104,105,106,107,108,109,110,111,112,113,114,115,116,117,118,119,120,121,122,123,124,125,126,127,128,129,130,131,132,133,134,135,136,137,138,139,140,141,142,143,144,145,146,147,148,149,150,151,152,153,154,155,156,157,158,1,2,1,2022,9999,1,2019,0,0,0,0,0,0,0,0,0,0,0,0,0,0,0,0,0,0,0,0,0,0,0,0,0,0,0,0,0,0,0,0,0,0,0,0,0,0,0,0,0,0,248249.21875,262604.75,277409.90625,292686.53125,307123,318781.34375,332535.53125,350000,0,0,0,0,626681.375,680146.125,735229.8125,767463.25,774707.0625,797003.1875,824612.3125,846317.0625,862593.5625,878514.875,882620.5625,892696.0625,908018.625,924898.3125,935000,940454,973329.6875,1027866.3125,297275.96875,301803.4375,304522.5625,306172.46875,307114.84375,307601.15625,307687.28125,307322.125,306489.125,305185.1875,303416.5625,301189.15625,298513.59375,295401.75,291867.40625,0,0,0,0,0,0,0,0,0,0,0,0,0,0,0,0,0,0,0,0,0,0,0,0,0,0,0,0,0,0,0,0,0,0,0,0,0,0,0
0,0,0,0,0,0,5555,55551,255551,155551,1055.9495849609375,57,57,1962,1962,0,0,0,0,0,0,0,0,0,0,0,0,1,2,3,4,5,6,7,8,9,10,11,12,13,14,15,16,17,18,19,20,21,22,23,24,25,26,27,28,29,30,31,32,33,34,35,36,37,38,39,40,41,42,43,44,45,46,47,48,49,50,51,52,53,54,55,56,57,58,59,60,61,62,63,64,65,66,67,68,69,70,71,72,73,74,75,76,77,78,79,80,81,82,83,84,85,86,87,88,89,90,91,92,93,94,95,96,97,98,99,100,101,102,103,104,105,106,107,108,109,110,111,112,113,114,115,116,117,118,119,120,121,122,123,124,125,126,127,128,129,130,131,132,133,134,135,136,137,138,139,140,141,142,143,144,145,146,147,148,149,150,151,152,153,154,155,156,157,158,2,1,1,2022,2022,2,2019,0,0,0,0,0,0,0,0,0,0,0,0,0,0,0,0,0,0,0,0,0,0,0,0,0,0,0,0,0,0,0,0,27000,93342.9296875,101510.84375,108823.03125,117523.125,142658.671875,155486.578125,169241.046875,182082.15625,194307.625,206680.90625,218632.65625,230958.75,243677.375,255696.5,265402.6875,276853.8125,291394.03125,304654.5,315867.46875,329525.75,344519.96875,361034.375,377513.1875,393171.03125,410408.1875,414281.84375,426204.90625,440969.15625,452575.96875,461279.96875,469794.0625,471989.59375,477377.59375,485571.46875,494598.03125,500000,502916.59375,520497.15625,549661.125,0,0,0,0,0,0,0,0,0,0,0,0,0,0,0,0,0,0,0,0,0,0,0,0,0,0,0,0,0,0,0,0,0,0,0,0,0,0,0,0,0,0,0,0,0,0,0,0,0,0,0,0,0,0
0,0,0,0,0,0,5555,55552,155552,255552,1045.7371826171875,57,57,1962,1962,0,0,0,0,0,0,0,0,0,0,0,0,1,2,3,4,5,6,7,8,9,10,11,12,13,14,15,16,17,18,19,20,21,22,23,24,25,26,27,28,29,30,31,32,33,34,35,36,37,38,39,40,41,42,43,44,45,46,47,48,49,50,51,52,53,54,55,56,57,58,59,60,61,62,63,64,65,66,67,68,69,70,71,72,73,74,75,76,77,78,79,80,81,82,83,84,85,86,87,88,89,90,91,92,93,94,95,96,97,98,99,100,101,102,103,104,105,106,107,108,109,110,111,112,113,114,115,116,117,118,119,120,121,122,123,124,125,126,127,128,129,130,131,132,133,134,135,136,137,138,139,140,141,142,143,144,145,146,147,148,149,150,151,152,153,154,155,156,157,158,1,2,1,2022,9999,1,2019,0,0,0,0,0,0,0,0,0,0,0,0,0,0,0,0,0,0,0,0,0,0,0,0,0,0,0,0,0,0,0,0,0,0,0,0,0,0,0,0,0,0,248249.21875,262604.75,277409.90625,292686.53125,307123,318781.34375,332535.53125,350000,0,0,0,0,626681.375,680146.125,735229.8125,767463.25,774707.0625,797003.1875,824612.3125,846317.0625,862593.5625,878514.875,882620.5625,892696.0625,908018.625,924898.3125,935000,940454,973329.6875,1027866.3125,297275.96875,301803.4375,304522.5625,306172.46875,307114.84375,307601.15625,307687.28125,307322.125,306489.125,305185.1875,303416.5625,301189.15625,298513.59375,295401.75,291867.40625,0,0,0,0,0,0,0,0,0,0,0,0,0,0,0,0,0,0,0,0,0,0,0,0,0,0,0,0,0,0,0,0,0,0,0,0,0,0,0
0,0,0,0,0,0,5555,55552,255552,155552,1045.7371826171875,57,57,1962,1962,0,0,0,0,0,0,0,0,0,0,0,0,1,2,3,4,5,6,7,8,9,10,11,12,13,14,15,16,17,18,19,20,21,22,23,24,25,26,27,28,29,30,31,32,33,34,35,36,37,38,39,40,41,42,43,44,45,46,47,48,49,50,51,52,53,54,55,56,57,58,59,60,61,62,63,64,65,66,67,68,69,70,71,72,73,74,75,76,77,78,79,80,81,82,83,84,85,86,87,88,89,90,91,92,93,94,95,96,97,98,99,100,101,102,103,104,105,106,107,108,109,110,111,112,113,114,115,116,117,118,119,120,121,122,123,124,125,126,127,128,129,130,131,132,133,134,135,136,137,138,139,140,141,142,143,144,145,146,147,148,149,150,151,152,153,154,155,156,157,158,2,1,1,2022,2022,2,2019,0,0,0,0,0,0,0,0,0,0,0,0,0,0,0,0,0,0,0,0,0,0,0,0,0,0,0,0,0,0,0,0,27000,93342.9296875,101510.84375,108823.03125,117523.125,142658.671875,155486.578125,169241.046875,182082.15625,194307.625,206680.90625,218632.65625,230958.75,243677.375,255696.5,265402.6875,276853.8125,291394.03125,304654.5,315867.46875,329525.75,344519.96875,361034.375,377513.1875,393171.03125,410408.1875,414281.84375,426204.90625,440969.15625,452575.96875,461279.96875,469794.0625,471989.59375,477377.59375,485571.46875,494598.03125,500000,502916.59375,520497.15625,549661.125,0,0,0,0,0,0,0,0,0,0,0,0,0,0,0,0,0,0,0,0,0,0,0,0,0,0,0,0,0,0,0,0,0,0,0,0,0,0,0,0,0,0,0,0,0,0,0,0,0,0,0,0,0,0
0,0,0,0,0,0,5555,55553,155553,255553,993.08502197265625,57,57,1962,1962,0,0,0,0,0,0,0,0,0,0,0,0,1,2,3,4,5,6,7,8,9,10,11,12,13,14,15,16,17,18,19,20,21,22,23,24,25,26,27,28,29,30,31,32,33,34,35,36,37,38,39,40,41,42,43,44,45,46,47,48,49,50,51,52,53,54,55,56,57,58,59,60,61,62,63,64,65,66,67,68,69,70,71,72,73,74,75,76,77,78,79,80,81,82,83,84,85,86,87,88,89,90,91,92,93,94,95,96,97,98,99,100,101,102,103,104,105,106,107,108,109,110,111,112,113,114,115,116,117,118,119,120,121,122,123,124,125,126,127,128,129,130,131,132,133,134,135,136,137,138,139,140,141,142,143,144,145,146,147,148,149,150,151,152,153,154,155,156,157,158,1,2,1,2022,9999,1,2019,0,0,0,0,0,0,0,0,0,0,0,0,0,0,0,0,0,0,0,0,0,0,0,0,0,0,0,0,0,0,0,0,0,0,0,0,0,0,0,0,0,0,248249.21875,262604.75,277409.90625,292686.53125,307123,318781.34375,332535.53125,350000,0,0,0,0,626681.375,680146.125,735229.8125,767463.25,774707.0625,797003.1875,824612.3125,846317.0625,862593.5625,878514.875,882620.5625,892696.0625,908018.625,924898.3125,935000,940454,973329.6875,1027866.3125,297275.96875,301803.4375,304522.5625,306172.46875,307114.84375,307601.15625,307687.28125,307322.125,306489.125,305185.1875,303416.5625,301189.15625,298513.59375,295401.75,291867.40625,0,0,0,0,0,0,0,0,0,0,0,0,0,0,0,0,0,0,0,0,0,0,0,0,0,0,0,0,0,0,0,0,0,0,0,0,0,0,0
0,0,0,0,0,0,5555,55553,255553,155553,993.08502197265625,57,57,1962,1962,0,0,0,0,0,0,0,0,0,0,0,0,1,2,3,4,5,6,7,8,9,10,11,12,13,14,15,16,17,18,19,20,21,22,23,24,25,26,27,28,29,30,31,32,33,34,35,36,37,38,39,40,41,42,43,44,45,46,47,48,49,50,51,52,53,54,55,56,57,58,59,60,61,62,63,64,65,66,67,68,69,70,71,72,73,74,75,76,77,78,79,80,81,82,83,84,85,86,87,88,89,90,91,92,93,94,95,96,97,98,99,100,101,102,103,104,105,106,107,108,109,110,111,112,113,114,115,116,117,118,119,120,121,122,123,124,125,126,127,128,129,130,131,132,133,134,135,136,137,138,139,140,141,142,143,144,145,146,147,148,149,150,151,152,153,154,155,156,157,158,2,1,1,2022,2022,2,2019,0,0,0,0,0,0,0,0,0,0,0,0,0,0,0,0,0,0,0,0,0,0,0,0,0,0,0,0,0,0,0,0,27000,93342.9296875,101510.84375,108823.03125,117523.125,142658.671875,155486.578125,169241.046875,182082.15625,194307.625,206680.90625,218632.65625,230958.75,243677.375,255696.5,265402.6875,276853.8125,291394.03125,304654.5,315867.46875,329525.75,344519.96875,361034.375,377513.1875,393171.03125,410408.1875,414281.84375,426204.90625,440969.15625,452575.96875,461279.96875,469794.0625,471989.59375,477377.59375,485571.46875,494598.03125,500000,502916.59375,520497.15625,549661.125,0,0,0,0,0,0,0,0,0,0,0,0,0,0,0,0,0,0,0,0,0,0,0,0,0,0,0,0,0,0,0,0,0,0,0,0,0,0,0,0,0,0,0,0,0,0,0,0,0,0,0,0,0,0
0,0,0,0,0,0,5555,55554,155554,255554,1052.8275146484375,57,57,1962,1962,0,0,0,0,0,0,0,0,0,0,0,0,1,2,3,4,5,6,7,8,9,10,11,12,13,14,15,16,17,18,19,20,21,22,23,24,25,26,27,28,29,30,31,32,33,34,35,36,37,38,39,40,41,42,43,44,45,46,47,48,49,50,51,52,53,54,55,56,57,58,59,60,61,62,63,64,65,66,67,68,69,70,71,72,73,74,75,76,77,78,79,80,81,82,83,84,85,86,87,88,89,90,91,92,93,94,95,96,97,98,99,100,101,102,103,104,105,106,107,108,109,110,111,112,113,114,115,116,117,118,119,120,121,122,123,124,125,126,127,128,129,130,131,132,133,134,135,136,137,138,139,140,141,142,143,144,145,146,147,148,149,150,151,152,153,154,155,156,157,158,1,2,1,2022,9999,1,2019,0,0,0,0,0,0,0,0,0,0,0,0,0,0,0,0,0,0,0,0,0,0,0,0,0,0,0,0,0,0,0,0,0,0,0,0,0,0,0,0,0,0,248249.21875,262604.75,277409.90625,292686.53125,307123,318781.34375,332535.53125,350000,0,0,0,0,626681.375,680146.125,735229.8125,767463.25,774707.0625,797003.1875,824612.3125,846317.0625,862593.5625,878514.875,882620.5625,892696.0625,908018.625,924898.3125,935000,940454,973329.6875,1027866.3125,297275.96875,301803.4375,304522.5625,306172.46875,307114.84375,307601.15625,307687.28125,307322.125,306489.125,305185.1875,303416.5625,301189.15625,298513.59375,295401.75,291867.40625,0,0,0,0,0,0,0,0,0,0,0,0,0,0,0,0,0,0,0,0,0,0,0,0,0,0,0,0,0,0,0,0,0,0,0,0,0,0,0
0,0,0,0,0,0,5555,55554,255554,155554,1052.8275146484375,57,57,1962,1962,0,0,0,0,0,0,0,0,0,0,0,0,1,2,3,4,5,6,7,8,9,10,11,12,13,14,15,16,17,18,19,20,21,22,23,24,25,26,27,28,29,30,31,32,33,34,35,36,37,38,39,40,41,42,43,44,45,46,47,48,49,50,51,52,53,54,55,56,57,58,59,60,61,62,63,64,65,66,67,68,69,70,71,72,73,74,75,76,77,78,79,80,81,82,83,84,85,86,87,88,89,90,91,92,93,94,95,96,97,98,99,100,101,102,103,104,105,106,107,108,109,110,111,112,113,114,115,116,117,118,119,120,121,122,123,124,125,126,127,128,129,130,131,132,133,134,135,136,137,138,139,140,141,142,143,144,145,146,147,148,149,150,151,152,153,154,155,156,157,158,2,1,1,2022,2022,2,2019,0,0,0,0,0,0,0,0,0,0,0,0,0,0,0,0,0,0,0,0,0,0,0,0,0,0,0,0,0,0,0,0,27000,93342.9296875,101510.84375,108823.03125,117523.125,142658.671875,155486.578125,169241.046875,182082.15625,194307.625,206680.90625,218632.65625,230958.75,243677.375,255696.5,265402.6875,276853.8125,291394.03125,304654.5,315867.46875,329525.75,344519.96875,361034.375,377513.1875,393171.03125,410408.1875,414281.84375,426204.90625,440969.15625,452575.96875,461279.96875,469794.0625,471989.59375,477377.59375,485571.46875,494598.03125,500000,502916.59375,520497.15625,549661.125,0,0,0,0,0,0,0,0,0,0,0,0,0,0,0,0,0,0,0,0,0,0,0,0,0,0,0,0,0,0,0,0,0,0,0,0,0,0,0,0,0,0,0,0,0,0,0,0,0,0,0,0,0,0
0,0,0,0,0,0,5555,55555,155555,255555,1050.535400390625,57,57,1962,1962,0,0,0,0,0,0,0,0,0,0,0,0,1,2,3,4,5,6,7,8,9,10,11,12,13,14,15,16,17,18,19,20,21,22,23,24,25,26,27,28,29,30,31,32,33,34,35,36,37,38,39,40,41,42,43,44,45,46,47,48,49,50,51,52,53,54,55,56,57,58,59,60,61,62,63,64,65,66,67,68,69,70,71,72,73,74,75,76,77,78,79,80,81,82,83,84,85,86,87,88,89,90,91,92,93,94,95,96,97,98,99,100,101,102,103,104,105,106,107,108,109,110,111,112,113,114,115,116,117,118,119,120,121,122,123,124,125,126,127,128,129,130,131,132,133,134,135,136,137,138,139,140,141,142,143,144,145,146,147,148,149,150,151,152,153,154,155,156,157,158,1,2,1,2022,9999,1,2019,0,0,0,0,0,0,0,0,0,0,0,0,0,0,0,0,0,0,0,0,0,0,0,0,0,0,0,0,0,0,0,0,0,0,0,0,0,0,0,0,0,0,248249.21875,262604.75,277409.90625,292686.53125,307123,318781.34375,332535.53125,350000,0,0,0,0,626681.375,680146.125,735229.8125,767463.25,774707.0625,797003.1875,824612.3125,846317.0625,862593.5625,878514.875,882620.5625,892696.0625,908018.625,924898.3125,935000,940454,973329.6875,1027866.3125,297275.96875,301803.4375,304522.5625,306172.46875,307114.84375,307601.15625,307687.28125,307322.125,306489.125,305185.1875,303416.5625,301189.15625,298513.59375,295401.75,291867.40625,0,0,0,0,0,0,0,0,0,0,0,0,0,0,0,0,0,0,0,0,0,0,0,0,0,0,0,0,0,0,0,0,0,0,0,0,0,0,0
0,0,0,0,0,0,5555,55555,255555,155555,1050.535400390625,57,57,1962,1962,0,0,0,0,0,0,0,0,0,0,0,0,1,2,3,4,5,6,7,8,9,10,11,12,13,14,15,16,17,18,19,20,21,22,23,24,25,26,27,28,29,30,31,32,33,34,35,36,37,38,39,40,41,42,43,44,45,46,47,48,49,50,51,52,53,54,55,56,57,58,59,60,61,62,63,64,65,66,67,68,69,70,71,72,73,74,75,76,77,78,79,80,81,82,83,84,85,86,87,88,89,90,91,92,93,94,95,96,97,98,99,100,101,102,103,104,105,106,107,108,109,110,111,112,113,114,115,116,117,118,119,120,121,122,123,124,125,126,127,128,129,130,131,132,133,134,135,136,137,138,139,140,141,142,143,144,145,146,147,148,149,150,151,152,153,154,155,156,157,158,2,1,1,2022,2022,2,2019,0,0,0,0,0,0,0,0,0,0,0,0,0,0,0,0,0,0,0,0,0,0,0,0,0,0,0,0,0,0,0,0,27000,93342.9296875,101510.84375,108823.03125,117523.125,142658.671875,155486.578125,169241.046875,182082.15625,194307.625,206680.90625,218632.65625,230958.75,243677.375,255696.5,265402.6875,276853.8125,291394.03125,304654.5,315867.46875,329525.75,344519.96875,361034.375,377513.1875,393171.03125,410408.1875,414281.84375,426204.90625,440969.15625,452575.96875,461279.96875,469794.0625,471989.59375,477377.59375,485571.46875,494598.03125,500000,502916.59375,520497.15625,549661.125,0,0,0,0,0,0,0,0,0,0,0,0,0,0,0,0,0,0,0,0,0,0,0,0,0,0,0,0,0,0,0,0,0,0,0,0,0,0,0,0,0,0,0,0,0,0,0,0,0,0,0,0,0,0
