Y1,year,spsex,rsex,cmsurv30,cfsurv30,cmsurv31,cfsurv31,cmsurv32,cfsurv32,cmsurv33,cfsurv33,cmsurv34,cfsurv34,cmsurv35,cfsurv35,cmsurv36,cfsurv36,cmsurv37,cfsurv37,cmsurv38,cfsurv38,cmsurv39,cfsurv39,cmsurv40,cfsurv40,cmsurv41,cfsurv41,cmsurv42,cfsurv42,cmsurv43,cfsurv43,cmsurv44,cfsurv44,cmsurv45,cfsurv45,cmsurv46,cfsurv46,cmsurv47,cfsurv47,cmsurv48,cfsurv48,cmsurv49,cfsurv49,cmsurv50,cfsurv50,cmsurv51,cfsurv51,cmsurv52,cfsurv52,cmsurv53,cfsurv53,cmsurv54,cfsurv54,cmsurv55,cfsurv55,cmsurv56,cfsurv56,cmsurv57,cfsurv57,cmsurv58,cfsurv58,cmsurv59,cfsurv59,cmsurv60,cfsurv60,cmsurv61,cfsurv61,cmsurv62,cfsurv62,cmsurv63,cfsurv63,cmsurv64,cfsurv64,cmsurv65,cfsurv65,cmsurv66,cfsurv66,cmsurv67,cfsurv67,cmsurv68,cfsurv68,cmsurv69,cfsurv69,cmsurv70,cfsurv70,cmsurv71,cfsurv71,cmsurv72,cfsurv72,cmsurv73,cfsurv73,cmsurv74,cfsurv74,cmsurv75,cfsurv75,cmsurv76,cfsurv76,cmsurv77,cfsurv77,cmsurv78,cfsurv78,cmsurv79,cfsurv79,cmsurv80,cfsurv80,cmsurv81,cfsurv81,cmsurv82,cfsurv82,cmsurv83,cfsurv83,cmsurv84,cfsurv84,cmsurv85,cfsurv85,cmsurv86,cfsurv86,cmsurv87,cfsurv87,cmsurv88,cfsurv88,cmsurv89,cfsurv89,cmsurv90,cfsurv90,cmsurv91,cfsurv91,cmsurv92,cfsurv92,cmsurv93,cfsurv93,cmsurv94,cfsurv94,cmsurv95,cfsurv95,cmsurv96,cfsurv96,cmsurv97,cfsurv97,cmsurv98,cfsurv98,cmsurv99,cfsurv99,cmsurv100,cfsurv100,cmsurv101,cfsurv101,cmsurv102,cfsurv102,cmsurv103,cfsurv103,cmsurv104,cfsurv104,cmsurv105,cfsurv105,cmsurv106,cfsurv106,cmsurv107,cfsurv107,cmsurv108,cfsurv108,cmsurv109,cfsurv109,cmsurv110,cfsurv110,cmsurv111,cfsurv111,cmsurv112,cfsurv112,cmsurv113,cfsurv113,cmsurv114,cfsurv114,cmsurv115,cfsurv115,cmsurv116,cfsurv116,cmsurv117,cfsurv117,cmsurv118,cfsurv118,cmsurv119,cfsurv119
111,2019,0,1,0.003919032094221232,,0.0040569530615110466,,0.004342768107974349,,0.004683768141855868,,0.004770334363327776,,0.005016604621008662,,0.0052707215969661474,,0.005747598981044139,,0.006086387889495259,,0.006318650307371336,,0.005994929182238914,,0.005771756192303612,,0.006039384774860401,,0.006521767934950254,,0.0070355629072722204,,0.007630013024653269,,0.008303109976705969,,0.009060722093315607,,0.009479266613900606,,0.010356565236590797,,0.010265307536281866,,0.010862910062079692,,0.0115931344296784,,0.01248134498075861,,0.013031662267141551,,0.0142699936476362,,0.01534327744931361,,0.016595653477828723,,0.01798858452938304,,0.019327121120897198,,0.020943905568858556,,0.022411291159576553,,0.024243330777340148,,0.02579655350152335,,0.03249048866303729,,0.034190022654148486,,0.03438513442866289,,0.03373469555671805,,0.03478946903147073,,0.03661080047878285,,0.03806296898941341,,0.04056995844934442,,0.04355107249523047,,0.04752713894801268,,0.05148651011705634,,0.056132332568801076,,0.06075737968339261,,0.06615296366429194,,0.07211458183608085,,0.07868240436714513,,0.08923437723537432,,0.09783627102015155,,0.10754101851879115,,0.11839609356665796,,0.130571306421019,,0.1503295515165559,,0.16598678760326036,,0.18344072576685316,,0.20222393132066416,,0.22281114261834264,,0.26174881720131327,,0.28855875276528786,,0.31757256984024224,,0.3486533246703162,,0.3802380325219563,,0.43552861747140215,,0.46779987001908907,,0.49820503565358504,,0.5260557437620986,,0.5506837088160309,,0.585279353379855,,0.6129310365631847,,0.641890076135795,,0.6722185532670091,,0.7039785491261508,,0.746274084602818,,0.7817972948730026,,0.8190185143132637,,0.8580719926273039,,0.9001664283895818,,0.9597469918474738,,0.9999999999999998,,1,,1,,1,,1,,1,,1,,1,,1,1
112,2019,0,1,0.003919032094221232,,0.0040569530615110466,,0.004342768107974349,,0.004683768141855868,,0.004770334363327776,,0.005016604621008662,,0.0052707215969661474,,0.005747598981044139,,0.006086387889495259,,0.006318650307371336,,0.005994929182238914,,0.005771756192303612,,0.006039384774860401,,0.006521767934950254,,0.0070355629072722204,,0.007630013024653269,,0.008303109976705969,,0.009060722093315607,,0.009479266613900606,,0.010356565236590797,,0.010265307536281866,,0.010862910062079692,,0.0115931344296784,,0.01248134498075861,,0.013031662267141551,,0.0142699936476362,,0.01534327744931361,,0.016595653477828723,,0.01798858452938304,,0.019327121120897198,,0.020943905568858556,,0.022411291159576553,,0.024243330777340148,,0.02579655350152335,,0.03249048866303729,,0.034190022654148486,,0.03438513442866289,,0.03373469555671805,,0.03478946903147073,,0.03661080047878285,,0.03806296898941341,,0.04056995844934442,,0.04355107249523047,,0.04752713894801268,,0.05148651011705634,,0.056132332568801076,,0.06075737968339261,,0.06615296366429194,,0.07211458183608085,,0.07868240436714513,,0.08923437723537432,,0.09783627102015155,,0.10754101851879115,,0.11839609356665796,,0.130571306421019,,0.1503295515165559,,0.16598678760326036,,0.18344072576685316,,0.20222393132066416,,0.22281114261834264,,0.26174881720131327,,0.28855875276528786,,0.31757256984024224,,0.3486533246703162,,0.3802380325219563,,0.43552861747140215,,0.46779987001908907,,0.49820503565358504,,0.5260557437620986,,0.5506837088160309,,0.585279353379855,,0.6129310365631847,,0.641890076135795,,0.6722185532670091,,0.7039785491261508,,0.746274084602818,,0.7817972948730026,,0.8190185143132637,,0.8580719926273039,,0.9001664283895818,,0.9597469918474738,,0.9999999999999998,,1,,1,,1,,1,,1,,1,,1,,1,1
113,2019,0,1,0.003919032094221232,,0.0040569530615110466,,0.004342768107974349,,0.004683768141855868,,0.004770334363327776,,0.005016604621008662,,0.0052707215969661474,,0.005747598981044139,,0.006086387889495259,,0.006318650307371336,,0.005994929182238914,,0.005771756192303612,,0.006039384774860401,,0.006521767934950254,,0.0070355629072722204,,0.007630013024653269,,0.008303109976705969,,0.009060722093315607,,0.009479266613900606,,0.010356565236590797,,0.010265307536281866,,0.010862910062079692,,0.0115931344296784,,0.01248134498075861,,0.013031662267141551,,0.0142699936476362,,0.01534327744931361,,0.016595653477828723,,0.01798858452938304,,0.019327121120897198,,0.020943905568858556,,0.022411291159576553,,0.024243330777340148,,0.02579655350152335,,0.03249048866303729,,0.034190022654148486,,0.03438513442866289,,0.03373469555671805,,0.03478946903147073,,0.03661080047878285,,0.03806296898941341,,0.04056995844934442,,0.04355107249523047,,0.04752713894801268,,0.05148651011705634,,0.056132332568801076,,0.06075737968339261,,0.06615296366429194,,0.07211458183608085,,0.07868240436714513,,0.08923437723537432,,0.09783627102015155,,0.10754101851879115,,0.11839609356665796,,0.130571306421019,,0.1503295515165559,,0.16598678760326036,,0.18344072576685316,,0.20222393132066416,,0.22281114261834264,,0.26174881720131327,,0.28855875276528786,,0.31757256984024224,,0.3486533246703162,,0.3802380325219563,,0.43552861747140215,,0.46779987001908907,,0.49820503565358504,,0.5260557437620986,,0.5506837088160309,,0.585279353379855,,0.6129310365631847,,0.641890076135795,,0.6722185532670091,,0.7039785491261508,,0.746274084602818,,0.7817972948730026,,0.8190185143132637,,0.8580719926273039,,0.9001664283895818,,0.9597469918474738,,0.9999999999999998,,1,,1,,1,,1,,1,,1,,1,,1,1
114,2019,0,1,0.003919032094221232,,0.0040569530615110466,,0.004342768107974349,,0.004683768141855868,,0.004770334363327776,,0.005016604621008662,,0.0052707215969661474,,0.005747598981044139,,0.006086387889495259,,0.006318650307371336,,0.005994929182238914,,0.005771756192303612,,0.006039384774860401,,0.006521767934950254,,0.0070355629072722204,,0.007630013024653269,,0.008303109976705969,,0.009060722093315607,,0.009479266613900606,,0.010356565236590797,,0.010265307536281866,,0.010862910062079692,,0.0115931344296784,,0.01248134498075861,,0.013031662267141551,,0.0142699936476362,,0.01534327744931361,,0.016595653477828723,,0.01798858452938304,,0.019327121120897198,,0.020943905568858556,,0.022411291159576553,,0.024243330777340148,,0.02579655350152335,,0.03249048866303729,,0.034190022654148486,,0.03438513442866289,,0.03373469555671805,,0.03478946903147073,,0.03661080047878285,,0.03806296898941341,,0.04056995844934442,,0.04355107249523047,,0.04752713894801268,,0.05148651011705634,,0.056132332568801076,,0.06075737968339261,,0.06615296366429194,,0.07211458183608085,,0.07868240436714513,,0.08923437723537432,,0.09783627102015155,,0.10754101851879115,,0.11839609356665796,,0.130571306421019,,0.1503295515165559,,0.16598678760326036,,0.18344072576685316,,0.20222393132066416,,0.22281114261834264,,0.26174881720131327,,0.28855875276528786,,0.31757256984024224,,0.3486533246703162,,0.3802380325219563,,0.43552861747140215,,0.46779987001908907,,0.49820503565358504,,0.5260557437620986,,0.5506837088160309,,0.585279353379855,,0.6129310365631847,,0.641890076135795,,0.6722185532670091,,0.7039785491261508,,0.746274084602818,,0.7817972948730026,,0.8190185143132637,,0.8580719926273039,,0.9001664283895818,,0.9597469918474738,,0.9999999999999998,,1,,1,,1,,1,,1,,1,,1,,1,1
115,2019,0,1,0.003919032094221232,,0.0040569530615110466,,0.004342768107974349,,0.004683768141855868,,0.004770334363327776,,0.005016604621008662,,0.0052707215969661474,,0.005747598981044139,,0.006086387889495259,,0.006318650307371336,,0.005994929182238914,,0.005771756192303612,,0.006039384774860401,,0.006521767934950254,,0.0070355629072722204,,0.007630013024653269,,0.008303109976705969,,0.009060722093315607,,0.009479266613900606,,0.010356565236590797,,0.010265307536281866,,0.010862910062079692,,0.0115931344296784,,0.01248134498075861,,0.013031662267141551,,0.0142699936476362,,0.01534327744931361,,0.016595653477828723,,0.01798858452938304,,0.019327121120897198,,0.020943905568858556,,0.022411291159576553,,0.024243330777340148,,0.02579655350152335,,0.03249048866303729,,0.034190022654148486,,0.03438513442866289,,0.03373469555671805,,0.03478946903147073,,0.03661080047878285,,0.03806296898941341,,0.04056995844934442,,0.04355107249523047,,0.04752713894801268,,0.05148651011705634,,0.056132332568801076,,0.06075737968339261,,0.06615296366429194,,0.07211458183608085,,0.07868240436714513,,0.08923437723537432,,0.09783627102015155,,0.10754101851879115,,0.11839609356665796,,0.130571306421019,,0.1503295515165559,,0.16598678760326036,,0.18344072576685316,,0.20222393132066416,,0.22281114261834264,,0.26174881720131327,,0.28855875276528786,,0.31757256984024224,,0.3486533246703162,,0.3802380325219563,,0.43552861747140215,,0.46779987001908907,,0.49820503565358504,,0.5260557437620986,,0.5506837088160309,,0.585279353379855,,0.6129310365631847,,0.641890076135795,,0.6722185532670091,,0.7039785491261508,,0.746274084602818,,0.7817972948730026,,0.8190185143132637,,0.8580719926273039,,0.9001664283895818,,0.9597469918474738,,0.9999999999999998,,1,,1,,1,,1,,1,,1,,1,,1,1
211,2019,2,1,5.547839957533317e-4,4.14716933767893e-4,5.688771159936421e-4,4.3364757069212843e-4,5.716774949241236e-4,4.86493155519109e-4,6.044941713111929e-4,5.060861761618841e-4,6.423934603695422e-4,5.432941493733667e-4,6.561394520385543e-4,5.73335507036382e-4,6.722368257505327e-4,6.223020013816239e-4,7.0823779928043e-4,6.667143223572667e-4,7.19686627920315e-4,7.144018854639276e-4,7.83040495262638e-4,7.738496764338748e-4,8.245795093357282e-4,8.489788867293985e-4,8.852769160320307e-4,9.508925958862831e-4,9.549990313374189e-4,0.001033261487654589,0.0010521128273086548,0.0011417792218954056,0.0011938361605496543,0.001219658705616194,0.0013020630866708593,0.0013223983888863843,0.001402570671235564,0.0014062563896300733,0.001509437764605156,0.0018142102630546815,0.002039696465152761,0.002170758283205916,0.002087888675871153,0.002127514917400477,0.0041195678147994885,0.002560280318677633,0.004134040706898319,0.0026357012780946717,0.004349314203178221,0.0028291317958262317,0.004685669291294817,0.0030531947873400646,0.005085391876100512,0.0032881186730991763,0.005782912225565057,0.003714667630573154,0.006243435667608701,0.00401353000571927,0.006702055711986368,0.0043258376764644035,0.007145098734671522,0.00462850524800884,0.007606109147265314,0.004939733698093964,0.008202511853338913,0.00534551988148176,0.008791179070206847,0.005696365950827958,0.009378264465472774,0.006029481112387165,0.009933310185107872,0.006354000221364768,0.010451761807395361,0.0066865279732309674,0.012861473858410164,0.008127548710249932,0.013548543814676732,0.008625605723024923,0.014244752824995438,0.009212174943084177,0.01496168104921982,0.00991298715611913,0.015788740231590145,0.010728069196454222,0.016436836139905264,0.011411630738820958,0.017546053247245192,0.01243681723293349,0.018865931976956934,0.013588716741997823,0.02062377989372765,0.014991852210342237,0.02238336239440058,0.016364405979970395,0.024680995860344033,0.0181848382844738,0.026714884720096265,0.019833141494371233,0.029087594629840348,0.021766450939687865,0.03170864496827164,0.023918916804297974,0.03459728693141241,0.026347128773934636,0.040732643103708076,0.03144534500679464,0.04465892453244887,0.034896286933134193,0.049089587296973033,0.03889357655264197,0.05404484515310389,0.04327361822838061,0.0596017028849305,0.04798599569487886,0.07074814538182156,0.05749512070478648,0.07811750321914435,0.06397309636615611,0.08633198856184456,0.071113685802291,0.09517117521546724,0.0790701956163589,0.1048603021734729,0.08815747024171097,0.12821104038867848,0.10886929522001004,0.14134228119546496,0.12072637773615104,0.15555447665890165,0.1336854157690212,0.17077832247330832,0.14778139203343738,0.18624954615660108,0.16251734619832559,0.21869166169332102,0.19276298986757945,0.2348953933852609,0.2088715011373384,0.25016255439071766,0.22446144510510724,0.2641475857410916,0.23920974611051912,0.27651359150599314,0.2527922995898298,0.29584660511135213,0.27315635522671483,0.3098239359833172,0.2887874553295624,0.32446254543864717,0.3053106146602382,0.3397922728311761,0.3227813940010984,0.3558458451941424,0.34125123852099143,0.37927358819343704,0.3673051298324912,0.3973273598231166,0.3884542387460003,0.4162406973551901,0.4108205403544586,0.4360540283013046,0.4344750289908765,0.4568106678525101,0.4595465805092049,0.48818296229617136,0.4958719651418873,0.5123759114542478,0.5249773143029058,0.5384118268245468,0.5558723718925063,0.5668445746845064,0.5886690870180183,0.5984190701173943,0.6237629821257827,0.64101098047516,0.6685069426030411,0.6813129709666993,0.7042971999501858,0.7252988461195398,0.7423117920997744,0.7740568197288149,0.7880291703512224,1,1
212,2019,2,1,5.547839957533317e-4,4.14716933767893e-4,5.688771159936421e-4,4.3364757069212843e-4,5.716774949241236e-4,4.86493155519109e-4,6.044941713111929e-4,5.060861761618841e-4,6.423934603695422e-4,5.432941493733667e-4,6.561394520385543e-4,5.73335507036382e-4,6.722368257505327e-4,6.223020013816239e-4,7.0823779928043e-4,6.667143223572667e-4,7.19686627920315e-4,7.144018854639276e-4,7.83040495262638e-4,7.738496764338748e-4,8.245795093357282e-4,8.489788867293985e-4,8.852769160320307e-4,9.508925958862831e-4,9.549990313374189e-4,0.001033261487654589,0.0010521128273086548,0.0011417792218954056,0.0011938361605496543,0.001219658705616194,0.0013020630866708593,0.0013223983888863843,0.001402570671235564,0.0014062563896300733,0.001509437764605156,0.0018142102630546815,0.002039696465152761,0.002170758283205916,0.002087888675871153,0.002127514917400477,0.0041195678147994885,0.002560280318677633,0.004134040706898319,0.0026357012780946717,0.004349314203178221,0.0028291317958262317,0.004685669291294817,0.0030531947873400646,0.005085391876100512,0.0032881186730991763,0.005782912225565057,0.003714667630573154,0.006243435667608701,0.00401353000571927,0.006702055711986368,0.0043258376764644035,0.007145098734671522,0.00462850524800884,0.007606109147265314,0.004939733698093964,0.008202511853338913,0.00534551988148176,0.008791179070206847,0.005696365950827958,0.009378264465472774,0.006029481112387165,0.009933310185107872,0.006354000221364768,0.010451761807395361,0.0066865279732309674,0.012861473858410164,0.008127548710249932,0.013548543814676732,0.008625605723024923,0.014244752824995438,0.009212174943084177,0.01496168104921982,0.00991298715611913,0.015788740231590145,0.010728069196454222,0.016436836139905264,0.011411630738820958,0.017546053247245192,0.01243681723293349,0.018865931976956934,0.013588716741997823,0.02062377989372765,0.014991852210342237,0.02238336239440058,0.016364405979970395,0.024680995860344033,0.0181848382844738,0.026714884720096265,0.019833141494371233,0.029087594629840348,0.021766450939687865,0.03170864496827164,0.023918916804297974,0.03459728693141241,0.026347128773934636,0.040732643103708076,0.03144534500679464,0.04465892453244887,0.034896286933134193,0.049089587296973033,0.03889357655264197,0.05404484515310389,0.04327361822838061,0.0596017028849305,0.04798599569487886,0.07074814538182156,0.05749512070478648,0.07811750321914435,0.06397309636615611,0.08633198856184456,0.071113685802291,0.09517117521546724,0.0790701956163589,0.1048603021734729,0.08815747024171097,0.12821104038867848,0.10886929522001004,0.14134228119546496,0.12072637773615104,0.15555447665890165,0.1336854157690212,0.17077832247330832,0.14778139203343738,0.18624954615660108,0.16251734619832559,0.21869166169332102,0.19276298986757945,0.2348953933852609,0.2088715011373384,0.25016255439071766,0.22446144510510724,0.2641475857410916,0.23920974611051912,0.27651359150599314,0.2527922995898298,0.29584660511135213,0.27315635522671483,0.3098239359833172,0.2887874553295624,0.32446254543864717,0.3053106146602382,0.3397922728311761,0.3227813940010984,0.3558458451941424,0.34125123852099143,0.37927358819343704,0.3673051298324912,0.3973273598231166,0.3884542387460003,0.4162406973551901,0.4108205403544586,0.4360540283013046,0.4344750289908765,0.4568106678525101,0.4595465805092049,0.48818296229617136,0.4958719651418873,0.5123759114542478,0.5249773143029058,0.5384118268245468,0.5558723718925063,0.5668445746845064,0.5886690870180183,0.5984190701173943,0.6237629821257827,0.64101098047516,0.6685069426030411,0.6813129709666993,0.7042971999501858,0.7252988461195398,0.7423117920997744,0.7740568197288149,0.7880291703512224,1,1
213,2019,2,1,5.547839957533317e-4,4.14716933767893e-4,5.688771159936421e-4,4.3364757069212843e-4,5.716774949241236e-4,4.86493155519109e-4,6.044941713111929e-4,5.060861761618841e-4,6.423934603695422e-4,5.432941493733667e-4,6.561394520385543e-4,5.73335507036382e-4,6.722368257505327e-4,6.223020013816239e-4,7.0823779928043e-4,6.667143223572667e-4,7.19686627920315e-4,7.144018854639276e-4,7.83040495262638e-4,7.738496764338748e-4,8.245795093357282e-4,8.489788867293985e-4,8.852769160320307e-4,9.508925958862831e-4,9.549990313374189e-4,0.001033261487654589,0.0010521128273086548,0.0011417792218954056,0.0011938361605496543,0.001219658705616194,0.0013020630866708593,0.0013223983888863843,0.001402570671235564,0.0014062563896300733,0.001509437764605156,0.0018142102630546815,0.002039696465152761,0.002170758283205916,0.002087888675871153,0.002127514917400477,0.0041195678147994885,0.002560280318677633,0.004134040706898319,0.0026357012780946717,0.004349314203178221,0.0028291317958262317,0.004685669291294817,0.0030531947873400646,0.005085391876100512,0.0032881186730991763,0.005782912225565057,0.003714667630573154,0.006243435667608701,0.00401353000571927,0.006702055711986368,0.0043258376764644035,0.007145098734671522,0.00462850524800884,0.007606109147265314,0.004939733698093964,0.008202511853338913,0.00534551988148176,0.008791179070206847,0.005696365950827958,0.009378264465472774,0.006029481112387165,0.009933310185107872,0.006354000221364768,0.010451761807395361,0.0066865279732309674,0.012861473858410164,0.008127548710249932,0.013548543814676732,0.008625605723024923,0.014244752824995438,0.009212174943084177,0.01496168104921982,0.00991298715611913,0.015788740231590145,0.010728069196454222,0.016436836139905264,0.011411630738820958,0.017546053247245192,0.01243681723293349,0.018865931976956934,0.013588716741997823,0.02062377989372765,0.014991852210342237,0.02238336239440058,0.016364405979970395,0.024680995860344033,0.0181848382844738,0.026714884720096265,0.019833141494371233,0.029087594629840348,0.021766450939687865,0.03170864496827164,0.023918916804297974,0.03459728693141241,0.026347128773934636,0.040732643103708076,0.03144534500679464,0.04465892453244887,0.034896286933134193,0.049089587296973033,0.03889357655264197,0.05404484515310389,0.04327361822838061,0.0596017028849305,0.04798599569487886,0.07074814538182156,0.05749512070478648,0.07811750321914435,0.06397309636615611,0.08633198856184456,0.071113685802291,0.09517117521546724,0.0790701956163589,0.1048603021734729,0.08815747024171097,0.12821104038867848,0.10886929522001004,0.14134228119546496,0.12072637773615104,0.15555447665890165,0.1336854157690212,0.17077832247330832,0.14778139203343738,0.18624954615660108,0.16251734619832559,0.21869166169332102,0.19276298986757945,0.2348953933852609,0.2088715011373384,0.25016255439071766,0.22446144510510724,0.2641475857410916,0.23920974611051912,0.27651359150599314,0.2527922995898298,0.29584660511135213,0.27315635522671483,0.3098239359833172,0.2887874553295624,0.32446254543864717,0.3053106146602382,0.3397922728311761,0.3227813940010984,0.3558458451941424,0.34125123852099143,0.37927358819343704,0.3673051298324912,0.3973273598231166,0.3884542387460003,0.4162406973551901,0.4108205403544586,0.4360540283013046,0.4344750289908765,0.4568106678525101,0.4595465805092049,0.48818296229617136,0.4958719651418873,0.5123759114542478,0.5249773143029058,0.5384118268245468,0.5558723718925063,0.5668445746845064,0.5886690870180183,0.5984190701173943,0.6237629821257827,0.64101098047516,0.6685069426030411,0.6813129709666993,0.7042971999501858,0.7252988461195398,0.7423117920997744,0.7740568197288149,0.7880291703512224,1,1
214,2019,2,1,5.547839957533317e-4,4.14716933767893e-4,5.688771159936421e-4,4.3364757069212843e-4,5.716774949241236e-4,4.86493155519109e-4,6.044941713111929e-4,5.060861761618841e-4,6.423934603695422e-4,5.432941493733667e-4,6.561394520385543e-4,5.73335507036382e-4,6.722368257505327e-4,6.223020013816239e-4,7.0823779928043e-4,6.667143223572667e-4,7.19686627920315e-4,7.144018854639276e-4,7.83040495262638e-4,7.738496764338748e-4,8.245795093357282e-4,8.489788867293985e-4,8.852769160320307e-4,9.508925958862831e-4,9.549990313374189e-4,0.001033261487654589,0.0010521128273086548,0.0011417792218954056,0.0011938361605496543,0.001219658705616194,0.0013020630866708593,0.0013223983888863843,0.001402570671235564,0.0014062563896300733,0.001509437764605156,0.0018142102630546815,0.002039696465152761,0.002170758283205916,0.002087888675871153,0.002127514917400477,0.0041195678147994885,0.002560280318677633,0.004134040706898319,0.0026357012780946717,0.004349314203178221,0.0028291317958262317,0.004685669291294817,0.0030531947873400646,0.005085391876100512,0.0032881186730991763,0.005782912225565057,0.003714667630573154,0.006243435667608701,0.00401353000571927,0.006702055711986368,0.0043258376764644035,0.007145098734671522,0.00462850524800884,0.007606109147265314,0.004939733698093964,0.008202511853338913,0.00534551988148176,0.008791179070206847,0.005696365950827958,0.009378264465472774,0.006029481112387165,0.009933310185107872,0.006354000221364768,0.010451761807395361,0.0066865279732309674,0.012861473858410164,0.008127548710249932,0.013548543814676732,0.008625605723024923,0.014244752824995438,0.009212174943084177,0.01496168104921982,0.00991298715611913,0.015788740231590145,0.010728069196454222,0.016436836139905264,0.011411630738820958,0.017546053247245192,0.01243681723293349,0.018865931976956934,0.013588716741997823,0.02062377989372765,0.014991852210342237,0.02238336239440058,0.016364405979970395,0.024680995860344033,0.0181848382844738,0.026714884720096265,0.019833141494371233,0.029087594629840348,0.021766450939687865,0.03170864496827164,0.023918916804297974,0.03459728693141241,0.026347128773934636,0.040732643103708076,0.03144534500679464,0.04465892453244887,0.034896286933134193,0.049089587296973033,0.03889357655264197,0.05404484515310389,0.04327361822838061,0.0596017028849305,0.04798599569487886,0.07074814538182156,0.05749512070478648,0.07811750321914435,0.06397309636615611,0.08633198856184456,0.071113685802291,0.09517117521546724,0.0790701956163589,0.1048603021734729,0.08815747024171097,0.12821104038867848,0.10886929522001004,0.14134228119546496,0.12072637773615104,0.15555447665890165,0.1336854157690212,0.17077832247330832,0.14778139203343738,0.18624954615660108,0.16251734619832559,0.21869166169332102,0.19276298986757945,0.2348953933852609,0.2088715011373384,0.25016255439071766,0.22446144510510724,0.2641475857410916,0.23920974611051912,0.27651359150599314,0.2527922995898298,0.29584660511135213,0.27315635522671483,0.3098239359833172,0.2887874553295624,0.32446254543864717,0.3053106146602382,0.3397922728311761,0.3227813940010984,0.3558458451941424,0.34125123852099143,0.37927358819343704,0.3673051298324912,0.3973273598231166,0.3884542387460003,0.4162406973551901,0.4108205403544586,0.4360540283013046,0.4344750289908765,0.4568106678525101,0.4595465805092049,0.48818296229617136,0.4958719651418873,0.5123759114542478,0.5249773143029058,0.5384118268245468,0.5558723718925063,0.5668445746845064,0.5886690870180183,0.5984190701173943,0.6237629821257827,0.64101098047516,0.6685069426030411,0.6813129709666993,0.7042971999501858,0.7252988461195398,0.7423117920997744,0.7740568197288149,0.7880291703512224,1,1
215,2019,2,1,5.547839957533317e-4,4.14716933767893e-4,5.688771159936421e-4,4.3364757069212843e-4,5.716774949241236e-4,4.86493155519109e-4,6.044941713111929e-4,5.060861761618841e-4,6.423934603695422e-4,5.432941493733667e-4,6.561394520385543e-4,5.73335507036382e-4,6.722368257505327e-4,6.223020013816239e-4,7.0823779928043e-4,6.667143223572667e-4,7.19686627920315e-4,7.144018854639276e-4,7.83040495262638e-4,7.738496764338748e-4,8.245795093357282e-4,8.489788867293985e-4,8.852769160320307e-4,9.508925958862831e-4,9.549990313374189e-4,0.001033261487654589,0.0010521128273086548,0.0011417792218954056,0.0011938361605496543,0.001219658705616194,0.0013020630866708593,0.0013223983888863843,0.001402570671235564,0.0014062563896300733,0.001509437764605156,0.0018142102630546815,0.002039696465152761,0.002170758283205916,0.002087888675871153,0.002127514917400477,0.0041195678147994885,0.002560280318677633,0.004134040706898319,0.0026357012780946717,0.004349314203178221,0.0028291317958262317,0.004685669291294817,0.0030531947873400646,0.005085391876100512,0.0032881186730991763,0.005782912225565057,0.003714667630573154,0.006243435667608701,0.00401353000571927,0.006702055711986368,0.0043258376764644035,0.007145098734671522,0.00462850524800884,0.007606109147265314,0.004939733698093964,0.008202511853338913,0.00534551988148176,0.008791179070206847,0.005696365950827958,0.009378264465472774,0.006029481112387165,0.009933310185107872,0.006354000221364768,0.010451761807395361,0.0066865279732309674,0.012861473858410164,0.008127548710249932,0.013548543814676732,0.008625605723024923,0.014244752824995438,0.009212174943084177,0.01496168104921982,0.00991298715611913,0.015788740231590145,0.010728069196454222,0.016436836139905264,0.011411630738820958,0.017546053247245192,0.01243681723293349,0.018865931976956934,0.013588716741997823,0.02062377989372765,0.014991852210342237,0.02238336239440058,0.016364405979970395,0.024680995860344033,0.0181848382844738,0.026714884720096265,0.019833141494371233,0.029087594629840348,0.021766450939687865,0.03170864496827164,0.023918916804297974,0.03459728693141241,0.026347128773934636,0.040732643103708076,0.03144534500679464,0.04465892453244887,0.034896286933134193,0.049089587296973033,0.03889357655264197,0.05404484515310389,0.04327361822838061,0.0596017028849305,0.04798599569487886,0.07074814538182156,0.05749512070478648,0.07811750321914435,0.06397309636615611,0.08633198856184456,0.071113685802291,0.09517117521546724,0.0790701956163589,0.1048603021734729,0.08815747024171097,0.12821104038867848,0.10886929522001004,0.14134228119546496,0.12072637773615104,0.15555447665890165,0.1336854157690212,0.17077832247330832,0.14778139203343738,0.18624954615660108,0.16251734619832559,0.21869166169332102,0.19276298986757945,0.2348953933852609,0.2088715011373384,0.25016255439071766,0.22446144510510724,0.2641475857410916,0.23920974611051912,0.27651359150599314,0.2527922995898298,0.29584660511135213,0.27315635522671483,0.3098239359833172,0.2887874553295624,0.32446254543864717,0.3053106146602382,0.3397922728311761,0.3227813940010984,0.3558458451941424,0.34125123852099143,0.37927358819343704,0.3673051298324912,0.3973273598231166,0.3884542387460003,0.4162406973551901,0.4108205403544586,0.4360540283013046,0.4344750289908765,0.4568106678525101,0.4595465805092049,0.48818296229617136,0.4958719651418873,0.5123759114542478,0.5249773143029058,0.5384118268245468,0.5558723718925063,0.5668445746845064,0.5886690870180183,0.5984190701173943,0.6237629821257827,0.64101098047516,0.6685069426030411,0.6813129709666993,0.7042971999501858,0.7252988461195398,0.7423117920997744,0.7740568197288149,0.7880291703512224,1,1
281,2019,0,1,0.0032935520596295963,,0.00324635971757413,,0.0034005044272512673,,0.0034986855726180212,,0.003809333099093025,,0.003990183370325663,,0.004217943760252539,,0.0043494765832423985,,0.0046508895225302145,,0.004979032825524798,,0.005184109444802831,,0.005431560691443878,,0.005893448433463877,,0.006028899717482829,,0.0064904448782680665,,0.006960703347565833,,0.00774563265908066,,0.008411819988766736,,0.009162463467075778,,0.010178268043608099,,0.010137056334125092,,0.010910864987684479,,0.011881669342654333,,0.015712417583252185,,0.016775927446776025,,0.017475733188274632,,0.01775315781192786,,0.01876618612226933,,0.020172071072329077,,0.02143963359904877,,0.023117278568100995,,0.02475139817875764,,0.026376275854373077,,0.027904462543547982,,0.02932571777745647,,0.024747343000619103,,0.02604698483302126,,0.027359119698240852,,0.028705992016209343,,0.03026083330260218,,0.03150387211307956,,0.03358658200064574,,0.0360643117977797,,0.03936747941996652,,0.04265950108091891,,0.04682266578693596,,0.0506807002306692,,0.0551823155543275,,0.06015496996704632,,0.06563317182699843,,0.07637389830832197,,0.0837379819424246,,0.0920441437546481,,0.10133551919270868,,0.111755317943024,,0.13139574999714537,,0.1450817648485282,,0.16033790999677924,,0.17675353597964058,,0.194749644766822,,0.2351589321873195,,0.25924576619202255,,0.2853116545379429,,0.3132358179714754,,0.3416120408970732,,0.39801767774863095,,0.4275085206432144,,0.4552946506440552,,0.48074801563240616,,0.5032543668327892,,0.5373210180211024,,0.5627088171289248,,0.5892940562653478,,0.6171371250571739,,0.6462932368774803,,0.6876791108342715,,0.7204120139792012,,0.7547046949135475,,0.7907706715579688,,0.8287475235587428,,0.884695883367797,,0.9290211177951563,,0.9765319916568173,,1,,1,,1,,0.9999999999999997,,1,,1,,1,1
282,2019,0,1,0.0032935520596295963,,0.00324635971757413,,0.0034005044272512673,,0.0034986855726180212,,0.003809333099093025,,0.003990183370325663,,0.004217943760252539,,0.0043494765832423985,,0.0046508895225302145,,0.004979032825524798,,0.005184109444802831,,0.005431560691443878,,0.005893448433463877,,0.006028899717482829,,0.0064904448782680665,,0.006960703347565833,,0.00774563265908066,,0.008411819988766736,,0.009162463467075778,,0.010178268043608099,,0.010137056334125092,,0.010910864987684479,,0.011881669342654333,,0.015712417583252185,,0.016775927446776025,,0.017475733188274632,,0.01775315781192786,,0.01876618612226933,,0.020172071072329077,,0.02143963359904877,,0.023117278568100995,,0.02475139817875764,,0.026376275854373077,,0.027904462543547982,,0.02932571777745647,,0.024747343000619103,,0.02604698483302126,,0.027359119698240852,,0.028705992016209343,,0.03026083330260218,,0.03150387211307956,,0.03358658200064574,,0.0360643117977797,,0.03936747941996652,,0.04265950108091891,,0.04682266578693596,,0.0506807002306692,,0.0551823155543275,,0.06015496996704632,,0.06563317182699843,,0.07637389830832197,,0.0837379819424246,,0.0920441437546481,,0.10133551919270868,,0.111755317943024,,0.13139574999714537,,0.1450817648485282,,0.16033790999677924,,0.17675353597964058,,0.194749644766822,,0.2351589321873195,,0.25924576619202255,,0.2853116545379429,,0.3132358179714754,,0.3416120408970732,,0.39801767774863095,,0.4275085206432144,,0.4552946506440552,,0.48074801563240616,,0.5032543668327892,,0.5373210180211024,,0.5627088171289248,,0.5892940562653478,,0.6171371250571739,,0.6462932368774803,,0.6876791108342715,,0.7204120139792012,,0.7547046949135475,,0.7907706715579688,,0.8287475235587428,,0.884695883367797,,0.9290211177951563,,0.9765319916568173,,1,,1,,1,,0.9999999999999997,,1,,1,,1,1
283,2019,0,1,0.0032935520596295963,,0.00324635971757413,,0.0034005044272512673,,0.0034986855726180212,,0.003809333099093025,,0.003990183370325663,,0.004217943760252539,,0.0043494765832423985,,0.0046508895225302145,,0.004979032825524798,,0.005184109444802831,,0.005431560691443878,,0.005893448433463877,,0.006028899717482829,,0.0064904448782680665,,0.006960703347565833,,0.00774563265908066,,0.008411819988766736,,0.009162463467075778,,0.010178268043608099,,0.010137056334125092,,0.010910864987684479,,0.011881669342654333,,0.015712417583252185,,0.016775927446776025,,0.017475733188274632,,0.01775315781192786,,0.01876618612226933,,0.020172071072329077,,0.02143963359904877,,0.023117278568100995,,0.02475139817875764,,0.026376275854373077,,0.027904462543547982,,0.02932571777745647,,0.024747343000619103,,0.02604698483302126,,0.027359119698240852,,0.028705992016209343,,0.03026083330260218,,0.03150387211307956,,0.03358658200064574,,0.0360643117977797,,0.03936747941996652,,0.04265950108091891,,0.04682266578693596,,0.0506807002306692,,0.0551823155543275,,0.06015496996704632,,0.06563317182699843,,0.07637389830832197,,0.0837379819424246,,0.0920441437546481,,0.10133551919270868,,0.111755317943024,,0.13139574999714537,,0.1450817648485282,,0.16033790999677924,,0.17675353597964058,,0.194749644766822,,0.2351589321873195,,0.25924576619202255,,0.2853116545379429,,0.3132358179714754,,0.3416120408970732,,0.39801767774863095,,0.4275085206432144,,0.4552946506440552,,0.48074801563240616,,0.5032543668327892,,0.5373210180211024,,0.5627088171289248,,0.5892940562653478,,0.6171371250571739,,0.6462932368774803,,0.6876791108342715,,0.7204120139792012,,0.7547046949135475,,0.7907706715579688,,0.8287475235587428,,0.884695883367797,,0.9290211177951563,,0.9765319916568173,,1,,1,,1,,0.9999999999999997,,1,,1,,1,1
284,2019,0,1,0.0032935520596295963,,0.00324635971757413,,0.0034005044272512673,,0.0034986855726180212,,0.003809333099093025,,0.003990183370325663,,0.004217943760252539,,0.0043494765832423985,,0.0046508895225302145,,0.004979032825524798,,0.005184109444802831,,0.005431560691443878,,0.005893448433463877,,0.006028899717482829,,0.0064904448782680665,,0.006960703347565833,,0.00774563265908066,,0.008411819988766736,,0.009162463467075778,,0.010178268043608099,,0.010137056334125092,,0.010910864987684479,,0.011881669342654333,,0.015712417583252185,,0.016775927446776025,,0.017475733188274632,,0.01775315781192786,,0.01876618612226933,,0.020172071072329077,,0.02143963359904877,,0.023117278568100995,,0.02475139817875764,,0.026376275854373077,,0.027904462543547982,,0.02932571777745647,,0.024747343000619103,,0.02604698483302126,,0.027359119698240852,,0.028705992016209343,,0.03026083330260218,,0.03150387211307956,,0.03358658200064574,,0.0360643117977797,,0.03936747941996652,,0.04265950108091891,,0.04682266578693596,,0.0506807002306692,,0.0551823155543275,,0.06015496996704632,,0.06563317182699843,,0.07637389830832197,,0.0837379819424246,,0.0920441437546481,,0.10133551919270868,,0.111755317943024,,0.13139574999714537,,0.1450817648485282,,0.16033790999677924,,0.17675353597964058,,0.194749644766822,,0.2351589321873195,,0.25924576619202255,,0.2853116545379429,,0.3132358179714754,,0.3416120408970732,,0.39801767774863095,,0.4275085206432144,,0.4552946506440552,,0.48074801563240616,,0.5032543668327892,,0.5373210180211024,,0.5627088171289248,,0.5892940562653478,,0.6171371250571739,,0.6462932368774803,,0.6876791108342715,,0.7204120139792012,,0.7547046949135475,,0.7907706715579688,,0.8287475235587428,,0.884695883367797,,0.9290211177951563,,0.9765319916568173,,1,,1,,1,,0.9999999999999997,,1,,1,,1,1
285,2019,0,1,0.0032935520596295963,,0.00324635971757413,,0.0034005044272512673,,0.0034986855726180212,,0.003809333099093025,,0.003990183370325663,,0.004217943760252539,,0.0043494765832423985,,0.0046508895225302145,,0.004979032825524798,,0.005184109444802831,,0.005431560691443878,,0.005893448433463877,,0.006028899717482829,,0.0064904448782680665,,0.006960703347565833,,0.00774563265908066,,0.008411819988766736,,0.009162463467075778,,0.010178268043608099,,0.010137056334125092,,0.010910864987684479,,0.011881669342654333,,0.015712417583252185,,0.016775927446776025,,0.017475733188274632,,0.01775315781192786,,0.01876618612226933,,0.020172071072329077,,0.02143963359904877,,0.023117278568100995,,0.02475139817875764,,0.026376275854373077,,0.027904462543547982,,0.02932571777745647,,0.024747343000619103,,0.02604698483302126,,0.027359119698240852,,0.028705992016209343,,0.03026083330260218,,0.03150387211307956,,0.03358658200064574,,0.0360643117977797,,0.03936747941996652,,0.04265950108091891,,0.04682266578693596,,0.0506807002306692,,0.0551823155543275,,0.06015496996704632,,0.06563317182699843,,0.07637389830832197,,0.0837379819424246,,0.0920441437546481,,0.10133551919270868,,0.111755317943024,,0.13139574999714537,,0.1450817648485282,,0.16033790999677924,,0.17675353597964058,,0.194749644766822,,0.2351589321873195,,0.25924576619202255,,0.2853116545379429,,0.3132358179714754,,0.3416120408970732,,0.39801767774863095,,0.4275085206432144,,0.4552946506440552,,0.48074801563240616,,0.5032543668327892,,0.5373210180211024,,0.5627088171289248,,0.5892940562653478,,0.6171371250571739,,0.6462932368774803,,0.6876791108342715,,0.7204120139792012,,0.7547046949135475,,0.7907706715579688,,0.8287475235587428,,0.884695883367797,,0.9290211177951563,,0.9765319916568173,,1,,1,,1,,0.9999999999999997,,1,,1,,1,1
8891,2019,2,1,0.0034138908605666914,9.227072018051891e-4,0.0035341288032815954,0.0010375377051493535,0.0037832186044882716,0.0011402091527351087,0.00408040695375361,0.0011847890133171622,0.004155958057552525,0.0013090748682317622,0.004370664510161766,0.0013590577151217007,0.004592234188951461,0.001457674297654065,0.005007926310613207,0.0015806072057551962,0.0053033448463750184,0.0017940523778923936,0.005505980519522201,0.0018656473791654872,0.005224153728261301,0.002046667244661584,0.0050299416117089825,0.0021641916135955756,0.0052634727969434565,0.002268205198291825,0.005684228106511475,0.0024640797886886796,0.0061324407481107585,0.00270047919964296,0.0066510491103709815,0.0029058043260554644,0.007238326728079047,0.003220548929032661,0.00789941665588591,0.0035285337503425016,0.008265026117185284,0.003798687805814999,0.009030777659886661,0.0040634320464589075,0.00809861144379283,0.0033911591728416524,0.008571537946518912,0.003560308993001749,0.009149403170058636,0.0037793709007020123,0.009852316143454259,0.004044292951136131,0.010288876721554705,0.004402931780389759,0.011269111872496681,0.004588639631192219,0.012119615396471382,0.004989231101374748,0.013112254262241937,0.0054194963504737995,0.01421675027809716,0.005844845029696351,0.015279158650849453,0.006371212178835364,0.016562582279808842,0.0068601440259916935,0.017729037696623286,0.007458353867947073,0.01918531553297044,0.008044682286319008,0.02042245222140976,0.008590627543220514,0.025732613814178684,0.009191013487792842,0.019972121077505026,0.01029952716589122,0.020104469243993398,0.011876395504421542,0.01974361942708565,0.011759163476678538,0.020382580225124833,0.011323715881330205,0.021474234763696753,0.011889083017012326,0.022353552897614936,0.012640529828875145,0.02385750088331882,0.013713637196360047,0.025647184350179562,0.014985987711039879,0.028031736624633454,0.016535594388063752,0.030417223245211015,0.018053203618175768,0.03322084499503079,0.01985398895844599,0.03595809046937901,0.02165390076021513,0.039151363417148054,0.02376524768290109,0.04267963285013144,0.02611566686017318,0.046566672712441186,0.02876561334491524,0.05281165557713064,0.03291777629525599,0.057902521518565474,0.036529507712241095,0.06364609028925669,0.040714646145973046,0.07007045836860928,0.04529823833734852,0.07727612470218764,0.0502326530325803,0.08896966330381499,0.05815318094601432,0.0982360983383732,0.0647061422843637,0.10856587705503119,0.07192777314703444,0.11968235719503126,0.07997562306578444,0.13186650355242416,0.08916753906107881,0.15491101983370162,0.10527331474072615,0.17077796626080582,0.11673870711871315,0.18794923771259942,0.1292684748217158,0.20634378665233707,0.14289925727572433,0.2250365905272978,0.15714833004331769,0.2577592633298001,0.18126440023007503,0.2768583855223112,0.19641113893442871,0.2948530999474381,0.21107057327311224,0.3113360076538074,0.224940427981707,0.32591159666210145,0.2377120158962451,0.346386365711638,0.2549462858963909,0.3627514843312706,0.2695351893400434,0.37989033676836603,0.2849576397249733,0.39783966457291553,0.3012631002762672,0.4166362092949105,0.318501950204662,0.44166801117718524,0.3407375018524717,0.46269174220894377,0.3603569984845803,0.48472040741781147,0.3811049894371875,0.5078334599174082,0.40304925764837496,0.5327462447887279,0.42628868987868557,0.5680078591341712,0.4570820322810141,0.5976112181247144,0.48370548532024354,0.6297785071313055,0.5118845581542829,0.6649839873596791,0.5420796855615218,0.7037798890561552,0.574450759662731,0.7518128661689001,0.612730509119645,0.7988496764912869,0.6481252125276252,0.8500298669955705,0.6847000245758791,0.9076709379706748,0.7242058157151788,1,1
8892,2019,2,1,0.0034138908605666914,9.227072018051891e-4,0.0035341288032815954,0.0010375377051493535,0.0037832186044882716,0.0011402091527351087,0.00408040695375361,0.0011847890133171622,0.004155958057552525,0.0013090748682317622,0.004370664510161766,0.0013590577151217007,0.004592234188951461,0.001457674297654065,0.005007926310613207,0.0015806072057551962,0.0053033448463750184,0.0017940523778923936,0.005505980519522201,0.0018656473791654872,0.005224153728261301,0.002046667244661584,0.0050299416117089825,0.0021641916135955756,0.0052634727969434565,0.002268205198291825,0.005684228106511475,0.0024640797886886796,0.0061324407481107585,0.00270047919964296,0.0066510491103709815,0.0029058043260554644,0.007238326728079047,0.003220548929032661,0.00789941665588591,0.0035285337503425016,0.008265026117185284,0.003798687805814999,0.009030777659886661,0.0040634320464589075,0.00809861144379283,0.0033911591728416524,0.008571537946518912,0.003560308993001749,0.009149403170058636,0.0037793709007020123,0.009852316143454259,0.004044292951136131,0.010288876721554705,0.004402931780389759,0.011269111872496681,0.004588639631192219,0.012119615396471382,0.004989231101374748,0.013112254262241937,0.0054194963504737995,0.01421675027809716,0.005844845029696351,0.015279158650849453,0.006371212178835364,0.016562582279808842,0.0068601440259916935,0.017729037696623286,0.007458353867947073,0.01918531553297044,0.008044682286319008,0.02042245222140976,0.008590627543220514,0.025732613814178684,0.009191013487792842,0.019972121077505026,0.01029952716589122,0.020104469243993398,0.011876395504421542,0.01974361942708565,0.011759163476678538,0.020382580225124833,0.011323715881330205,0.021474234763696753,0.011889083017012326,0.022353552897614936,0.012640529828875145,0.02385750088331882,0.013713637196360047,0.025647184350179562,0.014985987711039879,0.028031736624633454,0.016535594388063752,0.030417223245211015,0.018053203618175768,0.03322084499503079,0.01985398895844599,0.03595809046937901,0.02165390076021513,0.039151363417148054,0.02376524768290109,0.04267963285013144,0.02611566686017318,0.046566672712441186,0.02876561334491524,0.05281165557713064,0.03291777629525599,0.057902521518565474,0.036529507712241095,0.06364609028925669,0.040714646145973046,0.07007045836860928,0.04529823833734852,0.07727612470218764,0.0502326530325803,0.08896966330381499,0.05815318094601432,0.0982360983383732,0.0647061422843637,0.10856587705503119,0.07192777314703444,0.11968235719503126,0.07997562306578444,0.13186650355242416,0.08916753906107881,0.15491101983370162,0.10527331474072615,0.17077796626080582,0.11673870711871315,0.18794923771259942,0.1292684748217158,0.20634378665233707,0.14289925727572433,0.2250365905272978,0.15714833004331769,0.2577592633298001,0.18126440023007503,0.2768583855223112,0.19641113893442871,0.2948530999474381,0.21107057327311224,0.3113360076538074,0.224940427981707,0.32591159666210145,0.2377120158962451,0.346386365711638,0.2549462858963909,0.3627514843312706,0.2695351893400434,0.37989033676836603,0.2849576397249733,0.39783966457291553,0.3012631002762672,0.4166362092949105,0.318501950204662,0.44166801117718524,0.3407375018524717,0.46269174220894377,0.3603569984845803,0.48472040741781147,0.3811049894371875,0.5078334599174082,0.40304925764837496,0.5327462447887279,0.42628868987868557,0.5680078591341712,0.4570820322810141,0.5976112181247144,0.48370548532024354,0.6297785071313055,0.5118845581542829,0.6649839873596791,0.5420796855615218,0.7037798890561552,0.574450759662731,0.7518128661689001,0.612730509119645,0.7988496764912869,0.6481252125276252,0.8500298669955705,0.6847000245758791,0.9076709379706748,0.7242058157151788,1,1
8893,2019,2,1,0.0034138908605666914,9.227072018051891e-4,0.0035341288032815954,0.0010375377051493535,0.0037832186044882716,0.0011402091527351087,0.00408040695375361,0.0011847890133171622,0.004155958057552525,0.0013090748682317622,0.004370664510161766,0.0013590577151217007,0.004592234188951461,0.001457674297654065,0.005007926310613207,0.0015806072057551962,0.0053033448463750184,0.0017940523778923936,0.005505980519522201,0.0018656473791654872,0.005224153728261301,0.002046667244661584,0.0050299416117089825,0.0021641916135955756,0.0052634727969434565,0.002268205198291825,0.005684228106511475,0.0024640797886886796,0.0061324407481107585,0.00270047919964296,0.0066510491103709815,0.0029058043260554644,0.007238326728079047,0.003220548929032661,0.00789941665588591,0.0035285337503425016,0.008265026117185284,0.003798687805814999,0.009030777659886661,0.0040634320464589075,0.00809861144379283,0.0033911591728416524,0.008571537946518912,0.003560308993001749,0.009149403170058636,0.0037793709007020123,0.009852316143454259,0.004044292951136131,0.010288876721554705,0.004402931780389759,0.011269111872496681,0.004588639631192219,0.012119615396471382,0.004989231101374748,0.013112254262241937,0.0054194963504737995,0.01421675027809716,0.005844845029696351,0.015279158650849453,0.006371212178835364,0.016562582279808842,0.0068601440259916935,0.017729037696623286,0.007458353867947073,0.01918531553297044,0.008044682286319008,0.02042245222140976,0.008590627543220514,0.025732613814178684,0.009191013487792842,0.019972121077505026,0.01029952716589122,0.020104469243993398,0.011876395504421542,0.01974361942708565,0.011759163476678538,0.020382580225124833,0.011323715881330205,0.021474234763696753,0.011889083017012326,0.022353552897614936,0.012640529828875145,0.02385750088331882,0.013713637196360047,0.025647184350179562,0.014985987711039879,0.028031736624633454,0.016535594388063752,0.030417223245211015,0.018053203618175768,0.03322084499503079,0.01985398895844599,0.03595809046937901,0.02165390076021513,0.039151363417148054,0.02376524768290109,0.04267963285013144,0.02611566686017318,0.046566672712441186,0.02876561334491524,0.05281165557713064,0.03291777629525599,0.057902521518565474,0.036529507712241095,0.06364609028925669,0.040714646145973046,0.07007045836860928,0.04529823833734852,0.07727612470218764,0.0502326530325803,0.08896966330381499,0.05815318094601432,0.0982360983383732,0.0647061422843637,0.10856587705503119,0.07192777314703444,0.11968235719503126,0.07997562306578444,0.13186650355242416,0.08916753906107881,0.15491101983370162,0.10527331474072615,0.17077796626080582,0.11673870711871315,0.18794923771259942,0.1292684748217158,0.20634378665233707,0.14289925727572433,0.2250365905272978,0.15714833004331769,0.2577592633298001,0.18126440023007503,0.2768583855223112,0.19641113893442871,0.2948530999474381,0.21107057327311224,0.3113360076538074,0.224940427981707,0.32591159666210145,0.2377120158962451,0.346386365711638,0.2549462858963909,0.3627514843312706,0.2695351893400434,0.37989033676836603,0.2849576397249733,0.39783966457291553,0.3012631002762672,0.4166362092949105,0.318501950204662,0.44166801117718524,0.3407375018524717,0.46269174220894377,0.3603569984845803,0.48472040741781147,0.3811049894371875,0.5078334599174082,0.40304925764837496,0.5327462447887279,0.42628868987868557,0.5680078591341712,0.4570820322810141,0.5976112181247144,0.48370548532024354,0.6297785071313055,0.5118845581542829,0.6649839873596791,0.5420796855615218,0.7037798890561552,0.574450759662731,0.7518128661689001,0.612730509119645,0.7988496764912869,0.6481252125276252,0.8500298669955705,0.6847000245758791,0.9076709379706748,0.7242058157151788,1,1
8894,2019,2,1,0.0034138908605666914,9.227072018051891e-4,0.0035341288032815954,0.0010375377051493535,0.0037832186044882716,0.0011402091527351087,0.00408040695375361,0.0011847890133171622,0.004155958057552525,0.0013090748682317622,0.004370664510161766,0.0013590577151217007,0.004592234188951461,0.001457674297654065,0.005007926310613207,0.0015806072057551962,0.0053033448463750184,0.0017940523778923936,0.005505980519522201,0.0018656473791654872,0.005224153728261301,0.002046667244661584,0.0050299416117089825,0.0021641916135955756,0.0052634727969434565,0.002268205198291825,0.005684228106511475,0.0024640797886886796,0.0061324407481107585,0.00270047919964296,0.0066510491103709815,0.0029058043260554644,0.007238326728079047,0.003220548929032661,0.00789941665588591,0.0035285337503425016,0.008265026117185284,0.003798687805814999,0.009030777659886661,0.0040634320464589075,0.00809861144379283,0.0033911591728416524,0.008571537946518912,0.003560308993001749,0.009149403170058636,0.0037793709007020123,0.009852316143454259,0.004044292951136131,0.010288876721554705,0.004402931780389759,0.011269111872496681,0.004588639631192219,0.012119615396471382,0.004989231101374748,0.013112254262241937,0.0054194963504737995,0.01421675027809716,0.005844845029696351,0.015279158650849453,0.006371212178835364,0.016562582279808842,0.0068601440259916935,0.017729037696623286,0.007458353867947073,0.01918531553297044,0.008044682286319008,0.02042245222140976,0.008590627543220514,0.025732613814178684,0.009191013487792842,0.019972121077505026,0.01029952716589122,0.020104469243993398,0.011876395504421542,0.01974361942708565,0.011759163476678538,0.020382580225124833,0.011323715881330205,0.021474234763696753,0.011889083017012326,0.022353552897614936,0.012640529828875145,0.02385750088331882,0.013713637196360047,0.025647184350179562,0.014985987711039879,0.028031736624633454,0.016535594388063752,0.030417223245211015,0.018053203618175768,0.03322084499503079,0.01985398895844599,0.03595809046937901,0.02165390076021513,0.039151363417148054,0.02376524768290109,0.04267963285013144,0.02611566686017318,0.046566672712441186,0.02876561334491524,0.05281165557713064,0.03291777629525599,0.057902521518565474,0.036529507712241095,0.06364609028925669,0.040714646145973046,0.07007045836860928,0.04529823833734852,0.07727612470218764,0.0502326530325803,0.08896966330381499,0.05815318094601432,0.0982360983383732,0.0647061422843637,0.10856587705503119,0.07192777314703444,0.11968235719503126,0.07997562306578444,0.13186650355242416,0.08916753906107881,0.15491101983370162,0.10527331474072615,0.17077796626080582,0.11673870711871315,0.18794923771259942,0.1292684748217158,0.20634378665233707,0.14289925727572433,0.2250365905272978,0.15714833004331769,0.2577592633298001,0.18126440023007503,0.2768583855223112,0.19641113893442871,0.2948530999474381,0.21107057327311224,0.3113360076538074,0.224940427981707,0.32591159666210145,0.2377120158962451,0.346386365711638,0.2549462858963909,0.3627514843312706,0.2695351893400434,0.37989033676836603,0.2849576397249733,0.39783966457291553,0.3012631002762672,0.4166362092949105,0.318501950204662,0.44166801117718524,0.3407375018524717,0.46269174220894377,0.3603569984845803,0.48472040741781147,0.3811049894371875,0.5078334599174082,0.40304925764837496,0.5327462447887279,0.42628868987868557,0.5680078591341712,0.4570820322810141,0.5976112181247144,0.48370548532024354,0.6297785071313055,0.5118845581542829,0.6649839873596791,0.5420796855615218,0.7037798890561552,0.574450759662731,0.7518128661689001,0.612730509119645,0.7988496764912869,0.6481252125276252,0.8500298669955705,0.6847000245758791,0.9076709379706748,0.7242058157151788,1,1
8895,2019,2,1,0.0034138908605666914,9.227072018051891e-4,0.0035341288032815954,0.0010375377051493535,0.0037832186044882716,0.0011402091527351087,0.00408040695375361,0.0011847890133171622,0.004155958057552525,0.0013090748682317622,0.004370664510161766,0.0013590577151217007,0.004592234188951461,0.001457674297654065,0.005007926310613207,0.0015806072057551962,0.0053033448463750184,0.0017940523778923936,0.005505980519522201,0.0018656473791654872,0.005224153728261301,0.002046667244661584,0.0050299416117089825,0.0021641916135955756,0.0052634727969434565,0.002268205198291825,0.005684228106511475,0.0024640797886886796,0.0061324407481107585,0.00270047919964296,0.0066510491103709815,0.0029058043260554644,0.007238326728079047,0.003220548929032661,0.00789941665588591,0.0035285337503425016,0.008265026117185284,0.003798687805814999,0.009030777659886661,0.0040634320464589075,0.00809861144379283,0.0033911591728416524,0.008571537946518912,0.003560308993001749,0.009149403170058636,0.0037793709007020123,0.009852316143454259,0.004044292951136131,0.010288876721554705,0.004402931780389759,0.011269111872496681,0.004588639631192219,0.012119615396471382,0.004989231101374748,0.013112254262241937,0.0054194963504737995,0.01421675027809716,0.005844845029696351,0.015279158650849453,0.006371212178835364,0.016562582279808842,0.0068601440259916935,0.017729037696623286,0.007458353867947073,0.01918531553297044,0.008044682286319008,0.02042245222140976,0.008590627543220514,0.025732613814178684,0.009191013487792842,0.019972121077505026,0.01029952716589122,0.020104469243993398,0.011876395504421542,0.01974361942708565,0.011759163476678538,0.020382580225124833,0.011323715881330205,0.021474234763696753,0.011889083017012326,0.022353552897614936,0.012640529828875145,0.02385750088331882,0.013713637196360047,0.025647184350179562,0.014985987711039879,0.028031736624633454,0.016535594388063752,0.030417223245211015,0.018053203618175768,0.03322084499503079,0.01985398895844599,0.03595809046937901,0.02165390076021513,0.039151363417148054,0.02376524768290109,0.04267963285013144,0.02611566686017318,0.046566672712441186,0.02876561334491524,0.05281165557713064,0.03291777629525599,0.057902521518565474,0.036529507712241095,0.06364609028925669,0.040714646145973046,0.07007045836860928,0.04529823833734852,0.07727612470218764,0.0502326530325803,0.08896966330381499,0.05815318094601432,0.0982360983383732,0.0647061422843637,0.10856587705503119,0.07192777314703444,0.11968235719503126,0.07997562306578444,0.13186650355242416,0.08916753906107881,0.15491101983370162,0.10527331474072615,0.17077796626080582,0.11673870711871315,0.18794923771259942,0.1292684748217158,0.20634378665233707,0.14289925727572433,0.2250365905272978,0.15714833004331769,0.2577592633298001,0.18126440023007503,0.2768583855223112,0.19641113893442871,0.2948530999474381,0.21107057327311224,0.3113360076538074,0.224940427981707,0.32591159666210145,0.2377120158962451,0.346386365711638,0.2549462858963909,0.3627514843312706,0.2695351893400434,0.37989033676836603,0.2849576397249733,0.39783966457291553,0.3012631002762672,0.4166362092949105,0.318501950204662,0.44166801117718524,0.3407375018524717,0.46269174220894377,0.3603569984845803,0.48472040741781147,0.3811049894371875,0.5078334599174082,0.40304925764837496,0.5327462447887279,0.42628868987868557,0.5680078591341712,0.4570820322810141,0.5976112181247144,0.48370548532024354,0.6297785071313055,0.5118845581542829,0.6649839873596791,0.5420796855615218,0.7037798890561552,0.574450759662731,0.7518128661689001,0.612730509119645,0.7988496764912869,0.6481252125276252,0.8500298669955705,0.6847000245758791,0.9076709379706748,0.7242058157151788,1,1
12691,2019,0,1,0.0014384732254684419,,0.001381861475727513,,0.0013850108223928518,,0.0014471959132491645,,0.0015168822971424235,,0.0016030439201334932,,0.0016825203771548734,,0.0016842923928543768,,0.0017481445386202115,,0.0019152451814327882,,0.0021235768131166927,,0.0023387594592570314,,0.0024403270561952754,,0.0026961789337452318,,0.0029192656037893344,,0.0031058316703469527,,0.00343416124278584,,0.0036121401627124453,,0.003887028465061872,,0.004235704468593374,,0.007475062341583299,,0.007763161073294192,,0.007928308436515144,,0.008501857135114652,,0.0093116589830046,,0.010083436457550093,,0.010930371290830769,,0.01164702966822178,,0.012553289652386548,,0.013177942056049972,,0.014411835954095899,,0.015126646051103263,,0.015983156788159508,,0.01738142506547378,,0.018416883802137032,,0.023891218742054486,,0.025640339194387053,,0.027458544028192075,,0.02968541897609271,,0.031938481074324745,,0.03477281665531931,,0.037612360338040614,,0.04029888904486504,,0.04338568766641559,,0.046830197667064116,,0.05574572288138809,,0.056927089351317524,,0.06103666424925538,,0.06645978679215282,,0.07241773196568353,,0.08057376595523102,,0.0886837613112485,,0.09759697726134027,,0.10733920018806349,,0.1180737389020095,,0.1326732676367609,,0.146472394772079,,0.16179781462686085,,0.17866348864298578,,0.19708130110838729,,0.22643589289799804,,0.24925826579528618,,0.27364589288533797,,0.2994470825828455,,0.32659863006059714,,0.36526360447157397,,0.3923609827417788,,0.41791976857379715,,0.4413647238559338,,0.46213617429427384,,0.4889247836304173,,0.5121482994651049,,0.5364726327070612,,0.5619526795677156,,0.5886398941176706,,0.6226414205310287,,0.6519765309273701,,0.6839675680421007,,0.7177172814045358,,0.7538582008531246,,0.8019080198183539,,0.843418645504782,,0.8893469696372576,,0.9402866684920366,,0.9969898293317377,,1,,1,,1,,0.9999999999999999,,1,1
12692,2019,0,1,0.0014384732254684419,,0.001381861475727513,,0.0013850108223928518,,0.0014471959132491645,,0.0015168822971424235,,0.0016030439201334932,,0.0016825203771548734,,0.0016842923928543768,,0.0017481445386202115,,0.0019152451814327882,,0.0021235768131166927,,0.0023387594592570314,,0.0024403270561952754,,0.0026961789337452318,,0.0029192656037893344,,0.0031058316703469527,,0.00343416124278584,,0.0036121401627124453,,0.003887028465061872,,0.004235704468593374,,0.007475062341583299,,0.007763161073294192,,0.007928308436515144,,0.008501857135114652,,0.0093116589830046,,0.010083436457550093,,0.010930371290830769,,0.01164702966822178,,0.012553289652386548,,0.013177942056049972,,0.014411835954095899,,0.015126646051103263,,0.015983156788159508,,0.01738142506547378,,0.018416883802137032,,0.023891218742054486,,0.025640339194387053,,0.027458544028192075,,0.02968541897609271,,0.031938481074324745,,0.03477281665531931,,0.037612360338040614,,0.04029888904486504,,0.04338568766641559,,0.046830197667064116,,0.05574572288138809,,0.056927089351317524,,0.06103666424925538,,0.06645978679215282,,0.07241773196568353,,0.08057376595523102,,0.0886837613112485,,0.09759697726134027,,0.10733920018806349,,0.1180737389020095,,0.1326732676367609,,0.146472394772079,,0.16179781462686085,,0.17866348864298578,,0.19708130110838729,,0.22643589289799804,,0.24925826579528618,,0.27364589288533797,,0.2994470825828455,,0.32659863006059714,,0.36526360447157397,,0.3923609827417788,,0.41791976857379715,,0.4413647238559338,,0.46213617429427384,,0.4889247836304173,,0.5121482994651049,,0.5364726327070612,,0.5619526795677156,,0.5886398941176706,,0.6226414205310287,,0.6519765309273701,,0.6839675680421007,,0.7177172814045358,,0.7538582008531246,,0.8019080198183539,,0.843418645504782,,0.8893469696372576,,0.9402866684920366,,0.9969898293317377,,1,,1,,1,,0.9999999999999999,,1,1
12693,2019,0,1,0.0014384732254684419,,0.001381861475727513,,0.0013850108223928518,,0.0014471959132491645,,0.0015168822971424235,,0.0016030439201334932,,0.0016825203771548734,,0.0016842923928543768,,0.0017481445386202115,,0.0019152451814327882,,0.0021235768131166927,,0.0023387594592570314,,0.0024403270561952754,,0.0026961789337452318,,0.0029192656037893344,,0.0031058316703469527,,0.00343416124278584,,0.0036121401627124453,,0.003887028465061872,,0.004235704468593374,,0.007475062341583299,,0.007763161073294192,,0.007928308436515144,,0.008501857135114652,,0.0093116589830046,,0.010083436457550093,,0.010930371290830769,,0.01164702966822178,,0.012553289652386548,,0.013177942056049972,,0.014411835954095899,,0.015126646051103263,,0.015983156788159508,,0.01738142506547378,,0.018416883802137032,,0.023891218742054486,,0.025640339194387053,,0.027458544028192075,,0.02968541897609271,,0.031938481074324745,,0.03477281665531931,,0.037612360338040614,,0.04029888904486504,,0.04338568766641559,,0.046830197667064116,,0.05574572288138809,,0.056927089351317524,,0.06103666424925538,,0.06645978679215282,,0.07241773196568353,,0.08057376595523102,,0.0886837613112485,,0.09759697726134027,,0.10733920018806349,,0.1180737389020095,,0.1326732676367609,,0.146472394772079,,0.16179781462686085,,0.17866348864298578,,0.19708130110838729,,0.22643589289799804,,0.24925826579528618,,0.27364589288533797,,0.2994470825828455,,0.32659863006059714,,0.36526360447157397,,0.3923609827417788,,0.41791976857379715,,0.4413647238559338,,0.46213617429427384,,0.4889247836304173,,0.5121482994651049,,0.5364726327070612,,0.5619526795677156,,0.5886398941176706,,0.6226414205310287,,0.6519765309273701,,0.6839675680421007,,0.7177172814045358,,0.7538582008531246,,0.8019080198183539,,0.843418645504782,,0.8893469696372576,,0.9402866684920366,,0.9969898293317377,,1,,1,,1,,0.9999999999999999,,1,1
12694,2019,0,1,0.0014384732254684419,,0.001381861475727513,,0.0013850108223928518,,0.0014471959132491645,,0.0015168822971424235,,0.0016030439201334932,,0.0016825203771548734,,0.0016842923928543768,,0.0017481445386202115,,0.0019152451814327882,,0.0021235768131166927,,0.0023387594592570314,,0.0024403270561952754,,0.0026961789337452318,,0.0029192656037893344,,0.0031058316703469527,,0.00343416124278584,,0.0036121401627124453,,0.003887028465061872,,0.004235704468593374,,0.007475062341583299,,0.007763161073294192,,0.007928308436515144,,0.008501857135114652,,0.0093116589830046,,0.010083436457550093,,0.010930371290830769,,0.01164702966822178,,0.012553289652386548,,0.013177942056049972,,0.014411835954095899,,0.015126646051103263,,0.015983156788159508,,0.01738142506547378,,0.018416883802137032,,0.023891218742054486,,0.025640339194387053,,0.027458544028192075,,0.02968541897609271,,0.031938481074324745,,0.03477281665531931,,0.037612360338040614,,0.04029888904486504,,0.04338568766641559,,0.046830197667064116,,0.05574572288138809,,0.056927089351317524,,0.06103666424925538,,0.06645978679215282,,0.07241773196568353,,0.08057376595523102,,0.0886837613112485,,0.09759697726134027,,0.10733920018806349,,0.1180737389020095,,0.1326732676367609,,0.146472394772079,,0.16179781462686085,,0.17866348864298578,,0.19708130110838729,,0.22643589289799804,,0.24925826579528618,,0.27364589288533797,,0.2994470825828455,,0.32659863006059714,,0.36526360447157397,,0.3923609827417788,,0.41791976857379715,,0.4413647238559338,,0.46213617429427384,,0.4889247836304173,,0.5121482994651049,,0.5364726327070612,,0.5619526795677156,,0.5886398941176706,,0.6226414205310287,,0.6519765309273701,,0.6839675680421007,,0.7177172814045358,,0.7538582008531246,,0.8019080198183539,,0.843418645504782,,0.8893469696372576,,0.9402866684920366,,0.9969898293317377,,1,,1,,1,,0.9999999999999999,,1,1
12695,2019,0,1,0.0014384732254684419,,0.001381861475727513,,0.0013850108223928518,,0.0014471959132491645,,0.0015168822971424235,,0.0016030439201334932,,0.0016825203771548734,,0.0016842923928543768,,0.0017481445386202115,,0.0019152451814327882,,0.0021235768131166927,,0.0023387594592570314,,0.0024403270561952754,,0.0026961789337452318,,0.0029192656037893344,,0.0031058316703469527,,0.00343416124278584,,0.0036121401627124453,,0.003887028465061872,,0.004235704468593374,,0.007475062341583299,,0.007763161073294192,,0.007928308436515144,,0.008501857135114652,,0.0093116589830046,,0.010083436457550093,,0.010930371290830769,,0.01164702966822178,,0.012553289652386548,,0.013177942056049972,,0.014411835954095899,,0.015126646051103263,,0.015983156788159508,,0.01738142506547378,,0.018416883802137032,,0.023891218742054486,,0.025640339194387053,,0.027458544028192075,,0.02968541897609271,,0.031938481074324745,,0.03477281665531931,,0.037612360338040614,,0.04029888904486504,,0.04338568766641559,,0.046830197667064116,,0.05574572288138809,,0.056927089351317524,,0.06103666424925538,,0.06645978679215282,,0.07241773196568353,,0.08057376595523102,,0.0886837613112485,,0.09759697726134027,,0.10733920018806349,,0.1180737389020095,,0.1326732676367609,,0.146472394772079,,0.16179781462686085,,0.17866348864298578,,0.19708130110838729,,0.22643589289799804,,0.24925826579528618,,0.27364589288533797,,0.2994470825828455,,0.32659863006059714,,0.36526360447157397,,0.3923609827417788,,0.41791976857379715,,0.4413647238559338,,0.46213617429427384,,0.4889247836304173,,0.5121482994651049,,0.5364726327070612,,0.5619526795677156,,0.5886398941176706,,0.6226414205310287,,0.6519765309273701,,0.6839675680421007,,0.7177172814045358,,0.7538582008531246,,0.8019080198183539,,0.843418645504782,,0.8893469696372576,,0.9402866684920366,,0.9969898293317377,,1,,1,,1,,0.9999999999999999,,1,1
12821,2019,0,2,,0.0015606470412643692,,0.0016934435775066803,,0.001741713780708199,,0.0018805351320405695,,0.002011802052873065,,0.0021355139481541033,,0.0021173547391931044,,0.002188229949669145,,0.0022892776130649115,,0.0024793462818933436,,0.002643742620340286,,0.002770395483841621,,0.0030011405681090535,,0.003163958151275834,,0.0033810611092114327,,0.0036071777033277767,,0.003941866416049452,,0.004317219856315914,,0.004647244784083644,,0.005146111498488697,,0.005252422920997847,,0.005643635013016003,,0.006105947155144234,,0.006575274896482772,,0.007125621015162752,,0.007819574519327771,,0.008383829332538452,,0.009211151845234907,,0.009847539065211307,,0.010790961645606318,,0.011470846998965417,,0.012487459066837965,,0.01364861324697691,,0.014722417013200366,,0.01590358494653355,,0.013924274120057372,,0.014618311963529423,,0.01587835779802147,,0.017075920659592885,,0.018095920547958683,,0.019803553919118765,,0.020913581610384,,0.02267530628177223,,0.0246847383864629,,0.02682325413225205,,0.029533332459792144,,0.03225695689911197,,0.03606704191046945,,0.03935516596975805,,0.04393094700331352,,0.04872876838636911,,0.05418246704681738,,0.06363007524863697,,0.06722471915248743,,0.07347339653436095,,0.08185262884646899,,0.09097626485295053,,0.10134051236638907,,0.11302685018121884,,0.12598924456060984,,0.14368934283807033,,0.1598234432899515,,0.1771389345249106,,0.19553783964353086,,0.21495447664318726,,0.23976417745612866,,0.25976318031627177,,0.2791337605852236,,0.29747457167981733,,0.3144438326488832,,0.3348371459665837,,0.3540936076361912,,0.3744471070601248,,0.3959703393727445,,0.41873702293582704,,0.44605442420921604,,0.47185345946813606,,0.4991412561280541,,0.5280076397598622,,0.5585410103142316,,0.5962178533812802,,0.6309119540368123,,0.6676247214290647,,0.7057547171633246,,0.74730214965978,,0.7940513512403989,,0.8375648930194369,,0.8843670136983586,,0.9358592289174122,1,1
12822,2019,0,2,,0.0015606470412643692,,0.0016934435775066803,,0.001741713780708199,,0.0018805351320405695,,0.002011802052873065,,0.0021355139481541033,,0.0021173547391931044,,0.002188229949669145,,0.0022892776130649115,,0.0024793462818933436,,0.002643742620340286,,0.002770395483841621,,0.0030011405681090535,,0.003163958151275834,,0.0033810611092114327,,0.0036071777033277767,,0.003941866416049452,,0.004317219856315914,,0.004647244784083644,,0.005146111498488697,,0.005252422920997847,,0.005643635013016003,,0.006105947155144234,,0.006575274896482772,,0.007125621015162752,,0.007819574519327771,,0.008383829332538452,,0.009211151845234907,,0.009847539065211307,,0.010790961645606318,,0.011470846998965417,,0.012487459066837965,,0.01364861324697691,,0.014722417013200366,,0.01590358494653355,,0.013924274120057372,,0.014618311963529423,,0.01587835779802147,,0.017075920659592885,,0.018095920547958683,,0.019803553919118765,,0.020913581610384,,0.02267530628177223,,0.0246847383864629,,0.02682325413225205,,0.029533332459792144,,0.03225695689911197,,0.03606704191046945,,0.03935516596975805,,0.04393094700331352,,0.04872876838636911,,0.05418246704681738,,0.06363007524863697,,0.06722471915248743,,0.07347339653436095,,0.08185262884646899,,0.09097626485295053,,0.10134051236638907,,0.11302685018121884,,0.12598924456060984,,0.14368934283807033,,0.1598234432899515,,0.1771389345249106,,0.19553783964353086,,0.21495447664318726,,0.23976417745612866,,0.25976318031627177,,0.2791337605852236,,0.29747457167981733,,0.3144438326488832,,0.3348371459665837,,0.3540936076361912,,0.3744471070601248,,0.3959703393727445,,0.41873702293582704,,0.44605442420921604,,0.47185345946813606,,0.4991412561280541,,0.5280076397598622,,0.5585410103142316,,0.5962178533812802,,0.6309119540368123,,0.6676247214290647,,0.7057547171633246,,0.74730214965978,,0.7940513512403989,,0.8375648930194369,,0.8843670136983586,,0.9358592289174122,1,1
12823,2019,0,2,,0.0015606470412643692,,0.0016934435775066803,,0.001741713780708199,,0.0018805351320405695,,0.002011802052873065,,0.0021355139481541033,,0.0021173547391931044,,0.002188229949669145,,0.0022892776130649115,,0.0024793462818933436,,0.002643742620340286,,0.002770395483841621,,0.0030011405681090535,,0.003163958151275834,,0.0033810611092114327,,0.0036071777033277767,,0.003941866416049452,,0.004317219856315914,,0.004647244784083644,,0.005146111498488697,,0.005252422920997847,,0.005643635013016003,,0.006105947155144234,,0.006575274896482772,,0.007125621015162752,,0.007819574519327771,,0.008383829332538452,,0.009211151845234907,,0.009847539065211307,,0.010790961645606318,,0.011470846998965417,,0.012487459066837965,,0.01364861324697691,,0.014722417013200366,,0.01590358494653355,,0.013924274120057372,,0.014618311963529423,,0.01587835779802147,,0.017075920659592885,,0.018095920547958683,,0.019803553919118765,,0.020913581610384,,0.02267530628177223,,0.0246847383864629,,0.02682325413225205,,0.029533332459792144,,0.03225695689911197,,0.03606704191046945,,0.03935516596975805,,0.04393094700331352,,0.04872876838636911,,0.05418246704681738,,0.06363007524863697,,0.06722471915248743,,0.07347339653436095,,0.08185262884646899,,0.09097626485295053,,0.10134051236638907,,0.11302685018121884,,0.12598924456060984,,0.14368934283807033,,0.1598234432899515,,0.1771389345249106,,0.19553783964353086,,0.21495447664318726,,0.23976417745612866,,0.25976318031627177,,0.2791337605852236,,0.29747457167981733,,0.3144438326488832,,0.3348371459665837,,0.3540936076361912,,0.3744471070601248,,0.3959703393727445,,0.41873702293582704,,0.44605442420921604,,0.47185345946813606,,0.4991412561280541,,0.5280076397598622,,0.5585410103142316,,0.5962178533812802,,0.6309119540368123,,0.6676247214290647,,0.7057547171633246,,0.74730214965978,,0.7940513512403989,,0.8375648930194369,,0.8843670136983586,,0.9358592289174122,1,1
12824,2019,0,2,,0.0015606470412643692,,0.0016934435775066803,,0.001741713780708199,,0.0018805351320405695,,0.002011802052873065,,0.0021355139481541033,,0.0021173547391931044,,0.002188229949669145,,0.0022892776130649115,,0.0024793462818933436,,0.002643742620340286,,0.002770395483841621,,0.0030011405681090535,,0.003163958151275834,,0.0033810611092114327,,0.0036071777033277767,,0.003941866416049452,,0.004317219856315914,,0.004647244784083644,,0.005146111498488697,,0.005252422920997847,,0.005643635013016003,,0.006105947155144234,,0.006575274896482772,,0.007125621015162752,,0.007819574519327771,,0.008383829332538452,,0.009211151845234907,,0.009847539065211307,,0.010790961645606318,,0.011470846998965417,,0.012487459066837965,,0.01364861324697691,,0.014722417013200366,,0.01590358494653355,,0.013924274120057372,,0.014618311963529423,,0.01587835779802147,,0.017075920659592885,,0.018095920547958683,,0.019803553919118765,,0.020913581610384,,0.02267530628177223,,0.0246847383864629,,0.02682325413225205,,0.029533332459792144,,0.03225695689911197,,0.03606704191046945,,0.03935516596975805,,0.04393094700331352,,0.04872876838636911,,0.05418246704681738,,0.06363007524863697,,0.06722471915248743,,0.07347339653436095,,0.08185262884646899,,0.09097626485295053,,0.10134051236638907,,0.11302685018121884,,0.12598924456060984,,0.14368934283807033,,0.1598234432899515,,0.1771389345249106,,0.19553783964353086,,0.21495447664318726,,0.23976417745612866,,0.25976318031627177,,0.2791337605852236,,0.29747457167981733,,0.3144438326488832,,0.3348371459665837,,0.3540936076361912,,0.3744471070601248,,0.3959703393727445,,0.41873702293582704,,0.44605442420921604,,0.47185345946813606,,0.4991412561280541,,0.5280076397598622,,0.5585410103142316,,0.5962178533812802,,0.6309119540368123,,0.6676247214290647,,0.7057547171633246,,0.74730214965978,,0.7940513512403989,,0.8375648930194369,,0.8843670136983586,,0.9358592289174122,1,1
12825,2019,0,2,,0.0015606470412643692,,0.0016934435775066803,,0.001741713780708199,,0.0018805351320405695,,0.002011802052873065,,0.0021355139481541033,,0.0021173547391931044,,0.002188229949669145,,0.0022892776130649115,,0.0024793462818933436,,0.002643742620340286,,0.002770395483841621,,0.0030011405681090535,,0.003163958151275834,,0.0033810611092114327,,0.0036071777033277767,,0.003941866416049452,,0.004317219856315914,,0.004647244784083644,,0.005146111498488697,,0.005252422920997847,,0.005643635013016003,,0.006105947155144234,,0.006575274896482772,,0.007125621015162752,,0.007819574519327771,,0.008383829332538452,,0.009211151845234907,,0.009847539065211307,,0.010790961645606318,,0.011470846998965417,,0.012487459066837965,,0.01364861324697691,,0.014722417013200366,,0.01590358494653355,,0.013924274120057372,,0.014618311963529423,,0.01587835779802147,,0.017075920659592885,,0.018095920547958683,,0.019803553919118765,,0.020913581610384,,0.02267530628177223,,0.0246847383864629,,0.02682325413225205,,0.029533332459792144,,0.03225695689911197,,0.03606704191046945,,0.03935516596975805,,0.04393094700331352,,0.04872876838636911,,0.05418246704681738,,0.06363007524863697,,0.06722471915248743,,0.07347339653436095,,0.08185262884646899,,0.09097626485295053,,0.10134051236638907,,0.11302685018121884,,0.12598924456060984,,0.14368934283807033,,0.1598234432899515,,0.1771389345249106,,0.19553783964353086,,0.21495447664318726,,0.23976417745612866,,0.25976318031627177,,0.2791337605852236,,0.29747457167981733,,0.3144438326488832,,0.3348371459665837,,0.3540936076361912,,0.3744471070601248,,0.3959703393727445,,0.41873702293582704,,0.44605442420921604,,0.47185345946813606,,0.4991412561280541,,0.5280076397598622,,0.5585410103142316,,0.5962178533812802,,0.6309119540368123,,0.6676247214290647,,0.7057547171633246,,0.74730214965978,,0.7940513512403989,,0.8375648930194369,,0.8843670136983586,,0.9358592289174122,1,1
15801,2019,2,1,0.003635640202391995,0.0017578249593070104,0.003819076917542927,0.002258984942716325,0.004248265188018517,0.00242590433348794,0.004826302125304976,0.002484297530098356,0.005198145667421193,0.0025209672510151312,0.005217406433372371,0.00267258248461025,0.005522027816499583,0.0029000612981273425,0.007253375808209893,0.003079747520449248,0.006671766755737678,0.0032875486269624715,0.007032948081058401,0.003456227045785063,0.006932593716991106,0.0032345805617358682,0.007166982217185475,0.0033380954511046724,0.007470621998653065,0.003469695065914893,0.007650096515072817,0.0036596871896963502,0.007968179998711175,0.0038798586003483937,0.007683877913067365,0.0037468237191947544,0.00821212681254922,0.004025161943776615,0.008752345942322702,0.004314068873272784,0.009304485717692206,0.004622157800048031,0.009920470163282248,0.004940718841291531,0.007678241143748694,0.004601599280025146,0.008299090305697785,0.004946125760606538,0.008942624723222787,0.0053333141619695225,0.009626515950168604,0.00575374950052452,0.010442828065007154,0.006194283437157398,0.011921043352528249,0.007039273532288351,0.012865245483743723,0.007599820614116686,0.013801586780638583,0.008187572418249528,0.01470522054836983,0.008753935312376587,0.015643325916653836,0.009332359910817089,0.016831543991974163,0.010067913047534608,0.018027286690508862,0.01071829367514003,0.019214511447372518,0.011333694113212812,0.020333030967081188,0.011928868917591704,0.021373961902230197,0.012537079884921743,0.016453973711182804,0.009173979932894328,0.017324241492737858,0.009734398580777522,0.018204710140930856,0.010393706042567412,0.019109219141242615,0.011179751372346435,0.020151973217966645,0.012096572150153034,0.02091174219768127,0.012812767222020582,0.022305494365179826,0.013958542702734474,0.023964558334601767,0.015245678543838766,0.026176423322624286,0.016812120002244288,0.02838347523371519,0.01834339379889329,0.031468163999051904,0.020563360907018685,0.03406096832236676,0.02242844560498245,0.037086138406834925,0.02461437509018009,0.040428284033241835,0.02704861054115001,0.04410964909926745,0.029793925938003195,0.053285256892231576,0.036916680214594835,0.058422207012686446,0.04096769439775624,0.06421813260190878,0.04566039815538534,0.07070083853199842,0.05080088963780608,0.07797042234251501,0.05633476472892223,0.09451571148555528,0.06959123435102374,0.10436002645252176,0.07743240195555207,0.11533460947034883,0.08607428655082924,0.12714333865117264,0.09570381509985237,0.140087896857277,0.10670321139263049,0.1760562794056963,0.137148591746452,0.19408773896247578,0.15208600905819175,0.21360397868938943,0.16841003384171613,0.23450907177769262,0.18616670034910643,0.2557533843056145,0.20473105873392464,0.30546849562022005,0.2489351005507354,0.3281016615095315,0.2697370025821758,0.3494279984101481,0.28986931549243256,0.3689623113039267,0.3089163360354372,0.3862346978523791,0.32645678105577874,0.4151336916694013,0.35510822055576213,0.43474724844866447,0.3754288554063518,0.45528670746885397,0.3969101114003264,0.4767979467689348,0.41962034242714025,0.49932545414426666,0.443632087308255,0.5341816418086904,0.48009400491137944,0.5596091973440412,0.5077382707749158,0.5862476550593417,0.5369714158239276,0.6141540149423976,0.5678910884719208,0.6433880574682231,0.6005893572230584,0.6897026329250118,0.6512758587193288,0.7227779185314377,0.6891335572509133,0.7579363361334612,0.7293363509283766,0.7954226528580661,0.7719323145704451,0.8352666900349447,0.8173715140508945,0.8898775051482426,0.8778219127001021,0.938064323587437,0.9232907345337051,0.9911570671992215,0.9700661250834782,1,1,1,1
15802,2019,2,1,0.003635640202391995,0.0017578249593070104,0.003819076917542927,0.002258984942716325,0.004248265188018517,0.00242590433348794,0.004826302125304976,0.002484297530098356,0.005198145667421193,0.0025209672510151312,0.005217406433372371,0.00267258248461025,0.005522027816499583,0.0029000612981273425,0.007253375808209893,0.003079747520449248,0.006671766755737678,0.0032875486269624715,0.007032948081058401,0.003456227045785063,0.006932593716991106,0.0032345805617358682,0.007166982217185475,0.0033380954511046724,0.007470621998653065,0.003469695065914893,0.007650096515072817,0.0036596871896963502,0.007968179998711175,0.0038798586003483937,0.007683877913067365,0.0037468237191947544,0.00821212681254922,0.004025161943776615,0.008752345942322702,0.004314068873272784,0.009304485717692206,0.004622157800048031,0.009920470163282248,0.004940718841291531,0.007678241143748694,0.004601599280025146,0.008299090305697785,0.004946125760606538,0.008942624723222787,0.0053333141619695225,0.009626515950168604,0.00575374950052452,0.010442828065007154,0.006194283437157398,0.011921043352528249,0.007039273532288351,0.012865245483743723,0.007599820614116686,0.013801586780638583,0.008187572418249528,0.01470522054836983,0.008753935312376587,0.015643325916653836,0.009332359910817089,0.016831543991974163,0.010067913047534608,0.018027286690508862,0.01071829367514003,0.019214511447372518,0.011333694113212812,0.020333030967081188,0.011928868917591704,0.021373961902230197,0.012537079884921743,0.016453973711182804,0.009173979932894328,0.017324241492737858,0.009734398580777522,0.018204710140930856,0.010393706042567412,0.019109219141242615,0.011179751372346435,0.020151973217966645,0.012096572150153034,0.02091174219768127,0.012812767222020582,0.022305494365179826,0.013958542702734474,0.023964558334601767,0.015245678543838766,0.026176423322624286,0.016812120002244288,0.02838347523371519,0.01834339379889329,0.031468163999051904,0.020563360907018685,0.03406096832236676,0.02242844560498245,0.037086138406834925,0.02461437509018009,0.040428284033241835,0.02704861054115001,0.04410964909926745,0.029793925938003195,0.053285256892231576,0.036916680214594835,0.058422207012686446,0.04096769439775624,0.06421813260190878,0.04566039815538534,0.07070083853199842,0.05080088963780608,0.07797042234251501,0.05633476472892223,0.09451571148555528,0.06959123435102374,0.10436002645252176,0.07743240195555207,0.11533460947034883,0.08607428655082924,0.12714333865117264,0.09570381509985237,0.140087896857277,0.10670321139263049,0.1760562794056963,0.137148591746452,0.19408773896247578,0.15208600905819175,0.21360397868938943,0.16841003384171613,0.23450907177769262,0.18616670034910643,0.2557533843056145,0.20473105873392464,0.30546849562022005,0.2489351005507354,0.3281016615095315,0.2697370025821758,0.3494279984101481,0.28986931549243256,0.3689623113039267,0.3089163360354372,0.3862346978523791,0.32645678105577874,0.4151336916694013,0.35510822055576213,0.43474724844866447,0.3754288554063518,0.45528670746885397,0.3969101114003264,0.4767979467689348,0.41962034242714025,0.49932545414426666,0.443632087308255,0.5341816418086904,0.48009400491137944,0.5596091973440412,0.5077382707749158,0.5862476550593417,0.5369714158239276,0.6141540149423976,0.5678910884719208,0.6433880574682231,0.6005893572230584,0.6897026329250118,0.6512758587193288,0.7227779185314377,0.6891335572509133,0.7579363361334612,0.7293363509283766,0.7954226528580661,0.7719323145704451,0.8352666900349447,0.8173715140508945,0.8898775051482426,0.8778219127001021,0.938064323587437,0.9232907345337051,0.9911570671992215,0.9700661250834782,1,1,1,1
15803,2019,2,1,0.003635640202391995,0.0017578249593070104,0.003819076917542927,0.002258984942716325,0.004248265188018517,0.00242590433348794,0.004826302125304976,0.002484297530098356,0.005198145667421193,0.0025209672510151312,0.005217406433372371,0.00267258248461025,0.005522027816499583,0.0029000612981273425,0.007253375808209893,0.003079747520449248,0.006671766755737678,0.0032875486269624715,0.007032948081058401,0.003456227045785063,0.006932593716991106,0.0032345805617358682,0.007166982217185475,0.0033380954511046724,0.007470621998653065,0.003469695065914893,0.007650096515072817,0.0036596871896963502,0.007968179998711175,0.0038798586003483937,0.007683877913067365,0.0037468237191947544,0.00821212681254922,0.004025161943776615,0.008752345942322702,0.004314068873272784,0.009304485717692206,0.004622157800048031,0.009920470163282248,0.004940718841291531,0.007678241143748694,0.004601599280025146,0.008299090305697785,0.004946125760606538,0.008942624723222787,0.0053333141619695225,0.009626515950168604,0.00575374950052452,0.010442828065007154,0.006194283437157398,0.011921043352528249,0.007039273532288351,0.012865245483743723,0.007599820614116686,0.013801586780638583,0.008187572418249528,0.01470522054836983,0.008753935312376587,0.015643325916653836,0.009332359910817089,0.016831543991974163,0.010067913047534608,0.018027286690508862,0.01071829367514003,0.019214511447372518,0.011333694113212812,0.020333030967081188,0.011928868917591704,0.021373961902230197,0.012537079884921743,0.016453973711182804,0.009173979932894328,0.017324241492737858,0.009734398580777522,0.018204710140930856,0.010393706042567412,0.019109219141242615,0.011179751372346435,0.020151973217966645,0.012096572150153034,0.02091174219768127,0.012812767222020582,0.022305494365179826,0.013958542702734474,0.023964558334601767,0.015245678543838766,0.026176423322624286,0.016812120002244288,0.02838347523371519,0.01834339379889329,0.031468163999051904,0.020563360907018685,0.03406096832236676,0.02242844560498245,0.037086138406834925,0.02461437509018009,0.040428284033241835,0.02704861054115001,0.04410964909926745,0.029793925938003195,0.053285256892231576,0.036916680214594835,0.058422207012686446,0.04096769439775624,0.06421813260190878,0.04566039815538534,0.07070083853199842,0.05080088963780608,0.07797042234251501,0.05633476472892223,0.09451571148555528,0.06959123435102374,0.10436002645252176,0.07743240195555207,0.11533460947034883,0.08607428655082924,0.12714333865117264,0.09570381509985237,0.140087896857277,0.10670321139263049,0.1760562794056963,0.137148591746452,0.19408773896247578,0.15208600905819175,0.21360397868938943,0.16841003384171613,0.23450907177769262,0.18616670034910643,0.2557533843056145,0.20473105873392464,0.30546849562022005,0.2489351005507354,0.3281016615095315,0.2697370025821758,0.3494279984101481,0.28986931549243256,0.3689623113039267,0.3089163360354372,0.3862346978523791,0.32645678105577874,0.4151336916694013,0.35510822055576213,0.43474724844866447,0.3754288554063518,0.45528670746885397,0.3969101114003264,0.4767979467689348,0.41962034242714025,0.49932545414426666,0.443632087308255,0.5341816418086904,0.48009400491137944,0.5596091973440412,0.5077382707749158,0.5862476550593417,0.5369714158239276,0.6141540149423976,0.5678910884719208,0.6433880574682231,0.6005893572230584,0.6897026329250118,0.6512758587193288,0.7227779185314377,0.6891335572509133,0.7579363361334612,0.7293363509283766,0.7954226528580661,0.7719323145704451,0.8352666900349447,0.8173715140508945,0.8898775051482426,0.8778219127001021,0.938064323587437,0.9232907345337051,0.9911570671992215,0.9700661250834782,1,1,1,1
15804,2019,2,1,0.003635640202391995,0.0017578249593070104,0.003819076917542927,0.002258984942716325,0.004248265188018517,0.00242590433348794,0.004826302125304976,0.002484297530098356,0.005198145667421193,0.0025209672510151312,0.005217406433372371,0.00267258248461025,0.005522027816499583,0.0029000612981273425,0.007253375808209893,0.003079747520449248,0.006671766755737678,0.0032875486269624715,0.007032948081058401,0.003456227045785063,0.006932593716991106,0.0032345805617358682,0.007166982217185475,0.0033380954511046724,0.007470621998653065,0.003469695065914893,0.007650096515072817,0.0036596871896963502,0.007968179998711175,0.0038798586003483937,0.007683877913067365,0.0037468237191947544,0.00821212681254922,0.004025161943776615,0.008752345942322702,0.004314068873272784,0.009304485717692206,0.004622157800048031,0.009920470163282248,0.004940718841291531,0.007678241143748694,0.004601599280025146,0.008299090305697785,0.004946125760606538,0.008942624723222787,0.0053333141619695225,0.009626515950168604,0.00575374950052452,0.010442828065007154,0.006194283437157398,0.011921043352528249,0.007039273532288351,0.012865245483743723,0.007599820614116686,0.013801586780638583,0.008187572418249528,0.01470522054836983,0.008753935312376587,0.015643325916653836,0.009332359910817089,0.016831543991974163,0.010067913047534608,0.018027286690508862,0.01071829367514003,0.019214511447372518,0.011333694113212812,0.020333030967081188,0.011928868917591704,0.021373961902230197,0.012537079884921743,0.016453973711182804,0.009173979932894328,0.017324241492737858,0.009734398580777522,0.018204710140930856,0.010393706042567412,0.019109219141242615,0.011179751372346435,0.020151973217966645,0.012096572150153034,0.02091174219768127,0.012812767222020582,0.022305494365179826,0.013958542702734474,0.023964558334601767,0.015245678543838766,0.026176423322624286,0.016812120002244288,0.02838347523371519,0.01834339379889329,0.031468163999051904,0.020563360907018685,0.03406096832236676,0.02242844560498245,0.037086138406834925,0.02461437509018009,0.040428284033241835,0.02704861054115001,0.04410964909926745,0.029793925938003195,0.053285256892231576,0.036916680214594835,0.058422207012686446,0.04096769439775624,0.06421813260190878,0.04566039815538534,0.07070083853199842,0.05080088963780608,0.07797042234251501,0.05633476472892223,0.09451571148555528,0.06959123435102374,0.10436002645252176,0.07743240195555207,0.11533460947034883,0.08607428655082924,0.12714333865117264,0.09570381509985237,0.140087896857277,0.10670321139263049,0.1760562794056963,0.137148591746452,0.19408773896247578,0.15208600905819175,0.21360397868938943,0.16841003384171613,0.23450907177769262,0.18616670034910643,0.2557533843056145,0.20473105873392464,0.30546849562022005,0.2489351005507354,0.3281016615095315,0.2697370025821758,0.3494279984101481,0.28986931549243256,0.3689623113039267,0.3089163360354372,0.3862346978523791,0.32645678105577874,0.4151336916694013,0.35510822055576213,0.43474724844866447,0.3754288554063518,0.45528670746885397,0.3969101114003264,0.4767979467689348,0.41962034242714025,0.49932545414426666,0.443632087308255,0.5341816418086904,0.48009400491137944,0.5596091973440412,0.5077382707749158,0.5862476550593417,0.5369714158239276,0.6141540149423976,0.5678910884719208,0.6433880574682231,0.6005893572230584,0.6897026329250118,0.6512758587193288,0.7227779185314377,0.6891335572509133,0.7579363361334612,0.7293363509283766,0.7954226528580661,0.7719323145704451,0.8352666900349447,0.8173715140508945,0.8898775051482426,0.8778219127001021,0.938064323587437,0.9232907345337051,0.9911570671992215,0.9700661250834782,1,1,1,1
15805,2019,2,1,0.003635640202391995,0.0017578249593070104,0.003819076917542927,0.002258984942716325,0.004248265188018517,0.00242590433348794,0.004826302125304976,0.002484297530098356,0.005198145667421193,0.0025209672510151312,0.005217406433372371,0.00267258248461025,0.005522027816499583,0.0029000612981273425,0.007253375808209893,0.003079747520449248,0.006671766755737678,0.0032875486269624715,0.007032948081058401,0.003456227045785063,0.006932593716991106,0.0032345805617358682,0.007166982217185475,0.0033380954511046724,0.007470621998653065,0.003469695065914893,0.007650096515072817,0.0036596871896963502,0.007968179998711175,0.0038798586003483937,0.007683877913067365,0.0037468237191947544,0.00821212681254922,0.004025161943776615,0.008752345942322702,0.004314068873272784,0.009304485717692206,0.004622157800048031,0.009920470163282248,0.004940718841291531,0.007678241143748694,0.004601599280025146,0.008299090305697785,0.004946125760606538,0.008942624723222787,0.0053333141619695225,0.009626515950168604,0.00575374950052452,0.010442828065007154,0.006194283437157398,0.011921043352528249,0.007039273532288351,0.012865245483743723,0.007599820614116686,0.013801586780638583,0.008187572418249528,0.01470522054836983,0.008753935312376587,0.015643325916653836,0.009332359910817089,0.016831543991974163,0.010067913047534608,0.018027286690508862,0.01071829367514003,0.019214511447372518,0.011333694113212812,0.020333030967081188,0.011928868917591704,0.021373961902230197,0.012537079884921743,0.016453973711182804,0.009173979932894328,0.017324241492737858,0.009734398580777522,0.018204710140930856,0.010393706042567412,0.019109219141242615,0.011179751372346435,0.020151973217966645,0.012096572150153034,0.02091174219768127,0.012812767222020582,0.022305494365179826,0.013958542702734474,0.023964558334601767,0.015245678543838766,0.026176423322624286,0.016812120002244288,0.02838347523371519,0.01834339379889329,0.031468163999051904,0.020563360907018685,0.03406096832236676,0.02242844560498245,0.037086138406834925,0.02461437509018009,0.040428284033241835,0.02704861054115001,0.04410964909926745,0.029793925938003195,0.053285256892231576,0.036916680214594835,0.058422207012686446,0.04096769439775624,0.06421813260190878,0.04566039815538534,0.07070083853199842,0.05080088963780608,0.07797042234251501,0.05633476472892223,0.09451571148555528,0.06959123435102374,0.10436002645252176,0.07743240195555207,0.11533460947034883,0.08607428655082924,0.12714333865117264,0.09570381509985237,0.140087896857277,0.10670321139263049,0.1760562794056963,0.137148591746452,0.19408773896247578,0.15208600905819175,0.21360397868938943,0.16841003384171613,0.23450907177769262,0.18616670034910643,0.2557533843056145,0.20473105873392464,0.30546849562022005,0.2489351005507354,0.3281016615095315,0.2697370025821758,0.3494279984101481,0.28986931549243256,0.3689623113039267,0.3089163360354372,0.3862346978523791,0.32645678105577874,0.4151336916694013,0.35510822055576213,0.43474724844866447,0.3754288554063518,0.45528670746885397,0.3969101114003264,0.4767979467689348,0.41962034242714025,0.49932545414426666,0.443632087308255,0.5341816418086904,0.48009400491137944,0.5596091973440412,0.5077382707749158,0.5862476550593417,0.5369714158239276,0.6141540149423976,0.5678910884719208,0.6433880574682231,0.6005893572230584,0.6897026329250118,0.6512758587193288,0.7227779185314377,0.6891335572509133,0.7579363361334612,0.7293363509283766,0.7954226528580661,0.7719323145704451,0.8352666900349447,0.8173715140508945,0.8898775051482426,0.8778219127001021,0.938064323587437,0.9232907345337051,0.9911570671992215,0.9700661250834782,1,1,1,1
19071,2019,0,2,,0.0010995331201896497,,0.0011590810801350754,,0.0012220280231374351,,0.0013139022567615955,,0.0014142778670951741,,0.0015265567262538855,,0.0016337184912086685,,0.001720446658618235,,0.0019058581873937568,,0.0019942562371977,,0.00217451849426538,,0.002370064716193676,,0.0025944989423834428,,0.002892042349139453,,0.0031606089902200007,,0.003493750030394654,,0.0037485732964363597,,0.00399141521804442,,0.004307293155933054,,0.005457896867536985,,0.007374174399686377,,0.007206197632754238,,0.006890317990111984,,0.007109521582889303,,0.007625866652577627,,0.008605504167136005,,0.009290857302310806,,0.010009146597406822,,0.010704203675283974,,0.011413299427093165,,0.012345355619172086,,0.013143584322225883,,0.013901255106536487,,0.014635035707463434,,0.015382032358367761,,0.011539929921450882,,0.012244462542068306,,0.013072445369987593,,0.014062197310888569,,0.015213501946622266,,0.016184282502210337,,0.01763098868519351,,0.019255518005261825,,0.021233914057469883,,0.023165920344658114,,0.025698110330933364,,0.02802784111429527,,0.03075983779862814,,0.033801707155793746,,0.03723304950541892,,0.04423077046117891,,0.04908496852413246,,0.05470816253205173,,0.060867237263172606,,0.0674968067406588,,0.08056405206795957,,0.08964133137396878,,0.09964680726419721,,0.11079511631478135,,0.12352974602078455,,0.15179070235684392,,0.16832340445646699,,0.1863912555774634,,0.20604400591959984,,0.22658941698897928,,0.26792756869229284,,0.29031658002159927,,0.3119849241714277,,0.3324862707781565,,0.35136433943821116,,0.379352380392693,,0.40106052470233483,,0.4240095811375866,,0.44827062141240104,,0.4739218244121261,,0.5097590254555184,,0.5391116433178876,,0.5701515036694886,,0.6029809497784124,,0.637699482044193,,0.687320331291527,,0.7272490601965664,,0.7697137665557565,,0.8151487396401499,,0.8635961034858539,,0.9261267615124495,,0.975654021949701,,0.9999999999999997,,1,1,1
19072,2019,0,2,,0.0010995331201896497,,0.0011590810801350754,,0.0012220280231374351,,0.0013139022567615955,,0.0014142778670951741,,0.0015265567262538855,,0.0016337184912086685,,0.001720446658618235,,0.0019058581873937568,,0.0019942562371977,,0.00217451849426538,,0.002370064716193676,,0.0025944989423834428,,0.002892042349139453,,0.0031606089902200007,,0.003493750030394654,,0.0037485732964363597,,0.00399141521804442,,0.004307293155933054,,0.005457896867536985,,0.007374174399686377,,0.007206197632754238,,0.006890317990111984,,0.007109521582889303,,0.007625866652577627,,0.008605504167136005,,0.009290857302310806,,0.010009146597406822,,0.010704203675283974,,0.011413299427093165,,0.012345355619172086,,0.013143584322225883,,0.013901255106536487,,0.014635035707463434,,0.015382032358367761,,0.011539929921450882,,0.012244462542068306,,0.013072445369987593,,0.014062197310888569,,0.015213501946622266,,0.016184282502210337,,0.01763098868519351,,0.019255518005261825,,0.021233914057469883,,0.023165920344658114,,0.025698110330933364,,0.02802784111429527,,0.03075983779862814,,0.033801707155793746,,0.03723304950541892,,0.04423077046117891,,0.04908496852413246,,0.05470816253205173,,0.060867237263172606,,0.0674968067406588,,0.08056405206795957,,0.08964133137396878,,0.09964680726419721,,0.11079511631478135,,0.12352974602078455,,0.15179070235684392,,0.16832340445646699,,0.1863912555774634,,0.20604400591959984,,0.22658941698897928,,0.26792756869229284,,0.29031658002159927,,0.3119849241714277,,0.3324862707781565,,0.35136433943821116,,0.379352380392693,,0.40106052470233483,,0.4240095811375866,,0.44827062141240104,,0.4739218244121261,,0.5097590254555184,,0.5391116433178876,,0.5701515036694886,,0.6029809497784124,,0.637699482044193,,0.687320331291527,,0.7272490601965664,,0.7697137665557565,,0.8151487396401499,,0.8635961034858539,,0.9261267615124495,,0.975654021949701,,0.9999999999999997,,1,1,1
19073,2019,0,2,,0.0010995331201896497,,0.0011590810801350754,,0.0012220280231374351,,0.0013139022567615955,,0.0014142778670951741,,0.0015265567262538855,,0.0016337184912086685,,0.001720446658618235,,0.0019058581873937568,,0.0019942562371977,,0.00217451849426538,,0.002370064716193676,,0.0025944989423834428,,0.002892042349139453,,0.0031606089902200007,,0.003493750030394654,,0.0037485732964363597,,0.00399141521804442,,0.004307293155933054,,0.005457896867536985,,0.007374174399686377,,0.007206197632754238,,0.006890317990111984,,0.007109521582889303,,0.007625866652577627,,0.008605504167136005,,0.009290857302310806,,0.010009146597406822,,0.010704203675283974,,0.011413299427093165,,0.012345355619172086,,0.013143584322225883,,0.013901255106536487,,0.014635035707463434,,0.015382032358367761,,0.011539929921450882,,0.012244462542068306,,0.013072445369987593,,0.014062197310888569,,0.015213501946622266,,0.016184282502210337,,0.01763098868519351,,0.019255518005261825,,0.021233914057469883,,0.023165920344658114,,0.025698110330933364,,0.02802784111429527,,0.03075983779862814,,0.033801707155793746,,0.03723304950541892,,0.04423077046117891,,0.04908496852413246,,0.05470816253205173,,0.060867237263172606,,0.0674968067406588,,0.08056405206795957,,0.08964133137396878,,0.09964680726419721,,0.11079511631478135,,0.12352974602078455,,0.15179070235684392,,0.16832340445646699,,0.1863912555774634,,0.20604400591959984,,0.22658941698897928,,0.26792756869229284,,0.29031658002159927,,0.3119849241714277,,0.3324862707781565,,0.35136433943821116,,0.379352380392693,,0.40106052470233483,,0.4240095811375866,,0.44827062141240104,,0.4739218244121261,,0.5097590254555184,,0.5391116433178876,,0.5701515036694886,,0.6029809497784124,,0.637699482044193,,0.687320331291527,,0.7272490601965664,,0.7697137665557565,,0.8151487396401499,,0.8635961034858539,,0.9261267615124495,,0.975654021949701,,0.9999999999999997,,1,1,1
19074,2019,0,2,,0.0010995331201896497,,0.0011590810801350754,,0.0012220280231374351,,0.0013139022567615955,,0.0014142778670951741,,0.0015265567262538855,,0.0016337184912086685,,0.001720446658618235,,0.0019058581873937568,,0.0019942562371977,,0.00217451849426538,,0.002370064716193676,,0.0025944989423834428,,0.002892042349139453,,0.0031606089902200007,,0.003493750030394654,,0.0037485732964363597,,0.00399141521804442,,0.004307293155933054,,0.005457896867536985,,0.007374174399686377,,0.007206197632754238,,0.006890317990111984,,0.007109521582889303,,0.007625866652577627,,0.008605504167136005,,0.009290857302310806,,0.010009146597406822,,0.010704203675283974,,0.011413299427093165,,0.012345355619172086,,0.013143584322225883,,0.013901255106536487,,0.014635035707463434,,0.015382032358367761,,0.011539929921450882,,0.012244462542068306,,0.013072445369987593,,0.014062197310888569,,0.015213501946622266,,0.016184282502210337,,0.01763098868519351,,0.019255518005261825,,0.021233914057469883,,0.023165920344658114,,0.025698110330933364,,0.02802784111429527,,0.03075983779862814,,0.033801707155793746,,0.03723304950541892,,0.04423077046117891,,0.04908496852413246,,0.05470816253205173,,0.060867237263172606,,0.0674968067406588,,0.08056405206795957,,0.08964133137396878,,0.09964680726419721,,0.11079511631478135,,0.12352974602078455,,0.15179070235684392,,0.16832340445646699,,0.1863912555774634,,0.20604400591959984,,0.22658941698897928,,0.26792756869229284,,0.29031658002159927,,0.3119849241714277,,0.3324862707781565,,0.35136433943821116,,0.379352380392693,,0.40106052470233483,,0.4240095811375866,,0.44827062141240104,,0.4739218244121261,,0.5097590254555184,,0.5391116433178876,,0.5701515036694886,,0.6029809497784124,,0.637699482044193,,0.687320331291527,,0.7272490601965664,,0.7697137665557565,,0.8151487396401499,,0.8635961034858539,,0.9261267615124495,,0.975654021949701,,0.9999999999999997,,1,1,1
19075,2019,0,2,,0.0010995331201896497,,0.0011590810801350754,,0.0012220280231374351,,0.0013139022567615955,,0.0014142778670951741,,0.0015265567262538855,,0.0016337184912086685,,0.001720446658618235,,0.0019058581873937568,,0.0019942562371977,,0.00217451849426538,,0.002370064716193676,,0.0025944989423834428,,0.002892042349139453,,0.0031606089902200007,,0.003493750030394654,,0.0037485732964363597,,0.00399141521804442,,0.004307293155933054,,0.005457896867536985,,0.007374174399686377,,0.007206197632754238,,0.006890317990111984,,0.007109521582889303,,0.007625866652577627,,0.008605504167136005,,0.009290857302310806,,0.010009146597406822,,0.010704203675283974,,0.011413299427093165,,0.012345355619172086,,0.013143584322225883,,0.013901255106536487,,0.014635035707463434,,0.015382032358367761,,0.011539929921450882,,0.012244462542068306,,0.013072445369987593,,0.014062197310888569,,0.015213501946622266,,0.016184282502210337,,0.01763098868519351,,0.019255518005261825,,0.021233914057469883,,0.023165920344658114,,0.025698110330933364,,0.02802784111429527,,0.03075983779862814,,0.033801707155793746,,0.03723304950541892,,0.04423077046117891,,0.04908496852413246,,0.05470816253205173,,0.060867237263172606,,0.0674968067406588,,0.08056405206795957,,0.08964133137396878,,0.09964680726419721,,0.11079511631478135,,0.12352974602078455,,0.15179070235684392,,0.16832340445646699,,0.1863912555774634,,0.20604400591959984,,0.22658941698897928,,0.26792756869229284,,0.29031658002159927,,0.3119849241714277,,0.3324862707781565,,0.35136433943821116,,0.379352380392693,,0.40106052470233483,,0.4240095811375866,,0.44827062141240104,,0.4739218244121261,,0.5097590254555184,,0.5391116433178876,,0.5701515036694886,,0.6029809497784124,,0.637699482044193,,0.687320331291527,,0.7272490601965664,,0.7697137665557565,,0.8151487396401499,,0.8635961034858539,,0.9261267615124495,,0.975654021949701,,0.9999999999999997,,1,1,1
20971,2019,2,1,0.0011034021758239332,4.1608815944171185e-4,0.0011635606570119153,4.448423233974221e-4,0.0012182843768681268,4.586803038004624e-4,0.001265389819524771,4.8799639223086783e-4,0.0013256230179054989,5.228453980846077e-4,0.0014175579011413246,5.615709997717195e-4,0.0014969749722710747,6.439742698327856e-4,0.0015808052242241393,6.948844328437231e-4,0.0014729206500112768,7.148483749329442e-4,0.0013579105172825735,7.342691946224013e-4,0.0014079329753316037,7.857732062793306e-4,0.0015197731728925014,8.605242480060252e-4,0.0016546559524726532,9.535557175550161e-4,0.001795103927461364,0.001059347075597521,0.0019564498557656427,0.0011712697887369923,0.0021201155180810612,0.001261111478565631,0.0022412254291764373,0.0013582005065421962,0.0024139418889032966,0.0014642086689794127,0.002609846110056034,0.001572505404830907,0.002742939740289906,0.0016736865986327646,0.003600599152316942,0.002053479248714141,0.0038857736300815814,0.0021919952209220393,0.004063988761980384,0.002324383066230142,0.004443524440434451,0.0025104073142011574,0.00478276098865265,0.002692217234283551,0.005194318988853897,0.002939580414893161,0.0056669796147942675,0.0032245419524856984,0.006126157794507422,0.003483602279737221,0.006633941979591433,0.0037479388144554273,0.0071343773317863145,0.004048153384046844,0.007660243204067812,0.0042932405527226795,0.008225681285271293,0.004642349038809781,0.010499112245216716,0.005728981973919608,0.011141818626199626,0.0068133338067032706,0.011337252420462242,0.006751307290160384,0.01472051456449662,0.008734555650394637,0.015233393585273617,0.00896643752573802,0.01598089511074698,0.00950064013420187,0.016711000041179227,0.010149132767678455,0.017636065117592015,0.010985365178895578,0.018422788576651104,0.011728392292023607,0.01966745506409249,0.01278403067606351,0.02114908121357617,0.013970375070626121,0.023123686748678585,0.015415864746216859,0.025100030666799413,0.016830572821193532,0.027454765522467218,0.018542955408547536,0.029717691590587514,0.02022465542173324,0.0323570106906277,0.02219578485824089,0.035272229537366466,0.02439084592808328,0.03848527393848842,0.026866485368546644,0.04385070179398722,0.030960982348018758,0.048077814800524414,0.03435801637465386,0.052847591547256816,0.03829407951077849,0.05818195784186902,0.04260542728142456,0.06416404903849868,0.047246034212546986,0.07415582231545943,0.05501017764184431,0.08188010164769888,0.06120856984833875,0.09049054904052645,0.06803981232295307,0.09975511636261282,0.07565260275106368,0.10991133319720847,0.08434787692450384,0.12976606563098259,0.10033199299719883,0.1430567593891635,0.11125950266182545,0.15744100280561651,0.1232022280712542,0.17285027773132713,0.13619203301520855,0.18850895871945067,0.14977308827958818,0.2165904369115709,0.17356206262400498,0.23263830098609697,0.1880662826850965,0.24775888611062633,0.20210316716357657,0.2616096015400862,0.21538328663612305,0.27385699228260557,0.2276119010477933,0.2913035401723485,0.24441827991640902,0.3050665523710697,0.2584055984997635,0.3194800301977691,0.2731903969314761,0.33457503521333287,0.28882312621194245,0.3503817154033277,0.30534981181520715,0.37168537829492954,0.3269986016165277,0.3893776779458046,0.34582744602731674,0.40802326674455625,0.36573877418343537,0.4276374393066017,0.38679808387487086,0.44852720270958213,0.40907895069063277,0.4782261197143763,0.4391003903892853,0.5028445567046514,0.46478152153311636,0.529505407838832,0.4920137719172098,0.5585959500225057,0.5209198580834659,0.5906095820102403,0.5520775178511845,0.6312142774111125,0.5898615146072747,0.66958039312863,0.6230408246172837,0.7108088825948653,0.6584869910609962,0.7556085528608089,0.6970620585948382,1,1
20972,2019,2,1,0.0011034021758239332,4.1608815944171185e-4,0.0011635606570119153,4.448423233974221e-4,0.0012182843768681268,4.586803038004624e-4,0.001265389819524771,4.8799639223086783e-4,0.0013256230179054989,5.228453980846077e-4,0.0014175579011413246,5.615709997717195e-4,0.0014969749722710747,6.439742698327856e-4,0.0015808052242241393,6.948844328437231e-4,0.0014729206500112768,7.148483749329442e-4,0.0013579105172825735,7.342691946224013e-4,0.0014079329753316037,7.857732062793306e-4,0.0015197731728925014,8.605242480060252e-4,0.0016546559524726532,9.535557175550161e-4,0.001795103927461364,0.001059347075597521,0.0019564498557656427,0.0011712697887369923,0.0021201155180810612,0.001261111478565631,0.0022412254291764373,0.0013582005065421962,0.0024139418889032966,0.0014642086689794127,0.002609846110056034,0.001572505404830907,0.002742939740289906,0.0016736865986327646,0.003600599152316942,0.002053479248714141,0.0038857736300815814,0.0021919952209220393,0.004063988761980384,0.002324383066230142,0.004443524440434451,0.0025104073142011574,0.00478276098865265,0.002692217234283551,0.005194318988853897,0.002939580414893161,0.0056669796147942675,0.0032245419524856984,0.006126157794507422,0.003483602279737221,0.006633941979591433,0.0037479388144554273,0.0071343773317863145,0.004048153384046844,0.007660243204067812,0.0042932405527226795,0.008225681285271293,0.004642349038809781,0.010499112245216716,0.005728981973919608,0.011141818626199626,0.0068133338067032706,0.011337252420462242,0.006751307290160384,0.01472051456449662,0.008734555650394637,0.015233393585273617,0.00896643752573802,0.01598089511074698,0.00950064013420187,0.016711000041179227,0.010149132767678455,0.017636065117592015,0.010985365178895578,0.018422788576651104,0.011728392292023607,0.01966745506409249,0.01278403067606351,0.02114908121357617,0.013970375070626121,0.023123686748678585,0.015415864746216859,0.025100030666799413,0.016830572821193532,0.027454765522467218,0.018542955408547536,0.029717691590587514,0.02022465542173324,0.0323570106906277,0.02219578485824089,0.035272229537366466,0.02439084592808328,0.03848527393848842,0.026866485368546644,0.04385070179398722,0.030960982348018758,0.048077814800524414,0.03435801637465386,0.052847591547256816,0.03829407951077849,0.05818195784186902,0.04260542728142456,0.06416404903849868,0.047246034212546986,0.07415582231545943,0.05501017764184431,0.08188010164769888,0.06120856984833875,0.09049054904052645,0.06803981232295307,0.09975511636261282,0.07565260275106368,0.10991133319720847,0.08434787692450384,0.12976606563098259,0.10033199299719883,0.1430567593891635,0.11125950266182545,0.15744100280561651,0.1232022280712542,0.17285027773132713,0.13619203301520855,0.18850895871945067,0.14977308827958818,0.2165904369115709,0.17356206262400498,0.23263830098609697,0.1880662826850965,0.24775888611062633,0.20210316716357657,0.2616096015400862,0.21538328663612305,0.27385699228260557,0.2276119010477933,0.2913035401723485,0.24441827991640902,0.3050665523710697,0.2584055984997635,0.3194800301977691,0.2731903969314761,0.33457503521333287,0.28882312621194245,0.3503817154033277,0.30534981181520715,0.37168537829492954,0.3269986016165277,0.3893776779458046,0.34582744602731674,0.40802326674455625,0.36573877418343537,0.4276374393066017,0.38679808387487086,0.44852720270958213,0.40907895069063277,0.4782261197143763,0.4391003903892853,0.5028445567046514,0.46478152153311636,0.529505407838832,0.4920137719172098,0.5585959500225057,0.5209198580834659,0.5906095820102403,0.5520775178511845,0.6312142774111125,0.5898615146072747,0.66958039312863,0.6230408246172837,0.7108088825948653,0.6584869910609962,0.7556085528608089,0.6970620585948382,1,1
20973,2019,2,1,0.0011034021758239332,4.1608815944171185e-4,0.0011635606570119153,4.448423233974221e-4,0.0012182843768681268,4.586803038004624e-4,0.001265389819524771,4.8799639223086783e-4,0.0013256230179054989,5.228453980846077e-4,0.0014175579011413246,5.615709997717195e-4,0.0014969749722710747,6.439742698327856e-4,0.0015808052242241393,6.948844328437231e-4,0.0014729206500112768,7.148483749329442e-4,0.0013579105172825735,7.342691946224013e-4,0.0014079329753316037,7.857732062793306e-4,0.0015197731728925014,8.605242480060252e-4,0.0016546559524726532,9.535557175550161e-4,0.001795103927461364,0.001059347075597521,0.0019564498557656427,0.0011712697887369923,0.0021201155180810612,0.001261111478565631,0.0022412254291764373,0.0013582005065421962,0.0024139418889032966,0.0014642086689794127,0.002609846110056034,0.001572505404830907,0.002742939740289906,0.0016736865986327646,0.003600599152316942,0.002053479248714141,0.0038857736300815814,0.0021919952209220393,0.004063988761980384,0.002324383066230142,0.004443524440434451,0.0025104073142011574,0.00478276098865265,0.002692217234283551,0.005194318988853897,0.002939580414893161,0.0056669796147942675,0.0032245419524856984,0.006126157794507422,0.003483602279737221,0.006633941979591433,0.0037479388144554273,0.0071343773317863145,0.004048153384046844,0.007660243204067812,0.0042932405527226795,0.008225681285271293,0.004642349038809781,0.010499112245216716,0.005728981973919608,0.011141818626199626,0.0068133338067032706,0.011337252420462242,0.006751307290160384,0.01472051456449662,0.008734555650394637,0.015233393585273617,0.00896643752573802,0.01598089511074698,0.00950064013420187,0.016711000041179227,0.010149132767678455,0.017636065117592015,0.010985365178895578,0.018422788576651104,0.011728392292023607,0.01966745506409249,0.01278403067606351,0.02114908121357617,0.013970375070626121,0.023123686748678585,0.015415864746216859,0.025100030666799413,0.016830572821193532,0.027454765522467218,0.018542955408547536,0.029717691590587514,0.02022465542173324,0.0323570106906277,0.02219578485824089,0.035272229537366466,0.02439084592808328,0.03848527393848842,0.026866485368546644,0.04385070179398722,0.030960982348018758,0.048077814800524414,0.03435801637465386,0.052847591547256816,0.03829407951077849,0.05818195784186902,0.04260542728142456,0.06416404903849868,0.047246034212546986,0.07415582231545943,0.05501017764184431,0.08188010164769888,0.06120856984833875,0.09049054904052645,0.06803981232295307,0.09975511636261282,0.07565260275106368,0.10991133319720847,0.08434787692450384,0.12976606563098259,0.10033199299719883,0.1430567593891635,0.11125950266182545,0.15744100280561651,0.1232022280712542,0.17285027773132713,0.13619203301520855,0.18850895871945067,0.14977308827958818,0.2165904369115709,0.17356206262400498,0.23263830098609697,0.1880662826850965,0.24775888611062633,0.20210316716357657,0.2616096015400862,0.21538328663612305,0.27385699228260557,0.2276119010477933,0.2913035401723485,0.24441827991640902,0.3050665523710697,0.2584055984997635,0.3194800301977691,0.2731903969314761,0.33457503521333287,0.28882312621194245,0.3503817154033277,0.30534981181520715,0.37168537829492954,0.3269986016165277,0.3893776779458046,0.34582744602731674,0.40802326674455625,0.36573877418343537,0.4276374393066017,0.38679808387487086,0.44852720270958213,0.40907895069063277,0.4782261197143763,0.4391003903892853,0.5028445567046514,0.46478152153311636,0.529505407838832,0.4920137719172098,0.5585959500225057,0.5209198580834659,0.5906095820102403,0.5520775178511845,0.6312142774111125,0.5898615146072747,0.66958039312863,0.6230408246172837,0.7108088825948653,0.6584869910609962,0.7556085528608089,0.6970620585948382,1,1
20974,2019,2,1,0.0011034021758239332,4.1608815944171185e-4,0.0011635606570119153,4.448423233974221e-4,0.0012182843768681268,4.586803038004624e-4,0.001265389819524771,4.8799639223086783e-4,0.0013256230179054989,5.228453980846077e-4,0.0014175579011413246,5.615709997717195e-4,0.0014969749722710747,6.439742698327856e-4,0.0015808052242241393,6.948844328437231e-4,0.0014729206500112768,7.148483749329442e-4,0.0013579105172825735,7.342691946224013e-4,0.0014079329753316037,7.857732062793306e-4,0.0015197731728925014,8.605242480060252e-4,0.0016546559524726532,9.535557175550161e-4,0.001795103927461364,0.001059347075597521,0.0019564498557656427,0.0011712697887369923,0.0021201155180810612,0.001261111478565631,0.0022412254291764373,0.0013582005065421962,0.0024139418889032966,0.0014642086689794127,0.002609846110056034,0.001572505404830907,0.002742939740289906,0.0016736865986327646,0.003600599152316942,0.002053479248714141,0.0038857736300815814,0.0021919952209220393,0.004063988761980384,0.002324383066230142,0.004443524440434451,0.0025104073142011574,0.00478276098865265,0.002692217234283551,0.005194318988853897,0.002939580414893161,0.0056669796147942675,0.0032245419524856984,0.006126157794507422,0.003483602279737221,0.006633941979591433,0.0037479388144554273,0.0071343773317863145,0.004048153384046844,0.007660243204067812,0.0042932405527226795,0.008225681285271293,0.004642349038809781,0.010499112245216716,0.005728981973919608,0.011141818626199626,0.0068133338067032706,0.011337252420462242,0.006751307290160384,0.01472051456449662,0.008734555650394637,0.015233393585273617,0.00896643752573802,0.01598089511074698,0.00950064013420187,0.016711000041179227,0.010149132767678455,0.017636065117592015,0.010985365178895578,0.018422788576651104,0.011728392292023607,0.01966745506409249,0.01278403067606351,0.02114908121357617,0.013970375070626121,0.023123686748678585,0.015415864746216859,0.025100030666799413,0.016830572821193532,0.027454765522467218,0.018542955408547536,0.029717691590587514,0.02022465542173324,0.0323570106906277,0.02219578485824089,0.035272229537366466,0.02439084592808328,0.03848527393848842,0.026866485368546644,0.04385070179398722,0.030960982348018758,0.048077814800524414,0.03435801637465386,0.052847591547256816,0.03829407951077849,0.05818195784186902,0.04260542728142456,0.06416404903849868,0.047246034212546986,0.07415582231545943,0.05501017764184431,0.08188010164769888,0.06120856984833875,0.09049054904052645,0.06803981232295307,0.09975511636261282,0.07565260275106368,0.10991133319720847,0.08434787692450384,0.12976606563098259,0.10033199299719883,0.1430567593891635,0.11125950266182545,0.15744100280561651,0.1232022280712542,0.17285027773132713,0.13619203301520855,0.18850895871945067,0.14977308827958818,0.2165904369115709,0.17356206262400498,0.23263830098609697,0.1880662826850965,0.24775888611062633,0.20210316716357657,0.2616096015400862,0.21538328663612305,0.27385699228260557,0.2276119010477933,0.2913035401723485,0.24441827991640902,0.3050665523710697,0.2584055984997635,0.3194800301977691,0.2731903969314761,0.33457503521333287,0.28882312621194245,0.3503817154033277,0.30534981181520715,0.37168537829492954,0.3269986016165277,0.3893776779458046,0.34582744602731674,0.40802326674455625,0.36573877418343537,0.4276374393066017,0.38679808387487086,0.44852720270958213,0.40907895069063277,0.4782261197143763,0.4391003903892853,0.5028445567046514,0.46478152153311636,0.529505407838832,0.4920137719172098,0.5585959500225057,0.5209198580834659,0.5906095820102403,0.5520775178511845,0.6312142774111125,0.5898615146072747,0.66958039312863,0.6230408246172837,0.7108088825948653,0.6584869910609962,0.7556085528608089,0.6970620585948382,1,1
20975,2019,2,1,0.0011034021758239332,4.1608815944171185e-4,0.0011635606570119153,4.448423233974221e-4,0.0012182843768681268,4.586803038004624e-4,0.001265389819524771,4.8799639223086783e-4,0.0013256230179054989,5.228453980846077e-4,0.0014175579011413246,5.615709997717195e-4,0.0014969749722710747,6.439742698327856e-4,0.0015808052242241393,6.948844328437231e-4,0.0014729206500112768,7.148483749329442e-4,0.0013579105172825735,7.342691946224013e-4,0.0014079329753316037,7.857732062793306e-4,0.0015197731728925014,8.605242480060252e-4,0.0016546559524726532,9.535557175550161e-4,0.001795103927461364,0.001059347075597521,0.0019564498557656427,0.0011712697887369923,0.0021201155180810612,0.001261111478565631,0.0022412254291764373,0.0013582005065421962,0.0024139418889032966,0.0014642086689794127,0.002609846110056034,0.001572505404830907,0.002742939740289906,0.0016736865986327646,0.003600599152316942,0.002053479248714141,0.0038857736300815814,0.0021919952209220393,0.004063988761980384,0.002324383066230142,0.004443524440434451,0.0025104073142011574,0.00478276098865265,0.002692217234283551,0.005194318988853897,0.002939580414893161,0.0056669796147942675,0.0032245419524856984,0.006126157794507422,0.003483602279737221,0.006633941979591433,0.0037479388144554273,0.0071343773317863145,0.004048153384046844,0.007660243204067812,0.0042932405527226795,0.008225681285271293,0.004642349038809781,0.010499112245216716,0.005728981973919608,0.011141818626199626,0.0068133338067032706,0.011337252420462242,0.006751307290160384,0.01472051456449662,0.008734555650394637,0.015233393585273617,0.00896643752573802,0.01598089511074698,0.00950064013420187,0.016711000041179227,0.010149132767678455,0.017636065117592015,0.010985365178895578,0.018422788576651104,0.011728392292023607,0.01966745506409249,0.01278403067606351,0.02114908121357617,0.013970375070626121,0.023123686748678585,0.015415864746216859,0.025100030666799413,0.016830572821193532,0.027454765522467218,0.018542955408547536,0.029717691590587514,0.02022465542173324,0.0323570106906277,0.02219578485824089,0.035272229537366466,0.02439084592808328,0.03848527393848842,0.026866485368546644,0.04385070179398722,0.030960982348018758,0.048077814800524414,0.03435801637465386,0.052847591547256816,0.03829407951077849,0.05818195784186902,0.04260542728142456,0.06416404903849868,0.047246034212546986,0.07415582231545943,0.05501017764184431,0.08188010164769888,0.06120856984833875,0.09049054904052645,0.06803981232295307,0.09975511636261282,0.07565260275106368,0.10991133319720847,0.08434787692450384,0.12976606563098259,0.10033199299719883,0.1430567593891635,0.11125950266182545,0.15744100280561651,0.1232022280712542,0.17285027773132713,0.13619203301520855,0.18850895871945067,0.14977308827958818,0.2165904369115709,0.17356206262400498,0.23263830098609697,0.1880662826850965,0.24775888611062633,0.20210316716357657,0.2616096015400862,0.21538328663612305,0.27385699228260557,0.2276119010477933,0.2913035401723485,0.24441827991640902,0.3050665523710697,0.2584055984997635,0.3194800301977691,0.2731903969314761,0.33457503521333287,0.28882312621194245,0.3503817154033277,0.30534981181520715,0.37168537829492954,0.3269986016165277,0.3893776779458046,0.34582744602731674,0.40802326674455625,0.36573877418343537,0.4276374393066017,0.38679808387487086,0.44852720270958213,0.40907895069063277,0.4782261197143763,0.4391003903892853,0.5028445567046514,0.46478152153311636,0.529505407838832,0.4920137719172098,0.5585959500225057,0.5209198580834659,0.5906095820102403,0.5520775178511845,0.6312142774111125,0.5898615146072747,0.66958039312863,0.6230408246172837,0.7108088825948653,0.6584869910609962,0.7556085528608089,0.6970620585948382,1,1
21551,2019,2,1,0.0020070310139053,6.772912908561741e-4,0.0018205096548882117,6.801506897296982e-4,0.00164994326327627,7.171151968858004e-4,0.0016410732658775867,7.531365573662576e-4,0.001708080382155213,8.156890423383053e-4,0.001763126284078158,9.151977235586198e-4,0.001959972121332193,9.853466956377102e-4,0.0020510182642534012,0.0010772980090185233,0.002171055502284465,0.0011285186417106978,0.002236200693231139,0.0012451338109257743,0.0024452124845485384,0.0013409206869421939,0.002616330648630848,0.0014139823598014543,0.0027365587264596395,0.0015477208790823853,0.0028908177239035577,0.0016881253911899222,0.0031171046323106646,0.0017678982853191868,0.0032815203651069035,0.001961463512991556,0.003534000827193745,0.00210199045280763,0.003806608674691896,0.0022899809200476666,0.004192375999554207,0.002523562603325597,0.004558347352905728,0.0027638755749588035,0.00519300243224247,0.002289448570552057,0.005666729431364451,0.0024508892201344713,0.006184173984480628,0.0025981084116942035,0.006665430170642316,0.002761900929303337,0.0072340434753152,0.0034880612264594703,0.009457895126093893,0.004332126448767804,0.010301248636412498,0.0042888568594200574,0.010521768540052925,0.004175425697961988,0.010589756361520401,0.0043273476361011,0.011124327271755033,0.004641613682515221,0.01211325140577678,0.005018696756776787,0.012959234415037723,0.0053488897556576735,0.013821271995631336,0.005662353284010306,0.01463599755901473,0.00596774652656465,0.015396147044598145,0.006279501670250893,0.015087449253156393,0.008591856895573388,0.01589226675578938,0.009118254302013216,0.01670675537214593,0.009738923266893757,0.017545479823445446,0.010479941314674885,0.01851331999310393,0.01134235059813306,0.019303084935651305,0.01208472286986451,0.020602089735290888,0.013169995760451025,0.022148946846761847,0.014390840204887468,0.02420976508928068,0.01587661524113137,0.02627171861392225,0.0173317450461497,0.028845123181266752,0.01918030755479317,0.031222645492543756,0.020920599924788504,0.03399503601985453,0.02295962911866555,0.03705838207476914,0.025230229474679067,0.040434505321857835,0.02779054440150401,0.046831370421604894,0.032630481937412734,0.05134637673388575,0.03621031146117618,0.05644017672072135,0.04035854292836555,0.06213770942733491,0.04490275105808267,0.06852626151200755,0.0497938146947228,0.08026216054328485,0.05886919881083332,0.08862193632747344,0.06550155729003217,0.09794186535275468,0.07281258969462669,0.10796943978624375,0.08095968421706458,0.11896236309524702,0.09026363207762148,0.14293086380849676,0.10953817205337062,0.15757008335450653,0.12146759555737098,0.17341365095941935,0.134505753716449,0.19038571036068125,0.14868773307032238,0.2076320992593982,0.16351430228243707,0.24116680206950808,0.19185219670353637,0.2590356279719204,0.2078847404093748,0.27587260087822346,0.22340000827251882,0.2912953220949949,0.23808021649038283,0.304931784197656,0.251598559007311,0.32530386676434536,0.27107559844085904,0.34067255338313335,0.286587858886313,0.356768628820931,0.30298530260521506,0.3736253451380357,0.3203220631159866,0.3912769935216292,0.33865127146448604,0.4160508175702111,0.3636449174142117,0.43585553685807316,0.38458356184514075,0.4566270352201011,0.4067271782972301,0.4783875709404852,0.4301459398499151,0.5014472431521216,0.4549130270003213,0.5352990036292364,0.48948128840271166,0.5623464775868856,0.517860583110858,0.5915058129725983,0.5479117968477332,0.6236376692665564,0.5798744594590168,0.6589104939697167,0.6141315690082199,0.7053482260938863,0.6571888460002381,0.7489066670444559,0.6919938987881195,0.7959065376623151,0.7324559116505587,0.8474453204027279,0.7770233355820119,1,1
21552,2019,2,1,0.0020070310139053,6.772912908561741e-4,0.0018205096548882117,6.801506897296982e-4,0.00164994326327627,7.171151968858004e-4,0.0016410732658775867,7.531365573662576e-4,0.001708080382155213,8.156890423383053e-4,0.001763126284078158,9.151977235586198e-4,0.001959972121332193,9.853466956377102e-4,0.0020510182642534012,0.0010772980090185233,0.002171055502284465,0.0011285186417106978,0.002236200693231139,0.0012451338109257743,0.0024452124845485384,0.0013409206869421939,0.002616330648630848,0.0014139823598014543,0.0027365587264596395,0.0015477208790823853,0.0028908177239035577,0.0016881253911899222,0.0031171046323106646,0.0017678982853191868,0.0032815203651069035,0.001961463512991556,0.003534000827193745,0.00210199045280763,0.003806608674691896,0.0022899809200476666,0.004192375999554207,0.002523562603325597,0.004558347352905728,0.0027638755749588035,0.00519300243224247,0.002289448570552057,0.005666729431364451,0.0024508892201344713,0.006184173984480628,0.0025981084116942035,0.006665430170642316,0.002761900929303337,0.0072340434753152,0.0034880612264594703,0.009457895126093893,0.004332126448767804,0.010301248636412498,0.0042888568594200574,0.010521768540052925,0.004175425697961988,0.010589756361520401,0.0043273476361011,0.011124327271755033,0.004641613682515221,0.01211325140577678,0.005018696756776787,0.012959234415037723,0.0053488897556576735,0.013821271995631336,0.005662353284010306,0.01463599755901473,0.00596774652656465,0.015396147044598145,0.006279501670250893,0.015087449253156393,0.008591856895573388,0.01589226675578938,0.009118254302013216,0.01670675537214593,0.009738923266893757,0.017545479823445446,0.010479941314674885,0.01851331999310393,0.01134235059813306,0.019303084935651305,0.01208472286986451,0.020602089735290888,0.013169995760451025,0.022148946846761847,0.014390840204887468,0.02420976508928068,0.01587661524113137,0.02627171861392225,0.0173317450461497,0.028845123181266752,0.01918030755479317,0.031222645492543756,0.020920599924788504,0.03399503601985453,0.02295962911866555,0.03705838207476914,0.025230229474679067,0.040434505321857835,0.02779054440150401,0.046831370421604894,0.032630481937412734,0.05134637673388575,0.03621031146117618,0.05644017672072135,0.04035854292836555,0.06213770942733491,0.04490275105808267,0.06852626151200755,0.0497938146947228,0.08026216054328485,0.05886919881083332,0.08862193632747344,0.06550155729003217,0.09794186535275468,0.07281258969462669,0.10796943978624375,0.08095968421706458,0.11896236309524702,0.09026363207762148,0.14293086380849676,0.10953817205337062,0.15757008335450653,0.12146759555737098,0.17341365095941935,0.134505753716449,0.19038571036068125,0.14868773307032238,0.2076320992593982,0.16351430228243707,0.24116680206950808,0.19185219670353637,0.2590356279719204,0.2078847404093748,0.27587260087822346,0.22340000827251882,0.2912953220949949,0.23808021649038283,0.304931784197656,0.251598559007311,0.32530386676434536,0.27107559844085904,0.34067255338313335,0.286587858886313,0.356768628820931,0.30298530260521506,0.3736253451380357,0.3203220631159866,0.3912769935216292,0.33865127146448604,0.4160508175702111,0.3636449174142117,0.43585553685807316,0.38458356184514075,0.4566270352201011,0.4067271782972301,0.4783875709404852,0.4301459398499151,0.5014472431521216,0.4549130270003213,0.5352990036292364,0.48948128840271166,0.5623464775868856,0.517860583110858,0.5915058129725983,0.5479117968477332,0.6236376692665564,0.5798744594590168,0.6589104939697167,0.6141315690082199,0.7053482260938863,0.6571888460002381,0.7489066670444559,0.6919938987881195,0.7959065376623151,0.7324559116505587,0.8474453204027279,0.7770233355820119,1,1
21553,2019,2,1,0.0020070310139053,6.772912908561741e-4,0.0018205096548882117,6.801506897296982e-4,0.00164994326327627,7.171151968858004e-4,0.0016410732658775867,7.531365573662576e-4,0.001708080382155213,8.156890423383053e-4,0.001763126284078158,9.151977235586198e-4,0.001959972121332193,9.853466956377102e-4,0.0020510182642534012,0.0010772980090185233,0.002171055502284465,0.0011285186417106978,0.002236200693231139,0.0012451338109257743,0.0024452124845485384,0.0013409206869421939,0.002616330648630848,0.0014139823598014543,0.0027365587264596395,0.0015477208790823853,0.0028908177239035577,0.0016881253911899222,0.0031171046323106646,0.0017678982853191868,0.0032815203651069035,0.001961463512991556,0.003534000827193745,0.00210199045280763,0.003806608674691896,0.0022899809200476666,0.004192375999554207,0.002523562603325597,0.004558347352905728,0.0027638755749588035,0.00519300243224247,0.002289448570552057,0.005666729431364451,0.0024508892201344713,0.006184173984480628,0.0025981084116942035,0.006665430170642316,0.002761900929303337,0.0072340434753152,0.0034880612264594703,0.009457895126093893,0.004332126448767804,0.010301248636412498,0.0042888568594200574,0.010521768540052925,0.004175425697961988,0.010589756361520401,0.0043273476361011,0.011124327271755033,0.004641613682515221,0.01211325140577678,0.005018696756776787,0.012959234415037723,0.0053488897556576735,0.013821271995631336,0.005662353284010306,0.01463599755901473,0.00596774652656465,0.015396147044598145,0.006279501670250893,0.015087449253156393,0.008591856895573388,0.01589226675578938,0.009118254302013216,0.01670675537214593,0.009738923266893757,0.017545479823445446,0.010479941314674885,0.01851331999310393,0.01134235059813306,0.019303084935651305,0.01208472286986451,0.020602089735290888,0.013169995760451025,0.022148946846761847,0.014390840204887468,0.02420976508928068,0.01587661524113137,0.02627171861392225,0.0173317450461497,0.028845123181266752,0.01918030755479317,0.031222645492543756,0.020920599924788504,0.03399503601985453,0.02295962911866555,0.03705838207476914,0.025230229474679067,0.040434505321857835,0.02779054440150401,0.046831370421604894,0.032630481937412734,0.05134637673388575,0.03621031146117618,0.05644017672072135,0.04035854292836555,0.06213770942733491,0.04490275105808267,0.06852626151200755,0.0497938146947228,0.08026216054328485,0.05886919881083332,0.08862193632747344,0.06550155729003217,0.09794186535275468,0.07281258969462669,0.10796943978624375,0.08095968421706458,0.11896236309524702,0.09026363207762148,0.14293086380849676,0.10953817205337062,0.15757008335450653,0.12146759555737098,0.17341365095941935,0.134505753716449,0.19038571036068125,0.14868773307032238,0.2076320992593982,0.16351430228243707,0.24116680206950808,0.19185219670353637,0.2590356279719204,0.2078847404093748,0.27587260087822346,0.22340000827251882,0.2912953220949949,0.23808021649038283,0.304931784197656,0.251598559007311,0.32530386676434536,0.27107559844085904,0.34067255338313335,0.286587858886313,0.356768628820931,0.30298530260521506,0.3736253451380357,0.3203220631159866,0.3912769935216292,0.33865127146448604,0.4160508175702111,0.3636449174142117,0.43585553685807316,0.38458356184514075,0.4566270352201011,0.4067271782972301,0.4783875709404852,0.4301459398499151,0.5014472431521216,0.4549130270003213,0.5352990036292364,0.48948128840271166,0.5623464775868856,0.517860583110858,0.5915058129725983,0.5479117968477332,0.6236376692665564,0.5798744594590168,0.6589104939697167,0.6141315690082199,0.7053482260938863,0.6571888460002381,0.7489066670444559,0.6919938987881195,0.7959065376623151,0.7324559116505587,0.8474453204027279,0.7770233355820119,1,1
21554,2019,2,1,0.0020070310139053,6.772912908561741e-4,0.0018205096548882117,6.801506897296982e-4,0.00164994326327627,7.171151968858004e-4,0.0016410732658775867,7.531365573662576e-4,0.001708080382155213,8.156890423383053e-4,0.001763126284078158,9.151977235586198e-4,0.001959972121332193,9.853466956377102e-4,0.0020510182642534012,0.0010772980090185233,0.002171055502284465,0.0011285186417106978,0.002236200693231139,0.0012451338109257743,0.0024452124845485384,0.0013409206869421939,0.002616330648630848,0.0014139823598014543,0.0027365587264596395,0.0015477208790823853,0.0028908177239035577,0.0016881253911899222,0.0031171046323106646,0.0017678982853191868,0.0032815203651069035,0.001961463512991556,0.003534000827193745,0.00210199045280763,0.003806608674691896,0.0022899809200476666,0.004192375999554207,0.002523562603325597,0.004558347352905728,0.0027638755749588035,0.00519300243224247,0.002289448570552057,0.005666729431364451,0.0024508892201344713,0.006184173984480628,0.0025981084116942035,0.006665430170642316,0.002761900929303337,0.0072340434753152,0.0034880612264594703,0.009457895126093893,0.004332126448767804,0.010301248636412498,0.0042888568594200574,0.010521768540052925,0.004175425697961988,0.010589756361520401,0.0043273476361011,0.011124327271755033,0.004641613682515221,0.01211325140577678,0.005018696756776787,0.012959234415037723,0.0053488897556576735,0.013821271995631336,0.005662353284010306,0.01463599755901473,0.00596774652656465,0.015396147044598145,0.006279501670250893,0.015087449253156393,0.008591856895573388,0.01589226675578938,0.009118254302013216,0.01670675537214593,0.009738923266893757,0.017545479823445446,0.010479941314674885,0.01851331999310393,0.01134235059813306,0.019303084935651305,0.01208472286986451,0.020602089735290888,0.013169995760451025,0.022148946846761847,0.014390840204887468,0.02420976508928068,0.01587661524113137,0.02627171861392225,0.0173317450461497,0.028845123181266752,0.01918030755479317,0.031222645492543756,0.020920599924788504,0.03399503601985453,0.02295962911866555,0.03705838207476914,0.025230229474679067,0.040434505321857835,0.02779054440150401,0.046831370421604894,0.032630481937412734,0.05134637673388575,0.03621031146117618,0.05644017672072135,0.04035854292836555,0.06213770942733491,0.04490275105808267,0.06852626151200755,0.0497938146947228,0.08026216054328485,0.05886919881083332,0.08862193632747344,0.06550155729003217,0.09794186535275468,0.07281258969462669,0.10796943978624375,0.08095968421706458,0.11896236309524702,0.09026363207762148,0.14293086380849676,0.10953817205337062,0.15757008335450653,0.12146759555737098,0.17341365095941935,0.134505753716449,0.19038571036068125,0.14868773307032238,0.2076320992593982,0.16351430228243707,0.24116680206950808,0.19185219670353637,0.2590356279719204,0.2078847404093748,0.27587260087822346,0.22340000827251882,0.2912953220949949,0.23808021649038283,0.304931784197656,0.251598559007311,0.32530386676434536,0.27107559844085904,0.34067255338313335,0.286587858886313,0.356768628820931,0.30298530260521506,0.3736253451380357,0.3203220631159866,0.3912769935216292,0.33865127146448604,0.4160508175702111,0.3636449174142117,0.43585553685807316,0.38458356184514075,0.4566270352201011,0.4067271782972301,0.4783875709404852,0.4301459398499151,0.5014472431521216,0.4549130270003213,0.5352990036292364,0.48948128840271166,0.5623464775868856,0.517860583110858,0.5915058129725983,0.5479117968477332,0.6236376692665564,0.5798744594590168,0.6589104939697167,0.6141315690082199,0.7053482260938863,0.6571888460002381,0.7489066670444559,0.6919938987881195,0.7959065376623151,0.7324559116505587,0.8474453204027279,0.7770233355820119,1,1
21555,2019,2,1,0.0020070310139053,6.772912908561741e-4,0.0018205096548882117,6.801506897296982e-4,0.00164994326327627,7.171151968858004e-4,0.0016410732658775867,7.531365573662576e-4,0.001708080382155213,8.156890423383053e-4,0.001763126284078158,9.151977235586198e-4,0.001959972121332193,9.853466956377102e-4,0.0020510182642534012,0.0010772980090185233,0.002171055502284465,0.0011285186417106978,0.002236200693231139,0.0012451338109257743,0.0024452124845485384,0.0013409206869421939,0.002616330648630848,0.0014139823598014543,0.0027365587264596395,0.0015477208790823853,0.0028908177239035577,0.0016881253911899222,0.0031171046323106646,0.0017678982853191868,0.0032815203651069035,0.001961463512991556,0.003534000827193745,0.00210199045280763,0.003806608674691896,0.0022899809200476666,0.004192375999554207,0.002523562603325597,0.004558347352905728,0.0027638755749588035,0.00519300243224247,0.002289448570552057,0.005666729431364451,0.0024508892201344713,0.006184173984480628,0.0025981084116942035,0.006665430170642316,0.002761900929303337,0.0072340434753152,0.0034880612264594703,0.009457895126093893,0.004332126448767804,0.010301248636412498,0.0042888568594200574,0.010521768540052925,0.004175425697961988,0.010589756361520401,0.0043273476361011,0.011124327271755033,0.004641613682515221,0.01211325140577678,0.005018696756776787,0.012959234415037723,0.0053488897556576735,0.013821271995631336,0.005662353284010306,0.01463599755901473,0.00596774652656465,0.015396147044598145,0.006279501670250893,0.015087449253156393,0.008591856895573388,0.01589226675578938,0.009118254302013216,0.01670675537214593,0.009738923266893757,0.017545479823445446,0.010479941314674885,0.01851331999310393,0.01134235059813306,0.019303084935651305,0.01208472286986451,0.020602089735290888,0.013169995760451025,0.022148946846761847,0.014390840204887468,0.02420976508928068,0.01587661524113137,0.02627171861392225,0.0173317450461497,0.028845123181266752,0.01918030755479317,0.031222645492543756,0.020920599924788504,0.03399503601985453,0.02295962911866555,0.03705838207476914,0.025230229474679067,0.040434505321857835,0.02779054440150401,0.046831370421604894,0.032630481937412734,0.05134637673388575,0.03621031146117618,0.05644017672072135,0.04035854292836555,0.06213770942733491,0.04490275105808267,0.06852626151200755,0.0497938146947228,0.08026216054328485,0.05886919881083332,0.08862193632747344,0.06550155729003217,0.09794186535275468,0.07281258969462669,0.10796943978624375,0.08095968421706458,0.11896236309524702,0.09026363207762148,0.14293086380849676,0.10953817205337062,0.15757008335450653,0.12146759555737098,0.17341365095941935,0.134505753716449,0.19038571036068125,0.14868773307032238,0.2076320992593982,0.16351430228243707,0.24116680206950808,0.19185219670353637,0.2590356279719204,0.2078847404093748,0.27587260087822346,0.22340000827251882,0.2912953220949949,0.23808021649038283,0.304931784197656,0.251598559007311,0.32530386676434536,0.27107559844085904,0.34067255338313335,0.286587858886313,0.356768628820931,0.30298530260521506,0.3736253451380357,0.3203220631159866,0.3912769935216292,0.33865127146448604,0.4160508175702111,0.3636449174142117,0.43585553685807316,0.38458356184514075,0.4566270352201011,0.4067271782972301,0.4783875709404852,0.4301459398499151,0.5014472431521216,0.4549130270003213,0.5352990036292364,0.48948128840271166,0.5623464775868856,0.517860583110858,0.5915058129725983,0.5479117968477332,0.6236376692665564,0.5798744594590168,0.6589104939697167,0.6141315690082199,0.7053482260938863,0.6571888460002381,0.7489066670444559,0.6919938987881195,0.7959065376623151,0.7324559116505587,0.8474453204027279,0.7770233355820119,1,1
22291,2019,0,1,0.0025673646937103348,,0.0025743884472333592,,0.0026779550386810632,,0.0035216809898673523,,0.00320551429084821,,0.0033300888632725265,,0.003474259525829096,,0.003706590689779192,,0.003969717820453257,,0.00409852726281771,,0.003867721655414988,,0.003950366285770411,,0.004042816047794874,,0.004145072410977891,,0.004318712940819135,,0.004141097881131203,,0.004426726089398944,,0.004719378556344956,,0.0050176586724471044,,0.005352362442700533,,0.005881340179665001,,0.006357108934010703,,0.006849824258025763,,0.007375104912573589,,0.008002566279557569,,0.009149942859710238,,0.009876435023802465,,0.010597002015096849,,0.011293155049618444,,0.012014589276658457,,0.012924580425484703,,0.013845521112480453,,0.014760329048937414,,0.015624960585032321,,0.016429461666474708,,0.019537728188063215,,0.020562447756671817,,0.021598447684086794,,0.022661036940066014,,0.023886677198253776,,0.024750305982082416,,0.0263865668493555,,0.02833158353907035,,0.030925197907741224,,0.03350971259375514,,0.03720921197532774,,0.04027629278305782,,0.04385254684882946,,0.047803800138429005,,0.052157575530669534,,0.0636002123971981,,0.06973265383273249,,0.07664949731443893,,0.08438686662075967,,0.09306345416657605,,0.11367637021763015,,0.12551636864702226,,0.1387153092178091,,0.15291711468534672,,0.16848646319390814,,0.2138734105365655,,0.23577818171190754,,0.25948570144950484,,0.2848824378742535,,0.3106902973012723,,0.3733942959571202,,0.4010599497040202,,0.42712755629983723,,0.4510053738500903,,0.47211886225955696,,0.5082873653797662,,0.5323027973240844,,0.5574518278395156,,0.5837895026836855,,0.6113708676142204,,0.6549361444154385,,0.6861126853909295,,0.7187720214624741,,0.7529864001869557,,0.7888280691212596,,0.8467585684829682,,0.8873668559917082,,0.9299206669965464,,0.9747105992673846,,0.9999999999999998,,1,,0.9999999999999997,,0.9999999999999997,,1,,1,1
22292,2019,0,1,0.0017995721681705345,,0.0018045706687795262,,0.001877251715304874,,0.002468823520175677,,0.0022472947994647816,,0.0023347589368502013,,0.0024359820677855508,,0.002599045610805849,,0.0027837377096112206,,0.002874272990377244,,0.002712621263112668,,0.002770814771381162,,0.0028359128031400153,,0.0029079206229664922,,0.0030300462844343873,,0.0029057489798698776,,0.0031065355039348484,,0.003312326952550549,,0.003522152100127653,,0.003757640982283459,,0.0054453198055707756,,0.005886036104289679,,0.006342493840557491,,0.0068291625274114745,,0.007410516893825667,,0.008473425811330728,,0.00914668752761175,,0.009814570450590657,,0.010459959477412928,,0.011128893352913548,,0.011972639036661131,,0.012826711085953306,,0.01367530293024172,,0.014477622824896204,,0.01522445472100733,,0.018798062334212367,,0.019785378248636413,,0.020783801485641497,,0.02180809243859113,,0.022989622128088347,,0.023823073549968557,,0.025400623525710462,,0.027275955561075194,,0.029776444964884012,,0.03226904688028282,,0.03583645867077779,,0.038790386173435866,,0.042234702089322645,,0.04604018244468192,,0.050233334721309864,,0.06125382027805772,,0.06716001856576166,,0.07382168008465569,,0.08127359590459737,,0.08963007954083259,,0.109482526688534,,0.12088571401371376,,0.1335977082525783,,0.1472755688593899,,0.16227051996794753,,0.2059830141674053,,0.2270796562419134,,0.2499125383740691,,0.27437231720146327,,0.2992280515381874,,0.35961872194025807,,0.386263711298222,,0.4113696099943973,,0.43436650717016667,,0.45470105914303555,,0.4895352036583967,,0.5126646382431467,,0.5368858497343756,,0.5622518530956753,,0.5888156632906384,,0.6307736935387137,,0.6608000435432989,,0.6922544841296516,,0.725206597437486,,0.7597259656065176,,0.8155192446345695,,0.854629377307171,,0.8956132575992379,,0.9387507623051997,,0.98475175975346,,1,,0.9999999999999997,,0.9999999999999997,,1,,1,1
22293,2019,0,1,0.0017995721681705345,,0.0018045706687795262,,0.001877251715304874,,0.002468823520175677,,0.0022472947994647816,,0.0023347589368502013,,0.0024359820677855508,,0.002599045610805849,,0.0027837377096112206,,0.002874272990377244,,0.002712621263112668,,0.002770814771381162,,0.0028359128031400153,,0.0029079206229664922,,0.0030300462844343873,,0.0029057489798698776,,0.0031065355039348484,,0.003312326952550549,,0.003522152100127653,,0.003757640982283459,,0.0054453198055707756,,0.005886036104289679,,0.006342493840557491,,0.0068291625274114745,,0.007410516893825667,,0.008473425811330728,,0.00914668752761175,,0.009814570450590657,,0.010459959477412928,,0.011128893352913548,,0.011972639036661131,,0.012826711085953306,,0.01367530293024172,,0.014477622824896204,,0.01522445472100733,,0.018798062334212367,,0.019785378248636413,,0.020783801485641497,,0.02180809243859113,,0.022989622128088347,,0.023823073549968557,,0.025400623525710462,,0.027275955561075194,,0.029776444964884012,,0.03226904688028282,,0.03583645867077779,,0.038790386173435866,,0.042234702089322645,,0.04604018244468192,,0.050233334721309864,,0.06125382027805772,,0.06716001856576166,,0.07382168008465569,,0.08127359590459737,,0.08963007954083259,,0.109482526688534,,0.12088571401371376,,0.1335977082525783,,0.1472755688593899,,0.16227051996794753,,0.2059830141674053,,0.2270796562419134,,0.2499125383740691,,0.27437231720146327,,0.2992280515381874,,0.35961872194025807,,0.386263711298222,,0.4113696099943973,,0.43436650717016667,,0.45470105914303555,,0.4895352036583967,,0.5126646382431467,,0.5368858497343756,,0.5622518530956753,,0.5888156632906384,,0.6307736935387137,,0.6608000435432989,,0.6922544841296516,,0.725206597437486,,0.7597259656065176,,0.8155192446345695,,0.854629377307171,,0.8956132575992379,,0.9387507623051997,,0.98475175975346,,1,,0.9999999999999997,,0.9999999999999997,,1,,1,1
22294,2019,0,1,0.001451944560886776,,0.0014560049839541125,,0.0015146778247268373,,0.001992036192533732,,0.0018133319867741512,,0.0018839533466579663,,0.001965684361731975,,0.002097326414997021,,0.0022464344960436934,,0.002319571354770076,,0.0021891936706612486,,0.002236242574370021,,0.002288873861601019,,0.002347093336642561,,0.0024457792109082678,,0.0023455662131033187,,0.0025077779892183558,,0.0026740577347029518,,0.0028436246892152716,,0.003033946647382352,,0.003941016812556873,,0.004260530069941915,,0.004591564236375684,,0.004944613283607211,,0.005366391420124113,,0.006137151800862647,,0.006625994237716158,,0.007111212516242178,,0.007580427480999344,,0.008067029320100007,,0.008680736994380598,,0.00930239277851422,,0.009920580809961395,,0.01050574580108254,,0.011051218758002695,,0.01739513305245945,,0.018311205086018766,,0.019238002588172376,,0.020189239240693616,,0.021286614919420327,,0.022062293093833465,,0.023527799823683537,,0.025270126253662258,,0.027592919219911968,,0.02990994745163361,,0.03322516514746895,,0.03596384895579668,,0.039157188068255085,,0.04268537466821515,,0.04657298471806232,,0.05679044107980994,,0.06226627269881635,,0.0684425192458078,,0.07535143667141526,,0.08309900881342601,,0.10150486864247318,,0.11207714046116064,,0.12386285042262937,,0.1365440470135176,,0.15044636173543255,,0.19097365970667599,,0.21053305377018994,,0.23170217336995033,,0.25437964266111723,,0.27742421539041673,,0.3334144016950507,,0.35811785188536743,,0.3813943602596796,,0.40271554362669987,,0.42156837877163233,,0.4538642653414019,,0.4753083285203493,,0.49776461415004736,,0.5212822741552663,,0.5459104604607776,,0.5848111369216346,,0.6126495583137446,,0.6418120096793705,,0.6723630029197732,,0.7043670499362155,,0.7560948427646245,,0.7923551392666953,,0.8303526491098873,,0.8703468553196102,,0.9129959002826672,,0.972014274407816,,0.9999999999999997,,0.9999999999999997,,1,,1,1
22295,2019,0,1,0.0017995721681705345,,0.0018045706687795262,,0.001877251715304874,,0.002468823520175677,,0.0022472947994647816,,0.0023347589368502013,,0.0024359820677855508,,0.002599045610805849,,0.0027837377096112206,,0.002874272990377244,,0.002712621263112668,,0.002770814771381162,,0.0028359128031400153,,0.0029079206229664922,,0.0030300462844343873,,0.0029057489798698776,,0.0031065355039348484,,0.003312326952550549,,0.003522152100127653,,0.003757640982283459,,0.0054453198055707756,,0.005886036104289679,,0.006342493840557491,,0.0068291625274114745,,0.007410516893825667,,0.008473425811330728,,0.00914668752761175,,0.009814570450590657,,0.010459959477412928,,0.011128893352913548,,0.011972639036661131,,0.012826711085953306,,0.01367530293024172,,0.014477622824896204,,0.01522445472100733,,0.018798062334212367,,0.019785378248636413,,0.020783801485641497,,0.02180809243859113,,0.022989622128088347,,0.023823073549968557,,0.025400623525710462,,0.027275955561075194,,0.029776444964884012,,0.03226904688028282,,0.03583645867077779,,0.038790386173435866,,0.042234702089322645,,0.04604018244468192,,0.050233334721309864,,0.06125382027805772,,0.06716001856576166,,0.07382168008465569,,0.08127359590459737,,0.08963007954083259,,0.109482526688534,,0.12088571401371376,,0.1335977082525783,,0.1472755688593899,,0.16227051996794753,,0.2059830141674053,,0.2270796562419134,,0.2499125383740691,,0.27437231720146327,,0.2992280515381874,,0.35961872194025807,,0.386263711298222,,0.4113696099943973,,0.43436650717016667,,0.45470105914303555,,0.4895352036583967,,0.5126646382431467,,0.5368858497343756,,0.5622518530956753,,0.5888156632906384,,0.6307736935387137,,0.6608000435432989,,0.6922544841296516,,0.725206597437486,,0.7597259656065176,,0.8155192446345695,,0.854629377307171,,0.8956132575992379,,0.9387507623051997,,0.98475175975346,,1,,0.9999999999999997,,0.9999999999999997,,1,,1,1
22781,2019,2,1,0.0031516893873793643,7.933131989486406e-4,0.003302444672785932,8.940278250756801e-4,0.0029917500304148465,9.678916484395044e-4,0.0026995113477804185,0.0010384022303011526,0.00266568661887063,0.0010764661845699022,0.0027795298208972237,0.0010787251050377034,0.002917986948896012,0.0011794610868865437,0.003268721805514431,0.0012757277791773532,0.003433336893765113,0.0013820738875304614,0.0036256445107913796,0.0015678866619297314,0.0037625797249133007,0.0016966378273554883,0.004116415572106134,0.001833236762527823,0.004408728650752448,0.001950824451887304,0.0046425944202385175,0.0021423007688035137,0.004904157452020746,0.0023181312911734176,0.005265720960123178,0.0024313027892214614,0.005578068830624872,0.0026609196547912393,0.006042726831662211,0.002910727374185912,0.006478171380905037,0.0030318304323605095,0.007104395526194067,0.0033365932945146823,0.006113693627970141,0.0037165697173402175,0.006711771234510371,0.00404825321323444,0.0073342329195448305,0.004428665354978839,0.007965249089341203,0.004792891199234183,0.00860482260465582,0.005217456986541395,0.00932481703517564,0.005578312082364181,0.012035065305418513,0.005961260880201571,0.013071875785730346,0.006326887681432016,0.013291434655411369,0.007830252979565923,0.013361197106866307,0.009561180248149862,0.01421910441415266,0.009560745869708998,0.01539379761326063,0.009261108764799224,0.016380978364059502,0.00956704285190883,0.01734265871112581,0.0101306726143838,0.01823985601262394,0.01059820322135941,0.015070632911244518,0.010109561579729755,0.01587460352978878,0.010728982001829998,0.016688154339519163,0.01145743170004363,0.017526693323265077,0.012327506865089153,0.018492750427488804,0.013340306309686422,0.019287134803068325,0.014225901861065423,0.02058538833669695,0.015501578765865335,0.022131505694125912,0.016935623785912526,0.02419133387044993,0.01868203471161118,0.026251369662954317,0.02038993732954274,0.02880730760197911,0.022509015361045787,0.03118055530405126,0.024550690197250726,0.03394985731351634,0.026943137362142846,0.037009530745241,0.029607657935824414,0.04038009654779483,0.03261283240563489,0.046660532857515404,0.03793625220157673,0.051158724783967754,0.04209830079388437,0.05623355536522534,0.04692142031333327,0.06190964973957172,0.05220436637904198,0.06827524798585602,0.057890925476797826,0.07981622946138892,0.06792054068262618,0.08812926572692652,0.07557344850754194,0.09739755214837824,0.0840077241800141,0.10736970710576657,0.09340774802666034,0.11830121640878286,0.1041434049710001,0.1417812857620985,0.12512341274546065,0.15630293501736314,0.1387518171311855,0.17201890347937746,0.15364390131641162,0.18885428968586246,0.1698446361125092,0.2059626045083229,0.1867806436745088,0.23885665901793426,0.21779588800621896,0.2565549511117702,0.23599557536771998,0.27323027391941246,0.2536095179111246,0.2885050419871808,0.2702734520643346,0.3020109042882511,0.28561974144439944,0.32205371475616185,0.30722034641576806,0.3372689720730784,0.3248005608506452,0.3532034886373588,0.3433847486493608,0.36989215006157133,0.3630336204072647,0.387367789863427,0.3838067624494227,0.41175488514351843,0.41157511420020776,0.43135444312232596,0.4352736075219942,0.45188770426104974,0.460334716428296,0.4733977625516854,0.4868405126498641,0.4960549802772351,0.5148719436471648,0.5292506087459825,0.5532507154821283,0.5559255711812086,0.5853399258702027,0.5847009421296124,0.6193358499585405,0.6160155165529262,0.6554793762848092,0.6502413856769889,0.69414330920171,0.6945352210742839,0.7414656864700168,0.7367169682378413,0.7831576929047576,0.7830254969904447,0.82927167875587815,0.8335555199383888,0.8794595944767637,1,1
22782,2019,2,1,0.0031516893873793643,7.933131989486406e-4,0.003302444672785932,8.940278250756801e-4,0.0029917500304148465,9.678916484395044e-4,0.0026995113477804185,0.0010384022303011526,0.00266568661887063,0.0010764661845699022,0.0027795298208972237,0.0010787251050377034,0.002917986948896012,0.0011794610868865437,0.003268721805514431,0.0012757277791773532,0.003433336893765113,0.0013820738875304614,0.0036256445107913796,0.0015678866619297314,0.0037625797249133007,0.0016966378273554883,0.004116415572106134,0.001833236762527823,0.004408728650752448,0.001950824451887304,0.0046425944202385175,0.0021423007688035137,0.004904157452020746,0.0023181312911734176,0.005265720960123178,0.0024313027892214614,0.005578068830624872,0.0026609196547912393,0.006042726831662211,0.002910727374185912,0.006478171380905037,0.0030318304323605095,0.007104395526194067,0.0033365932945146823,0.006113693627970141,0.0037165697173402175,0.006711771234510371,0.00404825321323444,0.0073342329195448305,0.004428665354978839,0.007965249089341203,0.004792891199234183,0.00860482260465582,0.005217456986541395,0.00932481703517564,0.005578312082364181,0.012035065305418513,0.005961260880201571,0.013071875785730346,0.006326887681432016,0.013291434655411369,0.007830252979565923,0.013361197106866307,0.009561180248149862,0.01421910441415266,0.009560745869708998,0.01539379761326063,0.009261108764799224,0.016380978364059502,0.00956704285190883,0.01734265871112581,0.0101306726143838,0.01823985601262394,0.01059820322135941,0.015070632911244518,0.010109561579729755,0.01587460352978878,0.010728982001829998,0.016688154339519163,0.01145743170004363,0.017526693323265077,0.012327506865089153,0.018492750427488804,0.013340306309686422,0.019287134803068325,0.014225901861065423,0.02058538833669695,0.015501578765865335,0.022131505694125912,0.016935623785912526,0.02419133387044993,0.01868203471161118,0.026251369662954317,0.02038993732954274,0.02880730760197911,0.022509015361045787,0.03118055530405126,0.024550690197250726,0.03394985731351634,0.026943137362142846,0.037009530745241,0.029607657935824414,0.04038009654779483,0.03261283240563489,0.046660532857515404,0.03793625220157673,0.051158724783967754,0.04209830079388437,0.05623355536522534,0.04692142031333327,0.06190964973957172,0.05220436637904198,0.06827524798585602,0.057890925476797826,0.07981622946138892,0.06792054068262618,0.08812926572692652,0.07557344850754194,0.09739755214837824,0.0840077241800141,0.10736970710576657,0.09340774802666034,0.11830121640878286,0.1041434049710001,0.1417812857620985,0.12512341274546065,0.15630293501736314,0.1387518171311855,0.17201890347937746,0.15364390131641162,0.18885428968586246,0.1698446361125092,0.2059626045083229,0.1867806436745088,0.23885665901793426,0.21779588800621896,0.2565549511117702,0.23599557536771998,0.27323027391941246,0.2536095179111246,0.2885050419871808,0.2702734520643346,0.3020109042882511,0.28561974144439944,0.32205371475616185,0.30722034641576806,0.3372689720730784,0.3248005608506452,0.3532034886373588,0.3433847486493608,0.36989215006157133,0.3630336204072647,0.387367789863427,0.3838067624494227,0.41175488514351843,0.41157511420020776,0.43135444312232596,0.4352736075219942,0.45188770426104974,0.460334716428296,0.4733977625516854,0.4868405126498641,0.4960549802772351,0.5148719436471648,0.5292506087459825,0.5532507154821283,0.5559255711812086,0.5853399258702027,0.5847009421296124,0.6193358499585405,0.6160155165529262,0.6554793762848092,0.6502413856769889,0.69414330920171,0.6945352210742839,0.7414656864700168,0.7367169682378413,0.7831576929047576,0.7830254969904447,0.82927167875587815,0.8335555199383888,0.8794595944767637,1,1
22783,2019,2,1,0.0031516893873793643,7.933131989486406e-4,0.003302444672785932,8.940278250756801e-4,0.0029917500304148465,9.678916484395044e-4,0.0026995113477804185,0.0010384022303011526,0.00266568661887063,0.0010764661845699022,0.0027795298208972237,0.0010787251050377034,0.002917986948896012,0.0011794610868865437,0.003268721805514431,0.0012757277791773532,0.003433336893765113,0.0013820738875304614,0.0036256445107913796,0.0015678866619297314,0.0037625797249133007,0.0016966378273554883,0.004116415572106134,0.001833236762527823,0.004408728650752448,0.001950824451887304,0.0046425944202385175,0.0021423007688035137,0.004904157452020746,0.0023181312911734176,0.005265720960123178,0.0024313027892214614,0.005578068830624872,0.0026609196547912393,0.006042726831662211,0.002910727374185912,0.006478171380905037,0.0030318304323605095,0.007104395526194067,0.0033365932945146823,0.006113693627970141,0.0037165697173402175,0.006711771234510371,0.00404825321323444,0.0073342329195448305,0.004428665354978839,0.007965249089341203,0.004792891199234183,0.00860482260465582,0.005217456986541395,0.00932481703517564,0.005578312082364181,0.012035065305418513,0.005961260880201571,0.013071875785730346,0.006326887681432016,0.013291434655411369,0.007830252979565923,0.013361197106866307,0.009561180248149862,0.01421910441415266,0.009560745869708998,0.01539379761326063,0.009261108764799224,0.016380978364059502,0.00956704285190883,0.01734265871112581,0.0101306726143838,0.01823985601262394,0.01059820322135941,0.015070632911244518,0.010109561579729755,0.01587460352978878,0.010728982001829998,0.016688154339519163,0.01145743170004363,0.017526693323265077,0.012327506865089153,0.018492750427488804,0.013340306309686422,0.019287134803068325,0.014225901861065423,0.02058538833669695,0.015501578765865335,0.022131505694125912,0.016935623785912526,0.02419133387044993,0.01868203471161118,0.026251369662954317,0.02038993732954274,0.02880730760197911,0.022509015361045787,0.03118055530405126,0.024550690197250726,0.03394985731351634,0.026943137362142846,0.037009530745241,0.029607657935824414,0.04038009654779483,0.03261283240563489,0.046660532857515404,0.03793625220157673,0.051158724783967754,0.04209830079388437,0.05623355536522534,0.04692142031333327,0.06190964973957172,0.05220436637904198,0.06827524798585602,0.057890925476797826,0.07981622946138892,0.06792054068262618,0.08812926572692652,0.07557344850754194,0.09739755214837824,0.0840077241800141,0.10736970710576657,0.09340774802666034,0.11830121640878286,0.1041434049710001,0.1417812857620985,0.12512341274546065,0.15630293501736314,0.1387518171311855,0.17201890347937746,0.15364390131641162,0.18885428968586246,0.1698446361125092,0.2059626045083229,0.1867806436745088,0.23885665901793426,0.21779588800621896,0.2565549511117702,0.23599557536771998,0.27323027391941246,0.2536095179111246,0.2885050419871808,0.2702734520643346,0.3020109042882511,0.28561974144439944,0.32205371475616185,0.30722034641576806,0.3372689720730784,0.3248005608506452,0.3532034886373588,0.3433847486493608,0.36989215006157133,0.3630336204072647,0.387367789863427,0.3838067624494227,0.41175488514351843,0.41157511420020776,0.43135444312232596,0.4352736075219942,0.45188770426104974,0.460334716428296,0.4733977625516854,0.4868405126498641,0.4960549802772351,0.5148719436471648,0.5292506087459825,0.5532507154821283,0.5559255711812086,0.5853399258702027,0.5847009421296124,0.6193358499585405,0.6160155165529262,0.6554793762848092,0.6502413856769889,0.69414330920171,0.6945352210742839,0.7414656864700168,0.7367169682378413,0.7831576929047576,0.7830254969904447,0.82927167875587815,0.8335555199383888,0.8794595944767637,1,1
22784,2019,2,1,0.0031516893873793643,7.933131989486406e-4,0.003302444672785932,8.940278250756801e-4,0.0029917500304148465,9.678916484395044e-4,0.0026995113477804185,0.0010384022303011526,0.00266568661887063,0.0010764661845699022,0.0027795298208972237,0.0010787251050377034,0.002917986948896012,0.0011794610868865437,0.003268721805514431,0.0012757277791773532,0.003433336893765113,0.0013820738875304614,0.0036256445107913796,0.0015678866619297314,0.0037625797249133007,0.0016966378273554883,0.004116415572106134,0.001833236762527823,0.004408728650752448,0.001950824451887304,0.0046425944202385175,0.0021423007688035137,0.004904157452020746,0.0023181312911734176,0.005265720960123178,0.0024313027892214614,0.005578068830624872,0.0026609196547912393,0.006042726831662211,0.002910727374185912,0.006478171380905037,0.0030318304323605095,0.007104395526194067,0.0033365932945146823,0.006113693627970141,0.0037165697173402175,0.006711771234510371,0.00404825321323444,0.0073342329195448305,0.004428665354978839,0.007965249089341203,0.004792891199234183,0.00860482260465582,0.005217456986541395,0.00932481703517564,0.005578312082364181,0.012035065305418513,0.005961260880201571,0.013071875785730346,0.006326887681432016,0.013291434655411369,0.007830252979565923,0.013361197106866307,0.009561180248149862,0.01421910441415266,0.009560745869708998,0.01539379761326063,0.009261108764799224,0.016380978364059502,0.00956704285190883,0.01734265871112581,0.0101306726143838,0.01823985601262394,0.01059820322135941,0.015070632911244518,0.010109561579729755,0.01587460352978878,0.010728982001829998,0.016688154339519163,0.01145743170004363,0.017526693323265077,0.012327506865089153,0.018492750427488804,0.013340306309686422,0.019287134803068325,0.014225901861065423,0.02058538833669695,0.015501578765865335,0.022131505694125912,0.016935623785912526,0.02419133387044993,0.01868203471161118,0.026251369662954317,0.02038993732954274,0.02880730760197911,0.022509015361045787,0.03118055530405126,0.024550690197250726,0.03394985731351634,0.026943137362142846,0.037009530745241,0.029607657935824414,0.04038009654779483,0.03261283240563489,0.046660532857515404,0.03793625220157673,0.051158724783967754,0.04209830079388437,0.05623355536522534,0.04692142031333327,0.06190964973957172,0.05220436637904198,0.06827524798585602,0.057890925476797826,0.07981622946138892,0.06792054068262618,0.08812926572692652,0.07557344850754194,0.09739755214837824,0.0840077241800141,0.10736970710576657,0.09340774802666034,0.11830121640878286,0.1041434049710001,0.1417812857620985,0.12512341274546065,0.15630293501736314,0.1387518171311855,0.17201890347937746,0.15364390131641162,0.18885428968586246,0.1698446361125092,0.2059626045083229,0.1867806436745088,0.23885665901793426,0.21779588800621896,0.2565549511117702,0.23599557536771998,0.27323027391941246,0.2536095179111246,0.2885050419871808,0.2702734520643346,0.3020109042882511,0.28561974144439944,0.32205371475616185,0.30722034641576806,0.3372689720730784,0.3248005608506452,0.3532034886373588,0.3433847486493608,0.36989215006157133,0.3630336204072647,0.387367789863427,0.3838067624494227,0.41175488514351843,0.41157511420020776,0.43135444312232596,0.4352736075219942,0.45188770426104974,0.460334716428296,0.4733977625516854,0.4868405126498641,0.4960549802772351,0.5148719436471648,0.5292506087459825,0.5532507154821283,0.5559255711812086,0.5853399258702027,0.5847009421296124,0.6193358499585405,0.6160155165529262,0.6554793762848092,0.6502413856769889,0.69414330920171,0.6945352210742839,0.7414656864700168,0.7367169682378413,0.7831576929047576,0.7830254969904447,0.82927167875587815,0.8335555199383888,0.8794595944767637,1,1
22785,2019,2,1,0.0031516893873793643,7.933131989486406e-4,0.003302444672785932,8.940278250756801e-4,0.0029917500304148465,9.678916484395044e-4,0.0026995113477804185,0.0010384022303011526,0.00266568661887063,0.0010764661845699022,0.0027795298208972237,0.0010787251050377034,0.002917986948896012,0.0011794610868865437,0.003268721805514431,0.0012757277791773532,0.003433336893765113,0.0013820738875304614,0.0036256445107913796,0.0015678866619297314,0.0037625797249133007,0.0016966378273554883,0.004116415572106134,0.001833236762527823,0.004408728650752448,0.001950824451887304,0.0046425944202385175,0.0021423007688035137,0.004904157452020746,0.0023181312911734176,0.005265720960123178,0.0024313027892214614,0.005578068830624872,0.0026609196547912393,0.006042726831662211,0.002910727374185912,0.006478171380905037,0.0030318304323605095,0.007104395526194067,0.0033365932945146823,0.006113693627970141,0.0037165697173402175,0.006711771234510371,0.00404825321323444,0.0073342329195448305,0.004428665354978839,0.007965249089341203,0.004792891199234183,0.00860482260465582,0.005217456986541395,0.00932481703517564,0.005578312082364181,0.012035065305418513,0.005961260880201571,0.013071875785730346,0.006326887681432016,0.013291434655411369,0.007830252979565923,0.013361197106866307,0.009561180248149862,0.01421910441415266,0.009560745869708998,0.01539379761326063,0.009261108764799224,0.016380978364059502,0.00956704285190883,0.01734265871112581,0.0101306726143838,0.01823985601262394,0.01059820322135941,0.015070632911244518,0.010109561579729755,0.01587460352978878,0.010728982001829998,0.016688154339519163,0.01145743170004363,0.017526693323265077,0.012327506865089153,0.018492750427488804,0.013340306309686422,0.019287134803068325,0.014225901861065423,0.02058538833669695,0.015501578765865335,0.022131505694125912,0.016935623785912526,0.02419133387044993,0.01868203471161118,0.026251369662954317,0.02038993732954274,0.02880730760197911,0.022509015361045787,0.03118055530405126,0.024550690197250726,0.03394985731351634,0.026943137362142846,0.037009530745241,0.029607657935824414,0.04038009654779483,0.03261283240563489,0.046660532857515404,0.03793625220157673,0.051158724783967754,0.04209830079388437,0.05623355536522534,0.04692142031333327,0.06190964973957172,0.05220436637904198,0.06827524798585602,0.057890925476797826,0.07981622946138892,0.06792054068262618,0.08812926572692652,0.07557344850754194,0.09739755214837824,0.0840077241800141,0.10736970710576657,0.09340774802666034,0.11830121640878286,0.1041434049710001,0.1417812857620985,0.12512341274546065,0.15630293501736314,0.1387518171311855,0.17201890347937746,0.15364390131641162,0.18885428968586246,0.1698446361125092,0.2059626045083229,0.1867806436745088,0.23885665901793426,0.21779588800621896,0.2565549511117702,0.23599557536771998,0.27323027391941246,0.2536095179111246,0.2885050419871808,0.2702734520643346,0.3020109042882511,0.28561974144439944,0.32205371475616185,0.30722034641576806,0.3372689720730784,0.3248005608506452,0.3532034886373588,0.3433847486493608,0.36989215006157133,0.3630336204072647,0.387367789863427,0.3838067624494227,0.41175488514351843,0.41157511420020776,0.43135444312232596,0.4352736075219942,0.45188770426104974,0.460334716428296,0.4733977625516854,0.4868405126498641,0.4960549802772351,0.5148719436471648,0.5292506087459825,0.5532507154821283,0.5559255711812086,0.5853399258702027,0.5847009421296124,0.6193358499585405,0.6160155165529262,0.6554793762848092,0.6502413856769889,0.69414330920171,0.6945352210742839,0.7414656864700168,0.7367169682378413,0.7831576929047576,0.7830254969904447,0.82927167875587815,0.8335555199383888,0.8794595944767637,1,1
27641,2019,2,1,0.0016118114566430592,8.125640198888644e-4,0.0015788149456957424,8.461276541678319e-4,0.001568754401142831,8.608205244604797e-4,0.0016241074437501096,9.300383806603897e-4,0.0017448933294106452,9.751440086203213e-4,0.0019999513814087234,0.0010003306486173135,0.002139520307264451,0.0010601239962361266,0.002312279509019778,0.001168159150030676,0.002474051457585795,0.0012531329453313665,0.002527936194114825,0.0013758677992778713,0.002700028930325016,0.00147029960975613,0.0029266178632166772,0.0016182296997577408,0.0031890285644715563,0.0017745678566396755,0.003374165809631622,0.0018512144163206291,0.0035526075218976654,0.002051646561516508,0.0035652427375206207,0.0022122492852057096,0.0035643169319831925,0.002504009646763412,0.003788182194929273,0.002747563262536845,0.004099069127209326,0.0029292673495833563,0.00444936690446318,0.0031624325738511478,0.008412271287231961,0.0032091896683740656,0.0091309217235432,0.0034509770431023195,0.009795376645526328,0.0037629920457369933,0.010483566218555096,0.004126213182034748,0.011328824883774003,0.0045145981339905095,0.011931009616986291,0.004883046913401405,0.012714153141883818,0.005315802349379552,0.013589763517156043,0.005607306575356844,0.014532293208159288,0.005986218371203238,0.015478771467633086,0.0064515906434427185,0.0165234502105451,0.0068369297382852735,0.01782335072022093,0.007513533371947435,0.019289940702325307,0.007984749341225651,0.020797347438047568,0.008459316142995305,0.022656488524808508,0.009224474586690725,0.01852493081543414,0.01127681532332237,0.019773858278580404,0.012448836272573961,0.021130861906233304,0.013337733558874241,0.022333709856637272,0.014490401402633437,0.027975839517581445,0.015629436352246052,0.02904282282785477,0.017162409278585773,0.02911147502320402,0.018697311748837146,0.029405469567498312,0.02033658546951447,0.0316118695531595,0.02556078254205506,0.034358594044208296,0.02485435284843388,0.037414422711951195,0.026389980453864568,0.04049750454046636,0.029016721265944095,0.044093475028257105,0.03198865135997271,0.048066637175784105,0.035222832368821295,0.05244574034735658,0.03882516813521055,0.05878670013938666,0.043961779509193846,0.06445377483200986,0.048938171333522115,0.0708476334543688,0.05429798333416163,0.07799932531991742,0.06001417551565774,0.08601924798760291,0.06625825934772668,0.09809513097202581,0.0750730958236196,0.10831265504750413,0.08341360430950813,0.11970200321222413,0.09292193978048914,0.1319584322045086,0.10362039423779663,0.1453924351588966,0.11547321741761868,0.16868057022389502,0.13478489257732154,0.1859566382245602,0.1499146736122676,0.2046552247712431,0.166164341482623,0.2246843318981542,0.18343256074672556,0.24503888182904512,0.20164747169062744,0.2785019919103443,0.2281008934289708,0.29913713563689265,0.2471241419704912,0.3185797557318968,0.26556250048164715,0.3363905619087125,0.2830439866256323,0.3521383137027023,0.2991902874066803,0.37348414171497357,0.3198228702729411,0.3911293515533683,0.3382078334921177,0.40960829295672924,0.35764850144043187,0.428962365009661,0.3782051500728814,0.44922836689847967,0.399317347702853,0.47541443788584226,0.4268278772419117,0.4981676238003109,0.45149367354393305,0.5220093954831602,0.47758286912515463,0.5471451043741723,0.5051814329873145,0.5738816751551854,0.5343736841199748,0.610521396599326,0.57250020770111,0.6421330781789901,0.6059031798766207,0.6763156506676266,0.6412496663955453,0.7143186451774978,0.6787220759515907,0.7558365153590422,0.7183964299478661,0.8060711679649207,0.767763879400545,0.8549836058911848,0.8095988716959893,0.9085135366471626,0.855120712692324,0.969149132844956,0.9034138941011718,1,1
27642,2019,2,1,0.0016118114566430592,8.125640198888644e-4,0.0015788149456957424,8.461276541678319e-4,0.001568754401142831,8.608205244604797e-4,0.0016241074437501096,9.300383806603897e-4,0.0017448933294106452,9.751440086203213e-4,0.0019999513814087234,0.0010003306486173135,0.002139520307264451,0.0010601239962361266,0.002312279509019778,0.001168159150030676,0.002474051457585795,0.0012531329453313665,0.002527936194114825,0.0013758677992778713,0.002700028930325016,0.00147029960975613,0.0029266178632166772,0.0016182296997577408,0.0031890285644715563,0.0017745678566396755,0.003374165809631622,0.0018512144163206291,0.0035526075218976654,0.002051646561516508,0.0035652427375206207,0.0022122492852057096,0.0035643169319831925,0.002504009646763412,0.003788182194929273,0.002747563262536845,0.004099069127209326,0.0029292673495833563,0.00444936690446318,0.0031624325738511478,0.008412271287231961,0.0032091896683740656,0.0091309217235432,0.0034509770431023195,0.009795376645526328,0.0037629920457369933,0.010483566218555096,0.004126213182034748,0.011328824883774003,0.0045145981339905095,0.011931009616986291,0.004883046913401405,0.012714153141883818,0.005315802349379552,0.013589763517156043,0.005607306575356844,0.014532293208159288,0.005986218371203238,0.015478771467633086,0.0064515906434427185,0.0165234502105451,0.0068369297382852735,0.01782335072022093,0.007513533371947435,0.019289940702325307,0.007984749341225651,0.020797347438047568,0.008459316142995305,0.022656488524808508,0.009224474586690725,0.01852493081543414,0.01127681532332237,0.019773858278580404,0.012448836272573961,0.021130861906233304,0.013337733558874241,0.022333709856637272,0.014490401402633437,0.027975839517581445,0.015629436352246052,0.02904282282785477,0.017162409278585773,0.02911147502320402,0.018697311748837146,0.029405469567498312,0.02033658546951447,0.0316118695531595,0.02556078254205506,0.034358594044208296,0.02485435284843388,0.037414422711951195,0.026389980453864568,0.04049750454046636,0.029016721265944095,0.044093475028257105,0.03198865135997271,0.048066637175784105,0.035222832368821295,0.05244574034735658,0.03882516813521055,0.05878670013938666,0.043961779509193846,0.06445377483200986,0.048938171333522115,0.0708476334543688,0.05429798333416163,0.07799932531991742,0.06001417551565774,0.08601924798760291,0.06625825934772668,0.09809513097202581,0.0750730958236196,0.10831265504750413,0.08341360430950813,0.11970200321222413,0.09292193978048914,0.1319584322045086,0.10362039423779663,0.1453924351588966,0.11547321741761868,0.16868057022389502,0.13478489257732154,0.1859566382245602,0.1499146736122676,0.2046552247712431,0.166164341482623,0.2246843318981542,0.18343256074672556,0.24503888182904512,0.20164747169062744,0.2785019919103443,0.2281008934289708,0.29913713563689265,0.2471241419704912,0.3185797557318968,0.26556250048164715,0.3363905619087125,0.2830439866256323,0.3521383137027023,0.2991902874066803,0.37348414171497357,0.3198228702729411,0.3911293515533683,0.3382078334921177,0.40960829295672924,0.35764850144043187,0.428962365009661,0.3782051500728814,0.44922836689847967,0.399317347702853,0.47541443788584226,0.4268278772419117,0.4981676238003109,0.45149367354393305,0.5220093954831602,0.47758286912515463,0.5471451043741723,0.5051814329873145,0.5738816751551854,0.5343736841199748,0.610521396599326,0.57250020770111,0.6421330781789901,0.6059031798766207,0.6763156506676266,0.6412496663955453,0.7143186451774978,0.6787220759515907,0.7558365153590422,0.7183964299478661,0.8060711679649207,0.767763879400545,0.8549836058911848,0.8095988716959893,0.9085135366471626,0.855120712692324,0.969149132844956,0.9034138941011718,1,1
27643,2019,2,1,0.0016118114566430592,8.125640198888644e-4,0.0015788149456957424,8.461276541678319e-4,0.001568754401142831,8.608205244604797e-4,0.0016241074437501096,9.300383806603897e-4,0.0017448933294106452,9.751440086203213e-4,0.0019999513814087234,0.0010003306486173135,0.002139520307264451,0.0010601239962361266,0.002312279509019778,0.001168159150030676,0.002474051457585795,0.0012531329453313665,0.002527936194114825,0.0013758677992778713,0.002700028930325016,0.00147029960975613,0.0029266178632166772,0.0016182296997577408,0.0031890285644715563,0.0017745678566396755,0.003374165809631622,0.0018512144163206291,0.0035526075218976654,0.002051646561516508,0.0035652427375206207,0.0022122492852057096,0.0035643169319831925,0.002504009646763412,0.003788182194929273,0.002747563262536845,0.004099069127209326,0.0029292673495833563,0.00444936690446318,0.0031624325738511478,0.008412271287231961,0.0032091896683740656,0.0091309217235432,0.0034509770431023195,0.009795376645526328,0.0037629920457369933,0.010483566218555096,0.004126213182034748,0.011328824883774003,0.0045145981339905095,0.011931009616986291,0.004883046913401405,0.012714153141883818,0.005315802349379552,0.013589763517156043,0.005607306575356844,0.014532293208159288,0.005986218371203238,0.015478771467633086,0.0064515906434427185,0.0165234502105451,0.0068369297382852735,0.01782335072022093,0.007513533371947435,0.019289940702325307,0.007984749341225651,0.020797347438047568,0.008459316142995305,0.022656488524808508,0.009224474586690725,0.01852493081543414,0.01127681532332237,0.019773858278580404,0.012448836272573961,0.021130861906233304,0.013337733558874241,0.022333709856637272,0.014490401402633437,0.027975839517581445,0.015629436352246052,0.02904282282785477,0.017162409278585773,0.02911147502320402,0.018697311748837146,0.029405469567498312,0.02033658546951447,0.0316118695531595,0.02556078254205506,0.034358594044208296,0.02485435284843388,0.037414422711951195,0.026389980453864568,0.04049750454046636,0.029016721265944095,0.044093475028257105,0.03198865135997271,0.048066637175784105,0.035222832368821295,0.05244574034735658,0.03882516813521055,0.05878670013938666,0.043961779509193846,0.06445377483200986,0.048938171333522115,0.0708476334543688,0.05429798333416163,0.07799932531991742,0.06001417551565774,0.08601924798760291,0.06625825934772668,0.09809513097202581,0.0750730958236196,0.10831265504750413,0.08341360430950813,0.11970200321222413,0.09292193978048914,0.1319584322045086,0.10362039423779663,0.1453924351588966,0.11547321741761868,0.16868057022389502,0.13478489257732154,0.1859566382245602,0.1499146736122676,0.2046552247712431,0.166164341482623,0.2246843318981542,0.18343256074672556,0.24503888182904512,0.20164747169062744,0.2785019919103443,0.2281008934289708,0.29913713563689265,0.2471241419704912,0.3185797557318968,0.26556250048164715,0.3363905619087125,0.2830439866256323,0.3521383137027023,0.2991902874066803,0.37348414171497357,0.3198228702729411,0.3911293515533683,0.3382078334921177,0.40960829295672924,0.35764850144043187,0.428962365009661,0.3782051500728814,0.44922836689847967,0.399317347702853,0.47541443788584226,0.4268278772419117,0.4981676238003109,0.45149367354393305,0.5220093954831602,0.47758286912515463,0.5471451043741723,0.5051814329873145,0.5738816751551854,0.5343736841199748,0.610521396599326,0.57250020770111,0.6421330781789901,0.6059031798766207,0.6763156506676266,0.6412496663955453,0.7143186451774978,0.6787220759515907,0.7558365153590422,0.7183964299478661,0.8060711679649207,0.767763879400545,0.8549836058911848,0.8095988716959893,0.9085135366471626,0.855120712692324,0.969149132844956,0.9034138941011718,1,1
27644,2019,2,1,0.0016118114566430592,8.125640198888644e-4,0.0015788149456957424,8.461276541678319e-4,0.001568754401142831,8.608205244604797e-4,0.0016241074437501096,9.300383806603897e-4,0.0017448933294106452,9.751440086203213e-4,0.0019999513814087234,0.0010003306486173135,0.002139520307264451,0.0010601239962361266,0.002312279509019778,0.001168159150030676,0.002474051457585795,0.0012531329453313665,0.002527936194114825,0.0013758677992778713,0.002700028930325016,0.00147029960975613,0.0029266178632166772,0.0016182296997577408,0.0031890285644715563,0.0017745678566396755,0.003374165809631622,0.0018512144163206291,0.0035526075218976654,0.002051646561516508,0.0035652427375206207,0.0022122492852057096,0.0035643169319831925,0.002504009646763412,0.003788182194929273,0.002747563262536845,0.004099069127209326,0.0029292673495833563,0.00444936690446318,0.0031624325738511478,0.008412271287231961,0.0032091896683740656,0.0091309217235432,0.0034509770431023195,0.009795376645526328,0.0037629920457369933,0.010483566218555096,0.004126213182034748,0.011328824883774003,0.0045145981339905095,0.011931009616986291,0.004883046913401405,0.012714153141883818,0.005315802349379552,0.013589763517156043,0.005607306575356844,0.014532293208159288,0.005986218371203238,0.015478771467633086,0.0064515906434427185,0.0165234502105451,0.0068369297382852735,0.01782335072022093,0.007513533371947435,0.019289940702325307,0.007984749341225651,0.020797347438047568,0.008459316142995305,0.022656488524808508,0.009224474586690725,0.01852493081543414,0.01127681532332237,0.019773858278580404,0.012448836272573961,0.021130861906233304,0.013337733558874241,0.022333709856637272,0.014490401402633437,0.027975839517581445,0.015629436352246052,0.02904282282785477,0.017162409278585773,0.02911147502320402,0.018697311748837146,0.029405469567498312,0.02033658546951447,0.0316118695531595,0.02556078254205506,0.034358594044208296,0.02485435284843388,0.037414422711951195,0.026389980453864568,0.04049750454046636,0.029016721265944095,0.044093475028257105,0.03198865135997271,0.048066637175784105,0.035222832368821295,0.05244574034735658,0.03882516813521055,0.05878670013938666,0.043961779509193846,0.06445377483200986,0.048938171333522115,0.0708476334543688,0.05429798333416163,0.07799932531991742,0.06001417551565774,0.08601924798760291,0.06625825934772668,0.09809513097202581,0.0750730958236196,0.10831265504750413,0.08341360430950813,0.11970200321222413,0.09292193978048914,0.1319584322045086,0.10362039423779663,0.1453924351588966,0.11547321741761868,0.16868057022389502,0.13478489257732154,0.1859566382245602,0.1499146736122676,0.2046552247712431,0.166164341482623,0.2246843318981542,0.18343256074672556,0.24503888182904512,0.20164747169062744,0.2785019919103443,0.2281008934289708,0.29913713563689265,0.2471241419704912,0.3185797557318968,0.26556250048164715,0.3363905619087125,0.2830439866256323,0.3521383137027023,0.2991902874066803,0.37348414171497357,0.3198228702729411,0.3911293515533683,0.3382078334921177,0.40960829295672924,0.35764850144043187,0.428962365009661,0.3782051500728814,0.44922836689847967,0.399317347702853,0.47541443788584226,0.4268278772419117,0.4981676238003109,0.45149367354393305,0.5220093954831602,0.47758286912515463,0.5471451043741723,0.5051814329873145,0.5738816751551854,0.5343736841199748,0.610521396599326,0.57250020770111,0.6421330781789901,0.6059031798766207,0.6763156506676266,0.6412496663955453,0.7143186451774978,0.6787220759515907,0.7558365153590422,0.7183964299478661,0.8060711679649207,0.767763879400545,0.8549836058911848,0.8095988716959893,0.9085135366471626,0.855120712692324,0.969149132844956,0.9034138941011718,1,1
27645,2019,2,1,0.0016118114566430592,8.125640198888644e-4,0.0015788149456957424,8.461276541678319e-4,0.001568754401142831,8.608205244604797e-4,0.0016241074437501096,9.300383806603897e-4,0.0017448933294106452,9.751440086203213e-4,0.0019999513814087234,0.0010003306486173135,0.002139520307264451,0.0010601239962361266,0.002312279509019778,0.001168159150030676,0.002474051457585795,0.0012531329453313665,0.002527936194114825,0.0013758677992778713,0.002700028930325016,0.00147029960975613,0.0029266178632166772,0.0016182296997577408,0.0031890285644715563,0.0017745678566396755,0.003374165809631622,0.0018512144163206291,0.0035526075218976654,0.002051646561516508,0.0035652427375206207,0.0022122492852057096,0.0035643169319831925,0.002504009646763412,0.003788182194929273,0.002747563262536845,0.004099069127209326,0.0029292673495833563,0.00444936690446318,0.0031624325738511478,0.008412271287231961,0.0032091896683740656,0.0091309217235432,0.0034509770431023195,0.009795376645526328,0.0037629920457369933,0.010483566218555096,0.004126213182034748,0.011328824883774003,0.0045145981339905095,0.011931009616986291,0.004883046913401405,0.012714153141883818,0.005315802349379552,0.013589763517156043,0.005607306575356844,0.014532293208159288,0.005986218371203238,0.015478771467633086,0.0064515906434427185,0.0165234502105451,0.0068369297382852735,0.01782335072022093,0.007513533371947435,0.019289940702325307,0.007984749341225651,0.020797347438047568,0.008459316142995305,0.022656488524808508,0.009224474586690725,0.01852493081543414,0.01127681532332237,0.019773858278580404,0.012448836272573961,0.021130861906233304,0.013337733558874241,0.022333709856637272,0.014490401402633437,0.027975839517581445,0.015629436352246052,0.02904282282785477,0.017162409278585773,0.02911147502320402,0.018697311748837146,0.029405469567498312,0.02033658546951447,0.0316118695531595,0.02556078254205506,0.034358594044208296,0.02485435284843388,0.037414422711951195,0.026389980453864568,0.04049750454046636,0.029016721265944095,0.044093475028257105,0.03198865135997271,0.048066637175784105,0.035222832368821295,0.05244574034735658,0.03882516813521055,0.05878670013938666,0.043961779509193846,0.06445377483200986,0.048938171333522115,0.0708476334543688,0.05429798333416163,0.07799932531991742,0.06001417551565774,0.08601924798760291,0.06625825934772668,0.09809513097202581,0.0750730958236196,0.10831265504750413,0.08341360430950813,0.11970200321222413,0.09292193978048914,0.1319584322045086,0.10362039423779663,0.1453924351588966,0.11547321741761868,0.16868057022389502,0.13478489257732154,0.1859566382245602,0.1499146736122676,0.2046552247712431,0.166164341482623,0.2246843318981542,0.18343256074672556,0.24503888182904512,0.20164747169062744,0.2785019919103443,0.2281008934289708,0.29913713563689265,0.2471241419704912,0.3185797557318968,0.26556250048164715,0.3363905619087125,0.2830439866256323,0.3521383137027023,0.2991902874066803,0.37348414171497357,0.3198228702729411,0.3911293515533683,0.3382078334921177,0.40960829295672924,0.35764850144043187,0.428962365009661,0.3782051500728814,0.44922836689847967,0.399317347702853,0.47541443788584226,0.4268278772419117,0.4981676238003109,0.45149367354393305,0.5220093954831602,0.47758286912515463,0.5471451043741723,0.5051814329873145,0.5738816751551854,0.5343736841199748,0.610521396599326,0.57250020770111,0.6421330781789901,0.6059031798766207,0.6763156506676266,0.6412496663955453,0.7143186451774978,0.6787220759515907,0.7558365153590422,0.7183964299478661,0.8060711679649207,0.767763879400545,0.8549836058911848,0.8095988716959893,0.9085135366471626,0.855120712692324,0.969149132844956,0.9034138941011718,1,1
31851,2019,2,1,7.55242245540514e-4,4.1078172618368294e-4,7.792043540229227e-4,4.619228300587382e-4,8.023423385680434e-4,5.076567790516924e-4,8.095794943186553e-4,5.275319687088632e-4,8.218539019837216e-4,5.829032951176889e-4,8.333035430184411e-4,6.051967106533273e-4,8.891844293124753e-4,6.491549804849776e-4,9.89523347527346e-4,7.03953468248544e-4,0.0010903350110849177,7.990801646206177e-4,0.001178207681691557,8.31042961954476e-4,0.0012732686566273436,9.117664640994436e-4,0.0013507787207101844,9.642256838600444e-4,0.0014136673451418242,0.0010106865598761385,0.001521529822119532,0.0010981080487793783,0.0016727343748762303,0.001203629395885425,0.0017967729530103914,0.0012953465445939758,0.001913376599026385,0.0014358985628008464,0.002055333276990751,0.0015735104370287044,0.002099904796963968,0.0016943315118074147,0.002167711100322746,0.0018128251983339373,0.004001936203541896,0.0020167751973206322,0.0042794294101246464,0.002117620421302164,0.004643428920153118,0.002248205624270575,0.005013633312955551,0.0024061387946807005,0.005540601555839511,0.0026199172357244368,0.0059573299509552155,0.0027308867213389075,0.006215009347689263,0.0029698511286606836,0.006716811973410769,0.0032266303351155923,0.007155659002667231,0.003480656547474378,0.0076816044843267045,0.0037950510168406146,0.008281515732786335,0.004087394586470372,0.008735775587747806,0.004445140536200249,0.00920564774997842,0.004796153478599667,0.009892761682653803,0.005123472419402112,0.010825041623657635,0.005483694141006709,0.013685163930808278,0.009472095605729201,0.014645738767367623,0.010922907810362982,0.015837782238344787,0.010815754563702462,0.01693420041687521,0.010415934419428997,0.018352786817068225,0.010936762171112124,0.01958405774053704,0.01162891652534209,0.02100518258437636,0.01261719494440787,0.025292975476331976,0.01378905568341661,0.024997799724210644,0.015216367371293851,0.026365221247914634,0.01661463205332856,0.02897171062906278,0.018273973504407088,0.03168595021198301,0.019930645150827375,0.03459061422484804,0.02187396736202269,0.03768301512089386,0.024037336036177647,0.04105061558704491,0.026476395106454446,0.04600779124462508,0.030298121606822492,0.05063332885005409,0.03362242506831623,0.05572108970865698,0.03747450280495458,0.06128399839807591,0.04169332464652564,0.06741690183566489,0.04623504991841682,0.07615847384445072,0.05352524825256252,0.08408496249579389,0.059556713371387356,0.09287290120943202,0.06620363411458208,0.1025279781911377,0.07361102194432696,0.11309675149213472,0.08207142905467184,0.13095442993933487,0.09689547870302202,0.14420173932983274,0.10744843493622448,0.15831013348500717,0.11898106162904036,0.17324224767703125,0.13152708237732558,0.1889380339354866,0.14464218880567883,0.21229119756882017,0.1668390595980216,0.22804020421125434,0.18078039412484412,0.24289497967892157,0.1942732048267831,0.2565212070704689,0.20703927203802802,0.26859356276400653,0.21879447446349282,0.28452580964988994,0.23465721086420413,0.2980405255946334,0.24808510364412067,0.3121959039815865,0.2622802082297586,0.32654462048186955,0.27728805147552327,0.34203632713750115,0.29315500332571676,0.3623149153315848,0.31362101056075625,0.37984196520205726,0.3316791530516857,0.3982711720558723,0.3507759822949764,0.4178111011124806,0.3709738869429615,0.4387867334494508,0.3923638841733922,0.4675171937513863,0.4207066380829487,0.4920187410044942,0.44521134977856686,0.5191859407438983,0.4711478823023714,0.5487146449346594,0.4989400282211062,0.5804244179129475,0.5287349551585994,0.6200198634310945,0.5639683346469772,0.6573711154787953,0.5965462651388053,0.6991692759550894,0.6302103891441797,0.7466929786051791,0.666572239755721,1,1
31852,2019,2,1,7.55242245540514e-4,4.1078172618368294e-4,7.792043540229227e-4,4.619228300587382e-4,8.023423385680434e-4,5.076567790516924e-4,8.095794943186553e-4,5.275319687088632e-4,8.218539019837216e-4,5.829032951176889e-4,8.333035430184411e-4,6.051967106533273e-4,8.891844293124753e-4,6.491549804849776e-4,9.89523347527346e-4,7.03953468248544e-4,0.0010903350110849177,7.990801646206177e-4,0.001178207681691557,8.31042961954476e-4,0.0012732686566273436,9.117664640994436e-4,0.0013507787207101844,9.642256838600444e-4,0.0014136673451418242,0.0010106865598761385,0.001521529822119532,0.0010981080487793783,0.0016727343748762303,0.001203629395885425,0.0017967729530103914,0.0012953465445939758,0.001913376599026385,0.0014358985628008464,0.002055333276990751,0.0015735104370287044,0.002099904796963968,0.0016943315118074147,0.002167711100322746,0.0018128251983339373,0.004001936203541896,0.0020167751973206322,0.0042794294101246464,0.002117620421302164,0.004643428920153118,0.002248205624270575,0.005013633312955551,0.0024061387946807005,0.005540601555839511,0.0026199172357244368,0.0059573299509552155,0.0027308867213389075,0.006215009347689263,0.0029698511286606836,0.006716811973410769,0.0032266303351155923,0.007155659002667231,0.003480656547474378,0.0076816044843267045,0.0037950510168406146,0.008281515732786335,0.004087394586470372,0.008735775587747806,0.004445140536200249,0.00920564774997842,0.004796153478599667,0.009892761682653803,0.005123472419402112,0.010825041623657635,0.005483694141006709,0.013685163930808278,0.009472095605729201,0.014645738767367623,0.010922907810362982,0.015837782238344787,0.010815754563702462,0.01693420041687521,0.010415934419428997,0.018352786817068225,0.010936762171112124,0.01958405774053704,0.01162891652534209,0.02100518258437636,0.01261719494440787,0.025292975476331976,0.01378905568341661,0.024997799724210644,0.015216367371293851,0.026365221247914634,0.01661463205332856,0.02897171062906278,0.018273973504407088,0.03168595021198301,0.019930645150827375,0.03459061422484804,0.02187396736202269,0.03768301512089386,0.024037336036177647,0.04105061558704491,0.026476395106454446,0.04600779124462508,0.030298121606822492,0.05063332885005409,0.03362242506831623,0.05572108970865698,0.03747450280495458,0.06128399839807591,0.04169332464652564,0.06741690183566489,0.04623504991841682,0.07615847384445072,0.05352524825256252,0.08408496249579389,0.059556713371387356,0.09287290120943202,0.06620363411458208,0.1025279781911377,0.07361102194432696,0.11309675149213472,0.08207142905467184,0.13095442993933487,0.09689547870302202,0.14420173932983274,0.10744843493622448,0.15831013348500717,0.11898106162904036,0.17324224767703125,0.13152708237732558,0.1889380339354866,0.14464218880567883,0.21229119756882017,0.1668390595980216,0.22804020421125434,0.18078039412484412,0.24289497967892157,0.1942732048267831,0.2565212070704689,0.20703927203802802,0.26859356276400653,0.21879447446349282,0.28452580964988994,0.23465721086420413,0.2980405255946334,0.24808510364412067,0.3121959039815865,0.2622802082297586,0.32654462048186955,0.27728805147552327,0.34203632713750115,0.29315500332571676,0.3623149153315848,0.31362101056075625,0.37984196520205726,0.3316791530516857,0.3982711720558723,0.3507759822949764,0.4178111011124806,0.3709738869429615,0.4387867334494508,0.3923638841733922,0.4675171937513863,0.4207066380829487,0.4920187410044942,0.44521134977856686,0.5191859407438983,0.4711478823023714,0.5487146449346594,0.4989400282211062,0.5804244179129475,0.5287349551585994,0.6200198634310945,0.5639683346469772,0.6573711154787953,0.5965462651388053,0.6991692759550894,0.6302103891441797,0.7466929786051791,0.666572239755721,1,1
31853,2019,2,1,7.55242245540514e-4,4.1078172618368294e-4,7.792043540229227e-4,4.619228300587382e-4,8.023423385680434e-4,5.076567790516924e-4,8.095794943186553e-4,5.275319687088632e-4,8.218539019837216e-4,5.829032951176889e-4,8.333035430184411e-4,6.051967106533273e-4,8.891844293124753e-4,6.491549804849776e-4,9.89523347527346e-4,7.03953468248544e-4,0.0010903350110849177,7.990801646206177e-4,0.001178207681691557,8.31042961954476e-4,0.0012732686566273436,9.117664640994436e-4,0.0013507787207101844,9.642256838600444e-4,0.0014136673451418242,0.0010106865598761385,0.001521529822119532,0.0010981080487793783,0.0016727343748762303,0.001203629395885425,0.0017967729530103914,0.0012953465445939758,0.001913376599026385,0.0014358985628008464,0.002055333276990751,0.0015735104370287044,0.002099904796963968,0.0016943315118074147,0.002167711100322746,0.0018128251983339373,0.004001936203541896,0.0020167751973206322,0.0042794294101246464,0.002117620421302164,0.004643428920153118,0.002248205624270575,0.005013633312955551,0.0024061387946807005,0.005540601555839511,0.0026199172357244368,0.0059573299509552155,0.0027308867213389075,0.006215009347689263,0.0029698511286606836,0.006716811973410769,0.0032266303351155923,0.007155659002667231,0.003480656547474378,0.0076816044843267045,0.0037950510168406146,0.008281515732786335,0.004087394586470372,0.008735775587747806,0.004445140536200249,0.00920564774997842,0.004796153478599667,0.009892761682653803,0.005123472419402112,0.010825041623657635,0.005483694141006709,0.013685163930808278,0.009472095605729201,0.014645738767367623,0.010922907810362982,0.015837782238344787,0.010815754563702462,0.01693420041687521,0.010415934419428997,0.018352786817068225,0.010936762171112124,0.01958405774053704,0.01162891652534209,0.02100518258437636,0.01261719494440787,0.025292975476331976,0.01378905568341661,0.024997799724210644,0.015216367371293851,0.026365221247914634,0.01661463205332856,0.02897171062906278,0.018273973504407088,0.03168595021198301,0.019930645150827375,0.03459061422484804,0.02187396736202269,0.03768301512089386,0.024037336036177647,0.04105061558704491,0.026476395106454446,0.04600779124462508,0.030298121606822492,0.05063332885005409,0.03362242506831623,0.05572108970865698,0.03747450280495458,0.06128399839807591,0.04169332464652564,0.06741690183566489,0.04623504991841682,0.07615847384445072,0.05352524825256252,0.08408496249579389,0.059556713371387356,0.09287290120943202,0.06620363411458208,0.1025279781911377,0.07361102194432696,0.11309675149213472,0.08207142905467184,0.13095442993933487,0.09689547870302202,0.14420173932983274,0.10744843493622448,0.15831013348500717,0.11898106162904036,0.17324224767703125,0.13152708237732558,0.1889380339354866,0.14464218880567883,0.21229119756882017,0.1668390595980216,0.22804020421125434,0.18078039412484412,0.24289497967892157,0.1942732048267831,0.2565212070704689,0.20703927203802802,0.26859356276400653,0.21879447446349282,0.28452580964988994,0.23465721086420413,0.2980405255946334,0.24808510364412067,0.3121959039815865,0.2622802082297586,0.32654462048186955,0.27728805147552327,0.34203632713750115,0.29315500332571676,0.3623149153315848,0.31362101056075625,0.37984196520205726,0.3316791530516857,0.3982711720558723,0.3507759822949764,0.4178111011124806,0.3709738869429615,0.4387867334494508,0.3923638841733922,0.4675171937513863,0.4207066380829487,0.4920187410044942,0.44521134977856686,0.5191859407438983,0.4711478823023714,0.5487146449346594,0.4989400282211062,0.5804244179129475,0.5287349551585994,0.6200198634310945,0.5639683346469772,0.6573711154787953,0.5965462651388053,0.6991692759550894,0.6302103891441797,0.7466929786051791,0.666572239755721,1,1
31854,2019,2,1,7.55242245540514e-4,4.1078172618368294e-4,7.792043540229227e-4,4.619228300587382e-4,8.023423385680434e-4,5.076567790516924e-4,8.095794943186553e-4,5.275319687088632e-4,8.218539019837216e-4,5.829032951176889e-4,8.333035430184411e-4,6.051967106533273e-4,8.891844293124753e-4,6.491549804849776e-4,9.89523347527346e-4,7.03953468248544e-4,0.0010903350110849177,7.990801646206177e-4,0.001178207681691557,8.31042961954476e-4,0.0012732686566273436,9.117664640994436e-4,0.0013507787207101844,9.642256838600444e-4,0.0014136673451418242,0.0010106865598761385,0.001521529822119532,0.0010981080487793783,0.0016727343748762303,0.001203629395885425,0.0017967729530103914,0.0012953465445939758,0.001913376599026385,0.0014358985628008464,0.002055333276990751,0.0015735104370287044,0.002099904796963968,0.0016943315118074147,0.002167711100322746,0.0018128251983339373,0.004001936203541896,0.0020167751973206322,0.0042794294101246464,0.002117620421302164,0.004643428920153118,0.002248205624270575,0.005013633312955551,0.0024061387946807005,0.005540601555839511,0.0026199172357244368,0.0059573299509552155,0.0027308867213389075,0.006215009347689263,0.0029698511286606836,0.006716811973410769,0.0032266303351155923,0.007155659002667231,0.003480656547474378,0.0076816044843267045,0.0037950510168406146,0.008281515732786335,0.004087394586470372,0.008735775587747806,0.004445140536200249,0.00920564774997842,0.004796153478599667,0.009892761682653803,0.005123472419402112,0.010825041623657635,0.005483694141006709,0.013685163930808278,0.009472095605729201,0.014645738767367623,0.010922907810362982,0.015837782238344787,0.010815754563702462,0.01693420041687521,0.010415934419428997,0.018352786817068225,0.010936762171112124,0.01958405774053704,0.01162891652534209,0.02100518258437636,0.01261719494440787,0.025292975476331976,0.01378905568341661,0.024997799724210644,0.015216367371293851,0.026365221247914634,0.01661463205332856,0.02897171062906278,0.018273973504407088,0.03168595021198301,0.019930645150827375,0.03459061422484804,0.02187396736202269,0.03768301512089386,0.024037336036177647,0.04105061558704491,0.026476395106454446,0.04600779124462508,0.030298121606822492,0.05063332885005409,0.03362242506831623,0.05572108970865698,0.03747450280495458,0.06128399839807591,0.04169332464652564,0.06741690183566489,0.04623504991841682,0.07615847384445072,0.05352524825256252,0.08408496249579389,0.059556713371387356,0.09287290120943202,0.06620363411458208,0.1025279781911377,0.07361102194432696,0.11309675149213472,0.08207142905467184,0.13095442993933487,0.09689547870302202,0.14420173932983274,0.10744843493622448,0.15831013348500717,0.11898106162904036,0.17324224767703125,0.13152708237732558,0.1889380339354866,0.14464218880567883,0.21229119756882017,0.1668390595980216,0.22804020421125434,0.18078039412484412,0.24289497967892157,0.1942732048267831,0.2565212070704689,0.20703927203802802,0.26859356276400653,0.21879447446349282,0.28452580964988994,0.23465721086420413,0.2980405255946334,0.24808510364412067,0.3121959039815865,0.2622802082297586,0.32654462048186955,0.27728805147552327,0.34203632713750115,0.29315500332571676,0.3623149153315848,0.31362101056075625,0.37984196520205726,0.3316791530516857,0.3982711720558723,0.3507759822949764,0.4178111011124806,0.3709738869429615,0.4387867334494508,0.3923638841733922,0.4675171937513863,0.4207066380829487,0.4920187410044942,0.44521134977856686,0.5191859407438983,0.4711478823023714,0.5487146449346594,0.4989400282211062,0.5804244179129475,0.5287349551585994,0.6200198634310945,0.5639683346469772,0.6573711154787953,0.5965462651388053,0.6991692759550894,0.6302103891441797,0.7466929786051791,0.666572239755721,1,1
31855,2019,2,1,7.55242245540514e-4,4.1078172618368294e-4,7.792043540229227e-4,4.619228300587382e-4,8.023423385680434e-4,5.076567790516924e-4,8.095794943186553e-4,5.275319687088632e-4,8.218539019837216e-4,5.829032951176889e-4,8.333035430184411e-4,6.051967106533273e-4,8.891844293124753e-4,6.491549804849776e-4,9.89523347527346e-4,7.03953468248544e-4,0.0010903350110849177,7.990801646206177e-4,0.001178207681691557,8.31042961954476e-4,0.0012732686566273436,9.117664640994436e-4,0.0013507787207101844,9.642256838600444e-4,0.0014136673451418242,0.0010106865598761385,0.001521529822119532,0.0010981080487793783,0.0016727343748762303,0.001203629395885425,0.0017967729530103914,0.0012953465445939758,0.001913376599026385,0.0014358985628008464,0.002055333276990751,0.0015735104370287044,0.002099904796963968,0.0016943315118074147,0.002167711100322746,0.0018128251983339373,0.004001936203541896,0.0020167751973206322,0.0042794294101246464,0.002117620421302164,0.004643428920153118,0.002248205624270575,0.005013633312955551,0.0024061387946807005,0.005540601555839511,0.0026199172357244368,0.0059573299509552155,0.0027308867213389075,0.006215009347689263,0.0029698511286606836,0.006716811973410769,0.0032266303351155923,0.007155659002667231,0.003480656547474378,0.0076816044843267045,0.0037950510168406146,0.008281515732786335,0.004087394586470372,0.008735775587747806,0.004445140536200249,0.00920564774997842,0.004796153478599667,0.009892761682653803,0.005123472419402112,0.010825041623657635,0.005483694141006709,0.013685163930808278,0.009472095605729201,0.014645738767367623,0.010922907810362982,0.015837782238344787,0.010815754563702462,0.01693420041687521,0.010415934419428997,0.018352786817068225,0.010936762171112124,0.01958405774053704,0.01162891652534209,0.02100518258437636,0.01261719494440787,0.025292975476331976,0.01378905568341661,0.024997799724210644,0.015216367371293851,0.026365221247914634,0.01661463205332856,0.02897171062906278,0.018273973504407088,0.03168595021198301,0.019930645150827375,0.03459061422484804,0.02187396736202269,0.03768301512089386,0.024037336036177647,0.04105061558704491,0.026476395106454446,0.04600779124462508,0.030298121606822492,0.05063332885005409,0.03362242506831623,0.05572108970865698,0.03747450280495458,0.06128399839807591,0.04169332464652564,0.06741690183566489,0.04623504991841682,0.07615847384445072,0.05352524825256252,0.08408496249579389,0.059556713371387356,0.09287290120943202,0.06620363411458208,0.1025279781911377,0.07361102194432696,0.11309675149213472,0.08207142905467184,0.13095442993933487,0.09689547870302202,0.14420173932983274,0.10744843493622448,0.15831013348500717,0.11898106162904036,0.17324224767703125,0.13152708237732558,0.1889380339354866,0.14464218880567883,0.21229119756882017,0.1668390595980216,0.22804020421125434,0.18078039412484412,0.24289497967892157,0.1942732048267831,0.2565212070704689,0.20703927203802802,0.26859356276400653,0.21879447446349282,0.28452580964988994,0.23465721086420413,0.2980405255946334,0.24808510364412067,0.3121959039815865,0.2622802082297586,0.32654462048186955,0.27728805147552327,0.34203632713750115,0.29315500332571676,0.3623149153315848,0.31362101056075625,0.37984196520205726,0.3316791530516857,0.3982711720558723,0.3507759822949764,0.4178111011124806,0.3709738869429615,0.4387867334494508,0.3923638841733922,0.4675171937513863,0.4207066380829487,0.4920187410044942,0.44521134977856686,0.5191859407438983,0.4711478823023714,0.5487146449346594,0.4989400282211062,0.5804244179129475,0.5287349551585994,0.6200198634310945,0.5639683346469772,0.6573711154787953,0.5965462651388053,0.6991692759550894,0.6302103891441797,0.7466929786051791,0.666572239755721,1,1
32461,2019,2,1,0.003680227220800974,0.0011230762141744687,0.0037963532225020933,0.001204087585976759,0.003908378303634309,0.0013385725769521565,0.003942869526640822,0.0014390196653938751,0.004001819829447282,0.001518393885656435,0.004056670130082797,0.0016512364194495404,0.004327678228024789,0.001746799652455325,0.0048148017184945855,0.0018747609724128777,0.005303879392206453,0.002036736642831665,0.005729653553047059,0.0022716080476079866,0.006189995006984518,0.0023800801052298913,0.006564602883456142,0.002655410062126145,0.006867758957029659,0.002786520716555364,0.007388915292915375,0.002930567572438516,0.008119843213385117,0.003162061458221542,0.00871809311220783,0.0034745045866389616,0.009279459773373765,0.0037399189184637582,0.009962853650666329,0.0041348432738814375,0.010173365798794704,0.004573408301305482,0.010495743472091425,0.004908231506258736,0.009199293387217328,0.004920760173052761,0.00983274577844184,0.005436510430653332,0.010663951771286389,0.005711625835972644,0.01150819313700255,0.0060186190124890465,0.012710727044674897,0.0064457472742555436,0.013658611845784303,0.007008179488300954,0.014240309655470866,0.007364992876841913,0.015379547594299872,0.008009206285342138,0.016372360798440386,0.008650114578221648,0.01756191994634944,0.009307458960135757,0.01891750015711447,0.01021692144996839,0.019937147921873757,0.011007307564733667,0.02098918309451036,0.01197203493747435,0.022532449253796563,0.012895097786503454,0.024628508234065087,0.01374301336320305,0.020921761475307762,0.01146209695521356,0.02237756034315752,0.014371388696485689,0.024184078807158726,0.016628793416437943,0.025841198420982578,0.016527185789824022,0.027985960727604425,0.016057630716680763,0.029840556574091258,0.016711678505279038,0.03197943162158327,0.018106885580598434,0.03847302575773794,0.019715765101736813,0.037987474355944156,0.021747579205375216,0.04002397302031555,0.023733346982093926,0.04393177053862619,0.026075032815227914,0.04804755617760368,0.028439651245876257,0.052452095299880555,0.0312122496170238,0.057141312595950226,0.03429886170330774,0.062247833672282836,0.03777918037940284,0.06976473546302533,0.043131686887409655,0.07677875197386425,0.047864492086378344,0.0844936689650387,0.05334783764235868,0.09292908485055172,0.05935453939023301,0.10222882244648898,0.06581798836012391,0.11548426119340292,0.07605198080343294,0.1275037337425493,0.08462193844569722,0.14082948146998162,0.09406613881760259,0.1554701297880539,0.10459035605823469,0.17149627782877044,0.11661208567521801,0.19857508729016213,0.1373310436447671,0.21866288134032544,0.1522883257199195,0.24005639664321068,0.16863369114948168,0.2626989745268414,0.18641471776908033,0.2864995601794563,0.20500337814844272,0.3219115466936882,0.23609549373050898,0.34579283402549876,0.2558248327190222,0.36831813795400486,0.2749190076019186,0.38898051107850007,0.29298431178938683,0.4072866431181162,0.30961990201627204,0.4314457900638005,0.33192914914164445,0.4519390708155277,0.3509234105697247,0.4734038314969086,0.37100244665009446,0.4951617638773974,0.3922316769067401,0.5186528897815819,0.4146753314177582,0.5494026889493294,0.44347538476850673,0.5759801438668944,0.4690104091493713,0.603925600629068,0.49611402607536287,0.6335553208291183,0.5247818639121594,0.6653620953247177,0.5551811839294758,0.7089280416236424,0.5952984679657629,0.746081400137622,0.6300862674737532,0.787276868379366,0.667012118162559,0.832053246047247,0.7062279002108839,0.8801369263017575,0.7483467130798914,0.9401781868662255,0.7983759220025907,0.9968164246043839,0.8450754625505927,1,0.8931149812596594,0.9999999999999999,0.9449206268447446,1,1
32462,2019,2,1,0.003680227220800974,0.0011230762141744687,0.0037963532225020933,0.001204087585976759,0.003908378303634309,0.0013385725769521565,0.003942869526640822,0.0014390196653938751,0.004001819829447282,0.001518393885656435,0.004056670130082797,0.0016512364194495404,0.004327678228024789,0.001746799652455325,0.0048148017184945855,0.0018747609724128777,0.005303879392206453,0.002036736642831665,0.005729653553047059,0.0022716080476079866,0.006189995006984518,0.0023800801052298913,0.006564602883456142,0.002655410062126145,0.006867758957029659,0.002786520716555364,0.007388915292915375,0.002930567572438516,0.008119843213385117,0.003162061458221542,0.00871809311220783,0.0034745045866389616,0.009279459773373765,0.0037399189184637582,0.009962853650666329,0.0041348432738814375,0.010173365798794704,0.004573408301305482,0.010495743472091425,0.004908231506258736,0.009199293387217328,0.004920760173052761,0.00983274577844184,0.005436510430653332,0.010663951771286389,0.005711625835972644,0.01150819313700255,0.0060186190124890465,0.012710727044674897,0.0064457472742555436,0.013658611845784303,0.007008179488300954,0.014240309655470866,0.007364992876841913,0.015379547594299872,0.008009206285342138,0.016372360798440386,0.008650114578221648,0.01756191994634944,0.009307458960135757,0.01891750015711447,0.01021692144996839,0.019937147921873757,0.011007307564733667,0.02098918309451036,0.01197203493747435,0.022532449253796563,0.012895097786503454,0.024628508234065087,0.01374301336320305,0.020921761475307762,0.01146209695521356,0.02237756034315752,0.014371388696485689,0.024184078807158726,0.016628793416437943,0.025841198420982578,0.016527185789824022,0.027985960727604425,0.016057630716680763,0.029840556574091258,0.016711678505279038,0.03197943162158327,0.018106885580598434,0.03847302575773794,0.019715765101736813,0.037987474355944156,0.021747579205375216,0.04002397302031555,0.023733346982093926,0.04393177053862619,0.026075032815227914,0.04804755617760368,0.028439651245876257,0.052452095299880555,0.0312122496170238,0.057141312595950226,0.03429886170330774,0.062247833672282836,0.03777918037940284,0.06976473546302533,0.043131686887409655,0.07677875197386425,0.047864492086378344,0.0844936689650387,0.05334783764235868,0.09292908485055172,0.05935453939023301,0.10222882244648898,0.06581798836012391,0.11548426119340292,0.07605198080343294,0.1275037337425493,0.08462193844569722,0.14082948146998162,0.09406613881760259,0.1554701297880539,0.10459035605823469,0.17149627782877044,0.11661208567521801,0.19857508729016213,0.1373310436447671,0.21866288134032544,0.1522883257199195,0.24005639664321068,0.16863369114948168,0.2626989745268414,0.18641471776908033,0.2864995601794563,0.20500337814844272,0.3219115466936882,0.23609549373050898,0.34579283402549876,0.2558248327190222,0.36831813795400486,0.2749190076019186,0.38898051107850007,0.29298431178938683,0.4072866431181162,0.30961990201627204,0.4314457900638005,0.33192914914164445,0.4519390708155277,0.3509234105697247,0.4734038314969086,0.37100244665009446,0.4951617638773974,0.3922316769067401,0.5186528897815819,0.4146753314177582,0.5494026889493294,0.44347538476850673,0.5759801438668944,0.4690104091493713,0.603925600629068,0.49611402607536287,0.6335553208291183,0.5247818639121594,0.6653620953247177,0.5551811839294758,0.7089280416236424,0.5952984679657629,0.746081400137622,0.6300862674737532,0.787276868379366,0.667012118162559,0.832053246047247,0.7062279002108839,0.8801369263017575,0.7483467130798914,0.9401781868662255,0.7983759220025907,0.9968164246043839,0.8450754625505927,1,0.8931149812596594,0.9999999999999999,0.9449206268447446,1,1
32463,2019,2,1,0.003680227220800974,0.0011230762141744687,0.0037963532225020933,0.001204087585976759,0.003908378303634309,0.0013385725769521565,0.003942869526640822,0.0014390196653938751,0.004001819829447282,0.001518393885656435,0.004056670130082797,0.0016512364194495404,0.004327678228024789,0.001746799652455325,0.0048148017184945855,0.0018747609724128777,0.005303879392206453,0.002036736642831665,0.005729653553047059,0.0022716080476079866,0.006189995006984518,0.0023800801052298913,0.006564602883456142,0.002655410062126145,0.006867758957029659,0.002786520716555364,0.007388915292915375,0.002930567572438516,0.008119843213385117,0.003162061458221542,0.00871809311220783,0.0034745045866389616,0.009279459773373765,0.0037399189184637582,0.009962853650666329,0.0041348432738814375,0.010173365798794704,0.004573408301305482,0.010495743472091425,0.004908231506258736,0.009199293387217328,0.004920760173052761,0.00983274577844184,0.005436510430653332,0.010663951771286389,0.005711625835972644,0.01150819313700255,0.0060186190124890465,0.012710727044674897,0.0064457472742555436,0.013658611845784303,0.007008179488300954,0.014240309655470866,0.007364992876841913,0.015379547594299872,0.008009206285342138,0.016372360798440386,0.008650114578221648,0.01756191994634944,0.009307458960135757,0.01891750015711447,0.01021692144996839,0.019937147921873757,0.011007307564733667,0.02098918309451036,0.01197203493747435,0.022532449253796563,0.012895097786503454,0.024628508234065087,0.01374301336320305,0.020921761475307762,0.01146209695521356,0.02237756034315752,0.014371388696485689,0.024184078807158726,0.016628793416437943,0.025841198420982578,0.016527185789824022,0.027985960727604425,0.016057630716680763,0.029840556574091258,0.016711678505279038,0.03197943162158327,0.018106885580598434,0.03847302575773794,0.019715765101736813,0.037987474355944156,0.021747579205375216,0.04002397302031555,0.023733346982093926,0.04393177053862619,0.026075032815227914,0.04804755617760368,0.028439651245876257,0.052452095299880555,0.0312122496170238,0.057141312595950226,0.03429886170330774,0.062247833672282836,0.03777918037940284,0.06976473546302533,0.043131686887409655,0.07677875197386425,0.047864492086378344,0.0844936689650387,0.05334783764235868,0.09292908485055172,0.05935453939023301,0.10222882244648898,0.06581798836012391,0.11548426119340292,0.07605198080343294,0.1275037337425493,0.08462193844569722,0.14082948146998162,0.09406613881760259,0.1554701297880539,0.10459035605823469,0.17149627782877044,0.11661208567521801,0.19857508729016213,0.1373310436447671,0.21866288134032544,0.1522883257199195,0.24005639664321068,0.16863369114948168,0.2626989745268414,0.18641471776908033,0.2864995601794563,0.20500337814844272,0.3219115466936882,0.23609549373050898,0.34579283402549876,0.2558248327190222,0.36831813795400486,0.2749190076019186,0.38898051107850007,0.29298431178938683,0.4072866431181162,0.30961990201627204,0.4314457900638005,0.33192914914164445,0.4519390708155277,0.3509234105697247,0.4734038314969086,0.37100244665009446,0.4951617638773974,0.3922316769067401,0.5186528897815819,0.4146753314177582,0.5494026889493294,0.44347538476850673,0.5759801438668944,0.4690104091493713,0.603925600629068,0.49611402607536287,0.6335553208291183,0.5247818639121594,0.6653620953247177,0.5551811839294758,0.7089280416236424,0.5952984679657629,0.746081400137622,0.6300862674737532,0.787276868379366,0.667012118162559,0.832053246047247,0.7062279002108839,0.8801369263017575,0.7483467130798914,0.9401781868662255,0.7983759220025907,0.9968164246043839,0.8450754625505927,1,0.8931149812596594,0.9999999999999999,0.9449206268447446,1,1
32464,2019,2,1,0.003680227220800974,0.0011230762141744687,0.0037963532225020933,0.001204087585976759,0.003908378303634309,0.0013385725769521565,0.003942869526640822,0.0014390196653938751,0.004001819829447282,0.001518393885656435,0.004056670130082797,0.0016512364194495404,0.004327678228024789,0.001746799652455325,0.0048148017184945855,0.0018747609724128777,0.005303879392206453,0.002036736642831665,0.005729653553047059,0.0022716080476079866,0.006189995006984518,0.0023800801052298913,0.006564602883456142,0.002655410062126145,0.006867758957029659,0.002786520716555364,0.007388915292915375,0.002930567572438516,0.008119843213385117,0.003162061458221542,0.00871809311220783,0.0034745045866389616,0.009279459773373765,0.0037399189184637582,0.009962853650666329,0.0041348432738814375,0.010173365798794704,0.004573408301305482,0.010495743472091425,0.004908231506258736,0.009199293387217328,0.004920760173052761,0.00983274577844184,0.005436510430653332,0.010663951771286389,0.005711625835972644,0.01150819313700255,0.0060186190124890465,0.012710727044674897,0.0064457472742555436,0.013658611845784303,0.007008179488300954,0.014240309655470866,0.007364992876841913,0.015379547594299872,0.008009206285342138,0.016372360798440386,0.008650114578221648,0.01756191994634944,0.009307458960135757,0.01891750015711447,0.01021692144996839,0.019937147921873757,0.011007307564733667,0.02098918309451036,0.01197203493747435,0.022532449253796563,0.012895097786503454,0.024628508234065087,0.01374301336320305,0.020921761475307762,0.01146209695521356,0.02237756034315752,0.014371388696485689,0.024184078807158726,0.016628793416437943,0.025841198420982578,0.016527185789824022,0.027985960727604425,0.016057630716680763,0.029840556574091258,0.016711678505279038,0.03197943162158327,0.018106885580598434,0.03847302575773794,0.019715765101736813,0.037987474355944156,0.021747579205375216,0.04002397302031555,0.023733346982093926,0.04393177053862619,0.026075032815227914,0.04804755617760368,0.028439651245876257,0.052452095299880555,0.0312122496170238,0.057141312595950226,0.03429886170330774,0.062247833672282836,0.03777918037940284,0.06976473546302533,0.043131686887409655,0.07677875197386425,0.047864492086378344,0.0844936689650387,0.05334783764235868,0.09292908485055172,0.05935453939023301,0.10222882244648898,0.06581798836012391,0.11548426119340292,0.07605198080343294,0.1275037337425493,0.08462193844569722,0.14082948146998162,0.09406613881760259,0.1554701297880539,0.10459035605823469,0.17149627782877044,0.11661208567521801,0.19857508729016213,0.1373310436447671,0.21866288134032544,0.1522883257199195,0.24005639664321068,0.16863369114948168,0.2626989745268414,0.18641471776908033,0.2864995601794563,0.20500337814844272,0.3219115466936882,0.23609549373050898,0.34579283402549876,0.2558248327190222,0.36831813795400486,0.2749190076019186,0.38898051107850007,0.29298431178938683,0.4072866431181162,0.30961990201627204,0.4314457900638005,0.33192914914164445,0.4519390708155277,0.3509234105697247,0.4734038314969086,0.37100244665009446,0.4951617638773974,0.3922316769067401,0.5186528897815819,0.4146753314177582,0.5494026889493294,0.44347538476850673,0.5759801438668944,0.4690104091493713,0.603925600629068,0.49611402607536287,0.6335553208291183,0.5247818639121594,0.6653620953247177,0.5551811839294758,0.7089280416236424,0.5952984679657629,0.746081400137622,0.6300862674737532,0.787276868379366,0.667012118162559,0.832053246047247,0.7062279002108839,0.8801369263017575,0.7483467130798914,0.9401781868662255,0.7983759220025907,0.9968164246043839,0.8450754625505927,1,0.8931149812596594,0.9999999999999999,0.9449206268447446,1,1
32465,2019,2,1,0.003680227220800974,0.0011230762141744687,0.0037963532225020933,0.001204087585976759,0.003908378303634309,0.0013385725769521565,0.003942869526640822,0.0014390196653938751,0.004001819829447282,0.001518393885656435,0.004056670130082797,0.0016512364194495404,0.004327678228024789,0.001746799652455325,0.0048148017184945855,0.0018747609724128777,0.005303879392206453,0.002036736642831665,0.005729653553047059,0.0022716080476079866,0.006189995006984518,0.0023800801052298913,0.006564602883456142,0.002655410062126145,0.006867758957029659,0.002786520716555364,0.007388915292915375,0.002930567572438516,0.008119843213385117,0.003162061458221542,0.00871809311220783,0.0034745045866389616,0.009279459773373765,0.0037399189184637582,0.009962853650666329,0.0041348432738814375,0.010173365798794704,0.004573408301305482,0.010495743472091425,0.004908231506258736,0.009199293387217328,0.004920760173052761,0.00983274577844184,0.005436510430653332,0.010663951771286389,0.005711625835972644,0.01150819313700255,0.0060186190124890465,0.012710727044674897,0.0064457472742555436,0.013658611845784303,0.007008179488300954,0.014240309655470866,0.007364992876841913,0.015379547594299872,0.008009206285342138,0.016372360798440386,0.008650114578221648,0.01756191994634944,0.009307458960135757,0.01891750015711447,0.01021692144996839,0.019937147921873757,0.011007307564733667,0.02098918309451036,0.01197203493747435,0.022532449253796563,0.012895097786503454,0.024628508234065087,0.01374301336320305,0.020921761475307762,0.01146209695521356,0.02237756034315752,0.014371388696485689,0.024184078807158726,0.016628793416437943,0.025841198420982578,0.016527185789824022,0.027985960727604425,0.016057630716680763,0.029840556574091258,0.016711678505279038,0.03197943162158327,0.018106885580598434,0.03847302575773794,0.019715765101736813,0.037987474355944156,0.021747579205375216,0.04002397302031555,0.023733346982093926,0.04393177053862619,0.026075032815227914,0.04804755617760368,0.028439651245876257,0.052452095299880555,0.0312122496170238,0.057141312595950226,0.03429886170330774,0.062247833672282836,0.03777918037940284,0.06976473546302533,0.043131686887409655,0.07677875197386425,0.047864492086378344,0.0844936689650387,0.05334783764235868,0.09292908485055172,0.05935453939023301,0.10222882244648898,0.06581798836012391,0.11548426119340292,0.07605198080343294,0.1275037337425493,0.08462193844569722,0.14082948146998162,0.09406613881760259,0.1554701297880539,0.10459035605823469,0.17149627782877044,0.11661208567521801,0.19857508729016213,0.1373310436447671,0.21866288134032544,0.1522883257199195,0.24005639664321068,0.16863369114948168,0.2626989745268414,0.18641471776908033,0.2864995601794563,0.20500337814844272,0.3219115466936882,0.23609549373050898,0.34579283402549876,0.2558248327190222,0.36831813795400486,0.2749190076019186,0.38898051107850007,0.29298431178938683,0.4072866431181162,0.30961990201627204,0.4314457900638005,0.33192914914164445,0.4519390708155277,0.3509234105697247,0.4734038314969086,0.37100244665009446,0.4951617638773974,0.3922316769067401,0.5186528897815819,0.4146753314177582,0.5494026889493294,0.44347538476850673,0.5759801438668944,0.4690104091493713,0.603925600629068,0.49611402607536287,0.6335553208291183,0.5247818639121594,0.6653620953247177,0.5551811839294758,0.7089280416236424,0.5952984679657629,0.746081400137622,0.6300862674737532,0.787276868379366,0.667012118162559,0.832053246047247,0.7062279002108839,0.8801369263017575,0.7483467130798914,0.9401781868662255,0.7983759220025907,0.9968164246043839,0.8450754625505927,1,0.8931149812596594,0.9999999999999999,0.9449206268447446,1,1
33421,2019,2,1,0.0010444426293043077,3.70446841621139e-4,0.0010495385745842867,3.794928020413131e-4,0.0010463395666924892,3.8440427206971e-4,0.0010442558905723034,3.881900321751195e-4,0.001082051902689413,4.013831637095177e-4,0.0011907605671137567,4.202240408495531e-4,0.0013510290653232484,4.371898438881109e-4,0.0014504214503319776,4.797487775872037e-4,0.001579787152758382,5.061387844120373e-4,0.0016355085833785683,5.408190828208343e-4,0.0017040235529453467,5.638448761084763e-4,0.0018441164946499558,6.090936377765959e-4,0.001993728810290926,6.746940920280354e-4,0.0021628613608274698,7.177303927633144e-4,0.0022877297222050302,7.954422903726468e-4,0.002433246286433348,8.475806729395759e-4,0.0024806278462484606,9.336664562434675e-4,0.0024964361588828573,9.941825280952623e-4,0.002638428307929645,0.0011037560802776947,0.002831164890055245,0.001202103383903331,0.003414090862162202,0.0018514784366603508,0.0036643318125335464,0.002047295167534421,0.003997495755395483,0.002245963409522296,0.0042902304305469235,0.0024475010541827927,0.0045548722699717175,0.0026251577124904186,0.00493721155853503,0.002829210702854782,0.005211846531909151,0.003038385698713922,0.005565403827192448,0.003362632128802575,0.005964011351683782,0.0036155606968003165,0.006386743489094242,0.003937781906959132,0.006772389090529669,0.004198569486274442,0.007236199963386105,0.004617562087714539,0.007845354964305627,0.004862913384602796,0.008486067541526787,0.005271141882341823,0.009133678259779806,0.005618719172990178,0.014015734504768432,0.008552633743817796,0.01486957968649329,0.009395369588807378,0.01594112028883856,0.009931400360988944,0.017055688817888038,0.010747768138822023,0.01805579618823767,0.011630316765417387,0.022777643294981335,0.012467973297163457,0.023709296468838223,0.013721581395202987,0.02386285813602792,0.015021512431195918,0.02461625651293501,0.016581179024781737,0.026322600578902806,0.017937328531978696,0.02874180991163238,0.019704816867092422,0.031125818468868343,0.021668152998645888,0.033889975018185525,0.023835999029032946,0.03694426750628656,0.02867005404004707,0.04030966961549317,0.029479051030184313,0.04507768672996509,0.03236357094869588,0.049423608487712274,0.03599243797281021,0.05432620673041522,0.03994975549846025,0.059809950754115965,0.044151832001321355,0.06595960919153142,0.04875660480171181,0.07507616977404075,0.054743844915366977,0.08289585766632346,0.0608303244593107,0.09161304438128995,0.06776083318415543,0.1009926498962509,0.07557142294506215,0.11127499765447604,0.08423364589578565,0.12877578774509446,0.097063577126121,0.1419656122151686,0.1079573632754957,0.15623995084196185,0.11965418651612772,0.17153063915792863,0.13208067053329237,0.1870703899514659,0.14517117739555863,0.2122868734261885,0.16294081351546139,0.22801626126405136,0.1765248142328615,0.24283678953463952,0.18970143135825512,0.25641287932080536,0.20218890553424937,0.2684159429328419,0.21372353099634533,0.28456830003085953,0.2279830712334731,0.29801330430251477,0.24108869916544404,0.3120936363678321,0.2549468552313213,0.3268390089434339,0.2696004601882901,0.3422808825528031,0.28509548588235323,0.3621097513811327,0.3041181077458228,0.37939201481613744,0.3217077217211758,0.3975726322886515,0.34031242346053414,0.4167823162887155,0.3599933612102311,0.43722921629676087,0.3802616730789835,0.46462490978365173,0.40660289267950867,0.48831973981081556,0.4302482381793851,0.5139494012462529,0.45526934808238023,0.5418849263259018,0.4818767593012488,0.572665567879477,0.5102486854624477,0.6103486188851489,0.5426307770985157,0.6479636794679835,0.5725038014428238,0.6888427871650238,0.604155780769571,0.7345818231104997,0.6383968269191933,1,1
33422,2019,2,1,0.0010444426293043077,3.70446841621139e-4,0.0010495385745842867,3.794928020413131e-4,0.0010463395666924892,3.8440427206971e-4,0.0010442558905723034,3.881900321751195e-4,0.001082051902689413,4.013831637095177e-4,0.0011907605671137567,4.202240408495531e-4,0.0013510290653232484,4.371898438881109e-4,0.0014504214503319776,4.797487775872037e-4,0.001579787152758382,5.061387844120373e-4,0.0016355085833785683,5.408190828208343e-4,0.0017040235529453467,5.638448761084763e-4,0.0018441164946499558,6.090936377765959e-4,0.001993728810290926,6.746940920280354e-4,0.0021628613608274698,7.177303927633144e-4,0.0022877297222050302,7.954422903726468e-4,0.002433246286433348,8.475806729395759e-4,0.0024806278462484606,9.336664562434675e-4,0.0024964361588828573,9.941825280952623e-4,0.002638428307929645,0.0011037560802776947,0.002831164890055245,0.001202103383903331,0.003414090862162202,0.0018514784366603508,0.0036643318125335464,0.002047295167534421,0.003997495755395483,0.002245963409522296,0.0042902304305469235,0.0024475010541827927,0.0045548722699717175,0.0026251577124904186,0.00493721155853503,0.002829210702854782,0.005211846531909151,0.003038385698713922,0.005565403827192448,0.003362632128802575,0.005964011351683782,0.0036155606968003165,0.006386743489094242,0.003937781906959132,0.006772389090529669,0.004198569486274442,0.007236199963386105,0.004617562087714539,0.007845354964305627,0.004862913384602796,0.008486067541526787,0.005271141882341823,0.009133678259779806,0.005618719172990178,0.014015734504768432,0.008552633743817796,0.01486957968649329,0.009395369588807378,0.01594112028883856,0.009931400360988944,0.017055688817888038,0.010747768138822023,0.01805579618823767,0.011630316765417387,0.022777643294981335,0.012467973297163457,0.023709296468838223,0.013721581395202987,0.02386285813602792,0.015021512431195918,0.02461625651293501,0.016581179024781737,0.026322600578902806,0.017937328531978696,0.02874180991163238,0.019704816867092422,0.031125818468868343,0.021668152998645888,0.033889975018185525,0.023835999029032946,0.03694426750628656,0.02867005404004707,0.04030966961549317,0.029479051030184313,0.04507768672996509,0.03236357094869588,0.049423608487712274,0.03599243797281021,0.05432620673041522,0.03994975549846025,0.059809950754115965,0.044151832001321355,0.06595960919153142,0.04875660480171181,0.07507616977404075,0.054743844915366977,0.08289585766632346,0.0608303244593107,0.09161304438128995,0.06776083318415543,0.1009926498962509,0.07557142294506215,0.11127499765447604,0.08423364589578565,0.12877578774509446,0.097063577126121,0.1419656122151686,0.1079573632754957,0.15623995084196185,0.11965418651612772,0.17153063915792863,0.13208067053329237,0.1870703899514659,0.14517117739555863,0.2122868734261885,0.16294081351546139,0.22801626126405136,0.1765248142328615,0.24283678953463952,0.18970143135825512,0.25641287932080536,0.20218890553424937,0.2684159429328419,0.21372353099634533,0.28456830003085953,0.2279830712334731,0.29801330430251477,0.24108869916544404,0.3120936363678321,0.2549468552313213,0.3268390089434339,0.2696004601882901,0.3422808825528031,0.28509548588235323,0.3621097513811327,0.3041181077458228,0.37939201481613744,0.3217077217211758,0.3975726322886515,0.34031242346053414,0.4167823162887155,0.3599933612102311,0.43722921629676087,0.3802616730789835,0.46462490978365173,0.40660289267950867,0.48831973981081556,0.4302482381793851,0.5139494012462529,0.45526934808238023,0.5418849263259018,0.4818767593012488,0.572665567879477,0.5102486854624477,0.6103486188851489,0.5426307770985157,0.6479636794679835,0.5725038014428238,0.6888427871650238,0.604155780769571,0.7345818231104997,0.6383968269191933,1,1
33423,2019,2,1,0.0010444426293043077,3.70446841621139e-4,0.0010495385745842867,3.794928020413131e-4,0.0010463395666924892,3.8440427206971e-4,0.0010442558905723034,3.881900321751195e-4,0.001082051902689413,4.013831637095177e-4,0.0011907605671137567,4.202240408495531e-4,0.0013510290653232484,4.371898438881109e-4,0.0014504214503319776,4.797487775872037e-4,0.001579787152758382,5.061387844120373e-4,0.0016355085833785683,5.408190828208343e-4,0.0017040235529453467,5.638448761084763e-4,0.0018441164946499558,6.090936377765959e-4,0.001993728810290926,6.746940920280354e-4,0.0021628613608274698,7.177303927633144e-4,0.0022877297222050302,7.954422903726468e-4,0.002433246286433348,8.475806729395759e-4,0.0024806278462484606,9.336664562434675e-4,0.0024964361588828573,9.941825280952623e-4,0.002638428307929645,0.0011037560802776947,0.002831164890055245,0.001202103383903331,0.003414090862162202,0.0018514784366603508,0.0036643318125335464,0.002047295167534421,0.003997495755395483,0.002245963409522296,0.0042902304305469235,0.0024475010541827927,0.0045548722699717175,0.0026251577124904186,0.00493721155853503,0.002829210702854782,0.005211846531909151,0.003038385698713922,0.005565403827192448,0.003362632128802575,0.005964011351683782,0.0036155606968003165,0.006386743489094242,0.003937781906959132,0.006772389090529669,0.004198569486274442,0.007236199963386105,0.004617562087714539,0.007845354964305627,0.004862913384602796,0.008486067541526787,0.005271141882341823,0.009133678259779806,0.005618719172990178,0.014015734504768432,0.008552633743817796,0.01486957968649329,0.009395369588807378,0.01594112028883856,0.009931400360988944,0.017055688817888038,0.010747768138822023,0.01805579618823767,0.011630316765417387,0.022777643294981335,0.012467973297163457,0.023709296468838223,0.013721581395202987,0.02386285813602792,0.015021512431195918,0.02461625651293501,0.016581179024781737,0.026322600578902806,0.017937328531978696,0.02874180991163238,0.019704816867092422,0.031125818468868343,0.021668152998645888,0.033889975018185525,0.023835999029032946,0.03694426750628656,0.02867005404004707,0.04030966961549317,0.029479051030184313,0.04507768672996509,0.03236357094869588,0.049423608487712274,0.03599243797281021,0.05432620673041522,0.03994975549846025,0.059809950754115965,0.044151832001321355,0.06595960919153142,0.04875660480171181,0.07507616977404075,0.054743844915366977,0.08289585766632346,0.0608303244593107,0.09161304438128995,0.06776083318415543,0.1009926498962509,0.07557142294506215,0.11127499765447604,0.08423364589578565,0.12877578774509446,0.097063577126121,0.1419656122151686,0.1079573632754957,0.15623995084196185,0.11965418651612772,0.17153063915792863,0.13208067053329237,0.1870703899514659,0.14517117739555863,0.2122868734261885,0.16294081351546139,0.22801626126405136,0.1765248142328615,0.24283678953463952,0.18970143135825512,0.25641287932080536,0.20218890553424937,0.2684159429328419,0.21372353099634533,0.28456830003085953,0.2279830712334731,0.29801330430251477,0.24108869916544404,0.3120936363678321,0.2549468552313213,0.3268390089434339,0.2696004601882901,0.3422808825528031,0.28509548588235323,0.3621097513811327,0.3041181077458228,0.37939201481613744,0.3217077217211758,0.3975726322886515,0.34031242346053414,0.4167823162887155,0.3599933612102311,0.43722921629676087,0.3802616730789835,0.46462490978365173,0.40660289267950867,0.48831973981081556,0.4302482381793851,0.5139494012462529,0.45526934808238023,0.5418849263259018,0.4818767593012488,0.572665567879477,0.5102486854624477,0.6103486188851489,0.5426307770985157,0.6479636794679835,0.5725038014428238,0.6888427871650238,0.604155780769571,0.7345818231104997,0.6383968269191933,1,1
33424,2019,2,1,0.0010444426293043077,3.70446841621139e-4,0.0010495385745842867,3.794928020413131e-4,0.0010463395666924892,3.8440427206971e-4,0.0010442558905723034,3.881900321751195e-4,0.001082051902689413,4.013831637095177e-4,0.0011907605671137567,4.202240408495531e-4,0.0013510290653232484,4.371898438881109e-4,0.0014504214503319776,4.797487775872037e-4,0.001579787152758382,5.061387844120373e-4,0.0016355085833785683,5.408190828208343e-4,0.0017040235529453467,5.638448761084763e-4,0.0018441164946499558,6.090936377765959e-4,0.001993728810290926,6.746940920280354e-4,0.0021628613608274698,7.177303927633144e-4,0.0022877297222050302,7.954422903726468e-4,0.002433246286433348,8.475806729395759e-4,0.0024806278462484606,9.336664562434675e-4,0.0024964361588828573,9.941825280952623e-4,0.002638428307929645,0.0011037560802776947,0.002831164890055245,0.001202103383903331,0.003414090862162202,0.0018514784366603508,0.0036643318125335464,0.002047295167534421,0.003997495755395483,0.002245963409522296,0.0042902304305469235,0.0024475010541827927,0.0045548722699717175,0.0026251577124904186,0.00493721155853503,0.002829210702854782,0.005211846531909151,0.003038385698713922,0.005565403827192448,0.003362632128802575,0.005964011351683782,0.0036155606968003165,0.006386743489094242,0.003937781906959132,0.006772389090529669,0.004198569486274442,0.007236199963386105,0.004617562087714539,0.007845354964305627,0.004862913384602796,0.008486067541526787,0.005271141882341823,0.009133678259779806,0.005618719172990178,0.014015734504768432,0.008552633743817796,0.01486957968649329,0.009395369588807378,0.01594112028883856,0.009931400360988944,0.017055688817888038,0.010747768138822023,0.01805579618823767,0.011630316765417387,0.022777643294981335,0.012467973297163457,0.023709296468838223,0.013721581395202987,0.02386285813602792,0.015021512431195918,0.02461625651293501,0.016581179024781737,0.026322600578902806,0.017937328531978696,0.02874180991163238,0.019704816867092422,0.031125818468868343,0.021668152998645888,0.033889975018185525,0.023835999029032946,0.03694426750628656,0.02867005404004707,0.04030966961549317,0.029479051030184313,0.04507768672996509,0.03236357094869588,0.049423608487712274,0.03599243797281021,0.05432620673041522,0.03994975549846025,0.059809950754115965,0.044151832001321355,0.06595960919153142,0.04875660480171181,0.07507616977404075,0.054743844915366977,0.08289585766632346,0.0608303244593107,0.09161304438128995,0.06776083318415543,0.1009926498962509,0.07557142294506215,0.11127499765447604,0.08423364589578565,0.12877578774509446,0.097063577126121,0.1419656122151686,0.1079573632754957,0.15623995084196185,0.11965418651612772,0.17153063915792863,0.13208067053329237,0.1870703899514659,0.14517117739555863,0.2122868734261885,0.16294081351546139,0.22801626126405136,0.1765248142328615,0.24283678953463952,0.18970143135825512,0.25641287932080536,0.20218890553424937,0.2684159429328419,0.21372353099634533,0.28456830003085953,0.2279830712334731,0.29801330430251477,0.24108869916544404,0.3120936363678321,0.2549468552313213,0.3268390089434339,0.2696004601882901,0.3422808825528031,0.28509548588235323,0.3621097513811327,0.3041181077458228,0.37939201481613744,0.3217077217211758,0.3975726322886515,0.34031242346053414,0.4167823162887155,0.3599933612102311,0.43722921629676087,0.3802616730789835,0.46462490978365173,0.40660289267950867,0.48831973981081556,0.4302482381793851,0.5139494012462529,0.45526934808238023,0.5418849263259018,0.4818767593012488,0.572665567879477,0.5102486854624477,0.6103486188851489,0.5426307770985157,0.6479636794679835,0.5725038014428238,0.6888427871650238,0.604155780769571,0.7345818231104997,0.6383968269191933,1,1
33425,2019,2,1,0.0010444426293043077,3.70446841621139e-4,0.0010495385745842867,3.794928020413131e-4,0.0010463395666924892,3.8440427206971e-4,0.0010442558905723034,3.881900321751195e-4,0.001082051902689413,4.013831637095177e-4,0.0011907605671137567,4.202240408495531e-4,0.0013510290653232484,4.371898438881109e-4,0.0014504214503319776,4.797487775872037e-4,0.001579787152758382,5.061387844120373e-4,0.0016355085833785683,5.408190828208343e-4,0.0017040235529453467,5.638448761084763e-4,0.0018441164946499558,6.090936377765959e-4,0.001993728810290926,6.746940920280354e-4,0.0021628613608274698,7.177303927633144e-4,0.0022877297222050302,7.954422903726468e-4,0.002433246286433348,8.475806729395759e-4,0.0024806278462484606,9.336664562434675e-4,0.0024964361588828573,9.941825280952623e-4,0.002638428307929645,0.0011037560802776947,0.002831164890055245,0.001202103383903331,0.003414090862162202,0.0018514784366603508,0.0036643318125335464,0.002047295167534421,0.003997495755395483,0.002245963409522296,0.0042902304305469235,0.0024475010541827927,0.0045548722699717175,0.0026251577124904186,0.00493721155853503,0.002829210702854782,0.005211846531909151,0.003038385698713922,0.005565403827192448,0.003362632128802575,0.005964011351683782,0.0036155606968003165,0.006386743489094242,0.003937781906959132,0.006772389090529669,0.004198569486274442,0.007236199963386105,0.004617562087714539,0.007845354964305627,0.004862913384602796,0.008486067541526787,0.005271141882341823,0.009133678259779806,0.005618719172990178,0.014015734504768432,0.008552633743817796,0.01486957968649329,0.009395369588807378,0.01594112028883856,0.009931400360988944,0.017055688817888038,0.010747768138822023,0.01805579618823767,0.011630316765417387,0.022777643294981335,0.012467973297163457,0.023709296468838223,0.013721581395202987,0.02386285813602792,0.015021512431195918,0.02461625651293501,0.016581179024781737,0.026322600578902806,0.017937328531978696,0.02874180991163238,0.019704816867092422,0.031125818468868343,0.021668152998645888,0.033889975018185525,0.023835999029032946,0.03694426750628656,0.02867005404004707,0.04030966961549317,0.029479051030184313,0.04507768672996509,0.03236357094869588,0.049423608487712274,0.03599243797281021,0.05432620673041522,0.03994975549846025,0.059809950754115965,0.044151832001321355,0.06595960919153142,0.04875660480171181,0.07507616977404075,0.054743844915366977,0.08289585766632346,0.0608303244593107,0.09161304438128995,0.06776083318415543,0.1009926498962509,0.07557142294506215,0.11127499765447604,0.08423364589578565,0.12877578774509446,0.097063577126121,0.1419656122151686,0.1079573632754957,0.15623995084196185,0.11965418651612772,0.17153063915792863,0.13208067053329237,0.1870703899514659,0.14517117739555863,0.2122868734261885,0.16294081351546139,0.22801626126405136,0.1765248142328615,0.24283678953463952,0.18970143135825512,0.25641287932080536,0.20218890553424937,0.2684159429328419,0.21372353099634533,0.28456830003085953,0.2279830712334731,0.29801330430251477,0.24108869916544404,0.3120936363678321,0.2549468552313213,0.3268390089434339,0.2696004601882901,0.3422808825528031,0.28509548588235323,0.3621097513811327,0.3041181077458228,0.37939201481613744,0.3217077217211758,0.3975726322886515,0.34031242346053414,0.4167823162887155,0.3599933612102311,0.43722921629676087,0.3802616730789835,0.46462490978365173,0.40660289267950867,0.48831973981081556,0.4302482381793851,0.5139494012462529,0.45526934808238023,0.5418849263259018,0.4818767593012488,0.572665567879477,0.5102486854624477,0.6103486188851489,0.5426307770985157,0.6479636794679835,0.5725038014428238,0.6888427871650238,0.604155780769571,0.7345818231104997,0.6383968269191933,1,1
38291,2019,0,1,0.0026218450692753674,,0.0026288549152064934,,0.0026146603558506103,,0.002639327664512381,,0.0027576171663788456,,0.0029147581722518616,,0.003043620276651629,,0.003271386124980578,,0.0036280716358865475,,0.004115426061633188,,0.004459668006936747,,0.0046042950993231205,,0.004983778291946548,,0.00659584446528405,,0.006365925684332103,,0.0063602586999100255,,0.0064004721771602005,,0.0066984184966159405,,0.0071269303927973485,,0.007590646214550709,,0.0077179611105902025,,0.00834230418338246,,0.00898962830297303,,0.009676522118681405,,0.010497711325721363,,0.011955150127903607,,0.012903140594982076,,0.013842152819762433,,0.014748869882837525,,0.015689680182828333,,0.016898579469914656,,0.018098039441065507,,0.019291276503374307,,0.020416809944198748,,0.021462985032937688,,0.02123796178443115,,0.022353507487003512,,0.023481669336953108,,0.02464061298439912,,0.0259757695159575,,0.026980766751148386,,0.028766836007883646,,0.03089188246367224,,0.033724940729950303,,0.03654924500961975,,0.040354962084431255,,0.04368123166023649,,0.047560491470977795,,0.05184616579173235,,0.05656823602077986,,0.06738319263355072,,0.0738791622608118,,0.08120794850695255,,0.08940452966996584,,0.09859715950915916,,0.11816002188664161,,0.1304673858804448,,0.14418720685986777,,0.15894971424612803,,0.1751313411509592,,0.21682214109207343,,0.23903002905111756,,0.2630651166719836,,0.2888108096280284,,0.3149745765267508,,0.37271708398015096,,0.40033328306219945,,0.42635380550247454,,0.4501890171348095,,0.4712642744921774,,0.5052631801413193,,0.5291350357048853,,0.5541345249704138,,0.5803166138347512,,0.6077329369282688,,0.6488390996029292,,0.6797249367306993,,0.7120815280074111,,0.7459771643958112,,0.7815052453046771,,0.8361624413192945,,0.8764777751401884,,0.9192393923973844,,0.965192880996539,,0.9999999999999997,,1,,1,,0.9999999999999996,,1,,1,1
38292,2019,0,1,0.0026218450692753674,,0.0026288549152064934,,0.0026146603558506103,,0.002639327664512381,,0.0027576171663788456,,0.0029147581722518616,,0.003043620276651629,,0.003271386124980578,,0.0036280716358865475,,0.004115426061633188,,0.004459668006936747,,0.0046042950993231205,,0.004983778291946548,,0.00659584446528405,,0.006365925684332103,,0.0063602586999100255,,0.0064004721771602005,,0.0066984184966159405,,0.0071269303927973485,,0.007590646214550709,,0.0077179611105902025,,0.00834230418338246,,0.00898962830297303,,0.009676522118681405,,0.010497711325721363,,0.011955150127903607,,0.012903140594982076,,0.013842152819762433,,0.014748869882837525,,0.015689680182828333,,0.016898579469914656,,0.018098039441065507,,0.019291276503374307,,0.020416809944198748,,0.021462985032937688,,0.02123796178443115,,0.022353507487003512,,0.023481669336953108,,0.02464061298439912,,0.0259757695159575,,0.026980766751148386,,0.028766836007883646,,0.03089188246367224,,0.033724940729950303,,0.03654924500961975,,0.040354962084431255,,0.04368123166023649,,0.047560491470977795,,0.05184616579173235,,0.05656823602077986,,0.06738319263355072,,0.0738791622608118,,0.08120794850695255,,0.08940452966996584,,0.09859715950915916,,0.11816002188664161,,0.1304673858804448,,0.14418720685986777,,0.15894971424612803,,0.1751313411509592,,0.21682214109207343,,0.23903002905111756,,0.2630651166719836,,0.2888108096280284,,0.3149745765267508,,0.37271708398015096,,0.40033328306219945,,0.42635380550247454,,0.4501890171348095,,0.4712642744921774,,0.5052631801413193,,0.5291350357048853,,0.5541345249704138,,0.5803166138347512,,0.6077329369282688,,0.6488390996029292,,0.6797249367306993,,0.7120815280074111,,0.7459771643958112,,0.7815052453046771,,0.8361624413192945,,0.8764777751401884,,0.9192393923973844,,0.965192880996539,,0.9999999999999997,,1,,1,,0.9999999999999996,,1,,1,1
38293,2019,0,1,0.0026218450692753674,,0.0026288549152064934,,0.0026146603558506103,,0.002639327664512381,,0.0027576171663788456,,0.0029147581722518616,,0.003043620276651629,,0.003271386124980578,,0.0036280716358865475,,0.004115426061633188,,0.004459668006936747,,0.0046042950993231205,,0.004983778291946548,,0.00659584446528405,,0.006365925684332103,,0.0063602586999100255,,0.0064004721771602005,,0.0066984184966159405,,0.0071269303927973485,,0.007590646214550709,,0.0077179611105902025,,0.00834230418338246,,0.00898962830297303,,0.009676522118681405,,0.010497711325721363,,0.011955150127903607,,0.012903140594982076,,0.013842152819762433,,0.014748869882837525,,0.015689680182828333,,0.016898579469914656,,0.018098039441065507,,0.019291276503374307,,0.020416809944198748,,0.021462985032937688,,0.02123796178443115,,0.022353507487003512,,0.023481669336953108,,0.02464061298439912,,0.0259757695159575,,0.026980766751148386,,0.028766836007883646,,0.03089188246367224,,0.033724940729950303,,0.03654924500961975,,0.040354962084431255,,0.04368123166023649,,0.047560491470977795,,0.05184616579173235,,0.05656823602077986,,0.06738319263355072,,0.0738791622608118,,0.08120794850695255,,0.08940452966996584,,0.09859715950915916,,0.11816002188664161,,0.1304673858804448,,0.14418720685986777,,0.15894971424612803,,0.1751313411509592,,0.21682214109207343,,0.23903002905111756,,0.2630651166719836,,0.2888108096280284,,0.3149745765267508,,0.37271708398015096,,0.40033328306219945,,0.42635380550247454,,0.4501890171348095,,0.4712642744921774,,0.5052631801413193,,0.5291350357048853,,0.5541345249704138,,0.5803166138347512,,0.6077329369282688,,0.6488390996029292,,0.6797249367306993,,0.7120815280074111,,0.7459771643958112,,0.7815052453046771,,0.8361624413192945,,0.8764777751401884,,0.9192393923973844,,0.965192880996539,,0.9999999999999997,,1,,1,,0.9999999999999996,,1,,1,1
38294,2019,0,1,0.0026218450692753674,,0.0026288549152064934,,0.0026146603558506103,,0.002639327664512381,,0.0027576171663788456,,0.0029147581722518616,,0.003043620276651629,,0.003271386124980578,,0.0036280716358865475,,0.004115426061633188,,0.004459668006936747,,0.0046042950993231205,,0.004983778291946548,,0.00659584446528405,,0.006365925684332103,,0.0063602586999100255,,0.0064004721771602005,,0.0066984184966159405,,0.0071269303927973485,,0.007590646214550709,,0.0077179611105902025,,0.00834230418338246,,0.00898962830297303,,0.009676522118681405,,0.010497711325721363,,0.011955150127903607,,0.012903140594982076,,0.013842152819762433,,0.014748869882837525,,0.015689680182828333,,0.016898579469914656,,0.018098039441065507,,0.019291276503374307,,0.020416809944198748,,0.021462985032937688,,0.02123796178443115,,0.022353507487003512,,0.023481669336953108,,0.02464061298439912,,0.0259757695159575,,0.026980766751148386,,0.028766836007883646,,0.03089188246367224,,0.033724940729950303,,0.03654924500961975,,0.040354962084431255,,0.04368123166023649,,0.047560491470977795,,0.05184616579173235,,0.05656823602077986,,0.06738319263355072,,0.0738791622608118,,0.08120794850695255,,0.08940452966996584,,0.09859715950915916,,0.11816002188664161,,0.1304673858804448,,0.14418720685986777,,0.15894971424612803,,0.1751313411509592,,0.21682214109207343,,0.23903002905111756,,0.2630651166719836,,0.2888108096280284,,0.3149745765267508,,0.37271708398015096,,0.40033328306219945,,0.42635380550247454,,0.4501890171348095,,0.4712642744921774,,0.5052631801413193,,0.5291350357048853,,0.5541345249704138,,0.5803166138347512,,0.6077329369282688,,0.6488390996029292,,0.6797249367306993,,0.7120815280074111,,0.7459771643958112,,0.7815052453046771,,0.8361624413192945,,0.8764777751401884,,0.9192393923973844,,0.965192880996539,,0.9999999999999997,,1,,1,,0.9999999999999996,,1,,1,1
38295,2019,0,1,0.0026218450692753674,,0.0026288549152064934,,0.0026146603558506103,,0.002639327664512381,,0.0027576171663788456,,0.0029147581722518616,,0.003043620276651629,,0.003271386124980578,,0.0036280716358865475,,0.004115426061633188,,0.004459668006936747,,0.0046042950993231205,,0.004983778291946548,,0.00659584446528405,,0.006365925684332103,,0.0063602586999100255,,0.0064004721771602005,,0.0066984184966159405,,0.0071269303927973485,,0.007590646214550709,,0.0077179611105902025,,0.00834230418338246,,0.00898962830297303,,0.009676522118681405,,0.010497711325721363,,0.011955150127903607,,0.012903140594982076,,0.013842152819762433,,0.014748869882837525,,0.015689680182828333,,0.016898579469914656,,0.018098039441065507,,0.019291276503374307,,0.020416809944198748,,0.021462985032937688,,0.02123796178443115,,0.022353507487003512,,0.023481669336953108,,0.02464061298439912,,0.0259757695159575,,0.026980766751148386,,0.028766836007883646,,0.03089188246367224,,0.033724940729950303,,0.03654924500961975,,0.040354962084431255,,0.04368123166023649,,0.047560491470977795,,0.05184616579173235,,0.05656823602077986,,0.06738319263355072,,0.0738791622608118,,0.08120794850695255,,0.08940452966996584,,0.09859715950915916,,0.11816002188664161,,0.1304673858804448,,0.14418720685986777,,0.15894971424612803,,0.1751313411509592,,0.21682214109207343,,0.23903002905111756,,0.2630651166719836,,0.2888108096280284,,0.3149745765267508,,0.37271708398015096,,0.40033328306219945,,0.42635380550247454,,0.4501890171348095,,0.4712642744921774,,0.5052631801413193,,0.5291350357048853,,0.5541345249704138,,0.5803166138347512,,0.6077329369282688,,0.6488390996029292,,0.6797249367306993,,0.7120815280074111,,0.7459771643958112,,0.7815052453046771,,0.8361624413192945,,0.8764777751401884,,0.9192393923973844,,0.965192880996539,,0.9999999999999997,,1,,1,,0.9999999999999996,,1,,1,1
39861,2019,2,1,5.913650484317574e-4,5.646495990206977e-4,6.148086525239713e-4,5.735490198965991e-4,6.347980906747999e-4,5.72089649229302e-4,6.881436923563187e-4,6.08378294389805e-4,7.246171459289602e-4,6.350503635693655e-4,7.593746881033768e-4,6.891145268069976e-4,7.876513352126607e-4,7.831595907408029e-4,8.302450277872602e-4,8.416861498179337e-4,8.871648141706293e-4,9.165115138717112e-4,9.298113666989681e-4,9.676607424282163e-4,9.620811975980195e-4,0.001063249481480484,0.001051620947606562,0.001149975631596868,0.0010679113958681466,0.00120117981311212,0.0011558145900553577,0.0013301707551174491,0.0012316312882084746,0.0014554985498823343,0.0013565657149071288,0.0015223478283944202,0.0014776920898067136,0.0016781402401152782,0.0016163006665627522,0.0018050986389028067,0.0018084853149778514,0.0019632490428355765,0.0019630344002458827,0.0021652175481130837,0.003973502012923558,0.002959765169998142,0.004342016319975307,0.003236157168449957,0.0057511256223929386,0.0034503402360731425,0.0061185868323061325,0.00366553486700446,0.006237648096954547,0.003906861173534062,0.006499071461760837,0.004893317684762319,0.00691028467437052,0.006108965653944853,0.007482803568191823,0.0060522911045958454,0.007975237226911371,0.005860759169172201,0.008489249725182212,0.006064828393041743,0.00915917584069815,0.006602381194521342,0.009816705176261124,0.007015536220095476,0.010470841548556556,0.007425329182848501,0.011089872798032209,0.007824347412916113,0.011668119374156263,0.008232200648672427,0.014023917296455536,0.009515343372529017,0.01477212918646073,0.010098568840457874,0.015529727192068136,0.010784839786994974,0.01630974367753958,0.01160485038315794,0.01721017095350295,0.01255859188231879,0.017933254763968304,0.01338181674243125,0.019140791531183445,0.014583257178044894,0.020579160768953726,0.01593264730780531,0.022494672258170652,0.017575787085253397,0.024412553507005788,0.019183746694523798,0.0268523500118904,0.021215871872644326,0.02906510935281282,0.023138806931791593,0.03164616151936142,0.025395021499479795,0.0344984293265206,0.027906677269437834,0.03763992709728292,0.03073845677786283,0.04390290672437135,0.03600734269249328,0.04813527183190684,0.03995845897137971,0.05291006822066345,0.04453557064295318,0.0582513149879647,0.049550111669486634,0.06424107738299893,0.054947266342338416,0.07567516850468085,0.06483821280962847,0.08355643481393647,0.0721429541432079,0.09234342125143032,0.08019538174265874,0.1017979384353716,0.08916761693311558,0.1121621789304384,0.09941596182074884,0.13577495319082908,0.12034240675176552,0.1496810097453823,0.13344993900214458,0.16473197660568636,0.1477743799843671,0.18085379488832745,0.1633551970086551,0.1972378216500828,0.17964423298859256,0.23016099851047406,0.21045066124517106,0.24721455761012048,0.2280366368915685,0.2632833337195056,0.24505691442478497,0.27800203640016874,0.26115957699534104,0.2910163839665892,0.27598832249706634,0.31084615039853697,0.2972305059098585,0.3255318268203803,0.3142387239871737,0.34091205547316,0.33221937273579094,0.3570198626156957,0.35122836417852443,0.3738872737110855,0.3713259955948802,0.3979634163906741,0.39859571432990265,0.4169064778130983,0.4215470515381401,0.4367522569765953,0.4458194473246397,0.4575417865057593,0.4714885473673274,0.47946309687159094,0.49863657522916566,0.5121222495369318,0.5363968915336192,0.537599749636142,0.5676369696334244,0.5647832210040612,0.6008725209352163,0.5945518299573409,0.6360663564586294,0.6269989060076889,0.6735177077684102,0.6699820783283191,0.7199503151622222,0.7108633423664021,0.7603598866386946,0.7565101073381051,0.8038583944641426,0.8068678393814581,0.8507624367314183,1,1
39862,2019,2,1,5.913650484317574e-4,5.646495990206977e-4,6.148086525239713e-4,5.735490198965991e-4,6.347980906747999e-4,5.72089649229302e-4,6.881436923563187e-4,6.08378294389805e-4,7.246171459289602e-4,6.350503635693655e-4,7.593746881033768e-4,6.891145268069976e-4,7.876513352126607e-4,7.831595907408029e-4,8.302450277872602e-4,8.416861498179337e-4,8.871648141706293e-4,9.165115138717112e-4,9.298113666989681e-4,9.676607424282163e-4,9.620811975980195e-4,0.001063249481480484,0.001051620947606562,0.001149975631596868,0.0010679113958681466,0.00120117981311212,0.0011558145900553577,0.0013301707551174491,0.0012316312882084746,0.0014554985498823343,0.0013565657149071288,0.0015223478283944202,0.0014776920898067136,0.0016781402401152782,0.0016163006665627522,0.0018050986389028067,0.0018084853149778514,0.0019632490428355765,0.0019630344002458827,0.0021652175481130837,0.003973502012923558,0.002959765169998142,0.004342016319975307,0.003236157168449957,0.0057511256223929386,0.0034503402360731425,0.0061185868323061325,0.00366553486700446,0.006237648096954547,0.003906861173534062,0.006499071461760837,0.004893317684762319,0.00691028467437052,0.006108965653944853,0.007482803568191823,0.0060522911045958454,0.007975237226911371,0.005860759169172201,0.008489249725182212,0.006064828393041743,0.00915917584069815,0.006602381194521342,0.009816705176261124,0.007015536220095476,0.010470841548556556,0.007425329182848501,0.011089872798032209,0.007824347412916113,0.011668119374156263,0.008232200648672427,0.014023917296455536,0.009515343372529017,0.01477212918646073,0.010098568840457874,0.015529727192068136,0.010784839786994974,0.01630974367753958,0.01160485038315794,0.01721017095350295,0.01255859188231879,0.017933254763968304,0.01338181674243125,0.019140791531183445,0.014583257178044894,0.020579160768953726,0.01593264730780531,0.022494672258170652,0.017575787085253397,0.024412553507005788,0.019183746694523798,0.0268523500118904,0.021215871872644326,0.02906510935281282,0.023138806931791593,0.03164616151936142,0.025395021499479795,0.0344984293265206,0.027906677269437834,0.03763992709728292,0.03073845677786283,0.04390290672437135,0.03600734269249328,0.04813527183190684,0.03995845897137971,0.05291006822066345,0.04453557064295318,0.0582513149879647,0.049550111669486634,0.06424107738299893,0.054947266342338416,0.07567516850468085,0.06483821280962847,0.08355643481393647,0.0721429541432079,0.09234342125143032,0.08019538174265874,0.1017979384353716,0.08916761693311558,0.1121621789304384,0.09941596182074884,0.13577495319082908,0.12034240675176552,0.1496810097453823,0.13344993900214458,0.16473197660568636,0.1477743799843671,0.18085379488832745,0.1633551970086551,0.1972378216500828,0.17964423298859256,0.23016099851047406,0.21045066124517106,0.24721455761012048,0.2280366368915685,0.2632833337195056,0.24505691442478497,0.27800203640016874,0.26115957699534104,0.2910163839665892,0.27598832249706634,0.31084615039853697,0.2972305059098585,0.3255318268203803,0.3142387239871737,0.34091205547316,0.33221937273579094,0.3570198626156957,0.35122836417852443,0.3738872737110855,0.3713259955948802,0.3979634163906741,0.39859571432990265,0.4169064778130983,0.4215470515381401,0.4367522569765953,0.4458194473246397,0.4575417865057593,0.4714885473673274,0.47946309687159094,0.49863657522916566,0.5121222495369318,0.5363968915336192,0.537599749636142,0.5676369696334244,0.5647832210040612,0.6008725209352163,0.5945518299573409,0.6360663564586294,0.6269989060076889,0.6735177077684102,0.6699820783283191,0.7199503151622222,0.7108633423664021,0.7603598866386946,0.7565101073381051,0.8038583944641426,0.8068678393814581,0.8507624367314183,1,1
39863,2019,2,1,5.913650484317574e-4,5.646495990206977e-4,6.148086525239713e-4,5.735490198965991e-4,6.347980906747999e-4,5.72089649229302e-4,6.881436923563187e-4,6.08378294389805e-4,7.246171459289602e-4,6.350503635693655e-4,7.593746881033768e-4,6.891145268069976e-4,7.876513352126607e-4,7.831595907408029e-4,8.302450277872602e-4,8.416861498179337e-4,8.871648141706293e-4,9.165115138717112e-4,9.298113666989681e-4,9.676607424282163e-4,9.620811975980195e-4,0.001063249481480484,0.001051620947606562,0.001149975631596868,0.0010679113958681466,0.00120117981311212,0.0011558145900553577,0.0013301707551174491,0.0012316312882084746,0.0014554985498823343,0.0013565657149071288,0.0015223478283944202,0.0014776920898067136,0.0016781402401152782,0.0016163006665627522,0.0018050986389028067,0.0018084853149778514,0.0019632490428355765,0.0019630344002458827,0.0021652175481130837,0.003973502012923558,0.002959765169998142,0.004342016319975307,0.003236157168449957,0.0057511256223929386,0.0034503402360731425,0.0061185868323061325,0.00366553486700446,0.006237648096954547,0.003906861173534062,0.006499071461760837,0.004893317684762319,0.00691028467437052,0.006108965653944853,0.007482803568191823,0.0060522911045958454,0.007975237226911371,0.005860759169172201,0.008489249725182212,0.006064828393041743,0.00915917584069815,0.006602381194521342,0.009816705176261124,0.007015536220095476,0.010470841548556556,0.007425329182848501,0.011089872798032209,0.007824347412916113,0.011668119374156263,0.008232200648672427,0.014023917296455536,0.009515343372529017,0.01477212918646073,0.010098568840457874,0.015529727192068136,0.010784839786994974,0.01630974367753958,0.01160485038315794,0.01721017095350295,0.01255859188231879,0.017933254763968304,0.01338181674243125,0.019140791531183445,0.014583257178044894,0.020579160768953726,0.01593264730780531,0.022494672258170652,0.017575787085253397,0.024412553507005788,0.019183746694523798,0.0268523500118904,0.021215871872644326,0.02906510935281282,0.023138806931791593,0.03164616151936142,0.025395021499479795,0.0344984293265206,0.027906677269437834,0.03763992709728292,0.03073845677786283,0.04390290672437135,0.03600734269249328,0.04813527183190684,0.03995845897137971,0.05291006822066345,0.04453557064295318,0.0582513149879647,0.049550111669486634,0.06424107738299893,0.054947266342338416,0.07567516850468085,0.06483821280962847,0.08355643481393647,0.0721429541432079,0.09234342125143032,0.08019538174265874,0.1017979384353716,0.08916761693311558,0.1121621789304384,0.09941596182074884,0.13577495319082908,0.12034240675176552,0.1496810097453823,0.13344993900214458,0.16473197660568636,0.1477743799843671,0.18085379488832745,0.1633551970086551,0.1972378216500828,0.17964423298859256,0.23016099851047406,0.21045066124517106,0.24721455761012048,0.2280366368915685,0.2632833337195056,0.24505691442478497,0.27800203640016874,0.26115957699534104,0.2910163839665892,0.27598832249706634,0.31084615039853697,0.2972305059098585,0.3255318268203803,0.3142387239871737,0.34091205547316,0.33221937273579094,0.3570198626156957,0.35122836417852443,0.3738872737110855,0.3713259955948802,0.3979634163906741,0.39859571432990265,0.4169064778130983,0.4215470515381401,0.4367522569765953,0.4458194473246397,0.4575417865057593,0.4714885473673274,0.47946309687159094,0.49863657522916566,0.5121222495369318,0.5363968915336192,0.537599749636142,0.5676369696334244,0.5647832210040612,0.6008725209352163,0.5945518299573409,0.6360663564586294,0.6269989060076889,0.6735177077684102,0.6699820783283191,0.7199503151622222,0.7108633423664021,0.7603598866386946,0.7565101073381051,0.8038583944641426,0.8068678393814581,0.8507624367314183,1,1
39864,2019,2,1,5.913650484317574e-4,5.646495990206977e-4,6.148086525239713e-4,5.735490198965991e-4,6.347980906747999e-4,5.72089649229302e-4,6.881436923563187e-4,6.08378294389805e-4,7.246171459289602e-4,6.350503635693655e-4,7.593746881033768e-4,6.891145268069976e-4,7.876513352126607e-4,7.831595907408029e-4,8.302450277872602e-4,8.416861498179337e-4,8.871648141706293e-4,9.165115138717112e-4,9.298113666989681e-4,9.676607424282163e-4,9.620811975980195e-4,0.001063249481480484,0.001051620947606562,0.001149975631596868,0.0010679113958681466,0.00120117981311212,0.0011558145900553577,0.0013301707551174491,0.0012316312882084746,0.0014554985498823343,0.0013565657149071288,0.0015223478283944202,0.0014776920898067136,0.0016781402401152782,0.0016163006665627522,0.0018050986389028067,0.0018084853149778514,0.0019632490428355765,0.0019630344002458827,0.0021652175481130837,0.003973502012923558,0.002959765169998142,0.004342016319975307,0.003236157168449957,0.0057511256223929386,0.0034503402360731425,0.0061185868323061325,0.00366553486700446,0.006237648096954547,0.003906861173534062,0.006499071461760837,0.004893317684762319,0.00691028467437052,0.006108965653944853,0.007482803568191823,0.0060522911045958454,0.007975237226911371,0.005860759169172201,0.008489249725182212,0.006064828393041743,0.00915917584069815,0.006602381194521342,0.009816705176261124,0.007015536220095476,0.010470841548556556,0.007425329182848501,0.011089872798032209,0.007824347412916113,0.011668119374156263,0.008232200648672427,0.014023917296455536,0.009515343372529017,0.01477212918646073,0.010098568840457874,0.015529727192068136,0.010784839786994974,0.01630974367753958,0.01160485038315794,0.01721017095350295,0.01255859188231879,0.017933254763968304,0.01338181674243125,0.019140791531183445,0.014583257178044894,0.020579160768953726,0.01593264730780531,0.022494672258170652,0.017575787085253397,0.024412553507005788,0.019183746694523798,0.0268523500118904,0.021215871872644326,0.02906510935281282,0.023138806931791593,0.03164616151936142,0.025395021499479795,0.0344984293265206,0.027906677269437834,0.03763992709728292,0.03073845677786283,0.04390290672437135,0.03600734269249328,0.04813527183190684,0.03995845897137971,0.05291006822066345,0.04453557064295318,0.0582513149879647,0.049550111669486634,0.06424107738299893,0.054947266342338416,0.07567516850468085,0.06483821280962847,0.08355643481393647,0.0721429541432079,0.09234342125143032,0.08019538174265874,0.1017979384353716,0.08916761693311558,0.1121621789304384,0.09941596182074884,0.13577495319082908,0.12034240675176552,0.1496810097453823,0.13344993900214458,0.16473197660568636,0.1477743799843671,0.18085379488832745,0.1633551970086551,0.1972378216500828,0.17964423298859256,0.23016099851047406,0.21045066124517106,0.24721455761012048,0.2280366368915685,0.2632833337195056,0.24505691442478497,0.27800203640016874,0.26115957699534104,0.2910163839665892,0.27598832249706634,0.31084615039853697,0.2972305059098585,0.3255318268203803,0.3142387239871737,0.34091205547316,0.33221937273579094,0.3570198626156957,0.35122836417852443,0.3738872737110855,0.3713259955948802,0.3979634163906741,0.39859571432990265,0.4169064778130983,0.4215470515381401,0.4367522569765953,0.4458194473246397,0.4575417865057593,0.4714885473673274,0.47946309687159094,0.49863657522916566,0.5121222495369318,0.5363968915336192,0.537599749636142,0.5676369696334244,0.5647832210040612,0.6008725209352163,0.5945518299573409,0.6360663564586294,0.6269989060076889,0.6735177077684102,0.6699820783283191,0.7199503151622222,0.7108633423664021,0.7603598866386946,0.7565101073381051,0.8038583944641426,0.8068678393814581,0.8507624367314183,1,1
39865,2019,2,1,5.913650484317574e-4,5.646495990206977e-4,6.148086525239713e-4,5.735490198965991e-4,6.347980906747999e-4,5.72089649229302e-4,6.881436923563187e-4,6.08378294389805e-4,7.246171459289602e-4,6.350503635693655e-4,7.593746881033768e-4,6.891145268069976e-4,7.876513352126607e-4,7.831595907408029e-4,8.302450277872602e-4,8.416861498179337e-4,8.871648141706293e-4,9.165115138717112e-4,9.298113666989681e-4,9.676607424282163e-4,9.620811975980195e-4,0.001063249481480484,0.001051620947606562,0.001149975631596868,0.0010679113958681466,0.00120117981311212,0.0011558145900553577,0.0013301707551174491,0.0012316312882084746,0.0014554985498823343,0.0013565657149071288,0.0015223478283944202,0.0014776920898067136,0.0016781402401152782,0.0016163006665627522,0.0018050986389028067,0.0018084853149778514,0.0019632490428355765,0.0019630344002458827,0.0021652175481130837,0.003973502012923558,0.002959765169998142,0.004342016319975307,0.003236157168449957,0.0057511256223929386,0.0034503402360731425,0.0061185868323061325,0.00366553486700446,0.006237648096954547,0.003906861173534062,0.006499071461760837,0.004893317684762319,0.00691028467437052,0.006108965653944853,0.007482803568191823,0.0060522911045958454,0.007975237226911371,0.005860759169172201,0.008489249725182212,0.006064828393041743,0.00915917584069815,0.006602381194521342,0.009816705176261124,0.007015536220095476,0.010470841548556556,0.007425329182848501,0.011089872798032209,0.007824347412916113,0.011668119374156263,0.008232200648672427,0.014023917296455536,0.009515343372529017,0.01477212918646073,0.010098568840457874,0.015529727192068136,0.010784839786994974,0.01630974367753958,0.01160485038315794,0.01721017095350295,0.01255859188231879,0.017933254763968304,0.01338181674243125,0.019140791531183445,0.014583257178044894,0.020579160768953726,0.01593264730780531,0.022494672258170652,0.017575787085253397,0.024412553507005788,0.019183746694523798,0.0268523500118904,0.021215871872644326,0.02906510935281282,0.023138806931791593,0.03164616151936142,0.025395021499479795,0.0344984293265206,0.027906677269437834,0.03763992709728292,0.03073845677786283,0.04390290672437135,0.03600734269249328,0.04813527183190684,0.03995845897137971,0.05291006822066345,0.04453557064295318,0.0582513149879647,0.049550111669486634,0.06424107738299893,0.054947266342338416,0.07567516850468085,0.06483821280962847,0.08355643481393647,0.0721429541432079,0.09234342125143032,0.08019538174265874,0.1017979384353716,0.08916761693311558,0.1121621789304384,0.09941596182074884,0.13577495319082908,0.12034240675176552,0.1496810097453823,0.13344993900214458,0.16473197660568636,0.1477743799843671,0.18085379488832745,0.1633551970086551,0.1972378216500828,0.17964423298859256,0.23016099851047406,0.21045066124517106,0.24721455761012048,0.2280366368915685,0.2632833337195056,0.24505691442478497,0.27800203640016874,0.26115957699534104,0.2910163839665892,0.27598832249706634,0.31084615039853697,0.2972305059098585,0.3255318268203803,0.3142387239871737,0.34091205547316,0.33221937273579094,0.3570198626156957,0.35122836417852443,0.3738872737110855,0.3713259955948802,0.3979634163906741,0.39859571432990265,0.4169064778130983,0.4215470515381401,0.4367522569765953,0.4458194473246397,0.4575417865057593,0.4714885473673274,0.47946309687159094,0.49863657522916566,0.5121222495369318,0.5363968915336192,0.537599749636142,0.5676369696334244,0.5647832210040612,0.6008725209352163,0.5945518299573409,0.6360663564586294,0.6269989060076889,0.6735177077684102,0.6699820783283191,0.7199503151622222,0.7108633423664021,0.7603598866386946,0.7565101073381051,0.8038583944641426,0.8068678393814581,0.8507624367314183,1,1
44151,2019,0,2,,8.969224557134973e-4,,9.339652240652645e-4,,9.501773912684895e-4,,0.0010265732552726995,,0.0010763525206655981,,0.0011041440310128453,,0.001170131964372273,,0.0012893648561574757,,0.0013831400921955667,,0.0015185897675003364,,0.0016227956357059495,,0.0017860426240924438,,0.001958561917548363,,0.0020431195673749295,,0.0022642857082866693,,0.002441482096067978,,0.0027634103694020038,,0.003032117360788666,,0.003232549313709123,,0.003489748112878099,,0.0038072085289760625,,0.004093844992672469,,0.004463736331490398,,0.004894298586886185,,0.00535462292798575,,0.005791204125471532,,0.006303937445655888,,0.00664904210037161,,0.007097662448626311,,0.007648627897859325,,0.008104520837881424,,0.008905433666765003,,0.009462620800406425,,0.010023487836041324,,0.01092829300809071,,0.011660226320786922,,0.012871691966673902,,0.013790316381470703,,0.01498155097664353,,0.016158558555708587,,0.017742678164422987,,0.01932859525462321,,0.021022184254921434,,0.02642110591054565,,0.025689437556620294,,0.02727499083821136,,0.02998982163200732,,0.033061417923188535,,0.03640405993611751,,0.0401272030887317,,0.045436075083152984,,0.050579354429387845,,0.05611891227284847,,0.06202680180889133,,0.06848028628988359,,0.07759073578569224,,0.08621095029992165,,0.09603815586799812,,0.10709539207233006,,0.11934570973367731,,0.13930501830430095,,0.15494218938268522,,0.17173680365164035,,0.18958412729949287,,0.2084098907358203,,0.23575045041581041,,0.2554116597369035,,0.2744683642442306,,0.29253610685772274,,0.3092238875343317,,0.3305484015721392,,0.34954992013106867,,0.36964254737290997,,0.3908885806579511,,0.41270879374748587,,0.4411419122351613,,0.4666348969431625,,0.49359901583283444,,0.5221231209493264,,0.5522943589910535,,0.5916994878878439,,0.6262226570750599,,0.6627545180081152,,0.70148359661102,,0.7424884637291349,,0.7935114924836143,,0.8367494567393926,,0.8837979112952475,,0.9337106455156137,1,1
44152,2019,0,2,,8.969224557134973e-4,,9.339652240652645e-4,,9.501773912684895e-4,,0.0010265732552726995,,0.0010763525206655981,,0.0011041440310128453,,0.001170131964372273,,0.0012893648561574757,,0.0013831400921955667,,0.0015185897675003364,,0.0016227956357059495,,0.0017860426240924438,,0.001958561917548363,,0.0020431195673749295,,0.0022642857082866693,,0.002441482096067978,,0.0027634103694020038,,0.003032117360788666,,0.003232549313709123,,0.003489748112878099,,0.0038072085289760625,,0.004093844992672469,,0.004463736331490398,,0.004894298586886185,,0.00535462292798575,,0.005791204125471532,,0.006303937445655888,,0.00664904210037161,,0.007097662448626311,,0.007648627897859325,,0.008104520837881424,,0.008905433666765003,,0.009462620800406425,,0.010023487836041324,,0.01092829300809071,,0.011660226320786922,,0.012871691966673902,,0.013790316381470703,,0.01498155097664353,,0.016158558555708587,,0.017742678164422987,,0.01932859525462321,,0.021022184254921434,,0.02642110591054565,,0.025689437556620294,,0.02727499083821136,,0.02998982163200732,,0.033061417923188535,,0.03640405993611751,,0.0401272030887317,,0.045436075083152984,,0.050579354429387845,,0.05611891227284847,,0.06202680180889133,,0.06848028628988359,,0.07759073578569224,,0.08621095029992165,,0.09603815586799812,,0.10709539207233006,,0.11934570973367731,,0.13930501830430095,,0.15494218938268522,,0.17173680365164035,,0.18958412729949287,,0.2084098907358203,,0.23575045041581041,,0.2554116597369035,,0.2744683642442306,,0.29253610685772274,,0.3092238875343317,,0.3305484015721392,,0.34954992013106867,,0.36964254737290997,,0.3908885806579511,,0.41270879374748587,,0.4411419122351613,,0.4666348969431625,,0.49359901583283444,,0.5221231209493264,,0.5522943589910535,,0.5916994878878439,,0.6262226570750599,,0.6627545180081152,,0.70148359661102,,0.7424884637291349,,0.7935114924836143,,0.8367494567393926,,0.8837979112952475,,0.9337106455156137,1,1
44153,2019,0,2,,8.969224557134973e-4,,9.339652240652645e-4,,9.501773912684895e-4,,0.0010265732552726995,,0.0010763525206655981,,0.0011041440310128453,,0.001170131964372273,,0.0012893648561574757,,0.0013831400921955667,,0.0015185897675003364,,0.0016227956357059495,,0.0017860426240924438,,0.001958561917548363,,0.0020431195673749295,,0.0022642857082866693,,0.002441482096067978,,0.0027634103694020038,,0.003032117360788666,,0.003232549313709123,,0.003489748112878099,,0.0038072085289760625,,0.004093844992672469,,0.004463736331490398,,0.004894298586886185,,0.00535462292798575,,0.005791204125471532,,0.006303937445655888,,0.00664904210037161,,0.007097662448626311,,0.007648627897859325,,0.008104520837881424,,0.008905433666765003,,0.009462620800406425,,0.010023487836041324,,0.01092829300809071,,0.011660226320786922,,0.012871691966673902,,0.013790316381470703,,0.01498155097664353,,0.016158558555708587,,0.017742678164422987,,0.01932859525462321,,0.021022184254921434,,0.02642110591054565,,0.025689437556620294,,0.02727499083821136,,0.02998982163200732,,0.033061417923188535,,0.03640405993611751,,0.0401272030887317,,0.045436075083152984,,0.050579354429387845,,0.05611891227284847,,0.06202680180889133,,0.06848028628988359,,0.07759073578569224,,0.08621095029992165,,0.09603815586799812,,0.10709539207233006,,0.11934570973367731,,0.13930501830430095,,0.15494218938268522,,0.17173680365164035,,0.18958412729949287,,0.2084098907358203,,0.23575045041581041,,0.2554116597369035,,0.2744683642442306,,0.29253610685772274,,0.3092238875343317,,0.3305484015721392,,0.34954992013106867,,0.36964254737290997,,0.3908885806579511,,0.41270879374748587,,0.4411419122351613,,0.4666348969431625,,0.49359901583283444,,0.5221231209493264,,0.5522943589910535,,0.5916994878878439,,0.6262226570750599,,0.6627545180081152,,0.70148359661102,,0.7424884637291349,,0.7935114924836143,,0.8367494567393926,,0.8837979112952475,,0.9337106455156137,1,1
44154,2019,0,2,,8.969224557134973e-4,,9.339652240652645e-4,,9.501773912684895e-4,,0.0010265732552726995,,0.0010763525206655981,,0.0011041440310128453,,0.001170131964372273,,0.0012893648561574757,,0.0013831400921955667,,0.0015185897675003364,,0.0016227956357059495,,0.0017860426240924438,,0.001958561917548363,,0.0020431195673749295,,0.0022642857082866693,,0.002441482096067978,,0.0027634103694020038,,0.003032117360788666,,0.003232549313709123,,0.003489748112878099,,0.0038072085289760625,,0.004093844992672469,,0.004463736331490398,,0.004894298586886185,,0.00535462292798575,,0.005791204125471532,,0.006303937445655888,,0.00664904210037161,,0.007097662448626311,,0.007648627897859325,,0.008104520837881424,,0.008905433666765003,,0.009462620800406425,,0.010023487836041324,,0.01092829300809071,,0.011660226320786922,,0.012871691966673902,,0.013790316381470703,,0.01498155097664353,,0.016158558555708587,,0.017742678164422987,,0.01932859525462321,,0.021022184254921434,,0.02642110591054565,,0.025689437556620294,,0.02727499083821136,,0.02998982163200732,,0.033061417923188535,,0.03640405993611751,,0.0401272030887317,,0.045436075083152984,,0.050579354429387845,,0.05611891227284847,,0.06202680180889133,,0.06848028628988359,,0.07759073578569224,,0.08621095029992165,,0.09603815586799812,,0.10709539207233006,,0.11934570973367731,,0.13930501830430095,,0.15494218938268522,,0.17173680365164035,,0.18958412729949287,,0.2084098907358203,,0.23575045041581041,,0.2554116597369035,,0.2744683642442306,,0.29253610685772274,,0.3092238875343317,,0.3305484015721392,,0.34954992013106867,,0.36964254737290997,,0.3908885806579511,,0.41270879374748587,,0.4411419122351613,,0.4666348969431625,,0.49359901583283444,,0.5221231209493264,,0.5522943589910535,,0.5916994878878439,,0.6262226570750599,,0.6627545180081152,,0.70148359661102,,0.7424884637291349,,0.7935114924836143,,0.8367494567393926,,0.8837979112952475,,0.9337106455156137,1,1
44155,2019,0,2,,8.969224557134973e-4,,9.339652240652645e-4,,9.501773912684895e-4,,0.0010265732552726995,,0.0010763525206655981,,0.0011041440310128453,,0.001170131964372273,,0.0012893648561574757,,0.0013831400921955667,,0.0015185897675003364,,0.0016227956357059495,,0.0017860426240924438,,0.001958561917548363,,0.0020431195673749295,,0.0022642857082866693,,0.002441482096067978,,0.0027634103694020038,,0.003032117360788666,,0.003232549313709123,,0.003489748112878099,,0.0038072085289760625,,0.004093844992672469,,0.004463736331490398,,0.004894298586886185,,0.00535462292798575,,0.005791204125471532,,0.006303937445655888,,0.00664904210037161,,0.007097662448626311,,0.007648627897859325,,0.008104520837881424,,0.008905433666765003,,0.009462620800406425,,0.010023487836041324,,0.01092829300809071,,0.011660226320786922,,0.012871691966673902,,0.013790316381470703,,0.01498155097664353,,0.016158558555708587,,0.017742678164422987,,0.01932859525462321,,0.021022184254921434,,0.02642110591054565,,0.025689437556620294,,0.02727499083821136,,0.02998982163200732,,0.033061417923188535,,0.03640405993611751,,0.0401272030887317,,0.045436075083152984,,0.050579354429387845,,0.05611891227284847,,0.06202680180889133,,0.06848028628988359,,0.07759073578569224,,0.08621095029992165,,0.09603815586799812,,0.10709539207233006,,0.11934570973367731,,0.13930501830430095,,0.15494218938268522,,0.17173680365164035,,0.18958412729949287,,0.2084098907358203,,0.23575045041581041,,0.2554116597369035,,0.2744683642442306,,0.29253610685772274,,0.3092238875343317,,0.3305484015721392,,0.34954992013106867,,0.36964254737290997,,0.3908885806579511,,0.41270879374748587,,0.4411419122351613,,0.4666348969431625,,0.49359901583283444,,0.5221231209493264,,0.5522943589910535,,0.5916994878878439,,0.6262226570750599,,0.6627545180081152,,0.70148359661102,,0.7424884637291349,,0.7935114924836143,,0.8367494567393926,,0.8837979112952475,,0.9337106455156137,1,1
48121,2019,2,1,6.236594547573835e-4,4.3968296760772907e-4,6.148286418943077e-4,4.661379474486534e-4,6.441405029031218e-4,5.197314796000913e-4,6.628690065543864e-4,5.538499055401095e-4,7.218773519480089e-4,6.06065808152659e-4,7.563199496787169e-4,6.318475355424573e-4,7.99684648178149e-4,6.833845840128721e-4,8.248363300801714e-4,7.411962261183485e-4,8.822419259059203e-4,7.983251827589845e-4,9.447702130657089e-4,8.450280371766105e-4,9.83997877311508e-4,9.36298329905415e-4,0.0010313197979202853,9.621513467658452e-4,0.0011194315658385645,0.0010841055593124134,0.0011456101200936044,0.0011594431003411902,0.0012338323419879642,0.0012640642742797264,0.0013238255401763078,0.0013958962541345613,0.0014738199695742433,0.00153893453425005,0.0016014093820504412,0.0016750762975069687,0.001745281608162363,0.0018217498885959305,0.0019399258112652205,0.0019204183655126524,0.003968415718440417,0.002671127414687132,0.004273369339400809,0.0034025167853555492,0.0046559643711463925,0.004185248000734189,0.006160446642437503,0.004095173741815029,0.006581273466913507,0.003923462482809297,0.006860115787879656,0.004203220683958178,0.006973712449558037,0.004562133367796514,0.007376968985742484,0.004916762773237717,0.007935760756853559,0.005260845813334577,0.00844142535112913,0.005613267622520951,0.009110063031686742,0.006077392224009491,0.009763338944466083,0.006475396832385011,0.010414913882984204,0.006854018344908161,0.01103039617229552,0.0072222784494673205,0.01160580251505426,0.007598209576019313,0.014127058598088939,0.00895575693139303,0.014881049874588145,0.009505088608867856,0.015644401090981017,0.010150660727300767,0.016430089608816353,0.010921669644934014,0.017337675453254063,0.01182027776725952,0.018069700964843713,0.012583715579778323,0.0192870955292041,0.01371373050868892,0.020736348793881955,0.014982155781891878,0.02266670187703619,0.016528484359104426,0.024598467589621482,0.018040202854763744,0.027041988842175145,0.01999851000166379,0.029270160233673972,0.021811936046477798,0.03187002569003373,0.023937872602294324,0.03474193532791372,0.02630495048666992,0.03790581912398202,0.028974806720805737,0.04410902436194276,0.034260451626620204,0.04836208138292532,0.038019228568643745,0.053159226766948266,0.042374911400194594,0.05852537298484682,0.047145833111416645,0.06454322943979379,0.05228117019360014,0.0758863756604696,0.062164720610773654,0.08379060440705667,0.06916863265147748,0.09260164709204444,0.07688839921911443,0.10208233699308192,0.0854916297573018,0.11247581982552053,0.09531678720702157,0.1358138225039206,0.11654046817396516,0.14972494621828714,0.12923336913641406,0.1647790540945719,0.14310386160918043,0.18090639121443639,0.15819303693973177,0.19729481102865357,0.17396778896224022,0.2298713543915731,0.2050685322388626,0.2469035124521715,0.2222047054840428,0.2629511296653634,0.23878938959215987,0.2776514804557885,0.2544808775684844,0.29064981123875405,0.2689298929595426,0.3103246842055485,0.2901103198765206,0.3249871680403042,0.3067123056046239,0.3403412220654446,0.32426155502697734,0.3564217237401389,0.34281537975978515,0.37326056102705646,0.3624321727705011,0.39716258204516497,0.38957517047525736,0.4160671614137357,0.4120078021387438,0.43587257572770677,0.4357294044912091,0.45670214024756167,0.46081891617384174,0.4786353127999116,0.4873520317740808,0.5109477601214515,0.5249728736510049,0.5365473810457665,0.5555454963388885,0.5639868379680908,0.5881341328258263,0.5944145981068728,0.6229512298026071,0.6277707915666508,0.6601715764113539,0.6710303225417347,0.7069557713509365,0.7117978907299416,0.7449942242730152,0.7563529613679071,0.7870686485968554,0.8048482999997254,0.8323082663542813,1,1
48122,2019,2,1,6.236594547573835e-4,4.3968296760772907e-4,6.148286418943077e-4,4.661379474486534e-4,6.441405029031218e-4,5.197314796000913e-4,6.628690065543864e-4,5.538499055401095e-4,7.218773519480089e-4,6.06065808152659e-4,7.563199496787169e-4,6.318475355424573e-4,7.99684648178149e-4,6.833845840128721e-4,8.248363300801714e-4,7.411962261183485e-4,8.822419259059203e-4,7.983251827589845e-4,9.447702130657089e-4,8.450280371766105e-4,9.83997877311508e-4,9.36298329905415e-4,0.0010313197979202853,9.621513467658452e-4,0.0011194315658385645,0.0010841055593124134,0.0011456101200936044,0.0011594431003411902,0.0012338323419879642,0.0012640642742797264,0.0013238255401763078,0.0013958962541345613,0.0014738199695742433,0.00153893453425005,0.0016014093820504412,0.0016750762975069687,0.001745281608162363,0.0018217498885959305,0.0019399258112652205,0.0019204183655126524,0.003968415718440417,0.002671127414687132,0.004273369339400809,0.0034025167853555492,0.0046559643711463925,0.004185248000734189,0.006160446642437503,0.004095173741815029,0.006581273466913507,0.003923462482809297,0.006860115787879656,0.004203220683958178,0.006973712449558037,0.004562133367796514,0.007376968985742484,0.004916762773237717,0.007935760756853559,0.005260845813334577,0.00844142535112913,0.005613267622520951,0.009110063031686742,0.006077392224009491,0.009763338944466083,0.006475396832385011,0.010414913882984204,0.006854018344908161,0.01103039617229552,0.0072222784494673205,0.01160580251505426,0.007598209576019313,0.014127058598088939,0.00895575693139303,0.014881049874588145,0.009505088608867856,0.015644401090981017,0.010150660727300767,0.016430089608816353,0.010921669644934014,0.017337675453254063,0.01182027776725952,0.018069700964843713,0.012583715579778323,0.0192870955292041,0.01371373050868892,0.020736348793881955,0.014982155781891878,0.02266670187703619,0.016528484359104426,0.024598467589621482,0.018040202854763744,0.027041988842175145,0.01999851000166379,0.029270160233673972,0.021811936046477798,0.03187002569003373,0.023937872602294324,0.03474193532791372,0.02630495048666992,0.03790581912398202,0.028974806720805737,0.04410902436194276,0.034260451626620204,0.04836208138292532,0.038019228568643745,0.053159226766948266,0.042374911400194594,0.05852537298484682,0.047145833111416645,0.06454322943979379,0.05228117019360014,0.0758863756604696,0.062164720610773654,0.08379060440705667,0.06916863265147748,0.09260164709204444,0.07688839921911443,0.10208233699308192,0.0854916297573018,0.11247581982552053,0.09531678720702157,0.1358138225039206,0.11654046817396516,0.14972494621828714,0.12923336913641406,0.1647790540945719,0.14310386160918043,0.18090639121443639,0.15819303693973177,0.19729481102865357,0.17396778896224022,0.2298713543915731,0.2050685322388626,0.2469035124521715,0.2222047054840428,0.2629511296653634,0.23878938959215987,0.2776514804557885,0.2544808775684844,0.29064981123875405,0.2689298929595426,0.3103246842055485,0.2901103198765206,0.3249871680403042,0.3067123056046239,0.3403412220654446,0.32426155502697734,0.3564217237401389,0.34281537975978515,0.37326056102705646,0.3624321727705011,0.39716258204516497,0.38957517047525736,0.4160671614137357,0.4120078021387438,0.43587257572770677,0.4357294044912091,0.45670214024756167,0.46081891617384174,0.4786353127999116,0.4873520317740808,0.5109477601214515,0.5249728736510049,0.5365473810457665,0.5555454963388885,0.5639868379680908,0.5881341328258263,0.5944145981068728,0.6229512298026071,0.6277707915666508,0.6601715764113539,0.6710303225417347,0.7069557713509365,0.7117978907299416,0.7449942242730152,0.7563529613679071,0.7870686485968554,0.8048482999997254,0.8323082663542813,1,1
48123,2019,2,1,6.236594547573835e-4,4.3968296760772907e-4,6.148286418943077e-4,4.661379474486534e-4,6.441405029031218e-4,5.197314796000913e-4,6.628690065543864e-4,5.538499055401095e-4,7.218773519480089e-4,6.06065808152659e-4,7.563199496787169e-4,6.318475355424573e-4,7.99684648178149e-4,6.833845840128721e-4,8.248363300801714e-4,7.411962261183485e-4,8.822419259059203e-4,7.983251827589845e-4,9.447702130657089e-4,8.450280371766105e-4,9.83997877311508e-4,9.36298329905415e-4,0.0010313197979202853,9.621513467658452e-4,0.0011194315658385645,0.0010841055593124134,0.0011456101200936044,0.0011594431003411902,0.0012338323419879642,0.0012640642742797264,0.0013238255401763078,0.0013958962541345613,0.0014738199695742433,0.00153893453425005,0.0016014093820504412,0.0016750762975069687,0.001745281608162363,0.0018217498885959305,0.0019399258112652205,0.0019204183655126524,0.003968415718440417,0.002671127414687132,0.004273369339400809,0.0034025167853555492,0.0046559643711463925,0.004185248000734189,0.006160446642437503,0.004095173741815029,0.006581273466913507,0.003923462482809297,0.006860115787879656,0.004203220683958178,0.006973712449558037,0.004562133367796514,0.007376968985742484,0.004916762773237717,0.007935760756853559,0.005260845813334577,0.00844142535112913,0.005613267622520951,0.009110063031686742,0.006077392224009491,0.009763338944466083,0.006475396832385011,0.010414913882984204,0.006854018344908161,0.01103039617229552,0.0072222784494673205,0.01160580251505426,0.007598209576019313,0.014127058598088939,0.00895575693139303,0.014881049874588145,0.009505088608867856,0.015644401090981017,0.010150660727300767,0.016430089608816353,0.010921669644934014,0.017337675453254063,0.01182027776725952,0.018069700964843713,0.012583715579778323,0.0192870955292041,0.01371373050868892,0.020736348793881955,0.014982155781891878,0.02266670187703619,0.016528484359104426,0.024598467589621482,0.018040202854763744,0.027041988842175145,0.01999851000166379,0.029270160233673972,0.021811936046477798,0.03187002569003373,0.023937872602294324,0.03474193532791372,0.02630495048666992,0.03790581912398202,0.028974806720805737,0.04410902436194276,0.034260451626620204,0.04836208138292532,0.038019228568643745,0.053159226766948266,0.042374911400194594,0.05852537298484682,0.047145833111416645,0.06454322943979379,0.05228117019360014,0.0758863756604696,0.062164720610773654,0.08379060440705667,0.06916863265147748,0.09260164709204444,0.07688839921911443,0.10208233699308192,0.0854916297573018,0.11247581982552053,0.09531678720702157,0.1358138225039206,0.11654046817396516,0.14972494621828714,0.12923336913641406,0.1647790540945719,0.14310386160918043,0.18090639121443639,0.15819303693973177,0.19729481102865357,0.17396778896224022,0.2298713543915731,0.2050685322388626,0.2469035124521715,0.2222047054840428,0.2629511296653634,0.23878938959215987,0.2776514804557885,0.2544808775684844,0.29064981123875405,0.2689298929595426,0.3103246842055485,0.2901103198765206,0.3249871680403042,0.3067123056046239,0.3403412220654446,0.32426155502697734,0.3564217237401389,0.34281537975978515,0.37326056102705646,0.3624321727705011,0.39716258204516497,0.38957517047525736,0.4160671614137357,0.4120078021387438,0.43587257572770677,0.4357294044912091,0.45670214024756167,0.46081891617384174,0.4786353127999116,0.4873520317740808,0.5109477601214515,0.5249728736510049,0.5365473810457665,0.5555454963388885,0.5639868379680908,0.5881341328258263,0.5944145981068728,0.6229512298026071,0.6277707915666508,0.6601715764113539,0.6710303225417347,0.7069557713509365,0.7117978907299416,0.7449942242730152,0.7563529613679071,0.7870686485968554,0.8048482999997254,0.8323082663542813,1,1
48124,2019,2,1,6.236594547573835e-4,4.3968296760772907e-4,6.148286418943077e-4,4.661379474486534e-4,6.441405029031218e-4,5.197314796000913e-4,6.628690065543864e-4,5.538499055401095e-4,7.218773519480089e-4,6.06065808152659e-4,7.563199496787169e-4,6.318475355424573e-4,7.99684648178149e-4,6.833845840128721e-4,8.248363300801714e-4,7.411962261183485e-4,8.822419259059203e-4,7.983251827589845e-4,9.447702130657089e-4,8.450280371766105e-4,9.83997877311508e-4,9.36298329905415e-4,0.0010313197979202853,9.621513467658452e-4,0.0011194315658385645,0.0010841055593124134,0.0011456101200936044,0.0011594431003411902,0.0012338323419879642,0.0012640642742797264,0.0013238255401763078,0.0013958962541345613,0.0014738199695742433,0.00153893453425005,0.0016014093820504412,0.0016750762975069687,0.001745281608162363,0.0018217498885959305,0.0019399258112652205,0.0019204183655126524,0.003968415718440417,0.002671127414687132,0.004273369339400809,0.0034025167853555492,0.0046559643711463925,0.004185248000734189,0.006160446642437503,0.004095173741815029,0.006581273466913507,0.003923462482809297,0.006860115787879656,0.004203220683958178,0.006973712449558037,0.004562133367796514,0.007376968985742484,0.004916762773237717,0.007935760756853559,0.005260845813334577,0.00844142535112913,0.005613267622520951,0.009110063031686742,0.006077392224009491,0.009763338944466083,0.006475396832385011,0.010414913882984204,0.006854018344908161,0.01103039617229552,0.0072222784494673205,0.01160580251505426,0.007598209576019313,0.014127058598088939,0.00895575693139303,0.014881049874588145,0.009505088608867856,0.015644401090981017,0.010150660727300767,0.016430089608816353,0.010921669644934014,0.017337675453254063,0.01182027776725952,0.018069700964843713,0.012583715579778323,0.0192870955292041,0.01371373050868892,0.020736348793881955,0.014982155781891878,0.02266670187703619,0.016528484359104426,0.024598467589621482,0.018040202854763744,0.027041988842175145,0.01999851000166379,0.029270160233673972,0.021811936046477798,0.03187002569003373,0.023937872602294324,0.03474193532791372,0.02630495048666992,0.03790581912398202,0.028974806720805737,0.04410902436194276,0.034260451626620204,0.04836208138292532,0.038019228568643745,0.053159226766948266,0.042374911400194594,0.05852537298484682,0.047145833111416645,0.06454322943979379,0.05228117019360014,0.0758863756604696,0.062164720610773654,0.08379060440705667,0.06916863265147748,0.09260164709204444,0.07688839921911443,0.10208233699308192,0.0854916297573018,0.11247581982552053,0.09531678720702157,0.1358138225039206,0.11654046817396516,0.14972494621828714,0.12923336913641406,0.1647790540945719,0.14310386160918043,0.18090639121443639,0.15819303693973177,0.19729481102865357,0.17396778896224022,0.2298713543915731,0.2050685322388626,0.2469035124521715,0.2222047054840428,0.2629511296653634,0.23878938959215987,0.2776514804557885,0.2544808775684844,0.29064981123875405,0.2689298929595426,0.3103246842055485,0.2901103198765206,0.3249871680403042,0.3067123056046239,0.3403412220654446,0.32426155502697734,0.3564217237401389,0.34281537975978515,0.37326056102705646,0.3624321727705011,0.39716258204516497,0.38957517047525736,0.4160671614137357,0.4120078021387438,0.43587257572770677,0.4357294044912091,0.45670214024756167,0.46081891617384174,0.4786353127999116,0.4873520317740808,0.5109477601214515,0.5249728736510049,0.5365473810457665,0.5555454963388885,0.5639868379680908,0.5881341328258263,0.5944145981068728,0.6229512298026071,0.6277707915666508,0.6601715764113539,0.6710303225417347,0.7069557713509365,0.7117978907299416,0.7449942242730152,0.7563529613679071,0.7870686485968554,0.8048482999997254,0.8323082663542813,1,1
48125,2019,2,1,6.236594547573835e-4,4.3968296760772907e-4,6.148286418943077e-4,4.661379474486534e-4,6.441405029031218e-4,5.197314796000913e-4,6.628690065543864e-4,5.538499055401095e-4,7.218773519480089e-4,6.06065808152659e-4,7.563199496787169e-4,6.318475355424573e-4,7.99684648178149e-4,6.833845840128721e-4,8.248363300801714e-4,7.411962261183485e-4,8.822419259059203e-4,7.983251827589845e-4,9.447702130657089e-4,8.450280371766105e-4,9.83997877311508e-4,9.36298329905415e-4,0.0010313197979202853,9.621513467658452e-4,0.0011194315658385645,0.0010841055593124134,0.0011456101200936044,0.0011594431003411902,0.0012338323419879642,0.0012640642742797264,0.0013238255401763078,0.0013958962541345613,0.0014738199695742433,0.00153893453425005,0.0016014093820504412,0.0016750762975069687,0.001745281608162363,0.0018217498885959305,0.0019399258112652205,0.0019204183655126524,0.003968415718440417,0.002671127414687132,0.004273369339400809,0.0034025167853555492,0.0046559643711463925,0.004185248000734189,0.006160446642437503,0.004095173741815029,0.006581273466913507,0.003923462482809297,0.006860115787879656,0.004203220683958178,0.006973712449558037,0.004562133367796514,0.007376968985742484,0.004916762773237717,0.007935760756853559,0.005260845813334577,0.00844142535112913,0.005613267622520951,0.009110063031686742,0.006077392224009491,0.009763338944466083,0.006475396832385011,0.010414913882984204,0.006854018344908161,0.01103039617229552,0.0072222784494673205,0.01160580251505426,0.007598209576019313,0.014127058598088939,0.00895575693139303,0.014881049874588145,0.009505088608867856,0.015644401090981017,0.010150660727300767,0.016430089608816353,0.010921669644934014,0.017337675453254063,0.01182027776725952,0.018069700964843713,0.012583715579778323,0.0192870955292041,0.01371373050868892,0.020736348793881955,0.014982155781891878,0.02266670187703619,0.016528484359104426,0.024598467589621482,0.018040202854763744,0.027041988842175145,0.01999851000166379,0.029270160233673972,0.021811936046477798,0.03187002569003373,0.023937872602294324,0.03474193532791372,0.02630495048666992,0.03790581912398202,0.028974806720805737,0.04410902436194276,0.034260451626620204,0.04836208138292532,0.038019228568643745,0.053159226766948266,0.042374911400194594,0.05852537298484682,0.047145833111416645,0.06454322943979379,0.05228117019360014,0.0758863756604696,0.062164720610773654,0.08379060440705667,0.06916863265147748,0.09260164709204444,0.07688839921911443,0.10208233699308192,0.0854916297573018,0.11247581982552053,0.09531678720702157,0.1358138225039206,0.11654046817396516,0.14972494621828714,0.12923336913641406,0.1647790540945719,0.14310386160918043,0.18090639121443639,0.15819303693973177,0.19729481102865357,0.17396778896224022,0.2298713543915731,0.2050685322388626,0.2469035124521715,0.2222047054840428,0.2629511296653634,0.23878938959215987,0.2776514804557885,0.2544808775684844,0.29064981123875405,0.2689298929595426,0.3103246842055485,0.2901103198765206,0.3249871680403042,0.3067123056046239,0.3403412220654446,0.32426155502697734,0.3564217237401389,0.34281537975978515,0.37326056102705646,0.3624321727705011,0.39716258204516497,0.38957517047525736,0.4160671614137357,0.4120078021387438,0.43587257572770677,0.4357294044912091,0.45670214024756167,0.46081891617384174,0.4786353127999116,0.4873520317740808,0.5109477601214515,0.5249728736510049,0.5365473810457665,0.5555454963388885,0.5639868379680908,0.5881341328258263,0.5944145981068728,0.6229512298026071,0.6277707915666508,0.6601715764113539,0.6710303225417347,0.7069557713509365,0.7117978907299416,0.7449942242730152,0.7563529613679071,0.7870686485968554,0.8048482999997254,0.8323082663542813,1,1
52041,2019,0,2,,0.0010059091370220451,,0.0010101277995516324,,0.0010649932210759514,,0.0011184513177886655,,0.001211300789245947,,0.0013590165809108348,,0.0014631189172951225,,0.0015995774469742818,,0.0016755405404870083,,0.0018485736124610461,,0.0019906542986860083,,0.0020989691162248522,,0.002297317414610164,,0.0025055096817785828,,0.0026236631283454424,,0.00291062657640685,,0.003118804248061817,,0.0033973133481603177,,0.0037433373805540716,,0.004099197111671389,,0.0047458743948176965,,0.005079343501313155,,0.0053830679534215865,,0.005720823725014785,,0.007222716879767346,,0.008967484713345353,,0.0088746219547618,,0.008636390246033592,,0.008946628061709245,,0.009591664326101227,,0.010365322656229864,,0.011040785610064373,,0.011680278732648286,,0.012301545509535047,,0.012934158933649985,,0.008487260623550631,,0.009007329226653383,,0.009620539216028293,,0.010352655867527738,,0.011204714621200117,,0.011938220815933633,,0.013010504284233797,,0.014216760981964371,,0.015684797402523546,,0.017122621951617272,,0.018949208037978876,,0.02066853198895003,,0.022682993346251512,,0.024926235713158024,,0.027455701940566058,,0.032237324080709374,,0.035774020986768136,,0.03987227128003928,,0.04436172719579521,,0.0491938594289682,,0.0581598961387274,,0.06471234271685254,,0.0719352860200972,,0.07998421790347432,,0.08917606444089561,,0.10821836951308607,,0.12000405788667874,,0.13288512200322883,,0.1468962256520705,,0.16154415263067853,,0.18954060968485648,,0.2053799806225764,,0.22070830826611373,,0.2352116377234996,,0.24856710055693634,,0.2678094652132835,,0.2831348216748779,,0.29933469602167256,,0.3164625695286399,,0.3345709330767717,,0.3592634358104197,,0.37994979489102737,,0.40182660753676586,,0.4249632013263035,,0.44943187502025156,,0.48358363066618404,,0.5116209891840036,,0.5413101221276259,,0.5728876732976843,,0.6067320260940743,,0.6492705149551008,,0.683656208936613,,0.7236307034631169,,0.7676611438187434,1,1
52042,2019,0,2,,0.0010059091370220451,,0.0010101277995516324,,0.0010649932210759514,,0.0011184513177886655,,0.001211300789245947,,0.0013590165809108348,,0.0014631189172951225,,0.0015995774469742818,,0.0016755405404870083,,0.0018485736124610461,,0.0019906542986860083,,0.0020989691162248522,,0.002297317414610164,,0.0025055096817785828,,0.0026236631283454424,,0.00291062657640685,,0.003118804248061817,,0.0033973133481603177,,0.0037433373805540716,,0.004099197111671389,,0.0047458743948176965,,0.005079343501313155,,0.0053830679534215865,,0.005720823725014785,,0.007222716879767346,,0.008967484713345353,,0.0088746219547618,,0.008636390246033592,,0.008946628061709245,,0.009591664326101227,,0.010365322656229864,,0.011040785610064373,,0.011680278732648286,,0.012301545509535047,,0.012934158933649985,,0.008487260623550631,,0.009007329226653383,,0.009620539216028293,,0.010352655867527738,,0.011204714621200117,,0.011938220815933633,,0.013010504284233797,,0.014216760981964371,,0.015684797402523546,,0.017122621951617272,,0.018949208037978876,,0.02066853198895003,,0.022682993346251512,,0.024926235713158024,,0.027455701940566058,,0.032237324080709374,,0.035774020986768136,,0.03987227128003928,,0.04436172719579521,,0.0491938594289682,,0.0581598961387274,,0.06471234271685254,,0.0719352860200972,,0.07998421790347432,,0.08917606444089561,,0.10821836951308607,,0.12000405788667874,,0.13288512200322883,,0.1468962256520705,,0.16154415263067853,,0.18954060968485648,,0.2053799806225764,,0.22070830826611373,,0.2352116377234996,,0.24856710055693634,,0.2678094652132835,,0.2831348216748779,,0.29933469602167256,,0.3164625695286399,,0.3345709330767717,,0.3592634358104197,,0.37994979489102737,,0.40182660753676586,,0.4249632013263035,,0.44943187502025156,,0.48358363066618404,,0.5116209891840036,,0.5413101221276259,,0.5728876732976843,,0.6067320260940743,,0.6492705149551008,,0.683656208936613,,0.7236307034631169,,0.7676611438187434,1,1
52043,2019,0,2,,0.0010059091370220451,,0.0010101277995516324,,0.0010649932210759514,,0.0011184513177886655,,0.001211300789245947,,0.0013590165809108348,,0.0014631189172951225,,0.0015995774469742818,,0.0016755405404870083,,0.0018485736124610461,,0.0019906542986860083,,0.0020989691162248522,,0.002297317414610164,,0.0025055096817785828,,0.0026236631283454424,,0.00291062657640685,,0.003118804248061817,,0.0033973133481603177,,0.0037433373805540716,,0.004099197111671389,,0.0047458743948176965,,0.005079343501313155,,0.0053830679534215865,,0.005720823725014785,,0.007222716879767346,,0.008967484713345353,,0.0088746219547618,,0.008636390246033592,,0.008946628061709245,,0.009591664326101227,,0.010365322656229864,,0.011040785610064373,,0.011680278732648286,,0.012301545509535047,,0.012934158933649985,,0.008487260623550631,,0.009007329226653383,,0.009620539216028293,,0.010352655867527738,,0.011204714621200117,,0.011938220815933633,,0.013010504284233797,,0.014216760981964371,,0.015684797402523546,,0.017122621951617272,,0.018949208037978876,,0.02066853198895003,,0.022682993346251512,,0.024926235713158024,,0.027455701940566058,,0.032237324080709374,,0.035774020986768136,,0.03987227128003928,,0.04436172719579521,,0.0491938594289682,,0.0581598961387274,,0.06471234271685254,,0.0719352860200972,,0.07998421790347432,,0.08917606444089561,,0.10821836951308607,,0.12000405788667874,,0.13288512200322883,,0.1468962256520705,,0.16154415263067853,,0.18954060968485648,,0.2053799806225764,,0.22070830826611373,,0.2352116377234996,,0.24856710055693634,,0.2678094652132835,,0.2831348216748779,,0.29933469602167256,,0.3164625695286399,,0.3345709330767717,,0.3592634358104197,,0.37994979489102737,,0.40182660753676586,,0.4249632013263035,,0.44943187502025156,,0.48358363066618404,,0.5116209891840036,,0.5413101221276259,,0.5728876732976843,,0.6067320260940743,,0.6492705149551008,,0.683656208936613,,0.7236307034631169,,0.7676611438187434,1,1
52044,2019,0,2,,0.0010059091370220451,,0.0010101277995516324,,0.0010649932210759514,,0.0011184513177886655,,0.001211300789245947,,0.0013590165809108348,,0.0014631189172951225,,0.0015995774469742818,,0.0016755405404870083,,0.0018485736124610461,,0.0019906542986860083,,0.0020989691162248522,,0.002297317414610164,,0.0025055096817785828,,0.0026236631283454424,,0.00291062657640685,,0.003118804248061817,,0.0033973133481603177,,0.0037433373805540716,,0.004099197111671389,,0.0047458743948176965,,0.005079343501313155,,0.0053830679534215865,,0.005720823725014785,,0.007222716879767346,,0.008967484713345353,,0.0088746219547618,,0.008636390246033592,,0.008946628061709245,,0.009591664326101227,,0.010365322656229864,,0.011040785610064373,,0.011680278732648286,,0.012301545509535047,,0.012934158933649985,,0.008487260623550631,,0.009007329226653383,,0.009620539216028293,,0.010352655867527738,,0.011204714621200117,,0.011938220815933633,,0.013010504284233797,,0.014216760981964371,,0.015684797402523546,,0.017122621951617272,,0.018949208037978876,,0.02066853198895003,,0.022682993346251512,,0.024926235713158024,,0.027455701940566058,,0.032237324080709374,,0.035774020986768136,,0.03987227128003928,,0.04436172719579521,,0.0491938594289682,,0.0581598961387274,,0.06471234271685254,,0.0719352860200972,,0.07998421790347432,,0.08917606444089561,,0.10821836951308607,,0.12000405788667874,,0.13288512200322883,,0.1468962256520705,,0.16154415263067853,,0.18954060968485648,,0.2053799806225764,,0.22070830826611373,,0.2352116377234996,,0.24856710055693634,,0.2678094652132835,,0.2831348216748779,,0.29933469602167256,,0.3164625695286399,,0.3345709330767717,,0.3592634358104197,,0.37994979489102737,,0.40182660753676586,,0.4249632013263035,,0.44943187502025156,,0.48358363066618404,,0.5116209891840036,,0.5413101221276259,,0.5728876732976843,,0.6067320260940743,,0.6492705149551008,,0.683656208936613,,0.7236307034631169,,0.7676611438187434,1,1
52045,2019,0,2,,0.0010059091370220451,,0.0010101277995516324,,0.0010649932210759514,,0.0011184513177886655,,0.001211300789245947,,0.0013590165809108348,,0.0014631189172951225,,0.0015995774469742818,,0.0016755405404870083,,0.0018485736124610461,,0.0019906542986860083,,0.0020989691162248522,,0.002297317414610164,,0.0025055096817785828,,0.0026236631283454424,,0.00291062657640685,,0.003118804248061817,,0.0033973133481603177,,0.0037433373805540716,,0.004099197111671389,,0.0047458743948176965,,0.005079343501313155,,0.0053830679534215865,,0.005720823725014785,,0.007222716879767346,,0.008967484713345353,,0.0088746219547618,,0.008636390246033592,,0.008946628061709245,,0.009591664326101227,,0.010365322656229864,,0.011040785610064373,,0.011680278732648286,,0.012301545509535047,,0.012934158933649985,,0.008487260623550631,,0.009007329226653383,,0.009620539216028293,,0.010352655867527738,,0.011204714621200117,,0.011938220815933633,,0.013010504284233797,,0.014216760981964371,,0.015684797402523546,,0.017122621951617272,,0.018949208037978876,,0.02066853198895003,,0.022682993346251512,,0.024926235713158024,,0.027455701940566058,,0.032237324080709374,,0.035774020986768136,,0.03987227128003928,,0.04436172719579521,,0.0491938594289682,,0.0581598961387274,,0.06471234271685254,,0.0719352860200972,,0.07998421790347432,,0.08917606444089561,,0.10821836951308607,,0.12000405788667874,,0.13288512200322883,,0.1468962256520705,,0.16154415263067853,,0.18954060968485648,,0.2053799806225764,,0.22070830826611373,,0.2352116377234996,,0.24856710055693634,,0.2678094652132835,,0.2831348216748779,,0.29933469602167256,,0.3164625695286399,,0.3345709330767717,,0.3592634358104197,,0.37994979489102737,,0.40182660753676586,,0.4249632013263035,,0.44943187502025156,,0.48358363066618404,,0.5116209891840036,,0.5413101221276259,,0.5728876732976843,,0.6067320260940743,,0.6492705149551008,,0.683656208936613,,0.7236307034631169,,0.7676611438187434,1,1
55551,2019,2,1,8.147225222171742e-4,5.13979912121201e-4,8.937717463162666e-4,5.792447665530064e-4,9.478943343894008e-4,6.27116725900456e-4,9.603065611566036e-4,6.728199272192452e-4,8.724718380971495e-4,6.975034360926221e-4,8.00990325315104e-4,6.989896050419285e-4,7.999049610001614e-4,7.642912478519957e-4,8.446873076200164e-4,8.267041545256721e-4,9.075181515872914e-4,8.956572678472509e-4,9.99062182692041e-4,0.0010161212893910602,0.0010791912714826321,0.0010996191803580469,0.0011466729112565807,0.0011882181212123774,0.001197812964506498,0.0012645110995989437,0.0013137918721134979,0.001388718951523638,0.0013847477228274303,0.0015028107317673455,0.0014857318014732594,0.001576306995487732,0.0015708119910572084,0.001725331196844858,0.001678577396330321,0.0018874914899892359,0.0017930446815986052,0.0019662344712847394,0.0019499878721078976,0.002164139080284185,0.003975156563120656,0.0029222813968731573,0.0043129068875543165,0.003183304594148076,0.00467953837895749,0.00348270880607433,0.005133205800833956,0.003769458155881339,0.005605026122745539,0.004103749961472641,0.006057059447032788,0.004388028379429455,0.006561444104764232,0.004689793079430823,0.007032937140592412,0.004978051135481232,0.008975480421610508,0.006161747448028818,0.00962166900655141,0.007524959556972225,0.00989117822270423,0.007525844450905786,0.010038434355171579,0.007291284988591849,0.010619100329565133,0.00753362340718762,0.011359322888444118,0.007979170505985768,0.01191394815832393,0.008349374326359446,0.014728859080876113,0.009772769859294494,0.01551646415361164,0.010371838923411225,0.016313472312321987,0.011076367356267477,0.01713462712534408,0.011917884038953358,0.018081813441542634,0.012897472465894089,0.01886929428369978,0.013754179251115058,0.02014246553210994,0.014988152817778174,0.021657918282768987,0.01637540413764526,0.023676737579670898,0.018064880414531827,0.025697627353262094,0.019717345164289125,0.028171011825895452,0.02176768961270278,0.030491785293168025,0.023742122674820964,0.033200008261527976,0.02605577551413125,0.03619170694081004,0.02863254112934057,0.0394884607968976,0.03153874133586145,0.045416928605940494,0.03668683635190199,0.04979559841063399,0.04071180947743146,0.05473435344348161,0.04537608141382299,0.06025967759443109,0.050485035686341356,0.06645592695739005,0.0559843101512058,0.07739279262099502,0.06568360384457383,0.08545370401323767,0.07308446609889019,0.09444057066883846,0.08124096215175948,0.10410915226939038,0.09033139983478271,0.11470859355736482,0.10071348205403745,0.13679125334971803,0.1210025213559028,0.15080123113207405,0.1341820794941168,0.16596472945437618,0.14858369862452292,0.18220720107084565,0.16425086846214576,0.19871353070197964,0.18062909514042133,0.22973597467891543,0.21062286435003277,0.24675824972162397,0.22822315202050053,0.2627966972970145,0.24525698615277236,0.2774883900243217,0.26137210005514877,0.2904782476012832,0.27621296530730377,0.30949858500782684,0.29710216267650896,0.3241216157982326,0.3141033795225124,0.33943518949690554,0.33207550425644056,0.35547265618748297,0.35107724799357676,0.37226736595360355,0.3711662346063289,0.3954348843490013,0.39802004639116206,0.41425806390815645,0.42093803896626636,0.43402636271995637,0.4451737699066167,0.45482381787144344,0.47080660794213347,0.47683003766407217,0.4979148345598609,0.5095082573244956,0.5350296163315239,0.5363427842953348,0.5660619809392251,0.5651181947639499,0.5989382623661158,0.5965350779358751,0.6338914155786877,0.6315037649833964,0.6712819667619249,0.6769091156405257,0.7170457997678956,0.7201190543647781,0.7573646960343592,0.7671882869799725,0.8019599355288837,0.8184386664668428,0.8504949315825702,1,1
55552,2019,2,1,8.147225222171742e-4,5.13979912121201e-4,8.937717463162666e-4,5.792447665530064e-4,9.478943343894008e-4,6.27116725900456e-4,9.603065611566036e-4,6.728199272192452e-4,8.724718380971495e-4,6.975034360926221e-4,8.00990325315104e-4,6.989896050419285e-4,7.999049610001614e-4,7.642912478519957e-4,8.446873076200164e-4,8.267041545256721e-4,9.075181515872914e-4,8.956572678472509e-4,9.99062182692041e-4,0.0010161212893910602,0.0010791912714826321,0.0010996191803580469,0.0011466729112565807,0.0011882181212123774,0.001197812964506498,0.0012645110995989437,0.0013137918721134979,0.001388718951523638,0.0013847477228274303,0.0015028107317673455,0.0014857318014732594,0.001576306995487732,0.0015708119910572084,0.001725331196844858,0.001678577396330321,0.0018874914899892359,0.0017930446815986052,0.0019662344712847394,0.0019499878721078976,0.002164139080284185,0.003975156563120656,0.0029222813968731573,0.0043129068875543165,0.003183304594148076,0.00467953837895749,0.00348270880607433,0.005133205800833956,0.003769458155881339,0.005605026122745539,0.004103749961472641,0.006057059447032788,0.004388028379429455,0.006561444104764232,0.004689793079430823,0.007032937140592412,0.004978051135481232,0.008975480421610508,0.006161747448028818,0.00962166900655141,0.007524959556972225,0.00989117822270423,0.007525844450905786,0.010038434355171579,0.007291284988591849,0.010619100329565133,0.00753362340718762,0.011359322888444118,0.007979170505985768,0.01191394815832393,0.008349374326359446,0.014728859080876113,0.009772769859294494,0.01551646415361164,0.010371838923411225,0.016313472312321987,0.011076367356267477,0.01713462712534408,0.011917884038953358,0.018081813441542634,0.012897472465894089,0.01886929428369978,0.013754179251115058,0.02014246553210994,0.014988152817778174,0.021657918282768987,0.01637540413764526,0.023676737579670898,0.018064880414531827,0.025697627353262094,0.019717345164289125,0.028171011825895452,0.02176768961270278,0.030491785293168025,0.023742122674820964,0.033200008261527976,0.02605577551413125,0.03619170694081004,0.02863254112934057,0.0394884607968976,0.03153874133586145,0.045416928605940494,0.03668683635190199,0.04979559841063399,0.04071180947743146,0.05473435344348161,0.04537608141382299,0.06025967759443109,0.050485035686341356,0.06645592695739005,0.0559843101512058,0.07739279262099502,0.06568360384457383,0.08545370401323767,0.07308446609889019,0.09444057066883846,0.08124096215175948,0.10410915226939038,0.09033139983478271,0.11470859355736482,0.10071348205403745,0.13679125334971803,0.1210025213559028,0.15080123113207405,0.1341820794941168,0.16596472945437618,0.14858369862452292,0.18220720107084565,0.16425086846214576,0.19871353070197964,0.18062909514042133,0.22973597467891543,0.21062286435003277,0.24675824972162397,0.22822315202050053,0.2627966972970145,0.24525698615277236,0.2774883900243217,0.26137210005514877,0.2904782476012832,0.27621296530730377,0.30949858500782684,0.29710216267650896,0.3241216157982326,0.3141033795225124,0.33943518949690554,0.33207550425644056,0.35547265618748297,0.35107724799357676,0.37226736595360355,0.3711662346063289,0.3954348843490013,0.39802004639116206,0.41425806390815645,0.42093803896626636,0.43402636271995637,0.4451737699066167,0.45482381787144344,0.47080660794213347,0.47683003766407217,0.4979148345598609,0.5095082573244956,0.5350296163315239,0.5363427842953348,0.5660619809392251,0.5651181947639499,0.5989382623661158,0.5965350779358751,0.6338914155786877,0.6315037649833964,0.6712819667619249,0.6769091156405257,0.7170457997678956,0.7201190543647781,0.7573646960343592,0.7671882869799725,0.8019599355288837,0.8184386664668428,0.8504949315825702,1,1
55553,2019,2,1,8.147225222171742e-4,5.13979912121201e-4,8.937717463162666e-4,5.792447665530064e-4,9.478943343894008e-4,6.27116725900456e-4,9.603065611566036e-4,6.728199272192452e-4,8.724718380971495e-4,6.975034360926221e-4,8.00990325315104e-4,6.989896050419285e-4,7.999049610001614e-4,7.642912478519957e-4,8.446873076200164e-4,8.267041545256721e-4,9.075181515872914e-4,8.956572678472509e-4,9.99062182692041e-4,0.0010161212893910602,0.0010791912714826321,0.0010996191803580469,0.0011466729112565807,0.0011882181212123774,0.001197812964506498,0.0012645110995989437,0.0013137918721134979,0.001388718951523638,0.0013847477228274303,0.0015028107317673455,0.0014857318014732594,0.001576306995487732,0.0015708119910572084,0.001725331196844858,0.001678577396330321,0.0018874914899892359,0.0017930446815986052,0.0019662344712847394,0.0019499878721078976,0.002164139080284185,0.003975156563120656,0.0029222813968731573,0.0043129068875543165,0.003183304594148076,0.00467953837895749,0.00348270880607433,0.005133205800833956,0.003769458155881339,0.005605026122745539,0.004103749961472641,0.006057059447032788,0.004388028379429455,0.006561444104764232,0.004689793079430823,0.007032937140592412,0.004978051135481232,0.008975480421610508,0.006161747448028818,0.00962166900655141,0.007524959556972225,0.00989117822270423,0.007525844450905786,0.010038434355171579,0.007291284988591849,0.010619100329565133,0.00753362340718762,0.011359322888444118,0.007979170505985768,0.01191394815832393,0.008349374326359446,0.014728859080876113,0.009772769859294494,0.01551646415361164,0.010371838923411225,0.016313472312321987,0.011076367356267477,0.01713462712534408,0.011917884038953358,0.018081813441542634,0.012897472465894089,0.01886929428369978,0.013754179251115058,0.02014246553210994,0.014988152817778174,0.021657918282768987,0.01637540413764526,0.023676737579670898,0.018064880414531827,0.025697627353262094,0.019717345164289125,0.028171011825895452,0.02176768961270278,0.030491785293168025,0.023742122674820964,0.033200008261527976,0.02605577551413125,0.03619170694081004,0.02863254112934057,0.0394884607968976,0.03153874133586145,0.045416928605940494,0.03668683635190199,0.04979559841063399,0.04071180947743146,0.05473435344348161,0.04537608141382299,0.06025967759443109,0.050485035686341356,0.06645592695739005,0.0559843101512058,0.07739279262099502,0.06568360384457383,0.08545370401323767,0.07308446609889019,0.09444057066883846,0.08124096215175948,0.10410915226939038,0.09033139983478271,0.11470859355736482,0.10071348205403745,0.13679125334971803,0.1210025213559028,0.15080123113207405,0.1341820794941168,0.16596472945437618,0.14858369862452292,0.18220720107084565,0.16425086846214576,0.19871353070197964,0.18062909514042133,0.22973597467891543,0.21062286435003277,0.24675824972162397,0.22822315202050053,0.2627966972970145,0.24525698615277236,0.2774883900243217,0.26137210005514877,0.2904782476012832,0.27621296530730377,0.30949858500782684,0.29710216267650896,0.3241216157982326,0.3141033795225124,0.33943518949690554,0.33207550425644056,0.35547265618748297,0.35107724799357676,0.37226736595360355,0.3711662346063289,0.3954348843490013,0.39802004639116206,0.41425806390815645,0.42093803896626636,0.43402636271995637,0.4451737699066167,0.45482381787144344,0.47080660794213347,0.47683003766407217,0.4979148345598609,0.5095082573244956,0.5350296163315239,0.5363427842953348,0.5660619809392251,0.5651181947639499,0.5989382623661158,0.5965350779358751,0.6338914155786877,0.6315037649833964,0.6712819667619249,0.6769091156405257,0.7170457997678956,0.7201190543647781,0.7573646960343592,0.7671882869799725,0.8019599355288837,0.8184386664668428,0.8504949315825702,1,1
55554,2019,2,1,8.147225222171742e-4,5.13979912121201e-4,8.937717463162666e-4,5.792447665530064e-4,9.478943343894008e-4,6.27116725900456e-4,9.603065611566036e-4,6.728199272192452e-4,8.724718380971495e-4,6.975034360926221e-4,8.00990325315104e-4,6.989896050419285e-4,7.999049610001614e-4,7.642912478519957e-4,8.446873076200164e-4,8.267041545256721e-4,9.075181515872914e-4,8.956572678472509e-4,9.99062182692041e-4,0.0010161212893910602,0.0010791912714826321,0.0010996191803580469,0.0011466729112565807,0.0011882181212123774,0.001197812964506498,0.0012645110995989437,0.0013137918721134979,0.001388718951523638,0.0013847477228274303,0.0015028107317673455,0.0014857318014732594,0.001576306995487732,0.0015708119910572084,0.001725331196844858,0.001678577396330321,0.0018874914899892359,0.0017930446815986052,0.0019662344712847394,0.0019499878721078976,0.002164139080284185,0.003975156563120656,0.0029222813968731573,0.0043129068875543165,0.003183304594148076,0.00467953837895749,0.00348270880607433,0.005133205800833956,0.003769458155881339,0.005605026122745539,0.004103749961472641,0.006057059447032788,0.004388028379429455,0.006561444104764232,0.004689793079430823,0.007032937140592412,0.004978051135481232,0.008975480421610508,0.006161747448028818,0.00962166900655141,0.007524959556972225,0.00989117822270423,0.007525844450905786,0.010038434355171579,0.007291284988591849,0.010619100329565133,0.00753362340718762,0.011359322888444118,0.007979170505985768,0.01191394815832393,0.008349374326359446,0.014728859080876113,0.009772769859294494,0.01551646415361164,0.010371838923411225,0.016313472312321987,0.011076367356267477,0.01713462712534408,0.011917884038953358,0.018081813441542634,0.012897472465894089,0.01886929428369978,0.013754179251115058,0.02014246553210994,0.014988152817778174,0.021657918282768987,0.01637540413764526,0.023676737579670898,0.018064880414531827,0.025697627353262094,0.019717345164289125,0.028171011825895452,0.02176768961270278,0.030491785293168025,0.023742122674820964,0.033200008261527976,0.02605577551413125,0.03619170694081004,0.02863254112934057,0.0394884607968976,0.03153874133586145,0.045416928605940494,0.03668683635190199,0.04979559841063399,0.04071180947743146,0.05473435344348161,0.04537608141382299,0.06025967759443109,0.050485035686341356,0.06645592695739005,0.0559843101512058,0.07739279262099502,0.06568360384457383,0.08545370401323767,0.07308446609889019,0.09444057066883846,0.08124096215175948,0.10410915226939038,0.09033139983478271,0.11470859355736482,0.10071348205403745,0.13679125334971803,0.1210025213559028,0.15080123113207405,0.1341820794941168,0.16596472945437618,0.14858369862452292,0.18220720107084565,0.16425086846214576,0.19871353070197964,0.18062909514042133,0.22973597467891543,0.21062286435003277,0.24675824972162397,0.22822315202050053,0.2627966972970145,0.24525698615277236,0.2774883900243217,0.26137210005514877,0.2904782476012832,0.27621296530730377,0.30949858500782684,0.29710216267650896,0.3241216157982326,0.3141033795225124,0.33943518949690554,0.33207550425644056,0.35547265618748297,0.35107724799357676,0.37226736595360355,0.3711662346063289,0.3954348843490013,0.39802004639116206,0.41425806390815645,0.42093803896626636,0.43402636271995637,0.4451737699066167,0.45482381787144344,0.47080660794213347,0.47683003766407217,0.4979148345598609,0.5095082573244956,0.5350296163315239,0.5363427842953348,0.5660619809392251,0.5651181947639499,0.5989382623661158,0.5965350779358751,0.6338914155786877,0.6315037649833964,0.6712819667619249,0.6769091156405257,0.7170457997678956,0.7201190543647781,0.7573646960343592,0.7671882869799725,0.8019599355288837,0.8184386664668428,0.8504949315825702,1,1
55555,2019,2,1,8.147225222171742e-4,5.13979912121201e-4,8.937717463162666e-4,5.792447665530064e-4,9.478943343894008e-4,6.27116725900456e-4,9.603065611566036e-4,6.728199272192452e-4,8.724718380971495e-4,6.975034360926221e-4,8.00990325315104e-4,6.989896050419285e-4,7.999049610001614e-4,7.642912478519957e-4,8.446873076200164e-4,8.267041545256721e-4,9.075181515872914e-4,8.956572678472509e-4,9.99062182692041e-4,0.0010161212893910602,0.0010791912714826321,0.0010996191803580469,0.0011466729112565807,0.0011882181212123774,0.001197812964506498,0.0012645110995989437,0.0013137918721134979,0.001388718951523638,0.0013847477228274303,0.0015028107317673455,0.0014857318014732594,0.001576306995487732,0.0015708119910572084,0.001725331196844858,0.001678577396330321,0.0018874914899892359,0.0017930446815986052,0.0019662344712847394,0.0019499878721078976,0.002164139080284185,0.003975156563120656,0.0029222813968731573,0.0043129068875543165,0.003183304594148076,0.00467953837895749,0.00348270880607433,0.005133205800833956,0.003769458155881339,0.005605026122745539,0.004103749961472641,0.006057059447032788,0.004388028379429455,0.006561444104764232,0.004689793079430823,0.007032937140592412,0.004978051135481232,0.008975480421610508,0.006161747448028818,0.00962166900655141,0.007524959556972225,0.00989117822270423,0.007525844450905786,0.010038434355171579,0.007291284988591849,0.010619100329565133,0.00753362340718762,0.011359322888444118,0.007979170505985768,0.01191394815832393,0.008349374326359446,0.014728859080876113,0.009772769859294494,0.01551646415361164,0.010371838923411225,0.016313472312321987,0.011076367356267477,0.01713462712534408,0.011917884038953358,0.018081813441542634,0.012897472465894089,0.01886929428369978,0.013754179251115058,0.02014246553210994,0.014988152817778174,0.021657918282768987,0.01637540413764526,0.023676737579670898,0.018064880414531827,0.025697627353262094,0.019717345164289125,0.028171011825895452,0.02176768961270278,0.030491785293168025,0.023742122674820964,0.033200008261527976,0.02605577551413125,0.03619170694081004,0.02863254112934057,0.0394884607968976,0.03153874133586145,0.045416928605940494,0.03668683635190199,0.04979559841063399,0.04071180947743146,0.05473435344348161,0.04537608141382299,0.06025967759443109,0.050485035686341356,0.06645592695739005,0.0559843101512058,0.07739279262099502,0.06568360384457383,0.08545370401323767,0.07308446609889019,0.09444057066883846,0.08124096215175948,0.10410915226939038,0.09033139983478271,0.11470859355736482,0.10071348205403745,0.13679125334971803,0.1210025213559028,0.15080123113207405,0.1341820794941168,0.16596472945437618,0.14858369862452292,0.18220720107084565,0.16425086846214576,0.19871353070197964,0.18062909514042133,0.22973597467891543,0.21062286435003277,0.24675824972162397,0.22822315202050053,0.2627966972970145,0.24525698615277236,0.2774883900243217,0.26137210005514877,0.2904782476012832,0.27621296530730377,0.30949858500782684,0.29710216267650896,0.3241216157982326,0.3141033795225124,0.33943518949690554,0.33207550425644056,0.35547265618748297,0.35107724799357676,0.37226736595360355,0.3711662346063289,0.3954348843490013,0.39802004639116206,0.41425806390815645,0.42093803896626636,0.43402636271995637,0.4451737699066167,0.45482381787144344,0.47080660794213347,0.47683003766407217,0.4979148345598609,0.5095082573244956,0.5350296163315239,0.5363427842953348,0.5660619809392251,0.5651181947639499,0.5989382623661158,0.5965350779358751,0.6338914155786877,0.6315037649833964,0.6712819667619249,0.6769091156405257,0.7170457997678956,0.7201190543647781,0.7573646960343592,0.7671882869799725,0.8019599355288837,0.8184386664668428,0.8504949315825702,1,1
