Y1,year,spsex,rsex,cmsurv30,cfsurv30,cmsurv31,cfsurv31,cmsurv32,cfsurv32,cmsurv33,cfsurv33,cmsurv34,cfsurv34,cmsurv35,cfsurv35,cmsurv36,cfsurv36,cmsurv37,cfsurv37,cmsurv38,cfsurv38,cmsurv39,cfsurv39,cmsurv40,cfsurv40,cmsurv41,cfsurv41,cmsurv42,cfsurv42,cmsurv43,cfsurv43,cmsurv44,cfsurv44,cmsurv45,cfsurv45,cmsurv46,cfsurv46,cmsurv47,cfsurv47,cmsurv48,cfsurv48,cmsurv49,cfsurv49,cmsurv50,cfsurv50,cmsurv51,cfsurv51,cmsurv52,cfsurv52,cmsurv53,cfsurv53,cmsurv54,cfsurv54,cmsurv55,cfsurv55,cmsurv56,cfsurv56,cmsurv57,cfsurv57,cmsurv58,cfsurv58,cmsurv59,cfsurv59,cmsurv60,cfsurv60,cmsurv61,cfsurv61,cmsurv62,cfsurv62,cmsurv63,cfsurv63,cmsurv64,cfsurv64,cmsurv65,cfsurv65,cmsurv66,cfsurv66,cmsurv67,cfsurv67,cmsurv68,cfsurv68,cmsurv69,cfsurv69,cmsurv70,cfsurv70,cmsurv71,cfsurv71,cmsurv72,cfsurv72,cmsurv73,cfsurv73,cmsurv74,cfsurv74,cmsurv75,cfsurv75,cmsurv76,cfsurv76,cmsurv77,cfsurv77,cmsurv78,cfsurv78,cmsurv79,cfsurv79,cmsurv80,cfsurv80,cmsurv81,cfsurv81,cmsurv82,cfsurv82,cmsurv83,cfsurv83,cmsurv84,cfsurv84,cmsurv85,cfsurv85,cmsurv86,cfsurv86,cmsurv87,cfsurv87,cmsurv88,cfsurv88,cmsurv89,cfsurv89,cmsurv90,cfsurv90,cmsurv91,cfsurv91,cmsurv92,cfsurv92,cmsurv93,cfsurv93,cmsurv94,cfsurv94,cmsurv95,cfsurv95,cmsurv96,cfsurv96,cmsurv97,cfsurv97,cmsurv98,cfsurv98,cmsurv99,cfsurv99,cmsurv100,cfsurv100,cmsurv101,cfsurv101,cmsurv102,cfsurv102,cmsurv103,cfsurv103,cmsurv104,cfsurv104,cmsurv105,cfsurv105,cmsurv106,cfsurv106,cmsurv107,cfsurv107,cmsurv108,cfsurv108,cmsurv109,cfsurv109,cmsurv110,cfsurv110,cmsurv111,cfsurv111,cmsurv112,cfsurv112,cmsurv113,cfsurv113,cmsurv114,cfsurv114,cmsurv115,cfsurv115,cmsurv116,cfsurv116,cmsurv117,cfsurv117,cmsurv118,cfsurv118,cmsurv119,cfsurv119
111,2001,2,1,4.571189414705812e-4,3.3914646041052066e-4,4.885696871691224e-4,3.680297950586394e-4,5.40187979506719e-4,3.785485543830385e-4,5.609684187162133e-4,4.0875398225023946e-4,6.131516422101508e-4,4.37325731603406e-4,6.694537083122425e-4,4.642642841880631e-4,7.454541715014159e-4,4.603665702663119e-4,8.130836661997672e-4,4.75833516557242e-4,8.605895940044207e-4,4.978717988476067e-4,9.196429981792977e-4,5.392855943005399e-4,9.731342164127953e-4,5.751345871978043e-4,0.0010361498172490411,6.027919955810657e-4,0.0010754510259219573,6.531227346812163e-4,0.0011570433106442958,6.886999229636857e-4,0.0012379753245362246,7.361257879288363e-4,0.0013098025816307359,7.855538984576179e-4,0.0013950765448692139,8.586782588290934e-4,0.001495882516998108,9.407290510516918e-4,0.0016351001035986613,0.0010129793949717235,0.0017624928510755911,0.0011221296006639467,0.0032719708451432656,0.0015240286305996098,0.0035071781773106654,0.001638027294363559,0.0038009489398974717,0.0017727870620653926,0.004162076228469508,0.001909732401932041,0.0044647773469818,0.0020703867214195175,0.004799559001045084,0.002272995430099935,0.005209382446932607,0.00243816269604417,0.005630689719044306,0.002680148624575382,0.005975529567769884,0.002866943320452094,0.006430154541741586,0.003143560780349114,0.006791054989598347,0.0033439028897868156,0.007437580758283598,0.0036429845741358636,0.008058273037385374,0.0039849989857478766,0.008650469893334888,0.004302387787941402,0.009352149779639773,0.004652150704602141,0.011699634100029126,0.0072523981727451396,0.012526335735321768,0.007617886807124106,0.01334515457158117,0.008279210365043446,0.014114241632906475,0.008909076596418273,0.015091742792186719,0.0094474612003977,0.01614948496707747,0.010346313677338464,0.017127388407773256,0.01093459887576688,0.017864029092812223,0.011865476534200389,0.01948001517593214,0.012928426977456466,0.020436652492576958,0.014061878603807058,0.021797419055929912,0.015498540899654028,0.02393136737798507,0.016927848101120874,0.025229487510615697,0.01892730950494575,0.027498475175327046,0.020652855556526663,0.02991720404661283,0.023054139922013394,0.032560272471021,0.025571946913004247,0.0360435251926813,0.028433946040885286,0.0394113410569097,0.03339187425027904,0.043899221146314754,0.035278276187458546,0.047383018381453534,0.038557465290264985,0.0532828219204858,0.042954729800584415,0.05876618155119762,0.04774264345687505,0.06484945346165967,0.0531816068451027,0.07324113036753821,0.059314378513755345,0.07925137213027023,0.06611680081811086,0.08801018724899534,0.07540548158092675,0.09689453995017766,0.08387235595323272,0.10637997018995411,0.09295920212841385,0.11641248401180126,0.10261460366083533,0.12696135996526486,0.11280409186311009,0.13915669765892952,0.12582375915873428,0.14947843525999147,0.13631886208022856,0.15921478275577355,0.14648418057102558,0.16814495626616768,0.15610909544540985,0.1760570964869775,0.16501424644806176,0.18523763184962927,0.17571627612805624,0.19403141017880582,0.18582170731078343,0.20324889622610537,0.196502843403447,0.21289779485724797,0.20779783345389388,0.22298679106221503,0.2197453634805951,0.23480104010771502,0.2340810251091731,0.24610860990424102,0.24761987663147786,0.25801752952290696,0.2619400023122138,0.2704882571559503,0.27708854093215357,0.28364504525639256,0.2931118831332225,0.29995807767591387,0.3128839861981066,0.3154861673786671,0.33109080179260597,0.3320317458266126,0.35035697596184207,0.3498077176056604,0.3703668850770973,0.3687606579310088,0.3921702011335768,0.3906852253148579,0.41670330838484343,0.41339535115256515,0.43953840184642184,0.4383823500493057,0.46409928005142453,0.4688393820495092,0.49112143221365673,1,1
112,2001,2,1,4.571189414705812e-4,3.3914646041052066e-4,4.885696871691224e-4,3.680297950586394e-4,5.40187979506719e-4,3.785485543830385e-4,5.609684187162133e-4,4.0875398225023946e-4,6.131516422101508e-4,4.37325731603406e-4,6.694537083122425e-4,4.642642841880631e-4,7.454541715014159e-4,4.603665702663119e-4,8.130836661997672e-4,4.75833516557242e-4,8.605895940044207e-4,4.978717988476067e-4,9.196429981792977e-4,5.392855943005399e-4,9.731342164127953e-4,5.751345871978043e-4,0.0010361498172490411,6.027919955810657e-4,0.0010754510259219573,6.531227346812163e-4,0.0011570433106442958,6.886999229636857e-4,0.0012379753245362246,7.361257879288363e-4,0.0013098025816307359,7.855538984576179e-4,0.0013950765448692139,8.586782588290934e-4,0.001495882516998108,9.407290510516918e-4,0.0016351001035986613,0.0010129793949717235,0.0017624928510755911,0.0011221296006639467,0.0032719708451432656,0.0015240286305996098,0.0035071781773106654,0.001638027294363559,0.0038009489398974717,0.0017727870620653926,0.004162076228469508,0.001909732401932041,0.0044647773469818,0.0020703867214195175,0.004799559001045084,0.002272995430099935,0.005209382446932607,0.00243816269604417,0.005630689719044306,0.002680148624575382,0.005975529567769884,0.002866943320452094,0.006430154541741586,0.003143560780349114,0.006791054989598347,0.0033439028897868156,0.007437580758283598,0.0036429845741358636,0.008058273037385374,0.0039849989857478766,0.008650469893334888,0.004302387787941402,0.009352149779639773,0.004652150704602141,0.011699634100029126,0.0072523981727451396,0.012526335735321768,0.007617886807124106,0.01334515457158117,0.008279210365043446,0.014114241632906475,0.008909076596418273,0.015091742792186719,0.0094474612003977,0.01614948496707747,0.010346313677338464,0.017127388407773256,0.01093459887576688,0.017864029092812223,0.011865476534200389,0.01948001517593214,0.012928426977456466,0.020436652492576958,0.014061878603807058,0.021797419055929912,0.015498540899654028,0.02393136737798507,0.016927848101120874,0.025229487510615697,0.01892730950494575,0.027498475175327046,0.020652855556526663,0.02991720404661283,0.023054139922013394,0.032560272471021,0.025571946913004247,0.0360435251926813,0.028433946040885286,0.0394113410569097,0.03339187425027904,0.043899221146314754,0.035278276187458546,0.047383018381453534,0.038557465290264985,0.0532828219204858,0.042954729800584415,0.05876618155119762,0.04774264345687505,0.06484945346165967,0.0531816068451027,0.07324113036753821,0.059314378513755345,0.07925137213027023,0.06611680081811086,0.08801018724899534,0.07540548158092675,0.09689453995017766,0.08387235595323272,0.10637997018995411,0.09295920212841385,0.11641248401180126,0.10261460366083533,0.12696135996526486,0.11280409186311009,0.13915669765892952,0.12582375915873428,0.14947843525999147,0.13631886208022856,0.15921478275577355,0.14648418057102558,0.16814495626616768,0.15610909544540985,0.1760570964869775,0.16501424644806176,0.18523763184962927,0.17571627612805624,0.19403141017880582,0.18582170731078343,0.20324889622610537,0.196502843403447,0.21289779485724797,0.20779783345389388,0.22298679106221503,0.2197453634805951,0.23480104010771502,0.2340810251091731,0.24610860990424102,0.24761987663147786,0.25801752952290696,0.2619400023122138,0.2704882571559503,0.27708854093215357,0.28364504525639256,0.2931118831332225,0.29995807767591387,0.3128839861981066,0.3154861673786671,0.33109080179260597,0.3320317458266126,0.35035697596184207,0.3498077176056604,0.3703668850770973,0.3687606579310088,0.3921702011335768,0.3906852253148579,0.41670330838484343,0.41339535115256515,0.43953840184642184,0.4383823500493057,0.46409928005142453,0.4688393820495092,0.49112143221365673,1,1
113,2001,2,1,4.571189414705812e-4,3.3914646041052066e-4,4.885696871691224e-4,3.680297950586394e-4,5.40187979506719e-4,3.785485543830385e-4,5.609684187162133e-4,4.0875398225023946e-4,6.131516422101508e-4,4.37325731603406e-4,6.694537083122425e-4,4.642642841880631e-4,7.454541715014159e-4,4.603665702663119e-4,8.130836661997672e-4,4.75833516557242e-4,8.605895940044207e-4,4.978717988476067e-4,9.196429981792977e-4,5.392855943005399e-4,9.731342164127953e-4,5.751345871978043e-4,0.0010361498172490411,6.027919955810657e-4,0.0010754510259219573,6.531227346812163e-4,0.0011570433106442958,6.886999229636857e-4,0.0012379753245362246,7.361257879288363e-4,0.0013098025816307359,7.855538984576179e-4,0.0013950765448692139,8.586782588290934e-4,0.001495882516998108,9.407290510516918e-4,0.0016351001035986613,0.0010129793949717235,0.0017624928510755911,0.0011221296006639467,0.0032719708451432656,0.0015240286305996098,0.0035071781773106654,0.001638027294363559,0.0038009489398974717,0.0017727870620653926,0.004162076228469508,0.001909732401932041,0.0044647773469818,0.0020703867214195175,0.004799559001045084,0.002272995430099935,0.005209382446932607,0.00243816269604417,0.005630689719044306,0.002680148624575382,0.005975529567769884,0.002866943320452094,0.006430154541741586,0.003143560780349114,0.006791054989598347,0.0033439028897868156,0.007437580758283598,0.0036429845741358636,0.008058273037385374,0.0039849989857478766,0.008650469893334888,0.004302387787941402,0.009352149779639773,0.004652150704602141,0.011699634100029126,0.0072523981727451396,0.012526335735321768,0.007617886807124106,0.01334515457158117,0.008279210365043446,0.014114241632906475,0.008909076596418273,0.015091742792186719,0.0094474612003977,0.01614948496707747,0.010346313677338464,0.017127388407773256,0.01093459887576688,0.017864029092812223,0.011865476534200389,0.01948001517593214,0.012928426977456466,0.020436652492576958,0.014061878603807058,0.021797419055929912,0.015498540899654028,0.02393136737798507,0.016927848101120874,0.025229487510615697,0.01892730950494575,0.027498475175327046,0.020652855556526663,0.02991720404661283,0.023054139922013394,0.032560272471021,0.025571946913004247,0.0360435251926813,0.028433946040885286,0.0394113410569097,0.03339187425027904,0.043899221146314754,0.035278276187458546,0.047383018381453534,0.038557465290264985,0.0532828219204858,0.042954729800584415,0.05876618155119762,0.04774264345687505,0.06484945346165967,0.0531816068451027,0.07324113036753821,0.059314378513755345,0.07925137213027023,0.06611680081811086,0.08801018724899534,0.07540548158092675,0.09689453995017766,0.08387235595323272,0.10637997018995411,0.09295920212841385,0.11641248401180126,0.10261460366083533,0.12696135996526486,0.11280409186311009,0.13915669765892952,0.12582375915873428,0.14947843525999147,0.13631886208022856,0.15921478275577355,0.14648418057102558,0.16814495626616768,0.15610909544540985,0.1760570964869775,0.16501424644806176,0.18523763184962927,0.17571627612805624,0.19403141017880582,0.18582170731078343,0.20324889622610537,0.196502843403447,0.21289779485724797,0.20779783345389388,0.22298679106221503,0.2197453634805951,0.23480104010771502,0.2340810251091731,0.24610860990424102,0.24761987663147786,0.25801752952290696,0.2619400023122138,0.2704882571559503,0.27708854093215357,0.28364504525639256,0.2931118831332225,0.29995807767591387,0.3128839861981066,0.3154861673786671,0.33109080179260597,0.3320317458266126,0.35035697596184207,0.3498077176056604,0.3703668850770973,0.3687606579310088,0.3921702011335768,0.3906852253148579,0.41670330838484343,0.41339535115256515,0.43953840184642184,0.4383823500493057,0.46409928005142453,0.4688393820495092,0.49112143221365673,1,1
114,2001,2,1,4.571189414705812e-4,3.3914646041052066e-4,4.885696871691224e-4,3.680297950586394e-4,5.40187979506719e-4,3.785485543830385e-4,5.609684187162133e-4,4.0875398225023946e-4,6.131516422101508e-4,4.37325731603406e-4,6.694537083122425e-4,4.642642841880631e-4,7.454541715014159e-4,4.603665702663119e-4,8.130836661997672e-4,4.75833516557242e-4,8.605895940044207e-4,4.978717988476067e-4,9.196429981792977e-4,5.392855943005399e-4,9.731342164127953e-4,5.751345871978043e-4,0.0010361498172490411,6.027919955810657e-4,0.0010754510259219573,6.531227346812163e-4,0.0011570433106442958,6.886999229636857e-4,0.0012379753245362246,7.361257879288363e-4,0.0013098025816307359,7.855538984576179e-4,0.0013950765448692139,8.586782588290934e-4,0.001495882516998108,9.407290510516918e-4,0.0016351001035986613,0.0010129793949717235,0.0017624928510755911,0.0011221296006639467,0.0032719708451432656,0.0015240286305996098,0.0035071781773106654,0.001638027294363559,0.0038009489398974717,0.0017727870620653926,0.004162076228469508,0.001909732401932041,0.0044647773469818,0.0020703867214195175,0.004799559001045084,0.002272995430099935,0.005209382446932607,0.00243816269604417,0.005630689719044306,0.002680148624575382,0.005975529567769884,0.002866943320452094,0.006430154541741586,0.003143560780349114,0.006791054989598347,0.0033439028897868156,0.007437580758283598,0.0036429845741358636,0.008058273037385374,0.0039849989857478766,0.008650469893334888,0.004302387787941402,0.009352149779639773,0.004652150704602141,0.011699634100029126,0.0072523981727451396,0.012526335735321768,0.007617886807124106,0.01334515457158117,0.008279210365043446,0.014114241632906475,0.008909076596418273,0.015091742792186719,0.0094474612003977,0.01614948496707747,0.010346313677338464,0.017127388407773256,0.01093459887576688,0.017864029092812223,0.011865476534200389,0.01948001517593214,0.012928426977456466,0.020436652492576958,0.014061878603807058,0.021797419055929912,0.015498540899654028,0.02393136737798507,0.016927848101120874,0.025229487510615697,0.01892730950494575,0.027498475175327046,0.020652855556526663,0.02991720404661283,0.023054139922013394,0.032560272471021,0.025571946913004247,0.0360435251926813,0.028433946040885286,0.0394113410569097,0.03339187425027904,0.043899221146314754,0.035278276187458546,0.047383018381453534,0.038557465290264985,0.0532828219204858,0.042954729800584415,0.05876618155119762,0.04774264345687505,0.06484945346165967,0.0531816068451027,0.07324113036753821,0.059314378513755345,0.07925137213027023,0.06611680081811086,0.08801018724899534,0.07540548158092675,0.09689453995017766,0.08387235595323272,0.10637997018995411,0.09295920212841385,0.11641248401180126,0.10261460366083533,0.12696135996526486,0.11280409186311009,0.13915669765892952,0.12582375915873428,0.14947843525999147,0.13631886208022856,0.15921478275577355,0.14648418057102558,0.16814495626616768,0.15610909544540985,0.1760570964869775,0.16501424644806176,0.18523763184962927,0.17571627612805624,0.19403141017880582,0.18582170731078343,0.20324889622610537,0.196502843403447,0.21289779485724797,0.20779783345389388,0.22298679106221503,0.2197453634805951,0.23480104010771502,0.2340810251091731,0.24610860990424102,0.24761987663147786,0.25801752952290696,0.2619400023122138,0.2704882571559503,0.27708854093215357,0.28364504525639256,0.2931118831332225,0.29995807767591387,0.3128839861981066,0.3154861673786671,0.33109080179260597,0.3320317458266126,0.35035697596184207,0.3498077176056604,0.3703668850770973,0.3687606579310088,0.3921702011335768,0.3906852253148579,0.41670330838484343,0.41339535115256515,0.43953840184642184,0.4383823500493057,0.46409928005142453,0.4688393820495092,0.49112143221365673,1,1
115,2001,2,1,4.571189414705812e-4,3.3914646041052066e-4,4.885696871691224e-4,3.680297950586394e-4,5.40187979506719e-4,3.785485543830385e-4,5.609684187162133e-4,4.0875398225023946e-4,6.131516422101508e-4,4.37325731603406e-4,6.694537083122425e-4,4.642642841880631e-4,7.454541715014159e-4,4.603665702663119e-4,8.130836661997672e-4,4.75833516557242e-4,8.605895940044207e-4,4.978717988476067e-4,9.196429981792977e-4,5.392855943005399e-4,9.731342164127953e-4,5.751345871978043e-4,0.0010361498172490411,6.027919955810657e-4,0.0010754510259219573,6.531227346812163e-4,0.0011570433106442958,6.886999229636857e-4,0.0012379753245362246,7.361257879288363e-4,0.0013098025816307359,7.855538984576179e-4,0.0013950765448692139,8.586782588290934e-4,0.001495882516998108,9.407290510516918e-4,0.0016351001035986613,0.0010129793949717235,0.0017624928510755911,0.0011221296006639467,0.0032719708451432656,0.0015240286305996098,0.0035071781773106654,0.001638027294363559,0.0038009489398974717,0.0017727870620653926,0.004162076228469508,0.001909732401932041,0.0044647773469818,0.0020703867214195175,0.004799559001045084,0.002272995430099935,0.005209382446932607,0.00243816269604417,0.005630689719044306,0.002680148624575382,0.005975529567769884,0.002866943320452094,0.006430154541741586,0.003143560780349114,0.006791054989598347,0.0033439028897868156,0.007437580758283598,0.0036429845741358636,0.008058273037385374,0.0039849989857478766,0.008650469893334888,0.004302387787941402,0.009352149779639773,0.004652150704602141,0.011699634100029126,0.0072523981727451396,0.012526335735321768,0.007617886807124106,0.01334515457158117,0.008279210365043446,0.014114241632906475,0.008909076596418273,0.015091742792186719,0.0094474612003977,0.01614948496707747,0.010346313677338464,0.017127388407773256,0.01093459887576688,0.017864029092812223,0.011865476534200389,0.01948001517593214,0.012928426977456466,0.020436652492576958,0.014061878603807058,0.021797419055929912,0.015498540899654028,0.02393136737798507,0.016927848101120874,0.025229487510615697,0.01892730950494575,0.027498475175327046,0.020652855556526663,0.02991720404661283,0.023054139922013394,0.032560272471021,0.025571946913004247,0.0360435251926813,0.028433946040885286,0.0394113410569097,0.03339187425027904,0.043899221146314754,0.035278276187458546,0.047383018381453534,0.038557465290264985,0.0532828219204858,0.042954729800584415,0.05876618155119762,0.04774264345687505,0.06484945346165967,0.0531816068451027,0.07324113036753821,0.059314378513755345,0.07925137213027023,0.06611680081811086,0.08801018724899534,0.07540548158092675,0.09689453995017766,0.08387235595323272,0.10637997018995411,0.09295920212841385,0.11641248401180126,0.10261460366083533,0.12696135996526486,0.11280409186311009,0.13915669765892952,0.12582375915873428,0.14947843525999147,0.13631886208022856,0.15921478275577355,0.14648418057102558,0.16814495626616768,0.15610909544540985,0.1760570964869775,0.16501424644806176,0.18523763184962927,0.17571627612805624,0.19403141017880582,0.18582170731078343,0.20324889622610537,0.196502843403447,0.21289779485724797,0.20779783345389388,0.22298679106221503,0.2197453634805951,0.23480104010771502,0.2340810251091731,0.24610860990424102,0.24761987663147786,0.25801752952290696,0.2619400023122138,0.2704882571559503,0.27708854093215357,0.28364504525639256,0.2931118831332225,0.29995807767591387,0.3128839861981066,0.3154861673786671,0.33109080179260597,0.3320317458266126,0.35035697596184207,0.3498077176056604,0.3703668850770973,0.3687606579310088,0.3921702011335768,0.3906852253148579,0.41670330838484343,0.41339535115256515,0.43953840184642184,0.4383823500493057,0.46409928005142453,0.4688393820495092,0.49112143221365673,1,1
211,2001,2,1,0.0013437004571328092,5.402260457972474e-4,0.0013911778583727465,6.039801552325554e-4,0.0014894042019499094,6.328358956249104e-4,0.0016066050141961183,6.950843203835308e-4,0.0016365723242128516,7.163621549799306e-4,0.0017213695296495852,7.710362368581878e-4,0.00180891326590515,8.279960602799297e-4,0.00197298382865527,9.274688993454799e-4,0.002089741118608049,9.973567907182138e-4,0.0021700004624538305,0.0010786459925502007,0.002059347050545836,0.001125033947165907,0.001983221843199059,0.0011873805072483217,0.0020757845034657207,0.0012763215611486846,0.002242281631539634,0.0014009795954677668,0.0024197392186786062,0.0015233987886103403,0.0026251263401241842,0.0016959897901640622,0.0028578010241715004,0.0018443360915308706,0.003119838410639216,0.0019957854495202417,0.003265387898290152,0.0021328712708738114,0.003569275565453719,0.002355911735963182,0.005239618212169473,0.0021905377527323073,0.00554683767427205,0.0023447308891077594,0.005922215469128421,0.002515071789347419,0.00637884621316519,0.002731020027431757,0.006663344592652692,0.002840714411990143,0.007300342923921979,0.003082385752579561,0.007853821655676003,0.003347689842423661,0.008499986055956527,0.0036239480999140415,0.009219355793333273,0.003933310101458405,0.009912211505059028,0.0042463576466810855,0.010749353429052168,0.004606717150177374,0.011511602424906137,0.004970227942106494,0.012463211184218597,0.005294005362622962,0.013273771013113608,0.005691521806761289,0.01673446484490979,0.007073240486877198,0.018377735725536165,0.010748783102583892,0.018501416304811037,0.01060510775413388,0.01817135090905152,0.010118583539050595,0.018761669609937397,0.010549315069929522,0.01976905845360549,0.011344673230192552,0.020581413958685728,0.012047412693481963,0.021969424283945903,0.013131967273123556,0.02362128785848803,0.014350288088215075,0.025821976224953167,0.015834749864065918,0.02802466768739126,0.017288347481175158,0.030613943323522182,0.01902542903347776,0.03313639203988682,0.020750332612967614,0.03607908290323364,0.02277263336133505,0.0393304824527522,0.02502486207011826,0.04291249904681601,0.027564722667606935,0.04866742645774031,0.031617313939028065,0.05335880265307935,0.03508665165835199,0.05865166286921756,0.03910639607828512,0.06457189880241446,0.043508761930415966,0.07121212305852162,0.048247586072112776,0.08198804787485865,0.055963045160813955,0.0905273284681578,0.0622687528937612,0.10004651018143439,0.06921808136532408,0.11029065938997881,0.07696283629454155,0.12151869305638675,0.08580840462497749,0.14275486316158845,0.10156068929531623,0.15737670070694257,0.11262208847207572,0.17320051045942345,0.12471061757239145,0.190151604833667,0.13786001120049435,0.2073775495220505,0.15160686242458107,0.23753241315420115,0.17514385089756856,0.25513279160387686,0.18977934261731638,0.2717154272236573,0.2039443253833176,0.2869048904177789,0.21734495303766618,0.3003367057696645,0.22968560391697068,0.3192047815015875,0.2464401614340639,0.3342856987383131,0.2605430015080608,0.35007963345664833,0.2754501455671416,0.36662044402862487,0.2912121955176524,0.3839419888262746,0.3078753145022251,0.4070094985246048,0.3294805530066229,0.42638345816806067,0.34845812450283287,0.44668349292930754,0.3685615010268774,0.46798282108794076,0.389823045525891,0.4909406532621604,0.4123539644874268,0.5234352229586497,0.4423340130067707,0.5507155511519252,0.4681350290134461,0.5803586129905519,0.49548638217685903,0.6128014535188416,0.5246866835121382,0.6485529684456451,0.5558476233828515,0.6928167082514679,0.5935743753969527,0.7361624523330585,0.6286925500062972,0.7833264378252868,0.6647623746359008,0.8364443064467175,0.7032798056435363,1,1
212,2001,2,1,0.0013437004571328092,5.402260457972474e-4,0.0013911778583727465,6.039801552325554e-4,0.0014894042019499094,6.328358956249104e-4,0.0016066050141961183,6.950843203835308e-4,0.0016365723242128516,7.163621549799306e-4,0.0017213695296495852,7.710362368581878e-4,0.00180891326590515,8.279960602799297e-4,0.00197298382865527,9.274688993454799e-4,0.002089741118608049,9.973567907182138e-4,0.0021700004624538305,0.0010786459925502007,0.002059347050545836,0.001125033947165907,0.001983221843199059,0.0011873805072483217,0.0020757845034657207,0.0012763215611486846,0.002242281631539634,0.0014009795954677668,0.0024197392186786062,0.0015233987886103403,0.0026251263401241842,0.0016959897901640622,0.0028578010241715004,0.0018443360915308706,0.003119838410639216,0.0019957854495202417,0.003265387898290152,0.0021328712708738114,0.003569275565453719,0.002355911735963182,0.005239618212169473,0.0021905377527323073,0.00554683767427205,0.0023447308891077594,0.005922215469128421,0.002515071789347419,0.00637884621316519,0.002731020027431757,0.006663344592652692,0.002840714411990143,0.007300342923921979,0.003082385752579561,0.007853821655676003,0.003347689842423661,0.008499986055956527,0.0036239480999140415,0.009219355793333273,0.003933310101458405,0.009912211505059028,0.0042463576466810855,0.010749353429052168,0.004606717150177374,0.011511602424906137,0.004970227942106494,0.012463211184218597,0.005294005362622962,0.013273771013113608,0.005691521806761289,0.01673446484490979,0.007073240486877198,0.018377735725536165,0.010748783102583892,0.018501416304811037,0.01060510775413388,0.01817135090905152,0.010118583539050595,0.018761669609937397,0.010549315069929522,0.01976905845360549,0.011344673230192552,0.020581413958685728,0.012047412693481963,0.021969424283945903,0.013131967273123556,0.02362128785848803,0.014350288088215075,0.025821976224953167,0.015834749864065918,0.02802466768739126,0.017288347481175158,0.030613943323522182,0.01902542903347776,0.03313639203988682,0.020750332612967614,0.03607908290323364,0.02277263336133505,0.0393304824527522,0.02502486207011826,0.04291249904681601,0.027564722667606935,0.04866742645774031,0.031617313939028065,0.05335880265307935,0.03508665165835199,0.05865166286921756,0.03910639607828512,0.06457189880241446,0.043508761930415966,0.07121212305852162,0.048247586072112776,0.08198804787485865,0.055963045160813955,0.0905273284681578,0.0622687528937612,0.10004651018143439,0.06921808136532408,0.11029065938997881,0.07696283629454155,0.12151869305638675,0.08580840462497749,0.14275486316158845,0.10156068929531623,0.15737670070694257,0.11262208847207572,0.17320051045942345,0.12471061757239145,0.190151604833667,0.13786001120049435,0.2073775495220505,0.15160686242458107,0.23753241315420115,0.17514385089756856,0.25513279160387686,0.18977934261731638,0.2717154272236573,0.2039443253833176,0.2869048904177789,0.21734495303766618,0.3003367057696645,0.22968560391697068,0.3192047815015875,0.2464401614340639,0.3342856987383131,0.2605430015080608,0.35007963345664833,0.2754501455671416,0.36662044402862487,0.2912121955176524,0.3839419888262746,0.3078753145022251,0.4070094985246048,0.3294805530066229,0.42638345816806067,0.34845812450283287,0.44668349292930754,0.3685615010268774,0.46798282108794076,0.389823045525891,0.4909406532621604,0.4123539644874268,0.5234352229586497,0.4423340130067707,0.5507155511519252,0.4681350290134461,0.5803586129905519,0.49548638217685903,0.6128014535188416,0.5246866835121382,0.6485529684456451,0.5558476233828515,0.6928167082514679,0.5935743753969527,0.7361624523330585,0.6286925500062972,0.7833264378252868,0.6647623746359008,0.8364443064467175,0.7032798056435363,1,1
213,2001,2,1,0.0013437004571328092,5.402260457972474e-4,0.0013911778583727465,6.039801552325554e-4,0.0014894042019499094,6.328358956249104e-4,0.0016066050141961183,6.950843203835308e-4,0.0016365723242128516,7.163621549799306e-4,0.0017213695296495852,7.710362368581878e-4,0.00180891326590515,8.279960602799297e-4,0.00197298382865527,9.274688993454799e-4,0.002089741118608049,9.973567907182138e-4,0.0021700004624538305,0.0010786459925502007,0.002059347050545836,0.001125033947165907,0.001983221843199059,0.0011873805072483217,0.0020757845034657207,0.0012763215611486846,0.002242281631539634,0.0014009795954677668,0.0024197392186786062,0.0015233987886103403,0.0026251263401241842,0.0016959897901640622,0.0028578010241715004,0.0018443360915308706,0.003119838410639216,0.0019957854495202417,0.003265387898290152,0.0021328712708738114,0.003569275565453719,0.002355911735963182,0.005239618212169473,0.0021905377527323073,0.00554683767427205,0.0023447308891077594,0.005922215469128421,0.002515071789347419,0.00637884621316519,0.002731020027431757,0.006663344592652692,0.002840714411990143,0.007300342923921979,0.003082385752579561,0.007853821655676003,0.003347689842423661,0.008499986055956527,0.0036239480999140415,0.009219355793333273,0.003933310101458405,0.009912211505059028,0.0042463576466810855,0.010749353429052168,0.004606717150177374,0.011511602424906137,0.004970227942106494,0.012463211184218597,0.005294005362622962,0.013273771013113608,0.005691521806761289,0.01673446484490979,0.007073240486877198,0.018377735725536165,0.010748783102583892,0.018501416304811037,0.01060510775413388,0.01817135090905152,0.010118583539050595,0.018761669609937397,0.010549315069929522,0.01976905845360549,0.011344673230192552,0.020581413958685728,0.012047412693481963,0.021969424283945903,0.013131967273123556,0.02362128785848803,0.014350288088215075,0.025821976224953167,0.015834749864065918,0.02802466768739126,0.017288347481175158,0.030613943323522182,0.01902542903347776,0.03313639203988682,0.020750332612967614,0.03607908290323364,0.02277263336133505,0.0393304824527522,0.02502486207011826,0.04291249904681601,0.027564722667606935,0.04866742645774031,0.031617313939028065,0.05335880265307935,0.03508665165835199,0.05865166286921756,0.03910639607828512,0.06457189880241446,0.043508761930415966,0.07121212305852162,0.048247586072112776,0.08198804787485865,0.055963045160813955,0.0905273284681578,0.0622687528937612,0.10004651018143439,0.06921808136532408,0.11029065938997881,0.07696283629454155,0.12151869305638675,0.08580840462497749,0.14275486316158845,0.10156068929531623,0.15737670070694257,0.11262208847207572,0.17320051045942345,0.12471061757239145,0.190151604833667,0.13786001120049435,0.2073775495220505,0.15160686242458107,0.23753241315420115,0.17514385089756856,0.25513279160387686,0.18977934261731638,0.2717154272236573,0.2039443253833176,0.2869048904177789,0.21734495303766618,0.3003367057696645,0.22968560391697068,0.3192047815015875,0.2464401614340639,0.3342856987383131,0.2605430015080608,0.35007963345664833,0.2754501455671416,0.36662044402862487,0.2912121955176524,0.3839419888262746,0.3078753145022251,0.4070094985246048,0.3294805530066229,0.42638345816806067,0.34845812450283287,0.44668349292930754,0.3685615010268774,0.46798282108794076,0.389823045525891,0.4909406532621604,0.4123539644874268,0.5234352229586497,0.4423340130067707,0.5507155511519252,0.4681350290134461,0.5803586129905519,0.49548638217685903,0.6128014535188416,0.5246866835121382,0.6485529684456451,0.5558476233828515,0.6928167082514679,0.5935743753969527,0.7361624523330585,0.6286925500062972,0.7833264378252868,0.6647623746359008,0.8364443064467175,0.7032798056435363,1,1
214,2001,2,1,0.0013437004571328092,5.402260457972474e-4,0.0013911778583727465,6.039801552325554e-4,0.0014894042019499094,6.328358956249104e-4,0.0016066050141961183,6.950843203835308e-4,0.0016365723242128516,7.163621549799306e-4,0.0017213695296495852,7.710362368581878e-4,0.00180891326590515,8.279960602799297e-4,0.00197298382865527,9.274688993454799e-4,0.002089741118608049,9.973567907182138e-4,0.0021700004624538305,0.0010786459925502007,0.002059347050545836,0.001125033947165907,0.001983221843199059,0.0011873805072483217,0.0020757845034657207,0.0012763215611486846,0.002242281631539634,0.0014009795954677668,0.0024197392186786062,0.0015233987886103403,0.0026251263401241842,0.0016959897901640622,0.0028578010241715004,0.0018443360915308706,0.003119838410639216,0.0019957854495202417,0.003265387898290152,0.0021328712708738114,0.003569275565453719,0.002355911735963182,0.005239618212169473,0.0021905377527323073,0.00554683767427205,0.0023447308891077594,0.005922215469128421,0.002515071789347419,0.00637884621316519,0.002731020027431757,0.006663344592652692,0.002840714411990143,0.007300342923921979,0.003082385752579561,0.007853821655676003,0.003347689842423661,0.008499986055956527,0.0036239480999140415,0.009219355793333273,0.003933310101458405,0.009912211505059028,0.0042463576466810855,0.010749353429052168,0.004606717150177374,0.011511602424906137,0.004970227942106494,0.012463211184218597,0.005294005362622962,0.013273771013113608,0.005691521806761289,0.01673446484490979,0.007073240486877198,0.018377735725536165,0.010748783102583892,0.018501416304811037,0.01060510775413388,0.01817135090905152,0.010118583539050595,0.018761669609937397,0.010549315069929522,0.01976905845360549,0.011344673230192552,0.020581413958685728,0.012047412693481963,0.021969424283945903,0.013131967273123556,0.02362128785848803,0.014350288088215075,0.025821976224953167,0.015834749864065918,0.02802466768739126,0.017288347481175158,0.030613943323522182,0.01902542903347776,0.03313639203988682,0.020750332612967614,0.03607908290323364,0.02277263336133505,0.0393304824527522,0.02502486207011826,0.04291249904681601,0.027564722667606935,0.04866742645774031,0.031617313939028065,0.05335880265307935,0.03508665165835199,0.05865166286921756,0.03910639607828512,0.06457189880241446,0.043508761930415966,0.07121212305852162,0.048247586072112776,0.08198804787485865,0.055963045160813955,0.0905273284681578,0.0622687528937612,0.10004651018143439,0.06921808136532408,0.11029065938997881,0.07696283629454155,0.12151869305638675,0.08580840462497749,0.14275486316158845,0.10156068929531623,0.15737670070694257,0.11262208847207572,0.17320051045942345,0.12471061757239145,0.190151604833667,0.13786001120049435,0.2073775495220505,0.15160686242458107,0.23753241315420115,0.17514385089756856,0.25513279160387686,0.18977934261731638,0.2717154272236573,0.2039443253833176,0.2869048904177789,0.21734495303766618,0.3003367057696645,0.22968560391697068,0.3192047815015875,0.2464401614340639,0.3342856987383131,0.2605430015080608,0.35007963345664833,0.2754501455671416,0.36662044402862487,0.2912121955176524,0.3839419888262746,0.3078753145022251,0.4070094985246048,0.3294805530066229,0.42638345816806067,0.34845812450283287,0.44668349292930754,0.3685615010268774,0.46798282108794076,0.389823045525891,0.4909406532621604,0.4123539644874268,0.5234352229586497,0.4423340130067707,0.5507155511519252,0.4681350290134461,0.5803586129905519,0.49548638217685903,0.6128014535188416,0.5246866835121382,0.6485529684456451,0.5558476233828515,0.6928167082514679,0.5935743753969527,0.7361624523330585,0.6286925500062972,0.7833264378252868,0.6647623746359008,0.8364443064467175,0.7032798056435363,1,1
215,2001,2,1,0.0013437004571328092,5.402260457972474e-4,0.0013911778583727465,6.039801552325554e-4,0.0014894042019499094,6.328358956249104e-4,0.0016066050141961183,6.950843203835308e-4,0.0016365723242128516,7.163621549799306e-4,0.0017213695296495852,7.710362368581878e-4,0.00180891326590515,8.279960602799297e-4,0.00197298382865527,9.274688993454799e-4,0.002089741118608049,9.973567907182138e-4,0.0021700004624538305,0.0010786459925502007,0.002059347050545836,0.001125033947165907,0.001983221843199059,0.0011873805072483217,0.0020757845034657207,0.0012763215611486846,0.002242281631539634,0.0014009795954677668,0.0024197392186786062,0.0015233987886103403,0.0026251263401241842,0.0016959897901640622,0.0028578010241715004,0.0018443360915308706,0.003119838410639216,0.0019957854495202417,0.003265387898290152,0.0021328712708738114,0.003569275565453719,0.002355911735963182,0.005239618212169473,0.0021905377527323073,0.00554683767427205,0.0023447308891077594,0.005922215469128421,0.002515071789347419,0.00637884621316519,0.002731020027431757,0.006663344592652692,0.002840714411990143,0.007300342923921979,0.003082385752579561,0.007853821655676003,0.003347689842423661,0.008499986055956527,0.0036239480999140415,0.009219355793333273,0.003933310101458405,0.009912211505059028,0.0042463576466810855,0.010749353429052168,0.004606717150177374,0.011511602424906137,0.004970227942106494,0.012463211184218597,0.005294005362622962,0.013273771013113608,0.005691521806761289,0.01673446484490979,0.007073240486877198,0.018377735725536165,0.010748783102583892,0.018501416304811037,0.01060510775413388,0.01817135090905152,0.010118583539050595,0.018761669609937397,0.010549315069929522,0.01976905845360549,0.011344673230192552,0.020581413958685728,0.012047412693481963,0.021969424283945903,0.013131967273123556,0.02362128785848803,0.014350288088215075,0.025821976224953167,0.015834749864065918,0.02802466768739126,0.017288347481175158,0.030613943323522182,0.01902542903347776,0.03313639203988682,0.020750332612967614,0.03607908290323364,0.02277263336133505,0.0393304824527522,0.02502486207011826,0.04291249904681601,0.027564722667606935,0.04866742645774031,0.031617313939028065,0.05335880265307935,0.03508665165835199,0.05865166286921756,0.03910639607828512,0.06457189880241446,0.043508761930415966,0.07121212305852162,0.048247586072112776,0.08198804787485865,0.055963045160813955,0.0905273284681578,0.0622687528937612,0.10004651018143439,0.06921808136532408,0.11029065938997881,0.07696283629454155,0.12151869305638675,0.08580840462497749,0.14275486316158845,0.10156068929531623,0.15737670070694257,0.11262208847207572,0.17320051045942345,0.12471061757239145,0.190151604833667,0.13786001120049435,0.2073775495220505,0.15160686242458107,0.23753241315420115,0.17514385089756856,0.25513279160387686,0.18977934261731638,0.2717154272236573,0.2039443253833176,0.2869048904177789,0.21734495303766618,0.3003367057696645,0.22968560391697068,0.3192047815015875,0.2464401614340639,0.3342856987383131,0.2605430015080608,0.35007963345664833,0.2754501455671416,0.36662044402862487,0.2912121955176524,0.3839419888262746,0.3078753145022251,0.4070094985246048,0.3294805530066229,0.42638345816806067,0.34845812450283287,0.44668349292930754,0.3685615010268774,0.46798282108794076,0.389823045525891,0.4909406532621604,0.4123539644874268,0.5234352229586497,0.4423340130067707,0.5507155511519252,0.4681350290134461,0.5803586129905519,0.49548638217685903,0.6128014535188416,0.5246866835121382,0.6485529684456451,0.5558476233828515,0.6928167082514679,0.5935743753969527,0.7361624523330585,0.6286925500062972,0.7833264378252868,0.6647623746359008,0.8364443064467175,0.7032798056435363,1,1
291,2001,2,1,0.002349306501705934,5.627428618729052e-4,0.0024331873605400425,6.30618808254533e-4,0.0025254551024475836,6.605001969432905e-4,0.0025438859164781074,6.949104106878742e-4,0.002684808662131489,7.311360084865097e-4,0.0028743872149941292,7.990401546657656e-4,0.0029632804498064594,8.60620252967843e-4,0.003077337286761066,9.213066839262122e-4,0.0032148781296652824,9.829108764954511e-4,0.0032701945079768404,0.001083450438325826,0.0035805385363392034,0.0012030216346195818,0.0037750965168740847,0.0013126630989874807,0.004083730620980689,0.001453117400394309,0.0043587900190792854,0.0015827466553072942,0.004860319820090576,0.001679819014269059,0.0054574425428812285,0.0017932344591059773,0.006005871456923317,0.0023306128203397385,0.006438503648206659,0.0027522141105742904,0.006966712259425006,0.0027173225638725527,0.009383682113071746,0.0025882127822696144,0.007430966494241842,0.0026106098606851185,0.007554603901442676,0.0027929444777942875,0.007560867958384991,0.003009992268409029,0.00794343761924555,0.003248459541905561,0.008625754767532376,0.0034986006092984218,0.009801690434855742,0.003954989459682579,0.010579585559862813,0.004272127994873326,0.011352326682645046,0.004605485219558965,0.012099500086268106,0.0049275428644470825,0.012875946767776642,0.005257886233426705,0.013881901315083692,0.00568906242572069,0.014872457040429925,0.0060619416941462625,0.01585780735482843,0.006416567988253217,0.016788203476941398,0.006761876863024929,0.017655986803426876,0.007114837922567019,0.013140132612653795,0.006097646103531029,0.01384133052756889,0.006472892003559019,0.014551695144068802,0.00691400313141459,0.015283881431720448,0.007441363393220342,0.016128155001096187,0.008055074752970149,0.01679359648373502,0.008568472138399955,0.017926426965528326,0.009340337852346713,0.019273737441972326,0.010208319634207551,0.021068834834994474,0.011264902978728147,0.022865468673219088,0.0123006597440699,0.02519719162543713,0.01368051108834804,0.02727347752439445,0.014921418154562507,0.029695649141661926,0.01637605874069909,0.03237140551308376,0.01799510972677576,0.0353201784205875,0.019821630979443502,0.041485882826194954,0.02371346001802528,0.04548591513597845,0.02631505887041057,0.0499979748995525,0.029330032442645218,0.05504440866613386,0.03263233276144184,0.06070488674162535,0.036185946120146875,0.0719199396811033,0.04343957638417025,0.07941089161416877,0.04833430886238658,0.08776169989752779,0.0537285357937542,0.09674792744991723,0.05974047608489675,0.10659692611988932,0.06660656754906134,0.13000930857528217,0.08246042754328406,0.14332493714112687,0.09144193282001115,0.1577365182076846,0.10125723369643436,0.17317409736001635,0.11193373190587706,0.18886137491011687,0.12309484934180988,0.2214154391733195,0.1462305242400457,0.23782072106564253,0.15845091439559253,0.2532787035889982,0.17027671959128304,0.26743767149049796,0.18146602166720555,0.27995756858640997,0.19176907339678434,0.29940683911768173,0.20730350747112355,0.3135531763609286,0.219166109280134,0.3283669953133863,0.23170592535556445,0.3438813300043318,0.24496444975073287,0.36012824287394535,0.2589816107056249,0.3837077386539152,0.2788486502717185,0.4019726420767035,0.29490450018586767,0.42110711774074894,0.31188417996634693,0.44120328660627767,0.32984249307980257,0.4623124022907684,0.3488803928815141,0.49398614028545523,0.3765153708623182,0.5184866500604939,0.3985832883086244,0.5446342073868965,0.42204173357266234,0.5727368845634736,0.44701859551245815,0.6030829241629311,0.4736256758892924,0.6442799462450484,0.5077247190611885,0.6837602523086637,0.5347992733514662,0.7275691692462681,0.5645636151009047,0.7754467620214318,0.5993645718838756,1,1
292,2001,2,1,0.002349306501705934,5.627428618729052e-4,0.0024331873605400425,6.30618808254533e-4,0.0025254551024475836,6.605001969432905e-4,0.0025438859164781074,6.949104106878742e-4,0.002684808662131489,7.311360084865097e-4,0.0028743872149941292,7.990401546657656e-4,0.0029632804498064594,8.60620252967843e-4,0.003077337286761066,9.213066839262122e-4,0.0032148781296652824,9.829108764954511e-4,0.0032701945079768404,0.001083450438325826,0.0035805385363392034,0.0012030216346195818,0.0037750965168740847,0.0013126630989874807,0.004083730620980689,0.001453117400394309,0.0043587900190792854,0.0015827466553072942,0.004860319820090576,0.001679819014269059,0.0054574425428812285,0.0017932344591059773,0.006005871456923317,0.0023306128203397385,0.006438503648206659,0.0027522141105742904,0.006966712259425006,0.0027173225638725527,0.009383682113071746,0.0025882127822696144,0.007430966494241842,0.0026106098606851185,0.007554603901442676,0.0027929444777942875,0.007560867958384991,0.003009992268409029,0.00794343761924555,0.003248459541905561,0.008625754767532376,0.0034986006092984218,0.009801690434855742,0.003954989459682579,0.010579585559862813,0.004272127994873326,0.011352326682645046,0.004605485219558965,0.012099500086268106,0.0049275428644470825,0.012875946767776642,0.005257886233426705,0.013881901315083692,0.00568906242572069,0.014872457040429925,0.0060619416941462625,0.01585780735482843,0.006416567988253217,0.016788203476941398,0.006761876863024929,0.017655986803426876,0.007114837922567019,0.013140132612653795,0.006097646103531029,0.01384133052756889,0.006472892003559019,0.014551695144068802,0.00691400313141459,0.015283881431720448,0.007441363393220342,0.016128155001096187,0.008055074752970149,0.01679359648373502,0.008568472138399955,0.017926426965528326,0.009340337852346713,0.019273737441972326,0.010208319634207551,0.021068834834994474,0.011264902978728147,0.022865468673219088,0.0123006597440699,0.02519719162543713,0.01368051108834804,0.02727347752439445,0.014921418154562507,0.029695649141661926,0.01637605874069909,0.03237140551308376,0.01799510972677576,0.0353201784205875,0.019821630979443502,0.041485882826194954,0.02371346001802528,0.04548591513597845,0.02631505887041057,0.0499979748995525,0.029330032442645218,0.05504440866613386,0.03263233276144184,0.06070488674162535,0.036185946120146875,0.0719199396811033,0.04343957638417025,0.07941089161416877,0.04833430886238658,0.08776169989752779,0.0537285357937542,0.09674792744991723,0.05974047608489675,0.10659692611988932,0.06660656754906134,0.13000930857528217,0.08246042754328406,0.14332493714112687,0.09144193282001115,0.1577365182076846,0.10125723369643436,0.17317409736001635,0.11193373190587706,0.18886137491011687,0.12309484934180988,0.2214154391733195,0.1462305242400457,0.23782072106564253,0.15845091439559253,0.2532787035889982,0.17027671959128304,0.26743767149049796,0.18146602166720555,0.27995756858640997,0.19176907339678434,0.29940683911768173,0.20730350747112355,0.3135531763609286,0.219166109280134,0.3283669953133863,0.23170592535556445,0.3438813300043318,0.24496444975073287,0.36012824287394535,0.2589816107056249,0.3837077386539152,0.2788486502717185,0.4019726420767035,0.29490450018586767,0.42110711774074894,0.31188417996634693,0.44120328660627767,0.32984249307980257,0.4623124022907684,0.3488803928815141,0.49398614028545523,0.3765153708623182,0.5184866500604939,0.3985832883086244,0.5446342073868965,0.42204173357266234,0.5727368845634736,0.44701859551245815,0.6030829241629311,0.4736256758892924,0.6442799462450484,0.5077247190611885,0.6837602523086637,0.5347992733514662,0.7275691692462681,0.5645636151009047,0.7754467620214318,0.5993645718838756,1,1
293,2001,2,1,0.002349306501705934,5.627428618729052e-4,0.0024331873605400425,6.30618808254533e-4,0.0025254551024475836,6.605001969432905e-4,0.0025438859164781074,6.949104106878742e-4,0.002684808662131489,7.311360084865097e-4,0.0028743872149941292,7.990401546657656e-4,0.0029632804498064594,8.60620252967843e-4,0.003077337286761066,9.213066839262122e-4,0.0032148781296652824,9.829108764954511e-4,0.0032701945079768404,0.001083450438325826,0.0035805385363392034,0.0012030216346195818,0.0037750965168740847,0.0013126630989874807,0.004083730620980689,0.001453117400394309,0.0043587900190792854,0.0015827466553072942,0.004860319820090576,0.001679819014269059,0.0054574425428812285,0.0017932344591059773,0.006005871456923317,0.0023306128203397385,0.006438503648206659,0.0027522141105742904,0.006966712259425006,0.0027173225638725527,0.009383682113071746,0.0025882127822696144,0.007430966494241842,0.0026106098606851185,0.007554603901442676,0.0027929444777942875,0.007560867958384991,0.003009992268409029,0.00794343761924555,0.003248459541905561,0.008625754767532376,0.0034986006092984218,0.009801690434855742,0.003954989459682579,0.010579585559862813,0.004272127994873326,0.011352326682645046,0.004605485219558965,0.012099500086268106,0.0049275428644470825,0.012875946767776642,0.005257886233426705,0.013881901315083692,0.00568906242572069,0.014872457040429925,0.0060619416941462625,0.01585780735482843,0.006416567988253217,0.016788203476941398,0.006761876863024929,0.017655986803426876,0.007114837922567019,0.013140132612653795,0.006097646103531029,0.01384133052756889,0.006472892003559019,0.014551695144068802,0.00691400313141459,0.015283881431720448,0.007441363393220342,0.016128155001096187,0.008055074752970149,0.01679359648373502,0.008568472138399955,0.017926426965528326,0.009340337852346713,0.019273737441972326,0.010208319634207551,0.021068834834994474,0.011264902978728147,0.022865468673219088,0.0123006597440699,0.02519719162543713,0.01368051108834804,0.02727347752439445,0.014921418154562507,0.029695649141661926,0.01637605874069909,0.03237140551308376,0.01799510972677576,0.0353201784205875,0.019821630979443502,0.041485882826194954,0.02371346001802528,0.04548591513597845,0.02631505887041057,0.0499979748995525,0.029330032442645218,0.05504440866613386,0.03263233276144184,0.06070488674162535,0.036185946120146875,0.0719199396811033,0.04343957638417025,0.07941089161416877,0.04833430886238658,0.08776169989752779,0.0537285357937542,0.09674792744991723,0.05974047608489675,0.10659692611988932,0.06660656754906134,0.13000930857528217,0.08246042754328406,0.14332493714112687,0.09144193282001115,0.1577365182076846,0.10125723369643436,0.17317409736001635,0.11193373190587706,0.18886137491011687,0.12309484934180988,0.2214154391733195,0.1462305242400457,0.23782072106564253,0.15845091439559253,0.2532787035889982,0.17027671959128304,0.26743767149049796,0.18146602166720555,0.27995756858640997,0.19176907339678434,0.29940683911768173,0.20730350747112355,0.3135531763609286,0.219166109280134,0.3283669953133863,0.23170592535556445,0.3438813300043318,0.24496444975073287,0.36012824287394535,0.2589816107056249,0.3837077386539152,0.2788486502717185,0.4019726420767035,0.29490450018586767,0.42110711774074894,0.31188417996634693,0.44120328660627767,0.32984249307980257,0.4623124022907684,0.3488803928815141,0.49398614028545523,0.3765153708623182,0.5184866500604939,0.3985832883086244,0.5446342073868965,0.42204173357266234,0.5727368845634736,0.44701859551245815,0.6030829241629311,0.4736256758892924,0.6442799462450484,0.5077247190611885,0.6837602523086637,0.5347992733514662,0.7275691692462681,0.5645636151009047,0.7754467620214318,0.5993645718838756,1,1
294,2001,2,1,0.002349306501705934,5.627428618729052e-4,0.0024331873605400425,6.30618808254533e-4,0.0025254551024475836,6.605001969432905e-4,0.0025438859164781074,6.949104106878742e-4,0.002684808662131489,7.311360084865097e-4,0.0028743872149941292,7.990401546657656e-4,0.0029632804498064594,8.60620252967843e-4,0.003077337286761066,9.213066839262122e-4,0.0032148781296652824,9.829108764954511e-4,0.0032701945079768404,0.001083450438325826,0.0035805385363392034,0.0012030216346195818,0.0037750965168740847,0.0013126630989874807,0.004083730620980689,0.001453117400394309,0.0043587900190792854,0.0015827466553072942,0.004860319820090576,0.001679819014269059,0.0054574425428812285,0.0017932344591059773,0.006005871456923317,0.0023306128203397385,0.006438503648206659,0.0027522141105742904,0.006966712259425006,0.0027173225638725527,0.009383682113071746,0.0025882127822696144,0.007430966494241842,0.0026106098606851185,0.007554603901442676,0.0027929444777942875,0.007560867958384991,0.003009992268409029,0.00794343761924555,0.003248459541905561,0.008625754767532376,0.0034986006092984218,0.009801690434855742,0.003954989459682579,0.010579585559862813,0.004272127994873326,0.011352326682645046,0.004605485219558965,0.012099500086268106,0.0049275428644470825,0.012875946767776642,0.005257886233426705,0.013881901315083692,0.00568906242572069,0.014872457040429925,0.0060619416941462625,0.01585780735482843,0.006416567988253217,0.016788203476941398,0.006761876863024929,0.017655986803426876,0.007114837922567019,0.013140132612653795,0.006097646103531029,0.01384133052756889,0.006472892003559019,0.014551695144068802,0.00691400313141459,0.015283881431720448,0.007441363393220342,0.016128155001096187,0.008055074752970149,0.01679359648373502,0.008568472138399955,0.017926426965528326,0.009340337852346713,0.019273737441972326,0.010208319634207551,0.021068834834994474,0.011264902978728147,0.022865468673219088,0.0123006597440699,0.02519719162543713,0.01368051108834804,0.02727347752439445,0.014921418154562507,0.029695649141661926,0.01637605874069909,0.03237140551308376,0.01799510972677576,0.0353201784205875,0.019821630979443502,0.041485882826194954,0.02371346001802528,0.04548591513597845,0.02631505887041057,0.0499979748995525,0.029330032442645218,0.05504440866613386,0.03263233276144184,0.06070488674162535,0.036185946120146875,0.0719199396811033,0.04343957638417025,0.07941089161416877,0.04833430886238658,0.08776169989752779,0.0537285357937542,0.09674792744991723,0.05974047608489675,0.10659692611988932,0.06660656754906134,0.13000930857528217,0.08246042754328406,0.14332493714112687,0.09144193282001115,0.1577365182076846,0.10125723369643436,0.17317409736001635,0.11193373190587706,0.18886137491011687,0.12309484934180988,0.2214154391733195,0.1462305242400457,0.23782072106564253,0.15845091439559253,0.2532787035889982,0.17027671959128304,0.26743767149049796,0.18146602166720555,0.27995756858640997,0.19176907339678434,0.29940683911768173,0.20730350747112355,0.3135531763609286,0.219166109280134,0.3283669953133863,0.23170592535556445,0.3438813300043318,0.24496444975073287,0.36012824287394535,0.2589816107056249,0.3837077386539152,0.2788486502717185,0.4019726420767035,0.29490450018586767,0.42110711774074894,0.31188417996634693,0.44120328660627767,0.32984249307980257,0.4623124022907684,0.3488803928815141,0.49398614028545523,0.3765153708623182,0.5184866500604939,0.3985832883086244,0.5446342073868965,0.42204173357266234,0.5727368845634736,0.44701859551245815,0.6030829241629311,0.4736256758892924,0.6442799462450484,0.5077247190611885,0.6837602523086637,0.5347992733514662,0.7275691692462681,0.5645636151009047,0.7754467620214318,0.5993645718838756,1,1
295,2001,2,1,0.002349306501705934,5.627428618729052e-4,0.0024331873605400425,6.30618808254533e-4,0.0025254551024475836,6.605001969432905e-4,0.0025438859164781074,6.949104106878742e-4,0.002684808662131489,7.311360084865097e-4,0.0028743872149941292,7.990401546657656e-4,0.0029632804498064594,8.60620252967843e-4,0.003077337286761066,9.213066839262122e-4,0.0032148781296652824,9.829108764954511e-4,0.0032701945079768404,0.001083450438325826,0.0035805385363392034,0.0012030216346195818,0.0037750965168740847,0.0013126630989874807,0.004083730620980689,0.001453117400394309,0.0043587900190792854,0.0015827466553072942,0.004860319820090576,0.001679819014269059,0.0054574425428812285,0.0017932344591059773,0.006005871456923317,0.0023306128203397385,0.006438503648206659,0.0027522141105742904,0.006966712259425006,0.0027173225638725527,0.009383682113071746,0.0025882127822696144,0.007430966494241842,0.0026106098606851185,0.007554603901442676,0.0027929444777942875,0.007560867958384991,0.003009992268409029,0.00794343761924555,0.003248459541905561,0.008625754767532376,0.0034986006092984218,0.009801690434855742,0.003954989459682579,0.010579585559862813,0.004272127994873326,0.011352326682645046,0.004605485219558965,0.012099500086268106,0.0049275428644470825,0.012875946767776642,0.005257886233426705,0.013881901315083692,0.00568906242572069,0.014872457040429925,0.0060619416941462625,0.01585780735482843,0.006416567988253217,0.016788203476941398,0.006761876863024929,0.017655986803426876,0.007114837922567019,0.013140132612653795,0.006097646103531029,0.01384133052756889,0.006472892003559019,0.014551695144068802,0.00691400313141459,0.015283881431720448,0.007441363393220342,0.016128155001096187,0.008055074752970149,0.01679359648373502,0.008568472138399955,0.017926426965528326,0.009340337852346713,0.019273737441972326,0.010208319634207551,0.021068834834994474,0.011264902978728147,0.022865468673219088,0.0123006597440699,0.02519719162543713,0.01368051108834804,0.02727347752439445,0.014921418154562507,0.029695649141661926,0.01637605874069909,0.03237140551308376,0.01799510972677576,0.0353201784205875,0.019821630979443502,0.041485882826194954,0.02371346001802528,0.04548591513597845,0.02631505887041057,0.0499979748995525,0.029330032442645218,0.05504440866613386,0.03263233276144184,0.06070488674162535,0.036185946120146875,0.0719199396811033,0.04343957638417025,0.07941089161416877,0.04833430886238658,0.08776169989752779,0.0537285357937542,0.09674792744991723,0.05974047608489675,0.10659692611988932,0.06660656754906134,0.13000930857528217,0.08246042754328406,0.14332493714112687,0.09144193282001115,0.1577365182076846,0.10125723369643436,0.17317409736001635,0.11193373190587706,0.18886137491011687,0.12309484934180988,0.2214154391733195,0.1462305242400457,0.23782072106564253,0.15845091439559253,0.2532787035889982,0.17027671959128304,0.26743767149049796,0.18146602166720555,0.27995756858640997,0.19176907339678434,0.29940683911768173,0.20730350747112355,0.3135531763609286,0.219166109280134,0.3283669953133863,0.23170592535556445,0.3438813300043318,0.24496444975073287,0.36012824287394535,0.2589816107056249,0.3837077386539152,0.2788486502717185,0.4019726420767035,0.29490450018586767,0.42110711774074894,0.31188417996634693,0.44120328660627767,0.32984249307980257,0.4623124022907684,0.3488803928815141,0.49398614028545523,0.3765153708623182,0.5184866500604939,0.3985832883086244,0.5446342073868965,0.42204173357266234,0.5727368845634736,0.44701859551245815,0.6030829241629311,0.4736256758892924,0.6442799462450484,0.5077247190611885,0.6837602523086637,0.5347992733514662,0.7275691692462681,0.5645636151009047,0.7754467620214318,0.5993645718838756,1,1
8911,2001,2,1,0.0017105221615576556,5.486050854200605e-4,0.0017572371565079893,5.662040083575e-4,0.001751573303975125,5.786786773724095e-4,0.0017359381843531018,5.984819334344931e-4,0.0017436042759514092,6.490574317350818e-4,0.0018419689175619798,6.989082890315823e-4,0.0019561797656739233,7.575598606026563e-4,0.0020288266721361576,8.52124659192629e-4,0.0021531123892785677,9.093369470338697e-4,0.002282448242899195,9.379842662083835e-4,0.0023052824420704255,0.0010032859539155189,0.0024688708877082404,0.0011089178939750412,0.0027266536696183554,0.001225574545953807,0.0029762364237277115,0.0013217410178323712,0.0032317902198905554,0.0014641328263405216,0.0034449989627715347,0.0015655145104028537,0.003798390336343708,0.0017102125433787353,0.004145345982885432,0.0018065680512742797,0.004395815226636861,0.001946999476076012,0.004754118339662741,0.0021043904918492486,0.006028224307124343,0.0023558511348283134,0.006622833053641844,0.002577690744685162,0.00726457787871952,0.0027876657613452017,0.007708916587512238,0.003026202981563778,0.008080587008622745,0.003197506967264661,0.008484428775517966,0.003439334759362121,0.009135225536786494,0.003711308038887053,0.01007810098906439,0.003941550791268972,0.010674765982754417,0.004231226563306466,0.011405773163079792,0.004575922449075914,0.0122912504180955,0.004845246489413997,0.013247367327260808,0.005229711591049677,0.01394416509608235,0.005680722146449281,0.015061835528255196,0.006212698433660922,0.015937276842029904,0.00675372044033882,0.018581115997675358,0.009557141014658382,0.020196855355479406,0.01034804785523215,0.021359480987152537,0.011229336465898729,0.02272638954391226,0.012003265885549298,0.024308666007637,0.012907397749780648,0.026015903390023506,0.016131608415040726,0.028413054817570976,0.0188892801161588,0.030876864377254745,0.01875225555723506,0.0334923459810529,0.018985037868404477,0.03619886781209118,0.020243784522295905,0.039366216002217895,0.022246630679459783,0.042985020635971205,0.02428184508199127,0.04687107141592772,0.026648982863476414,0.05443310871959698,0.029284959171190103,0.056318444524781165,0.03225674100264049,0.061543827388982716,0.03648342613522259,0.06771368819823016,0.04048688794277742,0.0745336301695127,0.04512508042236639,0.08197554246057455,0.05020583740722687,0.09018045386699623,0.05567383833419992,0.10078606651995664,0.06384090042161175,0.11126783474380392,0.07103354416846966,0.12290459767955429,0.07896185435172183,0.13572294308495964,0.08779664534182403,0.1497071986412124,0.09788731016925373,0.17069698070448758,0.11413311555026223,0.18793506349262712,0.12656374314569546,0.20632400217608324,0.1401483382779003,0.22577315115318888,0.15492572239470748,0.2461826932047212,0.17037471755898811,0.2740504048188673,0.1950020735266738,0.2943739477801535,0.21129737625366665,0.3135656844392655,0.22706761889874752,0.3311563944005773,0.24198767183633288,0.3467412131071726,0.2557285232960569,0.3663731211878951,0.27369897149695027,0.38377554258663055,0.28936051408810476,0.40200291290739254,0.3059178615879557,0.42109626713703197,0.32342245241487894,0.44109413489875726,0.3419286365958377,0.4660886211689072,0.36518171331031196,0.4885660023701398,0.3862093505278835,0.5122739471277361,0.4084462758453857,0.5376688022778363,0.4319643089413053,0.5641444581133737,0.4568842197562181,0.5999633435293497,0.489102873575644,0.6311289624346977,0.5175895030184704,0.6645248632346553,0.5477297105080137,0.7010814980981986,0.5798409200235682,0.7403747353085345,0.6141628282010441,0.7890289399387289,0.6541326907628195,0.8367855127989073,0.6918788961066009,0.8889203398285256,0.7312019650790617,0.9492262534862943,0.7735961082393775,1,1
8912,2001,2,1,0.0013800727614362465,4.222830755320729e-4,0.0014177880782184626,4.358339188237005e-4,0.0014132450519178535,4.4544103411958566e-4,0.0014006583539289213,4.6069011864716705e-4,0.0014068743790077087,4.996277945941068e-4,0.0014862771650968809,5.380093397218395e-4,0.001578472822618964,5.83167539964247e-4,0.001637136564081674,6.559744822278333e-4,0.0017374771891375165,7.000302396029064e-4,0.001841902729995279,7.220985392259736e-4,0.001860390846480445,7.723879140403717e-4,0.001992479000025092,8.537307302611146e-4,0.0022006033678633546,9.435677638704271e-4,0.002402131718992105,0.0010176366224358448,0.002608503408217188,0.0011273041494610889,0.0027807218301039494,0.001205406105713852,0.0030661238465940362,0.0013168720153806312,0.0033463709509600984,0.001391126671392788,0.003548767778073462,0.0014993357580517725,0.0038382633521351376,0.0016206234861452986,0.004363750822011296,0.0022668626515331947,0.00479486543852432,0.002480343166624503,0.005260289042137084,0.0026824127666506205,0.005582953842842714,0.0029119726580405032,0.005853158366168589,0.003076844096026543,0.006146844471893825,0.003309585893472407,0.006619681912285135,0.0035713460519860556,0.007304511688196889,0.003792960667177147,0.007738777133252954,0.0040717807277639365,0.00827080051927614,0.004403564038716893,0.008915292294444278,0.004662832642799087,0.009611567460823568,0.005032928798425758,0.010120250980486798,0.005467094361849114,0.010935041378783148,0.005979215880033004,0.011574725885332024,0.006500084975934028,0.01718936453031798,0.00981492666903707,0.01868614554443099,0.010626937021042976,0.019764161362701864,0.011531708415695745,0.02103167820802372,0.012326167742443803,0.02249908008915842,0.013254262897258453,0.024082822797989772,0.016564635525925228,0.026306089165233987,0.01939572257663836,0.02859215115594877,0.019254371940209115,0.03101989221458321,0.01949267600020496,0.03353335318431926,0.020784263333098744,0.036475360253839004,0.022839616153181908,0.03982841818292666,0.024929079335854542,0.04342909705324633,0.027359313338018866,0.05043581659389929,0.03006555177585337,0.05218270287551906,0.03311654665679931,0.057024360057536506,0.03745589437284097,0.0627411375024569,0.04156606873074497,0.0690602574376519,0.04632789255048393,0.07595567333890743,0.05154407746287845,0.08355805756052535,0.0571578283313466,0.09338484767435314,0.06554258402147074,0.10309688786740932,0.0729269481830287,0.11387910580387804,0.081066588020536,0.12575613677109013,0.0901368709732633,0.13871345934604454,0.10049650316699126,0.1581618580025066,0.11717534160988942,0.174134063198644,0.12993730844044318,0.19117261125535912,0.14388400189197828,0.2091935131253927,0.1590552782006925,0.2281042816611233,0.17491606739562968,0.2539255295178846,0.20019986723364516,0.27275661430148496,0.21692952237769558,0.290539006911902,0.2331201219271701,0.3068379441255649,0.2484378699039113,0.32127829259039586,0.26254498470614285,0.3394685326600602,0.28099443644213085,0.3555930082706251,0.29707343853025125,0.3724818527278234,0.31407212326863726,0.3901730876166687,0.3320433001702508,0.40870241313976363,0.35104276796576916,0.4318614307860618,0.37491565704238056,0.45268818682559675,0.39650378737894976,0.47465514005937276,0.41933343947308227,0.4981851255205554,0.44347834736174396,0.5227165431326388,0.46906250011659867,0.5559050708124414,0.5021399443736904,0.5847820443331473,0.5313858868872594,0.6157255191291829,0.5623294836843249,0.6495976196694192,0.5952966197022217,0.68600536032465,0.6305333807072072,0.7310866463098302,0.671568642709793,0.7753362180610386,0.7103209757580119,0.8236425271451971,0.7506922038435903,0.8795198795932996,0.7942163658111215,1,1
8913,2001,2,1,0.0017105221615576556,5.486050854200605e-4,0.0017572371565079893,5.662040083575e-4,0.001751573303975125,5.786786773724095e-4,0.0017359381843531018,5.984819334344931e-4,0.0017436042759514092,6.490574317350818e-4,0.0018419689175619798,6.989082890315823e-4,0.0019561797656739233,7.575598606026563e-4,0.0020288266721361576,8.52124659192629e-4,0.0021531123892785677,9.093369470338697e-4,0.002282448242899195,9.379842662083835e-4,0.0023052824420704255,0.0010032859539155189,0.0024688708877082404,0.0011089178939750412,0.0027266536696183554,0.001225574545953807,0.0029762364237277115,0.0013217410178323712,0.0032317902198905554,0.0014641328263405216,0.0034449989627715347,0.0015655145104028537,0.003798390336343708,0.0017102125433787353,0.004145345982885432,0.0018065680512742797,0.004395815226636861,0.001946999476076012,0.004754118339662741,0.0021043904918492486,0.006028224307124343,0.0023558511348283134,0.006622833053641844,0.002577690744685162,0.00726457787871952,0.0027876657613452017,0.007708916587512238,0.003026202981563778,0.008080587008622745,0.003197506967264661,0.008484428775517966,0.003439334759362121,0.009135225536786494,0.003711308038887053,0.01007810098906439,0.003941550791268972,0.010674765982754417,0.004231226563306466,0.011405773163079792,0.004575922449075914,0.0122912504180955,0.004845246489413997,0.013247367327260808,0.005229711591049677,0.01394416509608235,0.005680722146449281,0.015061835528255196,0.006212698433660922,0.015937276842029904,0.00675372044033882,0.018581115997675358,0.009557141014658382,0.020196855355479406,0.01034804785523215,0.021359480987152537,0.011229336465898729,0.02272638954391226,0.012003265885549298,0.024308666007637,0.012907397749780648,0.026015903390023506,0.016131608415040726,0.028413054817570976,0.0188892801161588,0.030876864377254745,0.01875225555723506,0.0334923459810529,0.018985037868404477,0.03619886781209118,0.020243784522295905,0.039366216002217895,0.022246630679459783,0.042985020635971205,0.02428184508199127,0.04687107141592772,0.026648982863476414,0.05443310871959698,0.029284959171190103,0.056318444524781165,0.03225674100264049,0.061543827388982716,0.03648342613522259,0.06771368819823016,0.04048688794277742,0.0745336301695127,0.04512508042236639,0.08197554246057455,0.05020583740722687,0.09018045386699623,0.05567383833419992,0.10078606651995664,0.06384090042161175,0.11126783474380392,0.07103354416846966,0.12290459767955429,0.07896185435172183,0.13572294308495964,0.08779664534182403,0.1497071986412124,0.09788731016925373,0.17069698070448758,0.11413311555026223,0.18793506349262712,0.12656374314569546,0.20632400217608324,0.1401483382779003,0.22577315115318888,0.15492572239470748,0.2461826932047212,0.17037471755898811,0.2740504048188673,0.1950020735266738,0.2943739477801535,0.21129737625366665,0.3135656844392655,0.22706761889874752,0.3311563944005773,0.24198767183633288,0.3467412131071726,0.2557285232960569,0.3663731211878951,0.27369897149695027,0.38377554258663055,0.28936051408810476,0.40200291290739254,0.3059178615879557,0.42109626713703197,0.32342245241487894,0.44109413489875726,0.3419286365958377,0.4660886211689072,0.36518171331031196,0.4885660023701398,0.3862093505278835,0.5122739471277361,0.4084462758453857,0.5376688022778363,0.4319643089413053,0.5641444581133737,0.4568842197562181,0.5999633435293497,0.489102873575644,0.6311289624346977,0.5175895030184704,0.6645248632346553,0.5477297105080137,0.7010814980981986,0.5798409200235682,0.7403747353085345,0.6141628282010441,0.7890289399387289,0.6541326907628195,0.8367855127989073,0.6918788961066009,0.8889203398285256,0.7312019650790617,0.9492262534862943,0.7735961082393775,1,1
8914,2001,2,1,0.0013800727614362465,4.222830755320729e-4,0.0014177880782184626,4.358339188237005e-4,0.0014132450519178535,4.4544103411958566e-4,0.0014006583539289213,4.6069011864716705e-4,0.0014068743790077087,4.996277945941068e-4,0.0014862771650968809,5.380093397218395e-4,0.001578472822618964,5.83167539964247e-4,0.001637136564081674,6.559744822278333e-4,0.0017374771891375165,7.000302396029064e-4,0.001841902729995279,7.220985392259736e-4,0.001860390846480445,7.723879140403717e-4,0.001992479000025092,8.537307302611146e-4,0.0022006033678633546,9.435677638704271e-4,0.002402131718992105,0.0010176366224358448,0.002608503408217188,0.0011273041494610889,0.0027807218301039494,0.001205406105713852,0.0030661238465940362,0.0013168720153806312,0.0033463709509600984,0.001391126671392788,0.003548767778073462,0.0014993357580517725,0.0038382633521351376,0.0016206234861452986,0.004363750822011296,0.0022668626515331947,0.00479486543852432,0.002480343166624503,0.005260289042137084,0.0026824127666506205,0.005582953842842714,0.0029119726580405032,0.005853158366168589,0.003076844096026543,0.006146844471893825,0.003309585893472407,0.006619681912285135,0.0035713460519860556,0.007304511688196889,0.003792960667177147,0.007738777133252954,0.0040717807277639365,0.00827080051927614,0.004403564038716893,0.008915292294444278,0.004662832642799087,0.009611567460823568,0.005032928798425758,0.010120250980486798,0.005467094361849114,0.010935041378783148,0.005979215880033004,0.011574725885332024,0.006500084975934028,0.01718936453031798,0.00981492666903707,0.01868614554443099,0.010626937021042976,0.019764161362701864,0.011531708415695745,0.02103167820802372,0.012326167742443803,0.02249908008915842,0.013254262897258453,0.024082822797989772,0.016564635525925228,0.026306089165233987,0.01939572257663836,0.02859215115594877,0.019254371940209115,0.03101989221458321,0.01949267600020496,0.03353335318431926,0.020784263333098744,0.036475360253839004,0.022839616153181908,0.03982841818292666,0.024929079335854542,0.04342909705324633,0.027359313338018866,0.05043581659389929,0.03006555177585337,0.05218270287551906,0.03311654665679931,0.057024360057536506,0.03745589437284097,0.0627411375024569,0.04156606873074497,0.0690602574376519,0.04632789255048393,0.07595567333890743,0.05154407746287845,0.08355805756052535,0.0571578283313466,0.09338484767435314,0.06554258402147074,0.10309688786740932,0.0729269481830287,0.11387910580387804,0.081066588020536,0.12575613677109013,0.0901368709732633,0.13871345934604454,0.10049650316699126,0.1581618580025066,0.11717534160988942,0.174134063198644,0.12993730844044318,0.19117261125535912,0.14388400189197828,0.2091935131253927,0.1590552782006925,0.2281042816611233,0.17491606739562968,0.2539255295178846,0.20019986723364516,0.27275661430148496,0.21692952237769558,0.290539006911902,0.2331201219271701,0.3068379441255649,0.2484378699039113,0.32127829259039586,0.26254498470614285,0.3394685326600602,0.28099443644213085,0.3555930082706251,0.29707343853025125,0.3724818527278234,0.31407212326863726,0.3901730876166687,0.3320433001702508,0.40870241313976363,0.35104276796576916,0.4318614307860618,0.37491565704238056,0.45268818682559675,0.39650378737894976,0.47465514005937276,0.41933343947308227,0.4981851255205554,0.44347834736174396,0.5227165431326388,0.46906250011659867,0.5559050708124414,0.5021399443736904,0.5847820443331473,0.5313858868872594,0.6157255191291829,0.5623294836843249,0.6495976196694192,0.5952966197022217,0.68600536032465,0.6305333807072072,0.7310866463098302,0.671568642709793,0.7753362180610386,0.7103209757580119,0.8236425271451971,0.7506922038435903,0.8795198795932996,0.7942163658111215,1,1
8915,2001,2,1,0.0024404141780554078,7.570326951907027e-4,0.002506965085560381,7.813052659280719e-4,0.0024987803631264056,7.985049482172434e-4,0.0024763645645522517,8.258149567752849e-4,0.0024871811266466604,8.955824396124828e-4,0.00262735922115153,9.643450837553804e-4,0.0027901142611080638,0.0010452449497379622,0.002893560229004568,0.0011756877881992749,0.0030706251176436062,0.0012545855025974187,0.0032548545497747155,0.0012940653839677272,0.003287178078555431,0.0013841055005665381,0.0035201701199571228,0.0015297697409230224,0.003887398103003874,0.0016906234228633262,0.004242849658314185,0.00182319064650743,0.004606719626388686,0.0020194944714406913,0.0049101317721018806,0.002159202957001914,0.005413222739192414,0.0023586207506327184,0.0059069859482055,0.0024913299432369573,0.006263106358618059,0.002684779476734214,0.0067726970297487385,0.0029015606428789663,0.006510547206007796,0.0027227693419500086,0.007152434831434895,0.0029790582272831182,0.007845148880763571,0.0032216073500732955,0.008324601508123364,0.003497132626631889,0.008725509899416319,0.003694927752237123,0.009161080525839922,0.003974178754568113,0.009863199779034784,0.0042882130825095425,0.010880525701797775,0.004553974530653912,0.011523918479285813,0.004888339420688039,0.012312183252760046,0.005286187679043427,0.013266998232064215,0.005596875297642489,0.014297826622992652,0.006040460116589149,0.01504853488363989,0.006560768841804194,0.01625317058042697,0.00717441349461482,0.017196095269388503,0.007798297701964066,0.019315215458752005,0.011378447255036636,0.020993566762074537,0.012318196276181958,0.022200660514782738,0.013365071799934436,0.023619801011579247,0.014283662187407349,0.025262434859408486,0.015356625464814106,0.02703452965614318,0.019188688236404173,0.0295230361324395,0.02246397562158012,0.03208016729630221,0.02229568843327836,0.034794156229028796,0.022566646102982223,0.03760189907590773,0.024056190888406492,0.04088735656319253,0.026428335276696645,0.04464599456346334,0.028846109427086333,0.048682205304516085,0.03165819867496449,0.05653644548756716,0.034789660092445884,0.0584946321038164,0.038320048479900955,0.0639219277406581,0.043341224648211454,0.07033019666949684,0.0480972181486204,0.07741366639146355,0.053607252800366906,0.08514313983995318,0.059643040915431336,0.09366509527059116,0.06613886331089895,0.10468051687190198,0.07584109005173319,0.11556730860105978,0.08438573679877093,0.12765372491723714,0.09380433338176257,0.1409673809493902,0.10429980219005895,0.15549199878837933,0.1162872117473321,0.17729284201284579,0.13558674512996122,0.19519701744552603,0.1503539608277158,0.21429651872161498,0.1664920556217095,0.23449719762437687,0.18404714823679466,0.2556953799212341,0.20240009479182727,0.28463992113148445,0.23165666087010042,0.30574878126776617,0.2510149956269164,0.3256821012445655,0.26974957463010313,0.3439525296328905,0.2874741535590209,0.3601395576010694,0.30379787622054577,0.3805300575583703,0.32514623395474507,0.39860492177069234,0.34375168052834487,0.4175366115595296,0.3634213166779149,0.43736774753487007,0.38421624971388457,0.45813834813390064,0.4062010458510476,0.4840986403851007,0.4338250090695441,0.507444564710919,0.4588052163858738,0.532068602505908,0.4852220219813574,0.5584447341954325,0.5131607454969718,0.5859434295318349,0.542764858028492,0.6231463839538862,0.5810396600680557,0.6555162661041989,0.6148809281982962,0.6902026099397337,0.6506865978441863,0.7281718210097518,0.6888337592478619,0.76898337882497525,0.7296071648803752,0.8195176189688904,0.7770901722609674,0.869119542167711,0.8219315410337021,0.923268898610816,0.8686461768761709,0.9859050786911007,0.9190091574709617,1,1
12741,2001,0,2,,0.0015606470412643692,,0.0016934435775066803,,0.001741713780708199,,0.0018805351320405695,,0.002011802052873065,,0.0021355139481541033,,0.0021173547391931044,,0.002188229949669145,,0.0022892776130649115,,0.0024793462818933436,,0.002643742620340286,,0.002770395483841621,,0.0030011405681090535,,0.003163958151275834,,0.0033810611092114327,,0.0036071777033277767,,0.003941866416049452,,0.004317219856315914,,0.004647244784083644,,0.005146111498488697,,0.005252422920997847,,0.005643635013016003,,0.006105947155144234,,0.006575274896482772,,0.007125621015162752,,0.007819574519327771,,0.008383829332538452,,0.009211151845234907,,0.009847539065211307,,0.010790961645606318,,0.011470846998965417,,0.012487459066837965,,0.01364861324697691,,0.014722417013200366,,0.01590358494653355,,0.013924274120057372,,0.014618311963529423,,0.01587835779802147,,0.017075920659592885,,0.018095920547958683,,0.019803553919118765,,0.020913581610384,,0.02267530628177223,,0.0246847383864629,,0.02682325413225205,,0.029533332459792144,,0.03225695689911197,,0.03606704191046945,,0.03935516596975805,,0.04393094700331352,,0.04872876838636911,,0.05418246704681738,,0.06363007524863697,,0.06722471915248743,,0.07347339653436095,,0.08185262884646899,,0.09097626485295053,,0.10134051236638907,,0.11302685018121884,,0.12598924456060984,,0.14368934283807033,,0.1598234432899515,,0.1771389345249106,,0.19553783964353086,,0.21495447664318726,,0.23976417745612866,,0.25976318031627177,,0.2791337605852236,,0.29747457167981733,,0.3144438326488832,,0.3348371459665837,,0.3540936076361912,,0.3744471070601248,,0.3959703393727445,,0.41873702293582704,,0.44605442420921604,,0.47185345946813606,,0.4991412561280541,,0.5280076397598622,,0.5585410103142316,,0.5962178533812802,,0.6309119540368123,,0.6676247214290647,,0.7057547171633246,,0.74730214965978,,0.7940513512403989,,0.8375648930194369,,0.8843670136983586,,0.9358592289174122,1,1
12742,2001,0,2,,0.0015606470412643692,,0.0016934435775066803,,0.001741713780708199,,0.0018805351320405695,,0.002011802052873065,,0.0021355139481541033,,0.0021173547391931044,,0.002188229949669145,,0.0022892776130649115,,0.0024793462818933436,,0.002643742620340286,,0.002770395483841621,,0.0030011405681090535,,0.003163958151275834,,0.0033810611092114327,,0.0036071777033277767,,0.003941866416049452,,0.004317219856315914,,0.004647244784083644,,0.005146111498488697,,0.005252422920997847,,0.005643635013016003,,0.006105947155144234,,0.006575274896482772,,0.007125621015162752,,0.007819574519327771,,0.008383829332538452,,0.009211151845234907,,0.009847539065211307,,0.010790961645606318,,0.011470846998965417,,0.012487459066837965,,0.01364861324697691,,0.014722417013200366,,0.01590358494653355,,0.013924274120057372,,0.014618311963529423,,0.01587835779802147,,0.017075920659592885,,0.018095920547958683,,0.019803553919118765,,0.020913581610384,,0.02267530628177223,,0.0246847383864629,,0.02682325413225205,,0.029533332459792144,,0.03225695689911197,,0.03606704191046945,,0.03935516596975805,,0.04393094700331352,,0.04872876838636911,,0.05418246704681738,,0.06363007524863697,,0.06722471915248743,,0.07347339653436095,,0.08185262884646899,,0.09097626485295053,,0.10134051236638907,,0.11302685018121884,,0.12598924456060984,,0.14368934283807033,,0.1598234432899515,,0.1771389345249106,,0.19553783964353086,,0.21495447664318726,,0.23976417745612866,,0.25976318031627177,,0.2791337605852236,,0.29747457167981733,,0.3144438326488832,,0.3348371459665837,,0.3540936076361912,,0.3744471070601248,,0.3959703393727445,,0.41873702293582704,,0.44605442420921604,,0.47185345946813606,,0.4991412561280541,,0.5280076397598622,,0.5585410103142316,,0.5962178533812802,,0.6309119540368123,,0.6676247214290647,,0.7057547171633246,,0.74730214965978,,0.7940513512403989,,0.8375648930194369,,0.8843670136983586,,0.9358592289174122,1,1
12743,2001,0,2,,0.0015606470412643692,,0.0016934435775066803,,0.001741713780708199,,0.0018805351320405695,,0.002011802052873065,,0.0021355139481541033,,0.0021173547391931044,,0.002188229949669145,,0.0022892776130649115,,0.0024793462818933436,,0.002643742620340286,,0.002770395483841621,,0.0030011405681090535,,0.003163958151275834,,0.0033810611092114327,,0.0036071777033277767,,0.003941866416049452,,0.004317219856315914,,0.004647244784083644,,0.005146111498488697,,0.005252422920997847,,0.005643635013016003,,0.006105947155144234,,0.006575274896482772,,0.007125621015162752,,0.007819574519327771,,0.008383829332538452,,0.009211151845234907,,0.009847539065211307,,0.010790961645606318,,0.011470846998965417,,0.012487459066837965,,0.01364861324697691,,0.014722417013200366,,0.01590358494653355,,0.013924274120057372,,0.014618311963529423,,0.01587835779802147,,0.017075920659592885,,0.018095920547958683,,0.019803553919118765,,0.020913581610384,,0.02267530628177223,,0.0246847383864629,,0.02682325413225205,,0.029533332459792144,,0.03225695689911197,,0.03606704191046945,,0.03935516596975805,,0.04393094700331352,,0.04872876838636911,,0.05418246704681738,,0.06363007524863697,,0.06722471915248743,,0.07347339653436095,,0.08185262884646899,,0.09097626485295053,,0.10134051236638907,,0.11302685018121884,,0.12598924456060984,,0.14368934283807033,,0.1598234432899515,,0.1771389345249106,,0.19553783964353086,,0.21495447664318726,,0.23976417745612866,,0.25976318031627177,,0.2791337605852236,,0.29747457167981733,,0.3144438326488832,,0.3348371459665837,,0.3540936076361912,,0.3744471070601248,,0.3959703393727445,,0.41873702293582704,,0.44605442420921604,,0.47185345946813606,,0.4991412561280541,,0.5280076397598622,,0.5585410103142316,,0.5962178533812802,,0.6309119540368123,,0.6676247214290647,,0.7057547171633246,,0.74730214965978,,0.7940513512403989,,0.8375648930194369,,0.8843670136983586,,0.9358592289174122,1,1
12744,2001,0,2,,0.0015606470412643692,,0.0016934435775066803,,0.001741713780708199,,0.0018805351320405695,,0.002011802052873065,,0.0021355139481541033,,0.0021173547391931044,,0.002188229949669145,,0.0022892776130649115,,0.0024793462818933436,,0.002643742620340286,,0.002770395483841621,,0.0030011405681090535,,0.003163958151275834,,0.0033810611092114327,,0.0036071777033277767,,0.003941866416049452,,0.004317219856315914,,0.004647244784083644,,0.005146111498488697,,0.005252422920997847,,0.005643635013016003,,0.006105947155144234,,0.006575274896482772,,0.007125621015162752,,0.007819574519327771,,0.008383829332538452,,0.009211151845234907,,0.009847539065211307,,0.010790961645606318,,0.011470846998965417,,0.012487459066837965,,0.01364861324697691,,0.014722417013200366,,0.01590358494653355,,0.013924274120057372,,0.014618311963529423,,0.01587835779802147,,0.017075920659592885,,0.018095920547958683,,0.019803553919118765,,0.020913581610384,,0.02267530628177223,,0.0246847383864629,,0.02682325413225205,,0.029533332459792144,,0.03225695689911197,,0.03606704191046945,,0.03935516596975805,,0.04393094700331352,,0.04872876838636911,,0.05418246704681738,,0.06363007524863697,,0.06722471915248743,,0.07347339653436095,,0.08185262884646899,,0.09097626485295053,,0.10134051236638907,,0.11302685018121884,,0.12598924456060984,,0.14368934283807033,,0.1598234432899515,,0.1771389345249106,,0.19553783964353086,,0.21495447664318726,,0.23976417745612866,,0.25976318031627177,,0.2791337605852236,,0.29747457167981733,,0.3144438326488832,,0.3348371459665837,,0.3540936076361912,,0.3744471070601248,,0.3959703393727445,,0.41873702293582704,,0.44605442420921604,,0.47185345946813606,,0.4991412561280541,,0.5280076397598622,,0.5585410103142316,,0.5962178533812802,,0.6309119540368123,,0.6676247214290647,,0.7057547171633246,,0.74730214965978,,0.7940513512403989,,0.8375648930194369,,0.8843670136983586,,0.9358592289174122,1,1
12745,2001,0,2,,0.0015606470412643692,,0.0016934435775066803,,0.001741713780708199,,0.0018805351320405695,,0.002011802052873065,,0.0021355139481541033,,0.0021173547391931044,,0.002188229949669145,,0.0022892776130649115,,0.0024793462818933436,,0.002643742620340286,,0.002770395483841621,,0.0030011405681090535,,0.003163958151275834,,0.0033810611092114327,,0.0036071777033277767,,0.003941866416049452,,0.004317219856315914,,0.004647244784083644,,0.005146111498488697,,0.005252422920997847,,0.005643635013016003,,0.006105947155144234,,0.006575274896482772,,0.007125621015162752,,0.007819574519327771,,0.008383829332538452,,0.009211151845234907,,0.009847539065211307,,0.010790961645606318,,0.011470846998965417,,0.012487459066837965,,0.01364861324697691,,0.014722417013200366,,0.01590358494653355,,0.013924274120057372,,0.014618311963529423,,0.01587835779802147,,0.017075920659592885,,0.018095920547958683,,0.019803553919118765,,0.020913581610384,,0.02267530628177223,,0.0246847383864629,,0.02682325413225205,,0.029533332459792144,,0.03225695689911197,,0.03606704191046945,,0.03935516596975805,,0.04393094700331352,,0.04872876838636911,,0.05418246704681738,,0.06363007524863697,,0.06722471915248743,,0.07347339653436095,,0.08185262884646899,,0.09097626485295053,,0.10134051236638907,,0.11302685018121884,,0.12598924456060984,,0.14368934283807033,,0.1598234432899515,,0.1771389345249106,,0.19553783964353086,,0.21495447664318726,,0.23976417745612866,,0.25976318031627177,,0.2791337605852236,,0.29747457167981733,,0.3144438326488832,,0.3348371459665837,,0.3540936076361912,,0.3744471070601248,,0.3959703393727445,,0.41873702293582704,,0.44605442420921604,,0.47185345946813606,,0.4991412561280541,,0.5280076397598622,,0.5585410103142316,,0.5962178533812802,,0.6309119540368123,,0.6676247214290647,,0.7057547171633246,,0.74730214965978,,0.7940513512403989,,0.8375648930194369,,0.8843670136983586,,0.9358592289174122,1,1
12871,2001,2,1,4.6033267288444585e-4,3.351049661945712e-4,4.8314327498403246e-4,3.6193343642450693e-4,5.188832118866324e-4,3.91884609973457e-4,5.77637347679404e-4,4.050056793161151e-4,6.090367871760957e-4,4.446347071831491e-4,6.660487332591425e-4,4.8645584089586564e-4,7.339598433168897e-4,5.239218580894681e-4,8.158866067279648e-4,5.454930396057898e-4,8.929631858183357e-4,5.807983463360779e-4,9.507003602771986e-4,6.239165490546506e-4,0.001006686538094262,6.439645836404713e-4,0.0010736140966260326,6.721391903402133e-4,0.0011478754795966571,7.009555528457689e-4,0.001209531790268026,7.541390486672667e-4,0.0012904666356566225,8.051685634856221e-4,0.0013811185290878397,8.178239675656418e-4,0.0014581543393549369,9.104590708128199e-4,0.0015579216352453822,9.834756892886844e-4,0.0016755369341511662,0.0010309288271131267,0.0018263925925216208,0.001111257922223884,0.003530342151074511,0.0015382317933431682,0.003722021797455674,0.0017011876807824973,0.004007105024256985,0.0018674837142514029,0.004339727279519039,0.0020113671320234456,0.004753440748072012,0.0021690869455104175,0.005058734367493889,0.002322543016407264,0.0054241247059249546,0.002482232330330792,0.005917741399089418,0.0027461774300307374,0.006376689730285956,0.0029188787536502236,0.006774995869676089,0.0032024673139778854,0.007263466523615012,0.0034299625593101433,0.007674420620556815,0.0037686181775387633,0.00843200318704228,0.004121255046781288,0.009133254917258141,0.004432547384519513,0.009800993476225135,0.004778625683639392,0.012420154569448597,0.007735852674534795,0.013369714251169324,0.00847898321562196,0.014250112469830096,0.009078477922677275,0.01515887374305841,0.009727971091165159,0.016033541082456276,0.010366613451813222,0.01714487134705324,0.011051377497680818,0.018395097923689624,0.012042499263817834,0.019475067392170354,0.012955260831784535,0.020325368161197212,0.013732081056280503,0.02210410829064116,0.015073033356885805,0.02335037107509034,0.016038575823719804,0.024881172267898936,0.017650607766427663,0.027323218483900815,0.01943874908990114,0.028787880925026033,0.021290602339521913,0.031388773202763245,0.023418340250478595,0.034418154145252615,0.025901302202501777,0.03750802095466613,0.029219130809417276,0.041522134422219255,0.032028466118968556,0.04532482999977589,0.03594915380065513,0.05045030061100025,0.039658714584431334,0.05462269485181273,0.04396036352112428,0.06147342589156434,0.05066464929842225,0.06783694044679978,0.054776094093329245,0.0748433688914758,0.06077356817673186,0.08423984831813798,0.0677172124478943,0.091992864558739465,0.07645291091648514,0.10104463672566652,0.08503716733873568,0.11092023770586963,0.09425310947705938,0.12138813099249408,0.10404669639485341,0.13238444464064503,0.11437638310782244,0.14487973374040988,0.12679263540211527,0.1556268116995249,0.13736827419224915,0.16576284108058725,0.14761323005400137,0.17506133905571714,0.1573316909939732,0.18329853618171904,0.16630277497688287,0.19277173656033397,0.1767932862189013,0.20193012213382072,0.18695104088965872,0.21151572447298886,0.19767964239757788,0.22156389671912266,0.2090415765147553,0.23208120187142786,0.22105215213514387,0.24426952237011046,0.23514941354803756,0.2560216411128242,0.2487498782115182,0.2683852002167717,0.26313594698774945,0.2814561023058626,0.2783581867101913,0.2951898148928251,0.29445497479850885,0.312105546457975,0.3138798094441617,0.3280335850066222,0.3321446182103265,0.345303274715766,0.35147212988351,0.3636721052222881,0.37193204933720225,0.3832646786733445,0.39377564936454484,0.40571449928389997,0.41793601976055755,0.42862906903796244,0.43999085465445326,0.45555667304122527,0.4627367205632228,0.48998943800910316,0.4885297141124899,1,1
12872,2001,2,1,4.6033267288444585e-4,3.351049661945712e-4,4.8314327498403246e-4,3.6193343642450693e-4,5.188832118866324e-4,3.91884609973457e-4,5.77637347679404e-4,4.050056793161151e-4,6.090367871760957e-4,4.446347071831491e-4,6.660487332591425e-4,4.8645584089586564e-4,7.339598433168897e-4,5.239218580894681e-4,8.158866067279648e-4,5.454930396057898e-4,8.929631858183357e-4,5.807983463360779e-4,9.507003602771986e-4,6.239165490546506e-4,0.001006686538094262,6.439645836404713e-4,0.0010736140966260326,6.721391903402133e-4,0.0011478754795966571,7.009555528457689e-4,0.001209531790268026,7.541390486672667e-4,0.0012904666356566225,8.051685634856221e-4,0.0013811185290878397,8.178239675656418e-4,0.0014581543393549369,9.104590708128199e-4,0.0015579216352453822,9.834756892886844e-4,0.0016755369341511662,0.0010309288271131267,0.0018263925925216208,0.001111257922223884,0.003530342151074511,0.0015382317933431682,0.003722021797455674,0.0017011876807824973,0.004007105024256985,0.0018674837142514029,0.004339727279519039,0.0020113671320234456,0.004753440748072012,0.0021690869455104175,0.005058734367493889,0.002322543016407264,0.0054241247059249546,0.002482232330330792,0.005917741399089418,0.0027461774300307374,0.006376689730285956,0.0029188787536502236,0.006774995869676089,0.0032024673139778854,0.007263466523615012,0.0034299625593101433,0.007674420620556815,0.0037686181775387633,0.00843200318704228,0.004121255046781288,0.009133254917258141,0.004432547384519513,0.009800993476225135,0.004778625683639392,0.012420154569448597,0.007735852674534795,0.013369714251169324,0.00847898321562196,0.014250112469830096,0.009078477922677275,0.01515887374305841,0.009727971091165159,0.016033541082456276,0.010366613451813222,0.01714487134705324,0.011051377497680818,0.018395097923689624,0.012042499263817834,0.019475067392170354,0.012955260831784535,0.020325368161197212,0.013732081056280503,0.02210410829064116,0.015073033356885805,0.02335037107509034,0.016038575823719804,0.024881172267898936,0.017650607766427663,0.027323218483900815,0.01943874908990114,0.028787880925026033,0.021290602339521913,0.031388773202763245,0.023418340250478595,0.034418154145252615,0.025901302202501777,0.03750802095466613,0.029219130809417276,0.041522134422219255,0.032028466118968556,0.04532482999977589,0.03594915380065513,0.05045030061100025,0.039658714584431334,0.05462269485181273,0.04396036352112428,0.06147342589156434,0.05066464929842225,0.06783694044679978,0.054776094093329245,0.0748433688914758,0.06077356817673186,0.08423984831813798,0.0677172124478943,0.091992864558739465,0.07645291091648514,0.10104463672566652,0.08503716733873568,0.11092023770586963,0.09425310947705938,0.12138813099249408,0.10404669639485341,0.13238444464064503,0.11437638310782244,0.14487973374040988,0.12679263540211527,0.1556268116995249,0.13736827419224915,0.16576284108058725,0.14761323005400137,0.17506133905571714,0.1573316909939732,0.18329853618171904,0.16630277497688287,0.19277173656033397,0.1767932862189013,0.20193012213382072,0.18695104088965872,0.21151572447298886,0.19767964239757788,0.22156389671912266,0.2090415765147553,0.23208120187142786,0.22105215213514387,0.24426952237011046,0.23514941354803756,0.2560216411128242,0.2487498782115182,0.2683852002167717,0.26313594698774945,0.2814561023058626,0.2783581867101913,0.2951898148928251,0.29445497479850885,0.312105546457975,0.3138798094441617,0.3280335850066222,0.3321446182103265,0.345303274715766,0.35147212988351,0.3636721052222881,0.37193204933720225,0.3832646786733445,0.39377564936454484,0.40571449928389997,0.41793601976055755,0.42862906903796244,0.43999085465445326,0.45555667304122527,0.4627367205632228,0.48998943800910316,0.4885297141124899,1,1
12873,2001,2,1,4.6033267288444585e-4,3.351049661945712e-4,4.8314327498403246e-4,3.6193343642450693e-4,5.188832118866324e-4,3.91884609973457e-4,5.77637347679404e-4,4.050056793161151e-4,6.090367871760957e-4,4.446347071831491e-4,6.660487332591425e-4,4.8645584089586564e-4,7.339598433168897e-4,5.239218580894681e-4,8.158866067279648e-4,5.454930396057898e-4,8.929631858183357e-4,5.807983463360779e-4,9.507003602771986e-4,6.239165490546506e-4,0.001006686538094262,6.439645836404713e-4,0.0010736140966260326,6.721391903402133e-4,0.0011478754795966571,7.009555528457689e-4,0.001209531790268026,7.541390486672667e-4,0.0012904666356566225,8.051685634856221e-4,0.0013811185290878397,8.178239675656418e-4,0.0014581543393549369,9.104590708128199e-4,0.0015579216352453822,9.834756892886844e-4,0.0016755369341511662,0.0010309288271131267,0.0018263925925216208,0.001111257922223884,0.003530342151074511,0.0015382317933431682,0.003722021797455674,0.0017011876807824973,0.004007105024256985,0.0018674837142514029,0.004339727279519039,0.0020113671320234456,0.004753440748072012,0.0021690869455104175,0.005058734367493889,0.002322543016407264,0.0054241247059249546,0.002482232330330792,0.005917741399089418,0.0027461774300307374,0.006376689730285956,0.0029188787536502236,0.006774995869676089,0.0032024673139778854,0.007263466523615012,0.0034299625593101433,0.007674420620556815,0.0037686181775387633,0.00843200318704228,0.004121255046781288,0.009133254917258141,0.004432547384519513,0.009800993476225135,0.004778625683639392,0.012420154569448597,0.007735852674534795,0.013369714251169324,0.00847898321562196,0.014250112469830096,0.009078477922677275,0.01515887374305841,0.009727971091165159,0.016033541082456276,0.010366613451813222,0.01714487134705324,0.011051377497680818,0.018395097923689624,0.012042499263817834,0.019475067392170354,0.012955260831784535,0.020325368161197212,0.013732081056280503,0.02210410829064116,0.015073033356885805,0.02335037107509034,0.016038575823719804,0.024881172267898936,0.017650607766427663,0.027323218483900815,0.01943874908990114,0.028787880925026033,0.021290602339521913,0.031388773202763245,0.023418340250478595,0.034418154145252615,0.025901302202501777,0.03750802095466613,0.029219130809417276,0.041522134422219255,0.032028466118968556,0.04532482999977589,0.03594915380065513,0.05045030061100025,0.039658714584431334,0.05462269485181273,0.04396036352112428,0.06147342589156434,0.05066464929842225,0.06783694044679978,0.054776094093329245,0.0748433688914758,0.06077356817673186,0.08423984831813798,0.0677172124478943,0.091992864558739465,0.07645291091648514,0.10104463672566652,0.08503716733873568,0.11092023770586963,0.09425310947705938,0.12138813099249408,0.10404669639485341,0.13238444464064503,0.11437638310782244,0.14487973374040988,0.12679263540211527,0.1556268116995249,0.13736827419224915,0.16576284108058725,0.14761323005400137,0.17506133905571714,0.1573316909939732,0.18329853618171904,0.16630277497688287,0.19277173656033397,0.1767932862189013,0.20193012213382072,0.18695104088965872,0.21151572447298886,0.19767964239757788,0.22156389671912266,0.2090415765147553,0.23208120187142786,0.22105215213514387,0.24426952237011046,0.23514941354803756,0.2560216411128242,0.2487498782115182,0.2683852002167717,0.26313594698774945,0.2814561023058626,0.2783581867101913,0.2951898148928251,0.29445497479850885,0.312105546457975,0.3138798094441617,0.3280335850066222,0.3321446182103265,0.345303274715766,0.35147212988351,0.3636721052222881,0.37193204933720225,0.3832646786733445,0.39377564936454484,0.40571449928389997,0.41793601976055755,0.42862906903796244,0.43999085465445326,0.45555667304122527,0.4627367205632228,0.48998943800910316,0.4885297141124899,1,1
12874,2001,2,1,4.6033267288444585e-4,3.351049661945712e-4,4.8314327498403246e-4,3.6193343642450693e-4,5.188832118866324e-4,3.91884609973457e-4,5.77637347679404e-4,4.050056793161151e-4,6.090367871760957e-4,4.446347071831491e-4,6.660487332591425e-4,4.8645584089586564e-4,7.339598433168897e-4,5.239218580894681e-4,8.158866067279648e-4,5.454930396057898e-4,8.929631858183357e-4,5.807983463360779e-4,9.507003602771986e-4,6.239165490546506e-4,0.001006686538094262,6.439645836404713e-4,0.0010736140966260326,6.721391903402133e-4,0.0011478754795966571,7.009555528457689e-4,0.001209531790268026,7.541390486672667e-4,0.0012904666356566225,8.051685634856221e-4,0.0013811185290878397,8.178239675656418e-4,0.0014581543393549369,9.104590708128199e-4,0.0015579216352453822,9.834756892886844e-4,0.0016755369341511662,0.0010309288271131267,0.0018263925925216208,0.001111257922223884,0.003530342151074511,0.0015382317933431682,0.003722021797455674,0.0017011876807824973,0.004007105024256985,0.0018674837142514029,0.004339727279519039,0.0020113671320234456,0.004753440748072012,0.0021690869455104175,0.005058734367493889,0.002322543016407264,0.0054241247059249546,0.002482232330330792,0.005917741399089418,0.0027461774300307374,0.006376689730285956,0.0029188787536502236,0.006774995869676089,0.0032024673139778854,0.007263466523615012,0.0034299625593101433,0.007674420620556815,0.0037686181775387633,0.00843200318704228,0.004121255046781288,0.009133254917258141,0.004432547384519513,0.009800993476225135,0.004778625683639392,0.012420154569448597,0.007735852674534795,0.013369714251169324,0.00847898321562196,0.014250112469830096,0.009078477922677275,0.01515887374305841,0.009727971091165159,0.016033541082456276,0.010366613451813222,0.01714487134705324,0.011051377497680818,0.018395097923689624,0.012042499263817834,0.019475067392170354,0.012955260831784535,0.020325368161197212,0.013732081056280503,0.02210410829064116,0.015073033356885805,0.02335037107509034,0.016038575823719804,0.024881172267898936,0.017650607766427663,0.027323218483900815,0.01943874908990114,0.028787880925026033,0.021290602339521913,0.031388773202763245,0.023418340250478595,0.034418154145252615,0.025901302202501777,0.03750802095466613,0.029219130809417276,0.041522134422219255,0.032028466118968556,0.04532482999977589,0.03594915380065513,0.05045030061100025,0.039658714584431334,0.05462269485181273,0.04396036352112428,0.06147342589156434,0.05066464929842225,0.06783694044679978,0.054776094093329245,0.0748433688914758,0.06077356817673186,0.08423984831813798,0.0677172124478943,0.091992864558739465,0.07645291091648514,0.10104463672566652,0.08503716733873568,0.11092023770586963,0.09425310947705938,0.12138813099249408,0.10404669639485341,0.13238444464064503,0.11437638310782244,0.14487973374040988,0.12679263540211527,0.1556268116995249,0.13736827419224915,0.16576284108058725,0.14761323005400137,0.17506133905571714,0.1573316909939732,0.18329853618171904,0.16630277497688287,0.19277173656033397,0.1767932862189013,0.20193012213382072,0.18695104088965872,0.21151572447298886,0.19767964239757788,0.22156389671912266,0.2090415765147553,0.23208120187142786,0.22105215213514387,0.24426952237011046,0.23514941354803756,0.2560216411128242,0.2487498782115182,0.2683852002167717,0.26313594698774945,0.2814561023058626,0.2783581867101913,0.2951898148928251,0.29445497479850885,0.312105546457975,0.3138798094441617,0.3280335850066222,0.3321446182103265,0.345303274715766,0.35147212988351,0.3636721052222881,0.37193204933720225,0.3832646786733445,0.39377564936454484,0.40571449928389997,0.41793601976055755,0.42862906903796244,0.43999085465445326,0.45555667304122527,0.4627367205632228,0.48998943800910316,0.4885297141124899,1,1
12875,2001,2,1,4.6033267288444585e-4,3.351049661945712e-4,4.8314327498403246e-4,3.6193343642450693e-4,5.188832118866324e-4,3.91884609973457e-4,5.77637347679404e-4,4.050056793161151e-4,6.090367871760957e-4,4.446347071831491e-4,6.660487332591425e-4,4.8645584089586564e-4,7.339598433168897e-4,5.239218580894681e-4,8.158866067279648e-4,5.454930396057898e-4,8.929631858183357e-4,5.807983463360779e-4,9.507003602771986e-4,6.239165490546506e-4,0.001006686538094262,6.439645836404713e-4,0.0010736140966260326,6.721391903402133e-4,0.0011478754795966571,7.009555528457689e-4,0.001209531790268026,7.541390486672667e-4,0.0012904666356566225,8.051685634856221e-4,0.0013811185290878397,8.178239675656418e-4,0.0014581543393549369,9.104590708128199e-4,0.0015579216352453822,9.834756892886844e-4,0.0016755369341511662,0.0010309288271131267,0.0018263925925216208,0.001111257922223884,0.003530342151074511,0.0015382317933431682,0.003722021797455674,0.0017011876807824973,0.004007105024256985,0.0018674837142514029,0.004339727279519039,0.0020113671320234456,0.004753440748072012,0.0021690869455104175,0.005058734367493889,0.002322543016407264,0.0054241247059249546,0.002482232330330792,0.005917741399089418,0.0027461774300307374,0.006376689730285956,0.0029188787536502236,0.006774995869676089,0.0032024673139778854,0.007263466523615012,0.0034299625593101433,0.007674420620556815,0.0037686181775387633,0.00843200318704228,0.004121255046781288,0.009133254917258141,0.004432547384519513,0.009800993476225135,0.004778625683639392,0.012420154569448597,0.007735852674534795,0.013369714251169324,0.00847898321562196,0.014250112469830096,0.009078477922677275,0.01515887374305841,0.009727971091165159,0.016033541082456276,0.010366613451813222,0.01714487134705324,0.011051377497680818,0.018395097923689624,0.012042499263817834,0.019475067392170354,0.012955260831784535,0.020325368161197212,0.013732081056280503,0.02210410829064116,0.015073033356885805,0.02335037107509034,0.016038575823719804,0.024881172267898936,0.017650607766427663,0.027323218483900815,0.01943874908990114,0.028787880925026033,0.021290602339521913,0.031388773202763245,0.023418340250478595,0.034418154145252615,0.025901302202501777,0.03750802095466613,0.029219130809417276,0.041522134422219255,0.032028466118968556,0.04532482999977589,0.03594915380065513,0.05045030061100025,0.039658714584431334,0.05462269485181273,0.04396036352112428,0.06147342589156434,0.05066464929842225,0.06783694044679978,0.054776094093329245,0.0748433688914758,0.06077356817673186,0.08423984831813798,0.0677172124478943,0.091992864558739465,0.07645291091648514,0.10104463672566652,0.08503716733873568,0.11092023770586963,0.09425310947705938,0.12138813099249408,0.10404669639485341,0.13238444464064503,0.11437638310782244,0.14487973374040988,0.12679263540211527,0.1556268116995249,0.13736827419224915,0.16576284108058725,0.14761323005400137,0.17506133905571714,0.1573316909939732,0.18329853618171904,0.16630277497688287,0.19277173656033397,0.1767932862189013,0.20193012213382072,0.18695104088965872,0.21151572447298886,0.19767964239757788,0.22156389671912266,0.2090415765147553,0.23208120187142786,0.22105215213514387,0.24426952237011046,0.23514941354803756,0.2560216411128242,0.2487498782115182,0.2683852002167717,0.26313594698774945,0.2814561023058626,0.2783581867101913,0.2951898148928251,0.29445497479850885,0.312105546457975,0.3138798094441617,0.3280335850066222,0.3321446182103265,0.345303274715766,0.35147212988351,0.3636721052222881,0.37193204933720225,0.3832646786733445,0.39377564936454484,0.40571449928389997,0.41793601976055755,0.42862906903796244,0.43999085465445326,0.45555667304122527,0.4627367205632228,0.48998943800910316,0.4885297141124899,1,1
15871,2001,2,1,7.477862978805091e-4,2.374039199600678e-4,7.93249914471971e-4,2.6128755862756903e-4,8.264580736651546e-4,2.6798888082586714e-4,8.652631279452016e-4,2.645073010160916e-4,9.238071842964694e-4,2.8458318846581043e-4,9.712163384944726e-4,2.9829764498968633e-4,0.0010164197433337463,3.250710184980842e-4,9.496054370189997e-4,3.7127650538253067e-4,8.693742372087296e-4,3.9934421251059695e-4,8.915329343351472e-4,4.337933420507266e-4,9.479840945947869e-4,4.602936641751259e-4,0.0010391276996904412,5.043307283647301e-4,0.0011225098089364589,5.480710964845151e-4,0.0012264617464921124,5.723951323546982e-4,0.0013301263144871254,6.337165302710379e-4,0.001398447704288048,6.915696711393549e-4,0.0015161027183842842,7.265029010047472e-4,0.0016230543078856446,7.892253181206225e-4,0.0017069778760236242,8.551951506296809e-4,0.0018522883073593896,9.343182330406429e-4,0.0025013697816424576,0.001439786390050182,0.0026337170669524282,0.0015650139784036897,0.0028836738624061268,0.001706517774169116,0.003099585905284376,0.001814435878103012,0.0033637191363474666,0.0019386569476230687,0.003677104543477595,0.00206212216861712,0.003990900360815043,0.002570886566005769,0.004329161454284972,0.003203490748714012,0.004654281645501129,0.0031648988480122335,0.005012957117860061,0.003060629054698472,0.005359077279909204,0.0032156114927208894,0.006889273574263341,0.003448983986335445,0.007356285767134456,0.0036390721779594013,0.007524662940781769,0.0038359831300398823,0.007503523475007791,0.004037984725247938,0.009398817176281807,0.005684470971100644,0.009882648629422569,0.006034718245461186,0.010347839119156687,0.006447543345969337,0.01087421416424625,0.006939905578114608,0.011481243955506095,0.007513245067531109,0.011996889620167983,0.008012051755983482,0.012814258858887585,0.00873545894823424,0.01378757853993049,0.009548178746357388,0.01508387920608537,0.010539458449568814,0.016383708082383326,0.011510184931414966,0.017944761985139706,0.012729748002811073,0.019423148514709006,0.013884218813407317,0.0211479327992065,0.015237713887689444,0.02305389190350418,0.01674470479932409,0.02515370806498802,0.01844421591373985,0.02872768334357914,0.02155510824449017,0.031497242422257564,0.023919984789463663,0.034621300231678295,0.02666079605473271,0.03811616250562336,0.029662420162282942,0.042035577773966784,0.032892987213681,0.0486744270875106,0.03873948756097655,0.053743698545519046,0.04310501324025654,0.059395749007217974,0.04791541668542263,0.06547718379184331,0.053276714089222535,0.07214320932835715,0.0594002874310612,0.08538829648788072,0.07172418203341477,0.09413420895570039,0.07953555918004061,0.10359938545812668,0.08807278952363852,0.11373853229020954,0.09735928768346565,0.12404194429224455,0.1070672489899217,0.14274160135988492,0.125233741503028,0.1533179834237522,0.135698775498799,0.16328320242882688,0.14582689913970304,0.1724113937664249,0.1554093320706971,0.18048273198852197,0.16423339150019517,0.19206040688981801,0.17680053798038706,0.201134849697542,0.18691760471775307,0.2106374689960603,0.19761223206346237,0.22059000576374907,0.20892019235249124,0.2310117853147201,0.22087465629545405,0.24513979776273656,0.23701513383672515,0.2568086639899987,0.250662604833199,0.26907418197446376,0.26509511598087826,0.28198187376471695,0.28035884611218675,0.29567166402717077,0.29650335245820325,0.3150253470334491,0.31886012749824544,0.3309914471747757,0.3373823245205457,0.3482319493880577,0.35721738748125825,0.36732142743383644,0.3783032768319214,0.38850295022011816,0.40086687270096355,0.4157435946675284,0.4288464977575229,0.44171727083451684,0.4524670176620721,0.4697361704703277,0.47935801863251665,0.5004802445946731,0.5082198103104245,1,1
15872,2001,2,1,7.477862978805091e-4,2.374039199600678e-4,7.93249914471971e-4,2.6128755862756903e-4,8.264580736651546e-4,2.6798888082586714e-4,8.652631279452016e-4,2.645073010160916e-4,9.238071842964694e-4,2.8458318846581043e-4,9.712163384944726e-4,2.9829764498968633e-4,0.0010164197433337463,3.250710184980842e-4,9.496054370189997e-4,3.7127650538253067e-4,8.693742372087296e-4,3.9934421251059695e-4,8.915329343351472e-4,4.337933420507266e-4,9.479840945947869e-4,4.602936641751259e-4,0.0010391276996904412,5.043307283647301e-4,0.0011225098089364589,5.480710964845151e-4,0.0012264617464921124,5.723951323546982e-4,0.0013301263144871254,6.337165302710379e-4,0.001398447704288048,6.915696711393549e-4,0.0015161027183842842,7.265029010047472e-4,0.0016230543078856446,7.892253181206225e-4,0.0017069778760236242,8.551951506296809e-4,0.0018522883073593896,9.343182330406429e-4,0.0025013697816424576,0.001439786390050182,0.0026337170669524282,0.0015650139784036897,0.0028836738624061268,0.001706517774169116,0.003099585905284376,0.001814435878103012,0.0033637191363474666,0.0019386569476230687,0.003677104543477595,0.00206212216861712,0.003990900360815043,0.002570886566005769,0.004329161454284972,0.003203490748714012,0.004654281645501129,0.0031648988480122335,0.005012957117860061,0.003060629054698472,0.005359077279909204,0.0032156114927208894,0.006889273574263341,0.003448983986335445,0.007356285767134456,0.0036390721779594013,0.007524662940781769,0.0038359831300398823,0.007503523475007791,0.004037984725247938,0.009398817176281807,0.005684470971100644,0.009882648629422569,0.006034718245461186,0.010347839119156687,0.006447543345969337,0.01087421416424625,0.006939905578114608,0.011481243955506095,0.007513245067531109,0.011996889620167983,0.008012051755983482,0.012814258858887585,0.00873545894823424,0.01378757853993049,0.009548178746357388,0.01508387920608537,0.010539458449568814,0.016383708082383326,0.011510184931414966,0.017944761985139706,0.012729748002811073,0.019423148514709006,0.013884218813407317,0.0211479327992065,0.015237713887689444,0.02305389190350418,0.01674470479932409,0.02515370806498802,0.01844421591373985,0.02872768334357914,0.02155510824449017,0.031497242422257564,0.023919984789463663,0.034621300231678295,0.02666079605473271,0.03811616250562336,0.029662420162282942,0.042035577773966784,0.032892987213681,0.0486744270875106,0.03873948756097655,0.053743698545519046,0.04310501324025654,0.059395749007217974,0.04791541668542263,0.06547718379184331,0.053276714089222535,0.07214320932835715,0.0594002874310612,0.08538829648788072,0.07172418203341477,0.09413420895570039,0.07953555918004061,0.10359938545812668,0.08807278952363852,0.11373853229020954,0.09735928768346565,0.12404194429224455,0.1070672489899217,0.14274160135988492,0.125233741503028,0.1533179834237522,0.135698775498799,0.16328320242882688,0.14582689913970304,0.1724113937664249,0.1554093320706971,0.18048273198852197,0.16423339150019517,0.19206040688981801,0.17680053798038706,0.201134849697542,0.18691760471775307,0.2106374689960603,0.19761223206346237,0.22059000576374907,0.20892019235249124,0.2310117853147201,0.22087465629545405,0.24513979776273656,0.23701513383672515,0.2568086639899987,0.250662604833199,0.26907418197446376,0.26509511598087826,0.28198187376471695,0.28035884611218675,0.29567166402717077,0.29650335245820325,0.3150253470334491,0.31886012749824544,0.3309914471747757,0.3373823245205457,0.3482319493880577,0.35721738748125825,0.36732142743383644,0.3783032768319214,0.38850295022011816,0.40086687270096355,0.4157435946675284,0.4288464977575229,0.44171727083451684,0.4524670176620721,0.4697361704703277,0.47935801863251665,0.5004802445946731,0.5082198103104245,1,1
15873,2001,2,1,7.477862978805091e-4,2.374039199600678e-4,7.93249914471971e-4,2.6128755862756903e-4,8.264580736651546e-4,2.6798888082586714e-4,8.652631279452016e-4,2.645073010160916e-4,9.238071842964694e-4,2.8458318846581043e-4,9.712163384944726e-4,2.9829764498968633e-4,0.0010164197433337463,3.250710184980842e-4,9.496054370189997e-4,3.7127650538253067e-4,8.693742372087296e-4,3.9934421251059695e-4,8.915329343351472e-4,4.337933420507266e-4,9.479840945947869e-4,4.602936641751259e-4,0.0010391276996904412,5.043307283647301e-4,0.0011225098089364589,5.480710964845151e-4,0.0012264617464921124,5.723951323546982e-4,0.0013301263144871254,6.337165302710379e-4,0.001398447704288048,6.915696711393549e-4,0.0015161027183842842,7.265029010047472e-4,0.0016230543078856446,7.892253181206225e-4,0.0017069778760236242,8.551951506296809e-4,0.0018522883073593896,9.343182330406429e-4,0.0025013697816424576,0.001439786390050182,0.0026337170669524282,0.0015650139784036897,0.0028836738624061268,0.001706517774169116,0.003099585905284376,0.001814435878103012,0.0033637191363474666,0.0019386569476230687,0.003677104543477595,0.00206212216861712,0.003990900360815043,0.002570886566005769,0.004329161454284972,0.003203490748714012,0.004654281645501129,0.0031648988480122335,0.005012957117860061,0.003060629054698472,0.005359077279909204,0.0032156114927208894,0.006889273574263341,0.003448983986335445,0.007356285767134456,0.0036390721779594013,0.007524662940781769,0.0038359831300398823,0.007503523475007791,0.004037984725247938,0.009398817176281807,0.005684470971100644,0.009882648629422569,0.006034718245461186,0.010347839119156687,0.006447543345969337,0.01087421416424625,0.006939905578114608,0.011481243955506095,0.007513245067531109,0.011996889620167983,0.008012051755983482,0.012814258858887585,0.00873545894823424,0.01378757853993049,0.009548178746357388,0.01508387920608537,0.010539458449568814,0.016383708082383326,0.011510184931414966,0.017944761985139706,0.012729748002811073,0.019423148514709006,0.013884218813407317,0.0211479327992065,0.015237713887689444,0.02305389190350418,0.01674470479932409,0.02515370806498802,0.01844421591373985,0.02872768334357914,0.02155510824449017,0.031497242422257564,0.023919984789463663,0.034621300231678295,0.02666079605473271,0.03811616250562336,0.029662420162282942,0.042035577773966784,0.032892987213681,0.0486744270875106,0.03873948756097655,0.053743698545519046,0.04310501324025654,0.059395749007217974,0.04791541668542263,0.06547718379184331,0.053276714089222535,0.07214320932835715,0.0594002874310612,0.08538829648788072,0.07172418203341477,0.09413420895570039,0.07953555918004061,0.10359938545812668,0.08807278952363852,0.11373853229020954,0.09735928768346565,0.12404194429224455,0.1070672489899217,0.14274160135988492,0.125233741503028,0.1533179834237522,0.135698775498799,0.16328320242882688,0.14582689913970304,0.1724113937664249,0.1554093320706971,0.18048273198852197,0.16423339150019517,0.19206040688981801,0.17680053798038706,0.201134849697542,0.18691760471775307,0.2106374689960603,0.19761223206346237,0.22059000576374907,0.20892019235249124,0.2310117853147201,0.22087465629545405,0.24513979776273656,0.23701513383672515,0.2568086639899987,0.250662604833199,0.26907418197446376,0.26509511598087826,0.28198187376471695,0.28035884611218675,0.29567166402717077,0.29650335245820325,0.3150253470334491,0.31886012749824544,0.3309914471747757,0.3373823245205457,0.3482319493880577,0.35721738748125825,0.36732142743383644,0.3783032768319214,0.38850295022011816,0.40086687270096355,0.4157435946675284,0.4288464977575229,0.44171727083451684,0.4524670176620721,0.4697361704703277,0.47935801863251665,0.5004802445946731,0.5082198103104245,1,1
15874,2001,2,1,7.477862978805091e-4,2.374039199600678e-4,7.93249914471971e-4,2.6128755862756903e-4,8.264580736651546e-4,2.6798888082586714e-4,8.652631279452016e-4,2.645073010160916e-4,9.238071842964694e-4,2.8458318846581043e-4,9.712163384944726e-4,2.9829764498968633e-4,0.0010164197433337463,3.250710184980842e-4,9.496054370189997e-4,3.7127650538253067e-4,8.693742372087296e-4,3.9934421251059695e-4,8.915329343351472e-4,4.337933420507266e-4,9.479840945947869e-4,4.602936641751259e-4,0.0010391276996904412,5.043307283647301e-4,0.0011225098089364589,5.480710964845151e-4,0.0012264617464921124,5.723951323546982e-4,0.0013301263144871254,6.337165302710379e-4,0.001398447704288048,6.915696711393549e-4,0.0015161027183842842,7.265029010047472e-4,0.0016230543078856446,7.892253181206225e-4,0.0017069778760236242,8.551951506296809e-4,0.0018522883073593896,9.343182330406429e-4,0.0025013697816424576,0.001439786390050182,0.0026337170669524282,0.0015650139784036897,0.0028836738624061268,0.001706517774169116,0.003099585905284376,0.001814435878103012,0.0033637191363474666,0.0019386569476230687,0.003677104543477595,0.00206212216861712,0.003990900360815043,0.002570886566005769,0.004329161454284972,0.003203490748714012,0.004654281645501129,0.0031648988480122335,0.005012957117860061,0.003060629054698472,0.005359077279909204,0.0032156114927208894,0.006889273574263341,0.003448983986335445,0.007356285767134456,0.0036390721779594013,0.007524662940781769,0.0038359831300398823,0.007503523475007791,0.004037984725247938,0.009398817176281807,0.005684470971100644,0.009882648629422569,0.006034718245461186,0.010347839119156687,0.006447543345969337,0.01087421416424625,0.006939905578114608,0.011481243955506095,0.007513245067531109,0.011996889620167983,0.008012051755983482,0.012814258858887585,0.00873545894823424,0.01378757853993049,0.009548178746357388,0.01508387920608537,0.010539458449568814,0.016383708082383326,0.011510184931414966,0.017944761985139706,0.012729748002811073,0.019423148514709006,0.013884218813407317,0.0211479327992065,0.015237713887689444,0.02305389190350418,0.01674470479932409,0.02515370806498802,0.01844421591373985,0.02872768334357914,0.02155510824449017,0.031497242422257564,0.023919984789463663,0.034621300231678295,0.02666079605473271,0.03811616250562336,0.029662420162282942,0.042035577773966784,0.032892987213681,0.0486744270875106,0.03873948756097655,0.053743698545519046,0.04310501324025654,0.059395749007217974,0.04791541668542263,0.06547718379184331,0.053276714089222535,0.07214320932835715,0.0594002874310612,0.08538829648788072,0.07172418203341477,0.09413420895570039,0.07953555918004061,0.10359938545812668,0.08807278952363852,0.11373853229020954,0.09735928768346565,0.12404194429224455,0.1070672489899217,0.14274160135988492,0.125233741503028,0.1533179834237522,0.135698775498799,0.16328320242882688,0.14582689913970304,0.1724113937664249,0.1554093320706971,0.18048273198852197,0.16423339150019517,0.19206040688981801,0.17680053798038706,0.201134849697542,0.18691760471775307,0.2106374689960603,0.19761223206346237,0.22059000576374907,0.20892019235249124,0.2310117853147201,0.22087465629545405,0.24513979776273656,0.23701513383672515,0.2568086639899987,0.250662604833199,0.26907418197446376,0.26509511598087826,0.28198187376471695,0.28035884611218675,0.29567166402717077,0.29650335245820325,0.3150253470334491,0.31886012749824544,0.3309914471747757,0.3373823245205457,0.3482319493880577,0.35721738748125825,0.36732142743383644,0.3783032768319214,0.38850295022011816,0.40086687270096355,0.4157435946675284,0.4288464977575229,0.44171727083451684,0.4524670176620721,0.4697361704703277,0.47935801863251665,0.5004802445946731,0.5082198103104245,1,1
15875,2001,2,1,7.477862978805091e-4,2.374039199600678e-4,7.93249914471971e-4,2.6128755862756903e-4,8.264580736651546e-4,2.6798888082586714e-4,8.652631279452016e-4,2.645073010160916e-4,9.238071842964694e-4,2.8458318846581043e-4,9.712163384944726e-4,2.9829764498968633e-4,0.0010164197433337463,3.250710184980842e-4,9.496054370189997e-4,3.7127650538253067e-4,8.693742372087296e-4,3.9934421251059695e-4,8.915329343351472e-4,4.337933420507266e-4,9.479840945947869e-4,4.602936641751259e-4,0.0010391276996904412,5.043307283647301e-4,0.0011225098089364589,5.480710964845151e-4,0.0012264617464921124,5.723951323546982e-4,0.0013301263144871254,6.337165302710379e-4,0.001398447704288048,6.915696711393549e-4,0.0015161027183842842,7.265029010047472e-4,0.0016230543078856446,7.892253181206225e-4,0.0017069778760236242,8.551951506296809e-4,0.0018522883073593896,9.343182330406429e-4,0.0025013697816424576,0.001439786390050182,0.0026337170669524282,0.0015650139784036897,0.0028836738624061268,0.001706517774169116,0.003099585905284376,0.001814435878103012,0.0033637191363474666,0.0019386569476230687,0.003677104543477595,0.00206212216861712,0.003990900360815043,0.002570886566005769,0.004329161454284972,0.003203490748714012,0.004654281645501129,0.0031648988480122335,0.005012957117860061,0.003060629054698472,0.005359077279909204,0.0032156114927208894,0.006889273574263341,0.003448983986335445,0.007356285767134456,0.0036390721779594013,0.007524662940781769,0.0038359831300398823,0.007503523475007791,0.004037984725247938,0.009398817176281807,0.005684470971100644,0.009882648629422569,0.006034718245461186,0.010347839119156687,0.006447543345969337,0.01087421416424625,0.006939905578114608,0.011481243955506095,0.007513245067531109,0.011996889620167983,0.008012051755983482,0.012814258858887585,0.00873545894823424,0.01378757853993049,0.009548178746357388,0.01508387920608537,0.010539458449568814,0.016383708082383326,0.011510184931414966,0.017944761985139706,0.012729748002811073,0.019423148514709006,0.013884218813407317,0.0211479327992065,0.015237713887689444,0.02305389190350418,0.01674470479932409,0.02515370806498802,0.01844421591373985,0.02872768334357914,0.02155510824449017,0.031497242422257564,0.023919984789463663,0.034621300231678295,0.02666079605473271,0.03811616250562336,0.029662420162282942,0.042035577773966784,0.032892987213681,0.0486744270875106,0.03873948756097655,0.053743698545519046,0.04310501324025654,0.059395749007217974,0.04791541668542263,0.06547718379184331,0.053276714089222535,0.07214320932835715,0.0594002874310612,0.08538829648788072,0.07172418203341477,0.09413420895570039,0.07953555918004061,0.10359938545812668,0.08807278952363852,0.11373853229020954,0.09735928768346565,0.12404194429224455,0.1070672489899217,0.14274160135988492,0.125233741503028,0.1533179834237522,0.135698775498799,0.16328320242882688,0.14582689913970304,0.1724113937664249,0.1554093320706971,0.18048273198852197,0.16423339150019517,0.19206040688981801,0.17680053798038706,0.201134849697542,0.18691760471775307,0.2106374689960603,0.19761223206346237,0.22059000576374907,0.20892019235249124,0.2310117853147201,0.22087465629545405,0.24513979776273656,0.23701513383672515,0.2568086639899987,0.250662604833199,0.26907418197446376,0.26509511598087826,0.28198187376471695,0.28035884611218675,0.29567166402717077,0.29650335245820325,0.3150253470334491,0.31886012749824544,0.3309914471747757,0.3373823245205457,0.3482319493880577,0.35721738748125825,0.36732142743383644,0.3783032768319214,0.38850295022011816,0.40086687270096355,0.4157435946675284,0.4288464977575229,0.44171727083451684,0.4524670176620721,0.4697361704703277,0.47935801863251665,0.5004802445946731,0.5082198103104245,1,1
19121,2001,2,1,0.0012939364312971706,0.00044765911662055197,0.0014006835486255313,4.802574225402464e-4,0.0015021625532024973,5.019998010046798e-4,0.001538096137208818,5.442617762149645e-4,0.0015992240056980232,6.100642727208018e-4,0.0016882075947369686,6.505319012761218e-4,0.0018275907804478765,6.716961916390862e-4,0.0019319046125458568,6.880391982005769e-4,0.0020269893677609735,7.466406434812313e-4,0.001886776738089687,8.070681580111111e-4,0.0017849966025145806,8.844166466174753e-4,0.0018629287642974968,9.756747534460271e-4,0.002009903193999026,0.0010844731483495274,0.002184834194623561,0.0011631139566121002,0.002366513619390068,0.001247224884397245,0.002574871160211864,0.001350102322031778,0.002809940150310595,0.001454239590873609,0.002958850131050414,0.001565686764988613,0.003197596760234808,0.0016923127738848944,0.0034452022708278142,0.0018184184651472218,0.0038522107287149243,0.0018121285538895968,0.004128214655007321,0.0019826091990717437,0.004471983372954602,0.0021123551260805408,0.004657644564767563,0.002297235361796965,0.005092756988835319,0.0025219818862252446,0.0055021865104100415,0.0027207974579940503,0.005953581755970893,0.0029595505230214686,0.006478039105067249,0.0031928632265524792,0.006969218893262039,0.0033804156782471237,0.007564686066833616,0.0036182562112402374,0.00811784881368932,0.004507612350531877,0.008743803729018744,0.00545317304436774,0.009376332329344334,0.005415074339334191,0.011899893433234188,0.005186953335221646,0.012520817500105433,0.00533958794162788,0.011865524912954907,0.007203496982010125,0.011679996761807893,0.007590680811817259,0.012071594442492568,0.00810880853610621,0.012659105460885275,0.008726899406017627,0.01330779884748725,0.009447411418237179,0.013909820032785139,0.01008215224695399,0.014855173654220016,0.010990766618856727,0.015981422332711867,0.012012396858669798,0.017480875250507694,0.013256325976405454,0.01898437407900134,0.014475091238251624,0.020764229046211495,0.0159682017740631,0.022475510301706157,0.017416879454542067,0.024470980380468556,0.019114280590388513,0.026676176345632924,0.021004266972240518,0.029106127413814343,0.023136739230642002,0.0330868203781925,0.026787282233872632,0.03627643003164742,0.029725961554499778,0.039875244264759496,0.03313167958912417,0.04390034173277327,0.03686175172228423,0.048413888740778496,0.04087719308636747,0.05584651950316645,0.047776734956420416,0.0616628263332189,0.05315976547634873,0.06814793330264433,0.05909326232696493,0.07512490554311012,0.06570509587403793,0.082773410507788,0.0732564647305712,0.09748223155052461,0.08757560660462729,0.10746641340643451,0.09711364431469142,0.11827173700649793,0.10753741821691064,0.12984764953119124,0.11887655681067037,0.14161006097115408,0.1307302956569146,0.16245353497769985,0.1519653530454208,0.17449057119399353,0.16466428382150314,0.18583148142252312,0.1769546531850069,0.19622076898083154,0.18858227979909892,0.20540635291751067,0.19928986353753686,0.2184018432661232,0.2141828626628482,0.22872008361861493,0.22643970504020536,0.23952609036488798,0.23939593594252978,0.250843773622285,0.25309443872419546,0.262694994069519,0.2675765373448717,0.27857199513097647,0.2867414982631565,0.2918452461722296,0.30325236939438494,0.30580556408164056,0.32071291190065293,0.3204339357986083,0.3391792639913225,0.3359676304952291,0.3587083435731075,0.3577178483469397,0.38521484302751385,0.37572349747695555,0.4076246900521174,0.39552316803100696,0.43139532882636616,0.41701983336173093,0.4567811919771792,0.4404603895226469,0.4840207360058325,0.47018046567281346,0.5171658352698542,0.49873579914301325,0.5469308318237481,0.5293731778453948,0.577438068579158,0.5638092732335274,0.6103337814212596,1,1
19122,2001,2,1,0.0012939364312971706,0.00044765911662055197,0.0014006835486255313,4.802574225402464e-4,0.0015021625532024973,5.019998010046798e-4,0.001538096137208818,5.442617762149645e-4,0.0015992240056980232,6.100642727208018e-4,0.0016882075947369686,6.505319012761218e-4,0.0018275907804478765,6.716961916390862e-4,0.0019319046125458568,6.880391982005769e-4,0.0020269893677609735,7.466406434812313e-4,0.001886776738089687,8.070681580111111e-4,0.0017849966025145806,8.844166466174753e-4,0.0018629287642974968,9.756747534460271e-4,0.002009903193999026,0.0010844731483495274,0.002184834194623561,0.0011631139566121002,0.002366513619390068,0.001247224884397245,0.002574871160211864,0.001350102322031778,0.002809940150310595,0.001454239590873609,0.002958850131050414,0.001565686764988613,0.003197596760234808,0.0016923127738848944,0.0034452022708278142,0.0018184184651472218,0.0038522107287149243,0.0018121285538895968,0.004128214655007321,0.0019826091990717437,0.004471983372954602,0.0021123551260805408,0.004657644564767563,0.002297235361796965,0.005092756988835319,0.0025219818862252446,0.0055021865104100415,0.0027207974579940503,0.005953581755970893,0.0029595505230214686,0.006478039105067249,0.0031928632265524792,0.006969218893262039,0.0033804156782471237,0.007564686066833616,0.0036182562112402374,0.00811784881368932,0.004507612350531877,0.008743803729018744,0.00545317304436774,0.009376332329344334,0.005415074339334191,0.011899893433234188,0.005186953335221646,0.012520817500105433,0.00533958794162788,0.011865524912954907,0.007203496982010125,0.011679996761807893,0.007590680811817259,0.012071594442492568,0.00810880853610621,0.012659105460885275,0.008726899406017627,0.01330779884748725,0.009447411418237179,0.013909820032785139,0.01008215224695399,0.014855173654220016,0.010990766618856727,0.015981422332711867,0.012012396858669798,0.017480875250507694,0.013256325976405454,0.01898437407900134,0.014475091238251624,0.020764229046211495,0.0159682017740631,0.022475510301706157,0.017416879454542067,0.024470980380468556,0.019114280590388513,0.026676176345632924,0.021004266972240518,0.029106127413814343,0.023136739230642002,0.0330868203781925,0.026787282233872632,0.03627643003164742,0.029725961554499778,0.039875244264759496,0.03313167958912417,0.04390034173277327,0.03686175172228423,0.048413888740778496,0.04087719308636747,0.05584651950316645,0.047776734956420416,0.0616628263332189,0.05315976547634873,0.06814793330264433,0.05909326232696493,0.07512490554311012,0.06570509587403793,0.082773410507788,0.0732564647305712,0.09748223155052461,0.08757560660462729,0.10746641340643451,0.09711364431469142,0.11827173700649793,0.10753741821691064,0.12984764953119124,0.11887655681067037,0.14161006097115408,0.1307302956569146,0.16245353497769985,0.1519653530454208,0.17449057119399353,0.16466428382150314,0.18583148142252312,0.1769546531850069,0.19622076898083154,0.18858227979909892,0.20540635291751067,0.19928986353753686,0.2184018432661232,0.2141828626628482,0.22872008361861493,0.22643970504020536,0.23952609036488798,0.23939593594252978,0.250843773622285,0.25309443872419546,0.262694994069519,0.2675765373448717,0.27857199513097647,0.2867414982631565,0.2918452461722296,0.30325236939438494,0.30580556408164056,0.32071291190065293,0.3204339357986083,0.3391792639913225,0.3359676304952291,0.3587083435731075,0.3577178483469397,0.38521484302751385,0.37572349747695555,0.4076246900521174,0.39552316803100696,0.43139532882636616,0.41701983336173093,0.4567811919771792,0.4404603895226469,0.4840207360058325,0.47018046567281346,0.5171658352698542,0.49873579914301325,0.5469308318237481,0.5293731778453948,0.577438068579158,0.5638092732335274,0.6103337814212596,1,1
19123,2001,2,1,0.0012939364312971706,0.00044765911662055197,0.0014006835486255313,4.802574225402464e-4,0.0015021625532024973,5.019998010046798e-4,0.001538096137208818,5.442617762149645e-4,0.0015992240056980232,6.100642727208018e-4,0.0016882075947369686,6.505319012761218e-4,0.0018275907804478765,6.716961916390862e-4,0.0019319046125458568,6.880391982005769e-4,0.0020269893677609735,7.466406434812313e-4,0.001886776738089687,8.070681580111111e-4,0.0017849966025145806,8.844166466174753e-4,0.0018629287642974968,9.756747534460271e-4,0.002009903193999026,0.0010844731483495274,0.002184834194623561,0.0011631139566121002,0.002366513619390068,0.001247224884397245,0.002574871160211864,0.001350102322031778,0.002809940150310595,0.001454239590873609,0.002958850131050414,0.001565686764988613,0.003197596760234808,0.0016923127738848944,0.0034452022708278142,0.0018184184651472218,0.0038522107287149243,0.0018121285538895968,0.004128214655007321,0.0019826091990717437,0.004471983372954602,0.0021123551260805408,0.004657644564767563,0.002297235361796965,0.005092756988835319,0.0025219818862252446,0.0055021865104100415,0.0027207974579940503,0.005953581755970893,0.0029595505230214686,0.006478039105067249,0.0031928632265524792,0.006969218893262039,0.0033804156782471237,0.007564686066833616,0.0036182562112402374,0.00811784881368932,0.004507612350531877,0.008743803729018744,0.00545317304436774,0.009376332329344334,0.005415074339334191,0.011899893433234188,0.005186953335221646,0.012520817500105433,0.00533958794162788,0.011865524912954907,0.007203496982010125,0.011679996761807893,0.007590680811817259,0.012071594442492568,0.00810880853610621,0.012659105460885275,0.008726899406017627,0.01330779884748725,0.009447411418237179,0.013909820032785139,0.01008215224695399,0.014855173654220016,0.010990766618856727,0.015981422332711867,0.012012396858669798,0.017480875250507694,0.013256325976405454,0.01898437407900134,0.014475091238251624,0.020764229046211495,0.0159682017740631,0.022475510301706157,0.017416879454542067,0.024470980380468556,0.019114280590388513,0.026676176345632924,0.021004266972240518,0.029106127413814343,0.023136739230642002,0.0330868203781925,0.026787282233872632,0.03627643003164742,0.029725961554499778,0.039875244264759496,0.03313167958912417,0.04390034173277327,0.03686175172228423,0.048413888740778496,0.04087719308636747,0.05584651950316645,0.047776734956420416,0.0616628263332189,0.05315976547634873,0.06814793330264433,0.05909326232696493,0.07512490554311012,0.06570509587403793,0.082773410507788,0.0732564647305712,0.09748223155052461,0.08757560660462729,0.10746641340643451,0.09711364431469142,0.11827173700649793,0.10753741821691064,0.12984764953119124,0.11887655681067037,0.14161006097115408,0.1307302956569146,0.16245353497769985,0.1519653530454208,0.17449057119399353,0.16466428382150314,0.18583148142252312,0.1769546531850069,0.19622076898083154,0.18858227979909892,0.20540635291751067,0.19928986353753686,0.2184018432661232,0.2141828626628482,0.22872008361861493,0.22643970504020536,0.23952609036488798,0.23939593594252978,0.250843773622285,0.25309443872419546,0.262694994069519,0.2675765373448717,0.27857199513097647,0.2867414982631565,0.2918452461722296,0.30325236939438494,0.30580556408164056,0.32071291190065293,0.3204339357986083,0.3391792639913225,0.3359676304952291,0.3587083435731075,0.3577178483469397,0.38521484302751385,0.37572349747695555,0.4076246900521174,0.39552316803100696,0.43139532882636616,0.41701983336173093,0.4567811919771792,0.4404603895226469,0.4840207360058325,0.47018046567281346,0.5171658352698542,0.49873579914301325,0.5469308318237481,0.5293731778453948,0.577438068579158,0.5638092732335274,0.6103337814212596,1,1
19124,2001,2,1,0.0012939364312971706,0.00044765911662055197,0.0014006835486255313,4.802574225402464e-4,0.0015021625532024973,5.019998010046798e-4,0.001538096137208818,5.442617762149645e-4,0.0015992240056980232,6.100642727208018e-4,0.0016882075947369686,6.505319012761218e-4,0.0018275907804478765,6.716961916390862e-4,0.0019319046125458568,6.880391982005769e-4,0.0020269893677609735,7.466406434812313e-4,0.001886776738089687,8.070681580111111e-4,0.0017849966025145806,8.844166466174753e-4,0.0018629287642974968,9.756747534460271e-4,0.002009903193999026,0.0010844731483495274,0.002184834194623561,0.0011631139566121002,0.002366513619390068,0.001247224884397245,0.002574871160211864,0.001350102322031778,0.002809940150310595,0.001454239590873609,0.002958850131050414,0.001565686764988613,0.003197596760234808,0.0016923127738848944,0.0034452022708278142,0.0018184184651472218,0.0038522107287149243,0.0018121285538895968,0.004128214655007321,0.0019826091990717437,0.004471983372954602,0.0021123551260805408,0.004657644564767563,0.002297235361796965,0.005092756988835319,0.0025219818862252446,0.0055021865104100415,0.0027207974579940503,0.005953581755970893,0.0029595505230214686,0.006478039105067249,0.0031928632265524792,0.006969218893262039,0.0033804156782471237,0.007564686066833616,0.0036182562112402374,0.00811784881368932,0.004507612350531877,0.008743803729018744,0.00545317304436774,0.009376332329344334,0.005415074339334191,0.011899893433234188,0.005186953335221646,0.012520817500105433,0.00533958794162788,0.011865524912954907,0.007203496982010125,0.011679996761807893,0.007590680811817259,0.012071594442492568,0.00810880853610621,0.012659105460885275,0.008726899406017627,0.01330779884748725,0.009447411418237179,0.013909820032785139,0.01008215224695399,0.014855173654220016,0.010990766618856727,0.015981422332711867,0.012012396858669798,0.017480875250507694,0.013256325976405454,0.01898437407900134,0.014475091238251624,0.020764229046211495,0.0159682017740631,0.022475510301706157,0.017416879454542067,0.024470980380468556,0.019114280590388513,0.026676176345632924,0.021004266972240518,0.029106127413814343,0.023136739230642002,0.0330868203781925,0.026787282233872632,0.03627643003164742,0.029725961554499778,0.039875244264759496,0.03313167958912417,0.04390034173277327,0.03686175172228423,0.048413888740778496,0.04087719308636747,0.05584651950316645,0.047776734956420416,0.0616628263332189,0.05315976547634873,0.06814793330264433,0.05909326232696493,0.07512490554311012,0.06570509587403793,0.082773410507788,0.0732564647305712,0.09748223155052461,0.08757560660462729,0.10746641340643451,0.09711364431469142,0.11827173700649793,0.10753741821691064,0.12984764953119124,0.11887655681067037,0.14161006097115408,0.1307302956569146,0.16245353497769985,0.1519653530454208,0.17449057119399353,0.16466428382150314,0.18583148142252312,0.1769546531850069,0.19622076898083154,0.18858227979909892,0.20540635291751067,0.19928986353753686,0.2184018432661232,0.2141828626628482,0.22872008361861493,0.22643970504020536,0.23952609036488798,0.23939593594252978,0.250843773622285,0.25309443872419546,0.262694994069519,0.2675765373448717,0.27857199513097647,0.2867414982631565,0.2918452461722296,0.30325236939438494,0.30580556408164056,0.32071291190065293,0.3204339357986083,0.3391792639913225,0.3359676304952291,0.3587083435731075,0.3577178483469397,0.38521484302751385,0.37572349747695555,0.4076246900521174,0.39552316803100696,0.43139532882636616,0.41701983336173093,0.4567811919771792,0.4404603895226469,0.4840207360058325,0.47018046567281346,0.5171658352698542,0.49873579914301325,0.5469308318237481,0.5293731778453948,0.577438068579158,0.5638092732335274,0.6103337814212596,1,1
19125,2001,2,1,0.0012939364312971706,0.00044765911662055197,0.0014006835486255313,4.802574225402464e-4,0.0015021625532024973,5.019998010046798e-4,0.001538096137208818,5.442617762149645e-4,0.0015992240056980232,6.100642727208018e-4,0.0016882075947369686,6.505319012761218e-4,0.0018275907804478765,6.716961916390862e-4,0.0019319046125458568,6.880391982005769e-4,0.0020269893677609735,7.466406434812313e-4,0.001886776738089687,8.070681580111111e-4,0.0017849966025145806,8.844166466174753e-4,0.0018629287642974968,9.756747534460271e-4,0.002009903193999026,0.0010844731483495274,0.002184834194623561,0.0011631139566121002,0.002366513619390068,0.001247224884397245,0.002574871160211864,0.001350102322031778,0.002809940150310595,0.001454239590873609,0.002958850131050414,0.001565686764988613,0.003197596760234808,0.0016923127738848944,0.0034452022708278142,0.0018184184651472218,0.0038522107287149243,0.0018121285538895968,0.004128214655007321,0.0019826091990717437,0.004471983372954602,0.0021123551260805408,0.004657644564767563,0.002297235361796965,0.005092756988835319,0.0025219818862252446,0.0055021865104100415,0.0027207974579940503,0.005953581755970893,0.0029595505230214686,0.006478039105067249,0.0031928632265524792,0.006969218893262039,0.0033804156782471237,0.007564686066833616,0.0036182562112402374,0.00811784881368932,0.004507612350531877,0.008743803729018744,0.00545317304436774,0.009376332329344334,0.005415074339334191,0.011899893433234188,0.005186953335221646,0.012520817500105433,0.00533958794162788,0.011865524912954907,0.007203496982010125,0.011679996761807893,0.007590680811817259,0.012071594442492568,0.00810880853610621,0.012659105460885275,0.008726899406017627,0.01330779884748725,0.009447411418237179,0.013909820032785139,0.01008215224695399,0.014855173654220016,0.010990766618856727,0.015981422332711867,0.012012396858669798,0.017480875250507694,0.013256325976405454,0.01898437407900134,0.014475091238251624,0.020764229046211495,0.0159682017740631,0.022475510301706157,0.017416879454542067,0.024470980380468556,0.019114280590388513,0.026676176345632924,0.021004266972240518,0.029106127413814343,0.023136739230642002,0.0330868203781925,0.026787282233872632,0.03627643003164742,0.029725961554499778,0.039875244264759496,0.03313167958912417,0.04390034173277327,0.03686175172228423,0.048413888740778496,0.04087719308636747,0.05584651950316645,0.047776734956420416,0.0616628263332189,0.05315976547634873,0.06814793330264433,0.05909326232696493,0.07512490554311012,0.06570509587403793,0.082773410507788,0.0732564647305712,0.09748223155052461,0.08757560660462729,0.10746641340643451,0.09711364431469142,0.11827173700649793,0.10753741821691064,0.12984764953119124,0.11887655681067037,0.14161006097115408,0.1307302956569146,0.16245353497769985,0.1519653530454208,0.17449057119399353,0.16466428382150314,0.18583148142252312,0.1769546531850069,0.19622076898083154,0.18858227979909892,0.20540635291751067,0.19928986353753686,0.2184018432661232,0.2141828626628482,0.22872008361861493,0.22643970504020536,0.23952609036488798,0.23939593594252978,0.250843773622285,0.25309443872419546,0.262694994069519,0.2675765373448717,0.27857199513097647,0.2867414982631565,0.2918452461722296,0.30325236939438494,0.30580556408164056,0.32071291190065293,0.3204339357986083,0.3391792639913225,0.3359676304952291,0.3587083435731075,0.3577178483469397,0.38521484302751385,0.37572349747695555,0.4076246900521174,0.39552316803100696,0.43139532882636616,0.41701983336173093,0.4567811919771792,0.4404603895226469,0.4840207360058325,0.47018046567281346,0.5171658352698542,0.49873579914301325,0.5469308318237481,0.5293731778453948,0.577438068579158,0.5638092732335274,0.6103337814212596,1,1
21031,2001,2,1,4.7861521040327575e-4,2.8444625631169907e-4,4.5980713229306215e-4,2.8868581334204395e-4,4.6088518103393363e-4,3.010250638176633e-4,4.816120313654822e-4,3.1231119808203906e-4,5.048408528268526e-4,3.3592504607475343e-4,5.335596525427754e-4,3.5743170176970784e-4,5.600610285597346e-4,3.6415293125889283e-4,5.6070271538631e-4,3.884888624974021e-4,5.8201683080392e-4,4.2938853493325053e-4,6.3771804677352e-4,4.5902791953494513e-4,7.071665934745307e-4,5.122850998504132e-4,7.789190011354629e-4,5.338481273631523e-4,8.128521446302032e-4,5.92428875973295e-4,8.98200067379993e-4,6.489211035340837e-4,9.726647928795596e-4,6.892253891866971e-4,0.0010349929403414221,7.683437854668128e-4,0.0011446034488752862,8.118871975675199e-4,0.001204146200393455,9.217874078396573e-4,0.0012960398353116806,0.0010102376066155297,0.0014125975168321069,0.0010828770409041211,0.002876125107935027,0.0014718847246126912,0.0029881768276215554,0.001549471315144577,0.003053062749762478,0.0016695181390002066,0.003275443894408883,0.0018263269101193003,0.003589213115723428,0.0019965279571641436,0.0038887701343541287,0.002201366044179106,0.004217809570495846,0.0023591091568945,0.0044971109531675955,0.0025670318889415545,0.004850222246501966,0.002707525498532459,0.005095162259954297,0.0029093507178379182,0.005576454938200852,0.003131884138333319,0.005857788337894277,0.0033020795486172674,0.00619485396375901,0.003643387504670104,0.006743082668632254,0.0038593348452407553,0.0071519230311708915,0.004122474063326218,0.008755529650298332,0.006359611964562022,0.009408318004088798,0.006915832884541049,0.010089108542680112,0.007596371360033432,0.01092324694417941,0.008116516890923131,0.011770794899447691,0.008858733023756749,0.012837124719072886,0.009640794956207642,0.013910802170227773,0.010563014710435605,0.014933785273769025,0.011496693180732213,0.0161118189946855,0.012484725784183068,0.01743075121085945,0.015515712171655099,0.020800294573250767,0.015442206515915347,0.021241095576509397,0.016432023486456216,0.02277449336973245,0.018075095937038096,0.024798012674327657,0.01991525575420638,0.027021089320483988,0.02194652260681337,0.03006433462726741,0.02479467257291063,0.03309040162709422,0.027601311636025458,0.036416172785383484,0.03062398937744354,0.04005126972556105,0.03384578139726415,0.04405662755064701,0.03737320410776598,0.049504121683239144,0.04226283078877596,0.05465296350342807,0.04696394212035355,0.06037130799626876,0.05231092294061759,0.06666436456777024,0.05834136838483152,0.07353656757947692,0.06502752921444836,0.08448959006697056,0.0756874475218427,0.09300525825794957,0.08418735556233108,0.10210496674132508,0.09330380248522624,0.11173211512704741,0.10300500405415544,0.12186311991926252,0.11323261909526709,0.1362901076027254,0.12788452453624602,0.14640090034250786,0.13855475311024656,0.15593760103920123,0.14889256187114228,0.1646855722003744,0.15869388535346307,0.17243598363104942,0.1677466006466243,0.18243156601115623,0.17923841878570032,0.19109691189636194,0.18954194575324887,0.20017300366769195,0.20043704858399541,0.2096803246431419,0.21195763255516092,0.2196380737813084,0.22413967378266336,0.23232499806503926,0.23912404296362855,0.24327075149765737,0.25294269311486917,0.25520750576858203,0.2675587855969182,0.2678004715319843,0.2830204768223967,0.28128566343232575,0.29937500073941486,0.2992144001498441,0.3205594484302662,0.31470318023140853,0.33920107563279994,0.3318403276542504,0.3589538894638218,0.3508473597077505,0.3799269177873998,0.3720049012685576,0.402219949333313,0.3982208260321291,0.4292425025219096,0.4232819706895458,0.4528308439566607,0.450635030308065,0.47832062071200165,0.4824189125320961,0.5059428821117025,1,1
21032,2001,2,1,4.7861521040327575e-4,2.8444625631169907e-4,4.5980713229306215e-4,2.8868581334204395e-4,4.6088518103393363e-4,3.010250638176633e-4,4.816120313654822e-4,3.1231119808203906e-4,5.048408528268526e-4,3.3592504607475343e-4,5.335596525427754e-4,3.5743170176970784e-4,5.600610285597346e-4,3.6415293125889283e-4,5.6070271538631e-4,3.884888624974021e-4,5.8201683080392e-4,4.2938853493325053e-4,6.3771804677352e-4,4.5902791953494513e-4,7.071665934745307e-4,5.122850998504132e-4,7.789190011354629e-4,5.338481273631523e-4,8.128521446302032e-4,5.92428875973295e-4,8.98200067379993e-4,6.489211035340837e-4,9.726647928795596e-4,6.892253891866971e-4,0.0010349929403414221,7.683437854668128e-4,0.0011446034488752862,8.118871975675199e-4,0.001204146200393455,9.217874078396573e-4,0.0012960398353116806,0.0010102376066155297,0.0014125975168321069,0.0010828770409041211,0.002876125107935027,0.0014718847246126912,0.0029881768276215554,0.001549471315144577,0.003053062749762478,0.0016695181390002066,0.003275443894408883,0.0018263269101193003,0.003589213115723428,0.0019965279571641436,0.0038887701343541287,0.002201366044179106,0.004217809570495846,0.0023591091568945,0.0044971109531675955,0.0025670318889415545,0.004850222246501966,0.002707525498532459,0.005095162259954297,0.0029093507178379182,0.005576454938200852,0.003131884138333319,0.005857788337894277,0.0033020795486172674,0.00619485396375901,0.003643387504670104,0.006743082668632254,0.0038593348452407553,0.0071519230311708915,0.004122474063326218,0.008755529650298332,0.006359611964562022,0.009408318004088798,0.006915832884541049,0.010089108542680112,0.007596371360033432,0.01092324694417941,0.008116516890923131,0.011770794899447691,0.008858733023756749,0.012837124719072886,0.009640794956207642,0.013910802170227773,0.010563014710435605,0.014933785273769025,0.011496693180732213,0.0161118189946855,0.012484725784183068,0.01743075121085945,0.015515712171655099,0.020800294573250767,0.015442206515915347,0.021241095576509397,0.016432023486456216,0.02277449336973245,0.018075095937038096,0.024798012674327657,0.01991525575420638,0.027021089320483988,0.02194652260681337,0.03006433462726741,0.02479467257291063,0.03309040162709422,0.027601311636025458,0.036416172785383484,0.03062398937744354,0.04005126972556105,0.03384578139726415,0.04405662755064701,0.03737320410776598,0.049504121683239144,0.04226283078877596,0.05465296350342807,0.04696394212035355,0.06037130799626876,0.05231092294061759,0.06666436456777024,0.05834136838483152,0.07353656757947692,0.06502752921444836,0.08448959006697056,0.0756874475218427,0.09300525825794957,0.08418735556233108,0.10210496674132508,0.09330380248522624,0.11173211512704741,0.10300500405415544,0.12186311991926252,0.11323261909526709,0.1362901076027254,0.12788452453624602,0.14640090034250786,0.13855475311024656,0.15593760103920123,0.14889256187114228,0.1646855722003744,0.15869388535346307,0.17243598363104942,0.1677466006466243,0.18243156601115623,0.17923841878570032,0.19109691189636194,0.18954194575324887,0.20017300366769195,0.20043704858399541,0.2096803246431419,0.21195763255516092,0.2196380737813084,0.22413967378266336,0.23232499806503926,0.23912404296362855,0.24327075149765737,0.25294269311486917,0.25520750576858203,0.2675587855969182,0.2678004715319843,0.2830204768223967,0.28128566343232575,0.29937500073941486,0.2992144001498441,0.3205594484302662,0.31470318023140853,0.33920107563279994,0.3318403276542504,0.3589538894638218,0.3508473597077505,0.3799269177873998,0.3720049012685576,0.402219949333313,0.3982208260321291,0.4292425025219096,0.4232819706895458,0.4528308439566607,0.450635030308065,0.47832062071200165,0.4824189125320961,0.5059428821117025,1,1
21033,2001,2,1,4.7861521040327575e-4,2.8444625631169907e-4,4.5980713229306215e-4,2.8868581334204395e-4,4.6088518103393363e-4,3.010250638176633e-4,4.816120313654822e-4,3.1231119808203906e-4,5.048408528268526e-4,3.3592504607475343e-4,5.335596525427754e-4,3.5743170176970784e-4,5.600610285597346e-4,3.6415293125889283e-4,5.6070271538631e-4,3.884888624974021e-4,5.8201683080392e-4,4.2938853493325053e-4,6.3771804677352e-4,4.5902791953494513e-4,7.071665934745307e-4,5.122850998504132e-4,7.789190011354629e-4,5.338481273631523e-4,8.128521446302032e-4,5.92428875973295e-4,8.98200067379993e-4,6.489211035340837e-4,9.726647928795596e-4,6.892253891866971e-4,0.0010349929403414221,7.683437854668128e-4,0.0011446034488752862,8.118871975675199e-4,0.001204146200393455,9.217874078396573e-4,0.0012960398353116806,0.0010102376066155297,0.0014125975168321069,0.0010828770409041211,0.002876125107935027,0.0014718847246126912,0.0029881768276215554,0.001549471315144577,0.003053062749762478,0.0016695181390002066,0.003275443894408883,0.0018263269101193003,0.003589213115723428,0.0019965279571641436,0.0038887701343541287,0.002201366044179106,0.004217809570495846,0.0023591091568945,0.0044971109531675955,0.0025670318889415545,0.004850222246501966,0.002707525498532459,0.005095162259954297,0.0029093507178379182,0.005576454938200852,0.003131884138333319,0.005857788337894277,0.0033020795486172674,0.00619485396375901,0.003643387504670104,0.006743082668632254,0.0038593348452407553,0.0071519230311708915,0.004122474063326218,0.008755529650298332,0.006359611964562022,0.009408318004088798,0.006915832884541049,0.010089108542680112,0.007596371360033432,0.01092324694417941,0.008116516890923131,0.011770794899447691,0.008858733023756749,0.012837124719072886,0.009640794956207642,0.013910802170227773,0.010563014710435605,0.014933785273769025,0.011496693180732213,0.0161118189946855,0.012484725784183068,0.01743075121085945,0.015515712171655099,0.020800294573250767,0.015442206515915347,0.021241095576509397,0.016432023486456216,0.02277449336973245,0.018075095937038096,0.024798012674327657,0.01991525575420638,0.027021089320483988,0.02194652260681337,0.03006433462726741,0.02479467257291063,0.03309040162709422,0.027601311636025458,0.036416172785383484,0.03062398937744354,0.04005126972556105,0.03384578139726415,0.04405662755064701,0.03737320410776598,0.049504121683239144,0.04226283078877596,0.05465296350342807,0.04696394212035355,0.06037130799626876,0.05231092294061759,0.06666436456777024,0.05834136838483152,0.07353656757947692,0.06502752921444836,0.08448959006697056,0.0756874475218427,0.09300525825794957,0.08418735556233108,0.10210496674132508,0.09330380248522624,0.11173211512704741,0.10300500405415544,0.12186311991926252,0.11323261909526709,0.1362901076027254,0.12788452453624602,0.14640090034250786,0.13855475311024656,0.15593760103920123,0.14889256187114228,0.1646855722003744,0.15869388535346307,0.17243598363104942,0.1677466006466243,0.18243156601115623,0.17923841878570032,0.19109691189636194,0.18954194575324887,0.20017300366769195,0.20043704858399541,0.2096803246431419,0.21195763255516092,0.2196380737813084,0.22413967378266336,0.23232499806503926,0.23912404296362855,0.24327075149765737,0.25294269311486917,0.25520750576858203,0.2675587855969182,0.2678004715319843,0.2830204768223967,0.28128566343232575,0.29937500073941486,0.2992144001498441,0.3205594484302662,0.31470318023140853,0.33920107563279994,0.3318403276542504,0.3589538894638218,0.3508473597077505,0.3799269177873998,0.3720049012685576,0.402219949333313,0.3982208260321291,0.4292425025219096,0.4232819706895458,0.4528308439566607,0.450635030308065,0.47832062071200165,0.4824189125320961,0.5059428821117025,1,1
21034,2001,2,1,4.7861521040327575e-4,2.8444625631169907e-4,4.5980713229306215e-4,2.8868581334204395e-4,4.6088518103393363e-4,3.010250638176633e-4,4.816120313654822e-4,3.1231119808203906e-4,5.048408528268526e-4,3.3592504607475343e-4,5.335596525427754e-4,3.5743170176970784e-4,5.600610285597346e-4,3.6415293125889283e-4,5.6070271538631e-4,3.884888624974021e-4,5.8201683080392e-4,4.2938853493325053e-4,6.3771804677352e-4,4.5902791953494513e-4,7.071665934745307e-4,5.122850998504132e-4,7.789190011354629e-4,5.338481273631523e-4,8.128521446302032e-4,5.92428875973295e-4,8.98200067379993e-4,6.489211035340837e-4,9.726647928795596e-4,6.892253891866971e-4,0.0010349929403414221,7.683437854668128e-4,0.0011446034488752862,8.118871975675199e-4,0.001204146200393455,9.217874078396573e-4,0.0012960398353116806,0.0010102376066155297,0.0014125975168321069,0.0010828770409041211,0.002876125107935027,0.0014718847246126912,0.0029881768276215554,0.001549471315144577,0.003053062749762478,0.0016695181390002066,0.003275443894408883,0.0018263269101193003,0.003589213115723428,0.0019965279571641436,0.0038887701343541287,0.002201366044179106,0.004217809570495846,0.0023591091568945,0.0044971109531675955,0.0025670318889415545,0.004850222246501966,0.002707525498532459,0.005095162259954297,0.0029093507178379182,0.005576454938200852,0.003131884138333319,0.005857788337894277,0.0033020795486172674,0.00619485396375901,0.003643387504670104,0.006743082668632254,0.0038593348452407553,0.0071519230311708915,0.004122474063326218,0.008755529650298332,0.006359611964562022,0.009408318004088798,0.006915832884541049,0.010089108542680112,0.007596371360033432,0.01092324694417941,0.008116516890923131,0.011770794899447691,0.008858733023756749,0.012837124719072886,0.009640794956207642,0.013910802170227773,0.010563014710435605,0.014933785273769025,0.011496693180732213,0.0161118189946855,0.012484725784183068,0.01743075121085945,0.015515712171655099,0.020800294573250767,0.015442206515915347,0.021241095576509397,0.016432023486456216,0.02277449336973245,0.018075095937038096,0.024798012674327657,0.01991525575420638,0.027021089320483988,0.02194652260681337,0.03006433462726741,0.02479467257291063,0.03309040162709422,0.027601311636025458,0.036416172785383484,0.03062398937744354,0.04005126972556105,0.03384578139726415,0.04405662755064701,0.03737320410776598,0.049504121683239144,0.04226283078877596,0.05465296350342807,0.04696394212035355,0.06037130799626876,0.05231092294061759,0.06666436456777024,0.05834136838483152,0.07353656757947692,0.06502752921444836,0.08448959006697056,0.0756874475218427,0.09300525825794957,0.08418735556233108,0.10210496674132508,0.09330380248522624,0.11173211512704741,0.10300500405415544,0.12186311991926252,0.11323261909526709,0.1362901076027254,0.12788452453624602,0.14640090034250786,0.13855475311024656,0.15593760103920123,0.14889256187114228,0.1646855722003744,0.15869388535346307,0.17243598363104942,0.1677466006466243,0.18243156601115623,0.17923841878570032,0.19109691189636194,0.18954194575324887,0.20017300366769195,0.20043704858399541,0.2096803246431419,0.21195763255516092,0.2196380737813084,0.22413967378266336,0.23232499806503926,0.23912404296362855,0.24327075149765737,0.25294269311486917,0.25520750576858203,0.2675587855969182,0.2678004715319843,0.2830204768223967,0.28128566343232575,0.29937500073941486,0.2992144001498441,0.3205594484302662,0.31470318023140853,0.33920107563279994,0.3318403276542504,0.3589538894638218,0.3508473597077505,0.3799269177873998,0.3720049012685576,0.402219949333313,0.3982208260321291,0.4292425025219096,0.4232819706895458,0.4528308439566607,0.450635030308065,0.47832062071200165,0.4824189125320961,0.5059428821117025,1,1
21035,2001,2,1,4.7861521040327575e-4,2.8444625631169907e-4,4.5980713229306215e-4,2.8868581334204395e-4,4.6088518103393363e-4,3.010250638176633e-4,4.816120313654822e-4,3.1231119808203906e-4,5.048408528268526e-4,3.3592504607475343e-4,5.335596525427754e-4,3.5743170176970784e-4,5.600610285597346e-4,3.6415293125889283e-4,5.6070271538631e-4,3.884888624974021e-4,5.8201683080392e-4,4.2938853493325053e-4,6.3771804677352e-4,4.5902791953494513e-4,7.071665934745307e-4,5.122850998504132e-4,7.789190011354629e-4,5.338481273631523e-4,8.128521446302032e-4,5.92428875973295e-4,8.98200067379993e-4,6.489211035340837e-4,9.726647928795596e-4,6.892253891866971e-4,0.0010349929403414221,7.683437854668128e-4,0.0011446034488752862,8.118871975675199e-4,0.001204146200393455,9.217874078396573e-4,0.0012960398353116806,0.0010102376066155297,0.0014125975168321069,0.0010828770409041211,0.002876125107935027,0.0014718847246126912,0.0029881768276215554,0.001549471315144577,0.003053062749762478,0.0016695181390002066,0.003275443894408883,0.0018263269101193003,0.003589213115723428,0.0019965279571641436,0.0038887701343541287,0.002201366044179106,0.004217809570495846,0.0023591091568945,0.0044971109531675955,0.0025670318889415545,0.004850222246501966,0.002707525498532459,0.005095162259954297,0.0029093507178379182,0.005576454938200852,0.003131884138333319,0.005857788337894277,0.0033020795486172674,0.00619485396375901,0.003643387504670104,0.006743082668632254,0.0038593348452407553,0.0071519230311708915,0.004122474063326218,0.008755529650298332,0.006359611964562022,0.009408318004088798,0.006915832884541049,0.010089108542680112,0.007596371360033432,0.01092324694417941,0.008116516890923131,0.011770794899447691,0.008858733023756749,0.012837124719072886,0.009640794956207642,0.013910802170227773,0.010563014710435605,0.014933785273769025,0.011496693180732213,0.0161118189946855,0.012484725784183068,0.01743075121085945,0.015515712171655099,0.020800294573250767,0.015442206515915347,0.021241095576509397,0.016432023486456216,0.02277449336973245,0.018075095937038096,0.024798012674327657,0.01991525575420638,0.027021089320483988,0.02194652260681337,0.03006433462726741,0.02479467257291063,0.03309040162709422,0.027601311636025458,0.036416172785383484,0.03062398937744354,0.04005126972556105,0.03384578139726415,0.04405662755064701,0.03737320410776598,0.049504121683239144,0.04226283078877596,0.05465296350342807,0.04696394212035355,0.06037130799626876,0.05231092294061759,0.06666436456777024,0.05834136838483152,0.07353656757947692,0.06502752921444836,0.08448959006697056,0.0756874475218427,0.09300525825794957,0.08418735556233108,0.10210496674132508,0.09330380248522624,0.11173211512704741,0.10300500405415544,0.12186311991926252,0.11323261909526709,0.1362901076027254,0.12788452453624602,0.14640090034250786,0.13855475311024656,0.15593760103920123,0.14889256187114228,0.1646855722003744,0.15869388535346307,0.17243598363104942,0.1677466006466243,0.18243156601115623,0.17923841878570032,0.19109691189636194,0.18954194575324887,0.20017300366769195,0.20043704858399541,0.2096803246431419,0.21195763255516092,0.2196380737813084,0.22413967378266336,0.23232499806503926,0.23912404296362855,0.24327075149765737,0.25294269311486917,0.25520750576858203,0.2675587855969182,0.2678004715319843,0.2830204768223967,0.28128566343232575,0.29937500073941486,0.2992144001498441,0.3205594484302662,0.31470318023140853,0.33920107563279994,0.3318403276542504,0.3589538894638218,0.3508473597077505,0.3799269177873998,0.3720049012685576,0.402219949333313,0.3982208260321291,0.4292425025219096,0.4232819706895458,0.4528308439566607,0.450635030308065,0.47832062071200165,0.4824189125320961,0.5059428821117025,1,1
21601,2001,2,1,0.008240049503068527,0.002930075501732639,0.0074721040024245625,0.0030235141001655657,0.00676992915689621,0.0030895043254550478,0.006731295351924704,0.0031945233949301818,0.007003646723120854,0.003463637672897517,0.007226592328825817,0.0037286661750209897,0.008030127072726583,0.0040403867098820455,0.00839946808216187,0.004543278531041997,0.00888688106773957,0.004846605797445149,0.009148942652315308,0.004997353897323754,0.009998685303062207,0.005342992839610034,0.01069223476237159,0.005902779924288066,0.011176669886384683,0.006520404989707916,0.011798889842698553,0.007028088880680775,0.012713474982211473,0.007780432092742514,0.013373919531658658,0.008313554472259267,0.014391223125582695,0.00907523145075382,0.015487877024449917,0.00957874837466936,0.01704158210963249,0.010314138592941889,0.018510780477632716,0.011137014204559403,0.01498342531341986,0.008382134922823864,0.016338081530992317,0.009166301572590909,0.017815698745924296,0.009906881678463077,0.019185664745996873,0.01074735120745479,0.0208032150705294,0.011347330374513478,0.027171637256044327,0.012195636565050898,0.02956326855131001,0.013148339983968561,0.030161973598110226,0.013950437112584412,0.030320078213660145,0.014959707597980902,0.031809287485913613,0.016159472361929234,0.034588895283839835,0.017088640061420295,0.03694947822033329,0.0184187166289644,0.03934452711604971,0.019976397007451005,0.04159271732355804,0.021810344430426835,0.043673071390181235,0.023665998652244245,0.02678835267240283,0.01630402044869977,0.0281925278959985,0.017643288546008568,0.029609310913125474,0.019134210293887812,0.03106399032649501,0.02043952199726856,0.03274142035235591,0.02196356624780333,0.034097616118153144,0.027429068421319393,0.036345682900023074,0.03209169386267597,0.03902080423284773,0.03183078609087208,0.042588227586315384,0.03219531885970521,0.04614178591066143,0.03429486304452911,0.05057465392773738,0.037646462562246734,0.054743204962957065,0.04109051770547292,0.05960408527850169,0.045096264245448485,0.0649751029584963,0.04955694796934094,0.07089451830527456,0.054585892580003154,0.08211025264653873,0.06173842483977909,0.09002649139130689,0.0685132114233786,0.0989575391074987,0.07636210962532333,0.1089471218549242,0.08495992968960052,0.12014828084291834,0.09421305638341859,0.14072503582183923,0.10803362101396156,0.15538237545398187,0.12020524364936908,0.17172316838880938,0.13362178464365373,0.1893046882707455,0.14857230155771586,0.20857877105116032,0.16564804849339684,0.2506031583668846,0.19313972185651732,0.2762703554753526,0.21417522890203058,0.3040491568888118,0.23716351685612572,0.3338065625086732,0.26217028061900716,0.3640449547864446,0.2883135661554282,0.4228419298776201,0.32998876847272207,0.45417165173148283,0.35756420283360346,0.4836922078607068,0.3842511136692177,0.5107331320148721,0.4094993061903508,0.5346421771351468,0.43275201611776953,0.5703609022424375,0.46316218542247956,0.597307086600348,0.4896651505375208,0.6255286143693836,0.5176840254747832,0.6550837869626238,0.5473058559770377,0.6860327277123073,0.578622614904571,0.7294691023760631,0.6179722177546221,0.7641930596226766,0.6535558604504444,0.8006120873598288,0.6911858992876401,0.8387652114225933,0.7309838698315875,0.8791961339900511,0.7731541428524963,0.9385490117786474,0.8276755830784487,0.9859718161962752,0.8758815718547228,0.9999999999999998,0.9268857984822219,0.9999999999999998,0.9812254180081544,1,1,1,1,1,1,0.9999999999999999,1,1,1,1,1
21602,2001,2,1,0.008240049503068527,0.002930075501732639,0.0074721040024245625,0.0030235141001655657,0.00676992915689621,0.0030895043254550478,0.006731295351924704,0.0031945233949301818,0.007003646723120854,0.003463637672897517,0.007226592328825817,0.0037286661750209897,0.008030127072726583,0.0040403867098820455,0.00839946808216187,0.004543278531041997,0.00888688106773957,0.004846605797445149,0.009148942652315308,0.004997353897323754,0.009998685303062207,0.005342992839610034,0.01069223476237159,0.005902779924288066,0.011176669886384683,0.006520404989707916,0.011798889842698553,0.007028088880680775,0.012713474982211473,0.007780432092742514,0.013373919531658658,0.008313554472259267,0.014391223125582695,0.00907523145075382,0.015487877024449917,0.00957874837466936,0.01704158210963249,0.010314138592941889,0.018510780477632716,0.011137014204559403,0.01498342531341986,0.008382134922823864,0.016338081530992317,0.009166301572590909,0.017815698745924296,0.009906881678463077,0.019185664745996873,0.01074735120745479,0.0208032150705294,0.011347330374513478,0.027171637256044327,0.012195636565050898,0.02956326855131001,0.013148339983968561,0.030161973598110226,0.013950437112584412,0.030320078213660145,0.014959707597980902,0.031809287485913613,0.016159472361929234,0.034588895283839835,0.017088640061420295,0.03694947822033329,0.0184187166289644,0.03934452711604971,0.019976397007451005,0.04159271732355804,0.021810344430426835,0.043673071390181235,0.023665998652244245,0.02678835267240283,0.01630402044869977,0.0281925278959985,0.017643288546008568,0.029609310913125474,0.019134210293887812,0.03106399032649501,0.02043952199726856,0.03274142035235591,0.02196356624780333,0.034097616118153144,0.027429068421319393,0.036345682900023074,0.03209169386267597,0.03902080423284773,0.03183078609087208,0.042588227586315384,0.03219531885970521,0.04614178591066143,0.03429486304452911,0.05057465392773738,0.037646462562246734,0.054743204962957065,0.04109051770547292,0.05960408527850169,0.045096264245448485,0.0649751029584963,0.04955694796934094,0.07089451830527456,0.054585892580003154,0.08211025264653873,0.06173842483977909,0.09002649139130689,0.0685132114233786,0.0989575391074987,0.07636210962532333,0.1089471218549242,0.08495992968960052,0.12014828084291834,0.09421305638341859,0.14072503582183923,0.10803362101396156,0.15538237545398187,0.12020524364936908,0.17172316838880938,0.13362178464365373,0.1893046882707455,0.14857230155771586,0.20857877105116032,0.16564804849339684,0.2506031583668846,0.19313972185651732,0.2762703554753526,0.21417522890203058,0.3040491568888118,0.23716351685612572,0.3338065625086732,0.26217028061900716,0.3640449547864446,0.2883135661554282,0.4228419298776201,0.32998876847272207,0.45417165173148283,0.35756420283360346,0.4836922078607068,0.3842511136692177,0.5107331320148721,0.4094993061903508,0.5346421771351468,0.43275201611776953,0.5703609022424375,0.46316218542247956,0.597307086600348,0.4896651505375208,0.6255286143693836,0.5176840254747832,0.6550837869626238,0.5473058559770377,0.6860327277123073,0.578622614904571,0.7294691023760631,0.6179722177546221,0.7641930596226766,0.6535558604504444,0.8006120873598288,0.6911858992876401,0.8387652114225933,0.7309838698315875,0.8791961339900511,0.7731541428524963,0.9385490117786474,0.8276755830784487,0.9859718161962752,0.8758815718547228,0.9999999999999998,0.9268857984822219,0.9999999999999998,0.9812254180081544,1,1,1,1,1,1,0.9999999999999999,1,1,1,1,1
21603,2001,2,1,0.008240049503068527,0.002930075501732639,0.0074721040024245625,0.0030235141001655657,0.00676992915689621,0.0030895043254550478,0.006731295351924704,0.0031945233949301818,0.007003646723120854,0.003463637672897517,0.007226592328825817,0.0037286661750209897,0.008030127072726583,0.0040403867098820455,0.00839946808216187,0.004543278531041997,0.00888688106773957,0.004846605797445149,0.009148942652315308,0.004997353897323754,0.009998685303062207,0.005342992839610034,0.01069223476237159,0.005902779924288066,0.011176669886384683,0.006520404989707916,0.011798889842698553,0.007028088880680775,0.012713474982211473,0.007780432092742514,0.013373919531658658,0.008313554472259267,0.014391223125582695,0.00907523145075382,0.015487877024449917,0.00957874837466936,0.01704158210963249,0.010314138592941889,0.018510780477632716,0.011137014204559403,0.01498342531341986,0.008382134922823864,0.016338081530992317,0.009166301572590909,0.017815698745924296,0.009906881678463077,0.019185664745996873,0.01074735120745479,0.0208032150705294,0.011347330374513478,0.027171637256044327,0.012195636565050898,0.02956326855131001,0.013148339983968561,0.030161973598110226,0.013950437112584412,0.030320078213660145,0.014959707597980902,0.031809287485913613,0.016159472361929234,0.034588895283839835,0.017088640061420295,0.03694947822033329,0.0184187166289644,0.03934452711604971,0.019976397007451005,0.04159271732355804,0.021810344430426835,0.043673071390181235,0.023665998652244245,0.02678835267240283,0.01630402044869977,0.0281925278959985,0.017643288546008568,0.029609310913125474,0.019134210293887812,0.03106399032649501,0.02043952199726856,0.03274142035235591,0.02196356624780333,0.034097616118153144,0.027429068421319393,0.036345682900023074,0.03209169386267597,0.03902080423284773,0.03183078609087208,0.042588227586315384,0.03219531885970521,0.04614178591066143,0.03429486304452911,0.05057465392773738,0.037646462562246734,0.054743204962957065,0.04109051770547292,0.05960408527850169,0.045096264245448485,0.0649751029584963,0.04955694796934094,0.07089451830527456,0.054585892580003154,0.08211025264653873,0.06173842483977909,0.09002649139130689,0.0685132114233786,0.0989575391074987,0.07636210962532333,0.1089471218549242,0.08495992968960052,0.12014828084291834,0.09421305638341859,0.14072503582183923,0.10803362101396156,0.15538237545398187,0.12020524364936908,0.17172316838880938,0.13362178464365373,0.1893046882707455,0.14857230155771586,0.20857877105116032,0.16564804849339684,0.2506031583668846,0.19313972185651732,0.2762703554753526,0.21417522890203058,0.3040491568888118,0.23716351685612572,0.3338065625086732,0.26217028061900716,0.3640449547864446,0.2883135661554282,0.4228419298776201,0.32998876847272207,0.45417165173148283,0.35756420283360346,0.4836922078607068,0.3842511136692177,0.5107331320148721,0.4094993061903508,0.5346421771351468,0.43275201611776953,0.5703609022424375,0.46316218542247956,0.597307086600348,0.4896651505375208,0.6255286143693836,0.5176840254747832,0.6550837869626238,0.5473058559770377,0.6860327277123073,0.578622614904571,0.7294691023760631,0.6179722177546221,0.7641930596226766,0.6535558604504444,0.8006120873598288,0.6911858992876401,0.8387652114225933,0.7309838698315875,0.8791961339900511,0.7731541428524963,0.9385490117786474,0.8276755830784487,0.9859718161962752,0.8758815718547228,0.9999999999999998,0.9268857984822219,0.9999999999999998,0.9812254180081544,1,1,1,1,1,1,0.9999999999999999,1,1,1,1,1
21604,2001,2,1,0.008240049503068527,0.002930075501732639,0.0074721040024245625,0.0030235141001655657,0.00676992915689621,0.0030895043254550478,0.006731295351924704,0.0031945233949301818,0.007003646723120854,0.003463637672897517,0.007226592328825817,0.0037286661750209897,0.008030127072726583,0.0040403867098820455,0.00839946808216187,0.004543278531041997,0.00888688106773957,0.004846605797445149,0.009148942652315308,0.004997353897323754,0.009998685303062207,0.005342992839610034,0.01069223476237159,0.005902779924288066,0.011176669886384683,0.006520404989707916,0.011798889842698553,0.007028088880680775,0.012713474982211473,0.007780432092742514,0.013373919531658658,0.008313554472259267,0.014391223125582695,0.00907523145075382,0.015487877024449917,0.00957874837466936,0.01704158210963249,0.010314138592941889,0.018510780477632716,0.011137014204559403,0.01498342531341986,0.008382134922823864,0.016338081530992317,0.009166301572590909,0.017815698745924296,0.009906881678463077,0.019185664745996873,0.01074735120745479,0.0208032150705294,0.011347330374513478,0.027171637256044327,0.012195636565050898,0.02956326855131001,0.013148339983968561,0.030161973598110226,0.013950437112584412,0.030320078213660145,0.014959707597980902,0.031809287485913613,0.016159472361929234,0.034588895283839835,0.017088640061420295,0.03694947822033329,0.0184187166289644,0.03934452711604971,0.019976397007451005,0.04159271732355804,0.021810344430426835,0.043673071390181235,0.023665998652244245,0.02678835267240283,0.01630402044869977,0.0281925278959985,0.017643288546008568,0.029609310913125474,0.019134210293887812,0.03106399032649501,0.02043952199726856,0.03274142035235591,0.02196356624780333,0.034097616118153144,0.027429068421319393,0.036345682900023074,0.03209169386267597,0.03902080423284773,0.03183078609087208,0.042588227586315384,0.03219531885970521,0.04614178591066143,0.03429486304452911,0.05057465392773738,0.037646462562246734,0.054743204962957065,0.04109051770547292,0.05960408527850169,0.045096264245448485,0.0649751029584963,0.04955694796934094,0.07089451830527456,0.054585892580003154,0.08211025264653873,0.06173842483977909,0.09002649139130689,0.0685132114233786,0.0989575391074987,0.07636210962532333,0.1089471218549242,0.08495992968960052,0.12014828084291834,0.09421305638341859,0.14072503582183923,0.10803362101396156,0.15538237545398187,0.12020524364936908,0.17172316838880938,0.13362178464365373,0.1893046882707455,0.14857230155771586,0.20857877105116032,0.16564804849339684,0.2506031583668846,0.19313972185651732,0.2762703554753526,0.21417522890203058,0.3040491568888118,0.23716351685612572,0.3338065625086732,0.26217028061900716,0.3640449547864446,0.2883135661554282,0.4228419298776201,0.32998876847272207,0.45417165173148283,0.35756420283360346,0.4836922078607068,0.3842511136692177,0.5107331320148721,0.4094993061903508,0.5346421771351468,0.43275201611776953,0.5703609022424375,0.46316218542247956,0.597307086600348,0.4896651505375208,0.6255286143693836,0.5176840254747832,0.6550837869626238,0.5473058559770377,0.6860327277123073,0.578622614904571,0.7294691023760631,0.6179722177546221,0.7641930596226766,0.6535558604504444,0.8006120873598288,0.6911858992876401,0.8387652114225933,0.7309838698315875,0.8791961339900511,0.7731541428524963,0.9385490117786474,0.8276755830784487,0.9859718161962752,0.8758815718547228,0.9999999999999998,0.9268857984822219,0.9999999999999998,0.9812254180081544,1,1,1,1,1,1,0.9999999999999999,1,1,1,1,1
21605,2001,2,1,0.008240049503068527,0.002930075501732639,0.0074721040024245625,0.0030235141001655657,0.00676992915689621,0.0030895043254550478,0.006731295351924704,0.0031945233949301818,0.007003646723120854,0.003463637672897517,0.007226592328825817,0.0037286661750209897,0.008030127072726583,0.0040403867098820455,0.00839946808216187,0.004543278531041997,0.00888688106773957,0.004846605797445149,0.009148942652315308,0.004997353897323754,0.009998685303062207,0.005342992839610034,0.01069223476237159,0.005902779924288066,0.011176669886384683,0.006520404989707916,0.011798889842698553,0.007028088880680775,0.012713474982211473,0.007780432092742514,0.013373919531658658,0.008313554472259267,0.014391223125582695,0.00907523145075382,0.015487877024449917,0.00957874837466936,0.01704158210963249,0.010314138592941889,0.018510780477632716,0.011137014204559403,0.01498342531341986,0.008382134922823864,0.016338081530992317,0.009166301572590909,0.017815698745924296,0.009906881678463077,0.019185664745996873,0.01074735120745479,0.0208032150705294,0.011347330374513478,0.027171637256044327,0.012195636565050898,0.02956326855131001,0.013148339983968561,0.030161973598110226,0.013950437112584412,0.030320078213660145,0.014959707597980902,0.031809287485913613,0.016159472361929234,0.034588895283839835,0.017088640061420295,0.03694947822033329,0.0184187166289644,0.03934452711604971,0.019976397007451005,0.04159271732355804,0.021810344430426835,0.043673071390181235,0.023665998652244245,0.02678835267240283,0.01630402044869977,0.0281925278959985,0.017643288546008568,0.029609310913125474,0.019134210293887812,0.03106399032649501,0.02043952199726856,0.03274142035235591,0.02196356624780333,0.034097616118153144,0.027429068421319393,0.036345682900023074,0.03209169386267597,0.03902080423284773,0.03183078609087208,0.042588227586315384,0.03219531885970521,0.04614178591066143,0.03429486304452911,0.05057465392773738,0.037646462562246734,0.054743204962957065,0.04109051770547292,0.05960408527850169,0.045096264245448485,0.0649751029584963,0.04955694796934094,0.07089451830527456,0.054585892580003154,0.08211025264653873,0.06173842483977909,0.09002649139130689,0.0685132114233786,0.0989575391074987,0.07636210962532333,0.1089471218549242,0.08495992968960052,0.12014828084291834,0.09421305638341859,0.14072503582183923,0.10803362101396156,0.15538237545398187,0.12020524364936908,0.17172316838880938,0.13362178464365373,0.1893046882707455,0.14857230155771586,0.20857877105116032,0.16564804849339684,0.2506031583668846,0.19313972185651732,0.2762703554753526,0.21417522890203058,0.3040491568888118,0.23716351685612572,0.3338065625086732,0.26217028061900716,0.3640449547864446,0.2883135661554282,0.4228419298776201,0.32998876847272207,0.45417165173148283,0.35756420283360346,0.4836922078607068,0.3842511136692177,0.5107331320148721,0.4094993061903508,0.5346421771351468,0.43275201611776953,0.5703609022424375,0.46316218542247956,0.597307086600348,0.4896651505375208,0.6255286143693836,0.5176840254747832,0.6550837869626238,0.5473058559770377,0.6860327277123073,0.578622614904571,0.7294691023760631,0.6179722177546221,0.7641930596226766,0.6535558604504444,0.8006120873598288,0.6911858992876401,0.8387652114225933,0.7309838698315875,0.8791961339900511,0.7731541428524963,0.9385490117786474,0.8276755830784487,0.9859718161962752,0.8758815718547228,0.9999999999999998,0.9268857984822219,0.9999999999999998,0.9812254180081544,1,1,1,1,1,1,0.9999999999999999,1,1,1,1,1
22341,2001,2,1,4.719755175613674e-4,3.223545364879256e-4,4.650571307013231e-4,3.330131714598884e-4,4.668047175921257e-4,3.597801966845841e-4,5.011096329049183e-4,4.0639827117112964e-4,5.417654093726563e-4,4.124691735220105e-4,5.665221742672528e-4,4.3666659199958406e-4,6.086483430180744e-4,4.718037624186287e-4,6.716801683902674e-4,5.083903601270301e-4,7.153051318495087e-4,5.705988632485943e-4,8.007414387796526e-4,6.264965503289988e-4,8.84857948892482e-4,6.717663762149963e-4,9.918472622065483e-4,7.32889585464174e-4,0.0010829885402153395,7.980723153568009e-4,0.0012106840617059063,8.500431392244634e-4,0.0013187998976290013,9.66273591668383e-4,0.0014941444734612793,0.0010307159360690601,0.001634910633630739,0.0011162416467784425,0.0017641449037191074,0.0011776240404513254,0.0018776028540843299,0.001268473389236642,0.002071299591220735,0.001336051169738966,0.00392524355103632,0.001776504120782107,0.004152171067580846,0.0018507559492893088,0.004444276551503635,0.0019787841123229807,0.004725098281612494,0.002106565929222697,0.005020395824321186,0.0022191931495442515,0.005282645779594581,0.0023103220804148762,0.00558184511637222,0.0025505814957190783,0.006229539422114946,0.002764991563124867,0.006637198683122976,0.0029606546728486636,0.007029991217391794,0.0032460185070213587,0.0076164801848437194,0.003510535103122128,0.008234238777772008,0.0038410811041446717,0.008894440939519414,0.004186159076802611,0.009556332273513327,0.004497522952742856,0.01026970547304538,0.004865242210229247,0.013560537419311283,0.007927103094522991,0.014252096701275986,0.00857627445127841,0.015234133047298298,0.009191474366072434,0.016191328842334395,0.009927417000648586,0.017249099141699684,0.010899533155971676,0.01876179851359008,0.011665136782110242,0.019979765960900925,0.012751184521581235,0.021514715732969918,0.013811486208083009,0.023078890677262466,0.014976680607298514,0.024712863618210252,0.016364637311745343,0.026660311850832945,0.018031900512116485,0.028861750267882375,0.01983763548128598,0.030908862152031636,0.021680965829377934,0.033268391163759264,0.023781101535032777,0.035944639087954394,0.025874874945793026,0.0385477566690331,0.027629133165360944,0.040718544868746966,0.030696916085436197,0.044641772687699706,0.03339105877806636,0.04807836109106141,0.03642818700455867,0.051691322674880406,0.04093269178991801,0.05715512720727883,0.04387033685987696,0.06058956471819595,0.04923548662733887,0.0672175397862348,0.05545549747245373,0.07408964114673593,0.06145282799625843,0.08114940787302849,0.06890018336558137,0.09030952107147422,0.07509821537378769,0.09785377632091324,0.08593725231236427,0.10955086715776619,0.09299419413133826,0.11821412420150902,0.10472568752649027,0.13053067206240712,0.11500384189887441,0.1412327546771564,0.12563428232347565,0.15153880959777466,0.13775521757302905,0.1629034746300833,0.14639634190123008,0.1704866610327696,0.1558009763202068,0.17839709496643977,0.16466405798166178,0.1869726063529051,0.17431753910567874,0.195860067047842,0.18433769663618343,0.20516231659625814,0.194938066541551,0.21490976324008898,0.2061422934231718,0.2251154736509354,0.21798983507720093,0.236298667887693,0.23108054023410776,0.24769054553451078,0.24444755407438157,0.25967882527314495,0.25858058821996227,0.2722407838771267,0.27353634228616935,0.28540605104578265,0.2893505665864059,0.30040028911855593,0.3073673479722911,0.3153344543368603,0.32524816711627924,0.3312445934477726,0.34415756690806454,0.34851858741640357,0.3641833007459563,0.36742545888965766,0.3853698989103124,0.38907548778799145,0.40800557914376157,0.4132870041419182,0.4285604993982987,0.44008826138860485,0.4517880221765518,0.47434034116897533,0.4766140790422608,1,1
22342,2001,2,1,4.719755175613674e-4,3.223545364879256e-4,4.650571307013231e-4,3.330131714598884e-4,4.668047175921257e-4,3.597801966845841e-4,5.011096329049183e-4,4.0639827117112964e-4,5.417654093726563e-4,4.124691735220105e-4,5.665221742672528e-4,4.3666659199958406e-4,6.086483430180744e-4,4.718037624186287e-4,6.716801683902674e-4,5.083903601270301e-4,7.153051318495087e-4,5.705988632485943e-4,8.007414387796526e-4,6.264965503289988e-4,8.84857948892482e-4,6.717663762149963e-4,9.918472622065483e-4,7.32889585464174e-4,0.0010829885402153395,7.980723153568009e-4,0.0012106840617059063,8.500431392244634e-4,0.0013187998976290013,9.66273591668383e-4,0.0014941444734612793,0.0010307159360690601,0.001634910633630739,0.0011162416467784425,0.0017641449037191074,0.0011776240404513254,0.0018776028540843299,0.001268473389236642,0.002071299591220735,0.001336051169738966,0.00392524355103632,0.001776504120782107,0.004152171067580846,0.0018507559492893088,0.004444276551503635,0.0019787841123229807,0.004725098281612494,0.002106565929222697,0.005020395824321186,0.0022191931495442515,0.005282645779594581,0.0023103220804148762,0.00558184511637222,0.0025505814957190783,0.006229539422114946,0.002764991563124867,0.006637198683122976,0.0029606546728486636,0.007029991217391794,0.0032460185070213587,0.0076164801848437194,0.003510535103122128,0.008234238777772008,0.0038410811041446717,0.008894440939519414,0.004186159076802611,0.009556332273513327,0.004497522952742856,0.01026970547304538,0.004865242210229247,0.013560537419311283,0.007927103094522991,0.014252096701275986,0.00857627445127841,0.015234133047298298,0.009191474366072434,0.016191328842334395,0.009927417000648586,0.017249099141699684,0.010899533155971676,0.01876179851359008,0.011665136782110242,0.019979765960900925,0.012751184521581235,0.021514715732969918,0.013811486208083009,0.023078890677262466,0.014976680607298514,0.024712863618210252,0.016364637311745343,0.026660311850832945,0.018031900512116485,0.028861750267882375,0.01983763548128598,0.030908862152031636,0.021680965829377934,0.033268391163759264,0.023781101535032777,0.035944639087954394,0.025874874945793026,0.0385477566690331,0.027629133165360944,0.040718544868746966,0.030696916085436197,0.044641772687699706,0.03339105877806636,0.04807836109106141,0.03642818700455867,0.051691322674880406,0.04093269178991801,0.05715512720727883,0.04387033685987696,0.06058956471819595,0.04923548662733887,0.0672175397862348,0.05545549747245373,0.07408964114673593,0.06145282799625843,0.08114940787302849,0.06890018336558137,0.09030952107147422,0.07509821537378769,0.09785377632091324,0.08593725231236427,0.10955086715776619,0.09299419413133826,0.11821412420150902,0.10472568752649027,0.13053067206240712,0.11500384189887441,0.1412327546771564,0.12563428232347565,0.15153880959777466,0.13775521757302905,0.1629034746300833,0.14639634190123008,0.1704866610327696,0.1558009763202068,0.17839709496643977,0.16466405798166178,0.1869726063529051,0.17431753910567874,0.195860067047842,0.18433769663618343,0.20516231659625814,0.194938066541551,0.21490976324008898,0.2061422934231718,0.2251154736509354,0.21798983507720093,0.236298667887693,0.23108054023410776,0.24769054553451078,0.24444755407438157,0.25967882527314495,0.25858058821996227,0.2722407838771267,0.27353634228616935,0.28540605104578265,0.2893505665864059,0.30040028911855593,0.3073673479722911,0.3153344543368603,0.32524816711627924,0.3312445934477726,0.34415756690806454,0.34851858741640357,0.3641833007459563,0.36742545888965766,0.3853698989103124,0.38907548778799145,0.40800557914376157,0.4132870041419182,0.4285604993982987,0.44008826138860485,0.4517880221765518,0.47434034116897533,0.4766140790422608,1,1
22343,2001,2,1,4.719755175613674e-4,3.223545364879256e-4,4.650571307013231e-4,3.330131714598884e-4,4.668047175921257e-4,3.597801966845841e-4,5.011096329049183e-4,4.0639827117112964e-4,5.417654093726563e-4,4.124691735220105e-4,5.665221742672528e-4,4.3666659199958406e-4,6.086483430180744e-4,4.718037624186287e-4,6.716801683902674e-4,5.083903601270301e-4,7.153051318495087e-4,5.705988632485943e-4,8.007414387796526e-4,6.264965503289988e-4,8.84857948892482e-4,6.717663762149963e-4,9.918472622065483e-4,7.32889585464174e-4,0.0010829885402153395,7.980723153568009e-4,0.0012106840617059063,8.500431392244634e-4,0.0013187998976290013,9.66273591668383e-4,0.0014941444734612793,0.0010307159360690601,0.001634910633630739,0.0011162416467784425,0.0017641449037191074,0.0011776240404513254,0.0018776028540843299,0.001268473389236642,0.002071299591220735,0.001336051169738966,0.00392524355103632,0.001776504120782107,0.004152171067580846,0.0018507559492893088,0.004444276551503635,0.0019787841123229807,0.004725098281612494,0.002106565929222697,0.005020395824321186,0.0022191931495442515,0.005282645779594581,0.0023103220804148762,0.00558184511637222,0.0025505814957190783,0.006229539422114946,0.002764991563124867,0.006637198683122976,0.0029606546728486636,0.007029991217391794,0.0032460185070213587,0.0076164801848437194,0.003510535103122128,0.008234238777772008,0.0038410811041446717,0.008894440939519414,0.004186159076802611,0.009556332273513327,0.004497522952742856,0.01026970547304538,0.004865242210229247,0.013560537419311283,0.007927103094522991,0.014252096701275986,0.00857627445127841,0.015234133047298298,0.009191474366072434,0.016191328842334395,0.009927417000648586,0.017249099141699684,0.010899533155971676,0.01876179851359008,0.011665136782110242,0.019979765960900925,0.012751184521581235,0.021514715732969918,0.013811486208083009,0.023078890677262466,0.014976680607298514,0.024712863618210252,0.016364637311745343,0.026660311850832945,0.018031900512116485,0.028861750267882375,0.01983763548128598,0.030908862152031636,0.021680965829377934,0.033268391163759264,0.023781101535032777,0.035944639087954394,0.025874874945793026,0.0385477566690331,0.027629133165360944,0.040718544868746966,0.030696916085436197,0.044641772687699706,0.03339105877806636,0.04807836109106141,0.03642818700455867,0.051691322674880406,0.04093269178991801,0.05715512720727883,0.04387033685987696,0.06058956471819595,0.04923548662733887,0.0672175397862348,0.05545549747245373,0.07408964114673593,0.06145282799625843,0.08114940787302849,0.06890018336558137,0.09030952107147422,0.07509821537378769,0.09785377632091324,0.08593725231236427,0.10955086715776619,0.09299419413133826,0.11821412420150902,0.10472568752649027,0.13053067206240712,0.11500384189887441,0.1412327546771564,0.12563428232347565,0.15153880959777466,0.13775521757302905,0.1629034746300833,0.14639634190123008,0.1704866610327696,0.1558009763202068,0.17839709496643977,0.16466405798166178,0.1869726063529051,0.17431753910567874,0.195860067047842,0.18433769663618343,0.20516231659625814,0.194938066541551,0.21490976324008898,0.2061422934231718,0.2251154736509354,0.21798983507720093,0.236298667887693,0.23108054023410776,0.24769054553451078,0.24444755407438157,0.25967882527314495,0.25858058821996227,0.2722407838771267,0.27353634228616935,0.28540605104578265,0.2893505665864059,0.30040028911855593,0.3073673479722911,0.3153344543368603,0.32524816711627924,0.3312445934477726,0.34415756690806454,0.34851858741640357,0.3641833007459563,0.36742545888965766,0.3853698989103124,0.38907548778799145,0.40800557914376157,0.4132870041419182,0.4285604993982987,0.44008826138860485,0.4517880221765518,0.47434034116897533,0.4766140790422608,1,1
22344,2001,2,1,4.719755175613674e-4,3.223545364879256e-4,4.650571307013231e-4,3.330131714598884e-4,4.668047175921257e-4,3.597801966845841e-4,5.011096329049183e-4,4.0639827117112964e-4,5.417654093726563e-4,4.124691735220105e-4,5.665221742672528e-4,4.3666659199958406e-4,6.086483430180744e-4,4.718037624186287e-4,6.716801683902674e-4,5.083903601270301e-4,7.153051318495087e-4,5.705988632485943e-4,8.007414387796526e-4,6.264965503289988e-4,8.84857948892482e-4,6.717663762149963e-4,9.918472622065483e-4,7.32889585464174e-4,0.0010829885402153395,7.980723153568009e-4,0.0012106840617059063,8.500431392244634e-4,0.0013187998976290013,9.66273591668383e-4,0.0014941444734612793,0.0010307159360690601,0.001634910633630739,0.0011162416467784425,0.0017641449037191074,0.0011776240404513254,0.0018776028540843299,0.001268473389236642,0.002071299591220735,0.001336051169738966,0.00392524355103632,0.001776504120782107,0.004152171067580846,0.0018507559492893088,0.004444276551503635,0.0019787841123229807,0.004725098281612494,0.002106565929222697,0.005020395824321186,0.0022191931495442515,0.005282645779594581,0.0023103220804148762,0.00558184511637222,0.0025505814957190783,0.006229539422114946,0.002764991563124867,0.006637198683122976,0.0029606546728486636,0.007029991217391794,0.0032460185070213587,0.0076164801848437194,0.003510535103122128,0.008234238777772008,0.0038410811041446717,0.008894440939519414,0.004186159076802611,0.009556332273513327,0.004497522952742856,0.01026970547304538,0.004865242210229247,0.013560537419311283,0.007927103094522991,0.014252096701275986,0.00857627445127841,0.015234133047298298,0.009191474366072434,0.016191328842334395,0.009927417000648586,0.017249099141699684,0.010899533155971676,0.01876179851359008,0.011665136782110242,0.019979765960900925,0.012751184521581235,0.021514715732969918,0.013811486208083009,0.023078890677262466,0.014976680607298514,0.024712863618210252,0.016364637311745343,0.026660311850832945,0.018031900512116485,0.028861750267882375,0.01983763548128598,0.030908862152031636,0.021680965829377934,0.033268391163759264,0.023781101535032777,0.035944639087954394,0.025874874945793026,0.0385477566690331,0.027629133165360944,0.040718544868746966,0.030696916085436197,0.044641772687699706,0.03339105877806636,0.04807836109106141,0.03642818700455867,0.051691322674880406,0.04093269178991801,0.05715512720727883,0.04387033685987696,0.06058956471819595,0.04923548662733887,0.0672175397862348,0.05545549747245373,0.07408964114673593,0.06145282799625843,0.08114940787302849,0.06890018336558137,0.09030952107147422,0.07509821537378769,0.09785377632091324,0.08593725231236427,0.10955086715776619,0.09299419413133826,0.11821412420150902,0.10472568752649027,0.13053067206240712,0.11500384189887441,0.1412327546771564,0.12563428232347565,0.15153880959777466,0.13775521757302905,0.1629034746300833,0.14639634190123008,0.1704866610327696,0.1558009763202068,0.17839709496643977,0.16466405798166178,0.1869726063529051,0.17431753910567874,0.195860067047842,0.18433769663618343,0.20516231659625814,0.194938066541551,0.21490976324008898,0.2061422934231718,0.2251154736509354,0.21798983507720093,0.236298667887693,0.23108054023410776,0.24769054553451078,0.24444755407438157,0.25967882527314495,0.25858058821996227,0.2722407838771267,0.27353634228616935,0.28540605104578265,0.2893505665864059,0.30040028911855593,0.3073673479722911,0.3153344543368603,0.32524816711627924,0.3312445934477726,0.34415756690806454,0.34851858741640357,0.3641833007459563,0.36742545888965766,0.3853698989103124,0.38907548778799145,0.40800557914376157,0.4132870041419182,0.4285604993982987,0.44008826138860485,0.4517880221765518,0.47434034116897533,0.4766140790422608,1,1
22345,2001,2,1,4.719755175613674e-4,3.223545364879256e-4,4.650571307013231e-4,3.330131714598884e-4,4.668047175921257e-4,3.597801966845841e-4,5.011096329049183e-4,4.0639827117112964e-4,5.417654093726563e-4,4.124691735220105e-4,5.665221742672528e-4,4.3666659199958406e-4,6.086483430180744e-4,4.718037624186287e-4,6.716801683902674e-4,5.083903601270301e-4,7.153051318495087e-4,5.705988632485943e-4,8.007414387796526e-4,6.264965503289988e-4,8.84857948892482e-4,6.717663762149963e-4,9.918472622065483e-4,7.32889585464174e-4,0.0010829885402153395,7.980723153568009e-4,0.0012106840617059063,8.500431392244634e-4,0.0013187998976290013,9.66273591668383e-4,0.0014941444734612793,0.0010307159360690601,0.001634910633630739,0.0011162416467784425,0.0017641449037191074,0.0011776240404513254,0.0018776028540843299,0.001268473389236642,0.002071299591220735,0.001336051169738966,0.00392524355103632,0.001776504120782107,0.004152171067580846,0.0018507559492893088,0.004444276551503635,0.0019787841123229807,0.004725098281612494,0.002106565929222697,0.005020395824321186,0.0022191931495442515,0.005282645779594581,0.0023103220804148762,0.00558184511637222,0.0025505814957190783,0.006229539422114946,0.002764991563124867,0.006637198683122976,0.0029606546728486636,0.007029991217391794,0.0032460185070213587,0.0076164801848437194,0.003510535103122128,0.008234238777772008,0.0038410811041446717,0.008894440939519414,0.004186159076802611,0.009556332273513327,0.004497522952742856,0.01026970547304538,0.004865242210229247,0.013560537419311283,0.007927103094522991,0.014252096701275986,0.00857627445127841,0.015234133047298298,0.009191474366072434,0.016191328842334395,0.009927417000648586,0.017249099141699684,0.010899533155971676,0.01876179851359008,0.011665136782110242,0.019979765960900925,0.012751184521581235,0.021514715732969918,0.013811486208083009,0.023078890677262466,0.014976680607298514,0.024712863618210252,0.016364637311745343,0.026660311850832945,0.018031900512116485,0.028861750267882375,0.01983763548128598,0.030908862152031636,0.021680965829377934,0.033268391163759264,0.023781101535032777,0.035944639087954394,0.025874874945793026,0.0385477566690331,0.027629133165360944,0.040718544868746966,0.030696916085436197,0.044641772687699706,0.03339105877806636,0.04807836109106141,0.03642818700455867,0.051691322674880406,0.04093269178991801,0.05715512720727883,0.04387033685987696,0.06058956471819595,0.04923548662733887,0.0672175397862348,0.05545549747245373,0.07408964114673593,0.06145282799625843,0.08114940787302849,0.06890018336558137,0.09030952107147422,0.07509821537378769,0.09785377632091324,0.08593725231236427,0.10955086715776619,0.09299419413133826,0.11821412420150902,0.10472568752649027,0.13053067206240712,0.11500384189887441,0.1412327546771564,0.12563428232347565,0.15153880959777466,0.13775521757302905,0.1629034746300833,0.14639634190123008,0.1704866610327696,0.1558009763202068,0.17839709496643977,0.16466405798166178,0.1869726063529051,0.17431753910567874,0.195860067047842,0.18433769663618343,0.20516231659625814,0.194938066541551,0.21490976324008898,0.2061422934231718,0.2251154736509354,0.21798983507720093,0.236298667887693,0.23108054023410776,0.24769054553451078,0.24444755407438157,0.25967882527314495,0.25858058821996227,0.2722407838771267,0.27353634228616935,0.28540605104578265,0.2893505665864059,0.30040028911855593,0.3073673479722911,0.3153344543368603,0.32524816711627924,0.3312445934477726,0.34415756690806454,0.34851858741640357,0.3641833007459563,0.36742545888965766,0.3853698989103124,0.38907548778799145,0.40800557914376157,0.4132870041419182,0.4285604993982987,0.44008826138860485,0.4517880221765518,0.47434034116897533,0.4766140790422608,1,1
22811,2001,0,2,,0.001608747994525897,,0.0016490937362884036,,0.0017970816115806128,,0.0019704780876851364,,0.0020721042339809054,,0.0021991377933892704,,0.0023381215141898516,,0.002529416363918616,,0.002530844981594704,,0.002642885542500873,,0.0027668702826591234,,0.0030044389348597477,,0.0032061075855827743,,0.0032866834588546044,,0.003604873535461774,,0.0038647320057455183,,0.004102128002971145,,0.004351428786403815,,0.004724691454612702,,0.005202458277720539,,0.005412631257492067,,0.00594248978086035,,0.0063503455421546964,,0.00680346310189521,,0.007286229854601949,,0.007992774459142999,,0.008590016157903228,,0.009402429257956932,,0.010021900146390601,,0.011008001820369472,,0.011937062465936893,,0.01293084543103983,,0.01377829301060242,,0.015044269727838355,,0.01650200353298792,,0.014501332785245975,,0.015657107578756206,,0.016737685522545964,,0.01759788592385889,,0.019085636008676767,,0.020589036279434356,,0.02186385732298308,,0.024005313463753026,,0.025289267029456934,,0.027483225102139353,,0.030188399979868465,,0.033226117799851435,,0.03652513230234143,,0.03985177288580136,,0.04462763163347443,,0.048972983952699764,,0.0552429532461621,,0.06122915664459522,,0.06760667196909999,,0.0781636104640046,,0.08383664921290965,,0.09239462204316695,,0.1028708118055699,,0.11474734459060343,,0.1279066829346077,,0.14513761064629246,,0.1614340631474359,,0.17891997958647302,,0.197511353655521,,0.21712419055756432,,0.24143438209385787,,0.2615717922300515,,0.2810798802417506,,0.29958630411181614,,0.31666617471493075,,0.336890514919243,,0.3562565127878202,,0.37672726612351704,,0.39838871505988394,,0.421285383630751,,0.44845748751425524,,0.47440419053287075,,0.5018395594571514,,0.5308620122005517,,0.5615604011459919,,0.5990998605963381,,0.6341859328371572,,0.6713234450478526,,0.7106931976563553,,0.7523954284403315,,0.7981267508158296,,0.8423813379024516,,0.8897517931286408,,0.9408772989220882,1,1
22812,2001,0,2,,0.001608747994525897,,0.0016490937362884036,,0.0017970816115806128,,0.0019704780876851364,,0.0020721042339809054,,0.0021991377933892704,,0.0023381215141898516,,0.002529416363918616,,0.002530844981594704,,0.002642885542500873,,0.0027668702826591234,,0.0030044389348597477,,0.0032061075855827743,,0.0032866834588546044,,0.003604873535461774,,0.0038647320057455183,,0.004102128002971145,,0.004351428786403815,,0.004724691454612702,,0.005202458277720539,,0.005412631257492067,,0.00594248978086035,,0.0063503455421546964,,0.00680346310189521,,0.007286229854601949,,0.007992774459142999,,0.008590016157903228,,0.009402429257956932,,0.010021900146390601,,0.011008001820369472,,0.011937062465936893,,0.01293084543103983,,0.01377829301060242,,0.015044269727838355,,0.01650200353298792,,0.014501332785245975,,0.015657107578756206,,0.016737685522545964,,0.01759788592385889,,0.019085636008676767,,0.020589036279434356,,0.02186385732298308,,0.024005313463753026,,0.025289267029456934,,0.027483225102139353,,0.030188399979868465,,0.033226117799851435,,0.03652513230234143,,0.03985177288580136,,0.04462763163347443,,0.048972983952699764,,0.0552429532461621,,0.06122915664459522,,0.06760667196909999,,0.0781636104640046,,0.08383664921290965,,0.09239462204316695,,0.1028708118055699,,0.11474734459060343,,0.1279066829346077,,0.14513761064629246,,0.1614340631474359,,0.17891997958647302,,0.197511353655521,,0.21712419055756432,,0.24143438209385787,,0.2615717922300515,,0.2810798802417506,,0.29958630411181614,,0.31666617471493075,,0.336890514919243,,0.3562565127878202,,0.37672726612351704,,0.39838871505988394,,0.421285383630751,,0.44845748751425524,,0.47440419053287075,,0.5018395594571514,,0.5308620122005517,,0.5615604011459919,,0.5990998605963381,,0.6341859328371572,,0.6713234450478526,,0.7106931976563553,,0.7523954284403315,,0.7981267508158296,,0.8423813379024516,,0.8897517931286408,,0.9408772989220882,1,1
22813,2001,0,2,,0.001608747994525897,,0.0016490937362884036,,0.0017970816115806128,,0.0019704780876851364,,0.0020721042339809054,,0.0021991377933892704,,0.0023381215141898516,,0.002529416363918616,,0.002530844981594704,,0.002642885542500873,,0.0027668702826591234,,0.0030044389348597477,,0.0032061075855827743,,0.0032866834588546044,,0.003604873535461774,,0.0038647320057455183,,0.004102128002971145,,0.004351428786403815,,0.004724691454612702,,0.005202458277720539,,0.005412631257492067,,0.00594248978086035,,0.0063503455421546964,,0.00680346310189521,,0.007286229854601949,,0.007992774459142999,,0.008590016157903228,,0.009402429257956932,,0.010021900146390601,,0.011008001820369472,,0.011937062465936893,,0.01293084543103983,,0.01377829301060242,,0.015044269727838355,,0.01650200353298792,,0.014501332785245975,,0.015657107578756206,,0.016737685522545964,,0.01759788592385889,,0.019085636008676767,,0.020589036279434356,,0.02186385732298308,,0.024005313463753026,,0.025289267029456934,,0.027483225102139353,,0.030188399979868465,,0.033226117799851435,,0.03652513230234143,,0.03985177288580136,,0.04462763163347443,,0.048972983952699764,,0.0552429532461621,,0.06122915664459522,,0.06760667196909999,,0.0781636104640046,,0.08383664921290965,,0.09239462204316695,,0.1028708118055699,,0.11474734459060343,,0.1279066829346077,,0.14513761064629246,,0.1614340631474359,,0.17891997958647302,,0.197511353655521,,0.21712419055756432,,0.24143438209385787,,0.2615717922300515,,0.2810798802417506,,0.29958630411181614,,0.31666617471493075,,0.336890514919243,,0.3562565127878202,,0.37672726612351704,,0.39838871505988394,,0.421285383630751,,0.44845748751425524,,0.47440419053287075,,0.5018395594571514,,0.5308620122005517,,0.5615604011459919,,0.5990998605963381,,0.6341859328371572,,0.6713234450478526,,0.7106931976563553,,0.7523954284403315,,0.7981267508158296,,0.8423813379024516,,0.8897517931286408,,0.9408772989220882,1,1
22814,2001,0,2,,0.001608747994525897,,0.0016490937362884036,,0.0017970816115806128,,0.0019704780876851364,,0.0020721042339809054,,0.0021991377933892704,,0.0023381215141898516,,0.002529416363918616,,0.002530844981594704,,0.002642885542500873,,0.0027668702826591234,,0.0030044389348597477,,0.0032061075855827743,,0.0032866834588546044,,0.003604873535461774,,0.0038647320057455183,,0.004102128002971145,,0.004351428786403815,,0.004724691454612702,,0.005202458277720539,,0.005412631257492067,,0.00594248978086035,,0.0063503455421546964,,0.00680346310189521,,0.007286229854601949,,0.007992774459142999,,0.008590016157903228,,0.009402429257956932,,0.010021900146390601,,0.011008001820369472,,0.011937062465936893,,0.01293084543103983,,0.01377829301060242,,0.015044269727838355,,0.01650200353298792,,0.014501332785245975,,0.015657107578756206,,0.016737685522545964,,0.01759788592385889,,0.019085636008676767,,0.020589036279434356,,0.02186385732298308,,0.024005313463753026,,0.025289267029456934,,0.027483225102139353,,0.030188399979868465,,0.033226117799851435,,0.03652513230234143,,0.03985177288580136,,0.04462763163347443,,0.048972983952699764,,0.0552429532461621,,0.06122915664459522,,0.06760667196909999,,0.0781636104640046,,0.08383664921290965,,0.09239462204316695,,0.1028708118055699,,0.11474734459060343,,0.1279066829346077,,0.14513761064629246,,0.1614340631474359,,0.17891997958647302,,0.197511353655521,,0.21712419055756432,,0.24143438209385787,,0.2615717922300515,,0.2810798802417506,,0.29958630411181614,,0.31666617471493075,,0.336890514919243,,0.3562565127878202,,0.37672726612351704,,0.39838871505988394,,0.421285383630751,,0.44845748751425524,,0.47440419053287075,,0.5018395594571514,,0.5308620122005517,,0.5615604011459919,,0.5990998605963381,,0.6341859328371572,,0.6713234450478526,,0.7106931976563553,,0.7523954284403315,,0.7981267508158296,,0.8423813379024516,,0.8897517931286408,,0.9408772989220882,1,1
22815,2001,0,2,,0.001608747994525897,,0.0016490937362884036,,0.0017970816115806128,,0.0019704780876851364,,0.0020721042339809054,,0.0021991377933892704,,0.0023381215141898516,,0.002529416363918616,,0.002530844981594704,,0.002642885542500873,,0.0027668702826591234,,0.0030044389348597477,,0.0032061075855827743,,0.0032866834588546044,,0.003604873535461774,,0.0038647320057455183,,0.004102128002971145,,0.004351428786403815,,0.004724691454612702,,0.005202458277720539,,0.005412631257492067,,0.00594248978086035,,0.0063503455421546964,,0.00680346310189521,,0.007286229854601949,,0.007992774459142999,,0.008590016157903228,,0.009402429257956932,,0.010021900146390601,,0.011008001820369472,,0.011937062465936893,,0.01293084543103983,,0.01377829301060242,,0.015044269727838355,,0.01650200353298792,,0.014501332785245975,,0.015657107578756206,,0.016737685522545964,,0.01759788592385889,,0.019085636008676767,,0.020589036279434356,,0.02186385732298308,,0.024005313463753026,,0.025289267029456934,,0.027483225102139353,,0.030188399979868465,,0.033226117799851435,,0.03652513230234143,,0.03985177288580136,,0.04462763163347443,,0.048972983952699764,,0.0552429532461621,,0.06122915664459522,,0.06760667196909999,,0.0781636104640046,,0.08383664921290965,,0.09239462204316695,,0.1028708118055699,,0.11474734459060343,,0.1279066829346077,,0.14513761064629246,,0.1614340631474359,,0.17891997958647302,,0.197511353655521,,0.21712419055756432,,0.24143438209385787,,0.2615717922300515,,0.2810798802417506,,0.29958630411181614,,0.31666617471493075,,0.336890514919243,,0.3562565127878202,,0.37672726612351704,,0.39838871505988394,,0.421285383630751,,0.44845748751425524,,0.47440419053287075,,0.5018395594571514,,0.5308620122005517,,0.5615604011459919,,0.5990998605963381,,0.6341859328371572,,0.6713234450478526,,0.7106931976563553,,0.7523954284403315,,0.7981267508158296,,0.8423813379024516,,0.8897517931286408,,0.9408772989220882,1,1
27661,2001,0,2,,0.0013757204167953827,,0.0014161976341747963,,0.0015634787339232929,,0.001734685141287181,,0.0018414240054205084,,0.0019021142750774052,,0.0019351728741479842,,0.0021155143064863565,,0.002295827277716924,,0.0024816309828483113,,0.00277416715543065,,0.0030371948025101226,,0.003270713194940006,,0.003500487954944403,,0.0038038026691131657,,0.004114383446433742,,0.00436782058942956,,0.004748084273062739,,0.005155782766715874,,0.005412490233281766,,0.0064440568825915295,,0.006904332958340769,,0.00748760320818086,,0.008199698325220103,,0.008847597063074277,,0.009645946313463622,,0.010348134867564458,,0.011007794199450194,,0.011716202396648705,,0.014541133515643683,,0.01770009317492878,,0.017605576857602653,,0.016933665688278404,,0.01742203835102756,,0.01839353487095278,,0.013397763397998827,,0.01421424279382083,,0.015175670708217773,,0.016323029351876756,,0.01765895584561528,,0.018828647504696903,,0.02050989041415212,,0.022397650408204472,,0.02469555524524135,,0.02694174220112285,,0.029708139482303376,,0.03240327762389019,,0.03556056520184054,,0.03907876948247484,,0.043044451788794465,,0.0499532190771626,,0.05543445810654112,,0.061784244648069545,,0.06874142759167576,,0.07622824846076534,,0.08926526398942093,,0.09932398315040035,,0.1104082339177865,,0.12276156170883762,,0.13687105735807026,,0.16403370708770457,,0.18190055101162625,,0.20142379720111767,,0.2226621312988916,,0.24486584421929153,,0.2850831151703953,,0.3089050846886015,,0.33196120656940564,,0.35377465996576524,,0.37386128832529986,,0.40196730976154277,,0.42496914742283726,,0.4492855434808994,,0.47499425641232335,,0.5021730446937034,,0.5383234006048081,,0.5693196899446581,,0.6021044273344855,,0.6367831584390504,,0.67347946007573,,0.723627745134675,,0.7660071050049481,,0.8110135789911193,,0.8587771329881597,,0.909981148875032,,0.9724151951814854,,0.9999999999999999,,1,,1,1,1
27662,2001,0,2,,0.0013757204167953827,,0.0014161976341747963,,0.0015634787339232929,,0.001734685141287181,,0.0018414240054205084,,0.0019021142750774052,,0.0019351728741479842,,0.0021155143064863565,,0.002295827277716924,,0.0024816309828483113,,0.00277416715543065,,0.0030371948025101226,,0.003270713194940006,,0.003500487954944403,,0.0038038026691131657,,0.004114383446433742,,0.00436782058942956,,0.004748084273062739,,0.005155782766715874,,0.005412490233281766,,0.0064440568825915295,,0.006904332958340769,,0.00748760320818086,,0.008199698325220103,,0.008847597063074277,,0.009645946313463622,,0.010348134867564458,,0.011007794199450194,,0.011716202396648705,,0.014541133515643683,,0.01770009317492878,,0.017605576857602653,,0.016933665688278404,,0.01742203835102756,,0.01839353487095278,,0.013397763397998827,,0.01421424279382083,,0.015175670708217773,,0.016323029351876756,,0.01765895584561528,,0.018828647504696903,,0.02050989041415212,,0.022397650408204472,,0.02469555524524135,,0.02694174220112285,,0.029708139482303376,,0.03240327762389019,,0.03556056520184054,,0.03907876948247484,,0.043044451788794465,,0.0499532190771626,,0.05543445810654112,,0.061784244648069545,,0.06874142759167576,,0.07622824846076534,,0.08926526398942093,,0.09932398315040035,,0.1104082339177865,,0.12276156170883762,,0.13687105735807026,,0.16403370708770457,,0.18190055101162625,,0.20142379720111767,,0.2226621312988916,,0.24486584421929153,,0.2850831151703953,,0.3089050846886015,,0.33196120656940564,,0.35377465996576524,,0.37386128832529986,,0.40196730976154277,,0.42496914742283726,,0.4492855434808994,,0.47499425641232335,,0.5021730446937034,,0.5383234006048081,,0.5693196899446581,,0.6021044273344855,,0.6367831584390504,,0.67347946007573,,0.723627745134675,,0.7660071050049481,,0.8110135789911193,,0.8587771329881597,,0.909981148875032,,0.9724151951814854,,0.9999999999999999,,1,,1,1,1
27663,2001,0,2,,0.0013757204167953827,,0.0014161976341747963,,0.0015634787339232929,,0.001734685141287181,,0.0018414240054205084,,0.0019021142750774052,,0.0019351728741479842,,0.0021155143064863565,,0.002295827277716924,,0.0024816309828483113,,0.00277416715543065,,0.0030371948025101226,,0.003270713194940006,,0.003500487954944403,,0.0038038026691131657,,0.004114383446433742,,0.00436782058942956,,0.004748084273062739,,0.005155782766715874,,0.005412490233281766,,0.0064440568825915295,,0.006904332958340769,,0.00748760320818086,,0.008199698325220103,,0.008847597063074277,,0.009645946313463622,,0.010348134867564458,,0.011007794199450194,,0.011716202396648705,,0.014541133515643683,,0.01770009317492878,,0.017605576857602653,,0.016933665688278404,,0.01742203835102756,,0.01839353487095278,,0.013397763397998827,,0.01421424279382083,,0.015175670708217773,,0.016323029351876756,,0.01765895584561528,,0.018828647504696903,,0.02050989041415212,,0.022397650408204472,,0.02469555524524135,,0.02694174220112285,,0.029708139482303376,,0.03240327762389019,,0.03556056520184054,,0.03907876948247484,,0.043044451788794465,,0.0499532190771626,,0.05543445810654112,,0.061784244648069545,,0.06874142759167576,,0.07622824846076534,,0.08926526398942093,,0.09932398315040035,,0.1104082339177865,,0.12276156170883762,,0.13687105735807026,,0.16403370708770457,,0.18190055101162625,,0.20142379720111767,,0.2226621312988916,,0.24486584421929153,,0.2850831151703953,,0.3089050846886015,,0.33196120656940564,,0.35377465996576524,,0.37386128832529986,,0.40196730976154277,,0.42496914742283726,,0.4492855434808994,,0.47499425641232335,,0.5021730446937034,,0.5383234006048081,,0.5693196899446581,,0.6021044273344855,,0.6367831584390504,,0.67347946007573,,0.723627745134675,,0.7660071050049481,,0.8110135789911193,,0.8587771329881597,,0.909981148875032,,0.9724151951814854,,0.9999999999999999,,1,,1,1,1
27664,2001,0,2,,0.0013757204167953827,,0.0014161976341747963,,0.0015634787339232929,,0.001734685141287181,,0.0018414240054205084,,0.0019021142750774052,,0.0019351728741479842,,0.0021155143064863565,,0.002295827277716924,,0.0024816309828483113,,0.00277416715543065,,0.0030371948025101226,,0.003270713194940006,,0.003500487954944403,,0.0038038026691131657,,0.004114383446433742,,0.00436782058942956,,0.004748084273062739,,0.005155782766715874,,0.005412490233281766,,0.0064440568825915295,,0.006904332958340769,,0.00748760320818086,,0.008199698325220103,,0.008847597063074277,,0.009645946313463622,,0.010348134867564458,,0.011007794199450194,,0.011716202396648705,,0.014541133515643683,,0.01770009317492878,,0.017605576857602653,,0.016933665688278404,,0.01742203835102756,,0.01839353487095278,,0.013397763397998827,,0.01421424279382083,,0.015175670708217773,,0.016323029351876756,,0.01765895584561528,,0.018828647504696903,,0.02050989041415212,,0.022397650408204472,,0.02469555524524135,,0.02694174220112285,,0.029708139482303376,,0.03240327762389019,,0.03556056520184054,,0.03907876948247484,,0.043044451788794465,,0.0499532190771626,,0.05543445810654112,,0.061784244648069545,,0.06874142759167576,,0.07622824846076534,,0.08926526398942093,,0.09932398315040035,,0.1104082339177865,,0.12276156170883762,,0.13687105735807026,,0.16403370708770457,,0.18190055101162625,,0.20142379720111767,,0.2226621312988916,,0.24486584421929153,,0.2850831151703953,,0.3089050846886015,,0.33196120656940564,,0.35377465996576524,,0.37386128832529986,,0.40196730976154277,,0.42496914742283726,,0.4492855434808994,,0.47499425641232335,,0.5021730446937034,,0.5383234006048081,,0.5693196899446581,,0.6021044273344855,,0.6367831584390504,,0.67347946007573,,0.723627745134675,,0.7660071050049481,,0.8110135789911193,,0.8587771329881597,,0.909981148875032,,0.9724151951814854,,0.9999999999999999,,1,,1,1,1
27665,2001,0,2,,0.0013757204167953827,,0.0014161976341747963,,0.0015634787339232929,,0.001734685141287181,,0.0018414240054205084,,0.0019021142750774052,,0.0019351728741479842,,0.0021155143064863565,,0.002295827277716924,,0.0024816309828483113,,0.00277416715543065,,0.0030371948025101226,,0.003270713194940006,,0.003500487954944403,,0.0038038026691131657,,0.004114383446433742,,0.00436782058942956,,0.004748084273062739,,0.005155782766715874,,0.005412490233281766,,0.0064440568825915295,,0.006904332958340769,,0.00748760320818086,,0.008199698325220103,,0.008847597063074277,,0.009645946313463622,,0.010348134867564458,,0.011007794199450194,,0.011716202396648705,,0.014541133515643683,,0.01770009317492878,,0.017605576857602653,,0.016933665688278404,,0.01742203835102756,,0.01839353487095278,,0.013397763397998827,,0.01421424279382083,,0.015175670708217773,,0.016323029351876756,,0.01765895584561528,,0.018828647504696903,,0.02050989041415212,,0.022397650408204472,,0.02469555524524135,,0.02694174220112285,,0.029708139482303376,,0.03240327762389019,,0.03556056520184054,,0.03907876948247484,,0.043044451788794465,,0.0499532190771626,,0.05543445810654112,,0.061784244648069545,,0.06874142759167576,,0.07622824846076534,,0.08926526398942093,,0.09932398315040035,,0.1104082339177865,,0.12276156170883762,,0.13687105735807026,,0.16403370708770457,,0.18190055101162625,,0.20142379720111767,,0.2226621312988916,,0.24486584421929153,,0.2850831151703953,,0.3089050846886015,,0.33196120656940564,,0.35377465996576524,,0.37386128832529986,,0.40196730976154277,,0.42496914742283726,,0.4492855434808994,,0.47499425641232335,,0.5021730446937034,,0.5383234006048081,,0.5693196899446581,,0.6021044273344855,,0.6367831584390504,,0.67347946007573,,0.723627745134675,,0.7660071050049481,,0.8110135789911193,,0.8587771329881597,,0.909981148875032,,0.9724151951814854,,0.9999999999999999,,1,,1,1,1
31861,2001,2,1,7.988357905940027e-4,4.3396452340057566e-4,7.873360804146174e-4,4.47889813902057e-4,7.73517136400587e-4,4.5776222434309256e-4,7.697749583766371e-4,4.7343259330656173e-4,7.982013487084444e-4,5.134466538172319e-4,8.487393525743286e-4,5.528890422654042e-4,8.838043225787383e-4,5.992953179362834e-4,9.363451176774587e-4,6.741147052361877e-4,9.92027805045204e-4,7.193875253570332e-4,9.961626441669603e-4,7.420646449844121e-4,0.0010569689371194351,7.937428660015131e-4,0.001168676428741233,8.773326302341437e-4,0.0012808650330297865,9.696508177399591e-4,0.001398204946381116,0.0010457642678077218,0.0014756420002857186,0.0011584595032964947,0.0016309115266215895,0.001238715834713719,0.0017805180384425636,0.0013532569953002282,0.0018914038290434485,0.0014295575505860012,0.0020682264103212785,0.0015407491937693882,0.0021744215525194657,0.0016653789682374701,0.004247568918656242,0.0018373527765081937,0.0046714284151334155,0.0020104647957783885,0.004972253524741233,0.0021743495382708757,0.0051924990031317455,0.0023605432159488934,0.0053907241922426545,0.0024943253574861188,0.005810608162716403,0.002683159258540166,0.006435724267775096,0.0028955586322338455,0.006856878850646759,0.0030754529880823566,0.0073577271004222206,0.003301782099429136,0.0078664019081178,0.0035711233211200427,0.00849220990722869,0.0037817290398474263,0.008955942384075022,0.004082303598040957,0.009744594473466841,0.004434955562013831,0.010230376707901861,0.004850983412289423,0.010812225440117217,0.005274272343351179,0.014449625846364408,0.008204085550356304,0.015355848808548485,0.008884027359858777,0.01639774502267733,0.009641812587662906,0.017510894239232508,0.010307688930127625,0.018668772456891764,0.011085679765172546,0.020337948601726635,0.013856957208977543,0.022141819223378868,0.016228461719019725,0.024086051865002848,0.016113607080043894,0.026019798117452,0.016316763287801805,0.028042915966052247,0.017402192429571153,0.030546942411172652,0.019128156805617014,0.03335502321434462,0.020878080233824786,0.039065265134875495,0.022913398899251012,0.04021447436499522,0.02517987101704423,0.04324783680448689,0.027735076328046726,0.04787061078395982,0.03136927591309435,0.05269440130214307,0.03481154302866762,0.057990785133387256,0.03879956594874631,0.06378634906261312,0.043168115851782915,0.0701650636685881,0.04786962686490769,0.07855710566117646,0.05489185178067713,0.08672841409893205,0.061076249742741,0.09579727125786346,0.0678931903650726,0.1057892243614086,0.07548954371126979,0.11669395576185153,0.08416572582050982,0.13338671427077053,0.09813423715325666,0.14686822404447825,0.10882237223598688,0.1612282585642278,0.12050271473699996,0.1763998094294449,0.1332086442162044,0.19238191504575808,0.14649204008182748,0.2144858076475898,0.1676671983988387,0.230410156960525,0.181678268670469,0.2454193283221399,0.1952378803943357,0.2591871073391541,0.20806647975620407,0.2713849232789264,0.21988117498584928,0.2868722409445224,0.23533257326753523,0.30049843168758894,0.24879872222365781,0.3147705539579491,0.2630351045246711,0.3297207648574684,0.27808594808745385,0.3453791943431216,0.2939979842958782,0.3650898066259725,0.31399150619212546,0.3826073867536903,0.3320715448166128,0.40097977604143514,0.3511913567322527,0.4198379380793169,0.371412694124876,0.4406948877980278,0.3928393977240756,0.46866185495851576,0.4205417258295573,0.4935277678569358,0.4450351748689656,0.5208572815486894,0.47095040775616964,0.5510937401966436,0.49856035281623945,0.5834928843234757,0.5280711066443642,0.6228067418762446,0.5624380995430468,0.6607339921267829,0.5948931416137322,0.7032135353157284,0.628704006738481,0.7515962174754597,0.6651554509906223,1,1
31862,2001,2,1,7.988357905940027e-4,4.3396452340057566e-4,7.873360804146174e-4,4.47889813902057e-4,7.73517136400587e-4,4.5776222434309256e-4,7.697749583766371e-4,4.7343259330656173e-4,7.982013487084444e-4,5.134466538172319e-4,8.487393525743286e-4,5.528890422654042e-4,8.838043225787383e-4,5.992953179362834e-4,9.363451176774587e-4,6.741147052361877e-4,9.92027805045204e-4,7.193875253570332e-4,9.961626441669603e-4,7.420646449844121e-4,0.0010569689371194351,7.937428660015131e-4,0.001168676428741233,8.773326302341437e-4,0.0012808650330297865,9.696508177399591e-4,0.001398204946381116,0.0010457642678077218,0.0014756420002857186,0.0011584595032964947,0.0016309115266215895,0.001238715834713719,0.0017805180384425636,0.0013532569953002282,0.0018914038290434485,0.0014295575505860012,0.0020682264103212785,0.0015407491937693882,0.0021744215525194657,0.0016653789682374701,0.004247568918656242,0.0018373527765081937,0.0046714284151334155,0.0020104647957783885,0.004972253524741233,0.0021743495382708757,0.0051924990031317455,0.0023605432159488934,0.0053907241922426545,0.0024943253574861188,0.005810608162716403,0.002683159258540166,0.006435724267775096,0.0028955586322338455,0.006856878850646759,0.0030754529880823566,0.0073577271004222206,0.003301782099429136,0.0078664019081178,0.0035711233211200427,0.00849220990722869,0.0037817290398474263,0.008955942384075022,0.004082303598040957,0.009744594473466841,0.004434955562013831,0.010230376707901861,0.004850983412289423,0.010812225440117217,0.005274272343351179,0.014449625846364408,0.008204085550356304,0.015355848808548485,0.008884027359858777,0.01639774502267733,0.009641812587662906,0.017510894239232508,0.010307688930127625,0.018668772456891764,0.011085679765172546,0.020337948601726635,0.013856957208977543,0.022141819223378868,0.016228461719019725,0.024086051865002848,0.016113607080043894,0.026019798117452,0.016316763287801805,0.028042915966052247,0.017402192429571153,0.030546942411172652,0.019128156805617014,0.03335502321434462,0.020878080233824786,0.039065265134875495,0.022913398899251012,0.04021447436499522,0.02517987101704423,0.04324783680448689,0.027735076328046726,0.04787061078395982,0.03136927591309435,0.05269440130214307,0.03481154302866762,0.057990785133387256,0.03879956594874631,0.06378634906261312,0.043168115851782915,0.0701650636685881,0.04786962686490769,0.07855710566117646,0.05489185178067713,0.08672841409893205,0.061076249742741,0.09579727125786346,0.0678931903650726,0.1057892243614086,0.07548954371126979,0.11669395576185153,0.08416572582050982,0.13338671427077053,0.09813423715325666,0.14686822404447825,0.10882237223598688,0.1612282585642278,0.12050271473699996,0.1763998094294449,0.1332086442162044,0.19238191504575808,0.14649204008182748,0.2144858076475898,0.1676671983988387,0.230410156960525,0.181678268670469,0.2454193283221399,0.1952378803943357,0.2591871073391541,0.20806647975620407,0.2713849232789264,0.21988117498584928,0.2868722409445224,0.23533257326753523,0.30049843168758894,0.24879872222365781,0.3147705539579491,0.2630351045246711,0.3297207648574684,0.27808594808745385,0.3453791943431216,0.2939979842958782,0.3650898066259725,0.31399150619212546,0.3826073867536903,0.3320715448166128,0.40097977604143514,0.3511913567322527,0.4198379380793169,0.371412694124876,0.4406948877980278,0.3928393977240756,0.46866185495851576,0.4205417258295573,0.4935277678569358,0.4450351748689656,0.5208572815486894,0.47095040775616964,0.5510937401966436,0.49856035281623945,0.5834928843234757,0.5280711066443642,0.6228067418762446,0.5624380995430468,0.6607339921267829,0.5948931416137322,0.7032135353157284,0.628704006738481,0.7515962174754597,0.6651554509906223,1,1
31863,2001,2,1,7.988357905940027e-4,4.3396452340057566e-4,7.873360804146174e-4,4.47889813902057e-4,7.73517136400587e-4,4.5776222434309256e-4,7.697749583766371e-4,4.7343259330656173e-4,7.982013487084444e-4,5.134466538172319e-4,8.487393525743286e-4,5.528890422654042e-4,8.838043225787383e-4,5.992953179362834e-4,9.363451176774587e-4,6.741147052361877e-4,9.92027805045204e-4,7.193875253570332e-4,9.961626441669603e-4,7.420646449844121e-4,0.0010569689371194351,7.937428660015131e-4,0.001168676428741233,8.773326302341437e-4,0.0012808650330297865,9.696508177399591e-4,0.001398204946381116,0.0010457642678077218,0.0014756420002857186,0.0011584595032964947,0.0016309115266215895,0.001238715834713719,0.0017805180384425636,0.0013532569953002282,0.0018914038290434485,0.0014295575505860012,0.0020682264103212785,0.0015407491937693882,0.0021744215525194657,0.0016653789682374701,0.004247568918656242,0.0018373527765081937,0.0046714284151334155,0.0020104647957783885,0.004972253524741233,0.0021743495382708757,0.0051924990031317455,0.0023605432159488934,0.0053907241922426545,0.0024943253574861188,0.005810608162716403,0.002683159258540166,0.006435724267775096,0.0028955586322338455,0.006856878850646759,0.0030754529880823566,0.0073577271004222206,0.003301782099429136,0.0078664019081178,0.0035711233211200427,0.00849220990722869,0.0037817290398474263,0.008955942384075022,0.004082303598040957,0.009744594473466841,0.004434955562013831,0.010230376707901861,0.004850983412289423,0.010812225440117217,0.005274272343351179,0.014449625846364408,0.008204085550356304,0.015355848808548485,0.008884027359858777,0.01639774502267733,0.009641812587662906,0.017510894239232508,0.010307688930127625,0.018668772456891764,0.011085679765172546,0.020337948601726635,0.013856957208977543,0.022141819223378868,0.016228461719019725,0.024086051865002848,0.016113607080043894,0.026019798117452,0.016316763287801805,0.028042915966052247,0.017402192429571153,0.030546942411172652,0.019128156805617014,0.03335502321434462,0.020878080233824786,0.039065265134875495,0.022913398899251012,0.04021447436499522,0.02517987101704423,0.04324783680448689,0.027735076328046726,0.04787061078395982,0.03136927591309435,0.05269440130214307,0.03481154302866762,0.057990785133387256,0.03879956594874631,0.06378634906261312,0.043168115851782915,0.0701650636685881,0.04786962686490769,0.07855710566117646,0.05489185178067713,0.08672841409893205,0.061076249742741,0.09579727125786346,0.0678931903650726,0.1057892243614086,0.07548954371126979,0.11669395576185153,0.08416572582050982,0.13338671427077053,0.09813423715325666,0.14686822404447825,0.10882237223598688,0.1612282585642278,0.12050271473699996,0.1763998094294449,0.1332086442162044,0.19238191504575808,0.14649204008182748,0.2144858076475898,0.1676671983988387,0.230410156960525,0.181678268670469,0.2454193283221399,0.1952378803943357,0.2591871073391541,0.20806647975620407,0.2713849232789264,0.21988117498584928,0.2868722409445224,0.23533257326753523,0.30049843168758894,0.24879872222365781,0.3147705539579491,0.2630351045246711,0.3297207648574684,0.27808594808745385,0.3453791943431216,0.2939979842958782,0.3650898066259725,0.31399150619212546,0.3826073867536903,0.3320715448166128,0.40097977604143514,0.3511913567322527,0.4198379380793169,0.371412694124876,0.4406948877980278,0.3928393977240756,0.46866185495851576,0.4205417258295573,0.4935277678569358,0.4450351748689656,0.5208572815486894,0.47095040775616964,0.5510937401966436,0.49856035281623945,0.5834928843234757,0.5280711066443642,0.6228067418762446,0.5624380995430468,0.6607339921267829,0.5948931416137322,0.7032135353157284,0.628704006738481,0.7515962174754597,0.6651554509906223,1,1
31864,2001,2,1,7.988357905940027e-4,4.3396452340057566e-4,7.873360804146174e-4,4.47889813902057e-4,7.73517136400587e-4,4.5776222434309256e-4,7.697749583766371e-4,4.7343259330656173e-4,7.982013487084444e-4,5.134466538172319e-4,8.487393525743286e-4,5.528890422654042e-4,8.838043225787383e-4,5.992953179362834e-4,9.363451176774587e-4,6.741147052361877e-4,9.92027805045204e-4,7.193875253570332e-4,9.961626441669603e-4,7.420646449844121e-4,0.0010569689371194351,7.937428660015131e-4,0.001168676428741233,8.773326302341437e-4,0.0012808650330297865,9.696508177399591e-4,0.001398204946381116,0.0010457642678077218,0.0014756420002857186,0.0011584595032964947,0.0016309115266215895,0.001238715834713719,0.0017805180384425636,0.0013532569953002282,0.0018914038290434485,0.0014295575505860012,0.0020682264103212785,0.0015407491937693882,0.0021744215525194657,0.0016653789682374701,0.004247568918656242,0.0018373527765081937,0.0046714284151334155,0.0020104647957783885,0.004972253524741233,0.0021743495382708757,0.0051924990031317455,0.0023605432159488934,0.0053907241922426545,0.0024943253574861188,0.005810608162716403,0.002683159258540166,0.006435724267775096,0.0028955586322338455,0.006856878850646759,0.0030754529880823566,0.0073577271004222206,0.003301782099429136,0.0078664019081178,0.0035711233211200427,0.00849220990722869,0.0037817290398474263,0.008955942384075022,0.004082303598040957,0.009744594473466841,0.004434955562013831,0.010230376707901861,0.004850983412289423,0.010812225440117217,0.005274272343351179,0.014449625846364408,0.008204085550356304,0.015355848808548485,0.008884027359858777,0.01639774502267733,0.009641812587662906,0.017510894239232508,0.010307688930127625,0.018668772456891764,0.011085679765172546,0.020337948601726635,0.013856957208977543,0.022141819223378868,0.016228461719019725,0.024086051865002848,0.016113607080043894,0.026019798117452,0.016316763287801805,0.028042915966052247,0.017402192429571153,0.030546942411172652,0.019128156805617014,0.03335502321434462,0.020878080233824786,0.039065265134875495,0.022913398899251012,0.04021447436499522,0.02517987101704423,0.04324783680448689,0.027735076328046726,0.04787061078395982,0.03136927591309435,0.05269440130214307,0.03481154302866762,0.057990785133387256,0.03879956594874631,0.06378634906261312,0.043168115851782915,0.0701650636685881,0.04786962686490769,0.07855710566117646,0.05489185178067713,0.08672841409893205,0.061076249742741,0.09579727125786346,0.0678931903650726,0.1057892243614086,0.07548954371126979,0.11669395576185153,0.08416572582050982,0.13338671427077053,0.09813423715325666,0.14686822404447825,0.10882237223598688,0.1612282585642278,0.12050271473699996,0.1763998094294449,0.1332086442162044,0.19238191504575808,0.14649204008182748,0.2144858076475898,0.1676671983988387,0.230410156960525,0.181678268670469,0.2454193283221399,0.1952378803943357,0.2591871073391541,0.20806647975620407,0.2713849232789264,0.21988117498584928,0.2868722409445224,0.23533257326753523,0.30049843168758894,0.24879872222365781,0.3147705539579491,0.2630351045246711,0.3297207648574684,0.27808594808745385,0.3453791943431216,0.2939979842958782,0.3650898066259725,0.31399150619212546,0.3826073867536903,0.3320715448166128,0.40097977604143514,0.3511913567322527,0.4198379380793169,0.371412694124876,0.4406948877980278,0.3928393977240756,0.46866185495851576,0.4205417258295573,0.4935277678569358,0.4450351748689656,0.5208572815486894,0.47095040775616964,0.5510937401966436,0.49856035281623945,0.5834928843234757,0.5280711066443642,0.6228067418762446,0.5624380995430468,0.6607339921267829,0.5948931416137322,0.7032135353157284,0.628704006738481,0.7515962174754597,0.6651554509906223,1,1
31865,2001,2,1,7.988357905940027e-4,4.3396452340057566e-4,7.873360804146174e-4,4.47889813902057e-4,7.73517136400587e-4,4.5776222434309256e-4,7.697749583766371e-4,4.7343259330656173e-4,7.982013487084444e-4,5.134466538172319e-4,8.487393525743286e-4,5.528890422654042e-4,8.838043225787383e-4,5.992953179362834e-4,9.363451176774587e-4,6.741147052361877e-4,9.92027805045204e-4,7.193875253570332e-4,9.961626441669603e-4,7.420646449844121e-4,0.0010569689371194351,7.937428660015131e-4,0.001168676428741233,8.773326302341437e-4,0.0012808650330297865,9.696508177399591e-4,0.001398204946381116,0.0010457642678077218,0.0014756420002857186,0.0011584595032964947,0.0016309115266215895,0.001238715834713719,0.0017805180384425636,0.0013532569953002282,0.0018914038290434485,0.0014295575505860012,0.0020682264103212785,0.0015407491937693882,0.0021744215525194657,0.0016653789682374701,0.004247568918656242,0.0018373527765081937,0.0046714284151334155,0.0020104647957783885,0.004972253524741233,0.0021743495382708757,0.0051924990031317455,0.0023605432159488934,0.0053907241922426545,0.0024943253574861188,0.005810608162716403,0.002683159258540166,0.006435724267775096,0.0028955586322338455,0.006856878850646759,0.0030754529880823566,0.0073577271004222206,0.003301782099429136,0.0078664019081178,0.0035711233211200427,0.00849220990722869,0.0037817290398474263,0.008955942384075022,0.004082303598040957,0.009744594473466841,0.004434955562013831,0.010230376707901861,0.004850983412289423,0.010812225440117217,0.005274272343351179,0.014449625846364408,0.008204085550356304,0.015355848808548485,0.008884027359858777,0.01639774502267733,0.009641812587662906,0.017510894239232508,0.010307688930127625,0.018668772456891764,0.011085679765172546,0.020337948601726635,0.013856957208977543,0.022141819223378868,0.016228461719019725,0.024086051865002848,0.016113607080043894,0.026019798117452,0.016316763287801805,0.028042915966052247,0.017402192429571153,0.030546942411172652,0.019128156805617014,0.03335502321434462,0.020878080233824786,0.039065265134875495,0.022913398899251012,0.04021447436499522,0.02517987101704423,0.04324783680448689,0.027735076328046726,0.04787061078395982,0.03136927591309435,0.05269440130214307,0.03481154302866762,0.057990785133387256,0.03879956594874631,0.06378634906261312,0.043168115851782915,0.0701650636685881,0.04786962686490769,0.07855710566117646,0.05489185178067713,0.08672841409893205,0.061076249742741,0.09579727125786346,0.0678931903650726,0.1057892243614086,0.07548954371126979,0.11669395576185153,0.08416572582050982,0.13338671427077053,0.09813423715325666,0.14686822404447825,0.10882237223598688,0.1612282585642278,0.12050271473699996,0.1763998094294449,0.1332086442162044,0.19238191504575808,0.14649204008182748,0.2144858076475898,0.1676671983988387,0.230410156960525,0.181678268670469,0.2454193283221399,0.1952378803943357,0.2591871073391541,0.20806647975620407,0.2713849232789264,0.21988117498584928,0.2868722409445224,0.23533257326753523,0.30049843168758894,0.24879872222365781,0.3147705539579491,0.2630351045246711,0.3297207648574684,0.27808594808745385,0.3453791943431216,0.2939979842958782,0.3650898066259725,0.31399150619212546,0.3826073867536903,0.3320715448166128,0.40097977604143514,0.3511913567322527,0.4198379380793169,0.371412694124876,0.4406948877980278,0.3928393977240756,0.46866185495851576,0.4205417258295573,0.4935277678569358,0.4450351748689656,0.5208572815486894,0.47095040775616964,0.5510937401966436,0.49856035281623945,0.5834928843234757,0.5280711066443642,0.6228067418762446,0.5624380995430468,0.6607339921267829,0.5948931416137322,0.7032135353157284,0.628704006738481,0.7515962174754597,0.6651554509906223,1,1
32471,2001,2,1,5.792847532368738e-4,3.4959837653825984e-4,6.043692124442802e-4,3.583903156567738e-4,6.624119377983047e-4,3.905810330385746e-4,7.007703714736891e-4,4.283024496233875e-4,7.417991538962461e-4,4.5043240745428446e-4,7.852076210482174e-4,4.780940951726351e-4,8.251122846557323e-4,5.083643876724382e-4,8.918401395314782e-4,5.500220189959213e-4,8.929388046569028e-4,5.504046117064634e-4,9.388296234310596e-4,5.74853515733921e-4,9.791636291867371e-4,6.019162161437971e-4,0.0010440042122103416,6.537108891780238e-4,0.0011130343397494843,6.977227090260555e-4,0.0011803652037527855,7.154069001529539e-4,0.0012769819262864618,7.848462564138864e-4,0.0013843303321745815,8.416333672584209e-4,0.0014522346686835531,8.935778737818228e-4,0.0015379656884121368,9.481703740907375e-4,0.001664612102181113,0.0010298454447082394,0.0018286999834350802,0.00113439770990441,0.003487498051520935,0.001570495286118875,0.003840162670125002,0.0017247450450162366,0.0040889169327942175,0.0018437183448526753,0.004373338984422269,0.001975976200252599,0.004674293820864066,0.0021170154177053953,0.005057866158241269,0.0023232966143376045,0.005426982857113863,0.002498072775211357,0.0059274025693793414,0.0027357409804607147,0.006261555357737172,0.0029176316341378806,0.006792426897039928,0.0032066985373640695,0.007365110875311334,0.0034797047626699616,0.007736564476992878,0.003772208236114838,0.008269487911041243,0.004022714297282967,0.008845722488831571,0.004396267423723265,0.009502700023824945,0.004826988862337044,0.01161558872403928,0.007553964707397346,0.012479659976375988,0.008160397482929094,0.013339699665886143,0.008728630353426818,0.01386284781281937,0.009182938458922438,0.014880885321755445,0.009965964306808227,0.015782982814532207,0.010758775534330625,0.016791332929138002,0.011433838901758494,0.01820682243517833,0.012564269844906432,0.019088668681861275,0.013248257996252196,0.02067105010578434,0.014411627596279059,0.02239160594322431,0.015846763640834653,0.02424801687167182,0.017441349519282105,0.026676601026125298,0.019173097578255336,0.028992311553622713,0.020919347365566106,0.032044702614498224,0.023426333651916396,0.03465700660857167,0.025707334671673545,0.03877389203430405,0.02899862276561186,0.04263311939084391,0.03214095393997654,0.04685093665395706,0.03548869605385548,0.05336371490973995,0.04103033818166431,0.05743639950346963,0.04400828018054948,0.06311716704242717,0.04850060745778874,0.06970883675875275,0.053999862242144314,0.07698805095723259,0.06023419755115562,0.08492124774559623,0.0671419145731333,0.09534674224848025,0.07618692652942997,0.10498051831701241,0.08474140543993612,0.11524869220036825,0.09392026834878821,0.12611720968513845,0.10367941791706652,0.13754045901898337,0.11397476284823813,0.1516891021148457,0.12673588498773422,0.1629436774233872,0.1373065935704883,0.17355217129593184,0.14754695278171345,0.18329029543023512,0.15726150953535387,0.1919112108143265,0.16622722724957822,0.2022364219027931,0.17684356793750106,0.2118426880267129,0.18700933992597688,0.2219001844861385,0.19775502998828365,0.23244802079202695,0.20912575058432473,0.2435317982307211,0.22114487366627078,0.25690880026978574,0.2354082963105064,0.2693264522765954,0.24902847062478356,0.2825057973686277,0.26343008869768914,0.2965240018648659,0.27866481293642514,0.3112120952280068,0.29477928452475743,0.3295929400653231,0.3144848317386222,0.34634791744309823,0.33290252509952517,0.36421306523865676,0.3523970785904012,0.38333700972340423,0.3730633995812823,0.40369603351906086,0.3949541057786927,0.42724685031086235,0.4189597985994651,0.4514753115794829,0.4421903103871752,0.47959426317512377,0.46705643141474695,0.5114869817283293,0.49389368701183567,1,1
32472,2001,2,1,5.792847532368738e-4,3.4959837653825984e-4,6.043692124442802e-4,3.583903156567738e-4,6.624119377983047e-4,3.905810330385746e-4,7.007703714736891e-4,4.283024496233875e-4,7.417991538962461e-4,4.5043240745428446e-4,7.852076210482174e-4,4.780940951726351e-4,8.251122846557323e-4,5.083643876724382e-4,8.918401395314782e-4,5.500220189959213e-4,8.929388046569028e-4,5.504046117064634e-4,9.388296234310596e-4,5.74853515733921e-4,9.791636291867371e-4,6.019162161437971e-4,0.0010440042122103416,6.537108891780238e-4,0.0011130343397494843,6.977227090260555e-4,0.0011803652037527855,7.154069001529539e-4,0.0012769819262864618,7.848462564138864e-4,0.0013843303321745815,8.416333672584209e-4,0.0014522346686835531,8.935778737818228e-4,0.0015379656884121368,9.481703740907375e-4,0.001664612102181113,0.0010298454447082394,0.0018286999834350802,0.00113439770990441,0.003487498051520935,0.001570495286118875,0.003840162670125002,0.0017247450450162366,0.0040889169327942175,0.0018437183448526753,0.004373338984422269,0.001975976200252599,0.004674293820864066,0.0021170154177053953,0.005057866158241269,0.0023232966143376045,0.005426982857113863,0.002498072775211357,0.0059274025693793414,0.0027357409804607147,0.006261555357737172,0.0029176316341378806,0.006792426897039928,0.0032066985373640695,0.007365110875311334,0.0034797047626699616,0.007736564476992878,0.003772208236114838,0.008269487911041243,0.004022714297282967,0.008845722488831571,0.004396267423723265,0.009502700023824945,0.004826988862337044,0.01161558872403928,0.007553964707397346,0.012479659976375988,0.008160397482929094,0.013339699665886143,0.008728630353426818,0.01386284781281937,0.009182938458922438,0.014880885321755445,0.009965964306808227,0.015782982814532207,0.010758775534330625,0.016791332929138002,0.011433838901758494,0.01820682243517833,0.012564269844906432,0.019088668681861275,0.013248257996252196,0.02067105010578434,0.014411627596279059,0.02239160594322431,0.015846763640834653,0.02424801687167182,0.017441349519282105,0.026676601026125298,0.019173097578255336,0.028992311553622713,0.020919347365566106,0.032044702614498224,0.023426333651916396,0.03465700660857167,0.025707334671673545,0.03877389203430405,0.02899862276561186,0.04263311939084391,0.03214095393997654,0.04685093665395706,0.03548869605385548,0.05336371490973995,0.04103033818166431,0.05743639950346963,0.04400828018054948,0.06311716704242717,0.04850060745778874,0.06970883675875275,0.053999862242144314,0.07698805095723259,0.06023419755115562,0.08492124774559623,0.0671419145731333,0.09534674224848025,0.07618692652942997,0.10498051831701241,0.08474140543993612,0.11524869220036825,0.09392026834878821,0.12611720968513845,0.10367941791706652,0.13754045901898337,0.11397476284823813,0.1516891021148457,0.12673588498773422,0.1629436774233872,0.1373065935704883,0.17355217129593184,0.14754695278171345,0.18329029543023512,0.15726150953535387,0.1919112108143265,0.16622722724957822,0.2022364219027931,0.17684356793750106,0.2118426880267129,0.18700933992597688,0.2219001844861385,0.19775502998828365,0.23244802079202695,0.20912575058432473,0.2435317982307211,0.22114487366627078,0.25690880026978574,0.2354082963105064,0.2693264522765954,0.24902847062478356,0.2825057973686277,0.26343008869768914,0.2965240018648659,0.27866481293642514,0.3112120952280068,0.29477928452475743,0.3295929400653231,0.3144848317386222,0.34634791744309823,0.33290252509952517,0.36421306523865676,0.3523970785904012,0.38333700972340423,0.3730633995812823,0.40369603351906086,0.3949541057786927,0.42724685031086235,0.4189597985994651,0.4514753115794829,0.4421903103871752,0.47959426317512377,0.46705643141474695,0.5114869817283293,0.49389368701183567,1,1
32473,2001,2,1,5.792847532368738e-4,3.4959837653825984e-4,6.043692124442802e-4,3.583903156567738e-4,6.624119377983047e-4,3.905810330385746e-4,7.007703714736891e-4,4.283024496233875e-4,7.417991538962461e-4,4.5043240745428446e-4,7.852076210482174e-4,4.780940951726351e-4,8.251122846557323e-4,5.083643876724382e-4,8.918401395314782e-4,5.500220189959213e-4,8.929388046569028e-4,5.504046117064634e-4,9.388296234310596e-4,5.74853515733921e-4,9.791636291867371e-4,6.019162161437971e-4,0.0010440042122103416,6.537108891780238e-4,0.0011130343397494843,6.977227090260555e-4,0.0011803652037527855,7.154069001529539e-4,0.0012769819262864618,7.848462564138864e-4,0.0013843303321745815,8.416333672584209e-4,0.0014522346686835531,8.935778737818228e-4,0.0015379656884121368,9.481703740907375e-4,0.001664612102181113,0.0010298454447082394,0.0018286999834350802,0.00113439770990441,0.003487498051520935,0.001570495286118875,0.003840162670125002,0.0017247450450162366,0.0040889169327942175,0.0018437183448526753,0.004373338984422269,0.001975976200252599,0.004674293820864066,0.0021170154177053953,0.005057866158241269,0.0023232966143376045,0.005426982857113863,0.002498072775211357,0.0059274025693793414,0.0027357409804607147,0.006261555357737172,0.0029176316341378806,0.006792426897039928,0.0032066985373640695,0.007365110875311334,0.0034797047626699616,0.007736564476992878,0.003772208236114838,0.008269487911041243,0.004022714297282967,0.008845722488831571,0.004396267423723265,0.009502700023824945,0.004826988862337044,0.01161558872403928,0.007553964707397346,0.012479659976375988,0.008160397482929094,0.013339699665886143,0.008728630353426818,0.01386284781281937,0.009182938458922438,0.014880885321755445,0.009965964306808227,0.015782982814532207,0.010758775534330625,0.016791332929138002,0.011433838901758494,0.01820682243517833,0.012564269844906432,0.019088668681861275,0.013248257996252196,0.02067105010578434,0.014411627596279059,0.02239160594322431,0.015846763640834653,0.02424801687167182,0.017441349519282105,0.026676601026125298,0.019173097578255336,0.028992311553622713,0.020919347365566106,0.032044702614498224,0.023426333651916396,0.03465700660857167,0.025707334671673545,0.03877389203430405,0.02899862276561186,0.04263311939084391,0.03214095393997654,0.04685093665395706,0.03548869605385548,0.05336371490973995,0.04103033818166431,0.05743639950346963,0.04400828018054948,0.06311716704242717,0.04850060745778874,0.06970883675875275,0.053999862242144314,0.07698805095723259,0.06023419755115562,0.08492124774559623,0.0671419145731333,0.09534674224848025,0.07618692652942997,0.10498051831701241,0.08474140543993612,0.11524869220036825,0.09392026834878821,0.12611720968513845,0.10367941791706652,0.13754045901898337,0.11397476284823813,0.1516891021148457,0.12673588498773422,0.1629436774233872,0.1373065935704883,0.17355217129593184,0.14754695278171345,0.18329029543023512,0.15726150953535387,0.1919112108143265,0.16622722724957822,0.2022364219027931,0.17684356793750106,0.2118426880267129,0.18700933992597688,0.2219001844861385,0.19775502998828365,0.23244802079202695,0.20912575058432473,0.2435317982307211,0.22114487366627078,0.25690880026978574,0.2354082963105064,0.2693264522765954,0.24902847062478356,0.2825057973686277,0.26343008869768914,0.2965240018648659,0.27866481293642514,0.3112120952280068,0.29477928452475743,0.3295929400653231,0.3144848317386222,0.34634791744309823,0.33290252509952517,0.36421306523865676,0.3523970785904012,0.38333700972340423,0.3730633995812823,0.40369603351906086,0.3949541057786927,0.42724685031086235,0.4189597985994651,0.4514753115794829,0.4421903103871752,0.47959426317512377,0.46705643141474695,0.5114869817283293,0.49389368701183567,1,1
32474,2001,2,1,5.792847532368738e-4,3.4959837653825984e-4,6.043692124442802e-4,3.583903156567738e-4,6.624119377983047e-4,3.905810330385746e-4,7.007703714736891e-4,4.283024496233875e-4,7.417991538962461e-4,4.5043240745428446e-4,7.852076210482174e-4,4.780940951726351e-4,8.251122846557323e-4,5.083643876724382e-4,8.918401395314782e-4,5.500220189959213e-4,8.929388046569028e-4,5.504046117064634e-4,9.388296234310596e-4,5.74853515733921e-4,9.791636291867371e-4,6.019162161437971e-4,0.0010440042122103416,6.537108891780238e-4,0.0011130343397494843,6.977227090260555e-4,0.0011803652037527855,7.154069001529539e-4,0.0012769819262864618,7.848462564138864e-4,0.0013843303321745815,8.416333672584209e-4,0.0014522346686835531,8.935778737818228e-4,0.0015379656884121368,9.481703740907375e-4,0.001664612102181113,0.0010298454447082394,0.0018286999834350802,0.00113439770990441,0.003487498051520935,0.001570495286118875,0.003840162670125002,0.0017247450450162366,0.0040889169327942175,0.0018437183448526753,0.004373338984422269,0.001975976200252599,0.004674293820864066,0.0021170154177053953,0.005057866158241269,0.0023232966143376045,0.005426982857113863,0.002498072775211357,0.0059274025693793414,0.0027357409804607147,0.006261555357737172,0.0029176316341378806,0.006792426897039928,0.0032066985373640695,0.007365110875311334,0.0034797047626699616,0.007736564476992878,0.003772208236114838,0.008269487911041243,0.004022714297282967,0.008845722488831571,0.004396267423723265,0.009502700023824945,0.004826988862337044,0.01161558872403928,0.007553964707397346,0.012479659976375988,0.008160397482929094,0.013339699665886143,0.008728630353426818,0.01386284781281937,0.009182938458922438,0.014880885321755445,0.009965964306808227,0.015782982814532207,0.010758775534330625,0.016791332929138002,0.011433838901758494,0.01820682243517833,0.012564269844906432,0.019088668681861275,0.013248257996252196,0.02067105010578434,0.014411627596279059,0.02239160594322431,0.015846763640834653,0.02424801687167182,0.017441349519282105,0.026676601026125298,0.019173097578255336,0.028992311553622713,0.020919347365566106,0.032044702614498224,0.023426333651916396,0.03465700660857167,0.025707334671673545,0.03877389203430405,0.02899862276561186,0.04263311939084391,0.03214095393997654,0.04685093665395706,0.03548869605385548,0.05336371490973995,0.04103033818166431,0.05743639950346963,0.04400828018054948,0.06311716704242717,0.04850060745778874,0.06970883675875275,0.053999862242144314,0.07698805095723259,0.06023419755115562,0.08492124774559623,0.0671419145731333,0.09534674224848025,0.07618692652942997,0.10498051831701241,0.08474140543993612,0.11524869220036825,0.09392026834878821,0.12611720968513845,0.10367941791706652,0.13754045901898337,0.11397476284823813,0.1516891021148457,0.12673588498773422,0.1629436774233872,0.1373065935704883,0.17355217129593184,0.14754695278171345,0.18329029543023512,0.15726150953535387,0.1919112108143265,0.16622722724957822,0.2022364219027931,0.17684356793750106,0.2118426880267129,0.18700933992597688,0.2219001844861385,0.19775502998828365,0.23244802079202695,0.20912575058432473,0.2435317982307211,0.22114487366627078,0.25690880026978574,0.2354082963105064,0.2693264522765954,0.24902847062478356,0.2825057973686277,0.26343008869768914,0.2965240018648659,0.27866481293642514,0.3112120952280068,0.29477928452475743,0.3295929400653231,0.3144848317386222,0.34634791744309823,0.33290252509952517,0.36421306523865676,0.3523970785904012,0.38333700972340423,0.3730633995812823,0.40369603351906086,0.3949541057786927,0.42724685031086235,0.4189597985994651,0.4514753115794829,0.4421903103871752,0.47959426317512377,0.46705643141474695,0.5114869817283293,0.49389368701183567,1,1
32475,2001,2,1,5.792847532368738e-4,3.4959837653825984e-4,6.043692124442802e-4,3.583903156567738e-4,6.624119377983047e-4,3.905810330385746e-4,7.007703714736891e-4,4.283024496233875e-4,7.417991538962461e-4,4.5043240745428446e-4,7.852076210482174e-4,4.780940951726351e-4,8.251122846557323e-4,5.083643876724382e-4,8.918401395314782e-4,5.500220189959213e-4,8.929388046569028e-4,5.504046117064634e-4,9.388296234310596e-4,5.74853515733921e-4,9.791636291867371e-4,6.019162161437971e-4,0.0010440042122103416,6.537108891780238e-4,0.0011130343397494843,6.977227090260555e-4,0.0011803652037527855,7.154069001529539e-4,0.0012769819262864618,7.848462564138864e-4,0.0013843303321745815,8.416333672584209e-4,0.0014522346686835531,8.935778737818228e-4,0.0015379656884121368,9.481703740907375e-4,0.001664612102181113,0.0010298454447082394,0.0018286999834350802,0.00113439770990441,0.003487498051520935,0.001570495286118875,0.003840162670125002,0.0017247450450162366,0.0040889169327942175,0.0018437183448526753,0.004373338984422269,0.001975976200252599,0.004674293820864066,0.0021170154177053953,0.005057866158241269,0.0023232966143376045,0.005426982857113863,0.002498072775211357,0.0059274025693793414,0.0027357409804607147,0.006261555357737172,0.0029176316341378806,0.006792426897039928,0.0032066985373640695,0.007365110875311334,0.0034797047626699616,0.007736564476992878,0.003772208236114838,0.008269487911041243,0.004022714297282967,0.008845722488831571,0.004396267423723265,0.009502700023824945,0.004826988862337044,0.01161558872403928,0.007553964707397346,0.012479659976375988,0.008160397482929094,0.013339699665886143,0.008728630353426818,0.01386284781281937,0.009182938458922438,0.014880885321755445,0.009965964306808227,0.015782982814532207,0.010758775534330625,0.016791332929138002,0.011433838901758494,0.01820682243517833,0.012564269844906432,0.019088668681861275,0.013248257996252196,0.02067105010578434,0.014411627596279059,0.02239160594322431,0.015846763640834653,0.02424801687167182,0.017441349519282105,0.026676601026125298,0.019173097578255336,0.028992311553622713,0.020919347365566106,0.032044702614498224,0.023426333651916396,0.03465700660857167,0.025707334671673545,0.03877389203430405,0.02899862276561186,0.04263311939084391,0.03214095393997654,0.04685093665395706,0.03548869605385548,0.05336371490973995,0.04103033818166431,0.05743639950346963,0.04400828018054948,0.06311716704242717,0.04850060745778874,0.06970883675875275,0.053999862242144314,0.07698805095723259,0.06023419755115562,0.08492124774559623,0.0671419145731333,0.09534674224848025,0.07618692652942997,0.10498051831701241,0.08474140543993612,0.11524869220036825,0.09392026834878821,0.12611720968513845,0.10367941791706652,0.13754045901898337,0.11397476284823813,0.1516891021148457,0.12673588498773422,0.1629436774233872,0.1373065935704883,0.17355217129593184,0.14754695278171345,0.18329029543023512,0.15726150953535387,0.1919112108143265,0.16622722724957822,0.2022364219027931,0.17684356793750106,0.2118426880267129,0.18700933992597688,0.2219001844861385,0.19775502998828365,0.23244802079202695,0.20912575058432473,0.2435317982307211,0.22114487366627078,0.25690880026978574,0.2354082963105064,0.2693264522765954,0.24902847062478356,0.2825057973686277,0.26343008869768914,0.2965240018648659,0.27866481293642514,0.3112120952280068,0.29477928452475743,0.3295929400653231,0.3144848317386222,0.34634791744309823,0.33290252509952517,0.36421306523865676,0.3523970785904012,0.38333700972340423,0.3730633995812823,0.40369603351906086,0.3949541057786927,0.42724685031086235,0.4189597985994651,0.4514753115794829,0.4421903103871752,0.47959426317512377,0.46705643141474695,0.5114869817283293,0.49389368701183567,1,1
33441,2001,2,1,7.088550284933973e-4,3.9578312882768466e-4,7.228779361421528e-4,4.26926220822058e-4,7.658779321788085e-4,4.4562523159781656e-4,7.897132583175678e-4,4.7458231491612744e-4,8.301241983610543e-4,5.181947625211105e-4,9.168560826772383e-4,5.739030646199285e-4,0.0010205772342471448,6.248629383474769e-4,0.0011164521481009646,6.707085084348423e-4,0.0012229362260490547,7.132717749400672e-4,0.001342681068289141,7.800323736548758e-4,0.0014692988084771509,8.724668184184629e-4,0.001654823844385815,9.469776394980162e-4,0.0018371056326971346,9.980635195011745e-4,0.001981830016141912,0.0010836386280374465,0.0020825564580876903,0.00116705944350443,0.0023279931632588288,0.0012472304429586494,0.0025272437697460163,0.0012874758267644082,0.0026764930919700204,0.0013329019915914544,0.002745073652981795,0.0014073718563502606,0.0029197118822020312,0.0014892580263139313,0.004863886607871344,0.0020852669264038236,0.005284889868532606,0.002197362957590781,0.005589699526965999,0.0023668202524352935,0.005998933360131701,0.0025244872238573547,0.006379469775226876,0.0026651196792669505,0.006788922354658834,0.002931523557712194,0.007413273274481513,0.0031657097021508714,0.007948162057175476,0.0034384132073952854,0.008634996396195305,0.0036316135667866173,0.009113479620751416,0.003997351053552648,0.00988293973413221,0.0044090931469951775,0.01067087232042947,0.004684527697386529,0.011326776030227744,0.005067873166339706,0.012096588209494176,0.00542227782074196,0.012874241582854828,0.005841349302242925,0.01753920817188758,0.009604994008487152,0.019374519736989917,0.010438449515802542,0.02057996288679282,0.01130468627160465,0.02196858023387375,0.012198894742480877,0.02334262950616697,0.013034879192000965,0.024966478059171567,0.01424675566251603,0.02688554768560473,0.015580207948783648,0.029070690896021576,0.016830757934888783,0.030796064820557547,0.018160916822297694,0.03270679801917173,0.01974996319129201,0.03523901198856109,0.021448836358095472,0.03787828065871593,0.022747431160287993,0.039767912133355815,0.025142869712253598,0.042949132871046805,0.027001252645807015,0.045760461847957866,0.02923117008786516,0.049012174253174515,0.03243787519568628,0.05375937117482298,0.034701181016137776,0.05728395455110674,0.03869073703862855,0.06295967074930306,0.04335587493031248,0.06933575577323835,0.04802314399508536,0.07554584428977448,0.053827749098321144,0.08437473615363546,0.058504253246479405,0.091875655958303007,0.06716676146198022,0.10280262239970236,0.07357164698526669,0.11191120700890711,0.08333241973259993,0.1254084664027749,0.09284857643278491,0.13793056074354074,0.10315782788628705,0.15126318798486466,0.11641678628481535,0.1677152382686821,0.12650629958502746,0.1807142125301337,0.13881867614437332,0.19649721351189128,0.15243285847336568,0.21106201236231645,0.16515883179408164,0.22481948454609355,0.17748065655412182,0.2374311942616073,0.1891690185291165,0.24860942938886427,0.19995983695770517,0.2610147501135117,0.21202919584971955,0.2734110964151108,0.22421755944702018,0.28639619215578405,0.23710802381065071,0.2999968241691911,0.25073166854815787,0.31424220480873455,0.26514410306934266,0.33031732932451807,0.2814541127971864,0.3461161568225975,0.2977352877531368,0.3627429058232377,0.3149475367120924,0.3802115783141441,0.33314077885170656,0.3984912309444688,0.35240541143050164,0.4198949319804055,0.37486382710428845,0.4406046343842345,0.3966824575128662,0.4625198167480869,0.419765363732994,0.48597295335136015,0.44419124288293643,0.5110471328279986,0.4701024240600588,0.5399198859302112,0.49819178644371376,0.5695909704097063,0.524075260534257,0.6021410800724096,0.5534120635756299,0.6402876708943874,0.5851859099904434,1,1
33442,2001,2,1,7.088550284933973e-4,3.9578312882768466e-4,7.228779361421528e-4,4.26926220822058e-4,7.658779321788085e-4,4.4562523159781656e-4,7.897132583175678e-4,4.7458231491612744e-4,8.301241983610543e-4,5.181947625211105e-4,9.168560826772383e-4,5.739030646199285e-4,0.0010205772342471448,6.248629383474769e-4,0.0011164521481009646,6.707085084348423e-4,0.0012229362260490547,7.132717749400672e-4,0.001342681068289141,7.800323736548758e-4,0.0014692988084771509,8.724668184184629e-4,0.001654823844385815,9.469776394980162e-4,0.0018371056326971346,9.980635195011745e-4,0.001981830016141912,0.0010836386280374465,0.0020825564580876903,0.00116705944350443,0.0023279931632588288,0.0012472304429586494,0.0025272437697460163,0.0012874758267644082,0.0026764930919700204,0.0013329019915914544,0.002745073652981795,0.0014073718563502606,0.0029197118822020312,0.0014892580263139313,0.004863886607871344,0.0020852669264038236,0.005284889868532606,0.002197362957590781,0.005589699526965999,0.0023668202524352935,0.005998933360131701,0.0025244872238573547,0.006379469775226876,0.0026651196792669505,0.006788922354658834,0.002931523557712194,0.007413273274481513,0.0031657097021508714,0.007948162057175476,0.0034384132073952854,0.008634996396195305,0.0036316135667866173,0.009113479620751416,0.003997351053552648,0.00988293973413221,0.0044090931469951775,0.01067087232042947,0.004684527697386529,0.011326776030227744,0.005067873166339706,0.012096588209494176,0.00542227782074196,0.012874241582854828,0.005841349302242925,0.01753920817188758,0.009604994008487152,0.019374519736989917,0.010438449515802542,0.02057996288679282,0.01130468627160465,0.02196858023387375,0.012198894742480877,0.02334262950616697,0.013034879192000965,0.024966478059171567,0.01424675566251603,0.02688554768560473,0.015580207948783648,0.029070690896021576,0.016830757934888783,0.030796064820557547,0.018160916822297694,0.03270679801917173,0.01974996319129201,0.03523901198856109,0.021448836358095472,0.03787828065871593,0.022747431160287993,0.039767912133355815,0.025142869712253598,0.042949132871046805,0.027001252645807015,0.045760461847957866,0.02923117008786516,0.049012174253174515,0.03243787519568628,0.05375937117482298,0.034701181016137776,0.05728395455110674,0.03869073703862855,0.06295967074930306,0.04335587493031248,0.06933575577323835,0.04802314399508536,0.07554584428977448,0.053827749098321144,0.08437473615363546,0.058504253246479405,0.091875655958303007,0.06716676146198022,0.10280262239970236,0.07357164698526669,0.11191120700890711,0.08333241973259993,0.1254084664027749,0.09284857643278491,0.13793056074354074,0.10315782788628705,0.15126318798486466,0.11641678628481535,0.1677152382686821,0.12650629958502746,0.1807142125301337,0.13881867614437332,0.19649721351189128,0.15243285847336568,0.21106201236231645,0.16515883179408164,0.22481948454609355,0.17748065655412182,0.2374311942616073,0.1891690185291165,0.24860942938886427,0.19995983695770517,0.2610147501135117,0.21202919584971955,0.2734110964151108,0.22421755944702018,0.28639619215578405,0.23710802381065071,0.2999968241691911,0.25073166854815787,0.31424220480873455,0.26514410306934266,0.33031732932451807,0.2814541127971864,0.3461161568225975,0.2977352877531368,0.3627429058232377,0.3149475367120924,0.3802115783141441,0.33314077885170656,0.3984912309444688,0.35240541143050164,0.4198949319804055,0.37486382710428845,0.4406046343842345,0.3966824575128662,0.4625198167480869,0.419765363732994,0.48597295335136015,0.44419124288293643,0.5110471328279986,0.4701024240600588,0.5399198859302112,0.49819178644371376,0.5695909704097063,0.524075260534257,0.6021410800724096,0.5534120635756299,0.6402876708943874,0.5851859099904434,1,1
33443,2001,2,1,7.088550284933973e-4,3.9578312882768466e-4,7.228779361421528e-4,4.26926220822058e-4,7.658779321788085e-4,4.4562523159781656e-4,7.897132583175678e-4,4.7458231491612744e-4,8.301241983610543e-4,5.181947625211105e-4,9.168560826772383e-4,5.739030646199285e-4,0.0010205772342471448,6.248629383474769e-4,0.0011164521481009646,6.707085084348423e-4,0.0012229362260490547,7.132717749400672e-4,0.001342681068289141,7.800323736548758e-4,0.0014692988084771509,8.724668184184629e-4,0.001654823844385815,9.469776394980162e-4,0.0018371056326971346,9.980635195011745e-4,0.001981830016141912,0.0010836386280374465,0.0020825564580876903,0.00116705944350443,0.0023279931632588288,0.0012472304429586494,0.0025272437697460163,0.0012874758267644082,0.0026764930919700204,0.0013329019915914544,0.002745073652981795,0.0014073718563502606,0.0029197118822020312,0.0014892580263139313,0.004863886607871344,0.0020852669264038236,0.005284889868532606,0.002197362957590781,0.005589699526965999,0.0023668202524352935,0.005998933360131701,0.0025244872238573547,0.006379469775226876,0.0026651196792669505,0.006788922354658834,0.002931523557712194,0.007413273274481513,0.0031657097021508714,0.007948162057175476,0.0034384132073952854,0.008634996396195305,0.0036316135667866173,0.009113479620751416,0.003997351053552648,0.00988293973413221,0.0044090931469951775,0.01067087232042947,0.004684527697386529,0.011326776030227744,0.005067873166339706,0.012096588209494176,0.00542227782074196,0.012874241582854828,0.005841349302242925,0.01753920817188758,0.009604994008487152,0.019374519736989917,0.010438449515802542,0.02057996288679282,0.01130468627160465,0.02196858023387375,0.012198894742480877,0.02334262950616697,0.013034879192000965,0.024966478059171567,0.01424675566251603,0.02688554768560473,0.015580207948783648,0.029070690896021576,0.016830757934888783,0.030796064820557547,0.018160916822297694,0.03270679801917173,0.01974996319129201,0.03523901198856109,0.021448836358095472,0.03787828065871593,0.022747431160287993,0.039767912133355815,0.025142869712253598,0.042949132871046805,0.027001252645807015,0.045760461847957866,0.02923117008786516,0.049012174253174515,0.03243787519568628,0.05375937117482298,0.034701181016137776,0.05728395455110674,0.03869073703862855,0.06295967074930306,0.04335587493031248,0.06933575577323835,0.04802314399508536,0.07554584428977448,0.053827749098321144,0.08437473615363546,0.058504253246479405,0.091875655958303007,0.06716676146198022,0.10280262239970236,0.07357164698526669,0.11191120700890711,0.08333241973259993,0.1254084664027749,0.09284857643278491,0.13793056074354074,0.10315782788628705,0.15126318798486466,0.11641678628481535,0.1677152382686821,0.12650629958502746,0.1807142125301337,0.13881867614437332,0.19649721351189128,0.15243285847336568,0.21106201236231645,0.16515883179408164,0.22481948454609355,0.17748065655412182,0.2374311942616073,0.1891690185291165,0.24860942938886427,0.19995983695770517,0.2610147501135117,0.21202919584971955,0.2734110964151108,0.22421755944702018,0.28639619215578405,0.23710802381065071,0.2999968241691911,0.25073166854815787,0.31424220480873455,0.26514410306934266,0.33031732932451807,0.2814541127971864,0.3461161568225975,0.2977352877531368,0.3627429058232377,0.3149475367120924,0.3802115783141441,0.33314077885170656,0.3984912309444688,0.35240541143050164,0.4198949319804055,0.37486382710428845,0.4406046343842345,0.3966824575128662,0.4625198167480869,0.419765363732994,0.48597295335136015,0.44419124288293643,0.5110471328279986,0.4701024240600588,0.5399198859302112,0.49819178644371376,0.5695909704097063,0.524075260534257,0.6021410800724096,0.5534120635756299,0.6402876708943874,0.5851859099904434,1,1
33444,2001,2,1,7.088550284933973e-4,3.9578312882768466e-4,7.228779361421528e-4,4.26926220822058e-4,7.658779321788085e-4,4.4562523159781656e-4,7.897132583175678e-4,4.7458231491612744e-4,8.301241983610543e-4,5.181947625211105e-4,9.168560826772383e-4,5.739030646199285e-4,0.0010205772342471448,6.248629383474769e-4,0.0011164521481009646,6.707085084348423e-4,0.0012229362260490547,7.132717749400672e-4,0.001342681068289141,7.800323736548758e-4,0.0014692988084771509,8.724668184184629e-4,0.001654823844385815,9.469776394980162e-4,0.0018371056326971346,9.980635195011745e-4,0.001981830016141912,0.0010836386280374465,0.0020825564580876903,0.00116705944350443,0.0023279931632588288,0.0012472304429586494,0.0025272437697460163,0.0012874758267644082,0.0026764930919700204,0.0013329019915914544,0.002745073652981795,0.0014073718563502606,0.0029197118822020312,0.0014892580263139313,0.004863886607871344,0.0020852669264038236,0.005284889868532606,0.002197362957590781,0.005589699526965999,0.0023668202524352935,0.005998933360131701,0.0025244872238573547,0.006379469775226876,0.0026651196792669505,0.006788922354658834,0.002931523557712194,0.007413273274481513,0.0031657097021508714,0.007948162057175476,0.0034384132073952854,0.008634996396195305,0.0036316135667866173,0.009113479620751416,0.003997351053552648,0.00988293973413221,0.0044090931469951775,0.01067087232042947,0.004684527697386529,0.011326776030227744,0.005067873166339706,0.012096588209494176,0.00542227782074196,0.012874241582854828,0.005841349302242925,0.01753920817188758,0.009604994008487152,0.019374519736989917,0.010438449515802542,0.02057996288679282,0.01130468627160465,0.02196858023387375,0.012198894742480877,0.02334262950616697,0.013034879192000965,0.024966478059171567,0.01424675566251603,0.02688554768560473,0.015580207948783648,0.029070690896021576,0.016830757934888783,0.030796064820557547,0.018160916822297694,0.03270679801917173,0.01974996319129201,0.03523901198856109,0.021448836358095472,0.03787828065871593,0.022747431160287993,0.039767912133355815,0.025142869712253598,0.042949132871046805,0.027001252645807015,0.045760461847957866,0.02923117008786516,0.049012174253174515,0.03243787519568628,0.05375937117482298,0.034701181016137776,0.05728395455110674,0.03869073703862855,0.06295967074930306,0.04335587493031248,0.06933575577323835,0.04802314399508536,0.07554584428977448,0.053827749098321144,0.08437473615363546,0.058504253246479405,0.091875655958303007,0.06716676146198022,0.10280262239970236,0.07357164698526669,0.11191120700890711,0.08333241973259993,0.1254084664027749,0.09284857643278491,0.13793056074354074,0.10315782788628705,0.15126318798486466,0.11641678628481535,0.1677152382686821,0.12650629958502746,0.1807142125301337,0.13881867614437332,0.19649721351189128,0.15243285847336568,0.21106201236231645,0.16515883179408164,0.22481948454609355,0.17748065655412182,0.2374311942616073,0.1891690185291165,0.24860942938886427,0.19995983695770517,0.2610147501135117,0.21202919584971955,0.2734110964151108,0.22421755944702018,0.28639619215578405,0.23710802381065071,0.2999968241691911,0.25073166854815787,0.31424220480873455,0.26514410306934266,0.33031732932451807,0.2814541127971864,0.3461161568225975,0.2977352877531368,0.3627429058232377,0.3149475367120924,0.3802115783141441,0.33314077885170656,0.3984912309444688,0.35240541143050164,0.4198949319804055,0.37486382710428845,0.4406046343842345,0.3966824575128662,0.4625198167480869,0.419765363732994,0.48597295335136015,0.44419124288293643,0.5110471328279986,0.4701024240600588,0.5399198859302112,0.49819178644371376,0.5695909704097063,0.524075260534257,0.6021410800724096,0.5534120635756299,0.6402876708943874,0.5851859099904434,1,1
33445,2001,2,1,7.088550284933973e-4,3.9578312882768466e-4,7.228779361421528e-4,4.26926220822058e-4,7.658779321788085e-4,4.4562523159781656e-4,7.897132583175678e-4,4.7458231491612744e-4,8.301241983610543e-4,5.181947625211105e-4,9.168560826772383e-4,5.739030646199285e-4,0.0010205772342471448,6.248629383474769e-4,0.0011164521481009646,6.707085084348423e-4,0.0012229362260490547,7.132717749400672e-4,0.001342681068289141,7.800323736548758e-4,0.0014692988084771509,8.724668184184629e-4,0.001654823844385815,9.469776394980162e-4,0.0018371056326971346,9.980635195011745e-4,0.001981830016141912,0.0010836386280374465,0.0020825564580876903,0.00116705944350443,0.0023279931632588288,0.0012472304429586494,0.0025272437697460163,0.0012874758267644082,0.0026764930919700204,0.0013329019915914544,0.002745073652981795,0.0014073718563502606,0.0029197118822020312,0.0014892580263139313,0.004863886607871344,0.0020852669264038236,0.005284889868532606,0.002197362957590781,0.005589699526965999,0.0023668202524352935,0.005998933360131701,0.0025244872238573547,0.006379469775226876,0.0026651196792669505,0.006788922354658834,0.002931523557712194,0.007413273274481513,0.0031657097021508714,0.007948162057175476,0.0034384132073952854,0.008634996396195305,0.0036316135667866173,0.009113479620751416,0.003997351053552648,0.00988293973413221,0.0044090931469951775,0.01067087232042947,0.004684527697386529,0.011326776030227744,0.005067873166339706,0.012096588209494176,0.00542227782074196,0.012874241582854828,0.005841349302242925,0.01753920817188758,0.009604994008487152,0.019374519736989917,0.010438449515802542,0.02057996288679282,0.01130468627160465,0.02196858023387375,0.012198894742480877,0.02334262950616697,0.013034879192000965,0.024966478059171567,0.01424675566251603,0.02688554768560473,0.015580207948783648,0.029070690896021576,0.016830757934888783,0.030796064820557547,0.018160916822297694,0.03270679801917173,0.01974996319129201,0.03523901198856109,0.021448836358095472,0.03787828065871593,0.022747431160287993,0.039767912133355815,0.025142869712253598,0.042949132871046805,0.027001252645807015,0.045760461847957866,0.02923117008786516,0.049012174253174515,0.03243787519568628,0.05375937117482298,0.034701181016137776,0.05728395455110674,0.03869073703862855,0.06295967074930306,0.04335587493031248,0.06933575577323835,0.04802314399508536,0.07554584428977448,0.053827749098321144,0.08437473615363546,0.058504253246479405,0.091875655958303007,0.06716676146198022,0.10280262239970236,0.07357164698526669,0.11191120700890711,0.08333241973259993,0.1254084664027749,0.09284857643278491,0.13793056074354074,0.10315782788628705,0.15126318798486466,0.11641678628481535,0.1677152382686821,0.12650629958502746,0.1807142125301337,0.13881867614437332,0.19649721351189128,0.15243285847336568,0.21106201236231645,0.16515883179408164,0.22481948454609355,0.17748065655412182,0.2374311942616073,0.1891690185291165,0.24860942938886427,0.19995983695770517,0.2610147501135117,0.21202919584971955,0.2734110964151108,0.22421755944702018,0.28639619215578405,0.23710802381065071,0.2999968241691911,0.25073166854815787,0.31424220480873455,0.26514410306934266,0.33031732932451807,0.2814541127971864,0.3461161568225975,0.2977352877531368,0.3627429058232377,0.3149475367120924,0.3802115783141441,0.33314077885170656,0.3984912309444688,0.35240541143050164,0.4198949319804055,0.37486382710428845,0.4406046343842345,0.3966824575128662,0.4625198167480869,0.419765363732994,0.48597295335136015,0.44419124288293643,0.5110471328279986,0.4701024240600588,0.5399198859302112,0.49819178644371376,0.5695909704097063,0.524075260534257,0.6021410800724096,0.5534120635756299,0.6402876708943874,0.5851859099904434,1,1
38341,2001,2,1,4.7055483690329144e-4,3.0620807898766117e-4,5.128489182390267e-4,3.3792421963460567e-4,5.274456547462189e-4,3.65574441929685e-4,5.743603197757136e-4,3.9119461326881397e-4,6.192686926837205e-4,4.1129455809011154e-4,6.894021184086512e-4,4.537998522677912e-4,7.488913725211649e-4,4.942798079940059e-4,7.900935322756761e-4,5.338990940309495e-4,8.512014128402225e-4,5.5636383700722e-4,8.950398887232206e-4,5.933907925991329e-4,9.542194597334468e-4,6.315983997507762e-4,9.759848440753736e-4,6.613829002836942e-4,0.0010498239850887001,6.885655902399237e-4,0.0011214554762869681,7.180977537952403e-4,0.001188842489854718,7.66875971482996e-4,0.0012665458086675166,8.212233628038478e-4,0.001352290784177539,8.333609953001575e-4,0.0014775499548909828,9.317953246369587e-4,0.001601729826576213,0.0010040667334833733,0.001681329366151711,0.0010489946027514479,0.0033321111550609003,0.001463781238391122,0.0036099740663143283,0.0015670892666181217,0.003951625690387551,0.0017305523690134875,0.004276198427350186,0.001875874905739297,0.004618528218518773,0.0020164955227562134,0.004970594426736592,0.002202467363621012,0.00537546644524349,0.002360272145601958,0.005708585555125309,0.002520174348373913,0.0061717347656363684,0.002774566694828128,0.006523539862430335,0.0029440509048094788,0.007122775818184757,0.003244529368928132,0.007688193809361503,0.0034856294789928125,0.008264507651051647,0.003828112647227091,0.008964928801196594,0.004187873716785238,0.009506497174478995,0.004497844585704957,0.012158090688552567,0.0074225248907976386,0.012988403374197714,0.008150492148525004,0.013771900256310476,0.008870998261362879,0.01477532113535181,0.009446461636880952,0.01574529439580781,0.010130548027268843,0.016702780127652632,0.01086696419608555,0.017410602224594642,0.011651390234935763,0.01901344012504605,0.012648544418878832,0.01989457455462077,0.013540328789964267,0.021184230676259613,0.014416236195163204,0.023181440863546197,0.01592457054761661,0.02445868243752174,0.01700072585991586,0.02668557838778198,0.018681320781685894,0.02890724688275991,0.02053083703918258,0.03137576743273538,0.022488945583932086,0.03465222023800873,0.024931410203571217,0.03791531399089397,0.02774619123664863,0.0422889515770858,0.031239530424464666,0.04557237432273555,0.03412153525441288,0.051194792893032644,0.03825666060551683,0.056406345094708155,0.04234303433983026,0.06221114957980473,0.046999758898414984,0.07045780297636978,0.05408693972318073,0.07617074364730538,0.05872514613669582,0.08389485480556794,0.06520959954784267,0.09345785114162011,0.07339577453897274,0.10290863143761224,0.0816486447295965,0.11297542087235435,0.09049245231408025,0.123633447116092,0.0999000492206108,0.1348328053957302,0.10981808158784263,0.14801266642503916,0.12155074853130596,0.15899209404438358,0.13168732718585188,0.1693470266225698,0.14151410181242569,0.17884592274029368,0.15082574680376457,0.1872646581564684,0.15943107653244326,0.19710624300936533,0.16941042619541907,0.20647076448491586,0.17915094751954636,0.21627219086467747,0.18944378990088687,0.2265212732816807,0.2003156072876185,0.2372789232065317,0.2118284351784433,0.24993352372079142,0.22525107964712018,0.2619009926630437,0.23828334346155863,0.2744327654030202,0.2520634001958892,0.287607428236428,0.26664129423222627,0.3015106422313808,0.28206486363319816,0.3185414382889243,0.30056755872078866,0.33453488176551016,0.31805769680441864,0.35172116785196184,0.33656554571643577,0.3704838214788583,0.35614956143199966,0.39083223214219376,0.377027378880694,0.41465030966483135,0.4007269530264189,0.43870460254750543,0.4209112870076018,0.4687894571548487,0.44536529544442083,0.5038349008990459,0.47090996705237953,1,1
38342,2001,2,1,4.7055483690329144e-4,3.0620807898766117e-4,5.128489182390267e-4,3.3792421963460567e-4,5.274456547462189e-4,3.65574441929685e-4,5.743603197757136e-4,3.9119461326881397e-4,6.192686926837205e-4,4.1129455809011154e-4,6.894021184086512e-4,4.537998522677912e-4,7.488913725211649e-4,4.942798079940059e-4,7.900935322756761e-4,5.338990940309495e-4,8.512014128402225e-4,5.5636383700722e-4,8.950398887232206e-4,5.933907925991329e-4,9.542194597334468e-4,6.315983997507762e-4,9.759848440753736e-4,6.613829002836942e-4,0.0010498239850887001,6.885655902399237e-4,0.0011214554762869681,7.180977537952403e-4,0.001188842489854718,7.66875971482996e-4,0.0012665458086675166,8.212233628038478e-4,0.001352290784177539,8.333609953001575e-4,0.0014775499548909828,9.317953246369587e-4,0.001601729826576213,0.0010040667334833733,0.001681329366151711,0.0010489946027514479,0.0033321111550609003,0.001463781238391122,0.0036099740663143283,0.0015670892666181217,0.003951625690387551,0.0017305523690134875,0.004276198427350186,0.001875874905739297,0.004618528218518773,0.0020164955227562134,0.004970594426736592,0.002202467363621012,0.00537546644524349,0.002360272145601958,0.005708585555125309,0.002520174348373913,0.0061717347656363684,0.002774566694828128,0.006523539862430335,0.0029440509048094788,0.007122775818184757,0.003244529368928132,0.007688193809361503,0.0034856294789928125,0.008264507651051647,0.003828112647227091,0.008964928801196594,0.004187873716785238,0.009506497174478995,0.004497844585704957,0.012158090688552567,0.0074225248907976386,0.012988403374197714,0.008150492148525004,0.013771900256310476,0.008870998261362879,0.01477532113535181,0.009446461636880952,0.01574529439580781,0.010130548027268843,0.016702780127652632,0.01086696419608555,0.017410602224594642,0.011651390234935763,0.01901344012504605,0.012648544418878832,0.01989457455462077,0.013540328789964267,0.021184230676259613,0.014416236195163204,0.023181440863546197,0.01592457054761661,0.02445868243752174,0.01700072585991586,0.02668557838778198,0.018681320781685894,0.02890724688275991,0.02053083703918258,0.03137576743273538,0.022488945583932086,0.03465222023800873,0.024931410203571217,0.03791531399089397,0.02774619123664863,0.0422889515770858,0.031239530424464666,0.04557237432273555,0.03412153525441288,0.051194792893032644,0.03825666060551683,0.056406345094708155,0.04234303433983026,0.06221114957980473,0.046999758898414984,0.07045780297636978,0.05408693972318073,0.07617074364730538,0.05872514613669582,0.08389485480556794,0.06520959954784267,0.09345785114162011,0.07339577453897274,0.10290863143761224,0.0816486447295965,0.11297542087235435,0.09049245231408025,0.123633447116092,0.0999000492206108,0.1348328053957302,0.10981808158784263,0.14801266642503916,0.12155074853130596,0.15899209404438358,0.13168732718585188,0.1693470266225698,0.14151410181242569,0.17884592274029368,0.15082574680376457,0.1872646581564684,0.15943107653244326,0.19710624300936533,0.16941042619541907,0.20647076448491586,0.17915094751954636,0.21627219086467747,0.18944378990088687,0.2265212732816807,0.2003156072876185,0.2372789232065317,0.2118284351784433,0.24993352372079142,0.22525107964712018,0.2619009926630437,0.23828334346155863,0.2744327654030202,0.2520634001958892,0.287607428236428,0.26664129423222627,0.3015106422313808,0.28206486363319816,0.3185414382889243,0.30056755872078866,0.33453488176551016,0.31805769680441864,0.35172116785196184,0.33656554571643577,0.3704838214788583,0.35614956143199966,0.39083223214219376,0.377027378880694,0.41465030966483135,0.4007269530264189,0.43870460254750543,0.4209112870076018,0.4687894571548487,0.44536529544442083,0.5038349008990459,0.47090996705237953,1,1
38343,2001,2,1,4.7055483690329144e-4,3.0620807898766117e-4,5.128489182390267e-4,3.3792421963460567e-4,5.274456547462189e-4,3.65574441929685e-4,5.743603197757136e-4,3.9119461326881397e-4,6.192686926837205e-4,4.1129455809011154e-4,6.894021184086512e-4,4.537998522677912e-4,7.488913725211649e-4,4.942798079940059e-4,7.900935322756761e-4,5.338990940309495e-4,8.512014128402225e-4,5.5636383700722e-4,8.950398887232206e-4,5.933907925991329e-4,9.542194597334468e-4,6.315983997507762e-4,9.759848440753736e-4,6.613829002836942e-4,0.0010498239850887001,6.885655902399237e-4,0.0011214554762869681,7.180977537952403e-4,0.001188842489854718,7.66875971482996e-4,0.0012665458086675166,8.212233628038478e-4,0.001352290784177539,8.333609953001575e-4,0.0014775499548909828,9.317953246369587e-4,0.001601729826576213,0.0010040667334833733,0.001681329366151711,0.0010489946027514479,0.0033321111550609003,0.001463781238391122,0.0036099740663143283,0.0015670892666181217,0.003951625690387551,0.0017305523690134875,0.004276198427350186,0.001875874905739297,0.004618528218518773,0.0020164955227562134,0.004970594426736592,0.002202467363621012,0.00537546644524349,0.002360272145601958,0.005708585555125309,0.002520174348373913,0.0061717347656363684,0.002774566694828128,0.006523539862430335,0.0029440509048094788,0.007122775818184757,0.003244529368928132,0.007688193809361503,0.0034856294789928125,0.008264507651051647,0.003828112647227091,0.008964928801196594,0.004187873716785238,0.009506497174478995,0.004497844585704957,0.012158090688552567,0.0074225248907976386,0.012988403374197714,0.008150492148525004,0.013771900256310476,0.008870998261362879,0.01477532113535181,0.009446461636880952,0.01574529439580781,0.010130548027268843,0.016702780127652632,0.01086696419608555,0.017410602224594642,0.011651390234935763,0.01901344012504605,0.012648544418878832,0.01989457455462077,0.013540328789964267,0.021184230676259613,0.014416236195163204,0.023181440863546197,0.01592457054761661,0.02445868243752174,0.01700072585991586,0.02668557838778198,0.018681320781685894,0.02890724688275991,0.02053083703918258,0.03137576743273538,0.022488945583932086,0.03465222023800873,0.024931410203571217,0.03791531399089397,0.02774619123664863,0.0422889515770858,0.031239530424464666,0.04557237432273555,0.03412153525441288,0.051194792893032644,0.03825666060551683,0.056406345094708155,0.04234303433983026,0.06221114957980473,0.046999758898414984,0.07045780297636978,0.05408693972318073,0.07617074364730538,0.05872514613669582,0.08389485480556794,0.06520959954784267,0.09345785114162011,0.07339577453897274,0.10290863143761224,0.0816486447295965,0.11297542087235435,0.09049245231408025,0.123633447116092,0.0999000492206108,0.1348328053957302,0.10981808158784263,0.14801266642503916,0.12155074853130596,0.15899209404438358,0.13168732718585188,0.1693470266225698,0.14151410181242569,0.17884592274029368,0.15082574680376457,0.1872646581564684,0.15943107653244326,0.19710624300936533,0.16941042619541907,0.20647076448491586,0.17915094751954636,0.21627219086467747,0.18944378990088687,0.2265212732816807,0.2003156072876185,0.2372789232065317,0.2118284351784433,0.24993352372079142,0.22525107964712018,0.2619009926630437,0.23828334346155863,0.2744327654030202,0.2520634001958892,0.287607428236428,0.26664129423222627,0.3015106422313808,0.28206486363319816,0.3185414382889243,0.30056755872078866,0.33453488176551016,0.31805769680441864,0.35172116785196184,0.33656554571643577,0.3704838214788583,0.35614956143199966,0.39083223214219376,0.377027378880694,0.41465030966483135,0.4007269530264189,0.43870460254750543,0.4209112870076018,0.4687894571548487,0.44536529544442083,0.5038349008990459,0.47090996705237953,1,1
38344,2001,2,1,4.7055483690329144e-4,3.0620807898766117e-4,5.128489182390267e-4,3.3792421963460567e-4,5.274456547462189e-4,3.65574441929685e-4,5.743603197757136e-4,3.9119461326881397e-4,6.192686926837205e-4,4.1129455809011154e-4,6.894021184086512e-4,4.537998522677912e-4,7.488913725211649e-4,4.942798079940059e-4,7.900935322756761e-4,5.338990940309495e-4,8.512014128402225e-4,5.5636383700722e-4,8.950398887232206e-4,5.933907925991329e-4,9.542194597334468e-4,6.315983997507762e-4,9.759848440753736e-4,6.613829002836942e-4,0.0010498239850887001,6.885655902399237e-4,0.0011214554762869681,7.180977537952403e-4,0.001188842489854718,7.66875971482996e-4,0.0012665458086675166,8.212233628038478e-4,0.001352290784177539,8.333609953001575e-4,0.0014775499548909828,9.317953246369587e-4,0.001601729826576213,0.0010040667334833733,0.001681329366151711,0.0010489946027514479,0.0033321111550609003,0.001463781238391122,0.0036099740663143283,0.0015670892666181217,0.003951625690387551,0.0017305523690134875,0.004276198427350186,0.001875874905739297,0.004618528218518773,0.0020164955227562134,0.004970594426736592,0.002202467363621012,0.00537546644524349,0.002360272145601958,0.005708585555125309,0.002520174348373913,0.0061717347656363684,0.002774566694828128,0.006523539862430335,0.0029440509048094788,0.007122775818184757,0.003244529368928132,0.007688193809361503,0.0034856294789928125,0.008264507651051647,0.003828112647227091,0.008964928801196594,0.004187873716785238,0.009506497174478995,0.004497844585704957,0.012158090688552567,0.0074225248907976386,0.012988403374197714,0.008150492148525004,0.013771900256310476,0.008870998261362879,0.01477532113535181,0.009446461636880952,0.01574529439580781,0.010130548027268843,0.016702780127652632,0.01086696419608555,0.017410602224594642,0.011651390234935763,0.01901344012504605,0.012648544418878832,0.01989457455462077,0.013540328789964267,0.021184230676259613,0.014416236195163204,0.023181440863546197,0.01592457054761661,0.02445868243752174,0.01700072585991586,0.02668557838778198,0.018681320781685894,0.02890724688275991,0.02053083703918258,0.03137576743273538,0.022488945583932086,0.03465222023800873,0.024931410203571217,0.03791531399089397,0.02774619123664863,0.0422889515770858,0.031239530424464666,0.04557237432273555,0.03412153525441288,0.051194792893032644,0.03825666060551683,0.056406345094708155,0.04234303433983026,0.06221114957980473,0.046999758898414984,0.07045780297636978,0.05408693972318073,0.07617074364730538,0.05872514613669582,0.08389485480556794,0.06520959954784267,0.09345785114162011,0.07339577453897274,0.10290863143761224,0.0816486447295965,0.11297542087235435,0.09049245231408025,0.123633447116092,0.0999000492206108,0.1348328053957302,0.10981808158784263,0.14801266642503916,0.12155074853130596,0.15899209404438358,0.13168732718585188,0.1693470266225698,0.14151410181242569,0.17884592274029368,0.15082574680376457,0.1872646581564684,0.15943107653244326,0.19710624300936533,0.16941042619541907,0.20647076448491586,0.17915094751954636,0.21627219086467747,0.18944378990088687,0.2265212732816807,0.2003156072876185,0.2372789232065317,0.2118284351784433,0.24993352372079142,0.22525107964712018,0.2619009926630437,0.23828334346155863,0.2744327654030202,0.2520634001958892,0.287607428236428,0.26664129423222627,0.3015106422313808,0.28206486363319816,0.3185414382889243,0.30056755872078866,0.33453488176551016,0.31805769680441864,0.35172116785196184,0.33656554571643577,0.3704838214788583,0.35614956143199966,0.39083223214219376,0.377027378880694,0.41465030966483135,0.4007269530264189,0.43870460254750543,0.4209112870076018,0.4687894571548487,0.44536529544442083,0.5038349008990459,0.47090996705237953,1,1
38345,2001,2,1,4.7055483690329144e-4,3.0620807898766117e-4,5.128489182390267e-4,3.3792421963460567e-4,5.274456547462189e-4,3.65574441929685e-4,5.743603197757136e-4,3.9119461326881397e-4,6.192686926837205e-4,4.1129455809011154e-4,6.894021184086512e-4,4.537998522677912e-4,7.488913725211649e-4,4.942798079940059e-4,7.900935322756761e-4,5.338990940309495e-4,8.512014128402225e-4,5.5636383700722e-4,8.950398887232206e-4,5.933907925991329e-4,9.542194597334468e-4,6.315983997507762e-4,9.759848440753736e-4,6.613829002836942e-4,0.0010498239850887001,6.885655902399237e-4,0.0011214554762869681,7.180977537952403e-4,0.001188842489854718,7.66875971482996e-4,0.0012665458086675166,8.212233628038478e-4,0.001352290784177539,8.333609953001575e-4,0.0014775499548909828,9.317953246369587e-4,0.001601729826576213,0.0010040667334833733,0.001681329366151711,0.0010489946027514479,0.0033321111550609003,0.001463781238391122,0.0036099740663143283,0.0015670892666181217,0.003951625690387551,0.0017305523690134875,0.004276198427350186,0.001875874905739297,0.004618528218518773,0.0020164955227562134,0.004970594426736592,0.002202467363621012,0.00537546644524349,0.002360272145601958,0.005708585555125309,0.002520174348373913,0.0061717347656363684,0.002774566694828128,0.006523539862430335,0.0029440509048094788,0.007122775818184757,0.003244529368928132,0.007688193809361503,0.0034856294789928125,0.008264507651051647,0.003828112647227091,0.008964928801196594,0.004187873716785238,0.009506497174478995,0.004497844585704957,0.012158090688552567,0.0074225248907976386,0.012988403374197714,0.008150492148525004,0.013771900256310476,0.008870998261362879,0.01477532113535181,0.009446461636880952,0.01574529439580781,0.010130548027268843,0.016702780127652632,0.01086696419608555,0.017410602224594642,0.011651390234935763,0.01901344012504605,0.012648544418878832,0.01989457455462077,0.013540328789964267,0.021184230676259613,0.014416236195163204,0.023181440863546197,0.01592457054761661,0.02445868243752174,0.01700072585991586,0.02668557838778198,0.018681320781685894,0.02890724688275991,0.02053083703918258,0.03137576743273538,0.022488945583932086,0.03465222023800873,0.024931410203571217,0.03791531399089397,0.02774619123664863,0.0422889515770858,0.031239530424464666,0.04557237432273555,0.03412153525441288,0.051194792893032644,0.03825666060551683,0.056406345094708155,0.04234303433983026,0.06221114957980473,0.046999758898414984,0.07045780297636978,0.05408693972318073,0.07617074364730538,0.05872514613669582,0.08389485480556794,0.06520959954784267,0.09345785114162011,0.07339577453897274,0.10290863143761224,0.0816486447295965,0.11297542087235435,0.09049245231408025,0.123633447116092,0.0999000492206108,0.1348328053957302,0.10981808158784263,0.14801266642503916,0.12155074853130596,0.15899209404438358,0.13168732718585188,0.1693470266225698,0.14151410181242569,0.17884592274029368,0.15082574680376457,0.1872646581564684,0.15943107653244326,0.19710624300936533,0.16941042619541907,0.20647076448491586,0.17915094751954636,0.21627219086467747,0.18944378990088687,0.2265212732816807,0.2003156072876185,0.2372789232065317,0.2118284351784433,0.24993352372079142,0.22525107964712018,0.2619009926630437,0.23828334346155863,0.2744327654030202,0.2520634001958892,0.287607428236428,0.26664129423222627,0.3015106422313808,0.28206486363319816,0.3185414382889243,0.30056755872078866,0.33453488176551016,0.31805769680441864,0.35172116785196184,0.33656554571643577,0.3704838214788583,0.35614956143199966,0.39083223214219376,0.377027378880694,0.41465030966483135,0.4007269530264189,0.43870460254750543,0.4209112870076018,0.4687894571548487,0.44536529544442083,0.5038349008990459,0.47090996705237953,1,1
39911,2001,2,1,9.381448136502002e-4,3.826238478409833e-4,8.654731325866798e-4,3.886595036892175e-4,8.589043757738854e-4,3.8767620096100044e-4,8.990141951624893e-4,4.1227374625421093e-4,9.252492527968427e-4,4.30355871794927e-4,0.0010176380968467016,4.6700260995611545e-4,0.001060035801845392,5.307467315425255e-4,0.0011258079761957368,5.704233428671607e-4,0.0011565836123309766,6.211493977484023e-4,0.0012530101789664625,6.558331725262691e-4,0.0013455959120880095,7.206406175233416e-4,0.001399848014791421,7.794473683278514e-4,0.0014752918270394912,8.141833384346375e-4,0.0015897591341909295,9.01652469729677e-4,0.0016592115079116958,9.866494406970895e-4,0.0017838681483984653,0.0010320154342336014,0.00191865901844405,0.00113768970182257,0.0021304772928894098,0.001223832727471032,0.002314051621963231,0.0013311425375385248,0.002534059141622297,0.0014681873788169437,0.003983434619336103,0.002040172923534555,0.004359377840929316,0.0022308723707988583,0.004681234420231978,0.002378734040783791,0.005069579527727298,0.0025273416267191386,0.0067051010691892,0.0026940233598273457,0.00728924708571022,0.003374645247856214,0.007471823261242691,0.004213555560855062,0.007563507622172736,0.0041750593436251,0.00795368441763926,0.004043565887078296,0.008542671614070785,0.004185077914245037,0.009210683457104869,0.004556876076036717,0.009871408260700463,0.004843028068943565,0.010530510666782535,0.005127078572130189,0.011153609055814301,0.005403933700650861,0.01173592196654665,0.005687165134611111,0.01033416271438149,0.007024940163926222,0.010889285017381421,0.007457026772786008,0.011451829132204133,0.00796552054166892,0.01203126200617244,0.008573181447340593,0.012701205162210146,0.009280115994183923,0.013246387890569878,0.009891134642692168,0.014144996595570447,0.010782349201049651,0.015215289521348622,0.011783778426421709,0.01664140070302113,0.013003488241340594,0.018070148179696214,0.014198369544299498,0.019865958392989304,0.01570862746932663,0.02150323879395635,0.017132404473315817,0.023412675441945356,0.018802947845157188,0.02552261017617124,0.020662624650253675,0.027847519392752228,0.022759327045523973,0.032329411630943196,0.026660508505713294,0.035446179715189076,0.029585988735118685,0.038961772512491014,0.032974967635720095,0.042895009337802666,0.03668782739412751,0.04730524341520861,0.04068398143668097,0.05551336001422118,0.04800742278787284,0.061295232623825434,0.05341598959379074,0.06774084799544863,0.059378157264429646,0.07467648937567246,0.06602136764108162,0.08227949261694475,0.073609433452536,0.09910468400530871,0.08910376381293837,0.10925480914357616,0.09880882530649299,0.12024022233786308,0.10941490873529733,0.13200808474233805,0.12095123643238652,0.14396703557557308,0.1330119426611616,0.16747815051112214,0.1558215970580239,0.1798873172636328,0.16884258161959198,0.19157990240829323,0.18144471274099014,0.20229026407633457,0.1933674246193216,0.2117599985970472,0.20434690452579704,0.2260011532783145,0.22007501355048034,0.23667894305509007,0.2326682156256732,0.24786123523658432,0.24598142351759278,0.25957191587639233,0.2600560355313719,0.2718355948479153,0.2749366968980367,0.2891442978666267,0.29512770556236234,0.30290773147599387,0.31212130395376136,0.317326945829515,0.33009303877036367,0.3324316175392324,0.3490989194838203,0.34826068244196745,0.3691998259546211,0.37146569658931117,0.39715826883697203,0.38982979215427327,0.42028900567061894,0.4096230707637535,0.44489722810293464,0.43143311048565597,0.4709554007188285,0.4552538842566648,0.4986850801531574,0.4869987230823853,0.5330646492020905,0.517378084509908,0.5629846500547312,0.5510751395635183,0.5951917570264981,0.5883335089534172,0.6299203852537548,1,1
39912,2001,2,1,9.381448136502002e-4,3.826238478409833e-4,8.654731325866798e-4,3.886595036892175e-4,8.589043757738854e-4,3.8767620096100044e-4,8.990141951624893e-4,4.1227374625421093e-4,9.252492527968427e-4,4.30355871794927e-4,0.0010176380968467016,4.6700260995611545e-4,0.001060035801845392,5.307467315425255e-4,0.0011258079761957368,5.704233428671607e-4,0.0011565836123309766,6.211493977484023e-4,0.0012530101789664625,6.558331725262691e-4,0.0013455959120880095,7.206406175233416e-4,0.001399848014791421,7.794473683278514e-4,0.0014752918270394912,8.141833384346375e-4,0.0015897591341909295,9.01652469729677e-4,0.0016592115079116958,9.866494406970895e-4,0.0017838681483984653,0.0010320154342336014,0.00191865901844405,0.00113768970182257,0.0021304772928894098,0.001223832727471032,0.002314051621963231,0.0013311425375385248,0.002534059141622297,0.0014681873788169437,0.003983434619336103,0.002040172923534555,0.004359377840929316,0.0022308723707988583,0.004681234420231978,0.002378734040783791,0.005069579527727298,0.0025273416267191386,0.0067051010691892,0.0026940233598273457,0.00728924708571022,0.003374645247856214,0.007471823261242691,0.004213555560855062,0.007563507622172736,0.0041750593436251,0.00795368441763926,0.004043565887078296,0.008542671614070785,0.004185077914245037,0.009210683457104869,0.004556876076036717,0.009871408260700463,0.004843028068943565,0.010530510666782535,0.005127078572130189,0.011153609055814301,0.005403933700650861,0.01173592196654665,0.005687165134611111,0.01033416271438149,0.007024940163926222,0.010889285017381421,0.007457026772786008,0.011451829132204133,0.00796552054166892,0.01203126200617244,0.008573181447340593,0.012701205162210146,0.009280115994183923,0.013246387890569878,0.009891134642692168,0.014144996595570447,0.010782349201049651,0.015215289521348622,0.011783778426421709,0.01664140070302113,0.013003488241340594,0.018070148179696214,0.014198369544299498,0.019865958392989304,0.01570862746932663,0.02150323879395635,0.017132404473315817,0.023412675441945356,0.018802947845157188,0.02552261017617124,0.020662624650253675,0.027847519392752228,0.022759327045523973,0.032329411630943196,0.026660508505713294,0.035446179715189076,0.029585988735118685,0.038961772512491014,0.032974967635720095,0.042895009337802666,0.03668782739412751,0.04730524341520861,0.04068398143668097,0.05551336001422118,0.04800742278787284,0.061295232623825434,0.05341598959379074,0.06774084799544863,0.059378157264429646,0.07467648937567246,0.06602136764108162,0.08227949261694475,0.073609433452536,0.09910468400530871,0.08910376381293837,0.10925480914357616,0.09880882530649299,0.12024022233786308,0.10941490873529733,0.13200808474233805,0.12095123643238652,0.14396703557557308,0.1330119426611616,0.16747815051112214,0.1558215970580239,0.1798873172636328,0.16884258161959198,0.19157990240829323,0.18144471274099014,0.20229026407633457,0.1933674246193216,0.2117599985970472,0.20434690452579704,0.2260011532783145,0.22007501355048034,0.23667894305509007,0.2326682156256732,0.24786123523658432,0.24598142351759278,0.25957191587639233,0.2600560355313719,0.2718355948479153,0.2749366968980367,0.2891442978666267,0.29512770556236234,0.30290773147599387,0.31212130395376136,0.317326945829515,0.33009303877036367,0.3324316175392324,0.3490989194838203,0.34826068244196745,0.3691998259546211,0.37146569658931117,0.39715826883697203,0.38982979215427327,0.42028900567061894,0.4096230707637535,0.44489722810293464,0.43143311048565597,0.4709554007188285,0.4552538842566648,0.4986850801531574,0.4869987230823853,0.5330646492020905,0.517378084509908,0.5629846500547312,0.5510751395635183,0.5951917570264981,0.5883335089534172,0.6299203852537548,1,1
39913,2001,2,1,9.381448136502002e-4,3.826238478409833e-4,8.654731325866798e-4,3.886595036892175e-4,8.589043757738854e-4,3.8767620096100044e-4,8.990141951624893e-4,4.1227374625421093e-4,9.252492527968427e-4,4.30355871794927e-4,0.0010176380968467016,4.6700260995611545e-4,0.001060035801845392,5.307467315425255e-4,0.0011258079761957368,5.704233428671607e-4,0.0011565836123309766,6.211493977484023e-4,0.0012530101789664625,6.558331725262691e-4,0.0013455959120880095,7.206406175233416e-4,0.001399848014791421,7.794473683278514e-4,0.0014752918270394912,8.141833384346375e-4,0.0015897591341909295,9.01652469729677e-4,0.0016592115079116958,9.866494406970895e-4,0.0017838681483984653,0.0010320154342336014,0.00191865901844405,0.00113768970182257,0.0021304772928894098,0.001223832727471032,0.002314051621963231,0.0013311425375385248,0.002534059141622297,0.0014681873788169437,0.003983434619336103,0.002040172923534555,0.004359377840929316,0.0022308723707988583,0.004681234420231978,0.002378734040783791,0.005069579527727298,0.0025273416267191386,0.0067051010691892,0.0026940233598273457,0.00728924708571022,0.003374645247856214,0.007471823261242691,0.004213555560855062,0.007563507622172736,0.0041750593436251,0.00795368441763926,0.004043565887078296,0.008542671614070785,0.004185077914245037,0.009210683457104869,0.004556876076036717,0.009871408260700463,0.004843028068943565,0.010530510666782535,0.005127078572130189,0.011153609055814301,0.005403933700650861,0.01173592196654665,0.005687165134611111,0.01033416271438149,0.007024940163926222,0.010889285017381421,0.007457026772786008,0.011451829132204133,0.00796552054166892,0.01203126200617244,0.008573181447340593,0.012701205162210146,0.009280115994183923,0.013246387890569878,0.009891134642692168,0.014144996595570447,0.010782349201049651,0.015215289521348622,0.011783778426421709,0.01664140070302113,0.013003488241340594,0.018070148179696214,0.014198369544299498,0.019865958392989304,0.01570862746932663,0.02150323879395635,0.017132404473315817,0.023412675441945356,0.018802947845157188,0.02552261017617124,0.020662624650253675,0.027847519392752228,0.022759327045523973,0.032329411630943196,0.026660508505713294,0.035446179715189076,0.029585988735118685,0.038961772512491014,0.032974967635720095,0.042895009337802666,0.03668782739412751,0.04730524341520861,0.04068398143668097,0.05551336001422118,0.04800742278787284,0.061295232623825434,0.05341598959379074,0.06774084799544863,0.059378157264429646,0.07467648937567246,0.06602136764108162,0.08227949261694475,0.073609433452536,0.09910468400530871,0.08910376381293837,0.10925480914357616,0.09880882530649299,0.12024022233786308,0.10941490873529733,0.13200808474233805,0.12095123643238652,0.14396703557557308,0.1330119426611616,0.16747815051112214,0.1558215970580239,0.1798873172636328,0.16884258161959198,0.19157990240829323,0.18144471274099014,0.20229026407633457,0.1933674246193216,0.2117599985970472,0.20434690452579704,0.2260011532783145,0.22007501355048034,0.23667894305509007,0.2326682156256732,0.24786123523658432,0.24598142351759278,0.25957191587639233,0.2600560355313719,0.2718355948479153,0.2749366968980367,0.2891442978666267,0.29512770556236234,0.30290773147599387,0.31212130395376136,0.317326945829515,0.33009303877036367,0.3324316175392324,0.3490989194838203,0.34826068244196745,0.3691998259546211,0.37146569658931117,0.39715826883697203,0.38982979215427327,0.42028900567061894,0.4096230707637535,0.44489722810293464,0.43143311048565597,0.4709554007188285,0.4552538842566648,0.4986850801531574,0.4869987230823853,0.5330646492020905,0.517378084509908,0.5629846500547312,0.5510751395635183,0.5951917570264981,0.5883335089534172,0.6299203852537548,1,1
39914,2001,2,1,9.381448136502002e-4,3.826238478409833e-4,8.654731325866798e-4,3.886595036892175e-4,8.589043757738854e-4,3.8767620096100044e-4,8.990141951624893e-4,4.1227374625421093e-4,9.252492527968427e-4,4.30355871794927e-4,0.0010176380968467016,4.6700260995611545e-4,0.001060035801845392,5.307467315425255e-4,0.0011258079761957368,5.704233428671607e-4,0.0011565836123309766,6.211493977484023e-4,0.0012530101789664625,6.558331725262691e-4,0.0013455959120880095,7.206406175233416e-4,0.001399848014791421,7.794473683278514e-4,0.0014752918270394912,8.141833384346375e-4,0.0015897591341909295,9.01652469729677e-4,0.0016592115079116958,9.866494406970895e-4,0.0017838681483984653,0.0010320154342336014,0.00191865901844405,0.00113768970182257,0.0021304772928894098,0.001223832727471032,0.002314051621963231,0.0013311425375385248,0.002534059141622297,0.0014681873788169437,0.003983434619336103,0.002040172923534555,0.004359377840929316,0.0022308723707988583,0.004681234420231978,0.002378734040783791,0.005069579527727298,0.0025273416267191386,0.0067051010691892,0.0026940233598273457,0.00728924708571022,0.003374645247856214,0.007471823261242691,0.004213555560855062,0.007563507622172736,0.0041750593436251,0.00795368441763926,0.004043565887078296,0.008542671614070785,0.004185077914245037,0.009210683457104869,0.004556876076036717,0.009871408260700463,0.004843028068943565,0.010530510666782535,0.005127078572130189,0.011153609055814301,0.005403933700650861,0.01173592196654665,0.005687165134611111,0.01033416271438149,0.007024940163926222,0.010889285017381421,0.007457026772786008,0.011451829132204133,0.00796552054166892,0.01203126200617244,0.008573181447340593,0.012701205162210146,0.009280115994183923,0.013246387890569878,0.009891134642692168,0.014144996595570447,0.010782349201049651,0.015215289521348622,0.011783778426421709,0.01664140070302113,0.013003488241340594,0.018070148179696214,0.014198369544299498,0.019865958392989304,0.01570862746932663,0.02150323879395635,0.017132404473315817,0.023412675441945356,0.018802947845157188,0.02552261017617124,0.020662624650253675,0.027847519392752228,0.022759327045523973,0.032329411630943196,0.026660508505713294,0.035446179715189076,0.029585988735118685,0.038961772512491014,0.032974967635720095,0.042895009337802666,0.03668782739412751,0.04730524341520861,0.04068398143668097,0.05551336001422118,0.04800742278787284,0.061295232623825434,0.05341598959379074,0.06774084799544863,0.059378157264429646,0.07467648937567246,0.06602136764108162,0.08227949261694475,0.073609433452536,0.09910468400530871,0.08910376381293837,0.10925480914357616,0.09880882530649299,0.12024022233786308,0.10941490873529733,0.13200808474233805,0.12095123643238652,0.14396703557557308,0.1330119426611616,0.16747815051112214,0.1558215970580239,0.1798873172636328,0.16884258161959198,0.19157990240829323,0.18144471274099014,0.20229026407633457,0.1933674246193216,0.2117599985970472,0.20434690452579704,0.2260011532783145,0.22007501355048034,0.23667894305509007,0.2326682156256732,0.24786123523658432,0.24598142351759278,0.25957191587639233,0.2600560355313719,0.2718355948479153,0.2749366968980367,0.2891442978666267,0.29512770556236234,0.30290773147599387,0.31212130395376136,0.317326945829515,0.33009303877036367,0.3324316175392324,0.3490989194838203,0.34826068244196745,0.3691998259546211,0.37146569658931117,0.39715826883697203,0.38982979215427327,0.42028900567061894,0.4096230707637535,0.44489722810293464,0.43143311048565597,0.4709554007188285,0.4552538842566648,0.4986850801531574,0.4869987230823853,0.5330646492020905,0.517378084509908,0.5629846500547312,0.5510751395635183,0.5951917570264981,0.5883335089534172,0.6299203852537548,1,1
39915,2001,2,1,9.381448136502002e-4,3.826238478409833e-4,8.654731325866798e-4,3.886595036892175e-4,8.589043757738854e-4,3.8767620096100044e-4,8.990141951624893e-4,4.1227374625421093e-4,9.252492527968427e-4,4.30355871794927e-4,0.0010176380968467016,4.6700260995611545e-4,0.001060035801845392,5.307467315425255e-4,0.0011258079761957368,5.704233428671607e-4,0.0011565836123309766,6.211493977484023e-4,0.0012530101789664625,6.558331725262691e-4,0.0013455959120880095,7.206406175233416e-4,0.001399848014791421,7.794473683278514e-4,0.0014752918270394912,8.141833384346375e-4,0.0015897591341909295,9.01652469729677e-4,0.0016592115079116958,9.866494406970895e-4,0.0017838681483984653,0.0010320154342336014,0.00191865901844405,0.00113768970182257,0.0021304772928894098,0.001223832727471032,0.002314051621963231,0.0013311425375385248,0.002534059141622297,0.0014681873788169437,0.003983434619336103,0.002040172923534555,0.004359377840929316,0.0022308723707988583,0.004681234420231978,0.002378734040783791,0.005069579527727298,0.0025273416267191386,0.0067051010691892,0.0026940233598273457,0.00728924708571022,0.003374645247856214,0.007471823261242691,0.004213555560855062,0.007563507622172736,0.0041750593436251,0.00795368441763926,0.004043565887078296,0.008542671614070785,0.004185077914245037,0.009210683457104869,0.004556876076036717,0.009871408260700463,0.004843028068943565,0.010530510666782535,0.005127078572130189,0.011153609055814301,0.005403933700650861,0.01173592196654665,0.005687165134611111,0.01033416271438149,0.007024940163926222,0.010889285017381421,0.007457026772786008,0.011451829132204133,0.00796552054166892,0.01203126200617244,0.008573181447340593,0.012701205162210146,0.009280115994183923,0.013246387890569878,0.009891134642692168,0.014144996595570447,0.010782349201049651,0.015215289521348622,0.011783778426421709,0.01664140070302113,0.013003488241340594,0.018070148179696214,0.014198369544299498,0.019865958392989304,0.01570862746932663,0.02150323879395635,0.017132404473315817,0.023412675441945356,0.018802947845157188,0.02552261017617124,0.020662624650253675,0.027847519392752228,0.022759327045523973,0.032329411630943196,0.026660508505713294,0.035446179715189076,0.029585988735118685,0.038961772512491014,0.032974967635720095,0.042895009337802666,0.03668782739412751,0.04730524341520861,0.04068398143668097,0.05551336001422118,0.04800742278787284,0.061295232623825434,0.05341598959379074,0.06774084799544863,0.059378157264429646,0.07467648937567246,0.06602136764108162,0.08227949261694475,0.073609433452536,0.09910468400530871,0.08910376381293837,0.10925480914357616,0.09880882530649299,0.12024022233786308,0.10941490873529733,0.13200808474233805,0.12095123643238652,0.14396703557557308,0.1330119426611616,0.16747815051112214,0.1558215970580239,0.1798873172636328,0.16884258161959198,0.19157990240829323,0.18144471274099014,0.20229026407633457,0.1933674246193216,0.2117599985970472,0.20434690452579704,0.2260011532783145,0.22007501355048034,0.23667894305509007,0.2326682156256732,0.24786123523658432,0.24598142351759278,0.25957191587639233,0.2600560355313719,0.2718355948479153,0.2749366968980367,0.2891442978666267,0.29512770556236234,0.30290773147599387,0.31212130395376136,0.317326945829515,0.33009303877036367,0.3324316175392324,0.3490989194838203,0.34826068244196745,0.3691998259546211,0.37146569658931117,0.39715826883697203,0.38982979215427327,0.42028900567061894,0.4096230707637535,0.44489722810293464,0.43143311048565597,0.4709554007188285,0.4552538842566648,0.4986850801531574,0.4869987230823853,0.5330646492020905,0.517378084509908,0.5629846500547312,0.5510751395635183,0.5951917570264981,0.5883335089534172,0.6299203852537548,1,1
40231,2001,2,1,5.945719400403844e-4,3.014474841715454e-4,6.049561501544114e-4,3.424221625213687e-4,6.159071088128695e-4,3.4773840005633105e-4,6.051768693454353e-4,3.7256350034219456e-4,6.264401826743546e-4,3.9182132348770623e-4,6.630241053392007e-4,4.200037411984469e-4,7.363696406261456e-4,4.69378063245113e-4,7.883284877282473e-4,5.190451802947025e-4,8.550852364737758e-4,5.559040057291691e-4,9.519748897917289e-4,6.00863597333162e-4,0.0010344536289118732,6.480730875097605e-4,0.0011426467676102473,6.919578811319202e-4,0.0012654367923776286,7.857983775486091e-4,0.001417631317300719,8.49272935559726e-4,0.0015473818474370535,9.066472557892403e-4,0.0017308767215027162,9.713198844976712e-4,0.0018919674599023409,0.0010603313405402998,0.0021418410126436225,0.001127071576111768,0.0023157284108991844,0.0011469488903330818,0.002492967743181085,0.0011869886348000516,0.004631596845883213,0.0016141159214576534,0.005046735946197239,0.0017308358081419561,0.005316996392876358,0.0018469483413653463,0.005679928964309046,0.001931674472893326,0.006043050170819396,0.0020834944923397605,0.006409859737604542,0.00224230298763711,0.006737700621462372,0.0023887748540147792,0.0071322456675684785,0.0026143687362568013,0.007623746477481502,0.002833836554842454,0.00838489998568843,0.003082752088805784,0.008886739643239936,0.003331041099395734,0.009471065240408562,0.0036333972183131124,0.010311653364760845,0.003944317947994625,0.01117072467733991,0.004182904988776186,0.012067900435901613,0.004520935407407008,0.014413299165124635,0.007581323728766364,0.01540296878478266,0.008224185342987354,0.016779102391380495,0.009134692417709766,0.0175349259517031,0.009804816451571588,0.018619856598923068,0.010567162389388391,0.019799216362514215,0.011400049374311088,0.02106094242456557,0.012350156841967235,0.023040652171842417,0.013548648086575067,0.024581936401815985,0.014793753415880375,0.02655821387970067,0.01604227931929731,0.02857510585352331,0.017456843431290257,0.030645076518559168,0.01914641669458716,0.033082606839521654,0.020899533344549352,0.03605497282420692,0.02210004947119014,0.038611666321291746,0.02440746869947372,0.041587948466694634,0.02637447692776464,0.04507612876304561,0.028750545707713397,0.04856766576858312,0.032184157994306045,0.05155066133235909,0.03445980552925696,0.056612578785668395,0.03856175807916853,0.060786646659136634,0.04332240591406587,0.06555317370403,0.04805298411063052,0.07293289885064838,0.05393812294883697,0.07727200492578838,0.05865565205706859,0.08581762706319991,0.06748988485854478,0.09455681943036884,0.07360536847341288,0.1032098562617498,0.08326055913653803,0.11398041713830932,0.09217853871752907,0.12290366905920712,0.10164877841084154,0.13717080200508397,0.11338980910883838,0.14655560143913166,0.12273459600162022,0.15889206715121418,0.13267364405060592,0.16905434197253408,0.14254810478585966,0.17834270315165232,0.15194234204990711,0.18827432729573407,0.16060934794763687,0.1956291680382495,0.1701633854821142,0.2047716634196664,0.17994503315821997,0.21448854209353901,0.190288251187497,0.22468252103312578,0.2012253332268111,0.23535256525309417,0.2127922493718283,0.24687661223527274,0.2257245313437496,0.25868922991170323,0.23878151721200133,0.2712483322186944,0.25258693637835355,0.2846254105842412,0.2671964517148219,0.2986409184901706,0.2826428504742223,0.3143368300029156,0.30043279741603873,0.32989398936475767,0.3179150695490284,0.34619335820021296,0.3364110289048296,0.36328482580115584,0.35599014202150747,0.38119327613616144,0.3767035669988442,0.40077781538744306,0.39898413642333036,0.42139467343254244,0.41829981681414713,0.44441952308108024,0.44120869165889925,0.47268848170991434,0.465695211965391,1,1
40232,2001,2,1,5.945719400403844e-4,3.014474841715454e-4,6.049561501544114e-4,3.424221625213687e-4,6.159071088128695e-4,3.4773840005633105e-4,6.051768693454353e-4,3.7256350034219456e-4,6.264401826743546e-4,3.9182132348770623e-4,6.630241053392007e-4,4.200037411984469e-4,7.363696406261456e-4,4.69378063245113e-4,7.883284877282473e-4,5.190451802947025e-4,8.550852364737758e-4,5.559040057291691e-4,9.519748897917289e-4,6.00863597333162e-4,0.0010344536289118732,6.480730875097605e-4,0.0011426467676102473,6.919578811319202e-4,0.0012654367923776286,7.857983775486091e-4,0.001417631317300719,8.49272935559726e-4,0.0015473818474370535,9.066472557892403e-4,0.0017308767215027162,9.713198844976712e-4,0.0018919674599023409,0.0010603313405402998,0.0021418410126436225,0.001127071576111768,0.0023157284108991844,0.0011469488903330818,0.002492967743181085,0.0011869886348000516,0.004631596845883213,0.0016141159214576534,0.005046735946197239,0.0017308358081419561,0.005316996392876358,0.0018469483413653463,0.005679928964309046,0.001931674472893326,0.006043050170819396,0.0020834944923397605,0.006409859737604542,0.00224230298763711,0.006737700621462372,0.0023887748540147792,0.0071322456675684785,0.0026143687362568013,0.007623746477481502,0.002833836554842454,0.00838489998568843,0.003082752088805784,0.008886739643239936,0.003331041099395734,0.009471065240408562,0.0036333972183131124,0.010311653364760845,0.003944317947994625,0.01117072467733991,0.004182904988776186,0.012067900435901613,0.004520935407407008,0.014413299165124635,0.007581323728766364,0.01540296878478266,0.008224185342987354,0.016779102391380495,0.009134692417709766,0.0175349259517031,0.009804816451571588,0.018619856598923068,0.010567162389388391,0.019799216362514215,0.011400049374311088,0.02106094242456557,0.012350156841967235,0.023040652171842417,0.013548648086575067,0.024581936401815985,0.014793753415880375,0.02655821387970067,0.01604227931929731,0.02857510585352331,0.017456843431290257,0.030645076518559168,0.01914641669458716,0.033082606839521654,0.020899533344549352,0.03605497282420692,0.02210004947119014,0.038611666321291746,0.02440746869947372,0.041587948466694634,0.02637447692776464,0.04507612876304561,0.028750545707713397,0.04856766576858312,0.032184157994306045,0.05155066133235909,0.03445980552925696,0.056612578785668395,0.03856175807916853,0.060786646659136634,0.04332240591406587,0.06555317370403,0.04805298411063052,0.07293289885064838,0.05393812294883697,0.07727200492578838,0.05865565205706859,0.08581762706319991,0.06748988485854478,0.09455681943036884,0.07360536847341288,0.1032098562617498,0.08326055913653803,0.11398041713830932,0.09217853871752907,0.12290366905920712,0.10164877841084154,0.13717080200508397,0.11338980910883838,0.14655560143913166,0.12273459600162022,0.15889206715121418,0.13267364405060592,0.16905434197253408,0.14254810478585966,0.17834270315165232,0.15194234204990711,0.18827432729573407,0.16060934794763687,0.1956291680382495,0.1701633854821142,0.2047716634196664,0.17994503315821997,0.21448854209353901,0.190288251187497,0.22468252103312578,0.2012253332268111,0.23535256525309417,0.2127922493718283,0.24687661223527274,0.2257245313437496,0.25868922991170323,0.23878151721200133,0.2712483322186944,0.25258693637835355,0.2846254105842412,0.2671964517148219,0.2986409184901706,0.2826428504742223,0.3143368300029156,0.30043279741603873,0.32989398936475767,0.3179150695490284,0.34619335820021296,0.3364110289048296,0.36328482580115584,0.35599014202150747,0.38119327613616144,0.3767035669988442,0.40077781538744306,0.39898413642333036,0.42139467343254244,0.41829981681414713,0.44441952308108024,0.44120869165889925,0.47268848170991434,0.465695211965391,1,1
40233,2001,2,1,5.945719400403844e-4,3.014474841715454e-4,6.049561501544114e-4,3.424221625213687e-4,6.159071088128695e-4,3.4773840005633105e-4,6.051768693454353e-4,3.7256350034219456e-4,6.264401826743546e-4,3.9182132348770623e-4,6.630241053392007e-4,4.200037411984469e-4,7.363696406261456e-4,4.69378063245113e-4,7.883284877282473e-4,5.190451802947025e-4,8.550852364737758e-4,5.559040057291691e-4,9.519748897917289e-4,6.00863597333162e-4,0.0010344536289118732,6.480730875097605e-4,0.0011426467676102473,6.919578811319202e-4,0.0012654367923776286,7.857983775486091e-4,0.001417631317300719,8.49272935559726e-4,0.0015473818474370535,9.066472557892403e-4,0.0017308767215027162,9.713198844976712e-4,0.0018919674599023409,0.0010603313405402998,0.0021418410126436225,0.001127071576111768,0.0023157284108991844,0.0011469488903330818,0.002492967743181085,0.0011869886348000516,0.004631596845883213,0.0016141159214576534,0.005046735946197239,0.0017308358081419561,0.005316996392876358,0.0018469483413653463,0.005679928964309046,0.001931674472893326,0.006043050170819396,0.0020834944923397605,0.006409859737604542,0.00224230298763711,0.006737700621462372,0.0023887748540147792,0.0071322456675684785,0.0026143687362568013,0.007623746477481502,0.002833836554842454,0.00838489998568843,0.003082752088805784,0.008886739643239936,0.003331041099395734,0.009471065240408562,0.0036333972183131124,0.010311653364760845,0.003944317947994625,0.01117072467733991,0.004182904988776186,0.012067900435901613,0.004520935407407008,0.014413299165124635,0.007581323728766364,0.01540296878478266,0.008224185342987354,0.016779102391380495,0.009134692417709766,0.0175349259517031,0.009804816451571588,0.018619856598923068,0.010567162389388391,0.019799216362514215,0.011400049374311088,0.02106094242456557,0.012350156841967235,0.023040652171842417,0.013548648086575067,0.024581936401815985,0.014793753415880375,0.02655821387970067,0.01604227931929731,0.02857510585352331,0.017456843431290257,0.030645076518559168,0.01914641669458716,0.033082606839521654,0.020899533344549352,0.03605497282420692,0.02210004947119014,0.038611666321291746,0.02440746869947372,0.041587948466694634,0.02637447692776464,0.04507612876304561,0.028750545707713397,0.04856766576858312,0.032184157994306045,0.05155066133235909,0.03445980552925696,0.056612578785668395,0.03856175807916853,0.060786646659136634,0.04332240591406587,0.06555317370403,0.04805298411063052,0.07293289885064838,0.05393812294883697,0.07727200492578838,0.05865565205706859,0.08581762706319991,0.06748988485854478,0.09455681943036884,0.07360536847341288,0.1032098562617498,0.08326055913653803,0.11398041713830932,0.09217853871752907,0.12290366905920712,0.10164877841084154,0.13717080200508397,0.11338980910883838,0.14655560143913166,0.12273459600162022,0.15889206715121418,0.13267364405060592,0.16905434197253408,0.14254810478585966,0.17834270315165232,0.15194234204990711,0.18827432729573407,0.16060934794763687,0.1956291680382495,0.1701633854821142,0.2047716634196664,0.17994503315821997,0.21448854209353901,0.190288251187497,0.22468252103312578,0.2012253332268111,0.23535256525309417,0.2127922493718283,0.24687661223527274,0.2257245313437496,0.25868922991170323,0.23878151721200133,0.2712483322186944,0.25258693637835355,0.2846254105842412,0.2671964517148219,0.2986409184901706,0.2826428504742223,0.3143368300029156,0.30043279741603873,0.32989398936475767,0.3179150695490284,0.34619335820021296,0.3364110289048296,0.36328482580115584,0.35599014202150747,0.38119327613616144,0.3767035669988442,0.40077781538744306,0.39898413642333036,0.42139467343254244,0.41829981681414713,0.44441952308108024,0.44120869165889925,0.47268848170991434,0.465695211965391,1,1
40234,2001,2,1,5.945719400403844e-4,3.014474841715454e-4,6.049561501544114e-4,3.424221625213687e-4,6.159071088128695e-4,3.4773840005633105e-4,6.051768693454353e-4,3.7256350034219456e-4,6.264401826743546e-4,3.9182132348770623e-4,6.630241053392007e-4,4.200037411984469e-4,7.363696406261456e-4,4.69378063245113e-4,7.883284877282473e-4,5.190451802947025e-4,8.550852364737758e-4,5.559040057291691e-4,9.519748897917289e-4,6.00863597333162e-4,0.0010344536289118732,6.480730875097605e-4,0.0011426467676102473,6.919578811319202e-4,0.0012654367923776286,7.857983775486091e-4,0.001417631317300719,8.49272935559726e-4,0.0015473818474370535,9.066472557892403e-4,0.0017308767215027162,9.713198844976712e-4,0.0018919674599023409,0.0010603313405402998,0.0021418410126436225,0.001127071576111768,0.0023157284108991844,0.0011469488903330818,0.002492967743181085,0.0011869886348000516,0.004631596845883213,0.0016141159214576534,0.005046735946197239,0.0017308358081419561,0.005316996392876358,0.0018469483413653463,0.005679928964309046,0.001931674472893326,0.006043050170819396,0.0020834944923397605,0.006409859737604542,0.00224230298763711,0.006737700621462372,0.0023887748540147792,0.0071322456675684785,0.0026143687362568013,0.007623746477481502,0.002833836554842454,0.00838489998568843,0.003082752088805784,0.008886739643239936,0.003331041099395734,0.009471065240408562,0.0036333972183131124,0.010311653364760845,0.003944317947994625,0.01117072467733991,0.004182904988776186,0.012067900435901613,0.004520935407407008,0.014413299165124635,0.007581323728766364,0.01540296878478266,0.008224185342987354,0.016779102391380495,0.009134692417709766,0.0175349259517031,0.009804816451571588,0.018619856598923068,0.010567162389388391,0.019799216362514215,0.011400049374311088,0.02106094242456557,0.012350156841967235,0.023040652171842417,0.013548648086575067,0.024581936401815985,0.014793753415880375,0.02655821387970067,0.01604227931929731,0.02857510585352331,0.017456843431290257,0.030645076518559168,0.01914641669458716,0.033082606839521654,0.020899533344549352,0.03605497282420692,0.02210004947119014,0.038611666321291746,0.02440746869947372,0.041587948466694634,0.02637447692776464,0.04507612876304561,0.028750545707713397,0.04856766576858312,0.032184157994306045,0.05155066133235909,0.03445980552925696,0.056612578785668395,0.03856175807916853,0.060786646659136634,0.04332240591406587,0.06555317370403,0.04805298411063052,0.07293289885064838,0.05393812294883697,0.07727200492578838,0.05865565205706859,0.08581762706319991,0.06748988485854478,0.09455681943036884,0.07360536847341288,0.1032098562617498,0.08326055913653803,0.11398041713830932,0.09217853871752907,0.12290366905920712,0.10164877841084154,0.13717080200508397,0.11338980910883838,0.14655560143913166,0.12273459600162022,0.15889206715121418,0.13267364405060592,0.16905434197253408,0.14254810478585966,0.17834270315165232,0.15194234204990711,0.18827432729573407,0.16060934794763687,0.1956291680382495,0.1701633854821142,0.2047716634196664,0.17994503315821997,0.21448854209353901,0.190288251187497,0.22468252103312578,0.2012253332268111,0.23535256525309417,0.2127922493718283,0.24687661223527274,0.2257245313437496,0.25868922991170323,0.23878151721200133,0.2712483322186944,0.25258693637835355,0.2846254105842412,0.2671964517148219,0.2986409184901706,0.2826428504742223,0.3143368300029156,0.30043279741603873,0.32989398936475767,0.3179150695490284,0.34619335820021296,0.3364110289048296,0.36328482580115584,0.35599014202150747,0.38119327613616144,0.3767035669988442,0.40077781538744306,0.39898413642333036,0.42139467343254244,0.41829981681414713,0.44441952308108024,0.44120869165889925,0.47268848170991434,0.465695211965391,1,1
40235,2001,2,1,5.945719400403844e-4,3.014474841715454e-4,6.049561501544114e-4,3.424221625213687e-4,6.159071088128695e-4,3.4773840005633105e-4,6.051768693454353e-4,3.7256350034219456e-4,6.264401826743546e-4,3.9182132348770623e-4,6.630241053392007e-4,4.200037411984469e-4,7.363696406261456e-4,4.69378063245113e-4,7.883284877282473e-4,5.190451802947025e-4,8.550852364737758e-4,5.559040057291691e-4,9.519748897917289e-4,6.00863597333162e-4,0.0010344536289118732,6.480730875097605e-4,0.0011426467676102473,6.919578811319202e-4,0.0012654367923776286,7.857983775486091e-4,0.001417631317300719,8.49272935559726e-4,0.0015473818474370535,9.066472557892403e-4,0.0017308767215027162,9.713198844976712e-4,0.0018919674599023409,0.0010603313405402998,0.0021418410126436225,0.001127071576111768,0.0023157284108991844,0.0011469488903330818,0.002492967743181085,0.0011869886348000516,0.004631596845883213,0.0016141159214576534,0.005046735946197239,0.0017308358081419561,0.005316996392876358,0.0018469483413653463,0.005679928964309046,0.001931674472893326,0.006043050170819396,0.0020834944923397605,0.006409859737604542,0.00224230298763711,0.006737700621462372,0.0023887748540147792,0.0071322456675684785,0.0026143687362568013,0.007623746477481502,0.002833836554842454,0.00838489998568843,0.003082752088805784,0.008886739643239936,0.003331041099395734,0.009471065240408562,0.0036333972183131124,0.010311653364760845,0.003944317947994625,0.01117072467733991,0.004182904988776186,0.012067900435901613,0.004520935407407008,0.014413299165124635,0.007581323728766364,0.01540296878478266,0.008224185342987354,0.016779102391380495,0.009134692417709766,0.0175349259517031,0.009804816451571588,0.018619856598923068,0.010567162389388391,0.019799216362514215,0.011400049374311088,0.02106094242456557,0.012350156841967235,0.023040652171842417,0.013548648086575067,0.024581936401815985,0.014793753415880375,0.02655821387970067,0.01604227931929731,0.02857510585352331,0.017456843431290257,0.030645076518559168,0.01914641669458716,0.033082606839521654,0.020899533344549352,0.03605497282420692,0.02210004947119014,0.038611666321291746,0.02440746869947372,0.041587948466694634,0.02637447692776464,0.04507612876304561,0.028750545707713397,0.04856766576858312,0.032184157994306045,0.05155066133235909,0.03445980552925696,0.056612578785668395,0.03856175807916853,0.060786646659136634,0.04332240591406587,0.06555317370403,0.04805298411063052,0.07293289885064838,0.05393812294883697,0.07727200492578838,0.05865565205706859,0.08581762706319991,0.06748988485854478,0.09455681943036884,0.07360536847341288,0.1032098562617498,0.08326055913653803,0.11398041713830932,0.09217853871752907,0.12290366905920712,0.10164877841084154,0.13717080200508397,0.11338980910883838,0.14655560143913166,0.12273459600162022,0.15889206715121418,0.13267364405060592,0.16905434197253408,0.14254810478585966,0.17834270315165232,0.15194234204990711,0.18827432729573407,0.16060934794763687,0.1956291680382495,0.1701633854821142,0.2047716634196664,0.17994503315821997,0.21448854209353901,0.190288251187497,0.22468252103312578,0.2012253332268111,0.23535256525309417,0.2127922493718283,0.24687661223527274,0.2257245313437496,0.25868922991170323,0.23878151721200133,0.2712483322186944,0.25258693637835355,0.2846254105842412,0.2671964517148219,0.2986409184901706,0.2826428504742223,0.3143368300029156,0.30043279741603873,0.32989398936475767,0.3179150695490284,0.34619335820021296,0.3364110289048296,0.36328482580115584,0.35599014202150747,0.38119327613616144,0.3767035669988442,0.40077781538744306,0.39898413642333036,0.42139467343254244,0.41829981681414713,0.44441952308108024,0.44120869165889925,0.47268848170991434,0.465695211965391,1,1
44201,2001,2,1,5.849934364122354e-4,3.256874897653523e-4,6.010059455973419e-4,3.3364134552214277e-4,5.991074034326793e-4,3.3796037156650494e-4,5.938005750918973e-4,3.4128981492302684e-4,5.964670073253555e-4,3.528902096535472e-4,6.301664105486712e-4,3.694562434377279e-4,6.692966356343585e-4,3.8437399700866305e-4,6.942156555920933e-4,4.21793429446739e-4,7.368152012317665e-4,4.449976778916343e-4,7.811569118411435e-4,4.754912645855615e-4,7.890603326058931e-4,4.957386935166613e-4,8.451555938726345e-4,5.355254883871666e-4,9.335213165293069e-4,5.932068772440402e-4,0.0010191114242833674,6.310504871301694e-4,0.0011067809800929976,6.993833479381618e-4,0.001179985061707963,7.452326491064108e-4,0.0013012502630741023,8.209320560953104e-4,0.0014203688291921166,8.7415142060167e-4,0.0015064841001625607,9.705082467883835e-4,0.0016296185211387667,0.0010569977584083488,0.0030471275875417116,0.0014258879494254784,0.0033485456879730436,0.0015767507310722002,0.0036740251291024683,0.001729826885879597,0.0038998968523346386,0.001885132748454599,0.004089216149123379,0.0020220663284718646,0.004295039533218351,0.0021793565136122637,0.004626174073043286,0.0023406211495917524,0.005105650094979926,0.002590569648657718,0.005410192020369503,0.0027856205832261886,0.005783280115891751,0.003034109959697889,0.006235264650858887,0.003235322652109103,0.006723770429048518,0.003558517881247209,0.007081357233600481,0.0037479777217231396,0.007653497328473571,0.004063062550949803,0.00810350248999404,0.0043315083226844854,0.009384800893961605,0.006586252241003798,0.010208311852050825,0.007236416140798824,0.010804457594830867,0.0076506252258290225,0.011505670961736107,0.008281090389681453,0.012318024424390492,0.008962931242898346,0.01319619406071738,0.009610603364195761,0.014427508742914845,0.01057944152469625,0.015696634935223806,0.01158468185370402,0.017047390182592718,0.012791056922475223,0.018449651788935234,0.013841358407134206,0.020092901671387595,0.015210144490670569,0.02193997495041117,0.016725643287036133,0.023923453276275312,0.01839900323643916,0.02778319107706955,0.022130409404246102,0.028745484911685965,0.022754874031118873,0.031412571432774,0.024981434422047897,0.03456172873454189,0.027782556205949726,0.03804269381957392,0.03083720887116283,0.041841118639042774,0.03408079094555945,0.04602898566955414,0.037635214217445624,0.05144219409651475,0.04225676375242851,0.05679219111558747,0.04695491618527347,0.062731708732117,0.05230457458655432,0.06927431759770321,0.05833356737659353,0.07641201840754258,0.06501993566814256,0.08712540846457732,0.07492335720892658,0.09592389451784221,0.08333226872026227,0.10530978867609816,0.09236104441362898,0.11523682453768912,0.10195304512527895,0.12565405441765481,0.11205760494809572,0.1398780069874948,0.1257739837783772,0.15025134209067922,0.1362594714165841,0.16004699218752816,0.14643049973556252,0.16902546259887333,0.1560695787395186,0.1769801064950603,0.16497315399766993,0.18700042439062467,0.17598009046605478,0.19588279047806226,0.1860963222397764,0.2051862185637692,0.19679343034070332,0.2149316533063795,0.20810454529335856,0.22513876060242036,0.22006515275715832,0.23789619085491595,0.23474871105086473,0.24936886606152506,0.24832613082110566,0.26146963294290976,0.26268709664840323,0.2744314153875659,0.27787880885277827,0.2879448490729113,0.2935239150308793,0.3062271585181817,0.3138566975625238,0.32213439522484955,0.33210853537511326,0.33917998962394447,0.351422325475699,0.35783885360286,0.3719605812682481,0.3778945061850971,0.39386086581802027,0.4027280880939856,0.41885659635522077,0.42710350996811136,0.4419155783145539,0.4537136355921207,0.46634773529539575,0.484494363748987,0.49277839247735844,1,1
44202,2001,2,1,5.849934364122354e-4,3.256874897653523e-4,6.010059455973419e-4,3.3364134552214277e-4,5.991074034326793e-4,3.3796037156650494e-4,5.938005750918973e-4,3.4128981492302684e-4,5.964670073253555e-4,3.528902096535472e-4,6.301664105486712e-4,3.694562434377279e-4,6.692966356343585e-4,3.8437399700866305e-4,6.942156555920933e-4,4.21793429446739e-4,7.368152012317665e-4,4.449976778916343e-4,7.811569118411435e-4,4.754912645855615e-4,7.890603326058931e-4,4.957386935166613e-4,8.451555938726345e-4,5.355254883871666e-4,9.335213165293069e-4,5.932068772440402e-4,0.0010191114242833674,6.310504871301694e-4,0.0011067809800929976,6.993833479381618e-4,0.001179985061707963,7.452326491064108e-4,0.0013012502630741023,8.209320560953104e-4,0.0014203688291921166,8.7415142060167e-4,0.0015064841001625607,9.705082467883835e-4,0.0016296185211387667,0.0010569977584083488,0.0030471275875417116,0.0014258879494254784,0.0033485456879730436,0.0015767507310722002,0.0036740251291024683,0.001729826885879597,0.0038998968523346386,0.001885132748454599,0.004089216149123379,0.0020220663284718646,0.004295039533218351,0.0021793565136122637,0.004626174073043286,0.0023406211495917524,0.005105650094979926,0.002590569648657718,0.005410192020369503,0.0027856205832261886,0.005783280115891751,0.003034109959697889,0.006235264650858887,0.003235322652109103,0.006723770429048518,0.003558517881247209,0.007081357233600481,0.0037479777217231396,0.007653497328473571,0.004063062550949803,0.00810350248999404,0.0043315083226844854,0.009384800893961605,0.006586252241003798,0.010208311852050825,0.007236416140798824,0.010804457594830867,0.0076506252258290225,0.011505670961736107,0.008281090389681453,0.012318024424390492,0.008962931242898346,0.01319619406071738,0.009610603364195761,0.014427508742914845,0.01057944152469625,0.015696634935223806,0.01158468185370402,0.017047390182592718,0.012791056922475223,0.018449651788935234,0.013841358407134206,0.020092901671387595,0.015210144490670569,0.02193997495041117,0.016725643287036133,0.023923453276275312,0.01839900323643916,0.02778319107706955,0.022130409404246102,0.028745484911685965,0.022754874031118873,0.031412571432774,0.024981434422047897,0.03456172873454189,0.027782556205949726,0.03804269381957392,0.03083720887116283,0.041841118639042774,0.03408079094555945,0.04602898566955414,0.037635214217445624,0.05144219409651475,0.04225676375242851,0.05679219111558747,0.04695491618527347,0.062731708732117,0.05230457458655432,0.06927431759770321,0.05833356737659353,0.07641201840754258,0.06501993566814256,0.08712540846457732,0.07492335720892658,0.09592389451784221,0.08333226872026227,0.10530978867609816,0.09236104441362898,0.11523682453768912,0.10195304512527895,0.12565405441765481,0.11205760494809572,0.1398780069874948,0.1257739837783772,0.15025134209067922,0.1362594714165841,0.16004699218752816,0.14643049973556252,0.16902546259887333,0.1560695787395186,0.1769801064950603,0.16497315399766993,0.18700042439062467,0.17598009046605478,0.19588279047806226,0.1860963222397764,0.2051862185637692,0.19679343034070332,0.2149316533063795,0.20810454529335856,0.22513876060242036,0.22006515275715832,0.23789619085491595,0.23474871105086473,0.24936886606152506,0.24832613082110566,0.26146963294290976,0.26268709664840323,0.2744314153875659,0.27787880885277827,0.2879448490729113,0.2935239150308793,0.3062271585181817,0.3138566975625238,0.32213439522484955,0.33210853537511326,0.33917998962394447,0.351422325475699,0.35783885360286,0.3719605812682481,0.3778945061850971,0.39386086581802027,0.4027280880939856,0.41885659635522077,0.42710350996811136,0.4419155783145539,0.4537136355921207,0.46634773529539575,0.484494363748987,0.49277839247735844,1,1
44203,2001,2,1,5.849934364122354e-4,3.256874897653523e-4,6.010059455973419e-4,3.3364134552214277e-4,5.991074034326793e-4,3.3796037156650494e-4,5.938005750918973e-4,3.4128981492302684e-4,5.964670073253555e-4,3.528902096535472e-4,6.301664105486712e-4,3.694562434377279e-4,6.692966356343585e-4,3.8437399700866305e-4,6.942156555920933e-4,4.21793429446739e-4,7.368152012317665e-4,4.449976778916343e-4,7.811569118411435e-4,4.754912645855615e-4,7.890603326058931e-4,4.957386935166613e-4,8.451555938726345e-4,5.355254883871666e-4,9.335213165293069e-4,5.932068772440402e-4,0.0010191114242833674,6.310504871301694e-4,0.0011067809800929976,6.993833479381618e-4,0.001179985061707963,7.452326491064108e-4,0.0013012502630741023,8.209320560953104e-4,0.0014203688291921166,8.7415142060167e-4,0.0015064841001625607,9.705082467883835e-4,0.0016296185211387667,0.0010569977584083488,0.0030471275875417116,0.0014258879494254784,0.0033485456879730436,0.0015767507310722002,0.0036740251291024683,0.001729826885879597,0.0038998968523346386,0.001885132748454599,0.004089216149123379,0.0020220663284718646,0.004295039533218351,0.0021793565136122637,0.004626174073043286,0.0023406211495917524,0.005105650094979926,0.002590569648657718,0.005410192020369503,0.0027856205832261886,0.005783280115891751,0.003034109959697889,0.006235264650858887,0.003235322652109103,0.006723770429048518,0.003558517881247209,0.007081357233600481,0.0037479777217231396,0.007653497328473571,0.004063062550949803,0.00810350248999404,0.0043315083226844854,0.009384800893961605,0.006586252241003798,0.010208311852050825,0.007236416140798824,0.010804457594830867,0.0076506252258290225,0.011505670961736107,0.008281090389681453,0.012318024424390492,0.008962931242898346,0.01319619406071738,0.009610603364195761,0.014427508742914845,0.01057944152469625,0.015696634935223806,0.01158468185370402,0.017047390182592718,0.012791056922475223,0.018449651788935234,0.013841358407134206,0.020092901671387595,0.015210144490670569,0.02193997495041117,0.016725643287036133,0.023923453276275312,0.01839900323643916,0.02778319107706955,0.022130409404246102,0.028745484911685965,0.022754874031118873,0.031412571432774,0.024981434422047897,0.03456172873454189,0.027782556205949726,0.03804269381957392,0.03083720887116283,0.041841118639042774,0.03408079094555945,0.04602898566955414,0.037635214217445624,0.05144219409651475,0.04225676375242851,0.05679219111558747,0.04695491618527347,0.062731708732117,0.05230457458655432,0.06927431759770321,0.05833356737659353,0.07641201840754258,0.06501993566814256,0.08712540846457732,0.07492335720892658,0.09592389451784221,0.08333226872026227,0.10530978867609816,0.09236104441362898,0.11523682453768912,0.10195304512527895,0.12565405441765481,0.11205760494809572,0.1398780069874948,0.1257739837783772,0.15025134209067922,0.1362594714165841,0.16004699218752816,0.14643049973556252,0.16902546259887333,0.1560695787395186,0.1769801064950603,0.16497315399766993,0.18700042439062467,0.17598009046605478,0.19588279047806226,0.1860963222397764,0.2051862185637692,0.19679343034070332,0.2149316533063795,0.20810454529335856,0.22513876060242036,0.22006515275715832,0.23789619085491595,0.23474871105086473,0.24936886606152506,0.24832613082110566,0.26146963294290976,0.26268709664840323,0.2744314153875659,0.27787880885277827,0.2879448490729113,0.2935239150308793,0.3062271585181817,0.3138566975625238,0.32213439522484955,0.33210853537511326,0.33917998962394447,0.351422325475699,0.35783885360286,0.3719605812682481,0.3778945061850971,0.39386086581802027,0.4027280880939856,0.41885659635522077,0.42710350996811136,0.4419155783145539,0.4537136355921207,0.46634773529539575,0.484494363748987,0.49277839247735844,1,1
44204,2001,2,1,5.849934364122354e-4,3.256874897653523e-4,6.010059455973419e-4,3.3364134552214277e-4,5.991074034326793e-4,3.3796037156650494e-4,5.938005750918973e-4,3.4128981492302684e-4,5.964670073253555e-4,3.528902096535472e-4,6.301664105486712e-4,3.694562434377279e-4,6.692966356343585e-4,3.8437399700866305e-4,6.942156555920933e-4,4.21793429446739e-4,7.368152012317665e-4,4.449976778916343e-4,7.811569118411435e-4,4.754912645855615e-4,7.890603326058931e-4,4.957386935166613e-4,8.451555938726345e-4,5.355254883871666e-4,9.335213165293069e-4,5.932068772440402e-4,0.0010191114242833674,6.310504871301694e-4,0.0011067809800929976,6.993833479381618e-4,0.001179985061707963,7.452326491064108e-4,0.0013012502630741023,8.209320560953104e-4,0.0014203688291921166,8.7415142060167e-4,0.0015064841001625607,9.705082467883835e-4,0.0016296185211387667,0.0010569977584083488,0.0030471275875417116,0.0014258879494254784,0.0033485456879730436,0.0015767507310722002,0.0036740251291024683,0.001729826885879597,0.0038998968523346386,0.001885132748454599,0.004089216149123379,0.0020220663284718646,0.004295039533218351,0.0021793565136122637,0.004626174073043286,0.0023406211495917524,0.005105650094979926,0.002590569648657718,0.005410192020369503,0.0027856205832261886,0.005783280115891751,0.003034109959697889,0.006235264650858887,0.003235322652109103,0.006723770429048518,0.003558517881247209,0.007081357233600481,0.0037479777217231396,0.007653497328473571,0.004063062550949803,0.00810350248999404,0.0043315083226844854,0.009384800893961605,0.006586252241003798,0.010208311852050825,0.007236416140798824,0.010804457594830867,0.0076506252258290225,0.011505670961736107,0.008281090389681453,0.012318024424390492,0.008962931242898346,0.01319619406071738,0.009610603364195761,0.014427508742914845,0.01057944152469625,0.015696634935223806,0.01158468185370402,0.017047390182592718,0.012791056922475223,0.018449651788935234,0.013841358407134206,0.020092901671387595,0.015210144490670569,0.02193997495041117,0.016725643287036133,0.023923453276275312,0.01839900323643916,0.02778319107706955,0.022130409404246102,0.028745484911685965,0.022754874031118873,0.031412571432774,0.024981434422047897,0.03456172873454189,0.027782556205949726,0.03804269381957392,0.03083720887116283,0.041841118639042774,0.03408079094555945,0.04602898566955414,0.037635214217445624,0.05144219409651475,0.04225676375242851,0.05679219111558747,0.04695491618527347,0.062731708732117,0.05230457458655432,0.06927431759770321,0.05833356737659353,0.07641201840754258,0.06501993566814256,0.08712540846457732,0.07492335720892658,0.09592389451784221,0.08333226872026227,0.10530978867609816,0.09236104441362898,0.11523682453768912,0.10195304512527895,0.12565405441765481,0.11205760494809572,0.1398780069874948,0.1257739837783772,0.15025134209067922,0.1362594714165841,0.16004699218752816,0.14643049973556252,0.16902546259887333,0.1560695787395186,0.1769801064950603,0.16497315399766993,0.18700042439062467,0.17598009046605478,0.19588279047806226,0.1860963222397764,0.2051862185637692,0.19679343034070332,0.2149316533063795,0.20810454529335856,0.22513876060242036,0.22006515275715832,0.23789619085491595,0.23474871105086473,0.24936886606152506,0.24832613082110566,0.26146963294290976,0.26268709664840323,0.2744314153875659,0.27787880885277827,0.2879448490729113,0.2935239150308793,0.3062271585181817,0.3138566975625238,0.32213439522484955,0.33210853537511326,0.33917998962394447,0.351422325475699,0.35783885360286,0.3719605812682481,0.3778945061850971,0.39386086581802027,0.4027280880939856,0.41885659635522077,0.42710350996811136,0.4419155783145539,0.4537136355921207,0.46634773529539575,0.484494363748987,0.49277839247735844,1,1
44205,2001,2,1,5.849934364122354e-4,3.256874897653523e-4,6.010059455973419e-4,3.3364134552214277e-4,5.991074034326793e-4,3.3796037156650494e-4,5.938005750918973e-4,3.4128981492302684e-4,5.964670073253555e-4,3.528902096535472e-4,6.301664105486712e-4,3.694562434377279e-4,6.692966356343585e-4,3.8437399700866305e-4,6.942156555920933e-4,4.21793429446739e-4,7.368152012317665e-4,4.449976778916343e-4,7.811569118411435e-4,4.754912645855615e-4,7.890603326058931e-4,4.957386935166613e-4,8.451555938726345e-4,5.355254883871666e-4,9.335213165293069e-4,5.932068772440402e-4,0.0010191114242833674,6.310504871301694e-4,0.0011067809800929976,6.993833479381618e-4,0.001179985061707963,7.452326491064108e-4,0.0013012502630741023,8.209320560953104e-4,0.0014203688291921166,8.7415142060167e-4,0.0015064841001625607,9.705082467883835e-4,0.0016296185211387667,0.0010569977584083488,0.0030471275875417116,0.0014258879494254784,0.0033485456879730436,0.0015767507310722002,0.0036740251291024683,0.001729826885879597,0.0038998968523346386,0.001885132748454599,0.004089216149123379,0.0020220663284718646,0.004295039533218351,0.0021793565136122637,0.004626174073043286,0.0023406211495917524,0.005105650094979926,0.002590569648657718,0.005410192020369503,0.0027856205832261886,0.005783280115891751,0.003034109959697889,0.006235264650858887,0.003235322652109103,0.006723770429048518,0.003558517881247209,0.007081357233600481,0.0037479777217231396,0.007653497328473571,0.004063062550949803,0.00810350248999404,0.0043315083226844854,0.009384800893961605,0.006586252241003798,0.010208311852050825,0.007236416140798824,0.010804457594830867,0.0076506252258290225,0.011505670961736107,0.008281090389681453,0.012318024424390492,0.008962931242898346,0.01319619406071738,0.009610603364195761,0.014427508742914845,0.01057944152469625,0.015696634935223806,0.01158468185370402,0.017047390182592718,0.012791056922475223,0.018449651788935234,0.013841358407134206,0.020092901671387595,0.015210144490670569,0.02193997495041117,0.016725643287036133,0.023923453276275312,0.01839900323643916,0.02778319107706955,0.022130409404246102,0.028745484911685965,0.022754874031118873,0.031412571432774,0.024981434422047897,0.03456172873454189,0.027782556205949726,0.03804269381957392,0.03083720887116283,0.041841118639042774,0.03408079094555945,0.04602898566955414,0.037635214217445624,0.05144219409651475,0.04225676375242851,0.05679219111558747,0.04695491618527347,0.062731708732117,0.05230457458655432,0.06927431759770321,0.05833356737659353,0.07641201840754258,0.06501993566814256,0.08712540846457732,0.07492335720892658,0.09592389451784221,0.08333226872026227,0.10530978867609816,0.09236104441362898,0.11523682453768912,0.10195304512527895,0.12565405441765481,0.11205760494809572,0.1398780069874948,0.1257739837783772,0.15025134209067922,0.1362594714165841,0.16004699218752816,0.14643049973556252,0.16902546259887333,0.1560695787395186,0.1769801064950603,0.16497315399766993,0.18700042439062467,0.17598009046605478,0.19588279047806226,0.1860963222397764,0.2051862185637692,0.19679343034070332,0.2149316533063795,0.20810454529335856,0.22513876060242036,0.22006515275715832,0.23789619085491595,0.23474871105086473,0.24936886606152506,0.24832613082110566,0.26146963294290976,0.26268709664840323,0.2744314153875659,0.27787880885277827,0.2879448490729113,0.2935239150308793,0.3062271585181817,0.3138566975625238,0.32213439522484955,0.33210853537511326,0.33917998962394447,0.351422325475699,0.35783885360286,0.3719605812682481,0.3778945061850971,0.39386086581802027,0.4027280880939856,0.41885659635522077,0.42710350996811136,0.4419155783145539,0.4537136355921207,0.46634773529539575,0.484494363748987,0.49277839247735844,1,1
44591,2001,2,1,8.913523421551243e-4,9.894724955643397e-4,9.21085732777483e-4,0.0010520703268093862,9.45152359883913e-4,0.0011024509195438723,9.93208916478476e-4,0.001136033597107764,0.0010633713090171212,0.0012673370407965748,0.0011758462853220645,0.001334506980476801,0.0013375963581521329,0.001455114750127387,0.001430587670972539,0.001526858412624263,0.0014844718440481007,0.001687154741548139,0.0015926993299707815,0.001868819352154733,0.0021052241820661787,0.0020229930104120972,0.0019211402332420446,0.002258075939566218,0.0019682758789019406,0.0024992523346101313,0.00197184986022228,0.002612171012341516,0.002064587263909387,0.0027830913126201677,0.0020341026888025236,0.0036379183132023724,0.002171872232498323,0.004225537049115564,0.0023154487476274373,0.004200972883071614,0.0024629495161785095,0.004023750419402984,0.0026283166659117553,0.0041334899112956385,0.0046178292173147265,0.0035396438719158354,0.004992245782806776,0.0038014410797172667,0.005380153060137106,0.004098722006277693,0.005793930992354274,0.004424151052278097,0.0062871934309202595,0.004764276665030118,0.007171279930209524,0.00538576000387664,0.007742223186064156,0.005816455599819528,0.008308214742151853,0.006269201028502929,0.008856897550926944,0.006706079508134401,0.009425413044343117,0.007154006794372184,0.01015201315046051,0.007737771083458706,0.010877923433353575,0.008242071430852406,0.01160214331631371,0.00872196034909499,0.012285488180426898,0.009188452081536234,0.012922808684171897,0.00966357448438129,0.014146317807898818,0.009116458752936697,0.014899338665712605,0.009674340367618252,0.015660388551981555,0.01033126973840874,0.016444524039527477,0.011115544377041577,0.01734792811039557,0.012028298904836657,0.01802056894267126,0.012787388790722611,0.01922965423885872,0.013933360746613062,0.020669154715071983,0.01522180063417158,0.022586987951307366,0.016790682108949767,0.02450333028762563,0.018324856013821656,0.027133018821271008,0.02038108390396491,0.029369192974702255,0.022229620020044846,0.031977290394066896,0.024396665868952852,0.034858826725457336,0.026809082178706166,0.038033498839655074,0.02953057089587045,0.045623745927286206,0.035410024630741145,0.05002194130885358,0.039295843371243575,0.05498439410633859,0.043797447595213604,0.06053427710889595,0.04872845012566295,0.06675964691531362,0.05403576600712026,0.08046403442141975,0.06499132115072864,0.08884447361922711,0.07231468567441993,0.09818774220641348,0.08038477857174144,0.10824009814173445,0.0893797293599415,0.11925991802426533,0.09965225807648526,0.1487611958971496,0.12368086825417013,0.16399846340584096,0.13715147062144312,0.18048822016834543,0.15187251860648554,0.19815283734099456,0.1678864801736745,0.21610363845970457,0.1846271157979823,0.25691323744009603,0.21966790507177836,0.27594852509124734,0.2380246826737694,0.29388542253646455,0.2557904477715127,0.3103149300471667,0.2725983243394174,0.3248407929288081,0.2880755380235074,0.34871108303709314,0.31154026800751866,0.36518577748664705,0.3293685553861505,0.38243907765179985,0.3482137145784778,0.40050921863465694,0.36813944753106637,0.4194321182584076,0.389204737527773,0.4482567506879737,0.4192024560317913,0.46959425494164736,0.4433407751174504,0.4919467273602981,0.46886638103942707,0.5153639894406081,0.4958642097264758,0.5398958626792612,0.5244144784446421,0.5781738344444985,0.5659858969070908,0.6062513322446134,0.5988684356330862,0.6361347215269132,0.6337752913163387,0.6682028328182997,0.6711257592553566,0.7030107785884684,0.7112186479489431,0.7502978628124602,0.7633560383278036,0.7920953593104247,0.8045604595364418,0.8401559126287531,0.8497951100219222,0.8971932333104156,0.8999644736616275,1,1
44592,2001,2,1,8.913523421551243e-4,9.894724955643397e-4,9.21085732777483e-4,0.0010520703268093862,9.45152359883913e-4,0.0011024509195438723,9.93208916478476e-4,0.001136033597107764,0.0010633713090171212,0.0012673370407965748,0.0011758462853220645,0.001334506980476801,0.0013375963581521329,0.001455114750127387,0.001430587670972539,0.001526858412624263,0.0014844718440481007,0.001687154741548139,0.0015926993299707815,0.001868819352154733,0.0021052241820661787,0.0020229930104120972,0.0019211402332420446,0.002258075939566218,0.0019682758789019406,0.0024992523346101313,0.00197184986022228,0.002612171012341516,0.002064587263909387,0.0027830913126201677,0.0020341026888025236,0.0036379183132023724,0.002171872232498323,0.004225537049115564,0.0023154487476274373,0.004200972883071614,0.0024629495161785095,0.004023750419402984,0.0026283166659117553,0.0041334899112956385,0.0046178292173147265,0.0035396438719158354,0.004992245782806776,0.0038014410797172667,0.005380153060137106,0.004098722006277693,0.005793930992354274,0.004424151052278097,0.0062871934309202595,0.004764276665030118,0.007171279930209524,0.00538576000387664,0.007742223186064156,0.005816455599819528,0.008308214742151853,0.006269201028502929,0.008856897550926944,0.006706079508134401,0.009425413044343117,0.007154006794372184,0.01015201315046051,0.007737771083458706,0.010877923433353575,0.008242071430852406,0.01160214331631371,0.00872196034909499,0.012285488180426898,0.009188452081536234,0.012922808684171897,0.00966357448438129,0.014146317807898818,0.009116458752936697,0.014899338665712605,0.009674340367618252,0.015660388551981555,0.01033126973840874,0.016444524039527477,0.011115544377041577,0.01734792811039557,0.012028298904836657,0.01802056894267126,0.012787388790722611,0.01922965423885872,0.013933360746613062,0.020669154715071983,0.01522180063417158,0.022586987951307366,0.016790682108949767,0.02450333028762563,0.018324856013821656,0.027133018821271008,0.02038108390396491,0.029369192974702255,0.022229620020044846,0.031977290394066896,0.024396665868952852,0.034858826725457336,0.026809082178706166,0.038033498839655074,0.02953057089587045,0.045623745927286206,0.035410024630741145,0.05002194130885358,0.039295843371243575,0.05498439410633859,0.043797447595213604,0.06053427710889595,0.04872845012566295,0.06675964691531362,0.05403576600712026,0.08046403442141975,0.06499132115072864,0.08884447361922711,0.07231468567441993,0.09818774220641348,0.08038477857174144,0.10824009814173445,0.0893797293599415,0.11925991802426533,0.09965225807648526,0.1487611958971496,0.12368086825417013,0.16399846340584096,0.13715147062144312,0.18048822016834543,0.15187251860648554,0.19815283734099456,0.1678864801736745,0.21610363845970457,0.1846271157979823,0.25691323744009603,0.21966790507177836,0.27594852509124734,0.2380246826737694,0.29388542253646455,0.2557904477715127,0.3103149300471667,0.2725983243394174,0.3248407929288081,0.2880755380235074,0.34871108303709314,0.31154026800751866,0.36518577748664705,0.3293685553861505,0.38243907765179985,0.3482137145784778,0.40050921863465694,0.36813944753106637,0.4194321182584076,0.389204737527773,0.4482567506879737,0.4192024560317913,0.46959425494164736,0.4433407751174504,0.4919467273602981,0.46886638103942707,0.5153639894406081,0.4958642097264758,0.5398958626792612,0.5244144784446421,0.5781738344444985,0.5659858969070908,0.6062513322446134,0.5988684356330862,0.6361347215269132,0.6337752913163387,0.6682028328182997,0.6711257592553566,0.7030107785884684,0.7112186479489431,0.7502978628124602,0.7633560383278036,0.7920953593104247,0.8045604595364418,0.8401559126287531,0.8497951100219222,0.8971932333104156,0.8999644736616275,1,1
44593,2001,2,1,8.913523421551243e-4,9.894724955643397e-4,9.21085732777483e-4,0.0010520703268093862,9.45152359883913e-4,0.0011024509195438723,9.93208916478476e-4,0.001136033597107764,0.0010633713090171212,0.0012673370407965748,0.0011758462853220645,0.001334506980476801,0.0013375963581521329,0.001455114750127387,0.001430587670972539,0.001526858412624263,0.0014844718440481007,0.001687154741548139,0.0015926993299707815,0.001868819352154733,0.0021052241820661787,0.0020229930104120972,0.0019211402332420446,0.002258075939566218,0.0019682758789019406,0.0024992523346101313,0.00197184986022228,0.002612171012341516,0.002064587263909387,0.0027830913126201677,0.0020341026888025236,0.0036379183132023724,0.002171872232498323,0.004225537049115564,0.0023154487476274373,0.004200972883071614,0.0024629495161785095,0.004023750419402984,0.0026283166659117553,0.0041334899112956385,0.0046178292173147265,0.0035396438719158354,0.004992245782806776,0.0038014410797172667,0.005380153060137106,0.004098722006277693,0.005793930992354274,0.004424151052278097,0.0062871934309202595,0.004764276665030118,0.007171279930209524,0.00538576000387664,0.007742223186064156,0.005816455599819528,0.008308214742151853,0.006269201028502929,0.008856897550926944,0.006706079508134401,0.009425413044343117,0.007154006794372184,0.01015201315046051,0.007737771083458706,0.010877923433353575,0.008242071430852406,0.01160214331631371,0.00872196034909499,0.012285488180426898,0.009188452081536234,0.012922808684171897,0.00966357448438129,0.014146317807898818,0.009116458752936697,0.014899338665712605,0.009674340367618252,0.015660388551981555,0.01033126973840874,0.016444524039527477,0.011115544377041577,0.01734792811039557,0.012028298904836657,0.01802056894267126,0.012787388790722611,0.01922965423885872,0.013933360746613062,0.020669154715071983,0.01522180063417158,0.022586987951307366,0.016790682108949767,0.02450333028762563,0.018324856013821656,0.027133018821271008,0.02038108390396491,0.029369192974702255,0.022229620020044846,0.031977290394066896,0.024396665868952852,0.034858826725457336,0.026809082178706166,0.038033498839655074,0.02953057089587045,0.045623745927286206,0.035410024630741145,0.05002194130885358,0.039295843371243575,0.05498439410633859,0.043797447595213604,0.06053427710889595,0.04872845012566295,0.06675964691531362,0.05403576600712026,0.08046403442141975,0.06499132115072864,0.08884447361922711,0.07231468567441993,0.09818774220641348,0.08038477857174144,0.10824009814173445,0.0893797293599415,0.11925991802426533,0.09965225807648526,0.1487611958971496,0.12368086825417013,0.16399846340584096,0.13715147062144312,0.18048822016834543,0.15187251860648554,0.19815283734099456,0.1678864801736745,0.21610363845970457,0.1846271157979823,0.25691323744009603,0.21966790507177836,0.27594852509124734,0.2380246826737694,0.29388542253646455,0.2557904477715127,0.3103149300471667,0.2725983243394174,0.3248407929288081,0.2880755380235074,0.34871108303709314,0.31154026800751866,0.36518577748664705,0.3293685553861505,0.38243907765179985,0.3482137145784778,0.40050921863465694,0.36813944753106637,0.4194321182584076,0.389204737527773,0.4482567506879737,0.4192024560317913,0.46959425494164736,0.4433407751174504,0.4919467273602981,0.46886638103942707,0.5153639894406081,0.4958642097264758,0.5398958626792612,0.5244144784446421,0.5781738344444985,0.5659858969070908,0.6062513322446134,0.5988684356330862,0.6361347215269132,0.6337752913163387,0.6682028328182997,0.6711257592553566,0.7030107785884684,0.7112186479489431,0.7502978628124602,0.7633560383278036,0.7920953593104247,0.8045604595364418,0.8401559126287531,0.8497951100219222,0.8971932333104156,0.8999644736616275,1,1
44594,2001,2,1,8.913523421551243e-4,9.894724955643397e-4,9.21085732777483e-4,0.0010520703268093862,9.45152359883913e-4,0.0011024509195438723,9.93208916478476e-4,0.001136033597107764,0.0010633713090171212,0.0012673370407965748,0.0011758462853220645,0.001334506980476801,0.0013375963581521329,0.001455114750127387,0.001430587670972539,0.001526858412624263,0.0014844718440481007,0.001687154741548139,0.0015926993299707815,0.001868819352154733,0.0021052241820661787,0.0020229930104120972,0.0019211402332420446,0.002258075939566218,0.0019682758789019406,0.0024992523346101313,0.00197184986022228,0.002612171012341516,0.002064587263909387,0.0027830913126201677,0.0020341026888025236,0.0036379183132023724,0.002171872232498323,0.004225537049115564,0.0023154487476274373,0.004200972883071614,0.0024629495161785095,0.004023750419402984,0.0026283166659117553,0.0041334899112956385,0.0046178292173147265,0.0035396438719158354,0.004992245782806776,0.0038014410797172667,0.005380153060137106,0.004098722006277693,0.005793930992354274,0.004424151052278097,0.0062871934309202595,0.004764276665030118,0.007171279930209524,0.00538576000387664,0.007742223186064156,0.005816455599819528,0.008308214742151853,0.006269201028502929,0.008856897550926944,0.006706079508134401,0.009425413044343117,0.007154006794372184,0.01015201315046051,0.007737771083458706,0.010877923433353575,0.008242071430852406,0.01160214331631371,0.00872196034909499,0.012285488180426898,0.009188452081536234,0.012922808684171897,0.00966357448438129,0.014146317807898818,0.009116458752936697,0.014899338665712605,0.009674340367618252,0.015660388551981555,0.01033126973840874,0.016444524039527477,0.011115544377041577,0.01734792811039557,0.012028298904836657,0.01802056894267126,0.012787388790722611,0.01922965423885872,0.013933360746613062,0.020669154715071983,0.01522180063417158,0.022586987951307366,0.016790682108949767,0.02450333028762563,0.018324856013821656,0.027133018821271008,0.02038108390396491,0.029369192974702255,0.022229620020044846,0.031977290394066896,0.024396665868952852,0.034858826725457336,0.026809082178706166,0.038033498839655074,0.02953057089587045,0.045623745927286206,0.035410024630741145,0.05002194130885358,0.039295843371243575,0.05498439410633859,0.043797447595213604,0.06053427710889595,0.04872845012566295,0.06675964691531362,0.05403576600712026,0.08046403442141975,0.06499132115072864,0.08884447361922711,0.07231468567441993,0.09818774220641348,0.08038477857174144,0.10824009814173445,0.0893797293599415,0.11925991802426533,0.09965225807648526,0.1487611958971496,0.12368086825417013,0.16399846340584096,0.13715147062144312,0.18048822016834543,0.15187251860648554,0.19815283734099456,0.1678864801736745,0.21610363845970457,0.1846271157979823,0.25691323744009603,0.21966790507177836,0.27594852509124734,0.2380246826737694,0.29388542253646455,0.2557904477715127,0.3103149300471667,0.2725983243394174,0.3248407929288081,0.2880755380235074,0.34871108303709314,0.31154026800751866,0.36518577748664705,0.3293685553861505,0.38243907765179985,0.3482137145784778,0.40050921863465694,0.36813944753106637,0.4194321182584076,0.389204737527773,0.4482567506879737,0.4192024560317913,0.46959425494164736,0.4433407751174504,0.4919467273602981,0.46886638103942707,0.5153639894406081,0.4958642097264758,0.5398958626792612,0.5244144784446421,0.5781738344444985,0.5659858969070908,0.6062513322446134,0.5988684356330862,0.6361347215269132,0.6337752913163387,0.6682028328182997,0.6711257592553566,0.7030107785884684,0.7112186479489431,0.7502978628124602,0.7633560383278036,0.7920953593104247,0.8045604595364418,0.8401559126287531,0.8497951100219222,0.8971932333104156,0.8999644736616275,1,1
44595,2001,2,1,8.913523421551243e-4,9.894724955643397e-4,9.21085732777483e-4,0.0010520703268093862,9.45152359883913e-4,0.0011024509195438723,9.93208916478476e-4,0.001136033597107764,0.0010633713090171212,0.0012673370407965748,0.0011758462853220645,0.001334506980476801,0.0013375963581521329,0.001455114750127387,0.001430587670972539,0.001526858412624263,0.0014844718440481007,0.001687154741548139,0.0015926993299707815,0.001868819352154733,0.0021052241820661787,0.0020229930104120972,0.0019211402332420446,0.002258075939566218,0.0019682758789019406,0.0024992523346101313,0.00197184986022228,0.002612171012341516,0.002064587263909387,0.0027830913126201677,0.0020341026888025236,0.0036379183132023724,0.002171872232498323,0.004225537049115564,0.0023154487476274373,0.004200972883071614,0.0024629495161785095,0.004023750419402984,0.0026283166659117553,0.0041334899112956385,0.0046178292173147265,0.0035396438719158354,0.004992245782806776,0.0038014410797172667,0.005380153060137106,0.004098722006277693,0.005793930992354274,0.004424151052278097,0.0062871934309202595,0.004764276665030118,0.007171279930209524,0.00538576000387664,0.007742223186064156,0.005816455599819528,0.008308214742151853,0.006269201028502929,0.008856897550926944,0.006706079508134401,0.009425413044343117,0.007154006794372184,0.01015201315046051,0.007737771083458706,0.010877923433353575,0.008242071430852406,0.01160214331631371,0.00872196034909499,0.012285488180426898,0.009188452081536234,0.012922808684171897,0.00966357448438129,0.014146317807898818,0.009116458752936697,0.014899338665712605,0.009674340367618252,0.015660388551981555,0.01033126973840874,0.016444524039527477,0.011115544377041577,0.01734792811039557,0.012028298904836657,0.01802056894267126,0.012787388790722611,0.01922965423885872,0.013933360746613062,0.020669154715071983,0.01522180063417158,0.022586987951307366,0.016790682108949767,0.02450333028762563,0.018324856013821656,0.027133018821271008,0.02038108390396491,0.029369192974702255,0.022229620020044846,0.031977290394066896,0.024396665868952852,0.034858826725457336,0.026809082178706166,0.038033498839655074,0.02953057089587045,0.045623745927286206,0.035410024630741145,0.05002194130885358,0.039295843371243575,0.05498439410633859,0.043797447595213604,0.06053427710889595,0.04872845012566295,0.06675964691531362,0.05403576600712026,0.08046403442141975,0.06499132115072864,0.08884447361922711,0.07231468567441993,0.09818774220641348,0.08038477857174144,0.10824009814173445,0.0893797293599415,0.11925991802426533,0.09965225807648526,0.1487611958971496,0.12368086825417013,0.16399846340584096,0.13715147062144312,0.18048822016834543,0.15187251860648554,0.19815283734099456,0.1678864801736745,0.21610363845970457,0.1846271157979823,0.25691323744009603,0.21966790507177836,0.27594852509124734,0.2380246826737694,0.29388542253646455,0.2557904477715127,0.3103149300471667,0.2725983243394174,0.3248407929288081,0.2880755380235074,0.34871108303709314,0.31154026800751866,0.36518577748664705,0.3293685553861505,0.38243907765179985,0.3482137145784778,0.40050921863465694,0.36813944753106637,0.4194321182584076,0.389204737527773,0.4482567506879737,0.4192024560317913,0.46959425494164736,0.4433407751174504,0.4919467273602981,0.46886638103942707,0.5153639894406081,0.4958642097264758,0.5398958626792612,0.5244144784446421,0.5781738344444985,0.5659858969070908,0.6062513322446134,0.5988684356330862,0.6361347215269132,0.6337752913163387,0.6682028328182997,0.6711257592553566,0.7030107785884684,0.7112186479489431,0.7502978628124602,0.7633560383278036,0.7920953593104247,0.8045604595364418,0.8401559126287531,0.8497951100219222,0.8971932333104156,0.8999644736616275,1,1
