Y1,year,spsex,rsex,cmsurv30,cfsurv30,cmsurv31,cfsurv31,cmsurv32,cfsurv32,cmsurv33,cfsurv33,cmsurv34,cfsurv34,cmsurv35,cfsurv35,cmsurv36,cfsurv36,cmsurv37,cfsurv37,cmsurv38,cfsurv38,cmsurv39,cfsurv39,cmsurv40,cfsurv40,cmsurv41,cfsurv41,cmsurv42,cfsurv42,cmsurv43,cfsurv43,cmsurv44,cfsurv44,cmsurv45,cfsurv45,cmsurv46,cfsurv46,cmsurv47,cfsurv47,cmsurv48,cfsurv48,cmsurv49,cfsurv49,cmsurv50,cfsurv50,cmsurv51,cfsurv51,cmsurv52,cfsurv52,cmsurv53,cfsurv53,cmsurv54,cfsurv54,cmsurv55,cfsurv55,cmsurv56,cfsurv56,cmsurv57,cfsurv57,cmsurv58,cfsurv58,cmsurv59,cfsurv59,cmsurv60,cfsurv60,cmsurv61,cfsurv61,cmsurv62,cfsurv62,cmsurv63,cfsurv63,cmsurv64,cfsurv64,cmsurv65,cfsurv65,cmsurv66,cfsurv66,cmsurv67,cfsurv67,cmsurv68,cfsurv68,cmsurv69,cfsurv69,cmsurv70,cfsurv70,cmsurv71,cfsurv71,cmsurv72,cfsurv72,cmsurv73,cfsurv73,cmsurv74,cfsurv74,cmsurv75,cfsurv75,cmsurv76,cfsurv76,cmsurv77,cfsurv77,cmsurv78,cfsurv78,cmsurv79,cfsurv79,cmsurv80,cfsurv80,cmsurv81,cfsurv81,cmsurv82,cfsurv82,cmsurv83,cfsurv83,cmsurv84,cfsurv84,cmsurv85,cfsurv85,cmsurv86,cfsurv86,cmsurv87,cfsurv87,cmsurv88,cfsurv88,cmsurv89,cfsurv89,cmsurv90,cfsurv90,cmsurv91,cfsurv91,cmsurv92,cfsurv92,cmsurv93,cfsurv93,cmsurv94,cfsurv94,cmsurv95,cfsurv95,cmsurv96,cfsurv96,cmsurv97,cfsurv97,cmsurv98,cfsurv98,cmsurv99,cfsurv99,cmsurv100,cfsurv100,cmsurv101,cfsurv101,cmsurv102,cfsurv102,cmsurv103,cfsurv103,cmsurv104,cfsurv104,cmsurv105,cfsurv105,cmsurv106,cfsurv106,cmsurv107,cfsurv107,cmsurv108,cfsurv108,cmsurv109,cfsurv109,cmsurv110,cfsurv110,cmsurv111,cfsurv111,cmsurv112,cfsurv112,cmsurv113,cfsurv113,cmsurv114,cfsurv114,cmsurv115,cfsurv115,cmsurv116,cfsurv116,cmsurv117,cfsurv117,cmsurv118,cfsurv118,cmsurv119,cfsurv119
121,2016,0,2,,0.0014059116487930168,,0.0015107359427928438,,0.0016881358581276667,,0.0018198327841285158,,0.0019300201422876879,,0.002073802426980028,,0.0022928410442773772,,0.0024863340513118564,,0.002671752696116785,,0.0028087786708145043,,0.0029968610390456534,,0.003168802156505616,,0.003348790078939718,,0.0034736645541009765,,0.003630771262640202,,0.003851009568849809,,0.0041384004783432855,,0.004212123611958808,,0.004699626555969837,,0.005043312020035046,,0.005107790665278282,,0.00563644835022115,,0.0060074283540749816,,0.006604982702013745,,0.007056571887069016,,0.007605749751739552,,0.008412665390961065,,0.00899804810038018,,0.00961583302217443,,0.010495138550298634,,0.01114247045914018,,0.012333686583401504,,0.013274621065023985,,0.014545740804981104,,0.015877510256937184,,0.014680398605053907,,0.01602279527329449,,0.01750024471358792,,0.018885643541974875,,0.020079449433509713,,0.0216810420214878,,0.023349237659483414,,0.024960986272596228,,0.026990214468992267,,0.028816378597405223,,0.03098484239503214,,0.03432627926876604,,0.03655576641361525,,0.04008047942356732,,0.04411590703261521,,0.048573763784897646,,0.05422403296001423,,0.06022520888374368,,0.0677484707680168,,0.07391615976672497,,0.08298609343469299,,0.09211258567128293,,0.10249960423621009,,0.1176718844901748,,0.12806031115224603,,0.1434335469843495,,0.15949057043515916,,0.17678888739537726,,0.19515831926730073,,0.2145427880233964,,0.23709614587620106,,0.25686819895890156,,0.2760326469485422,,0.2942062750898146,,0.31098197567745683,,0.33031718338425664,,0.3492982881854344,,0.3693801896920849,,0.3906013088405701,,0.4130179806920281,,0.43904306910589386,,0.4644293396066721,,0.4912959448701335,,0.5197082943612344,,0.5497628427343467,,0.5856301613982312,,0.6197082467822858,,0.6557691341019893,,0.693926979804383,,0.7343035507663104,,0.7787000237034586,,0.8183503879075292,,0.8621579955181812,,0.9090514940428857,1,1
122,2016,0,2,,0.0014059116487930168,,0.0015107359427928438,,0.0016881358581276667,,0.0018198327841285158,,0.0019300201422876879,,0.002073802426980028,,0.0022928410442773772,,0.0024863340513118564,,0.002671752696116785,,0.0028087786708145043,,0.0029968610390456534,,0.003168802156505616,,0.003348790078939718,,0.0034736645541009765,,0.003630771262640202,,0.003851009568849809,,0.0041384004783432855,,0.004212123611958808,,0.004699626555969837,,0.005043312020035046,,0.005107790665278282,,0.00563644835022115,,0.0060074283540749816,,0.006604982702013745,,0.007056571887069016,,0.007605749751739552,,0.008412665390961065,,0.00899804810038018,,0.00961583302217443,,0.010495138550298634,,0.01114247045914018,,0.012333686583401504,,0.013274621065023985,,0.014545740804981104,,0.015877510256937184,,0.014680398605053907,,0.01602279527329449,,0.01750024471358792,,0.018885643541974875,,0.020079449433509713,,0.0216810420214878,,0.023349237659483414,,0.024960986272596228,,0.026990214468992267,,0.028816378597405223,,0.03098484239503214,,0.03432627926876604,,0.03655576641361525,,0.04008047942356732,,0.04411590703261521,,0.048573763784897646,,0.05422403296001423,,0.06022520888374368,,0.0677484707680168,,0.07391615976672497,,0.08298609343469299,,0.09211258567128293,,0.10249960423621009,,0.1176718844901748,,0.12806031115224603,,0.1434335469843495,,0.15949057043515916,,0.17678888739537726,,0.19515831926730073,,0.2145427880233964,,0.23709614587620106,,0.25686819895890156,,0.2760326469485422,,0.2942062750898146,,0.31098197567745683,,0.33031718338425664,,0.3492982881854344,,0.3693801896920849,,0.3906013088405701,,0.4130179806920281,,0.43904306910589386,,0.4644293396066721,,0.4912959448701335,,0.5197082943612344,,0.5497628427343467,,0.5856301613982312,,0.6197082467822858,,0.6557691341019893,,0.693926979804383,,0.7343035507663104,,0.7787000237034586,,0.8183503879075292,,0.8621579955181812,,0.9090514940428857,1,1
123,2016,0,2,,0.0014059116487930168,,0.0015107359427928438,,0.0016881358581276667,,0.0018198327841285158,,0.0019300201422876879,,0.002073802426980028,,0.0022928410442773772,,0.0024863340513118564,,0.002671752696116785,,0.0028087786708145043,,0.0029968610390456534,,0.003168802156505616,,0.003348790078939718,,0.0034736645541009765,,0.003630771262640202,,0.003851009568849809,,0.0041384004783432855,,0.004212123611958808,,0.004699626555969837,,0.005043312020035046,,0.005107790665278282,,0.00563644835022115,,0.0060074283540749816,,0.006604982702013745,,0.007056571887069016,,0.007605749751739552,,0.008412665390961065,,0.00899804810038018,,0.00961583302217443,,0.010495138550298634,,0.01114247045914018,,0.012333686583401504,,0.013274621065023985,,0.014545740804981104,,0.015877510256937184,,0.014680398605053907,,0.01602279527329449,,0.01750024471358792,,0.018885643541974875,,0.020079449433509713,,0.0216810420214878,,0.023349237659483414,,0.024960986272596228,,0.026990214468992267,,0.028816378597405223,,0.03098484239503214,,0.03432627926876604,,0.03655576641361525,,0.04008047942356732,,0.04411590703261521,,0.048573763784897646,,0.05422403296001423,,0.06022520888374368,,0.0677484707680168,,0.07391615976672497,,0.08298609343469299,,0.09211258567128293,,0.10249960423621009,,0.1176718844901748,,0.12806031115224603,,0.1434335469843495,,0.15949057043515916,,0.17678888739537726,,0.19515831926730073,,0.2145427880233964,,0.23709614587620106,,0.25686819895890156,,0.2760326469485422,,0.2942062750898146,,0.31098197567745683,,0.33031718338425664,,0.3492982881854344,,0.3693801896920849,,0.3906013088405701,,0.4130179806920281,,0.43904306910589386,,0.4644293396066721,,0.4912959448701335,,0.5197082943612344,,0.5497628427343467,,0.5856301613982312,,0.6197082467822858,,0.6557691341019893,,0.693926979804383,,0.7343035507663104,,0.7787000237034586,,0.8183503879075292,,0.8621579955181812,,0.9090514940428857,1,1
124,2016,0,2,,0.0014059116487930168,,0.0015107359427928438,,0.0016881358581276667,,0.0018198327841285158,,0.0019300201422876879,,0.002073802426980028,,0.0022928410442773772,,0.0024863340513118564,,0.002671752696116785,,0.0028087786708145043,,0.0029968610390456534,,0.003168802156505616,,0.003348790078939718,,0.0034736645541009765,,0.003630771262640202,,0.003851009568849809,,0.0041384004783432855,,0.004212123611958808,,0.004699626555969837,,0.005043312020035046,,0.005107790665278282,,0.00563644835022115,,0.0060074283540749816,,0.006604982702013745,,0.007056571887069016,,0.007605749751739552,,0.008412665390961065,,0.00899804810038018,,0.00961583302217443,,0.010495138550298634,,0.01114247045914018,,0.012333686583401504,,0.013274621065023985,,0.014545740804981104,,0.015877510256937184,,0.014680398605053907,,0.01602279527329449,,0.01750024471358792,,0.018885643541974875,,0.020079449433509713,,0.0216810420214878,,0.023349237659483414,,0.024960986272596228,,0.026990214468992267,,0.028816378597405223,,0.03098484239503214,,0.03432627926876604,,0.03655576641361525,,0.04008047942356732,,0.04411590703261521,,0.048573763784897646,,0.05422403296001423,,0.06022520888374368,,0.0677484707680168,,0.07391615976672497,,0.08298609343469299,,0.09211258567128293,,0.10249960423621009,,0.1176718844901748,,0.12806031115224603,,0.1434335469843495,,0.15949057043515916,,0.17678888739537726,,0.19515831926730073,,0.2145427880233964,,0.23709614587620106,,0.25686819895890156,,0.2760326469485422,,0.2942062750898146,,0.31098197567745683,,0.33031718338425664,,0.3492982881854344,,0.3693801896920849,,0.3906013088405701,,0.4130179806920281,,0.43904306910589386,,0.4644293396066721,,0.4912959448701335,,0.5197082943612344,,0.5497628427343467,,0.5856301613982312,,0.6197082467822858,,0.6557691341019893,,0.693926979804383,,0.7343035507663104,,0.7787000237034586,,0.8183503879075292,,0.8621579955181812,,0.9090514940428857,1,1
125,2016,0,2,,0.0014059116487930168,,0.0015107359427928438,,0.0016881358581276667,,0.0018198327841285158,,0.0019300201422876879,,0.002073802426980028,,0.0022928410442773772,,0.0024863340513118564,,0.002671752696116785,,0.0028087786708145043,,0.0029968610390456534,,0.003168802156505616,,0.003348790078939718,,0.0034736645541009765,,0.003630771262640202,,0.003851009568849809,,0.0041384004783432855,,0.004212123611958808,,0.004699626555969837,,0.005043312020035046,,0.005107790665278282,,0.00563644835022115,,0.0060074283540749816,,0.006604982702013745,,0.007056571887069016,,0.007605749751739552,,0.008412665390961065,,0.00899804810038018,,0.00961583302217443,,0.010495138550298634,,0.01114247045914018,,0.012333686583401504,,0.013274621065023985,,0.014545740804981104,,0.015877510256937184,,0.014680398605053907,,0.01602279527329449,,0.01750024471358792,,0.018885643541974875,,0.020079449433509713,,0.0216810420214878,,0.023349237659483414,,0.024960986272596228,,0.026990214468992267,,0.028816378597405223,,0.03098484239503214,,0.03432627926876604,,0.03655576641361525,,0.04008047942356732,,0.04411590703261521,,0.048573763784897646,,0.05422403296001423,,0.06022520888374368,,0.0677484707680168,,0.07391615976672497,,0.08298609343469299,,0.09211258567128293,,0.10249960423621009,,0.1176718844901748,,0.12806031115224603,,0.1434335469843495,,0.15949057043515916,,0.17678888739537726,,0.19515831926730073,,0.2145427880233964,,0.23709614587620106,,0.25686819895890156,,0.2760326469485422,,0.2942062750898146,,0.31098197567745683,,0.33031718338425664,,0.3492982881854344,,0.3693801896920849,,0.3906013088405701,,0.4130179806920281,,0.43904306910589386,,0.4644293396066721,,0.4912959448701335,,0.5197082943612344,,0.5497628427343467,,0.5856301613982312,,0.6197082467822858,,0.6557691341019893,,0.693926979804383,,0.7343035507663104,,0.7787000237034586,,0.8183503879075292,,0.8621579955181812,,0.9090514940428857,1,1
221,2016,0,2,,0.001536946210582082,,0.0016460742533095866,,0.0017832213117947458,,0.001997058154645039,,0.0021445139764541456,,0.0022654129347016065,,0.002483642707048107,,0.002744627328377609,,0.002968723720286379,,0.0031647808793663543,,0.003369666122944156,,0.0035922238579571726,,0.0037955845416562956,,0.0040121866003202606,,0.004153556932384411,,0.004362718007526226,,0.004602797477468936,,0.004959289689447672,,0.005087219591027418,,0.0056322492656655865,,0.005757072277514,,0.006022707230600306,,0.0066794488327754226,,0.007110947071514564,,0.0077843228302572915,,0.00821135239573473,,0.008915354669578613,,0.0099412398746909,,0.01060679133686066,,0.01137051615285877,,0.0123138922252123,,0.013109247077142974,,0.014566221653746764,,0.015717537622635055,,0.017177301660882303,,0.015495241374664386,,0.01665998067900504,,0.018168629299855476,,0.019730117779967,,0.02119951542396158,,0.02268572233791975,,0.024653259111505784,,0.0265377013965036,,0.02821043954912025,,0.03055736248150847,,0.032789540793808844,,0.035557797283268855,,0.039307852812068916,,0.041718354698750536,,0.04579143137374859,,0.050751368973433506,,0.05615010590791784,,0.0628119828800437,,0.0693001925692674,,0.07820585083648882,,0.08541535864069938,,0.09615725897913935,,0.10700037261005471,,0.11920991200066289,,0.13635560815101727,,0.14986908781293012,,0.1660121680056339,,0.18394431065770114,,0.20308099800615878,,0.2232425191466596,,0.24633783643068277,,0.2668806614575235,,0.28679182384299257,,0.3056701174301295,,0.3231104574926557,,0.34304331671066884,,0.3627662353392908,,0.38361104461546053,,0.4056637561554903,,0.42896878247252723,,0.4558061781681556,,0.4821689527574317,,0.5100459671197877,,0.5395513322379099,,0.5707520026382659,,0.6077690797884862,,0.6431442832905117,,0.6805689228202464,,0.7202889648658898,,0.762327150417576,,0.8093751868848588,,0.8538822141780152,,0.9014362677156269,,0.9530632747405066,1,1
222,2016,0,2,,0.001536946210582082,,0.0016460742533095866,,0.0017832213117947458,,0.001997058154645039,,0.0021445139764541456,,0.0022654129347016065,,0.002483642707048107,,0.002744627328377609,,0.002968723720286379,,0.0031647808793663543,,0.003369666122944156,,0.0035922238579571726,,0.0037955845416562956,,0.0040121866003202606,,0.004153556932384411,,0.004362718007526226,,0.004602797477468936,,0.004959289689447672,,0.005087219591027418,,0.0056322492656655865,,0.005757072277514,,0.006022707230600306,,0.0066794488327754226,,0.007110947071514564,,0.0077843228302572915,,0.00821135239573473,,0.008915354669578613,,0.0099412398746909,,0.01060679133686066,,0.01137051615285877,,0.0123138922252123,,0.013109247077142974,,0.014566221653746764,,0.015717537622635055,,0.017177301660882303,,0.015495241374664386,,0.01665998067900504,,0.018168629299855476,,0.019730117779967,,0.02119951542396158,,0.02268572233791975,,0.024653259111505784,,0.0265377013965036,,0.02821043954912025,,0.03055736248150847,,0.032789540793808844,,0.035557797283268855,,0.039307852812068916,,0.041718354698750536,,0.04579143137374859,,0.050751368973433506,,0.05615010590791784,,0.0628119828800437,,0.0693001925692674,,0.07820585083648882,,0.08541535864069938,,0.09615725897913935,,0.10700037261005471,,0.11920991200066289,,0.13635560815101727,,0.14986908781293012,,0.1660121680056339,,0.18394431065770114,,0.20308099800615878,,0.2232425191466596,,0.24633783643068277,,0.2668806614575235,,0.28679182384299257,,0.3056701174301295,,0.3231104574926557,,0.34304331671066884,,0.3627662353392908,,0.38361104461546053,,0.4056637561554903,,0.42896878247252723,,0.4558061781681556,,0.4821689527574317,,0.5100459671197877,,0.5395513322379099,,0.5707520026382659,,0.6077690797884862,,0.6431442832905117,,0.6805689228202464,,0.7202889648658898,,0.762327150417576,,0.8093751868848588,,0.8538822141780152,,0.9014362677156269,,0.9530632747405066,1,1
223,2016,0,2,,0.001536946210582082,,0.0016460742533095866,,0.0017832213117947458,,0.001997058154645039,,0.0021445139764541456,,0.0022654129347016065,,0.002483642707048107,,0.002744627328377609,,0.002968723720286379,,0.0031647808793663543,,0.003369666122944156,,0.0035922238579571726,,0.0037955845416562956,,0.0040121866003202606,,0.004153556932384411,,0.004362718007526226,,0.004602797477468936,,0.004959289689447672,,0.005087219591027418,,0.0056322492656655865,,0.005757072277514,,0.006022707230600306,,0.0066794488327754226,,0.007110947071514564,,0.0077843228302572915,,0.00821135239573473,,0.008915354669578613,,0.0099412398746909,,0.01060679133686066,,0.01137051615285877,,0.0123138922252123,,0.013109247077142974,,0.014566221653746764,,0.015717537622635055,,0.017177301660882303,,0.015495241374664386,,0.01665998067900504,,0.018168629299855476,,0.019730117779967,,0.02119951542396158,,0.02268572233791975,,0.024653259111505784,,0.0265377013965036,,0.02821043954912025,,0.03055736248150847,,0.032789540793808844,,0.035557797283268855,,0.039307852812068916,,0.041718354698750536,,0.04579143137374859,,0.050751368973433506,,0.05615010590791784,,0.0628119828800437,,0.0693001925692674,,0.07820585083648882,,0.08541535864069938,,0.09615725897913935,,0.10700037261005471,,0.11920991200066289,,0.13635560815101727,,0.14986908781293012,,0.1660121680056339,,0.18394431065770114,,0.20308099800615878,,0.2232425191466596,,0.24633783643068277,,0.2668806614575235,,0.28679182384299257,,0.3056701174301295,,0.3231104574926557,,0.34304331671066884,,0.3627662353392908,,0.38361104461546053,,0.4056637561554903,,0.42896878247252723,,0.4558061781681556,,0.4821689527574317,,0.5100459671197877,,0.5395513322379099,,0.5707520026382659,,0.6077690797884862,,0.6431442832905117,,0.6805689228202464,,0.7202889648658898,,0.762327150417576,,0.8093751868848588,,0.8538822141780152,,0.9014362677156269,,0.9530632747405066,1,1
224,2016,0,2,,0.001536946210582082,,0.0016460742533095866,,0.0017832213117947458,,0.001997058154645039,,0.0021445139764541456,,0.0022654129347016065,,0.002483642707048107,,0.002744627328377609,,0.002968723720286379,,0.0031647808793663543,,0.003369666122944156,,0.0035922238579571726,,0.0037955845416562956,,0.0040121866003202606,,0.004153556932384411,,0.004362718007526226,,0.004602797477468936,,0.004959289689447672,,0.005087219591027418,,0.0056322492656655865,,0.005757072277514,,0.006022707230600306,,0.0066794488327754226,,0.007110947071514564,,0.0077843228302572915,,0.00821135239573473,,0.008915354669578613,,0.0099412398746909,,0.01060679133686066,,0.01137051615285877,,0.0123138922252123,,0.013109247077142974,,0.014566221653746764,,0.015717537622635055,,0.017177301660882303,,0.015495241374664386,,0.01665998067900504,,0.018168629299855476,,0.019730117779967,,0.02119951542396158,,0.02268572233791975,,0.024653259111505784,,0.0265377013965036,,0.02821043954912025,,0.03055736248150847,,0.032789540793808844,,0.035557797283268855,,0.039307852812068916,,0.041718354698750536,,0.04579143137374859,,0.050751368973433506,,0.05615010590791784,,0.0628119828800437,,0.0693001925692674,,0.07820585083648882,,0.08541535864069938,,0.09615725897913935,,0.10700037261005471,,0.11920991200066289,,0.13635560815101727,,0.14986908781293012,,0.1660121680056339,,0.18394431065770114,,0.20308099800615878,,0.2232425191466596,,0.24633783643068277,,0.2668806614575235,,0.28679182384299257,,0.3056701174301295,,0.3231104574926557,,0.34304331671066884,,0.3627662353392908,,0.38361104461546053,,0.4056637561554903,,0.42896878247252723,,0.4558061781681556,,0.4821689527574317,,0.5100459671197877,,0.5395513322379099,,0.5707520026382659,,0.6077690797884862,,0.6431442832905117,,0.6805689228202464,,0.7202889648658898,,0.762327150417576,,0.8093751868848588,,0.8538822141780152,,0.9014362677156269,,0.9530632747405066,1,1
225,2016,0,2,,0.001536946210582082,,0.0016460742533095866,,0.0017832213117947458,,0.001997058154645039,,0.0021445139764541456,,0.0022654129347016065,,0.002483642707048107,,0.002744627328377609,,0.002968723720286379,,0.0031647808793663543,,0.003369666122944156,,0.0035922238579571726,,0.0037955845416562956,,0.0040121866003202606,,0.004153556932384411,,0.004362718007526226,,0.004602797477468936,,0.004959289689447672,,0.005087219591027418,,0.0056322492656655865,,0.005757072277514,,0.006022707230600306,,0.0066794488327754226,,0.007110947071514564,,0.0077843228302572915,,0.00821135239573473,,0.008915354669578613,,0.0099412398746909,,0.01060679133686066,,0.01137051615285877,,0.0123138922252123,,0.013109247077142974,,0.014566221653746764,,0.015717537622635055,,0.017177301660882303,,0.015495241374664386,,0.01665998067900504,,0.018168629299855476,,0.019730117779967,,0.02119951542396158,,0.02268572233791975,,0.024653259111505784,,0.0265377013965036,,0.02821043954912025,,0.03055736248150847,,0.032789540793808844,,0.035557797283268855,,0.039307852812068916,,0.041718354698750536,,0.04579143137374859,,0.050751368973433506,,0.05615010590791784,,0.0628119828800437,,0.0693001925692674,,0.07820585083648882,,0.08541535864069938,,0.09615725897913935,,0.10700037261005471,,0.11920991200066289,,0.13635560815101727,,0.14986908781293012,,0.1660121680056339,,0.18394431065770114,,0.20308099800615878,,0.2232425191466596,,0.24633783643068277,,0.2668806614575235,,0.28679182384299257,,0.3056701174301295,,0.3231104574926557,,0.34304331671066884,,0.3627662353392908,,0.38361104461546053,,0.4056637561554903,,0.42896878247252723,,0.4558061781681556,,0.4821689527574317,,0.5100459671197877,,0.5395513322379099,,0.5707520026382659,,0.6077690797884862,,0.6431442832905117,,0.6805689228202464,,0.7202889648658898,,0.762327150417576,,0.8093751868848588,,0.8538822141780152,,0.9014362677156269,,0.9530632747405066,1,1
291,2016,2,1,5.775471054319383e-4,2.3719496839378916e-4,6.202236766930744e-4,2.4591706202417167e-4,6.473017462883983e-4,2.662498221876211e-4,6.54134627229859e-4,2.7389106794158244e-4,6.618192401222217e-4,3.076579207718776e-4,6.977955802847088e-4,3.218409019215327e-4,6.945247542874581e-4,3.5308580357865045e-4,7.398218372939889e-4,3.9305247382750356e-4,7.851429565445308e-4,4.2432301142796285e-4,8.334473833456625e-4,4.817468075624814e-4,9.113576297394993e-4,5.22856708773902e-4,9.969203512524135e-4,5.447418807672336e-4,0.0011226932472472408,5.797215361684596e-4,0.0012083783644745978,7.52786483984774e-4,0.0013030100116206934,8.456355898706978e-4,0.0013998334237075687,8.342276050500747e-4,0.001883939965878883,8.108357706315268e-4,0.0019226522211368653,8.398280703670915e-4,0.0019440733263215316,8.965179662207914e-4,0.0019312452556704655,9.569195566370751e-4,0.0029483664970763462,0.001191067997912347,0.0031879014690439577,0.0012808158912989299,0.0034349761693321726,0.001381621384425856,0.00369882807218955,0.00149181907466855,0.004015131066168564,0.0016067893606863109,0.004569590725712547,0.001819048466979175,0.004933890821849465,0.001965225048502523,0.005296098304040538,0.002119235267383522,0.005647016103252987,0.0022680078664116606,0.0060119082222927995,0.002420877304504064,0.006481981803674539,0.0026193909459681203,0.00694775496312134,0.0027920633860277796,0.00741236342772416,0.0029567020890212043,0.007851814791647574,0.0031171616031683996,0.008262432399043122,0.0032819870810783694,0.008005092220819996,0.004529790324941378,0.008435451461847222,0.004808791755624327,0.008872200031484662,0.0051373792729716965,0.009322790103874143,0.005530068267101317,0.009842522745659311,0.005986975667056251,0.010246995333677348,0.0063644358818636835,0.010944379092666904,0.006939293562709973,0.011773942016574931,0.0075854323744449104,0.012879584893523522,0.008372954549028781,0.013987752459185916,0.009144241127868848,0.015452630504614246,0.010190195082275973,0.01672627347208145,0.011114492232426764,0.018211984774886853,0.012197464415534248,0.019853048462881884,0.013404118658550936,0.021661177612727626,0.014764017990430745,0.025622046957343696,0.017787290196309074,0.028092273177402323,0.019739053434388573,0.030878752467311216,0.02200032348580186,0.03399566381460753,0.024476981319593617,0.03749109248137379,0.027143083869539005,0.044673057907798255,0.032770919258968856,0.04932623173085851,0.03646388456972145,0.05451327525857831,0.04053332600429526,0.060094864526462184,0.04506853597667349,0.06621278940988164,0.050248099314822645,0.08136272935446373,0.0626766380178946,0.08969627515999216,0.06950328439776153,0.09871534418905568,0.07696342425521224,0.10837616652360488,0.085078777366621,0.11819419067650068,0.09356216002214986,0.13921299850602364,0.11166559363012937,0.1495279037004386,0.12099665089137746,0.1592466749405744,0.13002785457323585,0.1681492296807457,0.13857156994091555,0.17602103367473837,0.14644016225962742,0.18848436371989066,0.1584994647643363,0.19739000084865696,0.16756928138197125,0.2067154593040666,0.17715735599698182,0.21648293228400395,0.18729445829256505,0.22671029764231995,0.1980119612790394,0.24179920629272042,0.2134185226538765,0.25330946178428876,0.22570708946475848,0.26536714949033474,0.23870215233492675,0.27799877795277594,0.25244654749000844,0.29123208866896716,0.26698250782850896,0.31134037586994096,0.28834785580747974,0.32659150428937067,0.3051126721088239,0.34279801163863804,0.32284930039238646,0.360201861827917,0.3416843234322712,0.3794130708498703,0.3617332921404986,0.40556895626137207,0.3877615691068539,0.4299942930009084,0.4085654741612622,0.45802803650591567,0.43005715999367483,0.4893125971975016,0.45642458031386124,1,1
292,2016,2,1,5.775471054319383e-4,2.3719496839378916e-4,6.202236766930744e-4,2.4591706202417167e-4,6.473017462883983e-4,2.662498221876211e-4,6.54134627229859e-4,2.7389106794158244e-4,6.618192401222217e-4,3.076579207718776e-4,6.977955802847088e-4,3.218409019215327e-4,6.945247542874581e-4,3.5308580357865045e-4,7.398218372939889e-4,3.9305247382750356e-4,7.851429565445308e-4,4.2432301142796285e-4,8.334473833456625e-4,4.817468075624814e-4,9.113576297394993e-4,5.22856708773902e-4,9.969203512524135e-4,5.447418807672336e-4,0.0011226932472472408,5.797215361684596e-4,0.0012083783644745978,7.52786483984774e-4,0.0013030100116206934,8.456355898706978e-4,0.0013998334237075687,8.342276050500747e-4,0.001883939965878883,8.108357706315268e-4,0.0019226522211368653,8.398280703670915e-4,0.0019440733263215316,8.965179662207914e-4,0.0019312452556704655,9.569195566370751e-4,0.0029483664970763462,0.001191067997912347,0.0031879014690439577,0.0012808158912989299,0.0034349761693321726,0.001381621384425856,0.00369882807218955,0.00149181907466855,0.004015131066168564,0.0016067893606863109,0.004569590725712547,0.001819048466979175,0.004933890821849465,0.001965225048502523,0.005296098304040538,0.002119235267383522,0.005647016103252987,0.0022680078664116606,0.0060119082222927995,0.002420877304504064,0.006481981803674539,0.0026193909459681203,0.00694775496312134,0.0027920633860277796,0.00741236342772416,0.0029567020890212043,0.007851814791647574,0.0031171616031683996,0.008262432399043122,0.0032819870810783694,0.008005092220819996,0.004529790324941378,0.008435451461847222,0.004808791755624327,0.008872200031484662,0.0051373792729716965,0.009322790103874143,0.005530068267101317,0.009842522745659311,0.005986975667056251,0.010246995333677348,0.0063644358818636835,0.010944379092666904,0.006939293562709973,0.011773942016574931,0.0075854323744449104,0.012879584893523522,0.008372954549028781,0.013987752459185916,0.009144241127868848,0.015452630504614246,0.010190195082275973,0.01672627347208145,0.011114492232426764,0.018211984774886853,0.012197464415534248,0.019853048462881884,0.013404118658550936,0.021661177612727626,0.014764017990430745,0.025622046957343696,0.017787290196309074,0.028092273177402323,0.019739053434388573,0.030878752467311216,0.02200032348580186,0.03399566381460753,0.024476981319593617,0.03749109248137379,0.027143083869539005,0.044673057907798255,0.032770919258968856,0.04932623173085851,0.03646388456972145,0.05451327525857831,0.04053332600429526,0.060094864526462184,0.04506853597667349,0.06621278940988164,0.050248099314822645,0.08136272935446373,0.0626766380178946,0.08969627515999216,0.06950328439776153,0.09871534418905568,0.07696342425521224,0.10837616652360488,0.085078777366621,0.11819419067650068,0.09356216002214986,0.13921299850602364,0.11166559363012937,0.1495279037004386,0.12099665089137746,0.1592466749405744,0.13002785457323585,0.1681492296807457,0.13857156994091555,0.17602103367473837,0.14644016225962742,0.18848436371989066,0.1584994647643363,0.19739000084865696,0.16756928138197125,0.2067154593040666,0.17715735599698182,0.21648293228400395,0.18729445829256505,0.22671029764231995,0.1980119612790394,0.24179920629272042,0.2134185226538765,0.25330946178428876,0.22570708946475848,0.26536714949033474,0.23870215233492675,0.27799877795277594,0.25244654749000844,0.29123208866896716,0.26698250782850896,0.31134037586994096,0.28834785580747974,0.32659150428937067,0.3051126721088239,0.34279801163863804,0.32284930039238646,0.360201861827917,0.3416843234322712,0.3794130708498703,0.3617332921404986,0.40556895626137207,0.3877615691068539,0.4299942930009084,0.4085654741612622,0.45802803650591567,0.43005715999367483,0.4893125971975016,0.45642458031386124,1,1
293,2016,2,1,5.775471054319383e-4,2.3719496839378916e-4,6.202236766930744e-4,2.4591706202417167e-4,6.473017462883983e-4,2.662498221876211e-4,6.54134627229859e-4,2.7389106794158244e-4,6.618192401222217e-4,3.076579207718776e-4,6.977955802847088e-4,3.218409019215327e-4,6.945247542874581e-4,3.5308580357865045e-4,7.398218372939889e-4,3.9305247382750356e-4,7.851429565445308e-4,4.2432301142796285e-4,8.334473833456625e-4,4.817468075624814e-4,9.113576297394993e-4,5.22856708773902e-4,9.969203512524135e-4,5.447418807672336e-4,0.0011226932472472408,5.797215361684596e-4,0.0012083783644745978,7.52786483984774e-4,0.0013030100116206934,8.456355898706978e-4,0.0013998334237075687,8.342276050500747e-4,0.001883939965878883,8.108357706315268e-4,0.0019226522211368653,8.398280703670915e-4,0.0019440733263215316,8.965179662207914e-4,0.0019312452556704655,9.569195566370751e-4,0.0029483664970763462,0.001191067997912347,0.0031879014690439577,0.0012808158912989299,0.0034349761693321726,0.001381621384425856,0.00369882807218955,0.00149181907466855,0.004015131066168564,0.0016067893606863109,0.004569590725712547,0.001819048466979175,0.004933890821849465,0.001965225048502523,0.005296098304040538,0.002119235267383522,0.005647016103252987,0.0022680078664116606,0.0060119082222927995,0.002420877304504064,0.006481981803674539,0.0026193909459681203,0.00694775496312134,0.0027920633860277796,0.00741236342772416,0.0029567020890212043,0.007851814791647574,0.0031171616031683996,0.008262432399043122,0.0032819870810783694,0.008005092220819996,0.004529790324941378,0.008435451461847222,0.004808791755624327,0.008872200031484662,0.0051373792729716965,0.009322790103874143,0.005530068267101317,0.009842522745659311,0.005986975667056251,0.010246995333677348,0.0063644358818636835,0.010944379092666904,0.006939293562709973,0.011773942016574931,0.0075854323744449104,0.012879584893523522,0.008372954549028781,0.013987752459185916,0.009144241127868848,0.015452630504614246,0.010190195082275973,0.01672627347208145,0.011114492232426764,0.018211984774886853,0.012197464415534248,0.019853048462881884,0.013404118658550936,0.021661177612727626,0.014764017990430745,0.025622046957343696,0.017787290196309074,0.028092273177402323,0.019739053434388573,0.030878752467311216,0.02200032348580186,0.03399566381460753,0.024476981319593617,0.03749109248137379,0.027143083869539005,0.044673057907798255,0.032770919258968856,0.04932623173085851,0.03646388456972145,0.05451327525857831,0.04053332600429526,0.060094864526462184,0.04506853597667349,0.06621278940988164,0.050248099314822645,0.08136272935446373,0.0626766380178946,0.08969627515999216,0.06950328439776153,0.09871534418905568,0.07696342425521224,0.10837616652360488,0.085078777366621,0.11819419067650068,0.09356216002214986,0.13921299850602364,0.11166559363012937,0.1495279037004386,0.12099665089137746,0.1592466749405744,0.13002785457323585,0.1681492296807457,0.13857156994091555,0.17602103367473837,0.14644016225962742,0.18848436371989066,0.1584994647643363,0.19739000084865696,0.16756928138197125,0.2067154593040666,0.17715735599698182,0.21648293228400395,0.18729445829256505,0.22671029764231995,0.1980119612790394,0.24179920629272042,0.2134185226538765,0.25330946178428876,0.22570708946475848,0.26536714949033474,0.23870215233492675,0.27799877795277594,0.25244654749000844,0.29123208866896716,0.26698250782850896,0.31134037586994096,0.28834785580747974,0.32659150428937067,0.3051126721088239,0.34279801163863804,0.32284930039238646,0.360201861827917,0.3416843234322712,0.3794130708498703,0.3617332921404986,0.40556895626137207,0.3877615691068539,0.4299942930009084,0.4085654741612622,0.45802803650591567,0.43005715999367483,0.4893125971975016,0.45642458031386124,1,1
294,2016,2,1,5.775471054319383e-4,2.3719496839378916e-4,6.202236766930744e-4,2.4591706202417167e-4,6.473017462883983e-4,2.662498221876211e-4,6.54134627229859e-4,2.7389106794158244e-4,6.618192401222217e-4,3.076579207718776e-4,6.977955802847088e-4,3.218409019215327e-4,6.945247542874581e-4,3.5308580357865045e-4,7.398218372939889e-4,3.9305247382750356e-4,7.851429565445308e-4,4.2432301142796285e-4,8.334473833456625e-4,4.817468075624814e-4,9.113576297394993e-4,5.22856708773902e-4,9.969203512524135e-4,5.447418807672336e-4,0.0011226932472472408,5.797215361684596e-4,0.0012083783644745978,7.52786483984774e-4,0.0013030100116206934,8.456355898706978e-4,0.0013998334237075687,8.342276050500747e-4,0.001883939965878883,8.108357706315268e-4,0.0019226522211368653,8.398280703670915e-4,0.0019440733263215316,8.965179662207914e-4,0.0019312452556704655,9.569195566370751e-4,0.0029483664970763462,0.001191067997912347,0.0031879014690439577,0.0012808158912989299,0.0034349761693321726,0.001381621384425856,0.00369882807218955,0.00149181907466855,0.004015131066168564,0.0016067893606863109,0.004569590725712547,0.001819048466979175,0.004933890821849465,0.001965225048502523,0.005296098304040538,0.002119235267383522,0.005647016103252987,0.0022680078664116606,0.0060119082222927995,0.002420877304504064,0.006481981803674539,0.0026193909459681203,0.00694775496312134,0.0027920633860277796,0.00741236342772416,0.0029567020890212043,0.007851814791647574,0.0031171616031683996,0.008262432399043122,0.0032819870810783694,0.008005092220819996,0.004529790324941378,0.008435451461847222,0.004808791755624327,0.008872200031484662,0.0051373792729716965,0.009322790103874143,0.005530068267101317,0.009842522745659311,0.005986975667056251,0.010246995333677348,0.0063644358818636835,0.010944379092666904,0.006939293562709973,0.011773942016574931,0.0075854323744449104,0.012879584893523522,0.008372954549028781,0.013987752459185916,0.009144241127868848,0.015452630504614246,0.010190195082275973,0.01672627347208145,0.011114492232426764,0.018211984774886853,0.012197464415534248,0.019853048462881884,0.013404118658550936,0.021661177612727626,0.014764017990430745,0.025622046957343696,0.017787290196309074,0.028092273177402323,0.019739053434388573,0.030878752467311216,0.02200032348580186,0.03399566381460753,0.024476981319593617,0.03749109248137379,0.027143083869539005,0.044673057907798255,0.032770919258968856,0.04932623173085851,0.03646388456972145,0.05451327525857831,0.04053332600429526,0.060094864526462184,0.04506853597667349,0.06621278940988164,0.050248099314822645,0.08136272935446373,0.0626766380178946,0.08969627515999216,0.06950328439776153,0.09871534418905568,0.07696342425521224,0.10837616652360488,0.085078777366621,0.11819419067650068,0.09356216002214986,0.13921299850602364,0.11166559363012937,0.1495279037004386,0.12099665089137746,0.1592466749405744,0.13002785457323585,0.1681492296807457,0.13857156994091555,0.17602103367473837,0.14644016225962742,0.18848436371989066,0.1584994647643363,0.19739000084865696,0.16756928138197125,0.2067154593040666,0.17715735599698182,0.21648293228400395,0.18729445829256505,0.22671029764231995,0.1980119612790394,0.24179920629272042,0.2134185226538765,0.25330946178428876,0.22570708946475848,0.26536714949033474,0.23870215233492675,0.27799877795277594,0.25244654749000844,0.29123208866896716,0.26698250782850896,0.31134037586994096,0.28834785580747974,0.32659150428937067,0.3051126721088239,0.34279801163863804,0.32284930039238646,0.360201861827917,0.3416843234322712,0.3794130708498703,0.3617332921404986,0.40556895626137207,0.3877615691068539,0.4299942930009084,0.4085654741612622,0.45802803650591567,0.43005715999367483,0.4893125971975016,0.45642458031386124,1,1
295,2016,2,1,5.775471054319383e-4,2.3719496839378916e-4,6.202236766930744e-4,2.4591706202417167e-4,6.473017462883983e-4,2.662498221876211e-4,6.54134627229859e-4,2.7389106794158244e-4,6.618192401222217e-4,3.076579207718776e-4,6.977955802847088e-4,3.218409019215327e-4,6.945247542874581e-4,3.5308580357865045e-4,7.398218372939889e-4,3.9305247382750356e-4,7.851429565445308e-4,4.2432301142796285e-4,8.334473833456625e-4,4.817468075624814e-4,9.113576297394993e-4,5.22856708773902e-4,9.969203512524135e-4,5.447418807672336e-4,0.0011226932472472408,5.797215361684596e-4,0.0012083783644745978,7.52786483984774e-4,0.0013030100116206934,8.456355898706978e-4,0.0013998334237075687,8.342276050500747e-4,0.001883939965878883,8.108357706315268e-4,0.0019226522211368653,8.398280703670915e-4,0.0019440733263215316,8.965179662207914e-4,0.0019312452556704655,9.569195566370751e-4,0.0029483664970763462,0.001191067997912347,0.0031879014690439577,0.0012808158912989299,0.0034349761693321726,0.001381621384425856,0.00369882807218955,0.00149181907466855,0.004015131066168564,0.0016067893606863109,0.004569590725712547,0.001819048466979175,0.004933890821849465,0.001965225048502523,0.005296098304040538,0.002119235267383522,0.005647016103252987,0.0022680078664116606,0.0060119082222927995,0.002420877304504064,0.006481981803674539,0.0026193909459681203,0.00694775496312134,0.0027920633860277796,0.00741236342772416,0.0029567020890212043,0.007851814791647574,0.0031171616031683996,0.008262432399043122,0.0032819870810783694,0.008005092220819996,0.004529790324941378,0.008435451461847222,0.004808791755624327,0.008872200031484662,0.0051373792729716965,0.009322790103874143,0.005530068267101317,0.009842522745659311,0.005986975667056251,0.010246995333677348,0.0063644358818636835,0.010944379092666904,0.006939293562709973,0.011773942016574931,0.0075854323744449104,0.012879584893523522,0.008372954549028781,0.013987752459185916,0.009144241127868848,0.015452630504614246,0.010190195082275973,0.01672627347208145,0.011114492232426764,0.018211984774886853,0.012197464415534248,0.019853048462881884,0.013404118658550936,0.021661177612727626,0.014764017990430745,0.025622046957343696,0.017787290196309074,0.028092273177402323,0.019739053434388573,0.030878752467311216,0.02200032348580186,0.03399566381460753,0.024476981319593617,0.03749109248137379,0.027143083869539005,0.044673057907798255,0.032770919258968856,0.04932623173085851,0.03646388456972145,0.05451327525857831,0.04053332600429526,0.060094864526462184,0.04506853597667349,0.06621278940988164,0.050248099314822645,0.08136272935446373,0.0626766380178946,0.08969627515999216,0.06950328439776153,0.09871534418905568,0.07696342425521224,0.10837616652360488,0.085078777366621,0.11819419067650068,0.09356216002214986,0.13921299850602364,0.11166559363012937,0.1495279037004386,0.12099665089137746,0.1592466749405744,0.13002785457323585,0.1681492296807457,0.13857156994091555,0.17602103367473837,0.14644016225962742,0.18848436371989066,0.1584994647643363,0.19739000084865696,0.16756928138197125,0.2067154593040666,0.17715735599698182,0.21648293228400395,0.18729445829256505,0.22671029764231995,0.1980119612790394,0.24179920629272042,0.2134185226538765,0.25330946178428876,0.22570708946475848,0.26536714949033474,0.23870215233492675,0.27799877795277594,0.25244654749000844,0.29123208866896716,0.26698250782850896,0.31134037586994096,0.28834785580747974,0.32659150428937067,0.3051126721088239,0.34279801163863804,0.32284930039238646,0.360201861827917,0.3416843234322712,0.3794130708498703,0.3617332921404986,0.40556895626137207,0.3877615691068539,0.4299942930009084,0.4085654741612622,0.45802803650591567,0.43005715999367483,0.4893125971975016,0.45642458031386124,1,1
8881,2016,2,1,4.749640006143765e-4,3.3914646041052066e-4,4.8663208550236693e-4,3.680297950586394e-4,5.047458445148221e-4,3.785485543830385e-4,5.406379651994034e-4,4.0875398225023946e-4,5.914893118629477e-4,4.37325731603406e-4,6.549949731021113e-4,4.642642841880631e-4,7.110725706833338e-4,4.603665702663119e-4,7.764710747934536e-4,4.75833516557242e-4,8.561009307227441e-4,4.978717988476067e-4,9.533332320784225e-4,5.392855943005399e-4,0.0010537471784663717,5.751345871978043e-4,0.0011356784955281426,6.027919955810657e-4,0.001188272392422711,6.531227346812163e-4,0.0012967264565095862,6.886999229636857e-4,0.0014032467180730437,7.361257879288363e-4,0.0015018975611188993,7.855538984576179e-4,0.0015616440909293977,8.586782588290934e-4,0.001666021307759697,9.407290510516918e-4,0.0017654041638845857,0.0010129793949717235,0.0019046239995099373,0.0011221296006639467,0.0036953795194427388,0.0015240286305996098,0.003989179737304879,0.001638027294363559,0.004236624960633503,0.0017727870620653926,0.004486902710984991,0.001909732401932041,0.004870963693172023,0.0020703867214195175,0.005260505134974705,0.002272995430099935,0.005767448632074714,0.00243816269604417,0.006062971358953872,0.002680148624575382,0.006517531385871419,0.002866943320452094,0.007100572475353957,0.003143560780349114,0.0075937600158745115,0.0033439028897868156,0.008112633117154445,0.0036429845741358636,0.00864750038836657,0.0039849989857478766,0.009184857827516964,0.004302387787941402,0.010137741189631544,0.004652150704602141,0.012590126799519668,0.0072523981727451396,0.013545428385914143,0.007617886807124106,0.014491346385785461,0.008279210365043446,0.015534093325780731,0.008909076596418273,0.016517079124351516,0.0094474612003977,0.017746966292510265,0.010346313677338464,0.01891372941440518,0.01093459887576688,0.020126269073991836,0.011865476534200389,0.021553263059565824,0.012928426977456466,0.022905682501840472,0.014061878603807058,0.024069571651579514,0.015498540899654028,0.026146016465916105,0.016927848101120874,0.027741746285852204,0.01892730950494575,0.029512130342508186,0.020652855556526663,0.032297172345822654,0.023054139922013394,0.03425773546024032,0.025571946913004247,0.03761054234736804,0.028433946040885286,0.041529450744625954,0.03339187425027904,0.045122337900006755,0.035278276187458546,0.05010358762283714,0.038557465290264985,0.054583607409176164,0.042954729800584415,0.06087060547319818,0.04774264345687505,0.06625217379574846,0.0531816068451027,0.07453300244784909,0.059314378513755345,0.08213937742810586,0.06611680081811086,0.09077334031311726,0.07540548158092675,0.10156184340688434,0.08387235595323272,0.10989725843868361,0.09295920212841385,0.12011923308974178,0.10261460366083533,0.13099194170392361,0.11280409186311009,0.1429156585243174,0.12582375915873428,0.15351739247637303,0.13631886208022856,0.16352048932905805,0.14648418057102558,0.17269325221748194,0.15610909544540985,0.18081927622548039,0.16501424644806176,0.19000337223326474,0.17571627612805624,0.19902691941316147,0.18582170731078343,0.2084786411573902,0.196502843403447,0.21838234588793423,0.20779783345389388,0.22874836315536526,0.2197453634805951,0.2406277248053604,0.2340810251091731,0.2522567543502204,0.24761987663147786,0.26447957974231023,0.2619400023122138,0.2774407677264257,0.27708854093215357,0.2913154882562329,0.2931118831332225,0.30796674583084765,0.3128839861981066,0.3240314070337786,0.33109080179260597,0.3412394435718997,0.35035697596184207,0.3597992221863933,0.3703668850770973,0.3796969262170397,0.3921702011335768,0.40303817766660976,0.41670330838484343,0.42693977043439685,0.43953840184642184,0.45389766659477954,0.46409928005142453,0.4873294342358875,0.49112143221365673,1,1
8882,2016,2,1,4.749640006143765e-4,3.3914646041052066e-4,4.8663208550236693e-4,3.680297950586394e-4,5.047458445148221e-4,3.785485543830385e-4,5.406379651994034e-4,4.0875398225023946e-4,5.914893118629477e-4,4.37325731603406e-4,6.549949731021113e-4,4.642642841880631e-4,7.110725706833338e-4,4.603665702663119e-4,7.764710747934536e-4,4.75833516557242e-4,8.561009307227441e-4,4.978717988476067e-4,9.533332320784225e-4,5.392855943005399e-4,0.0010537471784663717,5.751345871978043e-4,0.0011356784955281426,6.027919955810657e-4,0.001188272392422711,6.531227346812163e-4,0.0012967264565095862,6.886999229636857e-4,0.0014032467180730437,7.361257879288363e-4,0.0015018975611188993,7.855538984576179e-4,0.0015616440909293977,8.586782588290934e-4,0.001666021307759697,9.407290510516918e-4,0.0017654041638845857,0.0010129793949717235,0.0019046239995099373,0.0011221296006639467,0.0036953795194427388,0.0015240286305996098,0.003989179737304879,0.001638027294363559,0.004236624960633503,0.0017727870620653926,0.004486902710984991,0.001909732401932041,0.004870963693172023,0.0020703867214195175,0.005260505134974705,0.002272995430099935,0.005767448632074714,0.00243816269604417,0.006062971358953872,0.002680148624575382,0.006517531385871419,0.002866943320452094,0.007100572475353957,0.003143560780349114,0.0075937600158745115,0.0033439028897868156,0.008112633117154445,0.0036429845741358636,0.00864750038836657,0.0039849989857478766,0.009184857827516964,0.004302387787941402,0.010137741189631544,0.004652150704602141,0.012590126799519668,0.0072523981727451396,0.013545428385914143,0.007617886807124106,0.014491346385785461,0.008279210365043446,0.015534093325780731,0.008909076596418273,0.016517079124351516,0.0094474612003977,0.017746966292510265,0.010346313677338464,0.01891372941440518,0.01093459887576688,0.020126269073991836,0.011865476534200389,0.021553263059565824,0.012928426977456466,0.022905682501840472,0.014061878603807058,0.024069571651579514,0.015498540899654028,0.026146016465916105,0.016927848101120874,0.027741746285852204,0.01892730950494575,0.029512130342508186,0.020652855556526663,0.032297172345822654,0.023054139922013394,0.03425773546024032,0.025571946913004247,0.03761054234736804,0.028433946040885286,0.041529450744625954,0.03339187425027904,0.045122337900006755,0.035278276187458546,0.05010358762283714,0.038557465290264985,0.054583607409176164,0.042954729800584415,0.06087060547319818,0.04774264345687505,0.06625217379574846,0.0531816068451027,0.07453300244784909,0.059314378513755345,0.08213937742810586,0.06611680081811086,0.09077334031311726,0.07540548158092675,0.10156184340688434,0.08387235595323272,0.10989725843868361,0.09295920212841385,0.12011923308974178,0.10261460366083533,0.13099194170392361,0.11280409186311009,0.1429156585243174,0.12582375915873428,0.15351739247637303,0.13631886208022856,0.16352048932905805,0.14648418057102558,0.17269325221748194,0.15610909544540985,0.18081927622548039,0.16501424644806176,0.19000337223326474,0.17571627612805624,0.19902691941316147,0.18582170731078343,0.2084786411573902,0.196502843403447,0.21838234588793423,0.20779783345389388,0.22874836315536526,0.2197453634805951,0.2406277248053604,0.2340810251091731,0.2522567543502204,0.24761987663147786,0.26447957974231023,0.2619400023122138,0.2774407677264257,0.27708854093215357,0.2913154882562329,0.2931118831332225,0.30796674583084765,0.3128839861981066,0.3240314070337786,0.33109080179260597,0.3412394435718997,0.35035697596184207,0.3597992221863933,0.3703668850770973,0.3796969262170397,0.3921702011335768,0.40303817766660976,0.41670330838484343,0.42693977043439685,0.43953840184642184,0.45389766659477954,0.46409928005142453,0.4873294342358875,0.49112143221365673,1,1
8883,2016,2,1,4.749640006143765e-4,3.3914646041052066e-4,4.8663208550236693e-4,3.680297950586394e-4,5.047458445148221e-4,3.785485543830385e-4,5.406379651994034e-4,4.0875398225023946e-4,5.914893118629477e-4,4.37325731603406e-4,6.549949731021113e-4,4.642642841880631e-4,7.110725706833338e-4,4.603665702663119e-4,7.764710747934536e-4,4.75833516557242e-4,8.561009307227441e-4,4.978717988476067e-4,9.533332320784225e-4,5.392855943005399e-4,0.0010537471784663717,5.751345871978043e-4,0.0011356784955281426,6.027919955810657e-4,0.001188272392422711,6.531227346812163e-4,0.0012967264565095862,6.886999229636857e-4,0.0014032467180730437,7.361257879288363e-4,0.0015018975611188993,7.855538984576179e-4,0.0015616440909293977,8.586782588290934e-4,0.001666021307759697,9.407290510516918e-4,0.0017654041638845857,0.0010129793949717235,0.0019046239995099373,0.0011221296006639467,0.0036953795194427388,0.0015240286305996098,0.003989179737304879,0.001638027294363559,0.004236624960633503,0.0017727870620653926,0.004486902710984991,0.001909732401932041,0.004870963693172023,0.0020703867214195175,0.005260505134974705,0.002272995430099935,0.005767448632074714,0.00243816269604417,0.006062971358953872,0.002680148624575382,0.006517531385871419,0.002866943320452094,0.007100572475353957,0.003143560780349114,0.0075937600158745115,0.0033439028897868156,0.008112633117154445,0.0036429845741358636,0.00864750038836657,0.0039849989857478766,0.009184857827516964,0.004302387787941402,0.010137741189631544,0.004652150704602141,0.012590126799519668,0.0072523981727451396,0.013545428385914143,0.007617886807124106,0.014491346385785461,0.008279210365043446,0.015534093325780731,0.008909076596418273,0.016517079124351516,0.0094474612003977,0.017746966292510265,0.010346313677338464,0.01891372941440518,0.01093459887576688,0.020126269073991836,0.011865476534200389,0.021553263059565824,0.012928426977456466,0.022905682501840472,0.014061878603807058,0.024069571651579514,0.015498540899654028,0.026146016465916105,0.016927848101120874,0.027741746285852204,0.01892730950494575,0.029512130342508186,0.020652855556526663,0.032297172345822654,0.023054139922013394,0.03425773546024032,0.025571946913004247,0.03761054234736804,0.028433946040885286,0.041529450744625954,0.03339187425027904,0.045122337900006755,0.035278276187458546,0.05010358762283714,0.038557465290264985,0.054583607409176164,0.042954729800584415,0.06087060547319818,0.04774264345687505,0.06625217379574846,0.0531816068451027,0.07453300244784909,0.059314378513755345,0.08213937742810586,0.06611680081811086,0.09077334031311726,0.07540548158092675,0.10156184340688434,0.08387235595323272,0.10989725843868361,0.09295920212841385,0.12011923308974178,0.10261460366083533,0.13099194170392361,0.11280409186311009,0.1429156585243174,0.12582375915873428,0.15351739247637303,0.13631886208022856,0.16352048932905805,0.14648418057102558,0.17269325221748194,0.15610909544540985,0.18081927622548039,0.16501424644806176,0.19000337223326474,0.17571627612805624,0.19902691941316147,0.18582170731078343,0.2084786411573902,0.196502843403447,0.21838234588793423,0.20779783345389388,0.22874836315536526,0.2197453634805951,0.2406277248053604,0.2340810251091731,0.2522567543502204,0.24761987663147786,0.26447957974231023,0.2619400023122138,0.2774407677264257,0.27708854093215357,0.2913154882562329,0.2931118831332225,0.30796674583084765,0.3128839861981066,0.3240314070337786,0.33109080179260597,0.3412394435718997,0.35035697596184207,0.3597992221863933,0.3703668850770973,0.3796969262170397,0.3921702011335768,0.40303817766660976,0.41670330838484343,0.42693977043439685,0.43953840184642184,0.45389766659477954,0.46409928005142453,0.4873294342358875,0.49112143221365673,1,1
8884,2016,2,1,4.749640006143765e-4,3.3914646041052066e-4,4.8663208550236693e-4,3.680297950586394e-4,5.047458445148221e-4,3.785485543830385e-4,5.406379651994034e-4,4.0875398225023946e-4,5.914893118629477e-4,4.37325731603406e-4,6.549949731021113e-4,4.642642841880631e-4,7.110725706833338e-4,4.603665702663119e-4,7.764710747934536e-4,4.75833516557242e-4,8.561009307227441e-4,4.978717988476067e-4,9.533332320784225e-4,5.392855943005399e-4,0.0010537471784663717,5.751345871978043e-4,0.0011356784955281426,6.027919955810657e-4,0.001188272392422711,6.531227346812163e-4,0.0012967264565095862,6.886999229636857e-4,0.0014032467180730437,7.361257879288363e-4,0.0015018975611188993,7.855538984576179e-4,0.0015616440909293977,8.586782588290934e-4,0.001666021307759697,9.407290510516918e-4,0.0017654041638845857,0.0010129793949717235,0.0019046239995099373,0.0011221296006639467,0.0036953795194427388,0.0015240286305996098,0.003989179737304879,0.001638027294363559,0.004236624960633503,0.0017727870620653926,0.004486902710984991,0.001909732401932041,0.004870963693172023,0.0020703867214195175,0.005260505134974705,0.002272995430099935,0.005767448632074714,0.00243816269604417,0.006062971358953872,0.002680148624575382,0.006517531385871419,0.002866943320452094,0.007100572475353957,0.003143560780349114,0.0075937600158745115,0.0033439028897868156,0.008112633117154445,0.0036429845741358636,0.00864750038836657,0.0039849989857478766,0.009184857827516964,0.004302387787941402,0.010137741189631544,0.004652150704602141,0.012590126799519668,0.0072523981727451396,0.013545428385914143,0.007617886807124106,0.014491346385785461,0.008279210365043446,0.015534093325780731,0.008909076596418273,0.016517079124351516,0.0094474612003977,0.017746966292510265,0.010346313677338464,0.01891372941440518,0.01093459887576688,0.020126269073991836,0.011865476534200389,0.021553263059565824,0.012928426977456466,0.022905682501840472,0.014061878603807058,0.024069571651579514,0.015498540899654028,0.026146016465916105,0.016927848101120874,0.027741746285852204,0.01892730950494575,0.029512130342508186,0.020652855556526663,0.032297172345822654,0.023054139922013394,0.03425773546024032,0.025571946913004247,0.03761054234736804,0.028433946040885286,0.041529450744625954,0.03339187425027904,0.045122337900006755,0.035278276187458546,0.05010358762283714,0.038557465290264985,0.054583607409176164,0.042954729800584415,0.06087060547319818,0.04774264345687505,0.06625217379574846,0.0531816068451027,0.07453300244784909,0.059314378513755345,0.08213937742810586,0.06611680081811086,0.09077334031311726,0.07540548158092675,0.10156184340688434,0.08387235595323272,0.10989725843868361,0.09295920212841385,0.12011923308974178,0.10261460366083533,0.13099194170392361,0.11280409186311009,0.1429156585243174,0.12582375915873428,0.15351739247637303,0.13631886208022856,0.16352048932905805,0.14648418057102558,0.17269325221748194,0.15610909544540985,0.18081927622548039,0.16501424644806176,0.19000337223326474,0.17571627612805624,0.19902691941316147,0.18582170731078343,0.2084786411573902,0.196502843403447,0.21838234588793423,0.20779783345389388,0.22874836315536526,0.2197453634805951,0.2406277248053604,0.2340810251091731,0.2522567543502204,0.24761987663147786,0.26447957974231023,0.2619400023122138,0.2774407677264257,0.27708854093215357,0.2913154882562329,0.2931118831332225,0.30796674583084765,0.3128839861981066,0.3240314070337786,0.33109080179260597,0.3412394435718997,0.35035697596184207,0.3597992221863933,0.3703668850770973,0.3796969262170397,0.3921702011335768,0.40303817766660976,0.41670330838484343,0.42693977043439685,0.43953840184642184,0.45389766659477954,0.46409928005142453,0.4873294342358875,0.49112143221365673,1,1
8885,2016,2,1,4.749640006143765e-4,3.3914646041052066e-4,4.8663208550236693e-4,3.680297950586394e-4,5.047458445148221e-4,3.785485543830385e-4,5.406379651994034e-4,4.0875398225023946e-4,5.914893118629477e-4,4.37325731603406e-4,6.549949731021113e-4,4.642642841880631e-4,7.110725706833338e-4,4.603665702663119e-4,7.764710747934536e-4,4.75833516557242e-4,8.561009307227441e-4,4.978717988476067e-4,9.533332320784225e-4,5.392855943005399e-4,0.0010537471784663717,5.751345871978043e-4,0.0011356784955281426,6.027919955810657e-4,0.001188272392422711,6.531227346812163e-4,0.0012967264565095862,6.886999229636857e-4,0.0014032467180730437,7.361257879288363e-4,0.0015018975611188993,7.855538984576179e-4,0.0015616440909293977,8.586782588290934e-4,0.001666021307759697,9.407290510516918e-4,0.0017654041638845857,0.0010129793949717235,0.0019046239995099373,0.0011221296006639467,0.0036953795194427388,0.0015240286305996098,0.003989179737304879,0.001638027294363559,0.004236624960633503,0.0017727870620653926,0.004486902710984991,0.001909732401932041,0.004870963693172023,0.0020703867214195175,0.005260505134974705,0.002272995430099935,0.005767448632074714,0.00243816269604417,0.006062971358953872,0.002680148624575382,0.006517531385871419,0.002866943320452094,0.007100572475353957,0.003143560780349114,0.0075937600158745115,0.0033439028897868156,0.008112633117154445,0.0036429845741358636,0.00864750038836657,0.0039849989857478766,0.009184857827516964,0.004302387787941402,0.010137741189631544,0.004652150704602141,0.012590126799519668,0.0072523981727451396,0.013545428385914143,0.007617886807124106,0.014491346385785461,0.008279210365043446,0.015534093325780731,0.008909076596418273,0.016517079124351516,0.0094474612003977,0.017746966292510265,0.010346313677338464,0.01891372941440518,0.01093459887576688,0.020126269073991836,0.011865476534200389,0.021553263059565824,0.012928426977456466,0.022905682501840472,0.014061878603807058,0.024069571651579514,0.015498540899654028,0.026146016465916105,0.016927848101120874,0.027741746285852204,0.01892730950494575,0.029512130342508186,0.020652855556526663,0.032297172345822654,0.023054139922013394,0.03425773546024032,0.025571946913004247,0.03761054234736804,0.028433946040885286,0.041529450744625954,0.03339187425027904,0.045122337900006755,0.035278276187458546,0.05010358762283714,0.038557465290264985,0.054583607409176164,0.042954729800584415,0.06087060547319818,0.04774264345687505,0.06625217379574846,0.0531816068451027,0.07453300244784909,0.059314378513755345,0.08213937742810586,0.06611680081811086,0.09077334031311726,0.07540548158092675,0.10156184340688434,0.08387235595323272,0.10989725843868361,0.09295920212841385,0.12011923308974178,0.10261460366083533,0.13099194170392361,0.11280409186311009,0.1429156585243174,0.12582375915873428,0.15351739247637303,0.13631886208022856,0.16352048932905805,0.14648418057102558,0.17269325221748194,0.15610909544540985,0.18081927622548039,0.16501424644806176,0.19000337223326474,0.17571627612805624,0.19902691941316147,0.18582170731078343,0.2084786411573902,0.196502843403447,0.21838234588793423,0.20779783345389388,0.22874836315536526,0.2197453634805951,0.2406277248053604,0.2340810251091731,0.2522567543502204,0.24761987663147786,0.26447957974231023,0.2619400023122138,0.2774407677264257,0.27708854093215357,0.2913154882562329,0.2931118831332225,0.30796674583084765,0.3128839861981066,0.3240314070337786,0.33109080179260597,0.3412394435718997,0.35035697596184207,0.3597992221863933,0.3703668850770973,0.3796969262170397,0.3921702011335768,0.40303817766660976,0.41670330838484343,0.42693977043439685,0.43953840184642184,0.45389766659477954,0.46409928005142453,0.4873294342358875,0.49112143221365673,1,1
12661,2016,2,1,7.237877285021158e-4,2.35921523848221e-4,7.134768021687743e-4,2.5130110920095687e-4,7.451676226402497e-4,2.5643916305158023e-4,7.976757792254845e-4,2.6510133045003464e-4,9.078208999172502e-4,2.763280744150954e-4,9.671890401363564e-4,3.035696774896964e-4,0.001034592274064026,3.266551913965635e-4,0.001122847555827252,3.478262903318574e-4,0.0011679097005870551,3.9302895790946845e-4,0.0012142077280498332,4.2607266000916234e-4,0.0013050054256041814,4.55605276795029e-4,0.0014255142462248828,4.7265457885787985e-4,0.001524065920726574,5.1279130450758e-4,0.0016050599321740257,5.737850596030624e-4,0.0015702475797878064,6.386581242384915e-4,0.0015551010625149443,7.016449578352862e-4,0.0016627603882284256,7.524851741217702e-4,0.0018058573433162835,7.985542190780675e-4,0.0019699883385195273,8.619970029269063e-4,0.0021250657089785384,9.216475410853311e-4,0.0028188239104346433,0.0014108827322938432,0.003038404151990993,0.0015435819838897733,0.003252785053174064,0.001668750662567929,0.0035291482527230584,0.0018317398728654416,0.0037154219745028447,0.0019966707830070306,0.003954366899331216,0.002109205527517842,0.004243118134438989,0.0022524483229792495,0.004524390676807621,0.002415214856372175,0.004811580503067708,0.002582711845098702,0.0051409042033759835,0.0027959264379354403,0.005551650525943125,0.0030045367538199404,0.006012300279139649,0.003167131132572646,0.006516089432973897,0.0034116980306831274,0.0070776158500206465,0.003738906910207344,0.007532059606670481,0.004114703870778347,0.010059127689131094,0.006506356566121709,0.010756430825922403,0.007064669177994391,0.011376730523110973,0.007575647872598672,0.014170460796699884,0.008350699216804475,0.01475312699278824,0.00902239790747738,0.014716855880654968,0.00978470959112453,0.014722058391840067,0.012712423296158843,0.015565241816754114,0.012132525163713728,0.017037625573143002,0.012577562969136718,0.018496401839075065,0.013678766953622459,0.020175290642143226,0.01514564818820967,0.02183795837070333,0.01668094057548799,0.02377721473309784,0.01838210231686743,0.025919679071370702,0.020241047372023223,0.02828040382817955,0.022306080928017946,0.03177445208008765,0.025381256146347838,0.034837624160920386,0.028256878969843597,0.038293414121073614,0.03134758650869949,0.04215875595853719,0.034647766022037556,0.046493859443941764,0.03825286708210923,0.05312195169419574,0.043499440923577236,0.058654978741105306,0.048330817040309684,0.06482334430519007,0.05381885745790384,0.07146021714699433,0.0600223343666812,0.07873556443152746,0.06690417465680032,0.09157529801850695,0.07850166703140178,0.1009542241644473,0.08731773961183774,0.1111052151817032,0.09677815616415765,0.12197935063163727,0.10684087719323092,0.13302972509768804,0.11744947189887903,0.1514307090615602,0.13326469830879537,0.16265105069262034,0.14437875627578994,0.17322288291917984,0.15515110319121272,0.18290662102893768,0.1653644448588643,0.19146957934581105,0.17479766830819968,0.2031603098099228,0.18701091331308006,0.2127587507446207,0.19776122477929797,0.22281064651438034,0.20882472191013451,0.23333857578318837,0.2208150467870071,0.24436260847458832,0.23349383270242968,0.2586986546474714,0.24975402217149076,0.2711218679335689,0.2641869577956414,0.28413669293518534,0.27945279514603594,0.2979169815156744,0.295601811453829,0.3124450415815922,0.312683360585049,0.33217843138821296,0.3351869606025133,0.34920932164252133,0.35481558468252217,0.3679750582865047,0.37563260426525447,0.38849241832257786,0.39782383058821175,0.410713113660683,0.42160327548478743,0.4376369154812021,0.4499227757758141,0.46405286541136687,0.4755337361440635,0.4926876704948911,0.5031112781553487,0.5244114057744357,0.5331096863065965,1,1
12662,2016,2,1,7.237877285021158e-4,2.35921523848221e-4,7.134768021687743e-4,2.5130110920095687e-4,7.451676226402497e-4,2.5643916305158023e-4,7.976757792254845e-4,2.6510133045003464e-4,9.078208999172502e-4,2.763280744150954e-4,9.671890401363564e-4,3.035696774896964e-4,0.001034592274064026,3.266551913965635e-4,0.001122847555827252,3.478262903318574e-4,0.0011679097005870551,3.9302895790946845e-4,0.0012142077280498332,4.2607266000916234e-4,0.0013050054256041814,4.55605276795029e-4,0.0014255142462248828,4.7265457885787985e-4,0.001524065920726574,5.1279130450758e-4,0.0016050599321740257,5.737850596030624e-4,0.0015702475797878064,6.386581242384915e-4,0.0015551010625149443,7.016449578352862e-4,0.0016627603882284256,7.524851741217702e-4,0.0018058573433162835,7.985542190780675e-4,0.0019699883385195273,8.619970029269063e-4,0.0021250657089785384,9.216475410853311e-4,0.0028188239104346433,0.0014108827322938432,0.003038404151990993,0.0015435819838897733,0.003252785053174064,0.001668750662567929,0.0035291482527230584,0.0018317398728654416,0.0037154219745028447,0.0019966707830070306,0.003954366899331216,0.002109205527517842,0.004243118134438989,0.0022524483229792495,0.004524390676807621,0.002415214856372175,0.004811580503067708,0.002582711845098702,0.0051409042033759835,0.0027959264379354403,0.005551650525943125,0.0030045367538199404,0.006012300279139649,0.003167131132572646,0.006516089432973897,0.0034116980306831274,0.0070776158500206465,0.003738906910207344,0.007532059606670481,0.004114703870778347,0.010059127689131094,0.006506356566121709,0.010756430825922403,0.007064669177994391,0.011376730523110973,0.007575647872598672,0.014170460796699884,0.008350699216804475,0.01475312699278824,0.00902239790747738,0.014716855880654968,0.00978470959112453,0.014722058391840067,0.012712423296158843,0.015565241816754114,0.012132525163713728,0.017037625573143002,0.012577562969136718,0.018496401839075065,0.013678766953622459,0.020175290642143226,0.01514564818820967,0.02183795837070333,0.01668094057548799,0.02377721473309784,0.01838210231686743,0.025919679071370702,0.020241047372023223,0.02828040382817955,0.022306080928017946,0.03177445208008765,0.025381256146347838,0.034837624160920386,0.028256878969843597,0.038293414121073614,0.03134758650869949,0.04215875595853719,0.034647766022037556,0.046493859443941764,0.03825286708210923,0.05312195169419574,0.043499440923577236,0.058654978741105306,0.048330817040309684,0.06482334430519007,0.05381885745790384,0.07146021714699433,0.0600223343666812,0.07873556443152746,0.06690417465680032,0.09157529801850695,0.07850166703140178,0.1009542241644473,0.08731773961183774,0.1111052151817032,0.09677815616415765,0.12197935063163727,0.10684087719323092,0.13302972509768804,0.11744947189887903,0.1514307090615602,0.13326469830879537,0.16265105069262034,0.14437875627578994,0.17322288291917984,0.15515110319121272,0.18290662102893768,0.1653644448588643,0.19146957934581105,0.17479766830819968,0.2031603098099228,0.18701091331308006,0.2127587507446207,0.19776122477929797,0.22281064651438034,0.20882472191013451,0.23333857578318837,0.2208150467870071,0.24436260847458832,0.23349383270242968,0.2586986546474714,0.24975402217149076,0.2711218679335689,0.2641869577956414,0.28413669293518534,0.27945279514603594,0.2979169815156744,0.295601811453829,0.3124450415815922,0.312683360585049,0.33217843138821296,0.3351869606025133,0.34920932164252133,0.35481558468252217,0.3679750582865047,0.37563260426525447,0.38849241832257786,0.39782383058821175,0.410713113660683,0.42160327548478743,0.4376369154812021,0.4499227757758141,0.46405286541136687,0.4755337361440635,0.4926876704948911,0.5031112781553487,0.5244114057744357,0.5331096863065965,1,1
12663,2016,2,1,7.237877285021158e-4,2.35921523848221e-4,7.134768021687743e-4,2.5130110920095687e-4,7.451676226402497e-4,2.5643916305158023e-4,7.976757792254845e-4,2.6510133045003464e-4,9.078208999172502e-4,2.763280744150954e-4,9.671890401363564e-4,3.035696774896964e-4,0.001034592274064026,3.266551913965635e-4,0.001122847555827252,3.478262903318574e-4,0.0011679097005870551,3.9302895790946845e-4,0.0012142077280498332,4.2607266000916234e-4,0.0013050054256041814,4.55605276795029e-4,0.0014255142462248828,4.7265457885787985e-4,0.001524065920726574,5.1279130450758e-4,0.0016050599321740257,5.737850596030624e-4,0.0015702475797878064,6.386581242384915e-4,0.0015551010625149443,7.016449578352862e-4,0.0016627603882284256,7.524851741217702e-4,0.0018058573433162835,7.985542190780675e-4,0.0019699883385195273,8.619970029269063e-4,0.0021250657089785384,9.216475410853311e-4,0.0028188239104346433,0.0014108827322938432,0.003038404151990993,0.0015435819838897733,0.003252785053174064,0.001668750662567929,0.0035291482527230584,0.0018317398728654416,0.0037154219745028447,0.0019966707830070306,0.003954366899331216,0.002109205527517842,0.004243118134438989,0.0022524483229792495,0.004524390676807621,0.002415214856372175,0.004811580503067708,0.002582711845098702,0.0051409042033759835,0.0027959264379354403,0.005551650525943125,0.0030045367538199404,0.006012300279139649,0.003167131132572646,0.006516089432973897,0.0034116980306831274,0.0070776158500206465,0.003738906910207344,0.007532059606670481,0.004114703870778347,0.010059127689131094,0.006506356566121709,0.010756430825922403,0.007064669177994391,0.011376730523110973,0.007575647872598672,0.014170460796699884,0.008350699216804475,0.01475312699278824,0.00902239790747738,0.014716855880654968,0.00978470959112453,0.014722058391840067,0.012712423296158843,0.015565241816754114,0.012132525163713728,0.017037625573143002,0.012577562969136718,0.018496401839075065,0.013678766953622459,0.020175290642143226,0.01514564818820967,0.02183795837070333,0.01668094057548799,0.02377721473309784,0.01838210231686743,0.025919679071370702,0.020241047372023223,0.02828040382817955,0.022306080928017946,0.03177445208008765,0.025381256146347838,0.034837624160920386,0.028256878969843597,0.038293414121073614,0.03134758650869949,0.04215875595853719,0.034647766022037556,0.046493859443941764,0.03825286708210923,0.05312195169419574,0.043499440923577236,0.058654978741105306,0.048330817040309684,0.06482334430519007,0.05381885745790384,0.07146021714699433,0.0600223343666812,0.07873556443152746,0.06690417465680032,0.09157529801850695,0.07850166703140178,0.1009542241644473,0.08731773961183774,0.1111052151817032,0.09677815616415765,0.12197935063163727,0.10684087719323092,0.13302972509768804,0.11744947189887903,0.1514307090615602,0.13326469830879537,0.16265105069262034,0.14437875627578994,0.17322288291917984,0.15515110319121272,0.18290662102893768,0.1653644448588643,0.19146957934581105,0.17479766830819968,0.2031603098099228,0.18701091331308006,0.2127587507446207,0.19776122477929797,0.22281064651438034,0.20882472191013451,0.23333857578318837,0.2208150467870071,0.24436260847458832,0.23349383270242968,0.2586986546474714,0.24975402217149076,0.2711218679335689,0.2641869577956414,0.28413669293518534,0.27945279514603594,0.2979169815156744,0.295601811453829,0.3124450415815922,0.312683360585049,0.33217843138821296,0.3351869606025133,0.34920932164252133,0.35481558468252217,0.3679750582865047,0.37563260426525447,0.38849241832257786,0.39782383058821175,0.410713113660683,0.42160327548478743,0.4376369154812021,0.4499227757758141,0.46405286541136687,0.4755337361440635,0.4926876704948911,0.5031112781553487,0.5244114057744357,0.5331096863065965,1,1
12664,2016,2,1,7.237877285021158e-4,2.35921523848221e-4,7.134768021687743e-4,2.5130110920095687e-4,7.451676226402497e-4,2.5643916305158023e-4,7.976757792254845e-4,2.6510133045003464e-4,9.078208999172502e-4,2.763280744150954e-4,9.671890401363564e-4,3.035696774896964e-4,0.001034592274064026,3.266551913965635e-4,0.001122847555827252,3.478262903318574e-4,0.0011679097005870551,3.9302895790946845e-4,0.0012142077280498332,4.2607266000916234e-4,0.0013050054256041814,4.55605276795029e-4,0.0014255142462248828,4.7265457885787985e-4,0.001524065920726574,5.1279130450758e-4,0.0016050599321740257,5.737850596030624e-4,0.0015702475797878064,6.386581242384915e-4,0.0015551010625149443,7.016449578352862e-4,0.0016627603882284256,7.524851741217702e-4,0.0018058573433162835,7.985542190780675e-4,0.0019699883385195273,8.619970029269063e-4,0.0021250657089785384,9.216475410853311e-4,0.0028188239104346433,0.0014108827322938432,0.003038404151990993,0.0015435819838897733,0.003252785053174064,0.001668750662567929,0.0035291482527230584,0.0018317398728654416,0.0037154219745028447,0.0019966707830070306,0.003954366899331216,0.002109205527517842,0.004243118134438989,0.0022524483229792495,0.004524390676807621,0.002415214856372175,0.004811580503067708,0.002582711845098702,0.0051409042033759835,0.0027959264379354403,0.005551650525943125,0.0030045367538199404,0.006012300279139649,0.003167131132572646,0.006516089432973897,0.0034116980306831274,0.0070776158500206465,0.003738906910207344,0.007532059606670481,0.004114703870778347,0.010059127689131094,0.006506356566121709,0.010756430825922403,0.007064669177994391,0.011376730523110973,0.007575647872598672,0.014170460796699884,0.008350699216804475,0.01475312699278824,0.00902239790747738,0.014716855880654968,0.00978470959112453,0.014722058391840067,0.012712423296158843,0.015565241816754114,0.012132525163713728,0.017037625573143002,0.012577562969136718,0.018496401839075065,0.013678766953622459,0.020175290642143226,0.01514564818820967,0.02183795837070333,0.01668094057548799,0.02377721473309784,0.01838210231686743,0.025919679071370702,0.020241047372023223,0.02828040382817955,0.022306080928017946,0.03177445208008765,0.025381256146347838,0.034837624160920386,0.028256878969843597,0.038293414121073614,0.03134758650869949,0.04215875595853719,0.034647766022037556,0.046493859443941764,0.03825286708210923,0.05312195169419574,0.043499440923577236,0.058654978741105306,0.048330817040309684,0.06482334430519007,0.05381885745790384,0.07146021714699433,0.0600223343666812,0.07873556443152746,0.06690417465680032,0.09157529801850695,0.07850166703140178,0.1009542241644473,0.08731773961183774,0.1111052151817032,0.09677815616415765,0.12197935063163727,0.10684087719323092,0.13302972509768804,0.11744947189887903,0.1514307090615602,0.13326469830879537,0.16265105069262034,0.14437875627578994,0.17322288291917984,0.15515110319121272,0.18290662102893768,0.1653644448588643,0.19146957934581105,0.17479766830819968,0.2031603098099228,0.18701091331308006,0.2127587507446207,0.19776122477929797,0.22281064651438034,0.20882472191013451,0.23333857578318837,0.2208150467870071,0.24436260847458832,0.23349383270242968,0.2586986546474714,0.24975402217149076,0.2711218679335689,0.2641869577956414,0.28413669293518534,0.27945279514603594,0.2979169815156744,0.295601811453829,0.3124450415815922,0.312683360585049,0.33217843138821296,0.3351869606025133,0.34920932164252133,0.35481558468252217,0.3679750582865047,0.37563260426525447,0.38849241832257786,0.39782383058821175,0.410713113660683,0.42160327548478743,0.4376369154812021,0.4499227757758141,0.46405286541136687,0.4755337361440635,0.4926876704948911,0.5031112781553487,0.5244114057744357,0.5331096863065965,1,1
12665,2016,2,1,7.237877285021158e-4,2.35921523848221e-4,7.134768021687743e-4,2.5130110920095687e-4,7.451676226402497e-4,2.5643916305158023e-4,7.976757792254845e-4,2.6510133045003464e-4,9.078208999172502e-4,2.763280744150954e-4,9.671890401363564e-4,3.035696774896964e-4,0.001034592274064026,3.266551913965635e-4,0.001122847555827252,3.478262903318574e-4,0.0011679097005870551,3.9302895790946845e-4,0.0012142077280498332,4.2607266000916234e-4,0.0013050054256041814,4.55605276795029e-4,0.0014255142462248828,4.7265457885787985e-4,0.001524065920726574,5.1279130450758e-4,0.0016050599321740257,5.737850596030624e-4,0.0015702475797878064,6.386581242384915e-4,0.0015551010625149443,7.016449578352862e-4,0.0016627603882284256,7.524851741217702e-4,0.0018058573433162835,7.985542190780675e-4,0.0019699883385195273,8.619970029269063e-4,0.0021250657089785384,9.216475410853311e-4,0.0028188239104346433,0.0014108827322938432,0.003038404151990993,0.0015435819838897733,0.003252785053174064,0.001668750662567929,0.0035291482527230584,0.0018317398728654416,0.0037154219745028447,0.0019966707830070306,0.003954366899331216,0.002109205527517842,0.004243118134438989,0.0022524483229792495,0.004524390676807621,0.002415214856372175,0.004811580503067708,0.002582711845098702,0.0051409042033759835,0.0027959264379354403,0.005551650525943125,0.0030045367538199404,0.006012300279139649,0.003167131132572646,0.006516089432973897,0.0034116980306831274,0.0070776158500206465,0.003738906910207344,0.007532059606670481,0.004114703870778347,0.010059127689131094,0.006506356566121709,0.010756430825922403,0.007064669177994391,0.011376730523110973,0.007575647872598672,0.014170460796699884,0.008350699216804475,0.01475312699278824,0.00902239790747738,0.014716855880654968,0.00978470959112453,0.014722058391840067,0.012712423296158843,0.015565241816754114,0.012132525163713728,0.017037625573143002,0.012577562969136718,0.018496401839075065,0.013678766953622459,0.020175290642143226,0.01514564818820967,0.02183795837070333,0.01668094057548799,0.02377721473309784,0.01838210231686743,0.025919679071370702,0.020241047372023223,0.02828040382817955,0.022306080928017946,0.03177445208008765,0.025381256146347838,0.034837624160920386,0.028256878969843597,0.038293414121073614,0.03134758650869949,0.04215875595853719,0.034647766022037556,0.046493859443941764,0.03825286708210923,0.05312195169419574,0.043499440923577236,0.058654978741105306,0.048330817040309684,0.06482334430519007,0.05381885745790384,0.07146021714699433,0.0600223343666812,0.07873556443152746,0.06690417465680032,0.09157529801850695,0.07850166703140178,0.1009542241644473,0.08731773961183774,0.1111052151817032,0.09677815616415765,0.12197935063163727,0.10684087719323092,0.13302972509768804,0.11744947189887903,0.1514307090615602,0.13326469830879537,0.16265105069262034,0.14437875627578994,0.17322288291917984,0.15515110319121272,0.18290662102893768,0.1653644448588643,0.19146957934581105,0.17479766830819968,0.2031603098099228,0.18701091331308006,0.2127587507446207,0.19776122477929797,0.22281064651438034,0.20882472191013451,0.23333857578318837,0.2208150467870071,0.24436260847458832,0.23349383270242968,0.2586986546474714,0.24975402217149076,0.2711218679335689,0.2641869577956414,0.28413669293518534,0.27945279514603594,0.2979169815156744,0.295601811453829,0.3124450415815922,0.312683360585049,0.33217843138821296,0.3351869606025133,0.34920932164252133,0.35481558468252217,0.3679750582865047,0.37563260426525447,0.38849241832257786,0.39782383058821175,0.410713113660683,0.42160327548478743,0.4376369154812021,0.4499227757758141,0.46405286541136687,0.4755337361440635,0.4926876704948911,0.5031112781553487,0.5244114057744357,0.5331096863065965,1,1
12791,2016,2,1,3.2926785410815427e-4,2.0797225183395455e-4,3.53604614511105e-4,2.19185120364452e-4,3.690494593351822e-4,2.2656091882373362e-4,3.729526840035768e-4,2.5154088463892854e-4,3.773422387840263e-4,2.5860388828052974e-4,3.978637409757973e-4,2.867959616668923e-4,3.9600869213720686e-4,3.0123124542614995e-4,4.218477686821678e-4,3.3072004640977197e-4,4.477027949143139e-4,3.679043279311441e-4,4.7526146888215266e-4,3.9389456369437383e-4,5.197058002791549e-4,4.4680183463507387e-4,5.685184090845637e-4,4.910833229814836e-4,6.402677440308014e-4,5.107174410775255e-4,6.891616104219303e-4,5.454299773502433e-4,7.431641970030664e-4,7.106253568727872e-4,7.984240891362357e-4,8.04415689658983e-4,0.00107459801083902,8.075151262810834e-4,0.0010967381872562423,7.782372177194772e-4,0.0011090210793375734,8.035151186963797e-4,0.0011017709218619606,8.554781475104882e-4,0.0022323743930011295,0.001171651190937434,0.002413873285449898,0.001260162267528389,0.002601112206761236,0.0013594249518280649,0.002801090750597004,0.001467818390631929,0.00304083230462356,0.0015808484121157139,0.003461002712970696,0.0017889051700924875,0.0037372177522169586,0.0019326811500274552,0.004011914323078253,0.002084066487783722,0.004278130975056019,0.0022303474403116696,0.0045550140384839986,0.002380600781799435,0.00491168619111484,0.0025756392092227674,0.005265214239448016,0.0027455316025816892,0.005617984952354646,0.002907594424766664,0.0059518235461335275,0.003065161809477949,0.006263948060157471,0.00322653938688123,0.006767967379715711,0.004465412332759943,0.0071325468967205555,0.004740237148507558,0.007502665708955715,0.005064559258223056,0.007884642497910084,0.005451354606946074,0.00832527374091706,0.005901913481906879,0.008668603188179148,0.0062756748857389485,0.00925995868073014,0.006842388105489711,0.009963464435947795,0.007479767459159692,0.010901005049028797,0.008256130806755867,0.011841176989042246,0.009017317798599983,0.013083928103106464,0.010042688813190552,0.014162336922264603,0.010953950238108325,0.01542030655158266,0.012021595881753925,0.016809814913924862,0.013210351108324065,0.018340779612177917,0.014550787268848274,0.021694495325193915,0.017489164431260543,0.023786065576097443,0.019408104618958345,0.026145411104942937,0.021631582495757713,0.02878453743101435,0.024067296097973406,0.03174415892405728,0.02668878944875298,0.03782521543092674,0.03216106128303337,0.041765113672459,0.0357849422012225,0.046157045813986886,0.03977861888474921,0.0508830445790681,0.04422910210192826,0.056063165160542154,0.04931276503177597,0.06889080152589128,0.061356113605608574,0.0759469149902571,0.0680388933585378,0.08358346921304682,0.07534191879100782,0.09176340367821005,0.08328635468450063,0.10007644281369531,0.09159117977378349,0.11787332020440044,0.10914383854948997,0.1266070744939232,0.11826409563642504,0.13483607499442082,0.12709098533559623,0.14237397516744243,0.1354422553620201,0.14903912628643098,0.1431327138777293,0.1595919777370216,0.15485565117634895,0.16713248780553974,0.16371722760072663,0.17502846564068253,0.1730844071382847,0.18329870249002508,0.18298834905064898,0.1919583357474469,0.19345962468884936,0.2047342961819651,0.2084407625144974,0.21448016794503463,0.22044295734655958,0.2246895571482844,0.23313535921917228,0.2353849088929846,0.2465591218741061,0.24658971223860351,0.260786493296392,0.2636156408619271,0.2816733264000736,0.27652895472596334,0.2981474514176281,0.29025119942061023,0.3156400837066004,0.3049872486988069,0.3341971017567418,0.32125361043844275,0.3539884221301759,0.34340011320345676,0.37934961808713824,0.3640813395939299,0.39944313078374183,0.3878178473924514,0.42072297679161935,0.41430686120170207,0.44645632204441627,1,1
12792,2016,2,1,3.2926785410815427e-4,2.0797225183395455e-4,3.53604614511105e-4,2.19185120364452e-4,3.690494593351822e-4,2.2656091882373362e-4,3.729526840035768e-4,2.5154088463892854e-4,3.773422387840263e-4,2.5860388828052974e-4,3.978637409757973e-4,2.867959616668923e-4,3.9600869213720686e-4,3.0123124542614995e-4,4.218477686821678e-4,3.3072004640977197e-4,4.477027949143139e-4,3.679043279311441e-4,4.7526146888215266e-4,3.9389456369437383e-4,5.197058002791549e-4,4.4680183463507387e-4,5.685184090845637e-4,4.910833229814836e-4,6.402677440308014e-4,5.107174410775255e-4,6.891616104219303e-4,5.454299773502433e-4,7.431641970030664e-4,7.106253568727872e-4,7.984240891362357e-4,8.04415689658983e-4,0.00107459801083902,8.075151262810834e-4,0.0010967381872562423,7.782372177194772e-4,0.0011090210793375734,8.035151186963797e-4,0.0011017709218619606,8.554781475104882e-4,0.0022323743930011295,0.001171651190937434,0.002413873285449898,0.001260162267528389,0.002601112206761236,0.0013594249518280649,0.002801090750597004,0.001467818390631929,0.00304083230462356,0.0015808484121157139,0.003461002712970696,0.0017889051700924875,0.0037372177522169586,0.0019326811500274552,0.004011914323078253,0.002084066487783722,0.004278130975056019,0.0022303474403116696,0.0045550140384839986,0.002380600781799435,0.00491168619111484,0.0025756392092227674,0.005265214239448016,0.0027455316025816892,0.005617984952354646,0.002907594424766664,0.0059518235461335275,0.003065161809477949,0.006263948060157471,0.00322653938688123,0.006767967379715711,0.004465412332759943,0.0071325468967205555,0.004740237148507558,0.007502665708955715,0.005064559258223056,0.007884642497910084,0.005451354606946074,0.00832527374091706,0.005901913481906879,0.008668603188179148,0.0062756748857389485,0.00925995868073014,0.006842388105489711,0.009963464435947795,0.007479767459159692,0.010901005049028797,0.008256130806755867,0.011841176989042246,0.009017317798599983,0.013083928103106464,0.010042688813190552,0.014162336922264603,0.010953950238108325,0.01542030655158266,0.012021595881753925,0.016809814913924862,0.013210351108324065,0.018340779612177917,0.014550787268848274,0.021694495325193915,0.017489164431260543,0.023786065576097443,0.019408104618958345,0.026145411104942937,0.021631582495757713,0.02878453743101435,0.024067296097973406,0.03174415892405728,0.02668878944875298,0.03782521543092674,0.03216106128303337,0.041765113672459,0.0357849422012225,0.046157045813986886,0.03977861888474921,0.0508830445790681,0.04422910210192826,0.056063165160542154,0.04931276503177597,0.06889080152589128,0.061356113605608574,0.0759469149902571,0.0680388933585378,0.08358346921304682,0.07534191879100782,0.09176340367821005,0.08328635468450063,0.10007644281369531,0.09159117977378349,0.11787332020440044,0.10914383854948997,0.1266070744939232,0.11826409563642504,0.13483607499442082,0.12709098533559623,0.14237397516744243,0.1354422553620201,0.14903912628643098,0.1431327138777293,0.1595919777370216,0.15485565117634895,0.16713248780553974,0.16371722760072663,0.17502846564068253,0.1730844071382847,0.18329870249002508,0.18298834905064898,0.1919583357474469,0.19345962468884936,0.2047342961819651,0.2084407625144974,0.21448016794503463,0.22044295734655958,0.2246895571482844,0.23313535921917228,0.2353849088929846,0.2465591218741061,0.24658971223860351,0.260786493296392,0.2636156408619271,0.2816733264000736,0.27652895472596334,0.2981474514176281,0.29025119942061023,0.3156400837066004,0.3049872486988069,0.3341971017567418,0.32125361043844275,0.3539884221301759,0.34340011320345676,0.37934961808713824,0.3640813395939299,0.39944313078374183,0.3878178473924514,0.42072297679161935,0.41430686120170207,0.44645632204441627,1,1
12793,2016,2,1,3.2926785410815427e-4,2.0797225183395455e-4,3.53604614511105e-4,2.19185120364452e-4,3.690494593351822e-4,2.2656091882373362e-4,3.729526840035768e-4,2.5154088463892854e-4,3.773422387840263e-4,2.5860388828052974e-4,3.978637409757973e-4,2.867959616668923e-4,3.9600869213720686e-4,3.0123124542614995e-4,4.218477686821678e-4,3.3072004640977197e-4,4.477027949143139e-4,3.679043279311441e-4,4.7526146888215266e-4,3.9389456369437383e-4,5.197058002791549e-4,4.4680183463507387e-4,5.685184090845637e-4,4.910833229814836e-4,6.402677440308014e-4,5.107174410775255e-4,6.891616104219303e-4,5.454299773502433e-4,7.431641970030664e-4,7.106253568727872e-4,7.984240891362357e-4,8.04415689658983e-4,0.00107459801083902,8.075151262810834e-4,0.0010967381872562423,7.782372177194772e-4,0.0011090210793375734,8.035151186963797e-4,0.0011017709218619606,8.554781475104882e-4,0.0022323743930011295,0.001171651190937434,0.002413873285449898,0.001260162267528389,0.002601112206761236,0.0013594249518280649,0.002801090750597004,0.001467818390631929,0.00304083230462356,0.0015808484121157139,0.003461002712970696,0.0017889051700924875,0.0037372177522169586,0.0019326811500274552,0.004011914323078253,0.002084066487783722,0.004278130975056019,0.0022303474403116696,0.0045550140384839986,0.002380600781799435,0.00491168619111484,0.0025756392092227674,0.005265214239448016,0.0027455316025816892,0.005617984952354646,0.002907594424766664,0.0059518235461335275,0.003065161809477949,0.006263948060157471,0.00322653938688123,0.006767967379715711,0.004465412332759943,0.0071325468967205555,0.004740237148507558,0.007502665708955715,0.005064559258223056,0.007884642497910084,0.005451354606946074,0.00832527374091706,0.005901913481906879,0.008668603188179148,0.0062756748857389485,0.00925995868073014,0.006842388105489711,0.009963464435947795,0.007479767459159692,0.010901005049028797,0.008256130806755867,0.011841176989042246,0.009017317798599983,0.013083928103106464,0.010042688813190552,0.014162336922264603,0.010953950238108325,0.01542030655158266,0.012021595881753925,0.016809814913924862,0.013210351108324065,0.018340779612177917,0.014550787268848274,0.021694495325193915,0.017489164431260543,0.023786065576097443,0.019408104618958345,0.026145411104942937,0.021631582495757713,0.02878453743101435,0.024067296097973406,0.03174415892405728,0.02668878944875298,0.03782521543092674,0.03216106128303337,0.041765113672459,0.0357849422012225,0.046157045813986886,0.03977861888474921,0.0508830445790681,0.04422910210192826,0.056063165160542154,0.04931276503177597,0.06889080152589128,0.061356113605608574,0.0759469149902571,0.0680388933585378,0.08358346921304682,0.07534191879100782,0.09176340367821005,0.08328635468450063,0.10007644281369531,0.09159117977378349,0.11787332020440044,0.10914383854948997,0.1266070744939232,0.11826409563642504,0.13483607499442082,0.12709098533559623,0.14237397516744243,0.1354422553620201,0.14903912628643098,0.1431327138777293,0.1595919777370216,0.15485565117634895,0.16713248780553974,0.16371722760072663,0.17502846564068253,0.1730844071382847,0.18329870249002508,0.18298834905064898,0.1919583357474469,0.19345962468884936,0.2047342961819651,0.2084407625144974,0.21448016794503463,0.22044295734655958,0.2246895571482844,0.23313535921917228,0.2353849088929846,0.2465591218741061,0.24658971223860351,0.260786493296392,0.2636156408619271,0.2816733264000736,0.27652895472596334,0.2981474514176281,0.29025119942061023,0.3156400837066004,0.3049872486988069,0.3341971017567418,0.32125361043844275,0.3539884221301759,0.34340011320345676,0.37934961808713824,0.3640813395939299,0.39944313078374183,0.3878178473924514,0.42072297679161935,0.41430686120170207,0.44645632204441627,1,1
12794,2016,2,1,3.2926785410815427e-4,2.0797225183395455e-4,3.53604614511105e-4,2.19185120364452e-4,3.690494593351822e-4,2.2656091882373362e-4,3.729526840035768e-4,2.5154088463892854e-4,3.773422387840263e-4,2.5860388828052974e-4,3.978637409757973e-4,2.867959616668923e-4,3.9600869213720686e-4,3.0123124542614995e-4,4.218477686821678e-4,3.3072004640977197e-4,4.477027949143139e-4,3.679043279311441e-4,4.7526146888215266e-4,3.9389456369437383e-4,5.197058002791549e-4,4.4680183463507387e-4,5.685184090845637e-4,4.910833229814836e-4,6.402677440308014e-4,5.107174410775255e-4,6.891616104219303e-4,5.454299773502433e-4,7.431641970030664e-4,7.106253568727872e-4,7.984240891362357e-4,8.04415689658983e-4,0.00107459801083902,8.075151262810834e-4,0.0010967381872562423,7.782372177194772e-4,0.0011090210793375734,8.035151186963797e-4,0.0011017709218619606,8.554781475104882e-4,0.0022323743930011295,0.001171651190937434,0.002413873285449898,0.001260162267528389,0.002601112206761236,0.0013594249518280649,0.002801090750597004,0.001467818390631929,0.00304083230462356,0.0015808484121157139,0.003461002712970696,0.0017889051700924875,0.0037372177522169586,0.0019326811500274552,0.004011914323078253,0.002084066487783722,0.004278130975056019,0.0022303474403116696,0.0045550140384839986,0.002380600781799435,0.00491168619111484,0.0025756392092227674,0.005265214239448016,0.0027455316025816892,0.005617984952354646,0.002907594424766664,0.0059518235461335275,0.003065161809477949,0.006263948060157471,0.00322653938688123,0.006767967379715711,0.004465412332759943,0.0071325468967205555,0.004740237148507558,0.007502665708955715,0.005064559258223056,0.007884642497910084,0.005451354606946074,0.00832527374091706,0.005901913481906879,0.008668603188179148,0.0062756748857389485,0.00925995868073014,0.006842388105489711,0.009963464435947795,0.007479767459159692,0.010901005049028797,0.008256130806755867,0.011841176989042246,0.009017317798599983,0.013083928103106464,0.010042688813190552,0.014162336922264603,0.010953950238108325,0.01542030655158266,0.012021595881753925,0.016809814913924862,0.013210351108324065,0.018340779612177917,0.014550787268848274,0.021694495325193915,0.017489164431260543,0.023786065576097443,0.019408104618958345,0.026145411104942937,0.021631582495757713,0.02878453743101435,0.024067296097973406,0.03174415892405728,0.02668878944875298,0.03782521543092674,0.03216106128303337,0.041765113672459,0.0357849422012225,0.046157045813986886,0.03977861888474921,0.0508830445790681,0.04422910210192826,0.056063165160542154,0.04931276503177597,0.06889080152589128,0.061356113605608574,0.0759469149902571,0.0680388933585378,0.08358346921304682,0.07534191879100782,0.09176340367821005,0.08328635468450063,0.10007644281369531,0.09159117977378349,0.11787332020440044,0.10914383854948997,0.1266070744939232,0.11826409563642504,0.13483607499442082,0.12709098533559623,0.14237397516744243,0.1354422553620201,0.14903912628643098,0.1431327138777293,0.1595919777370216,0.15485565117634895,0.16713248780553974,0.16371722760072663,0.17502846564068253,0.1730844071382847,0.18329870249002508,0.18298834905064898,0.1919583357474469,0.19345962468884936,0.2047342961819651,0.2084407625144974,0.21448016794503463,0.22044295734655958,0.2246895571482844,0.23313535921917228,0.2353849088929846,0.2465591218741061,0.24658971223860351,0.260786493296392,0.2636156408619271,0.2816733264000736,0.27652895472596334,0.2981474514176281,0.29025119942061023,0.3156400837066004,0.3049872486988069,0.3341971017567418,0.32125361043844275,0.3539884221301759,0.34340011320345676,0.37934961808713824,0.3640813395939299,0.39944313078374183,0.3878178473924514,0.42072297679161935,0.41430686120170207,0.44645632204441627,1,1
12795,2016,2,1,3.2926785410815427e-4,2.0797225183395455e-4,3.53604614511105e-4,2.19185120364452e-4,3.690494593351822e-4,2.2656091882373362e-4,3.729526840035768e-4,2.5154088463892854e-4,3.773422387840263e-4,2.5860388828052974e-4,3.978637409757973e-4,2.867959616668923e-4,3.9600869213720686e-4,3.0123124542614995e-4,4.218477686821678e-4,3.3072004640977197e-4,4.477027949143139e-4,3.679043279311441e-4,4.7526146888215266e-4,3.9389456369437383e-4,5.197058002791549e-4,4.4680183463507387e-4,5.685184090845637e-4,4.910833229814836e-4,6.402677440308014e-4,5.107174410775255e-4,6.891616104219303e-4,5.454299773502433e-4,7.431641970030664e-4,7.106253568727872e-4,7.984240891362357e-4,8.04415689658983e-4,0.00107459801083902,8.075151262810834e-4,0.0010967381872562423,7.782372177194772e-4,0.0011090210793375734,8.035151186963797e-4,0.0011017709218619606,8.554781475104882e-4,0.0022323743930011295,0.001171651190937434,0.002413873285449898,0.001260162267528389,0.002601112206761236,0.0013594249518280649,0.002801090750597004,0.001467818390631929,0.00304083230462356,0.0015808484121157139,0.003461002712970696,0.0017889051700924875,0.0037372177522169586,0.0019326811500274552,0.004011914323078253,0.002084066487783722,0.004278130975056019,0.0022303474403116696,0.0045550140384839986,0.002380600781799435,0.00491168619111484,0.0025756392092227674,0.005265214239448016,0.0027455316025816892,0.005617984952354646,0.002907594424766664,0.0059518235461335275,0.003065161809477949,0.006263948060157471,0.00322653938688123,0.006767967379715711,0.004465412332759943,0.0071325468967205555,0.004740237148507558,0.007502665708955715,0.005064559258223056,0.007884642497910084,0.005451354606946074,0.00832527374091706,0.005901913481906879,0.008668603188179148,0.0062756748857389485,0.00925995868073014,0.006842388105489711,0.009963464435947795,0.007479767459159692,0.010901005049028797,0.008256130806755867,0.011841176989042246,0.009017317798599983,0.013083928103106464,0.010042688813190552,0.014162336922264603,0.010953950238108325,0.01542030655158266,0.012021595881753925,0.016809814913924862,0.013210351108324065,0.018340779612177917,0.014550787268848274,0.021694495325193915,0.017489164431260543,0.023786065576097443,0.019408104618958345,0.026145411104942937,0.021631582495757713,0.02878453743101435,0.024067296097973406,0.03174415892405728,0.02668878944875298,0.03782521543092674,0.03216106128303337,0.041765113672459,0.0357849422012225,0.046157045813986886,0.03977861888474921,0.0508830445790681,0.04422910210192826,0.056063165160542154,0.04931276503177597,0.06889080152589128,0.061356113605608574,0.0759469149902571,0.0680388933585378,0.08358346921304682,0.07534191879100782,0.09176340367821005,0.08328635468450063,0.10007644281369531,0.09159117977378349,0.11787332020440044,0.10914383854948997,0.1266070744939232,0.11826409563642504,0.13483607499442082,0.12709098533559623,0.14237397516744243,0.1354422553620201,0.14903912628643098,0.1431327138777293,0.1595919777370216,0.15485565117634895,0.16713248780553974,0.16371722760072663,0.17502846564068253,0.1730844071382847,0.18329870249002508,0.18298834905064898,0.1919583357474469,0.19345962468884936,0.2047342961819651,0.2084407625144974,0.21448016794503463,0.22044295734655958,0.2246895571482844,0.23313535921917228,0.2353849088929846,0.2465591218741061,0.24658971223860351,0.260786493296392,0.2636156408619271,0.2816733264000736,0.27652895472596334,0.2981474514176281,0.29025119942061023,0.3156400837066004,0.3049872486988069,0.3341971017567418,0.32125361043844275,0.3539884221301759,0.34340011320345676,0.37934961808713824,0.3640813395939299,0.39944313078374183,0.3878178473924514,0.42072297679161935,0.41430686120170207,0.44645632204441627,1,1
15781,2016,0,2,,6.15884985807322e-4,,6.57853188332362e-4,,6.864776980568578e-4,,7.637335438663935e-4,,7.942756845371779e-4,,8.810829618118848e-4,,9.679016911755082e-4,,0.0010585479706579852,,0.0012083387822058682,,0.0012875757505322507,,0.0013601539985970768,,0.0014499217001922684,,0.0018602491788975827,,0.00202737663955891,,0.0020762381324124788,,0.0019495462494657828,,0.0020308985644461423,,0.002169563857323456,,0.002319749538517616,,0.0024805142903646204,,0.002875297974802922,,0.003091715083785095,,0.0033339285058649223,,0.0035988629632368214,,0.003875205552201411,,0.004386464405297704,,0.0047382248840971974,,0.005107637416926281,,0.0054638169208915946,,0.005829447817011355,,0.006303499454444933,,0.006715966190985446,,0.007108085459118544,,0.007489157809200295,,0.007878808875334362,,0.007715629273927348,,0.008188884606881292,,0.008746032124208039,,0.009410893748134277,,0.010184524769795724,,0.010820578840603234,,0.0117921391144062,,0.012884966684488616,,0.014215052491903328,,0.015516360477571914,,0.017291102572360745,,0.018859820483440842,,0.02069775730995382,,0.02274485652461083,,0.02505392645313136,,0.03025399335045429,,0.03357366966921522,,0.037419358330437316,,0.041632634356961996,,0.046166902167272074,,0.05584532217708438,,0.06213779659664462,,0.06907329004114261,,0.0768019438288006,,0.08562921788289816,,0.10707561086922883,,0.11873796719430812,,0.1314834119253213,,0.14534611515538087,,0.15984044737934075,,0.19106362882535335,,0.20702934596789074,,0.22248147625637144,,0.23710109882174432,,0.2505641155081228,,0.27131053931432797,,0.2868361870758692,,0.3032492218009719,,0.3206003809006216,,0.33894557907263867,,0.3654408621807032,,0.38648342679388437,,0.4087364410691467,,0.43227135156481633,,0.45716064029658676,,0.49390073859423955,,0.5225156029326544,,0.5528347677700596,,0.585097852276723,,0.6200851889997482,,0.6651573301480752,,0.7013463022036835,,0.7389316451011846,,0.7822370213503693,1,1
15782,2016,0,2,,6.15884985807322e-4,,6.57853188332362e-4,,6.864776980568578e-4,,7.637335438663935e-4,,7.942756845371779e-4,,8.810829618118848e-4,,9.679016911755082e-4,,0.0010585479706579852,,0.0012083387822058682,,0.0012875757505322507,,0.0013601539985970768,,0.0014499217001922684,,0.0018602491788975827,,0.00202737663955891,,0.0020762381324124788,,0.0019495462494657828,,0.0020308985644461423,,0.002169563857323456,,0.002319749538517616,,0.0024805142903646204,,0.002875297974802922,,0.003091715083785095,,0.0033339285058649223,,0.0035988629632368214,,0.003875205552201411,,0.004386464405297704,,0.0047382248840971974,,0.005107637416926281,,0.0054638169208915946,,0.005829447817011355,,0.006303499454444933,,0.006715966190985446,,0.007108085459118544,,0.007489157809200295,,0.007878808875334362,,0.007715629273927348,,0.008188884606881292,,0.008746032124208039,,0.009410893748134277,,0.010184524769795724,,0.010820578840603234,,0.0117921391144062,,0.012884966684488616,,0.014215052491903328,,0.015516360477571914,,0.017291102572360745,,0.018859820483440842,,0.02069775730995382,,0.02274485652461083,,0.02505392645313136,,0.03025399335045429,,0.03357366966921522,,0.037419358330437316,,0.041632634356961996,,0.046166902167272074,,0.05584532217708438,,0.06213779659664462,,0.06907329004114261,,0.0768019438288006,,0.08562921788289816,,0.10707561086922883,,0.11873796719430812,,0.1314834119253213,,0.14534611515538087,,0.15984044737934075,,0.19106362882535335,,0.20702934596789074,,0.22248147625637144,,0.23710109882174432,,0.2505641155081228,,0.27131053931432797,,0.2868361870758692,,0.3032492218009719,,0.3206003809006216,,0.33894557907263867,,0.3654408621807032,,0.38648342679388437,,0.4087364410691467,,0.43227135156481633,,0.45716064029658676,,0.49390073859423955,,0.5225156029326544,,0.5528347677700596,,0.585097852276723,,0.6200851889997482,,0.6651573301480752,,0.7013463022036835,,0.7389316451011846,,0.7822370213503693,1,1
15783,2016,0,2,,6.15884985807322e-4,,6.57853188332362e-4,,6.864776980568578e-4,,7.637335438663935e-4,,7.942756845371779e-4,,8.810829618118848e-4,,9.679016911755082e-4,,0.0010585479706579852,,0.0012083387822058682,,0.0012875757505322507,,0.0013601539985970768,,0.0014499217001922684,,0.0018602491788975827,,0.00202737663955891,,0.0020762381324124788,,0.0019495462494657828,,0.0020308985644461423,,0.002169563857323456,,0.002319749538517616,,0.0024805142903646204,,0.002875297974802922,,0.003091715083785095,,0.0033339285058649223,,0.0035988629632368214,,0.003875205552201411,,0.004386464405297704,,0.0047382248840971974,,0.005107637416926281,,0.0054638169208915946,,0.005829447817011355,,0.006303499454444933,,0.006715966190985446,,0.007108085459118544,,0.007489157809200295,,0.007878808875334362,,0.007715629273927348,,0.008188884606881292,,0.008746032124208039,,0.009410893748134277,,0.010184524769795724,,0.010820578840603234,,0.0117921391144062,,0.012884966684488616,,0.014215052491903328,,0.015516360477571914,,0.017291102572360745,,0.018859820483440842,,0.02069775730995382,,0.02274485652461083,,0.02505392645313136,,0.03025399335045429,,0.03357366966921522,,0.037419358330437316,,0.041632634356961996,,0.046166902167272074,,0.05584532217708438,,0.06213779659664462,,0.06907329004114261,,0.0768019438288006,,0.08562921788289816,,0.10707561086922883,,0.11873796719430812,,0.1314834119253213,,0.14534611515538087,,0.15984044737934075,,0.19106362882535335,,0.20702934596789074,,0.22248147625637144,,0.23710109882174432,,0.2505641155081228,,0.27131053931432797,,0.2868361870758692,,0.3032492218009719,,0.3206003809006216,,0.33894557907263867,,0.3654408621807032,,0.38648342679388437,,0.4087364410691467,,0.43227135156481633,,0.45716064029658676,,0.49390073859423955,,0.5225156029326544,,0.5528347677700596,,0.585097852276723,,0.6200851889997482,,0.6651573301480752,,0.7013463022036835,,0.7389316451011846,,0.7822370213503693,1,1
15784,2016,0,2,,6.15884985807322e-4,,6.57853188332362e-4,,6.864776980568578e-4,,7.637335438663935e-4,,7.942756845371779e-4,,8.810829618118848e-4,,9.679016911755082e-4,,0.0010585479706579852,,0.0012083387822058682,,0.0012875757505322507,,0.0013601539985970768,,0.0014499217001922684,,0.0018602491788975827,,0.00202737663955891,,0.0020762381324124788,,0.0019495462494657828,,0.0020308985644461423,,0.002169563857323456,,0.002319749538517616,,0.0024805142903646204,,0.002875297974802922,,0.003091715083785095,,0.0033339285058649223,,0.0035988629632368214,,0.003875205552201411,,0.004386464405297704,,0.0047382248840971974,,0.005107637416926281,,0.0054638169208915946,,0.005829447817011355,,0.006303499454444933,,0.006715966190985446,,0.007108085459118544,,0.007489157809200295,,0.007878808875334362,,0.007715629273927348,,0.008188884606881292,,0.008746032124208039,,0.009410893748134277,,0.010184524769795724,,0.010820578840603234,,0.0117921391144062,,0.012884966684488616,,0.014215052491903328,,0.015516360477571914,,0.017291102572360745,,0.018859820483440842,,0.02069775730995382,,0.02274485652461083,,0.02505392645313136,,0.03025399335045429,,0.03357366966921522,,0.037419358330437316,,0.041632634356961996,,0.046166902167272074,,0.05584532217708438,,0.06213779659664462,,0.06907329004114261,,0.0768019438288006,,0.08562921788289816,,0.10707561086922883,,0.11873796719430812,,0.1314834119253213,,0.14534611515538087,,0.15984044737934075,,0.19106362882535335,,0.20702934596789074,,0.22248147625637144,,0.23710109882174432,,0.2505641155081228,,0.27131053931432797,,0.2868361870758692,,0.3032492218009719,,0.3206003809006216,,0.33894557907263867,,0.3654408621807032,,0.38648342679388437,,0.4087364410691467,,0.43227135156481633,,0.45716064029658676,,0.49390073859423955,,0.5225156029326544,,0.5528347677700596,,0.585097852276723,,0.6200851889997482,,0.6651573301480752,,0.7013463022036835,,0.7389316451011846,,0.7822370213503693,1,1
15785,2016,0,2,,6.15884985807322e-4,,6.57853188332362e-4,,6.864776980568578e-4,,7.637335438663935e-4,,7.942756845371779e-4,,8.810829618118848e-4,,9.679016911755082e-4,,0.0010585479706579852,,0.0012083387822058682,,0.0012875757505322507,,0.0013601539985970768,,0.0014499217001922684,,0.0018602491788975827,,0.00202737663955891,,0.0020762381324124788,,0.0019495462494657828,,0.0020308985644461423,,0.002169563857323456,,0.002319749538517616,,0.0024805142903646204,,0.002875297974802922,,0.003091715083785095,,0.0033339285058649223,,0.0035988629632368214,,0.003875205552201411,,0.004386464405297704,,0.0047382248840971974,,0.005107637416926281,,0.0054638169208915946,,0.005829447817011355,,0.006303499454444933,,0.006715966190985446,,0.007108085459118544,,0.007489157809200295,,0.007878808875334362,,0.007715629273927348,,0.008188884606881292,,0.008746032124208039,,0.009410893748134277,,0.010184524769795724,,0.010820578840603234,,0.0117921391144062,,0.012884966684488616,,0.014215052491903328,,0.015516360477571914,,0.017291102572360745,,0.018859820483440842,,0.02069775730995382,,0.02274485652461083,,0.02505392645313136,,0.03025399335045429,,0.03357366966921522,,0.037419358330437316,,0.041632634356961996,,0.046166902167272074,,0.05584532217708438,,0.06213779659664462,,0.06907329004114261,,0.0768019438288006,,0.08562921788289816,,0.10707561086922883,,0.11873796719430812,,0.1314834119253213,,0.14534611515538087,,0.15984044737934075,,0.19106362882535335,,0.20702934596789074,,0.22248147625637144,,0.23710109882174432,,0.2505641155081228,,0.27131053931432797,,0.2868361870758692,,0.3032492218009719,,0.3206003809006216,,0.33894557907263867,,0.3654408621807032,,0.38648342679388437,,0.4087364410691467,,0.43227135156481633,,0.45716064029658676,,0.49390073859423955,,0.5225156029326544,,0.5528347677700596,,0.585097852276723,,0.6200851889997482,,0.6651573301480752,,0.7013463022036835,,0.7389316451011846,,0.7822370213503693,1,1
19021,2016,0,2,,0.0011041729857370927,,0.0011956245586282651,,0.0013197381670501183,,0.0014373119609289162,,0.0015222130560755855,,0.0016544714303710877,,0.0017573223944651578,,0.001873229080139078,,0.0020381174766159775,,0.002168695598238507,,0.0024282645752398834,,0.002581665078500739,,0.0028820006050858864,,0.003009221738099896,,0.0031478452367110677,,0.003387659282205346,,0.0037596586706649007,,0.004072820092440077,,0.004482212927925883,,0.004942104085901858,,0.00499269233746188,,0.005273611652168862,,0.005812766824394743,,0.006142411736704361,,0.0064795914006290705,,0.006949590671069193,,0.0075004028649853895,,0.007942542289789753,,0.00857999861530109,,0.009316442792049531,,0.010026573161373628,,0.011035561189219301,,0.011931033600461651,,0.012931230313888748,,0.013952083549929712,,0.011670019020237789,,0.012348904975360609,,0.015517452955556933,,0.01804376482055941,,0.017970167002631557,,0.017421073762242625,,0.01842563380549792,,0.02005902153797496,,0.022083334164878766,,0.02409962038169452,,0.02646226000372733,,0.02886238650866582,,0.03167546367034656,,0.03480720506714343,,0.038341155629611275,,0.04367012869999925,,0.0484608337178128,,0.05401299110268288,,0.06009506204707195,,0.06664021060653617,,0.07685417511636382,,0.08551420391787229,,0.09505742198524571,,0.10569388514387906,,0.11784131804654623,,0.13843275643028732,,0.15351022939741196,,0.1699864832018255,,0.18791045130285278,,0.20664838572728533,,0.2376220719809716,,0.2574783149758307,,0.27669603600144915,,0.29487779988818846,,0.31162139747037726,,0.33393505492255504,,0.3530441675384526,,0.37324533174660207,,0.39460180299442343,,0.41718161072536863,,0.4460046117667729,,0.4716906293411988,,0.49891119576496074,,0.5277000400433279,,0.5582609716451434,,0.598420721773498,,0.6334745536606678,,0.670589324711072,,0.7099292850336745,,0.7521126110756153,,0.802010452971888,,0.849358949303305,,0.8983388143960865,,0.9513703267012595,1,1
19022,2016,0,2,,0.0011041729857370927,,0.0011956245586282651,,0.0013197381670501183,,0.0014373119609289162,,0.0015222130560755855,,0.0016544714303710877,,0.0017573223944651578,,0.001873229080139078,,0.0020381174766159775,,0.002168695598238507,,0.0024282645752398834,,0.002581665078500739,,0.0028820006050858864,,0.003009221738099896,,0.0031478452367110677,,0.003387659282205346,,0.0037596586706649007,,0.004072820092440077,,0.004482212927925883,,0.004942104085901858,,0.00499269233746188,,0.005273611652168862,,0.005812766824394743,,0.006142411736704361,,0.0064795914006290705,,0.006949590671069193,,0.0075004028649853895,,0.007942542289789753,,0.00857999861530109,,0.009316442792049531,,0.010026573161373628,,0.011035561189219301,,0.011931033600461651,,0.012931230313888748,,0.013952083549929712,,0.011670019020237789,,0.012348904975360609,,0.015517452955556933,,0.01804376482055941,,0.017970167002631557,,0.017421073762242625,,0.01842563380549792,,0.02005902153797496,,0.022083334164878766,,0.02409962038169452,,0.02646226000372733,,0.02886238650866582,,0.03167546367034656,,0.03480720506714343,,0.038341155629611275,,0.04367012869999925,,0.0484608337178128,,0.05401299110268288,,0.06009506204707195,,0.06664021060653617,,0.07685417511636382,,0.08551420391787229,,0.09505742198524571,,0.10569388514387906,,0.11784131804654623,,0.13843275643028732,,0.15351022939741196,,0.1699864832018255,,0.18791045130285278,,0.20664838572728533,,0.2376220719809716,,0.2574783149758307,,0.27669603600144915,,0.29487779988818846,,0.31162139747037726,,0.33393505492255504,,0.3530441675384526,,0.37324533174660207,,0.39460180299442343,,0.41718161072536863,,0.4460046117667729,,0.4716906293411988,,0.49891119576496074,,0.5277000400433279,,0.5582609716451434,,0.598420721773498,,0.6334745536606678,,0.670589324711072,,0.7099292850336745,,0.7521126110756153,,0.802010452971888,,0.849358949303305,,0.8983388143960865,,0.9513703267012595,1,1
19023,2016,0,2,,0.0011041729857370927,,0.0011956245586282651,,0.0013197381670501183,,0.0014373119609289162,,0.0015222130560755855,,0.0016544714303710877,,0.0017573223944651578,,0.001873229080139078,,0.0020381174766159775,,0.002168695598238507,,0.0024282645752398834,,0.002581665078500739,,0.0028820006050858864,,0.003009221738099896,,0.0031478452367110677,,0.003387659282205346,,0.0037596586706649007,,0.004072820092440077,,0.004482212927925883,,0.004942104085901858,,0.00499269233746188,,0.005273611652168862,,0.005812766824394743,,0.006142411736704361,,0.0064795914006290705,,0.006949590671069193,,0.0075004028649853895,,0.007942542289789753,,0.00857999861530109,,0.009316442792049531,,0.010026573161373628,,0.011035561189219301,,0.011931033600461651,,0.012931230313888748,,0.013952083549929712,,0.011670019020237789,,0.012348904975360609,,0.015517452955556933,,0.01804376482055941,,0.017970167002631557,,0.017421073762242625,,0.01842563380549792,,0.02005902153797496,,0.022083334164878766,,0.02409962038169452,,0.02646226000372733,,0.02886238650866582,,0.03167546367034656,,0.03480720506714343,,0.038341155629611275,,0.04367012869999925,,0.0484608337178128,,0.05401299110268288,,0.06009506204707195,,0.06664021060653617,,0.07685417511636382,,0.08551420391787229,,0.09505742198524571,,0.10569388514387906,,0.11784131804654623,,0.13843275643028732,,0.15351022939741196,,0.1699864832018255,,0.18791045130285278,,0.20664838572728533,,0.2376220719809716,,0.2574783149758307,,0.27669603600144915,,0.29487779988818846,,0.31162139747037726,,0.33393505492255504,,0.3530441675384526,,0.37324533174660207,,0.39460180299442343,,0.41718161072536863,,0.4460046117667729,,0.4716906293411988,,0.49891119576496074,,0.5277000400433279,,0.5582609716451434,,0.598420721773498,,0.6334745536606678,,0.670589324711072,,0.7099292850336745,,0.7521126110756153,,0.802010452971888,,0.849358949303305,,0.8983388143960865,,0.9513703267012595,1,1
19024,2016,0,2,,0.0011041729857370927,,0.0011956245586282651,,0.0013197381670501183,,0.0014373119609289162,,0.0015222130560755855,,0.0016544714303710877,,0.0017573223944651578,,0.001873229080139078,,0.0020381174766159775,,0.002168695598238507,,0.0024282645752398834,,0.002581665078500739,,0.0028820006050858864,,0.003009221738099896,,0.0031478452367110677,,0.003387659282205346,,0.0037596586706649007,,0.004072820092440077,,0.004482212927925883,,0.004942104085901858,,0.00499269233746188,,0.005273611652168862,,0.005812766824394743,,0.006142411736704361,,0.0064795914006290705,,0.006949590671069193,,0.0075004028649853895,,0.007942542289789753,,0.00857999861530109,,0.009316442792049531,,0.010026573161373628,,0.011035561189219301,,0.011931033600461651,,0.012931230313888748,,0.013952083549929712,,0.011670019020237789,,0.012348904975360609,,0.015517452955556933,,0.01804376482055941,,0.017970167002631557,,0.017421073762242625,,0.01842563380549792,,0.02005902153797496,,0.022083334164878766,,0.02409962038169452,,0.02646226000372733,,0.02886238650866582,,0.03167546367034656,,0.03480720506714343,,0.038341155629611275,,0.04367012869999925,,0.0484608337178128,,0.05401299110268288,,0.06009506204707195,,0.06664021060653617,,0.07685417511636382,,0.08551420391787229,,0.09505742198524571,,0.10569388514387906,,0.11784131804654623,,0.13843275643028732,,0.15351022939741196,,0.1699864832018255,,0.18791045130285278,,0.20664838572728533,,0.2376220719809716,,0.2574783149758307,,0.27669603600144915,,0.29487779988818846,,0.31162139747037726,,0.33393505492255504,,0.3530441675384526,,0.37324533174660207,,0.39460180299442343,,0.41718161072536863,,0.4460046117667729,,0.4716906293411988,,0.49891119576496074,,0.5277000400433279,,0.5582609716451434,,0.598420721773498,,0.6334745536606678,,0.670589324711072,,0.7099292850336745,,0.7521126110756153,,0.802010452971888,,0.849358949303305,,0.8983388143960865,,0.9513703267012595,1,1
19025,2016,0,2,,0.0011041729857370927,,0.0011956245586282651,,0.0013197381670501183,,0.0014373119609289162,,0.0015222130560755855,,0.0016544714303710877,,0.0017573223944651578,,0.001873229080139078,,0.0020381174766159775,,0.002168695598238507,,0.0024282645752398834,,0.002581665078500739,,0.0028820006050858864,,0.003009221738099896,,0.0031478452367110677,,0.003387659282205346,,0.0037596586706649007,,0.004072820092440077,,0.004482212927925883,,0.004942104085901858,,0.00499269233746188,,0.005273611652168862,,0.005812766824394743,,0.006142411736704361,,0.0064795914006290705,,0.006949590671069193,,0.0075004028649853895,,0.007942542289789753,,0.00857999861530109,,0.009316442792049531,,0.010026573161373628,,0.011035561189219301,,0.011931033600461651,,0.012931230313888748,,0.013952083549929712,,0.011670019020237789,,0.012348904975360609,,0.015517452955556933,,0.01804376482055941,,0.017970167002631557,,0.017421073762242625,,0.01842563380549792,,0.02005902153797496,,0.022083334164878766,,0.02409962038169452,,0.02646226000372733,,0.02886238650866582,,0.03167546367034656,,0.03480720506714343,,0.038341155629611275,,0.04367012869999925,,0.0484608337178128,,0.05401299110268288,,0.06009506204707195,,0.06664021060653617,,0.07685417511636382,,0.08551420391787229,,0.09505742198524571,,0.10569388514387906,,0.11784131804654623,,0.13843275643028732,,0.15351022939741196,,0.1699864832018255,,0.18791045130285278,,0.20664838572728533,,0.2376220719809716,,0.2574783149758307,,0.27669603600144915,,0.29487779988818846,,0.31162139747037726,,0.33393505492255504,,0.3530441675384526,,0.37324533174660207,,0.39460180299442343,,0.41718161072536863,,0.4460046117667729,,0.4716906293411988,,0.49891119576496074,,0.5277000400433279,,0.5582609716451434,,0.598420721773498,,0.6334745536606678,,0.670589324711072,,0.7099292850336745,,0.7521126110756153,,0.802010452971888,,0.849358949303305,,0.8983388143960865,,0.9513703267012595,1,1
21501,2016,2,1,9.165509588342234e-4,4.19525581763062e-4,9.871357267351348e-4,4.386755077977303e-4,0.0010273196310857866,4.921335510720421e-4,0.0010751226478208414,5.119534349207482e-4,0.0010994323174535869,5.495924237378752e-4,0.0011472673715106128,5.799816364512964e-4,0.0012283197797036834,6.295152675240609e-4,0.0012941841636446324,6.744418130028011e-4,0.0013379392929440666,7.226814234176099e-4,0.0014128544593524754,7.828173847675669e-4,0.0014310617307450092,8.588162642181651e-4,0.0015711025683200306,9.619096970566971e-4,0.0016606756206939196,0.0010452315105325583,0.0018070756570519359,0.001155004680349653,0.0019362437238821019,0.0012337842530895512,0.002160386335630671,0.001337711436032466,0.002419301891095367,0.0014225377068289033,0.0026589762685459923,0.0018352108340858647,0.0028593082946691464,0.002195880932363854,0.0031076443419321225,0.002152131531126964,0.005554887364363088,0.0018350515919721042,0.005895480259523851,0.0018892513270962236,0.0059731241785212375,0.0020280689315297766,0.005977651843807935,0.0021888879670756713,0.00633157435966566,0.002357544174725088,0.007200025467372493,0.0026636666156463814,0.007774081306162921,0.002878316813536675,0.008342869543075145,0.003102698264468586,0.008894360651414543,0.00332026605188505,0.009466599934685835,0.0035440884553098653,0.010209915414681395,0.003835893418756379,0.010941670768776137,0.00408843732407729,0.011670257207898025,0.0043284289502664155,0.01235858707147539,0.004562440831776086,0.013002035769193022,0.004802418000026409,0.013272347874595655,0.006474627367935362,0.013981146838628266,0.006872389044774314,0.014699106117592767,0.007340881137069294,0.015437892638359499,0.007900667138511824,0.016291497717249526,0.008551843169802382,0.016967545067422995,0.009098524835821685,0.018111199105960596,0.00991800408890443,0.01947287636975469,0.010839078970750109,0.021287448076026325,0.011961229374297638,0.023102614089375594,0.013059773053577538,0.025442330388548276,0.014516722402833027,0.02753948690614488,0.01583254164518556,0.029984876166487647,0.01737587769785746,0.03268731745142018,0.019094163499980724,0.03566427089846179,0.02103257386948882,0.0417927791677381,0.025102414285129743,0.04582219090413786,0.027857256818744208,0.050367646704997104,0.03104824168549798,0.055451456746034945,0.034544772593547095,0.0611541316613682,0.03830660288691448,0.07231406955912442,0.045897615020386424,0.07984617888342489,0.05106889963327749,0.088242565014931,0.05676914029615296,0.09727721617353174,0.0631207196975962,0.1071809941775379,0.0703749740973824,0.1303952170170948,0.08690895746102555,0.1437502822040837,0.09637431385857266,0.15820436604714894,0.10671934716533299,0.17368762799621323,0.11797198363239265,0.18942212192402758,0.12973550622226335,0.22172822637294287,0.15388021436720398,0.23815724577096956,0.16673943163204227,0.2536366276894741,0.17918468329254503,0.2678161993704301,0.19095806220632855,0.2803535481169317,0.20180083987068284,0.29970520053416205,0.21805720344411678,0.313865372062319,0.23053530951766216,0.3286938788544094,0.2437255349939038,0.3442246711778318,0.2576722333304492,0.36048781926942514,0.27241647254360163,0.38396006414121164,0.2932149587201626,0.4022369480933648,0.3100980202223825,0.4214037098303973,0.3279527509903345,0.4416603304984808,0.346835824886517,0.46291675572941887,0.3668501218467845,0.4948218162126537,0.3958482089696717,0.5193539445723436,0.41908263468181994,0.5455588446626967,0.44374576160281626,0.5738500850016243,0.4699269572644981,0.604682848650366,0.4979419621462586,0.646589254604625,0.5336604900369503,0.6856773607459065,0.5622313919337271,0.7287347769989538,0.5925779516809019,0.7751940135135116,0.6290735464549407,1,1
21502,2016,2,1,9.165509588342234e-4,4.19525581763062e-4,9.871357267351348e-4,4.386755077977303e-4,0.0010273196310857866,4.921335510720421e-4,0.0010751226478208414,5.119534349207482e-4,0.0010994323174535869,5.495924237378752e-4,0.0011472673715106128,5.799816364512964e-4,0.0012283197797036834,6.295152675240609e-4,0.0012941841636446324,6.744418130028011e-4,0.0013379392929440666,7.226814234176099e-4,0.0014128544593524754,7.828173847675669e-4,0.0014310617307450092,8.588162642181651e-4,0.0015711025683200306,9.619096970566971e-4,0.0016606756206939196,0.0010452315105325583,0.0018070756570519359,0.001155004680349653,0.0019362437238821019,0.0012337842530895512,0.002160386335630671,0.001337711436032466,0.002419301891095367,0.0014225377068289033,0.0026589762685459923,0.0018352108340858647,0.0028593082946691464,0.002195880932363854,0.0031076443419321225,0.002152131531126964,0.005554887364363088,0.0018350515919721042,0.005895480259523851,0.0018892513270962236,0.0059731241785212375,0.0020280689315297766,0.005977651843807935,0.0021888879670756713,0.00633157435966566,0.002357544174725088,0.007200025467372493,0.0026636666156463814,0.007774081306162921,0.002878316813536675,0.008342869543075145,0.003102698264468586,0.008894360651414543,0.00332026605188505,0.009466599934685835,0.0035440884553098653,0.010209915414681395,0.003835893418756379,0.010941670768776137,0.00408843732407729,0.011670257207898025,0.0043284289502664155,0.01235858707147539,0.004562440831776086,0.013002035769193022,0.004802418000026409,0.013272347874595655,0.006474627367935362,0.013981146838628266,0.006872389044774314,0.014699106117592767,0.007340881137069294,0.015437892638359499,0.007900667138511824,0.016291497717249526,0.008551843169802382,0.016967545067422995,0.009098524835821685,0.018111199105960596,0.00991800408890443,0.01947287636975469,0.010839078970750109,0.021287448076026325,0.011961229374297638,0.023102614089375594,0.013059773053577538,0.025442330388548276,0.014516722402833027,0.02753948690614488,0.01583254164518556,0.029984876166487647,0.01737587769785746,0.03268731745142018,0.019094163499980724,0.03566427089846179,0.02103257386948882,0.0417927791677381,0.025102414285129743,0.04582219090413786,0.027857256818744208,0.050367646704997104,0.03104824168549798,0.055451456746034945,0.034544772593547095,0.0611541316613682,0.03830660288691448,0.07231406955912442,0.045897615020386424,0.07984617888342489,0.05106889963327749,0.088242565014931,0.05676914029615296,0.09727721617353174,0.0631207196975962,0.1071809941775379,0.0703749740973824,0.1303952170170948,0.08690895746102555,0.1437502822040837,0.09637431385857266,0.15820436604714894,0.10671934716533299,0.17368762799621323,0.11797198363239265,0.18942212192402758,0.12973550622226335,0.22172822637294287,0.15388021436720398,0.23815724577096956,0.16673943163204227,0.2536366276894741,0.17918468329254503,0.2678161993704301,0.19095806220632855,0.2803535481169317,0.20180083987068284,0.29970520053416205,0.21805720344411678,0.313865372062319,0.23053530951766216,0.3286938788544094,0.2437255349939038,0.3442246711778318,0.2576722333304492,0.36048781926942514,0.27241647254360163,0.38396006414121164,0.2932149587201626,0.4022369480933648,0.3100980202223825,0.4214037098303973,0.3279527509903345,0.4416603304984808,0.346835824886517,0.46291675572941887,0.3668501218467845,0.4948218162126537,0.3958482089696717,0.5193539445723436,0.41908263468181994,0.5455588446626967,0.44374576160281626,0.5738500850016243,0.4699269572644981,0.604682848650366,0.4979419621462586,0.646589254604625,0.5336604900369503,0.6856773607459065,0.5622313919337271,0.7287347769989538,0.5925779516809019,0.7751940135135116,0.6290735464549407,1,1
21503,2016,2,1,9.165509588342234e-4,4.19525581763062e-4,9.871357267351348e-4,4.386755077977303e-4,0.0010273196310857866,4.921335510720421e-4,0.0010751226478208414,5.119534349207482e-4,0.0010994323174535869,5.495924237378752e-4,0.0011472673715106128,5.799816364512964e-4,0.0012283197797036834,6.295152675240609e-4,0.0012941841636446324,6.744418130028011e-4,0.0013379392929440666,7.226814234176099e-4,0.0014128544593524754,7.828173847675669e-4,0.0014310617307450092,8.588162642181651e-4,0.0015711025683200306,9.619096970566971e-4,0.0016606756206939196,0.0010452315105325583,0.0018070756570519359,0.001155004680349653,0.0019362437238821019,0.0012337842530895512,0.002160386335630671,0.001337711436032466,0.002419301891095367,0.0014225377068289033,0.0026589762685459923,0.0018352108340858647,0.0028593082946691464,0.002195880932363854,0.0031076443419321225,0.002152131531126964,0.005554887364363088,0.0018350515919721042,0.005895480259523851,0.0018892513270962236,0.0059731241785212375,0.0020280689315297766,0.005977651843807935,0.0021888879670756713,0.00633157435966566,0.002357544174725088,0.007200025467372493,0.0026636666156463814,0.007774081306162921,0.002878316813536675,0.008342869543075145,0.003102698264468586,0.008894360651414543,0.00332026605188505,0.009466599934685835,0.0035440884553098653,0.010209915414681395,0.003835893418756379,0.010941670768776137,0.00408843732407729,0.011670257207898025,0.0043284289502664155,0.01235858707147539,0.004562440831776086,0.013002035769193022,0.004802418000026409,0.013272347874595655,0.006474627367935362,0.013981146838628266,0.006872389044774314,0.014699106117592767,0.007340881137069294,0.015437892638359499,0.007900667138511824,0.016291497717249526,0.008551843169802382,0.016967545067422995,0.009098524835821685,0.018111199105960596,0.00991800408890443,0.01947287636975469,0.010839078970750109,0.021287448076026325,0.011961229374297638,0.023102614089375594,0.013059773053577538,0.025442330388548276,0.014516722402833027,0.02753948690614488,0.01583254164518556,0.029984876166487647,0.01737587769785746,0.03268731745142018,0.019094163499980724,0.03566427089846179,0.02103257386948882,0.0417927791677381,0.025102414285129743,0.04582219090413786,0.027857256818744208,0.050367646704997104,0.03104824168549798,0.055451456746034945,0.034544772593547095,0.0611541316613682,0.03830660288691448,0.07231406955912442,0.045897615020386424,0.07984617888342489,0.05106889963327749,0.088242565014931,0.05676914029615296,0.09727721617353174,0.0631207196975962,0.1071809941775379,0.0703749740973824,0.1303952170170948,0.08690895746102555,0.1437502822040837,0.09637431385857266,0.15820436604714894,0.10671934716533299,0.17368762799621323,0.11797198363239265,0.18942212192402758,0.12973550622226335,0.22172822637294287,0.15388021436720398,0.23815724577096956,0.16673943163204227,0.2536366276894741,0.17918468329254503,0.2678161993704301,0.19095806220632855,0.2803535481169317,0.20180083987068284,0.29970520053416205,0.21805720344411678,0.313865372062319,0.23053530951766216,0.3286938788544094,0.2437255349939038,0.3442246711778318,0.2576722333304492,0.36048781926942514,0.27241647254360163,0.38396006414121164,0.2932149587201626,0.4022369480933648,0.3100980202223825,0.4214037098303973,0.3279527509903345,0.4416603304984808,0.346835824886517,0.46291675572941887,0.3668501218467845,0.4948218162126537,0.3958482089696717,0.5193539445723436,0.41908263468181994,0.5455588446626967,0.44374576160281626,0.5738500850016243,0.4699269572644981,0.604682848650366,0.4979419621462586,0.646589254604625,0.5336604900369503,0.6856773607459065,0.5622313919337271,0.7287347769989538,0.5925779516809019,0.7751940135135116,0.6290735464549407,1,1
21504,2016,2,1,9.165509588342234e-4,4.19525581763062e-4,9.871357267351348e-4,4.386755077977303e-4,0.0010273196310857866,4.921335510720421e-4,0.0010751226478208414,5.119534349207482e-4,0.0010994323174535869,5.495924237378752e-4,0.0011472673715106128,5.799816364512964e-4,0.0012283197797036834,6.295152675240609e-4,0.0012941841636446324,6.744418130028011e-4,0.0013379392929440666,7.226814234176099e-4,0.0014128544593524754,7.828173847675669e-4,0.0014310617307450092,8.588162642181651e-4,0.0015711025683200306,9.619096970566971e-4,0.0016606756206939196,0.0010452315105325583,0.0018070756570519359,0.001155004680349653,0.0019362437238821019,0.0012337842530895512,0.002160386335630671,0.001337711436032466,0.002419301891095367,0.0014225377068289033,0.0026589762685459923,0.0018352108340858647,0.0028593082946691464,0.002195880932363854,0.0031076443419321225,0.002152131531126964,0.005554887364363088,0.0018350515919721042,0.005895480259523851,0.0018892513270962236,0.0059731241785212375,0.0020280689315297766,0.005977651843807935,0.0021888879670756713,0.00633157435966566,0.002357544174725088,0.007200025467372493,0.0026636666156463814,0.007774081306162921,0.002878316813536675,0.008342869543075145,0.003102698264468586,0.008894360651414543,0.00332026605188505,0.009466599934685835,0.0035440884553098653,0.010209915414681395,0.003835893418756379,0.010941670768776137,0.00408843732407729,0.011670257207898025,0.0043284289502664155,0.01235858707147539,0.004562440831776086,0.013002035769193022,0.004802418000026409,0.013272347874595655,0.006474627367935362,0.013981146838628266,0.006872389044774314,0.014699106117592767,0.007340881137069294,0.015437892638359499,0.007900667138511824,0.016291497717249526,0.008551843169802382,0.016967545067422995,0.009098524835821685,0.018111199105960596,0.00991800408890443,0.01947287636975469,0.010839078970750109,0.021287448076026325,0.011961229374297638,0.023102614089375594,0.013059773053577538,0.025442330388548276,0.014516722402833027,0.02753948690614488,0.01583254164518556,0.029984876166487647,0.01737587769785746,0.03268731745142018,0.019094163499980724,0.03566427089846179,0.02103257386948882,0.0417927791677381,0.025102414285129743,0.04582219090413786,0.027857256818744208,0.050367646704997104,0.03104824168549798,0.055451456746034945,0.034544772593547095,0.0611541316613682,0.03830660288691448,0.07231406955912442,0.045897615020386424,0.07984617888342489,0.05106889963327749,0.088242565014931,0.05676914029615296,0.09727721617353174,0.0631207196975962,0.1071809941775379,0.0703749740973824,0.1303952170170948,0.08690895746102555,0.1437502822040837,0.09637431385857266,0.15820436604714894,0.10671934716533299,0.17368762799621323,0.11797198363239265,0.18942212192402758,0.12973550622226335,0.22172822637294287,0.15388021436720398,0.23815724577096956,0.16673943163204227,0.2536366276894741,0.17918468329254503,0.2678161993704301,0.19095806220632855,0.2803535481169317,0.20180083987068284,0.29970520053416205,0.21805720344411678,0.313865372062319,0.23053530951766216,0.3286938788544094,0.2437255349939038,0.3442246711778318,0.2576722333304492,0.36048781926942514,0.27241647254360163,0.38396006414121164,0.2932149587201626,0.4022369480933648,0.3100980202223825,0.4214037098303973,0.3279527509903345,0.4416603304984808,0.346835824886517,0.46291675572941887,0.3668501218467845,0.4948218162126537,0.3958482089696717,0.5193539445723436,0.41908263468181994,0.5455588446626967,0.44374576160281626,0.5738500850016243,0.4699269572644981,0.604682848650366,0.4979419621462586,0.646589254604625,0.5336604900369503,0.6856773607459065,0.5622313919337271,0.7287347769989538,0.5925779516809019,0.7751940135135116,0.6290735464549407,1,1
21505,2016,2,1,9.165509588342234e-4,4.19525581763062e-4,9.871357267351348e-4,4.386755077977303e-4,0.0010273196310857866,4.921335510720421e-4,0.0010751226478208414,5.119534349207482e-4,0.0010994323174535869,5.495924237378752e-4,0.0011472673715106128,5.799816364512964e-4,0.0012283197797036834,6.295152675240609e-4,0.0012941841636446324,6.744418130028011e-4,0.0013379392929440666,7.226814234176099e-4,0.0014128544593524754,7.828173847675669e-4,0.0014310617307450092,8.588162642181651e-4,0.0015711025683200306,9.619096970566971e-4,0.0016606756206939196,0.0010452315105325583,0.0018070756570519359,0.001155004680349653,0.0019362437238821019,0.0012337842530895512,0.002160386335630671,0.001337711436032466,0.002419301891095367,0.0014225377068289033,0.0026589762685459923,0.0018352108340858647,0.0028593082946691464,0.002195880932363854,0.0031076443419321225,0.002152131531126964,0.005554887364363088,0.0018350515919721042,0.005895480259523851,0.0018892513270962236,0.0059731241785212375,0.0020280689315297766,0.005977651843807935,0.0021888879670756713,0.00633157435966566,0.002357544174725088,0.007200025467372493,0.0026636666156463814,0.007774081306162921,0.002878316813536675,0.008342869543075145,0.003102698264468586,0.008894360651414543,0.00332026605188505,0.009466599934685835,0.0035440884553098653,0.010209915414681395,0.003835893418756379,0.010941670768776137,0.00408843732407729,0.011670257207898025,0.0043284289502664155,0.01235858707147539,0.004562440831776086,0.013002035769193022,0.004802418000026409,0.013272347874595655,0.006474627367935362,0.013981146838628266,0.006872389044774314,0.014699106117592767,0.007340881137069294,0.015437892638359499,0.007900667138511824,0.016291497717249526,0.008551843169802382,0.016967545067422995,0.009098524835821685,0.018111199105960596,0.00991800408890443,0.01947287636975469,0.010839078970750109,0.021287448076026325,0.011961229374297638,0.023102614089375594,0.013059773053577538,0.025442330388548276,0.014516722402833027,0.02753948690614488,0.01583254164518556,0.029984876166487647,0.01737587769785746,0.03268731745142018,0.019094163499980724,0.03566427089846179,0.02103257386948882,0.0417927791677381,0.025102414285129743,0.04582219090413786,0.027857256818744208,0.050367646704997104,0.03104824168549798,0.055451456746034945,0.034544772593547095,0.0611541316613682,0.03830660288691448,0.07231406955912442,0.045897615020386424,0.07984617888342489,0.05106889963327749,0.088242565014931,0.05676914029615296,0.09727721617353174,0.0631207196975962,0.1071809941775379,0.0703749740973824,0.1303952170170948,0.08690895746102555,0.1437502822040837,0.09637431385857266,0.15820436604714894,0.10671934716533299,0.17368762799621323,0.11797198363239265,0.18942212192402758,0.12973550622226335,0.22172822637294287,0.15388021436720398,0.23815724577096956,0.16673943163204227,0.2536366276894741,0.17918468329254503,0.2678161993704301,0.19095806220632855,0.2803535481169317,0.20180083987068284,0.29970520053416205,0.21805720344411678,0.313865372062319,0.23053530951766216,0.3286938788544094,0.2437255349939038,0.3442246711778318,0.2576722333304492,0.36048781926942514,0.27241647254360163,0.38396006414121164,0.2932149587201626,0.4022369480933648,0.3100980202223825,0.4214037098303973,0.3279527509903345,0.4416603304984808,0.346835824886517,0.46291675572941887,0.3668501218467845,0.4948218162126537,0.3958482089696717,0.5193539445723436,0.41908263468181994,0.5455588446626967,0.44374576160281626,0.5738500850016243,0.4699269572644981,0.604682848650366,0.4979419621462586,0.646589254604625,0.5336604900369503,0.6856773607459065,0.5622313919337271,0.7287347769989538,0.5925779516809019,0.7751940135135116,0.6290735464549407,1,1
22231,2016,0,2,,0.0010827741573802418,,0.0012133111520106776,,0.001270730318948047,,0.0013368479096218912,,0.0014064407281793375,,0.0015369474488317295,,0.0016552588500268499,,0.0017718175473885609,,0.0018901030015442762,,0.002083208280577737,,0.0023128354718172507,,0.0025232897902824547,,0.0027928750523868186,,0.0030415363554981063,,0.0032275142134872443,,0.003444763543053675,,0.004476112913500818,,0.005284608155179438,,0.005216289569179716,,0.004967063508216844,,0.005597146086878454,,0.005986175095447032,,0.006449136905341637,,0.00695741900933527,,0.007490029434481179,,0.008463215440672644,,0.00913726055547472,,0.00984482015591363,,0.010526897802537705,,0.011225186638844302,,0.012136903362325716,,0.01292211484914786,,0.013666154237581742,,0.014387867323323153,,0.01512308801181299,,0.01112212425293845,,0.011801433174435015,,0.012599752407889193,,0.013553924243371379,,0.014663750198958414,,0.015589182429350408,,0.01698271593698452,,0.018548212892209228,,0.020452931487049412,,0.02231578368117698,,0.024797916711735885,,0.027047241307598384,,0.029683989004199354,,0.03261875447059913,,0.0359295899798403,,0.04298409633064944,,0.04769987275465643,,0.05316495099987189,,0.059150850776116724,,0.0655922920004826,,0.07874055217755899,,0.08761296692414093,,0.0973907880380164,,0.10828830448699318,,0.12073409420668664,,0.14947152200871547,,0.16575180703315376,,0.18354346789014314,,0.20289617420798345,,0.22312732338061178,,0.26506410012025394,,0.2872153352097289,,0.3086513276516867,,0.3289335655848518,,0.3476093458255777,,0.3757677676748547,,0.3972704593319578,,0.4200007003741849,,0.44403370481010374,,0.46944184838380865,,0.5054537480334029,,0.5345573119526131,,0.5653354519116455,,0.5978875071670988,,0.6323964703630216,,0.6824888885389996,,0.7224901995500379,,0.7650120445372394,,0.8102862406622012,,0.8585154448831722,,0.9203249216684927,,0.9694014903699001,,1,,1,1,1
22232,2016,0,2,,0.0010827741573802418,,0.0012133111520106776,,0.001270730318948047,,0.0013368479096218912,,0.0014064407281793375,,0.0015369474488317295,,0.0016552588500268499,,0.0017718175473885609,,0.0018901030015442762,,0.002083208280577737,,0.0023128354718172507,,0.0025232897902824547,,0.0027928750523868186,,0.0030415363554981063,,0.0032275142134872443,,0.003444763543053675,,0.004476112913500818,,0.005284608155179438,,0.005216289569179716,,0.004967063508216844,,0.005597146086878454,,0.005986175095447032,,0.006449136905341637,,0.00695741900933527,,0.007490029434481179,,0.008463215440672644,,0.00913726055547472,,0.00984482015591363,,0.010526897802537705,,0.011225186638844302,,0.012136903362325716,,0.01292211484914786,,0.013666154237581742,,0.014387867323323153,,0.01512308801181299,,0.01112212425293845,,0.011801433174435015,,0.012599752407889193,,0.013553924243371379,,0.014663750198958414,,0.015589182429350408,,0.01698271593698452,,0.018548212892209228,,0.020452931487049412,,0.02231578368117698,,0.024797916711735885,,0.027047241307598384,,0.029683989004199354,,0.03261875447059913,,0.0359295899798403,,0.04298409633064944,,0.04769987275465643,,0.05316495099987189,,0.059150850776116724,,0.0655922920004826,,0.07874055217755899,,0.08761296692414093,,0.0973907880380164,,0.10828830448699318,,0.12073409420668664,,0.14947152200871547,,0.16575180703315376,,0.18354346789014314,,0.20289617420798345,,0.22312732338061178,,0.26506410012025394,,0.2872153352097289,,0.3086513276516867,,0.3289335655848518,,0.3476093458255777,,0.3757677676748547,,0.3972704593319578,,0.4200007003741849,,0.44403370481010374,,0.46944184838380865,,0.5054537480334029,,0.5345573119526131,,0.5653354519116455,,0.5978875071670988,,0.6323964703630216,,0.6824888885389996,,0.7224901995500379,,0.7650120445372394,,0.8102862406622012,,0.8585154448831722,,0.9203249216684927,,0.9694014903699001,,1,,1,1,1
22233,2016,0,2,,0.0010827741573802418,,0.0012133111520106776,,0.001270730318948047,,0.0013368479096218912,,0.0014064407281793375,,0.0015369474488317295,,0.0016552588500268499,,0.0017718175473885609,,0.0018901030015442762,,0.002083208280577737,,0.0023128354718172507,,0.0025232897902824547,,0.0027928750523868186,,0.0030415363554981063,,0.0032275142134872443,,0.003444763543053675,,0.004476112913500818,,0.005284608155179438,,0.005216289569179716,,0.004967063508216844,,0.005597146086878454,,0.005986175095447032,,0.006449136905341637,,0.00695741900933527,,0.007490029434481179,,0.008463215440672644,,0.00913726055547472,,0.00984482015591363,,0.010526897802537705,,0.011225186638844302,,0.012136903362325716,,0.01292211484914786,,0.013666154237581742,,0.014387867323323153,,0.01512308801181299,,0.01112212425293845,,0.011801433174435015,,0.012599752407889193,,0.013553924243371379,,0.014663750198958414,,0.015589182429350408,,0.01698271593698452,,0.018548212892209228,,0.020452931487049412,,0.02231578368117698,,0.024797916711735885,,0.027047241307598384,,0.029683989004199354,,0.03261875447059913,,0.0359295899798403,,0.04298409633064944,,0.04769987275465643,,0.05316495099987189,,0.059150850776116724,,0.0655922920004826,,0.07874055217755899,,0.08761296692414093,,0.0973907880380164,,0.10828830448699318,,0.12073409420668664,,0.14947152200871547,,0.16575180703315376,,0.18354346789014314,,0.20289617420798345,,0.22312732338061178,,0.26506410012025394,,0.2872153352097289,,0.3086513276516867,,0.3289335655848518,,0.3476093458255777,,0.3757677676748547,,0.3972704593319578,,0.4200007003741849,,0.44403370481010374,,0.46944184838380865,,0.5054537480334029,,0.5345573119526131,,0.5653354519116455,,0.5978875071670988,,0.6323964703630216,,0.6824888885389996,,0.7224901995500379,,0.7650120445372394,,0.8102862406622012,,0.8585154448831722,,0.9203249216684927,,0.9694014903699001,,1,,1,1,1
22234,2016,0,2,,0.0010827741573802418,,0.0012133111520106776,,0.001270730318948047,,0.0013368479096218912,,0.0014064407281793375,,0.0015369474488317295,,0.0016552588500268499,,0.0017718175473885609,,0.0018901030015442762,,0.002083208280577737,,0.0023128354718172507,,0.0025232897902824547,,0.0027928750523868186,,0.0030415363554981063,,0.0032275142134872443,,0.003444763543053675,,0.004476112913500818,,0.005284608155179438,,0.005216289569179716,,0.004967063508216844,,0.005597146086878454,,0.005986175095447032,,0.006449136905341637,,0.00695741900933527,,0.007490029434481179,,0.008463215440672644,,0.00913726055547472,,0.00984482015591363,,0.010526897802537705,,0.011225186638844302,,0.012136903362325716,,0.01292211484914786,,0.013666154237581742,,0.014387867323323153,,0.01512308801181299,,0.01112212425293845,,0.011801433174435015,,0.012599752407889193,,0.013553924243371379,,0.014663750198958414,,0.015589182429350408,,0.01698271593698452,,0.018548212892209228,,0.020452931487049412,,0.02231578368117698,,0.024797916711735885,,0.027047241307598384,,0.029683989004199354,,0.03261875447059913,,0.0359295899798403,,0.04298409633064944,,0.04769987275465643,,0.05316495099987189,,0.059150850776116724,,0.0655922920004826,,0.07874055217755899,,0.08761296692414093,,0.0973907880380164,,0.10828830448699318,,0.12073409420668664,,0.14947152200871547,,0.16575180703315376,,0.18354346789014314,,0.20289617420798345,,0.22312732338061178,,0.26506410012025394,,0.2872153352097289,,0.3086513276516867,,0.3289335655848518,,0.3476093458255777,,0.3757677676748547,,0.3972704593319578,,0.4200007003741849,,0.44403370481010374,,0.46944184838380865,,0.5054537480334029,,0.5345573119526131,,0.5653354519116455,,0.5978875071670988,,0.6323964703630216,,0.6824888885389996,,0.7224901995500379,,0.7650120445372394,,0.8102862406622012,,0.8585154448831722,,0.9203249216684927,,0.9694014903699001,,1,,1,1,1
22235,2016,0,2,,0.0010827741573802418,,0.0012133111520106776,,0.001270730318948047,,0.0013368479096218912,,0.0014064407281793375,,0.0015369474488317295,,0.0016552588500268499,,0.0017718175473885609,,0.0018901030015442762,,0.002083208280577737,,0.0023128354718172507,,0.0025232897902824547,,0.0027928750523868186,,0.0030415363554981063,,0.0032275142134872443,,0.003444763543053675,,0.004476112913500818,,0.005284608155179438,,0.005216289569179716,,0.004967063508216844,,0.005597146086878454,,0.005986175095447032,,0.006449136905341637,,0.00695741900933527,,0.007490029434481179,,0.008463215440672644,,0.00913726055547472,,0.00984482015591363,,0.010526897802537705,,0.011225186638844302,,0.012136903362325716,,0.01292211484914786,,0.013666154237581742,,0.014387867323323153,,0.01512308801181299,,0.01112212425293845,,0.011801433174435015,,0.012599752407889193,,0.013553924243371379,,0.014663750198958414,,0.015589182429350408,,0.01698271593698452,,0.018548212892209228,,0.020452931487049412,,0.02231578368117698,,0.024797916711735885,,0.027047241307598384,,0.029683989004199354,,0.03261875447059913,,0.0359295899798403,,0.04298409633064944,,0.04769987275465643,,0.05316495099987189,,0.059150850776116724,,0.0655922920004826,,0.07874055217755899,,0.08761296692414093,,0.0973907880380164,,0.10828830448699318,,0.12073409420668664,,0.14947152200871547,,0.16575180703315376,,0.18354346789014314,,0.20289617420798345,,0.22312732338061178,,0.26506410012025394,,0.2872153352097289,,0.3086513276516867,,0.3289335655848518,,0.3476093458255777,,0.3757677676748547,,0.3972704593319578,,0.4200007003741849,,0.44403370481010374,,0.46944184838380865,,0.5054537480334029,,0.5345573119526131,,0.5653354519116455,,0.5978875071670988,,0.6323964703630216,,0.6824888885389996,,0.7224901995500379,,0.7650120445372394,,0.8102862406622012,,0.8585154448831722,,0.9203249216684927,,0.9694014903699001,,1,,1,1,1
22701,2016,0,1,0.001352694453757528,,0.001356484633284421,,0.0014111552430280802,,0.0018558994413453676,,0.001689419185812558,,0.0017552271720636117,,0.0018313876617903969,,0.001954051823946365,,0.00209299222293767,,0.0021611537709607482,,0.0020397008900672462,,0.0020835594450915075,,0.0021326218866608458,,0.002186894037412427,,0.0022788744114833693,,0.0021855312224189,,0.002336711098999888,,0.002491688829795641,,0.0026497377865745235,,0.002827136009138488,,0.0027187573212275372,,0.0029394843195558362,,0.00316823116721908,,0.003412249530893385,,0.003703794485093219,,0.0042363476091465315,,0.004574465629643138,,0.004910235096198631,,0.005235120727490886,,0.005572196733276431,,0.005997289620478519,,0.006428134391582573,,0.006856869811235686,,0.007263089198145254,,0.007642193221363631,,0.006999133903958116,,0.007375012571648541,,0.007756560598691346,,0.008149467438799322,,0.008603108985346716,,0.008928561331133334,,0.009535420010690972,,0.010257526804476915,,0.011219211329081158,,0.012183338626534609,,0.013560149039833606,,0.014677884962260832,,0.01598117883928057,,0.017421133642317777,,0.019007779531080158,,0.023177818429557934,,0.02541266338943067,,0.027933367900972932,,0.03075309654880112,,0.03391510439665471,,0.041427067132742995,,0.04574191646200076,,0.050552004926826405,,0.05572756733600149,,0.06140150330565311,,0.07794186354863815,,0.08592461690600679,,0.09456434572423003,,0.10381967559451358,,0.11322483097543096,,0.1360760423295068,,0.14615823349069412,,0.15565804850385298,,0.16435983893526762,,0.17205422520103977,,0.1852351088269259,,0.19398705005687902,,0.20315210848979326,,0.21275034444508384,,0.2228018182421663,,0.2386783072894977,,0.2500399706983991,,0.2619420089615531,,0.2744107512481921,,0.28747252672754914,,0.30858413225732023,,0.32338300602105513,,0.3388908866991284,,0.3552136768049586,,0.3726199832458365,,0.3967070854671069,,0.41772488024827875,,0.44046244835784903,,0.4665396786419757,,1,1
22702,2016,0,1,0.001352694453757528,,0.001356484633284421,,0.0014111552430280802,,0.0018558994413453676,,0.001689419185812558,,0.0017552271720636117,,0.0018313876617903969,,0.001954051823946365,,0.00209299222293767,,0.0021611537709607482,,0.0020397008900672462,,0.0020835594450915075,,0.0021326218866608458,,0.002186894037412427,,0.0022788744114833693,,0.0021855312224189,,0.002336711098999888,,0.002491688829795641,,0.0026497377865745235,,0.002827136009138488,,0.0027187573212275372,,0.0029394843195558362,,0.00316823116721908,,0.003412249530893385,,0.003703794485093219,,0.0042363476091465315,,0.004574465629643138,,0.004910235096198631,,0.005235120727490886,,0.005572196733276431,,0.005997289620478519,,0.006428134391582573,,0.006856869811235686,,0.007263089198145254,,0.007642193221363631,,0.006999133903958116,,0.007375012571648541,,0.007756560598691346,,0.008149467438799322,,0.008603108985346716,,0.008928561331133334,,0.009535420010690972,,0.010257526804476915,,0.011219211329081158,,0.012183338626534609,,0.013560149039833606,,0.014677884962260832,,0.01598117883928057,,0.017421133642317777,,0.019007779531080158,,0.023177818429557934,,0.02541266338943067,,0.027933367900972932,,0.03075309654880112,,0.03391510439665471,,0.041427067132742995,,0.04574191646200076,,0.050552004926826405,,0.05572756733600149,,0.06140150330565311,,0.07794186354863815,,0.08592461690600679,,0.09456434572423003,,0.10381967559451358,,0.11322483097543096,,0.1360760423295068,,0.14615823349069412,,0.15565804850385298,,0.16435983893526762,,0.17205422520103977,,0.1852351088269259,,0.19398705005687902,,0.20315210848979326,,0.21275034444508384,,0.2228018182421663,,0.2386783072894977,,0.2500399706983991,,0.2619420089615531,,0.2744107512481921,,0.28747252672754914,,0.30858413225732023,,0.32338300602105513,,0.3388908866991284,,0.3552136768049586,,0.3726199832458365,,0.3967070854671069,,0.41772488024827875,,0.44046244835784903,,0.4665396786419757,,1,1
22703,2016,0,1,0.001352694453757528,,0.001356484633284421,,0.0014111552430280802,,0.0018558994413453676,,0.001689419185812558,,0.0017552271720636117,,0.0018313876617903969,,0.001954051823946365,,0.00209299222293767,,0.0021611537709607482,,0.0020397008900672462,,0.0020835594450915075,,0.0021326218866608458,,0.002186894037412427,,0.0022788744114833693,,0.0021855312224189,,0.002336711098999888,,0.002491688829795641,,0.0026497377865745235,,0.002827136009138488,,0.0027187573212275372,,0.0029394843195558362,,0.00316823116721908,,0.003412249530893385,,0.003703794485093219,,0.0042363476091465315,,0.004574465629643138,,0.004910235096198631,,0.005235120727490886,,0.005572196733276431,,0.005997289620478519,,0.006428134391582573,,0.006856869811235686,,0.007263089198145254,,0.007642193221363631,,0.006999133903958116,,0.007375012571648541,,0.007756560598691346,,0.008149467438799322,,0.008603108985346716,,0.008928561331133334,,0.009535420010690972,,0.010257526804476915,,0.011219211329081158,,0.012183338626534609,,0.013560149039833606,,0.014677884962260832,,0.01598117883928057,,0.017421133642317777,,0.019007779531080158,,0.023177818429557934,,0.02541266338943067,,0.027933367900972932,,0.03075309654880112,,0.03391510439665471,,0.041427067132742995,,0.04574191646200076,,0.050552004926826405,,0.05572756733600149,,0.06140150330565311,,0.07794186354863815,,0.08592461690600679,,0.09456434572423003,,0.10381967559451358,,0.11322483097543096,,0.1360760423295068,,0.14615823349069412,,0.15565804850385298,,0.16435983893526762,,0.17205422520103977,,0.1852351088269259,,0.19398705005687902,,0.20315210848979326,,0.21275034444508384,,0.2228018182421663,,0.2386783072894977,,0.2500399706983991,,0.2619420089615531,,0.2744107512481921,,0.28747252672754914,,0.30858413225732023,,0.32338300602105513,,0.3388908866991284,,0.3552136768049586,,0.3726199832458365,,0.3967070854671069,,0.41772488024827875,,0.44046244835784903,,0.4665396786419757,,1,1
22704,2016,0,1,0.001352694453757528,,0.001356484633284421,,0.0014111552430280802,,0.0018558994413453676,,0.001689419185812558,,0.0017552271720636117,,0.0018313876617903969,,0.001954051823946365,,0.00209299222293767,,0.0021611537709607482,,0.0020397008900672462,,0.0020835594450915075,,0.0021326218866608458,,0.002186894037412427,,0.0022788744114833693,,0.0021855312224189,,0.002336711098999888,,0.002491688829795641,,0.0026497377865745235,,0.002827136009138488,,0.0027187573212275372,,0.0029394843195558362,,0.00316823116721908,,0.003412249530893385,,0.003703794485093219,,0.0042363476091465315,,0.004574465629643138,,0.004910235096198631,,0.005235120727490886,,0.005572196733276431,,0.005997289620478519,,0.006428134391582573,,0.006856869811235686,,0.007263089198145254,,0.007642193221363631,,0.006999133903958116,,0.007375012571648541,,0.007756560598691346,,0.008149467438799322,,0.008603108985346716,,0.008928561331133334,,0.009535420010690972,,0.010257526804476915,,0.011219211329081158,,0.012183338626534609,,0.013560149039833606,,0.014677884962260832,,0.01598117883928057,,0.017421133642317777,,0.019007779531080158,,0.023177818429557934,,0.02541266338943067,,0.027933367900972932,,0.03075309654880112,,0.03391510439665471,,0.041427067132742995,,0.04574191646200076,,0.050552004926826405,,0.05572756733600149,,0.06140150330565311,,0.07794186354863815,,0.08592461690600679,,0.09456434572423003,,0.10381967559451358,,0.11322483097543096,,0.1360760423295068,,0.14615823349069412,,0.15565804850385298,,0.16435983893526762,,0.17205422520103977,,0.1852351088269259,,0.19398705005687902,,0.20315210848979326,,0.21275034444508384,,0.2228018182421663,,0.2386783072894977,,0.2500399706983991,,0.2619420089615531,,0.2744107512481921,,0.28747252672754914,,0.30858413225732023,,0.32338300602105513,,0.3388908866991284,,0.3552136768049586,,0.3726199832458365,,0.3967070854671069,,0.41772488024827875,,0.44046244835784903,,0.4665396786419757,,1,1
22705,2016,0,1,0.001352694453757528,,0.001356484633284421,,0.0014111552430280802,,0.0018558994413453676,,0.001689419185812558,,0.0017552271720636117,,0.0018313876617903969,,0.001954051823946365,,0.00209299222293767,,0.0021611537709607482,,0.0020397008900672462,,0.0020835594450915075,,0.0021326218866608458,,0.002186894037412427,,0.0022788744114833693,,0.0021855312224189,,0.002336711098999888,,0.002491688829795641,,0.0026497377865745235,,0.002827136009138488,,0.0027187573212275372,,0.0029394843195558362,,0.00316823116721908,,0.003412249530893385,,0.003703794485093219,,0.0042363476091465315,,0.004574465629643138,,0.004910235096198631,,0.005235120727490886,,0.005572196733276431,,0.005997289620478519,,0.006428134391582573,,0.006856869811235686,,0.007263089198145254,,0.007642193221363631,,0.006999133903958116,,0.007375012571648541,,0.007756560598691346,,0.008149467438799322,,0.008603108985346716,,0.008928561331133334,,0.009535420010690972,,0.010257526804476915,,0.011219211329081158,,0.012183338626534609,,0.013560149039833606,,0.014677884962260832,,0.01598117883928057,,0.017421133642317777,,0.019007779531080158,,0.023177818429557934,,0.02541266338943067,,0.027933367900972932,,0.03075309654880112,,0.03391510439665471,,0.041427067132742995,,0.04574191646200076,,0.050552004926826405,,0.05572756733600149,,0.06140150330565311,,0.07794186354863815,,0.08592461690600679,,0.09456434572423003,,0.10381967559451358,,0.11322483097543096,,0.1360760423295068,,0.14615823349069412,,0.15565804850385298,,0.16435983893526762,,0.17205422520103977,,0.1852351088269259,,0.19398705005687902,,0.20315210848979326,,0.21275034444508384,,0.2228018182421663,,0.2386783072894977,,0.2500399706983991,,0.2619420089615531,,0.2744107512481921,,0.28747252672754914,,0.30858413225732023,,0.32338300602105513,,0.3388908866991284,,0.3552136768049586,,0.3726199832458365,,0.3967070854671069,,0.41772488024827875,,0.44046244835784903,,0.4665396786419757,,1,1
31711,2016,2,1,3.5640963039354506e-4,2.0341121815388582e-4,3.514073882141756e-4,2.2795412416065053e-4,3.538592226886593e-4,2.3876498891980735e-4,3.688174849884117e-4,2.51214874291822e-4,3.835436567154016e-4,2.6432326400457277e-4,4.042915552212176e-4,2.8888735152449304e-4,4.3395184551877464e-4,3.1116906483941376e-4,4.785457022819904e-4,3.3313207046114883e-4,5.450626846262804e-4,3.5543190600139356e-4,5.861020198556704e-4,3.9181793041221557e-4,6.079088930052445e-4,4.3509581694446865e-4,6.574306712611457e-4,4.7479321305047775e-4,8.640457696541545e-4,5.256486714520745e-4,8.11769726253104e-4,5.726037404653568e-4,8.361257756778279e-4,6.077960306955754e-4,8.062666381008623e-4,6.489185231493207e-4,8.482819226115296e-4,8.435029265124914e-4,9.055509014386712e-4,9.962497701959878e-4,9.61924300377742e-4,9.83792609242781e-4,0.0010263427074060528,9.372298894662114e-4,0.002098960683124906,0.0012278016145277307,0.0022699136569772757,0.0013137484988405656,0.002446971476570497,0.0014160716500700246,0.0026356534777458957,0.0015285302712776717,0.002861199339013199,0.0016465508952053724,0.003261236367192919,0.0018617378698294648,0.0035217644664727317,0.0020114945591471916,0.0037807826400760385,0.0021690085544980964,0.004031432823598684,0.0023213378961613623,0.00429257152416609,0.0024777247998018005,0.004625844072263595,0.0026818192734259978,0.0049592109340292675,0.0028586548876142984,0.005291344551889861,0.0030271193281764548,0.0056057216766608525,0.0031914486321015733,0.005900062049373118,0.0033596821576415297,0.006466697495271399,0.004599798644260831,0.006815306470320438,0.004883501962085956,0.0071683570007595185,0.005217031154097899,0.007533202892054465,0.0056158050679118296,0.007954088844332309,0.006079948650166037,0.008273828765796522,0.006468597426725207,0.00883810531534638,0.007052640110110921,0.0095092937314249,0.007709607457992862,0.010403621546414402,0.008509446147325317,0.011300338382089584,0.00929406215670812,0.012515311357077105,0.010339294046044605,0.013546629437597673,0.011277132037516544,0.01474983386487167,0.012376503007961255,0.016078948959524317,0.013600130116077325,0.01754337883779137,0.014980556636016789,0.020946101562426853,0.01792187692346601,0.022965896749505128,0.01988808237814188,0.02524378268216454,0.022166703264677175,0.027791775731150763,0.024662476544190525,0.030649582165014753,0.02734818420557295,0.03680091908499914,0.03283024666045467,0.04063361890196918,0.036529529387699204,0.04490674482931352,0.04060631409510719,0.04950483521769322,0.045149946862623316,0.054544396618251174,0.050339119850136824,0.06769814297755529,0.06232096169701809,0.07463211134871488,0.06910889698923646,0.08213607365394127,0.07652698840821673,0.09017502568280143,0.08459594531023744,0.09834406798625613,0.09303116197044187,0.11655357172407979,0.11051636732437708,0.1251891626830081,0.11975214852872129,0.13332633548144163,0.12868971500265416,0.1407801425000774,0.1371462327150308,0.14737033817773013,0.14493295067576942,0.15806752039589556,0.15667338059803212,0.16553595603978685,0.1656387567789676,0.17335652359161688,0.17511594990793047,0.18154750883295506,0.18513631986728524,0.19012458529086085,0.19573004314760928,0.20305367776231104,0.21074491814545912,0.21271901944905386,0.2228794175329081,0.2228446403804465,0.23571211807489142,0.23345196104347038,0.24928443848396595,0.24456449172871478,0.26367267608692224,0.26183197943842446,0.28455831124004594,0.27470932068629594,0.30123653955971263,0.28831797286473215,0.31896568446384616,0.3028600807641653,0.33784240027331336,0.3186497619062455,0.3579511831942335,0.34016374842070163,0.3837221526972141,0.3604306944450761,0.40418423749543503,0.3838251867524411,0.4266791778852361,0.41099268553663065,0.45298063131333893,1,1
31712,2016,2,1,3.5640963039354506e-4,2.0341121815388582e-4,3.514073882141756e-4,2.2795412416065053e-4,3.538592226886593e-4,2.3876498891980735e-4,3.688174849884117e-4,2.51214874291822e-4,3.835436567154016e-4,2.6432326400457277e-4,4.042915552212176e-4,2.8888735152449304e-4,4.3395184551877464e-4,3.1116906483941376e-4,4.785457022819904e-4,3.3313207046114883e-4,5.450626846262804e-4,3.5543190600139356e-4,5.861020198556704e-4,3.9181793041221557e-4,6.079088930052445e-4,4.3509581694446865e-4,6.574306712611457e-4,4.7479321305047775e-4,8.640457696541545e-4,5.256486714520745e-4,8.11769726253104e-4,5.726037404653568e-4,8.361257756778279e-4,6.077960306955754e-4,8.062666381008623e-4,6.489185231493207e-4,8.482819226115296e-4,8.435029265124914e-4,9.055509014386712e-4,9.962497701959878e-4,9.61924300377742e-4,9.83792609242781e-4,0.0010263427074060528,9.372298894662114e-4,0.002098960683124906,0.0012278016145277307,0.0022699136569772757,0.0013137484988405656,0.002446971476570497,0.0014160716500700246,0.0026356534777458957,0.0015285302712776717,0.002861199339013199,0.0016465508952053724,0.003261236367192919,0.0018617378698294648,0.0035217644664727317,0.0020114945591471916,0.0037807826400760385,0.0021690085544980964,0.004031432823598684,0.0023213378961613623,0.00429257152416609,0.0024777247998018005,0.004625844072263595,0.0026818192734259978,0.0049592109340292675,0.0028586548876142984,0.005291344551889861,0.0030271193281764548,0.0056057216766608525,0.0031914486321015733,0.005900062049373118,0.0033596821576415297,0.006466697495271399,0.004599798644260831,0.006815306470320438,0.004883501962085956,0.0071683570007595185,0.005217031154097899,0.007533202892054465,0.0056158050679118296,0.007954088844332309,0.006079948650166037,0.008273828765796522,0.006468597426725207,0.00883810531534638,0.007052640110110921,0.0095092937314249,0.007709607457992862,0.010403621546414402,0.008509446147325317,0.011300338382089584,0.00929406215670812,0.012515311357077105,0.010339294046044605,0.013546629437597673,0.011277132037516544,0.01474983386487167,0.012376503007961255,0.016078948959524317,0.013600130116077325,0.01754337883779137,0.014980556636016789,0.020946101562426853,0.01792187692346601,0.022965896749505128,0.01988808237814188,0.02524378268216454,0.022166703264677175,0.027791775731150763,0.024662476544190525,0.030649582165014753,0.02734818420557295,0.03680091908499914,0.03283024666045467,0.04063361890196918,0.036529529387699204,0.04490674482931352,0.04060631409510719,0.04950483521769322,0.045149946862623316,0.054544396618251174,0.050339119850136824,0.06769814297755529,0.06232096169701809,0.07463211134871488,0.06910889698923646,0.08213607365394127,0.07652698840821673,0.09017502568280143,0.08459594531023744,0.09834406798625613,0.09303116197044187,0.11655357172407979,0.11051636732437708,0.1251891626830081,0.11975214852872129,0.13332633548144163,0.12868971500265416,0.1407801425000774,0.1371462327150308,0.14737033817773013,0.14493295067576942,0.15806752039589556,0.15667338059803212,0.16553595603978685,0.1656387567789676,0.17335652359161688,0.17511594990793047,0.18154750883295506,0.18513631986728524,0.19012458529086085,0.19573004314760928,0.20305367776231104,0.21074491814545912,0.21271901944905386,0.2228794175329081,0.2228446403804465,0.23571211807489142,0.23345196104347038,0.24928443848396595,0.24456449172871478,0.26367267608692224,0.26183197943842446,0.28455831124004594,0.27470932068629594,0.30123653955971263,0.28831797286473215,0.31896568446384616,0.3028600807641653,0.33784240027331336,0.3186497619062455,0.3579511831942335,0.34016374842070163,0.3837221526972141,0.3604306944450761,0.40418423749543503,0.3838251867524411,0.4266791778852361,0.41099268553663065,0.45298063131333893,1,1
31713,2016,2,1,3.5640963039354506e-4,2.0341121815388582e-4,3.514073882141756e-4,2.2795412416065053e-4,3.538592226886593e-4,2.3876498891980735e-4,3.688174849884117e-4,2.51214874291822e-4,3.835436567154016e-4,2.6432326400457277e-4,4.042915552212176e-4,2.8888735152449304e-4,4.3395184551877464e-4,3.1116906483941376e-4,4.785457022819904e-4,3.3313207046114883e-4,5.450626846262804e-4,3.5543190600139356e-4,5.861020198556704e-4,3.9181793041221557e-4,6.079088930052445e-4,4.3509581694446865e-4,6.574306712611457e-4,4.7479321305047775e-4,8.640457696541545e-4,5.256486714520745e-4,8.11769726253104e-4,5.726037404653568e-4,8.361257756778279e-4,6.077960306955754e-4,8.062666381008623e-4,6.489185231493207e-4,8.482819226115296e-4,8.435029265124914e-4,9.055509014386712e-4,9.962497701959878e-4,9.61924300377742e-4,9.83792609242781e-4,0.0010263427074060528,9.372298894662114e-4,0.002098960683124906,0.0012278016145277307,0.0022699136569772757,0.0013137484988405656,0.002446971476570497,0.0014160716500700246,0.0026356534777458957,0.0015285302712776717,0.002861199339013199,0.0016465508952053724,0.003261236367192919,0.0018617378698294648,0.0035217644664727317,0.0020114945591471916,0.0037807826400760385,0.0021690085544980964,0.004031432823598684,0.0023213378961613623,0.00429257152416609,0.0024777247998018005,0.004625844072263595,0.0026818192734259978,0.0049592109340292675,0.0028586548876142984,0.005291344551889861,0.0030271193281764548,0.0056057216766608525,0.0031914486321015733,0.005900062049373118,0.0033596821576415297,0.006466697495271399,0.004599798644260831,0.006815306470320438,0.004883501962085956,0.0071683570007595185,0.005217031154097899,0.007533202892054465,0.0056158050679118296,0.007954088844332309,0.006079948650166037,0.008273828765796522,0.006468597426725207,0.00883810531534638,0.007052640110110921,0.0095092937314249,0.007709607457992862,0.010403621546414402,0.008509446147325317,0.011300338382089584,0.00929406215670812,0.012515311357077105,0.010339294046044605,0.013546629437597673,0.011277132037516544,0.01474983386487167,0.012376503007961255,0.016078948959524317,0.013600130116077325,0.01754337883779137,0.014980556636016789,0.020946101562426853,0.01792187692346601,0.022965896749505128,0.01988808237814188,0.02524378268216454,0.022166703264677175,0.027791775731150763,0.024662476544190525,0.030649582165014753,0.02734818420557295,0.03680091908499914,0.03283024666045467,0.04063361890196918,0.036529529387699204,0.04490674482931352,0.04060631409510719,0.04950483521769322,0.045149946862623316,0.054544396618251174,0.050339119850136824,0.06769814297755529,0.06232096169701809,0.07463211134871488,0.06910889698923646,0.08213607365394127,0.07652698840821673,0.09017502568280143,0.08459594531023744,0.09834406798625613,0.09303116197044187,0.11655357172407979,0.11051636732437708,0.1251891626830081,0.11975214852872129,0.13332633548144163,0.12868971500265416,0.1407801425000774,0.1371462327150308,0.14737033817773013,0.14493295067576942,0.15806752039589556,0.15667338059803212,0.16553595603978685,0.1656387567789676,0.17335652359161688,0.17511594990793047,0.18154750883295506,0.18513631986728524,0.19012458529086085,0.19573004314760928,0.20305367776231104,0.21074491814545912,0.21271901944905386,0.2228794175329081,0.2228446403804465,0.23571211807489142,0.23345196104347038,0.24928443848396595,0.24456449172871478,0.26367267608692224,0.26183197943842446,0.28455831124004594,0.27470932068629594,0.30123653955971263,0.28831797286473215,0.31896568446384616,0.3028600807641653,0.33784240027331336,0.3186497619062455,0.3579511831942335,0.34016374842070163,0.3837221526972141,0.3604306944450761,0.40418423749543503,0.3838251867524411,0.4266791778852361,0.41099268553663065,0.45298063131333893,1,1
31714,2016,2,1,3.5640963039354506e-4,2.0341121815388582e-4,3.514073882141756e-4,2.2795412416065053e-4,3.538592226886593e-4,2.3876498891980735e-4,3.688174849884117e-4,2.51214874291822e-4,3.835436567154016e-4,2.6432326400457277e-4,4.042915552212176e-4,2.8888735152449304e-4,4.3395184551877464e-4,3.1116906483941376e-4,4.785457022819904e-4,3.3313207046114883e-4,5.450626846262804e-4,3.5543190600139356e-4,5.861020198556704e-4,3.9181793041221557e-4,6.079088930052445e-4,4.3509581694446865e-4,6.574306712611457e-4,4.7479321305047775e-4,8.640457696541545e-4,5.256486714520745e-4,8.11769726253104e-4,5.726037404653568e-4,8.361257756778279e-4,6.077960306955754e-4,8.062666381008623e-4,6.489185231493207e-4,8.482819226115296e-4,8.435029265124914e-4,9.055509014386712e-4,9.962497701959878e-4,9.61924300377742e-4,9.83792609242781e-4,0.0010263427074060528,9.372298894662114e-4,0.002098960683124906,0.0012278016145277307,0.0022699136569772757,0.0013137484988405656,0.002446971476570497,0.0014160716500700246,0.0026356534777458957,0.0015285302712776717,0.002861199339013199,0.0016465508952053724,0.003261236367192919,0.0018617378698294648,0.0035217644664727317,0.0020114945591471916,0.0037807826400760385,0.0021690085544980964,0.004031432823598684,0.0023213378961613623,0.00429257152416609,0.0024777247998018005,0.004625844072263595,0.0026818192734259978,0.0049592109340292675,0.0028586548876142984,0.005291344551889861,0.0030271193281764548,0.0056057216766608525,0.0031914486321015733,0.005900062049373118,0.0033596821576415297,0.006466697495271399,0.004599798644260831,0.006815306470320438,0.004883501962085956,0.0071683570007595185,0.005217031154097899,0.007533202892054465,0.0056158050679118296,0.007954088844332309,0.006079948650166037,0.008273828765796522,0.006468597426725207,0.00883810531534638,0.007052640110110921,0.0095092937314249,0.007709607457992862,0.010403621546414402,0.008509446147325317,0.011300338382089584,0.00929406215670812,0.012515311357077105,0.010339294046044605,0.013546629437597673,0.011277132037516544,0.01474983386487167,0.012376503007961255,0.016078948959524317,0.013600130116077325,0.01754337883779137,0.014980556636016789,0.020946101562426853,0.01792187692346601,0.022965896749505128,0.01988808237814188,0.02524378268216454,0.022166703264677175,0.027791775731150763,0.024662476544190525,0.030649582165014753,0.02734818420557295,0.03680091908499914,0.03283024666045467,0.04063361890196918,0.036529529387699204,0.04490674482931352,0.04060631409510719,0.04950483521769322,0.045149946862623316,0.054544396618251174,0.050339119850136824,0.06769814297755529,0.06232096169701809,0.07463211134871488,0.06910889698923646,0.08213607365394127,0.07652698840821673,0.09017502568280143,0.08459594531023744,0.09834406798625613,0.09303116197044187,0.11655357172407979,0.11051636732437708,0.1251891626830081,0.11975214852872129,0.13332633548144163,0.12868971500265416,0.1407801425000774,0.1371462327150308,0.14737033817773013,0.14493295067576942,0.15806752039589556,0.15667338059803212,0.16553595603978685,0.1656387567789676,0.17335652359161688,0.17511594990793047,0.18154750883295506,0.18513631986728524,0.19012458529086085,0.19573004314760928,0.20305367776231104,0.21074491814545912,0.21271901944905386,0.2228794175329081,0.2228446403804465,0.23571211807489142,0.23345196104347038,0.24928443848396595,0.24456449172871478,0.26367267608692224,0.26183197943842446,0.28455831124004594,0.27470932068629594,0.30123653955971263,0.28831797286473215,0.31896568446384616,0.3028600807641653,0.33784240027331336,0.3186497619062455,0.3579511831942335,0.34016374842070163,0.3837221526972141,0.3604306944450761,0.40418423749543503,0.3838251867524411,0.4266791778852361,0.41099268553663065,0.45298063131333893,1,1
31715,2016,2,1,3.5640963039354506e-4,2.0341121815388582e-4,3.514073882141756e-4,2.2795412416065053e-4,3.538592226886593e-4,2.3876498891980735e-4,3.688174849884117e-4,2.51214874291822e-4,3.835436567154016e-4,2.6432326400457277e-4,4.042915552212176e-4,2.8888735152449304e-4,4.3395184551877464e-4,3.1116906483941376e-4,4.785457022819904e-4,3.3313207046114883e-4,5.450626846262804e-4,3.5543190600139356e-4,5.861020198556704e-4,3.9181793041221557e-4,6.079088930052445e-4,4.3509581694446865e-4,6.574306712611457e-4,4.7479321305047775e-4,8.640457696541545e-4,5.256486714520745e-4,8.11769726253104e-4,5.726037404653568e-4,8.361257756778279e-4,6.077960306955754e-4,8.062666381008623e-4,6.489185231493207e-4,8.482819226115296e-4,8.435029265124914e-4,9.055509014386712e-4,9.962497701959878e-4,9.61924300377742e-4,9.83792609242781e-4,0.0010263427074060528,9.372298894662114e-4,0.002098960683124906,0.0012278016145277307,0.0022699136569772757,0.0013137484988405656,0.002446971476570497,0.0014160716500700246,0.0026356534777458957,0.0015285302712776717,0.002861199339013199,0.0016465508952053724,0.003261236367192919,0.0018617378698294648,0.0035217644664727317,0.0020114945591471916,0.0037807826400760385,0.0021690085544980964,0.004031432823598684,0.0023213378961613623,0.00429257152416609,0.0024777247998018005,0.004625844072263595,0.0026818192734259978,0.0049592109340292675,0.0028586548876142984,0.005291344551889861,0.0030271193281764548,0.0056057216766608525,0.0031914486321015733,0.005900062049373118,0.0033596821576415297,0.006466697495271399,0.004599798644260831,0.006815306470320438,0.004883501962085956,0.0071683570007595185,0.005217031154097899,0.007533202892054465,0.0056158050679118296,0.007954088844332309,0.006079948650166037,0.008273828765796522,0.006468597426725207,0.00883810531534638,0.007052640110110921,0.0095092937314249,0.007709607457992862,0.010403621546414402,0.008509446147325317,0.011300338382089584,0.00929406215670812,0.012515311357077105,0.010339294046044605,0.013546629437597673,0.011277132037516544,0.01474983386487167,0.012376503007961255,0.016078948959524317,0.013600130116077325,0.01754337883779137,0.014980556636016789,0.020946101562426853,0.01792187692346601,0.022965896749505128,0.01988808237814188,0.02524378268216454,0.022166703264677175,0.027791775731150763,0.024662476544190525,0.030649582165014753,0.02734818420557295,0.03680091908499914,0.03283024666045467,0.04063361890196918,0.036529529387699204,0.04490674482931352,0.04060631409510719,0.04950483521769322,0.045149946862623316,0.054544396618251174,0.050339119850136824,0.06769814297755529,0.06232096169701809,0.07463211134871488,0.06910889698923646,0.08213607365394127,0.07652698840821673,0.09017502568280143,0.08459594531023744,0.09834406798625613,0.09303116197044187,0.11655357172407979,0.11051636732437708,0.1251891626830081,0.11975214852872129,0.13332633548144163,0.12868971500265416,0.1407801425000774,0.1371462327150308,0.14737033817773013,0.14493295067576942,0.15806752039589556,0.15667338059803212,0.16553595603978685,0.1656387567789676,0.17335652359161688,0.17511594990793047,0.18154750883295506,0.18513631986728524,0.19012458529086085,0.19573004314760928,0.20305367776231104,0.21074491814545912,0.21271901944905386,0.2228794175329081,0.2228446403804465,0.23571211807489142,0.23345196104347038,0.24928443848396595,0.24456449172871478,0.26367267608692224,0.26183197943842446,0.28455831124004594,0.27470932068629594,0.30123653955971263,0.28831797286473215,0.31896568446384616,0.3028600807641653,0.33784240027331336,0.3186497619062455,0.3579511831942335,0.34016374842070163,0.3837221526972141,0.3604306944450761,0.40418423749543503,0.3838251867524411,0.4266791778852361,0.41099268553663065,0.45298063131333893,1,1
32321,2016,2,1,4.571189414705812e-4,3.0620807898766117e-4,4.885696871691224e-4,3.3792421963460567e-4,5.40187979506719e-4,3.65574441929685e-4,5.609684187162133e-4,3.9119461326881397e-4,6.131516422101508e-4,4.1129455809011154e-4,6.694537083122425e-4,4.537998522677912e-4,7.454541715014159e-4,4.942798079940059e-4,8.130836661997672e-4,5.338990940309495e-4,8.605895940044207e-4,5.5636383700722e-4,9.196429981792977e-4,5.933907925991329e-4,9.731342164127953e-4,6.315983997507762e-4,0.0010361498172490411,6.613829002836942e-4,0.0010754510259219573,6.885655902399237e-4,0.0011570433106442958,7.180977537952403e-4,0.0012379753245362246,7.66875971482996e-4,0.0013098025816307359,8.212233628038478e-4,0.0013950765448692139,8.333609953001575e-4,0.001495882516998108,9.317953246369587e-4,0.0016351001035986613,0.0010040667334833733,0.0017624928510755911,0.0010489946027514479,0.0032719708451432656,0.001463781238391122,0.0035071781773106654,0.0015670892666181217,0.0038009489398974717,0.0017305523690134875,0.004162076228469508,0.001875874905739297,0.0044647773469818,0.0020164955227562134,0.004799559001045084,0.002202467363621012,0.005209382446932607,0.002360272145601958,0.005630689719044306,0.002520174348373913,0.005975529567769884,0.002774566694828128,0.006430154541741586,0.0029440509048094788,0.006791054989598347,0.003244529368928132,0.007437580758283598,0.0034856294789928125,0.008058273037385374,0.003828112647227091,0.008650469893334888,0.004187873716785238,0.009352149779639773,0.004497844585704957,0.011699634100029126,0.0074225248907976386,0.012526335735321768,0.008150492148525004,0.01334515457158117,0.008870998261362879,0.014114241632906475,0.009446461636880952,0.015091742792186719,0.010130548027268843,0.01614948496707747,0.01086696419608555,0.017127388407773256,0.011651390234935763,0.017864029092812223,0.012648544418878832,0.01948001517593214,0.013540328789964267,0.020436652492576958,0.014416236195163204,0.021797419055929912,0.01592457054761661,0.02393136737798507,0.01700072585991586,0.025229487510615697,0.018681320781685894,0.027498475175327046,0.02053083703918258,0.02991720404661283,0.022488945583932086,0.032560272471021,0.024931410203571217,0.0360435251926813,0.02774619123664863,0.0394113410569097,0.031239530424464666,0.043899221146314754,0.03412153525441288,0.047383018381453534,0.03825666060551683,0.0532828219204858,0.04234303433983026,0.05876618155119762,0.046999758898414984,0.06484945346165967,0.05408693972318073,0.07324113036753821,0.05872514613669582,0.07925137213027023,0.06520959954784267,0.08801018724899534,0.07339577453897274,0.09689453995017766,0.0816486447295965,0.10637997018995411,0.09049245231408025,0.11641248401180126,0.0999000492206108,0.12696135996526486,0.10981808158784263,0.13915669765892952,0.12155074853130596,0.14947843525999147,0.13168732718585188,0.15921478275577355,0.14151410181242569,0.16814495626616768,0.15082574680376457,0.1760570964869775,0.15943107653244326,0.18523763184962927,0.16941042619541907,0.19403141017880582,0.17915094751954636,0.20324889622610537,0.18944378990088687,0.21289779485724797,0.2003156072876185,0.22298679106221503,0.2118284351784433,0.23480104010771502,0.22525107964712018,0.24610860990424102,0.23828334346155863,0.25801752952290696,0.2520634001958892,0.2704882571559503,0.26664129423222627,0.28364504525639256,0.28206486363319816,0.29995807767591387,0.30056755872078866,0.3154861673786671,0.31805769680441864,0.3320317458266126,0.33656554571643577,0.3498077176056604,0.35614956143199966,0.3687606579310088,0.377027378880694,0.3906852253148579,0.4007269530264189,0.41339535115256515,0.4209112870076018,0.4383823500493057,0.44536529544442083,0.4688393820495092,0.47090996705237953,1,1
32322,2016,2,1,4.571189414705812e-4,3.0620807898766117e-4,4.885696871691224e-4,3.3792421963460567e-4,5.40187979506719e-4,3.65574441929685e-4,5.609684187162133e-4,3.9119461326881397e-4,6.131516422101508e-4,4.1129455809011154e-4,6.694537083122425e-4,4.537998522677912e-4,7.454541715014159e-4,4.942798079940059e-4,8.130836661997672e-4,5.338990940309495e-4,8.605895940044207e-4,5.5636383700722e-4,9.196429981792977e-4,5.933907925991329e-4,9.731342164127953e-4,6.315983997507762e-4,0.0010361498172490411,6.613829002836942e-4,0.0010754510259219573,6.885655902399237e-4,0.0011570433106442958,7.180977537952403e-4,0.0012379753245362246,7.66875971482996e-4,0.0013098025816307359,8.212233628038478e-4,0.0013950765448692139,8.333609953001575e-4,0.001495882516998108,9.317953246369587e-4,0.0016351001035986613,0.0010040667334833733,0.0017624928510755911,0.0010489946027514479,0.0032719708451432656,0.001463781238391122,0.0035071781773106654,0.0015670892666181217,0.0038009489398974717,0.0017305523690134875,0.004162076228469508,0.001875874905739297,0.0044647773469818,0.0020164955227562134,0.004799559001045084,0.002202467363621012,0.005209382446932607,0.002360272145601958,0.005630689719044306,0.002520174348373913,0.005975529567769884,0.002774566694828128,0.006430154541741586,0.0029440509048094788,0.006791054989598347,0.003244529368928132,0.007437580758283598,0.0034856294789928125,0.008058273037385374,0.003828112647227091,0.008650469893334888,0.004187873716785238,0.009352149779639773,0.004497844585704957,0.011699634100029126,0.0074225248907976386,0.012526335735321768,0.008150492148525004,0.01334515457158117,0.008870998261362879,0.014114241632906475,0.009446461636880952,0.015091742792186719,0.010130548027268843,0.01614948496707747,0.01086696419608555,0.017127388407773256,0.011651390234935763,0.017864029092812223,0.012648544418878832,0.01948001517593214,0.013540328789964267,0.020436652492576958,0.014416236195163204,0.021797419055929912,0.01592457054761661,0.02393136737798507,0.01700072585991586,0.025229487510615697,0.018681320781685894,0.027498475175327046,0.02053083703918258,0.02991720404661283,0.022488945583932086,0.032560272471021,0.024931410203571217,0.0360435251926813,0.02774619123664863,0.0394113410569097,0.031239530424464666,0.043899221146314754,0.03412153525441288,0.047383018381453534,0.03825666060551683,0.0532828219204858,0.04234303433983026,0.05876618155119762,0.046999758898414984,0.06484945346165967,0.05408693972318073,0.07324113036753821,0.05872514613669582,0.07925137213027023,0.06520959954784267,0.08801018724899534,0.07339577453897274,0.09689453995017766,0.0816486447295965,0.10637997018995411,0.09049245231408025,0.11641248401180126,0.0999000492206108,0.12696135996526486,0.10981808158784263,0.13915669765892952,0.12155074853130596,0.14947843525999147,0.13168732718585188,0.15921478275577355,0.14151410181242569,0.16814495626616768,0.15082574680376457,0.1760570964869775,0.15943107653244326,0.18523763184962927,0.16941042619541907,0.19403141017880582,0.17915094751954636,0.20324889622610537,0.18944378990088687,0.21289779485724797,0.2003156072876185,0.22298679106221503,0.2118284351784433,0.23480104010771502,0.22525107964712018,0.24610860990424102,0.23828334346155863,0.25801752952290696,0.2520634001958892,0.2704882571559503,0.26664129423222627,0.28364504525639256,0.28206486363319816,0.29995807767591387,0.30056755872078866,0.3154861673786671,0.31805769680441864,0.3320317458266126,0.33656554571643577,0.3498077176056604,0.35614956143199966,0.3687606579310088,0.377027378880694,0.3906852253148579,0.4007269530264189,0.41339535115256515,0.4209112870076018,0.4383823500493057,0.44536529544442083,0.4688393820495092,0.47090996705237953,1,1
32323,2016,2,1,4.571189414705812e-4,3.0620807898766117e-4,4.885696871691224e-4,3.3792421963460567e-4,5.40187979506719e-4,3.65574441929685e-4,5.609684187162133e-4,3.9119461326881397e-4,6.131516422101508e-4,4.1129455809011154e-4,6.694537083122425e-4,4.537998522677912e-4,7.454541715014159e-4,4.942798079940059e-4,8.130836661997672e-4,5.338990940309495e-4,8.605895940044207e-4,5.5636383700722e-4,9.196429981792977e-4,5.933907925991329e-4,9.731342164127953e-4,6.315983997507762e-4,0.0010361498172490411,6.613829002836942e-4,0.0010754510259219573,6.885655902399237e-4,0.0011570433106442958,7.180977537952403e-4,0.0012379753245362246,7.66875971482996e-4,0.0013098025816307359,8.212233628038478e-4,0.0013950765448692139,8.333609953001575e-4,0.001495882516998108,9.317953246369587e-4,0.0016351001035986613,0.0010040667334833733,0.0017624928510755911,0.0010489946027514479,0.0032719708451432656,0.001463781238391122,0.0035071781773106654,0.0015670892666181217,0.0038009489398974717,0.0017305523690134875,0.004162076228469508,0.001875874905739297,0.0044647773469818,0.0020164955227562134,0.004799559001045084,0.002202467363621012,0.005209382446932607,0.002360272145601958,0.005630689719044306,0.002520174348373913,0.005975529567769884,0.002774566694828128,0.006430154541741586,0.0029440509048094788,0.006791054989598347,0.003244529368928132,0.007437580758283598,0.0034856294789928125,0.008058273037385374,0.003828112647227091,0.008650469893334888,0.004187873716785238,0.009352149779639773,0.004497844585704957,0.011699634100029126,0.0074225248907976386,0.012526335735321768,0.008150492148525004,0.01334515457158117,0.008870998261362879,0.014114241632906475,0.009446461636880952,0.015091742792186719,0.010130548027268843,0.01614948496707747,0.01086696419608555,0.017127388407773256,0.011651390234935763,0.017864029092812223,0.012648544418878832,0.01948001517593214,0.013540328789964267,0.020436652492576958,0.014416236195163204,0.021797419055929912,0.01592457054761661,0.02393136737798507,0.01700072585991586,0.025229487510615697,0.018681320781685894,0.027498475175327046,0.02053083703918258,0.02991720404661283,0.022488945583932086,0.032560272471021,0.024931410203571217,0.0360435251926813,0.02774619123664863,0.0394113410569097,0.031239530424464666,0.043899221146314754,0.03412153525441288,0.047383018381453534,0.03825666060551683,0.0532828219204858,0.04234303433983026,0.05876618155119762,0.046999758898414984,0.06484945346165967,0.05408693972318073,0.07324113036753821,0.05872514613669582,0.07925137213027023,0.06520959954784267,0.08801018724899534,0.07339577453897274,0.09689453995017766,0.0816486447295965,0.10637997018995411,0.09049245231408025,0.11641248401180126,0.0999000492206108,0.12696135996526486,0.10981808158784263,0.13915669765892952,0.12155074853130596,0.14947843525999147,0.13168732718585188,0.15921478275577355,0.14151410181242569,0.16814495626616768,0.15082574680376457,0.1760570964869775,0.15943107653244326,0.18523763184962927,0.16941042619541907,0.19403141017880582,0.17915094751954636,0.20324889622610537,0.18944378990088687,0.21289779485724797,0.2003156072876185,0.22298679106221503,0.2118284351784433,0.23480104010771502,0.22525107964712018,0.24610860990424102,0.23828334346155863,0.25801752952290696,0.2520634001958892,0.2704882571559503,0.26664129423222627,0.28364504525639256,0.28206486363319816,0.29995807767591387,0.30056755872078866,0.3154861673786671,0.31805769680441864,0.3320317458266126,0.33656554571643577,0.3498077176056604,0.35614956143199966,0.3687606579310088,0.377027378880694,0.3906852253148579,0.4007269530264189,0.41339535115256515,0.4209112870076018,0.4383823500493057,0.44536529544442083,0.4688393820495092,0.47090996705237953,1,1
32324,2016,2,1,4.571189414705812e-4,3.0620807898766117e-4,4.885696871691224e-4,3.3792421963460567e-4,5.40187979506719e-4,3.65574441929685e-4,5.609684187162133e-4,3.9119461326881397e-4,6.131516422101508e-4,4.1129455809011154e-4,6.694537083122425e-4,4.537998522677912e-4,7.454541715014159e-4,4.942798079940059e-4,8.130836661997672e-4,5.338990940309495e-4,8.605895940044207e-4,5.5636383700722e-4,9.196429981792977e-4,5.933907925991329e-4,9.731342164127953e-4,6.315983997507762e-4,0.0010361498172490411,6.613829002836942e-4,0.0010754510259219573,6.885655902399237e-4,0.0011570433106442958,7.180977537952403e-4,0.0012379753245362246,7.66875971482996e-4,0.0013098025816307359,8.212233628038478e-4,0.0013950765448692139,8.333609953001575e-4,0.001495882516998108,9.317953246369587e-4,0.0016351001035986613,0.0010040667334833733,0.0017624928510755911,0.0010489946027514479,0.0032719708451432656,0.001463781238391122,0.0035071781773106654,0.0015670892666181217,0.0038009489398974717,0.0017305523690134875,0.004162076228469508,0.001875874905739297,0.0044647773469818,0.0020164955227562134,0.004799559001045084,0.002202467363621012,0.005209382446932607,0.002360272145601958,0.005630689719044306,0.002520174348373913,0.005975529567769884,0.002774566694828128,0.006430154541741586,0.0029440509048094788,0.006791054989598347,0.003244529368928132,0.007437580758283598,0.0034856294789928125,0.008058273037385374,0.003828112647227091,0.008650469893334888,0.004187873716785238,0.009352149779639773,0.004497844585704957,0.011699634100029126,0.0074225248907976386,0.012526335735321768,0.008150492148525004,0.01334515457158117,0.008870998261362879,0.014114241632906475,0.009446461636880952,0.015091742792186719,0.010130548027268843,0.01614948496707747,0.01086696419608555,0.017127388407773256,0.011651390234935763,0.017864029092812223,0.012648544418878832,0.01948001517593214,0.013540328789964267,0.020436652492576958,0.014416236195163204,0.021797419055929912,0.01592457054761661,0.02393136737798507,0.01700072585991586,0.025229487510615697,0.018681320781685894,0.027498475175327046,0.02053083703918258,0.02991720404661283,0.022488945583932086,0.032560272471021,0.024931410203571217,0.0360435251926813,0.02774619123664863,0.0394113410569097,0.031239530424464666,0.043899221146314754,0.03412153525441288,0.047383018381453534,0.03825666060551683,0.0532828219204858,0.04234303433983026,0.05876618155119762,0.046999758898414984,0.06484945346165967,0.05408693972318073,0.07324113036753821,0.05872514613669582,0.07925137213027023,0.06520959954784267,0.08801018724899534,0.07339577453897274,0.09689453995017766,0.0816486447295965,0.10637997018995411,0.09049245231408025,0.11641248401180126,0.0999000492206108,0.12696135996526486,0.10981808158784263,0.13915669765892952,0.12155074853130596,0.14947843525999147,0.13168732718585188,0.15921478275577355,0.14151410181242569,0.16814495626616768,0.15082574680376457,0.1760570964869775,0.15943107653244326,0.18523763184962927,0.16941042619541907,0.19403141017880582,0.17915094751954636,0.20324889622610537,0.18944378990088687,0.21289779485724797,0.2003156072876185,0.22298679106221503,0.2118284351784433,0.23480104010771502,0.22525107964712018,0.24610860990424102,0.23828334346155863,0.25801752952290696,0.2520634001958892,0.2704882571559503,0.26664129423222627,0.28364504525639256,0.28206486363319816,0.29995807767591387,0.30056755872078866,0.3154861673786671,0.31805769680441864,0.3320317458266126,0.33656554571643577,0.3498077176056604,0.35614956143199966,0.3687606579310088,0.377027378880694,0.3906852253148579,0.4007269530264189,0.41339535115256515,0.4209112870076018,0.4383823500493057,0.44536529544442083,0.4688393820495092,0.47090996705237953,1,1
32325,2016,2,1,4.571189414705812e-4,3.0620807898766117e-4,4.885696871691224e-4,3.3792421963460567e-4,5.40187979506719e-4,3.65574441929685e-4,5.609684187162133e-4,3.9119461326881397e-4,6.131516422101508e-4,4.1129455809011154e-4,6.694537083122425e-4,4.537998522677912e-4,7.454541715014159e-4,4.942798079940059e-4,8.130836661997672e-4,5.338990940309495e-4,8.605895940044207e-4,5.5636383700722e-4,9.196429981792977e-4,5.933907925991329e-4,9.731342164127953e-4,6.315983997507762e-4,0.0010361498172490411,6.613829002836942e-4,0.0010754510259219573,6.885655902399237e-4,0.0011570433106442958,7.180977537952403e-4,0.0012379753245362246,7.66875971482996e-4,0.0013098025816307359,8.212233628038478e-4,0.0013950765448692139,8.333609953001575e-4,0.001495882516998108,9.317953246369587e-4,0.0016351001035986613,0.0010040667334833733,0.0017624928510755911,0.0010489946027514479,0.0032719708451432656,0.001463781238391122,0.0035071781773106654,0.0015670892666181217,0.0038009489398974717,0.0017305523690134875,0.004162076228469508,0.001875874905739297,0.0044647773469818,0.0020164955227562134,0.004799559001045084,0.002202467363621012,0.005209382446932607,0.002360272145601958,0.005630689719044306,0.002520174348373913,0.005975529567769884,0.002774566694828128,0.006430154541741586,0.0029440509048094788,0.006791054989598347,0.003244529368928132,0.007437580758283598,0.0034856294789928125,0.008058273037385374,0.003828112647227091,0.008650469893334888,0.004187873716785238,0.009352149779639773,0.004497844585704957,0.011699634100029126,0.0074225248907976386,0.012526335735321768,0.008150492148525004,0.01334515457158117,0.008870998261362879,0.014114241632906475,0.009446461636880952,0.015091742792186719,0.010130548027268843,0.01614948496707747,0.01086696419608555,0.017127388407773256,0.011651390234935763,0.017864029092812223,0.012648544418878832,0.01948001517593214,0.013540328789964267,0.020436652492576958,0.014416236195163204,0.021797419055929912,0.01592457054761661,0.02393136737798507,0.01700072585991586,0.025229487510615697,0.018681320781685894,0.027498475175327046,0.02053083703918258,0.02991720404661283,0.022488945583932086,0.032560272471021,0.024931410203571217,0.0360435251926813,0.02774619123664863,0.0394113410569097,0.031239530424464666,0.043899221146314754,0.03412153525441288,0.047383018381453534,0.03825666060551683,0.0532828219204858,0.04234303433983026,0.05876618155119762,0.046999758898414984,0.06484945346165967,0.05408693972318073,0.07324113036753821,0.05872514613669582,0.07925137213027023,0.06520959954784267,0.08801018724899534,0.07339577453897274,0.09689453995017766,0.0816486447295965,0.10637997018995411,0.09049245231408025,0.11641248401180126,0.0999000492206108,0.12696135996526486,0.10981808158784263,0.13915669765892952,0.12155074853130596,0.14947843525999147,0.13168732718585188,0.15921478275577355,0.14151410181242569,0.16814495626616768,0.15082574680376457,0.1760570964869775,0.15943107653244326,0.18523763184962927,0.16941042619541907,0.19403141017880582,0.17915094751954636,0.20324889622610537,0.18944378990088687,0.21289779485724797,0.2003156072876185,0.22298679106221503,0.2118284351784433,0.23480104010771502,0.22525107964712018,0.24610860990424102,0.23828334346155863,0.25801752952290696,0.2520634001958892,0.2704882571559503,0.26664129423222627,0.28364504525639256,0.28206486363319816,0.29995807767591387,0.30056755872078866,0.3154861673786671,0.31805769680441864,0.3320317458266126,0.33656554571643577,0.3498077176056604,0.35614956143199966,0.3687606579310088,0.377027378880694,0.3906852253148579,0.4007269530264189,0.41339535115256515,0.4209112870076018,0.4383823500493057,0.44536529544442083,0.4688393820495092,0.47090996705237953,1,1
33281,2016,2,1,0.0031621683737647886,0.0010918393531090121,0.003373971317314872,0.0011102896391731068,0.0033560850330937027,0.0011428380349439364,0.0035180111072098965,0.0012404480960630287,0.004611029217610042,0.0013228838858875497,0.00421033079690946,0.00135761445375629,0.004407798505287015,0.0014248813762162164,0.004615923638472031,0.00151601264730663,0.004921926830809275,0.001617997982345496,0.00525815350466483,0.0017015585631176004,0.004969579970888423,0.0015855778282758762,0.00507614416201357,0.0016366176518685406,0.005193359999086154,0.001700683751788895,0.005324782796422377,0.0017951340731270765,0.005548708686117247,0.0019037041303623316,0.0053277192576536075,0.0018322201849806955,0.0056956988325694334,0.0019701168814136426,0.006070718810874344,0.002112384214594111,0.006454549223142333,0.0022633671369526923,0.006882758660496843,0.002420901981312933,0.006686049319972833,0.0023762003485687244,0.007226856567892554,0.002556133115372396,0.00778822283273115,0.00275586668948534,0.008382897093113644,0.0029754119760719328,0.009095486606719853,0.003203914104120933,0.01039697046841143,0.0036459107612952287,0.011220505227013327,0.003937840207897736,0.012038793987617757,0.004244707473874768,0.012827856272479737,0.0045408336591897655,0.01364669771512775,0.0048450129790129455,0.014680283665646537,0.005229444867928864,0.015724261741329966,0.005571566603831127,0.016762604446785262,0.005896106722395987,0.017741042952953492,0.006211983941280302,0.018653170625848033,0.00653505286410343,0.012374514121954765,0.005978455530248615,0.013032799633155347,0.006345814159755953,0.013699837578542788,0.006777691520765718,0.014386509401652241,0.0072937231751135645,0.015178748789059136,0.007893944364316103,0.01574590139523634,0.00836078307529392,0.016803696546282595,0.009112671877677002,0.01806283380050324,0.009957288280567267,0.019739820066073353,0.010986252361544368,0.02141696646407183,0.011992229878489847,0.02380142879340226,0.01346775561141851,0.025762941551172817,0.014689208431078767,0.028050829143846965,0.016120934306916197,0.030578058282117085,0.017715271346197305,0.03336312353996102,0.019513339613241178,0.04058688655249375,0.024290743449586424,0.044500120822987745,0.02695607125499657,0.04891488442311693,0.03004381426659374,0.053851847759091874,0.03342687410375527,0.05938934079128938,0.03706693434291112,0.07240516920724445,0.04596475553341253,0.07994660372574998,0.05114401454378526,0.08835401947286638,0.05685222710880811,0.09740004198027748,0.06321275342143837,0.10731639738076479,0.07047792114908857,0.13588507459599214,0.0910407569493829,0.14980278547239745,0.1009562997317818,0.16486607201931433,0.11179237122677851,0.18100095594083132,0.12357981148261235,0.1973980276463875,0.13590274712151074,0.23686980017962733,0.16575965200483586,0.2544200629685096,0.17961057185195503,0.270956387936958,0.19301664736689483,0.2861045319409498,0.2056993835685853,0.29949786724927663,0.21737935092903968,0.3223082044606885,0.236653446531697,0.3375357663411734,0.25019596589642307,0.353483528690679,0.264512290107881,0.370185216908812,0.2796472774180553,0.3876745563951789,0.29564858971967967,0.41515858124241,0.3201645589761046,0.43492057749582214,0.33859943144788607,0.45562362118987304,0.3580959492166331,0.4773112289692164,0.37871485783190806,0.5000312691429712,0.40052064103093843,0.5365711077426606,0.4346166507267953,0.5623035876425756,0.4597970828407403,0.5892697644184264,0.4864561903232757,0.6178197168106034,0.514672832804292,0.6483097878596423,0.5446551275202424,0.6906401410596772,0.5847235038182294,0.7277884764560788,0.6146356305685896,0.7699787786203063,0.6450599145712208,0.8190864793361734,0.6772294493876508,1,1
33282,2016,2,1,0.0031621683737647886,0.0010918393531090121,0.003373971317314872,0.0011102896391731068,0.0033560850330937027,0.0011428380349439364,0.0035180111072098965,0.0012404480960630287,0.004611029217610042,0.0013228838858875497,0.00421033079690946,0.00135761445375629,0.004407798505287015,0.0014248813762162164,0.004615923638472031,0.00151601264730663,0.004921926830809275,0.001617997982345496,0.00525815350466483,0.0017015585631176004,0.004969579970888423,0.0015855778282758762,0.00507614416201357,0.0016366176518685406,0.005193359999086154,0.001700683751788895,0.005324782796422377,0.0017951340731270765,0.005548708686117247,0.0019037041303623316,0.0053277192576536075,0.0018322201849806955,0.0056956988325694334,0.0019701168814136426,0.006070718810874344,0.002112384214594111,0.006454549223142333,0.0022633671369526923,0.006882758660496843,0.002420901981312933,0.006686049319972833,0.0023762003485687244,0.007226856567892554,0.002556133115372396,0.00778822283273115,0.00275586668948534,0.008382897093113644,0.0029754119760719328,0.009095486606719853,0.003203914104120933,0.01039697046841143,0.0036459107612952287,0.011220505227013327,0.003937840207897736,0.012038793987617757,0.004244707473874768,0.012827856272479737,0.0045408336591897655,0.01364669771512775,0.0048450129790129455,0.014680283665646537,0.005229444867928864,0.015724261741329966,0.005571566603831127,0.016762604446785262,0.005896106722395987,0.017741042952953492,0.006211983941280302,0.018653170625848033,0.00653505286410343,0.012374514121954765,0.005978455530248615,0.013032799633155347,0.006345814159755953,0.013699837578542788,0.006777691520765718,0.014386509401652241,0.0072937231751135645,0.015178748789059136,0.007893944364316103,0.01574590139523634,0.00836078307529392,0.016803696546282595,0.009112671877677002,0.01806283380050324,0.009957288280567267,0.019739820066073353,0.010986252361544368,0.02141696646407183,0.011992229878489847,0.02380142879340226,0.01346775561141851,0.025762941551172817,0.014689208431078767,0.028050829143846965,0.016120934306916197,0.030578058282117085,0.017715271346197305,0.03336312353996102,0.019513339613241178,0.04058688655249375,0.024290743449586424,0.044500120822987745,0.02695607125499657,0.04891488442311693,0.03004381426659374,0.053851847759091874,0.03342687410375527,0.05938934079128938,0.03706693434291112,0.07240516920724445,0.04596475553341253,0.07994660372574998,0.05114401454378526,0.08835401947286638,0.05685222710880811,0.09740004198027748,0.06321275342143837,0.10731639738076479,0.07047792114908857,0.13588507459599214,0.0910407569493829,0.14980278547239745,0.1009562997317818,0.16486607201931433,0.11179237122677851,0.18100095594083132,0.12357981148261235,0.1973980276463875,0.13590274712151074,0.23686980017962733,0.16575965200483586,0.2544200629685096,0.17961057185195503,0.270956387936958,0.19301664736689483,0.2861045319409498,0.2056993835685853,0.29949786724927663,0.21737935092903968,0.3223082044606885,0.236653446531697,0.3375357663411734,0.25019596589642307,0.353483528690679,0.264512290107881,0.370185216908812,0.2796472774180553,0.3876745563951789,0.29564858971967967,0.41515858124241,0.3201645589761046,0.43492057749582214,0.33859943144788607,0.45562362118987304,0.3580959492166331,0.4773112289692164,0.37871485783190806,0.5000312691429712,0.40052064103093843,0.5365711077426606,0.4346166507267953,0.5623035876425756,0.4597970828407403,0.5892697644184264,0.4864561903232757,0.6178197168106034,0.514672832804292,0.6483097878596423,0.5446551275202424,0.6906401410596772,0.5847235038182294,0.7277884764560788,0.6146356305685896,0.7699787786203063,0.6450599145712208,0.8190864793361734,0.6772294493876508,1,1
33283,2016,2,1,0.0031621683737647886,0.0010918393531090121,0.003373971317314872,0.0011102896391731068,0.0033560850330937027,0.0011428380349439364,0.0035180111072098965,0.0012404480960630287,0.004611029217610042,0.0013228838858875497,0.00421033079690946,0.00135761445375629,0.004407798505287015,0.0014248813762162164,0.004615923638472031,0.00151601264730663,0.004921926830809275,0.001617997982345496,0.00525815350466483,0.0017015585631176004,0.004969579970888423,0.0015855778282758762,0.00507614416201357,0.0016366176518685406,0.005193359999086154,0.001700683751788895,0.005324782796422377,0.0017951340731270765,0.005548708686117247,0.0019037041303623316,0.0053277192576536075,0.0018322201849806955,0.0056956988325694334,0.0019701168814136426,0.006070718810874344,0.002112384214594111,0.006454549223142333,0.0022633671369526923,0.006882758660496843,0.002420901981312933,0.006686049319972833,0.0023762003485687244,0.007226856567892554,0.002556133115372396,0.00778822283273115,0.00275586668948534,0.008382897093113644,0.0029754119760719328,0.009095486606719853,0.003203914104120933,0.01039697046841143,0.0036459107612952287,0.011220505227013327,0.003937840207897736,0.012038793987617757,0.004244707473874768,0.012827856272479737,0.0045408336591897655,0.01364669771512775,0.0048450129790129455,0.014680283665646537,0.005229444867928864,0.015724261741329966,0.005571566603831127,0.016762604446785262,0.005896106722395987,0.017741042952953492,0.006211983941280302,0.018653170625848033,0.00653505286410343,0.012374514121954765,0.005978455530248615,0.013032799633155347,0.006345814159755953,0.013699837578542788,0.006777691520765718,0.014386509401652241,0.0072937231751135645,0.015178748789059136,0.007893944364316103,0.01574590139523634,0.00836078307529392,0.016803696546282595,0.009112671877677002,0.01806283380050324,0.009957288280567267,0.019739820066073353,0.010986252361544368,0.02141696646407183,0.011992229878489847,0.02380142879340226,0.01346775561141851,0.025762941551172817,0.014689208431078767,0.028050829143846965,0.016120934306916197,0.030578058282117085,0.017715271346197305,0.03336312353996102,0.019513339613241178,0.04058688655249375,0.024290743449586424,0.044500120822987745,0.02695607125499657,0.04891488442311693,0.03004381426659374,0.053851847759091874,0.03342687410375527,0.05938934079128938,0.03706693434291112,0.07240516920724445,0.04596475553341253,0.07994660372574998,0.05114401454378526,0.08835401947286638,0.05685222710880811,0.09740004198027748,0.06321275342143837,0.10731639738076479,0.07047792114908857,0.13588507459599214,0.0910407569493829,0.14980278547239745,0.1009562997317818,0.16486607201931433,0.11179237122677851,0.18100095594083132,0.12357981148261235,0.1973980276463875,0.13590274712151074,0.23686980017962733,0.16575965200483586,0.2544200629685096,0.17961057185195503,0.270956387936958,0.19301664736689483,0.2861045319409498,0.2056993835685853,0.29949786724927663,0.21737935092903968,0.3223082044606885,0.236653446531697,0.3375357663411734,0.25019596589642307,0.353483528690679,0.264512290107881,0.370185216908812,0.2796472774180553,0.3876745563951789,0.29564858971967967,0.41515858124241,0.3201645589761046,0.43492057749582214,0.33859943144788607,0.45562362118987304,0.3580959492166331,0.4773112289692164,0.37871485783190806,0.5000312691429712,0.40052064103093843,0.5365711077426606,0.4346166507267953,0.5623035876425756,0.4597970828407403,0.5892697644184264,0.4864561903232757,0.6178197168106034,0.514672832804292,0.6483097878596423,0.5446551275202424,0.6906401410596772,0.5847235038182294,0.7277884764560788,0.6146356305685896,0.7699787786203063,0.6450599145712208,0.8190864793361734,0.6772294493876508,1,1
33284,2016,2,1,0.0031621683737647886,0.0010918393531090121,0.003373971317314872,0.0011102896391731068,0.0033560850330937027,0.0011428380349439364,0.0035180111072098965,0.0012404480960630287,0.004611029217610042,0.0013228838858875497,0.00421033079690946,0.00135761445375629,0.004407798505287015,0.0014248813762162164,0.004615923638472031,0.00151601264730663,0.004921926830809275,0.001617997982345496,0.00525815350466483,0.0017015585631176004,0.004969579970888423,0.0015855778282758762,0.00507614416201357,0.0016366176518685406,0.005193359999086154,0.001700683751788895,0.005324782796422377,0.0017951340731270765,0.005548708686117247,0.0019037041303623316,0.0053277192576536075,0.0018322201849806955,0.0056956988325694334,0.0019701168814136426,0.006070718810874344,0.002112384214594111,0.006454549223142333,0.0022633671369526923,0.006882758660496843,0.002420901981312933,0.006686049319972833,0.0023762003485687244,0.007226856567892554,0.002556133115372396,0.00778822283273115,0.00275586668948534,0.008382897093113644,0.0029754119760719328,0.009095486606719853,0.003203914104120933,0.01039697046841143,0.0036459107612952287,0.011220505227013327,0.003937840207897736,0.012038793987617757,0.004244707473874768,0.012827856272479737,0.0045408336591897655,0.01364669771512775,0.0048450129790129455,0.014680283665646537,0.005229444867928864,0.015724261741329966,0.005571566603831127,0.016762604446785262,0.005896106722395987,0.017741042952953492,0.006211983941280302,0.018653170625848033,0.00653505286410343,0.012374514121954765,0.005978455530248615,0.013032799633155347,0.006345814159755953,0.013699837578542788,0.006777691520765718,0.014386509401652241,0.0072937231751135645,0.015178748789059136,0.007893944364316103,0.01574590139523634,0.00836078307529392,0.016803696546282595,0.009112671877677002,0.01806283380050324,0.009957288280567267,0.019739820066073353,0.010986252361544368,0.02141696646407183,0.011992229878489847,0.02380142879340226,0.01346775561141851,0.025762941551172817,0.014689208431078767,0.028050829143846965,0.016120934306916197,0.030578058282117085,0.017715271346197305,0.03336312353996102,0.019513339613241178,0.04058688655249375,0.024290743449586424,0.044500120822987745,0.02695607125499657,0.04891488442311693,0.03004381426659374,0.053851847759091874,0.03342687410375527,0.05938934079128938,0.03706693434291112,0.07240516920724445,0.04596475553341253,0.07994660372574998,0.05114401454378526,0.08835401947286638,0.05685222710880811,0.09740004198027748,0.06321275342143837,0.10731639738076479,0.07047792114908857,0.13588507459599214,0.0910407569493829,0.14980278547239745,0.1009562997317818,0.16486607201931433,0.11179237122677851,0.18100095594083132,0.12357981148261235,0.1973980276463875,0.13590274712151074,0.23686980017962733,0.16575965200483586,0.2544200629685096,0.17961057185195503,0.270956387936958,0.19301664736689483,0.2861045319409498,0.2056993835685853,0.29949786724927663,0.21737935092903968,0.3223082044606885,0.236653446531697,0.3375357663411734,0.25019596589642307,0.353483528690679,0.264512290107881,0.370185216908812,0.2796472774180553,0.3876745563951789,0.29564858971967967,0.41515858124241,0.3201645589761046,0.43492057749582214,0.33859943144788607,0.45562362118987304,0.3580959492166331,0.4773112289692164,0.37871485783190806,0.5000312691429712,0.40052064103093843,0.5365711077426606,0.4346166507267953,0.5623035876425756,0.4597970828407403,0.5892697644184264,0.4864561903232757,0.6178197168106034,0.514672832804292,0.6483097878596423,0.5446551275202424,0.6906401410596772,0.5847235038182294,0.7277884764560788,0.6146356305685896,0.7699787786203063,0.6450599145712208,0.8190864793361734,0.6772294493876508,1,1
33285,2016,2,1,0.0031621683737647886,0.0010918393531090121,0.003373971317314872,0.0011102896391731068,0.0033560850330937027,0.0011428380349439364,0.0035180111072098965,0.0012404480960630287,0.004611029217610042,0.0013228838858875497,0.00421033079690946,0.00135761445375629,0.004407798505287015,0.0014248813762162164,0.004615923638472031,0.00151601264730663,0.004921926830809275,0.001617997982345496,0.00525815350466483,0.0017015585631176004,0.004969579970888423,0.0015855778282758762,0.00507614416201357,0.0016366176518685406,0.005193359999086154,0.001700683751788895,0.005324782796422377,0.0017951340731270765,0.005548708686117247,0.0019037041303623316,0.0053277192576536075,0.0018322201849806955,0.0056956988325694334,0.0019701168814136426,0.006070718810874344,0.002112384214594111,0.006454549223142333,0.0022633671369526923,0.006882758660496843,0.002420901981312933,0.006686049319972833,0.0023762003485687244,0.007226856567892554,0.002556133115372396,0.00778822283273115,0.00275586668948534,0.008382897093113644,0.0029754119760719328,0.009095486606719853,0.003203914104120933,0.01039697046841143,0.0036459107612952287,0.011220505227013327,0.003937840207897736,0.012038793987617757,0.004244707473874768,0.012827856272479737,0.0045408336591897655,0.01364669771512775,0.0048450129790129455,0.014680283665646537,0.005229444867928864,0.015724261741329966,0.005571566603831127,0.016762604446785262,0.005896106722395987,0.017741042952953492,0.006211983941280302,0.018653170625848033,0.00653505286410343,0.012374514121954765,0.005978455530248615,0.013032799633155347,0.006345814159755953,0.013699837578542788,0.006777691520765718,0.014386509401652241,0.0072937231751135645,0.015178748789059136,0.007893944364316103,0.01574590139523634,0.00836078307529392,0.016803696546282595,0.009112671877677002,0.01806283380050324,0.009957288280567267,0.019739820066073353,0.010986252361544368,0.02141696646407183,0.011992229878489847,0.02380142879340226,0.01346775561141851,0.025762941551172817,0.014689208431078767,0.028050829143846965,0.016120934306916197,0.030578058282117085,0.017715271346197305,0.03336312353996102,0.019513339613241178,0.04058688655249375,0.024290743449586424,0.044500120822987745,0.02695607125499657,0.04891488442311693,0.03004381426659374,0.053851847759091874,0.03342687410375527,0.05938934079128938,0.03706693434291112,0.07240516920724445,0.04596475553341253,0.07994660372574998,0.05114401454378526,0.08835401947286638,0.05685222710880811,0.09740004198027748,0.06321275342143837,0.10731639738076479,0.07047792114908857,0.13588507459599214,0.0910407569493829,0.14980278547239745,0.1009562997317818,0.16486607201931433,0.11179237122677851,0.18100095594083132,0.12357981148261235,0.1973980276463875,0.13590274712151074,0.23686980017962733,0.16575965200483586,0.2544200629685096,0.17961057185195503,0.270956387936958,0.19301664736689483,0.2861045319409498,0.2056993835685853,0.29949786724927663,0.21737935092903968,0.3223082044606885,0.236653446531697,0.3375357663411734,0.25019596589642307,0.353483528690679,0.264512290107881,0.370185216908812,0.2796472774180553,0.3876745563951789,0.29564858971967967,0.41515858124241,0.3201645589761046,0.43492057749582214,0.33859943144788607,0.45562362118987304,0.3580959492166331,0.4773112289692164,0.37871485783190806,0.5000312691429712,0.40052064103093843,0.5365711077426606,0.4346166507267953,0.5623035876425756,0.4597970828407403,0.5892697644184264,0.4864561903232757,0.6178197168106034,0.514672832804292,0.6483097878596423,0.5446551275202424,0.6906401410596772,0.5847235038182294,0.7277884764560788,0.6146356305685896,0.7699787786203063,0.6450599145712208,0.8190864793361734,0.6772294493876508,1,1
38141,2016,2,1,5.246249123137766e-4,3.213199310400318e-4,5.551213131034939e-4,3.493214791848939e-4,5.68418575556806e-4,3.8204486398662026e-4,5.94929400406598e-4,3.962215720379585e-4,6.467188833051437e-4,4.254982092052939e-4,7.154790181294362e-4,4.5320997015687345e-4,7.865786397675125e-4,4.87535430325693e-4,8.603108658890077e-4,4.831795264336836e-4,9.401303272816473e-4,5.030518865987403e-4,0.0010323704044259423,5.27024414300423e-4,0.0011560232943063134,5.727221206690774e-4,0.0012829433907573524,6.115156130261766e-4,0.0013849504650645368,6.333313362101973e-4,0.001449076607887531,6.897953955881622e-4,0.0016005301074815952,7.333809499683315e-4,0.0017406340024469966,7.820366335491811e-4,0.0018587266612433819,8.30729335117244e-4,0.0019118329956662183,9.059327391725811e-4,0.002035158301750396,9.956965547263754e-4,0.002169662401156395,0.0010804940088590368,0.004065533957176464,0.0015304829400490394,0.004344401062753613,0.0016448206184850151,0.004663640670620936,0.0017665317605862982,0.004948971922955114,0.0019000831252032053,0.005250842129466948,0.002064107032648937,0.005725816895005766,0.0022303287185589573,0.0061657024022730555,0.0024473476417954405,0.00673372950310957,0.002614013788090112,0.007075527011187056,0.0028741188384195705,0.0076364857422988345,0.003096097305243705,0.008286790647803025,0.003375245931369731,0.008833880525664913,0.003591998871871997,0.009438568668726345,0.003916451707689169,0.010044802802559854,0.004298508517589844,0.010718830494302518,0.0046379358480915555,0.013465820658871638,0.007341145168297433,0.014416867738273534,0.007901275475344648,0.01545479005762323,0.008298959855845998,0.016450762529981004,0.009011514945261338,0.01758099580320675,0.009693602401795712,0.018818008892909025,0.010295748210322819,0.020346473880954643,0.011321966902116908,0.02162811297316349,0.011949143229378708,0.022952098929522952,0.012967843161457068,0.024603961991328558,0.01415890516038676,0.026346908441181774,0.01552661928392669,0.027709509617193064,0.01711906233288012,0.030000998914042683,0.018665972773962806,0.03186689277974667,0.02088029538830889,0.03396008011821507,0.02280584541063256,0.03720828938971095,0.02562467330578904,0.0396342993132987,0.028492574568191476,0.04353655714927997,0.031580062823183236,0.048011687309473666,0.03673304197610984,0.052196902325835154,0.038944800385696886,0.05814132243497038,0.04297767139387037,0.06332442537640227,0.04772995760640176,0.0707421942464927,0.05317980936264569,0.07705538641858246,0.05930719830627165,0.086553006530525,0.0661137480342182,0.09542930949772077,0.07520835923673097,0.10495797372326489,0.08365292655943,0.11690706990502943,0.09271406530402518,0.12625685068852616,0.10234980159541879,0.137600609848272,0.11250736553754165,0.14987689266475976,0.12530395150279247,0.16100228773817116,0.13574971288820675,0.17148959117661364,0.14587989735428106,0.18111315622533974,0.15547744017525672,0.18963622658129042,0.16432911095024857,0.19918265100854568,0.17491607134912315,0.20864321416680356,0.1849672926873374,0.21855121496314348,0.19560381772633234,0.22893035685972513,0.20684637578495427,0.2398041867645305,0.218735233265506,0.2521521655960878,0.23292835823434635,0.26421969798269246,0.24640054026001207,0.2768576220671996,0.2606501735916729,0.2902595473655147,0.2757241088863752,0.3047649210291871,0.29166855574997486,0.3220031504970906,0.3112348160219294,0.33840855862953345,0.32936888188630287,0.35598121341046973,0.3486361321145592,0.3747569340195432,0.36902378660486607,0.3948915487470831,0.39017398464085706,0.4181796389429641,0.4145555264134692,0.4419866248444902,0.4368596840327968,0.4707244822365195,0.46112022463471347,0.5047556897318296,0.48758708898863146,1,1
38142,2016,2,1,5.246249123137766e-4,3.213199310400318e-4,5.551213131034939e-4,3.493214791848939e-4,5.68418575556806e-4,3.8204486398662026e-4,5.94929400406598e-4,3.962215720379585e-4,6.467188833051437e-4,4.254982092052939e-4,7.154790181294362e-4,4.5320997015687345e-4,7.865786397675125e-4,4.87535430325693e-4,8.603108658890077e-4,4.831795264336836e-4,9.401303272816473e-4,5.030518865987403e-4,0.0010323704044259423,5.27024414300423e-4,0.0011560232943063134,5.727221206690774e-4,0.0012829433907573524,6.115156130261766e-4,0.0013849504650645368,6.333313362101973e-4,0.001449076607887531,6.897953955881622e-4,0.0016005301074815952,7.333809499683315e-4,0.0017406340024469966,7.820366335491811e-4,0.0018587266612433819,8.30729335117244e-4,0.0019118329956662183,9.059327391725811e-4,0.002035158301750396,9.956965547263754e-4,0.002169662401156395,0.0010804940088590368,0.004065533957176464,0.0015304829400490394,0.004344401062753613,0.0016448206184850151,0.004663640670620936,0.0017665317605862982,0.004948971922955114,0.0019000831252032053,0.005250842129466948,0.002064107032648937,0.005725816895005766,0.0022303287185589573,0.0061657024022730555,0.0024473476417954405,0.00673372950310957,0.002614013788090112,0.007075527011187056,0.0028741188384195705,0.0076364857422988345,0.003096097305243705,0.008286790647803025,0.003375245931369731,0.008833880525664913,0.003591998871871997,0.009438568668726345,0.003916451707689169,0.010044802802559854,0.004298508517589844,0.010718830494302518,0.0046379358480915555,0.013465820658871638,0.007341145168297433,0.014416867738273534,0.007901275475344648,0.01545479005762323,0.008298959855845998,0.016450762529981004,0.009011514945261338,0.01758099580320675,0.009693602401795712,0.018818008892909025,0.010295748210322819,0.020346473880954643,0.011321966902116908,0.02162811297316349,0.011949143229378708,0.022952098929522952,0.012967843161457068,0.024603961991328558,0.01415890516038676,0.026346908441181774,0.01552661928392669,0.027709509617193064,0.01711906233288012,0.030000998914042683,0.018665972773962806,0.03186689277974667,0.02088029538830889,0.03396008011821507,0.02280584541063256,0.03720828938971095,0.02562467330578904,0.0396342993132987,0.028492574568191476,0.04353655714927997,0.031580062823183236,0.048011687309473666,0.03673304197610984,0.052196902325835154,0.038944800385696886,0.05814132243497038,0.04297767139387037,0.06332442537640227,0.04772995760640176,0.0707421942464927,0.05317980936264569,0.07705538641858246,0.05930719830627165,0.086553006530525,0.0661137480342182,0.09542930949772077,0.07520835923673097,0.10495797372326489,0.08365292655943,0.11690706990502943,0.09271406530402518,0.12625685068852616,0.10234980159541879,0.137600609848272,0.11250736553754165,0.14987689266475976,0.12530395150279247,0.16100228773817116,0.13574971288820675,0.17148959117661364,0.14587989735428106,0.18111315622533974,0.15547744017525672,0.18963622658129042,0.16432911095024857,0.19918265100854568,0.17491607134912315,0.20864321416680356,0.1849672926873374,0.21855121496314348,0.19560381772633234,0.22893035685972513,0.20684637578495427,0.2398041867645305,0.218735233265506,0.2521521655960878,0.23292835823434635,0.26421969798269246,0.24640054026001207,0.2768576220671996,0.2606501735916729,0.2902595473655147,0.2757241088863752,0.3047649210291871,0.29166855574997486,0.3220031504970906,0.3112348160219294,0.33840855862953345,0.32936888188630287,0.35598121341046973,0.3486361321145592,0.3747569340195432,0.36902378660486607,0.3948915487470831,0.39017398464085706,0.4181796389429641,0.4145555264134692,0.4419866248444902,0.4368596840327968,0.4707244822365195,0.46112022463471347,0.5047556897318296,0.48758708898863146,1,1
38143,2016,2,1,5.246249123137766e-4,3.213199310400318e-4,5.551213131034939e-4,3.493214791848939e-4,5.68418575556806e-4,3.8204486398662026e-4,5.94929400406598e-4,3.962215720379585e-4,6.467188833051437e-4,4.254982092052939e-4,7.154790181294362e-4,4.5320997015687345e-4,7.865786397675125e-4,4.87535430325693e-4,8.603108658890077e-4,4.831795264336836e-4,9.401303272816473e-4,5.030518865987403e-4,0.0010323704044259423,5.27024414300423e-4,0.0011560232943063134,5.727221206690774e-4,0.0012829433907573524,6.115156130261766e-4,0.0013849504650645368,6.333313362101973e-4,0.001449076607887531,6.897953955881622e-4,0.0016005301074815952,7.333809499683315e-4,0.0017406340024469966,7.820366335491811e-4,0.0018587266612433819,8.30729335117244e-4,0.0019118329956662183,9.059327391725811e-4,0.002035158301750396,9.956965547263754e-4,0.002169662401156395,0.0010804940088590368,0.004065533957176464,0.0015304829400490394,0.004344401062753613,0.0016448206184850151,0.004663640670620936,0.0017665317605862982,0.004948971922955114,0.0019000831252032053,0.005250842129466948,0.002064107032648937,0.005725816895005766,0.0022303287185589573,0.0061657024022730555,0.0024473476417954405,0.00673372950310957,0.002614013788090112,0.007075527011187056,0.0028741188384195705,0.0076364857422988345,0.003096097305243705,0.008286790647803025,0.003375245931369731,0.008833880525664913,0.003591998871871997,0.009438568668726345,0.003916451707689169,0.010044802802559854,0.004298508517589844,0.010718830494302518,0.0046379358480915555,0.013465820658871638,0.007341145168297433,0.014416867738273534,0.007901275475344648,0.01545479005762323,0.008298959855845998,0.016450762529981004,0.009011514945261338,0.01758099580320675,0.009693602401795712,0.018818008892909025,0.010295748210322819,0.020346473880954643,0.011321966902116908,0.02162811297316349,0.011949143229378708,0.022952098929522952,0.012967843161457068,0.024603961991328558,0.01415890516038676,0.026346908441181774,0.01552661928392669,0.027709509617193064,0.01711906233288012,0.030000998914042683,0.018665972773962806,0.03186689277974667,0.02088029538830889,0.03396008011821507,0.02280584541063256,0.03720828938971095,0.02562467330578904,0.0396342993132987,0.028492574568191476,0.04353655714927997,0.031580062823183236,0.048011687309473666,0.03673304197610984,0.052196902325835154,0.038944800385696886,0.05814132243497038,0.04297767139387037,0.06332442537640227,0.04772995760640176,0.0707421942464927,0.05317980936264569,0.07705538641858246,0.05930719830627165,0.086553006530525,0.0661137480342182,0.09542930949772077,0.07520835923673097,0.10495797372326489,0.08365292655943,0.11690706990502943,0.09271406530402518,0.12625685068852616,0.10234980159541879,0.137600609848272,0.11250736553754165,0.14987689266475976,0.12530395150279247,0.16100228773817116,0.13574971288820675,0.17148959117661364,0.14587989735428106,0.18111315622533974,0.15547744017525672,0.18963622658129042,0.16432911095024857,0.19918265100854568,0.17491607134912315,0.20864321416680356,0.1849672926873374,0.21855121496314348,0.19560381772633234,0.22893035685972513,0.20684637578495427,0.2398041867645305,0.218735233265506,0.2521521655960878,0.23292835823434635,0.26421969798269246,0.24640054026001207,0.2768576220671996,0.2606501735916729,0.2902595473655147,0.2757241088863752,0.3047649210291871,0.29166855574997486,0.3220031504970906,0.3112348160219294,0.33840855862953345,0.32936888188630287,0.35598121341046973,0.3486361321145592,0.3747569340195432,0.36902378660486607,0.3948915487470831,0.39017398464085706,0.4181796389429641,0.4145555264134692,0.4419866248444902,0.4368596840327968,0.4707244822365195,0.46112022463471347,0.5047556897318296,0.48758708898863146,1,1
38144,2016,2,1,5.246249123137766e-4,3.213199310400318e-4,5.551213131034939e-4,3.493214791848939e-4,5.68418575556806e-4,3.8204486398662026e-4,5.94929400406598e-4,3.962215720379585e-4,6.467188833051437e-4,4.254982092052939e-4,7.154790181294362e-4,4.5320997015687345e-4,7.865786397675125e-4,4.87535430325693e-4,8.603108658890077e-4,4.831795264336836e-4,9.401303272816473e-4,5.030518865987403e-4,0.0010323704044259423,5.27024414300423e-4,0.0011560232943063134,5.727221206690774e-4,0.0012829433907573524,6.115156130261766e-4,0.0013849504650645368,6.333313362101973e-4,0.001449076607887531,6.897953955881622e-4,0.0016005301074815952,7.333809499683315e-4,0.0017406340024469966,7.820366335491811e-4,0.0018587266612433819,8.30729335117244e-4,0.0019118329956662183,9.059327391725811e-4,0.002035158301750396,9.956965547263754e-4,0.002169662401156395,0.0010804940088590368,0.004065533957176464,0.0015304829400490394,0.004344401062753613,0.0016448206184850151,0.004663640670620936,0.0017665317605862982,0.004948971922955114,0.0019000831252032053,0.005250842129466948,0.002064107032648937,0.005725816895005766,0.0022303287185589573,0.0061657024022730555,0.0024473476417954405,0.00673372950310957,0.002614013788090112,0.007075527011187056,0.0028741188384195705,0.0076364857422988345,0.003096097305243705,0.008286790647803025,0.003375245931369731,0.008833880525664913,0.003591998871871997,0.009438568668726345,0.003916451707689169,0.010044802802559854,0.004298508517589844,0.010718830494302518,0.0046379358480915555,0.013465820658871638,0.007341145168297433,0.014416867738273534,0.007901275475344648,0.01545479005762323,0.008298959855845998,0.016450762529981004,0.009011514945261338,0.01758099580320675,0.009693602401795712,0.018818008892909025,0.010295748210322819,0.020346473880954643,0.011321966902116908,0.02162811297316349,0.011949143229378708,0.022952098929522952,0.012967843161457068,0.024603961991328558,0.01415890516038676,0.026346908441181774,0.01552661928392669,0.027709509617193064,0.01711906233288012,0.030000998914042683,0.018665972773962806,0.03186689277974667,0.02088029538830889,0.03396008011821507,0.02280584541063256,0.03720828938971095,0.02562467330578904,0.0396342993132987,0.028492574568191476,0.04353655714927997,0.031580062823183236,0.048011687309473666,0.03673304197610984,0.052196902325835154,0.038944800385696886,0.05814132243497038,0.04297767139387037,0.06332442537640227,0.04772995760640176,0.0707421942464927,0.05317980936264569,0.07705538641858246,0.05930719830627165,0.086553006530525,0.0661137480342182,0.09542930949772077,0.07520835923673097,0.10495797372326489,0.08365292655943,0.11690706990502943,0.09271406530402518,0.12625685068852616,0.10234980159541879,0.137600609848272,0.11250736553754165,0.14987689266475976,0.12530395150279247,0.16100228773817116,0.13574971288820675,0.17148959117661364,0.14587989735428106,0.18111315622533974,0.15547744017525672,0.18963622658129042,0.16432911095024857,0.19918265100854568,0.17491607134912315,0.20864321416680356,0.1849672926873374,0.21855121496314348,0.19560381772633234,0.22893035685972513,0.20684637578495427,0.2398041867645305,0.218735233265506,0.2521521655960878,0.23292835823434635,0.26421969798269246,0.24640054026001207,0.2768576220671996,0.2606501735916729,0.2902595473655147,0.2757241088863752,0.3047649210291871,0.29166855574997486,0.3220031504970906,0.3112348160219294,0.33840855862953345,0.32936888188630287,0.35598121341046973,0.3486361321145592,0.3747569340195432,0.36902378660486607,0.3948915487470831,0.39017398464085706,0.4181796389429641,0.4145555264134692,0.4419866248444902,0.4368596840327968,0.4707244822365195,0.46112022463471347,0.5047556897318296,0.48758708898863146,1,1
38145,2016,2,1,5.246249123137766e-4,3.213199310400318e-4,5.551213131034939e-4,3.493214791848939e-4,5.68418575556806e-4,3.8204486398662026e-4,5.94929400406598e-4,3.962215720379585e-4,6.467188833051437e-4,4.254982092052939e-4,7.154790181294362e-4,4.5320997015687345e-4,7.865786397675125e-4,4.87535430325693e-4,8.603108658890077e-4,4.831795264336836e-4,9.401303272816473e-4,5.030518865987403e-4,0.0010323704044259423,5.27024414300423e-4,0.0011560232943063134,5.727221206690774e-4,0.0012829433907573524,6.115156130261766e-4,0.0013849504650645368,6.333313362101973e-4,0.001449076607887531,6.897953955881622e-4,0.0016005301074815952,7.333809499683315e-4,0.0017406340024469966,7.820366335491811e-4,0.0018587266612433819,8.30729335117244e-4,0.0019118329956662183,9.059327391725811e-4,0.002035158301750396,9.956965547263754e-4,0.002169662401156395,0.0010804940088590368,0.004065533957176464,0.0015304829400490394,0.004344401062753613,0.0016448206184850151,0.004663640670620936,0.0017665317605862982,0.004948971922955114,0.0019000831252032053,0.005250842129466948,0.002064107032648937,0.005725816895005766,0.0022303287185589573,0.0061657024022730555,0.0024473476417954405,0.00673372950310957,0.002614013788090112,0.007075527011187056,0.0028741188384195705,0.0076364857422988345,0.003096097305243705,0.008286790647803025,0.003375245931369731,0.008833880525664913,0.003591998871871997,0.009438568668726345,0.003916451707689169,0.010044802802559854,0.004298508517589844,0.010718830494302518,0.0046379358480915555,0.013465820658871638,0.007341145168297433,0.014416867738273534,0.007901275475344648,0.01545479005762323,0.008298959855845998,0.016450762529981004,0.009011514945261338,0.01758099580320675,0.009693602401795712,0.018818008892909025,0.010295748210322819,0.020346473880954643,0.011321966902116908,0.02162811297316349,0.011949143229378708,0.022952098929522952,0.012967843161457068,0.024603961991328558,0.01415890516038676,0.026346908441181774,0.01552661928392669,0.027709509617193064,0.01711906233288012,0.030000998914042683,0.018665972773962806,0.03186689277974667,0.02088029538830889,0.03396008011821507,0.02280584541063256,0.03720828938971095,0.02562467330578904,0.0396342993132987,0.028492574568191476,0.04353655714927997,0.031580062823183236,0.048011687309473666,0.03673304197610984,0.052196902325835154,0.038944800385696886,0.05814132243497038,0.04297767139387037,0.06332442537640227,0.04772995760640176,0.0707421942464927,0.05317980936264569,0.07705538641858246,0.05930719830627165,0.086553006530525,0.0661137480342182,0.09542930949772077,0.07520835923673097,0.10495797372326489,0.08365292655943,0.11690706990502943,0.09271406530402518,0.12625685068852616,0.10234980159541879,0.137600609848272,0.11250736553754165,0.14987689266475976,0.12530395150279247,0.16100228773817116,0.13574971288820675,0.17148959117661364,0.14587989735428106,0.18111315622533974,0.15547744017525672,0.18963622658129042,0.16432911095024857,0.19918265100854568,0.17491607134912315,0.20864321416680356,0.1849672926873374,0.21855121496314348,0.19560381772633234,0.22893035685972513,0.20684637578495427,0.2398041867645305,0.218735233265506,0.2521521655960878,0.23292835823434635,0.26421969798269246,0.24640054026001207,0.2768576220671996,0.2606501735916729,0.2902595473655147,0.2757241088863752,0.3047649210291871,0.29166855574997486,0.3220031504970906,0.3112348160219294,0.33840855862953345,0.32936888188630287,0.35598121341046973,0.3486361321145592,0.3747569340195432,0.36902378660486607,0.3948915487470831,0.39017398464085706,0.4181796389429641,0.4145555264134692,0.4419866248444902,0.4368596840327968,0.4707244822365195,0.46112022463471347,0.5047556897318296,0.48758708898863146,1,1
39711,2016,2,1,0.0013496259687082984,4.2214089904764465e-4,0.001431495144903884,4.5629799221537696e-4,0.0014721866836599222,4.950124554307849e-4,0.0013343320641859356,5.138182511083964e-4,0.001215427731448448,5.070220142454939e-4,0.001200529186519861,5.514458797472641e-4,0.001256958788964869,5.890503343042203e-4,0.0013422098442261862,6.420329406373731e-4,0.0014968778478038564,7.325992024207936e-4,0.001589421103793415,7.91878551676862e-4,0.001680704038720299,8.545942098343565e-4,0.0017569785776875835,9.025286233501268e-4,0.001926968391854746,9.966148232815153e-4,0.0020459553208224414,0.001081626805031639,0.002180751870197918,0.0011313606076603577,0.0022946730380607803,0.001242663522183294,0.0024591725882777073,0.001359727223290968,0.0026159366318151125,0.0014204336945203451,0.0028404089021934927,0.0015484712717862728,0.003052611927164482,0.00167432450794265,0.0035618977648129093,0.001702791038627258,0.0038672414516778574,0.001869453733737316,0.004236515106457771,0.002025076774711364,0.004635467788367302,0.0022047470143983267,0.005022112247854903,0.002345764270530133,0.005437816582655143,0.0025092741430710586,0.005858103001278937,0.0026639295167786288,0.007494871494678936,0.003314316035485122,0.00809678057193048,0.004083038150214915,0.008238953639727513,0.004036480104071422,0.008374453473962573,0.003950082245527103,0.008891760470529954,0.004103771624459141,0.009582729238987417,0.004370459879597021,0.01012283769464378,0.004585952659706482,0.01065193786819857,0.004826627064358398,0.009910550382062119,0.006590847214525439,0.010443525921426548,0.006996244670612692,0.0109835556322053,0.007474002940021535,0.011541428563041148,0.008044271424060443,0.012184700572317093,0.0087086705730873,0.012718007842820275,0.00928754816925884,0.013582378843907379,0.01012501653777521,0.014612243107148514,0.011066792369046922,0.01598371695245823,0.012213538139361614,0.017358281508433514,0.013337171862982116,0.019053024852831328,0.014740131092231655,0.02062310789817664,0.01607750292560614,0.022454871451079477,0.01764422360345689,0.02447786306719747,0.01938891302750835,0.026707515186719894,0.02135699418319252,0.030789060128957282,0.02490073168599275,0.033757456450584485,0.027633557202966237,0.03710562499600033,0.03079901804020174,0.04085168210803573,0.03426680235424684,0.045051989742164615,0.03799893355072398,0.052566917138689155,0.04466792137906581,0.058042078527585604,0.04970093709275078,0.06414527313462019,0.055247753789190966,0.0707134538743147,0.06142974764257351,0.07791235173478898,0.0684896710012726,0.09314349922595926,0.08249335401822173,0.10268343116558298,0.09147816946448933,0.11300840462787938,0.10129698070885237,0.12406809643831813,0.11197808403731772,0.13530760972574518,0.12314394742342598,0.15667415865564938,0.14381438435140065,0.1682827085562986,0.15583211487413506,0.17922095377220423,0.16746337770114478,0.18923996233335638,0.17846690976226665,0.1980988539776701,0.18860070334823187,0.21115805325611267,0.20294766499278996,0.22113411937499916,0.214561056481269,0.23158188138314936,0.2268379214126973,0.24252415245301728,0.23981772565966328,0.2539824038057361,0.25353993509475525,0.2698805011033479,0.27197571006729737,0.2827270010974424,0.28763621509385573,0.296210131246229,0.3042074532610038,0.31035497953310665,0.32183432054643096,0.3252710245721963,0.3404758455269718,0.3471178129286656,0.3662066312121201,0.36472130102979805,0.38796889605270535,0.3836235904715454,0.4111551674308016,0.4043673157836355,0.43574685228749266,0.4273455028268314,0.46207290533305406,0.4573806714218276,0.49443683906454294,0.48611268920383793,0.5211954944960088,0.5177218937850594,0.5514512696618115,0.5527616385916834,0.5840337362563509,1,1
39712,2016,2,1,9.457143242966679e-4,3.0589437099696847e-4,0.0010031013776958205,3.306485016692067e-4,0.0010316368418374978,3.5870585140472744e-4,9.350558222612216e-4,3.723373629852844e-4,8.517518976987632e-4,3.674169026461505e-4,8.413327363966046e-4,3.996142315714284e-4,8.809028136751151e-4,4.268711002621635e-4,9.406761335526921e-4,4.652737706588492e-4,0.0010491068675766218,5.309153601864465e-4,0.0011140046092847297,5.738861729378416e-4,0.0011780262055203538,6.193501891842163e-4,0.0012315356720242288,6.541048292474532e-4,0.001350744318024806,7.223118484030748e-4,0.0014342142258737265,7.839474314631098e-4,0.0015287794700574355,8.200188590574199e-4,0.0016087241956241796,9.007223183583002e-4,0.001724144152225861,9.856101769375426e-4,0.0018341602249202684,0.001029655466906725,0.0019916738899861237,0.001122518252036056,0.002140613354224071,0.0012138110107970859,0.0032971047537477187,0.001473128894083702,0.0035798246133015065,0.0016173474231846844,0.003921742364744731,0.0017520245970951993,0.004291157237015578,0.001907517639926286,0.004649204082612676,0.0020295807860848327,0.005034182025239407,0.0021711181156220624,0.005423434736555321,0.0023050095899478803,0.006938979678400381,0.002867873699783782,0.007496504877015247,0.0035331917315306696,0.007628420912661335,0.003493059375382069,0.007754188785862848,0.00341846045182335,0.0082335327852438,0.003551656397687076,0.008873758404250223,0.003782687829194008,0.009374368545025347,0.003969456267571867,0.009864868301032392,0.004178072886528777,0.00953039928736915,0.005531349098099489,0.010043223185904948,0.005872097340991547,0.010562885612802832,0.0062736889836727235,0.011099769071063758,0.006753068669923244,0.01171885473240181,0.007311635982861723,0.012232257213903907,0.007798585138533106,0.013064173342416406,0.008502890816243017,0.014055394486496325,0.009295080218227971,0.015375370056304433,0.010259781811378292,0.01669851625130275,0.011205486718500614,0.018329908295878196,0.0123863728763913,0.01984040221799241,0.013510188268459936,0.02160264512712563,0.014826729240014746,0.0235488584498497,0.016292820255391596,0.025693888921296506,0.01794663099104717,0.029620527608570313,0.020924491487068705,0.032476264835678545,0.02322092939847846,0.03569736084907593,0.025880917834828012,0.03930124442478688,0.028794953625954776,0.04334213842155393,0.031931124419411365,0.050571852920562085,0.03753518380213227,0.05583921634126804,0.04176450910001198,0.06171077733081967,0.04642558975453275,0.06802967690499742,0.051620420147046056,0.07495535608891338,0.05755298904025474,0.0896084381538674,0.06932051257212717,0.09878630250626902,0.07687059972173754,0.10871941381972773,0.0851215071603885,0.11935935882750912,0.09409701271931535,0.13017230057508822,0.10347987007124701,0.1507279281203039,0.12084957578863756,0.16189590049060215,0.13094827100723216,0.17241900814799777,0.14072221110974448,0.18205776679971114,0.14996865879827362,0.19058043827564014,0.15848425104251762,0.2031440037483362,0.17054023721121836,0.21274144974576967,0.18029915973610833,0.22279268943006028,0.1906156098302262,0.2333196701487945,0.2015227513108212,0.2443430482291127,0.21305374799514246,0.2596377674558537,0.22854563077734483,0.2719967061878189,0.24170540890128442,0.28496811314695714,0.25563049095635226,0.29857612415624557,0.27044263539888236,0.3129260628046001,0.28610741327288863,0.33394370332240125,0.30772941269097565,0.35087908891464714,0.3260165992338639,0.36906398263759244,0.3455004017255294,0.3890204244951171,0.3661651961149235,0.41112652389721427,0.38828740841721654,0.4400217723026512,0.41548335046391305,0.46766332817988115,0.43796908561586745,0.4980728734229474,0.4633935075916935,0.5317827601195441,0.49077308637204925,1,1
39713,2016,2,1,9.457143242966679e-4,3.0589437099696847e-4,0.0010031013776958205,3.306485016692067e-4,0.0010316368418374978,3.5870585140472744e-4,9.350558222612216e-4,3.723373629852844e-4,8.517518976987632e-4,3.674169026461505e-4,8.413327363966046e-4,3.996142315714284e-4,8.809028136751151e-4,4.268711002621635e-4,9.406761335526921e-4,4.652737706588492e-4,0.0010491068675766218,5.309153601864465e-4,0.0011140046092847297,5.738861729378416e-4,0.0011780262055203538,6.193501891842163e-4,0.0012315356720242288,6.541048292474532e-4,0.001350744318024806,7.223118484030748e-4,0.0014342142258737265,7.839474314631098e-4,0.0015287794700574355,8.200188590574199e-4,0.0016087241956241796,9.007223183583002e-4,0.001724144152225861,9.856101769375426e-4,0.0018341602249202684,0.001029655466906725,0.0019916738899861237,0.001122518252036056,0.002140613354224071,0.0012138110107970859,0.0032971047537477187,0.001473128894083702,0.0035798246133015065,0.0016173474231846844,0.003921742364744731,0.0017520245970951993,0.004291157237015578,0.001907517639926286,0.004649204082612676,0.0020295807860848327,0.005034182025239407,0.0021711181156220624,0.005423434736555321,0.0023050095899478803,0.006938979678400381,0.002867873699783782,0.007496504877015247,0.0035331917315306696,0.007628420912661335,0.003493059375382069,0.007754188785862848,0.00341846045182335,0.0082335327852438,0.003551656397687076,0.008873758404250223,0.003782687829194008,0.009374368545025347,0.003969456267571867,0.009864868301032392,0.004178072886528777,0.00953039928736915,0.005531349098099489,0.010043223185904948,0.005872097340991547,0.010562885612802832,0.0062736889836727235,0.011099769071063758,0.006753068669923244,0.01171885473240181,0.007311635982861723,0.012232257213903907,0.007798585138533106,0.013064173342416406,0.008502890816243017,0.014055394486496325,0.009295080218227971,0.015375370056304433,0.010259781811378292,0.01669851625130275,0.011205486718500614,0.018329908295878196,0.0123863728763913,0.01984040221799241,0.013510188268459936,0.02160264512712563,0.014826729240014746,0.0235488584498497,0.016292820255391596,0.025693888921296506,0.01794663099104717,0.029620527608570313,0.020924491487068705,0.032476264835678545,0.02322092939847846,0.03569736084907593,0.025880917834828012,0.03930124442478688,0.028794953625954776,0.04334213842155393,0.031931124419411365,0.050571852920562085,0.03753518380213227,0.05583921634126804,0.04176450910001198,0.06171077733081967,0.04642558975453275,0.06802967690499742,0.051620420147046056,0.07495535608891338,0.05755298904025474,0.0896084381538674,0.06932051257212717,0.09878630250626902,0.07687059972173754,0.10871941381972773,0.0851215071603885,0.11935935882750912,0.09409701271931535,0.13017230057508822,0.10347987007124701,0.1507279281203039,0.12084957578863756,0.16189590049060215,0.13094827100723216,0.17241900814799777,0.14072221110974448,0.18205776679971114,0.14996865879827362,0.19058043827564014,0.15848425104251762,0.2031440037483362,0.17054023721121836,0.21274144974576967,0.18029915973610833,0.22279268943006028,0.1906156098302262,0.2333196701487945,0.2015227513108212,0.2443430482291127,0.21305374799514246,0.2596377674558537,0.22854563077734483,0.2719967061878189,0.24170540890128442,0.28496811314695714,0.25563049095635226,0.29857612415624557,0.27044263539888236,0.3129260628046001,0.28610741327288863,0.33394370332240125,0.30772941269097565,0.35087908891464714,0.3260165992338639,0.36906398263759244,0.3455004017255294,0.3890204244951171,0.3661651961149235,0.41112652389721427,0.38828740841721654,0.4400217723026512,0.41548335046391305,0.46766332817988115,0.43796908561586745,0.4980728734229474,0.4633935075916935,0.5317827601195441,0.49077308637204925,1,1
39714,2016,2,1,9.457143242966679e-4,3.0589437099696847e-4,0.0010031013776958205,3.306485016692067e-4,0.0010316368418374978,3.5870585140472744e-4,9.350558222612216e-4,3.723373629852844e-4,8.517518976987632e-4,3.674169026461505e-4,8.413327363966046e-4,3.996142315714284e-4,8.809028136751151e-4,4.268711002621635e-4,9.406761335526921e-4,4.652737706588492e-4,0.0010491068675766218,5.309153601864465e-4,0.0011140046092847297,5.738861729378416e-4,0.0011780262055203538,6.193501891842163e-4,0.0012315356720242288,6.541048292474532e-4,0.001350744318024806,7.223118484030748e-4,0.0014342142258737265,7.839474314631098e-4,0.0015287794700574355,8.200188590574199e-4,0.0016087241956241796,9.007223183583002e-4,0.001724144152225861,9.856101769375426e-4,0.0018341602249202684,0.001029655466906725,0.0019916738899861237,0.001122518252036056,0.002140613354224071,0.0012138110107970859,0.0032971047537477187,0.001473128894083702,0.0035798246133015065,0.0016173474231846844,0.003921742364744731,0.0017520245970951993,0.004291157237015578,0.001907517639926286,0.004649204082612676,0.0020295807860848327,0.005034182025239407,0.0021711181156220624,0.005423434736555321,0.0023050095899478803,0.006938979678400381,0.002867873699783782,0.007496504877015247,0.0035331917315306696,0.007628420912661335,0.003493059375382069,0.007754188785862848,0.00341846045182335,0.0082335327852438,0.003551656397687076,0.008873758404250223,0.003782687829194008,0.009374368545025347,0.003969456267571867,0.009864868301032392,0.004178072886528777,0.00953039928736915,0.005531349098099489,0.010043223185904948,0.005872097340991547,0.010562885612802832,0.0062736889836727235,0.011099769071063758,0.006753068669923244,0.01171885473240181,0.007311635982861723,0.012232257213903907,0.007798585138533106,0.013064173342416406,0.008502890816243017,0.014055394486496325,0.009295080218227971,0.015375370056304433,0.010259781811378292,0.01669851625130275,0.011205486718500614,0.018329908295878196,0.0123863728763913,0.01984040221799241,0.013510188268459936,0.02160264512712563,0.014826729240014746,0.0235488584498497,0.016292820255391596,0.025693888921296506,0.01794663099104717,0.029620527608570313,0.020924491487068705,0.032476264835678545,0.02322092939847846,0.03569736084907593,0.025880917834828012,0.03930124442478688,0.028794953625954776,0.04334213842155393,0.031931124419411365,0.050571852920562085,0.03753518380213227,0.05583921634126804,0.04176450910001198,0.06171077733081967,0.04642558975453275,0.06802967690499742,0.051620420147046056,0.07495535608891338,0.05755298904025474,0.0896084381538674,0.06932051257212717,0.09878630250626902,0.07687059972173754,0.10871941381972773,0.0851215071603885,0.11935935882750912,0.09409701271931535,0.13017230057508822,0.10347987007124701,0.1507279281203039,0.12084957578863756,0.16189590049060215,0.13094827100723216,0.17241900814799777,0.14072221110974448,0.18205776679971114,0.14996865879827362,0.19058043827564014,0.15848425104251762,0.2031440037483362,0.17054023721121836,0.21274144974576967,0.18029915973610833,0.22279268943006028,0.1906156098302262,0.2333196701487945,0.2015227513108212,0.2443430482291127,0.21305374799514246,0.2596377674558537,0.22854563077734483,0.2719967061878189,0.24170540890128442,0.28496811314695714,0.25563049095635226,0.29857612415624557,0.27044263539888236,0.3129260628046001,0.28610741327288863,0.33394370332240125,0.30772941269097565,0.35087908891464714,0.3260165992338639,0.36906398263759244,0.3455004017255294,0.3890204244951171,0.3661651961149235,0.41112652389721427,0.38828740841721654,0.4400217723026512,0.41548335046391305,0.46766332817988115,0.43796908561586745,0.4980728734229474,0.4633935075916935,0.5317827601195441,0.49077308637204925,1,1
39715,2016,2,1,0.0013496259687082984,4.2214089904764465e-4,0.001431495144903884,4.5629799221537696e-4,0.0014721866836599222,4.950124554307849e-4,0.0013343320641859356,5.138182511083964e-4,0.001215427731448448,5.070220142454939e-4,0.001200529186519861,5.514458797472641e-4,0.001256958788964869,5.890503343042203e-4,0.0013422098442261862,6.420329406373731e-4,0.0014968778478038564,7.325992024207936e-4,0.001589421103793415,7.91878551676862e-4,0.001680704038720299,8.545942098343565e-4,0.0017569785776875835,9.025286233501268e-4,0.001926968391854746,9.966148232815153e-4,0.0020459553208224414,0.001081626805031639,0.002180751870197918,0.0011313606076603577,0.0022946730380607803,0.001242663522183294,0.0024591725882777073,0.001359727223290968,0.0026159366318151125,0.0014204336945203451,0.0028404089021934927,0.0015484712717862728,0.003052611927164482,0.00167432450794265,0.0035618977648129093,0.001702791038627258,0.0038672414516778574,0.001869453733737316,0.004236515106457771,0.002025076774711364,0.004635467788367302,0.0022047470143983267,0.005022112247854903,0.002345764270530133,0.005437816582655143,0.0025092741430710586,0.005858103001278937,0.0026639295167786288,0.007494871494678936,0.003314316035485122,0.00809678057193048,0.004083038150214915,0.008238953639727513,0.004036480104071422,0.008374453473962573,0.003950082245527103,0.008891760470529954,0.004103771624459141,0.009582729238987417,0.004370459879597021,0.01012283769464378,0.004585952659706482,0.01065193786819857,0.004826627064358398,0.009910550382062119,0.006590847214525439,0.010443525921426548,0.006996244670612692,0.0109835556322053,0.007474002940021535,0.011541428563041148,0.008044271424060443,0.012184700572317093,0.0087086705730873,0.012718007842820275,0.00928754816925884,0.013582378843907379,0.01012501653777521,0.014612243107148514,0.011066792369046922,0.01598371695245823,0.012213538139361614,0.017358281508433514,0.013337171862982116,0.019053024852831328,0.014740131092231655,0.02062310789817664,0.01607750292560614,0.022454871451079477,0.01764422360345689,0.02447786306719747,0.01938891302750835,0.026707515186719894,0.02135699418319252,0.030789060128957282,0.02490073168599275,0.033757456450584485,0.027633557202966237,0.03710562499600033,0.03079901804020174,0.04085168210803573,0.03426680235424684,0.045051989742164615,0.03799893355072398,0.052566917138689155,0.04466792137906581,0.058042078527585604,0.04970093709275078,0.06414527313462019,0.055247753789190966,0.0707134538743147,0.06142974764257351,0.07791235173478898,0.0684896710012726,0.09314349922595926,0.08249335401822173,0.10268343116558298,0.09147816946448933,0.11300840462787938,0.10129698070885237,0.12406809643831813,0.11197808403731772,0.13530760972574518,0.12314394742342598,0.15667415865564938,0.14381438435140065,0.1682827085562986,0.15583211487413506,0.17922095377220423,0.16746337770114478,0.18923996233335638,0.17846690976226665,0.1980988539776701,0.18860070334823187,0.21115805325611267,0.20294766499278996,0.22113411937499916,0.214561056481269,0.23158188138314936,0.2268379214126973,0.24252415245301728,0.23981772565966328,0.2539824038057361,0.25353993509475525,0.2698805011033479,0.27197571006729737,0.2827270010974424,0.28763621509385573,0.296210131246229,0.3042074532610038,0.31035497953310665,0.32183432054643096,0.3252710245721963,0.3404758455269718,0.3471178129286656,0.3662066312121201,0.36472130102979805,0.38796889605270535,0.3836235904715454,0.4111551674308016,0.4043673157836355,0.43574685228749266,0.4273455028268314,0.46207290533305406,0.4573806714218276,0.49443683906454294,0.48611268920383793,0.5211954944960088,0.5177218937850594,0.5514512696618115,0.5527616385916834,0.5840337362563509,1,1
43981,2016,2,1,4.502475037227186e-4,1.726206484763823e-4,4.495654381591256e-4,1.7816339255353905e-4,4.6028313498918137e-4,1.8209451738166458e-4,4.811673593638942e-4,1.8833266283528057e-4,5.065242478993232e-4,2.042558158320422e-4,5.264431221433255e-4,2.199529711270606e-4,5.287750325788054e-4,2.3842222127296402e-4,5.43512725353871e-4,2.681976766568664e-4,5.910015937983911e-4,2.862206624396063e-4,6.581185221322244e-4,2.952557346469479e-4,7.255273338797897e-4,3.158324650846062e-4,7.619599427405517e-4,3.4911100675391127e-4,8.37157251220734e-4,3.858683306844893e-4,8.999996177649034e-4,4.1618313169820153e-4,9.547040260366725e-4,4.610638489584697e-4,0.0010509705218696005,4.930424731376555e-4,0.0011197386678435612,5.386771146864307e-4,0.001199534465079387,5.691005035603659e-4,0.001296849559135295,6.134259972183868e-4,0.00140026702848211,6.631173629195902e-4,0.002369331944228319,0.0010089344415058733,0.0024212083886131666,0.001104079515856307,0.0025824296719405143,0.0011941805494051028,0.0028034091011188513,0.00129656093101068,0.003050803150999753,0.0013701823167117245,0.003314886911780398,0.0014740774766788718,0.0035655009502844033,0.0015909611234308754,0.003839849641907863,0.0016900316700027276,0.004017794338584946,0.0018146731426617328,0.004387682945783327,0.001963022884895857,0.004640382017393897,0.002079161859535789,0.004919131675916425,0.0022448539746879833,0.0053405581390094286,0.00243930007093757,0.005650968481904721,0.0026687503882269403,0.0060198763626130095,0.0029023704830978786,0.007595083484019498,0.005749324185303977,0.008198951458859129,0.006227101014848605,0.00887671724549038,0.0067597580291605605,0.00952394926401734,0.007228326949254023,0.010352481979738983,0.007775905885663648,0.011192271785809437,0.009722490201651229,0.012049433564754205,0.011389834865476543,0.012969287081798933,0.011312887268175316,0.013992294091236047,0.011459516092744662,0.016651021281520562,0.01222642800926148,0.01696090472745736,0.013444504136335338,0.018157447747490844,0.01467446335341478,0.01981409167208387,0.01610501677757157,0.021588392086991804,0.017698039778805623,0.02351774705247998,0.01949400311819393,0.02623334811702152,0.022048353328199172,0.028870639836087595,0.024467801001281073,0.03177165731616226,0.027270841105440688,0.034943924023701514,0.030341340152370076,0.03843770684987111,0.03364586577422302,0.04326885405655216,0.0385815390273101,0.04777181440264803,0.042928333380088265,0.05276416064902915,0.047719719571944264,0.058270641297074995,0.05305892737026294,0.06427162906512449,0.059157108571967786,0.07402000479870126,0.06897508059614181,0.08150080092064808,0.07648739230446494,0.08947156766825237,0.08469709147540491,0.09791783308855154,0.09362763941973096,0.10678914025463379,0.10296406804036555,0.11961693805206305,0.11784733705962691,0.1284908180097831,0.12769522225503177,0.13686084498696674,0.13722579322228218,0.14453862534139392,0.14624256148368525,0.15134089152327454,0.15454669243047162,0.1601817393701753,0.16540693318557087,0.16779022489528203,0.17487181248266725,0.17575938852082418,0.18487806152576478,0.18410716669759455,0.1954567665516326,0.19285042875258193,0.20664077339534787,0.20388443447309113,0.22069351201337678,0.21375168403819056,0.2334013309915568,0.22423044285861782,0.24683996980019984,0.2353355125104176,0.26105283186422906,0.24715233851245927,0.27611290315572323,0.26308395184171657,0.2955838887078125,0.2770471419241902,0.31279946678310006,0.2921441638558737,0.3310143663830341,0.30831383623471903,0.3504204191635662,0.32563211036673934,0.37116248312406713,0.3468621294179814,0.39531782557943973,0.36710197925276083,0.4181293254954239,0.3894577187789319,0.44189378542965463,0.4142966662959773,0.46751421493593087,1,1
43982,2016,2,1,4.502475037227186e-4,1.726206484763823e-4,4.495654381591256e-4,1.7816339255353905e-4,4.6028313498918137e-4,1.8209451738166458e-4,4.811673593638942e-4,1.8833266283528057e-4,5.065242478993232e-4,2.042558158320422e-4,5.264431221433255e-4,2.199529711270606e-4,5.287750325788054e-4,2.3842222127296402e-4,5.43512725353871e-4,2.681976766568664e-4,5.910015937983911e-4,2.862206624396063e-4,6.581185221322244e-4,2.952557346469479e-4,7.255273338797897e-4,3.158324650846062e-4,7.619599427405517e-4,3.4911100675391127e-4,8.37157251220734e-4,3.858683306844893e-4,8.999996177649034e-4,4.1618313169820153e-4,9.547040260366725e-4,4.610638489584697e-4,0.0010509705218696005,4.930424731376555e-4,0.0011197386678435612,5.386771146864307e-4,0.001199534465079387,5.691005035603659e-4,0.001296849559135295,6.134259972183868e-4,0.00140026702848211,6.631173629195902e-4,0.002369331944228319,0.0010089344415058733,0.0024212083886131666,0.001104079515856307,0.0025824296719405143,0.0011941805494051028,0.0028034091011188513,0.00129656093101068,0.003050803150999753,0.0013701823167117245,0.003314886911780398,0.0014740774766788718,0.0035655009502844033,0.0015909611234308754,0.003839849641907863,0.0016900316700027276,0.004017794338584946,0.0018146731426617328,0.004387682945783327,0.001963022884895857,0.004640382017393897,0.002079161859535789,0.004919131675916425,0.0022448539746879833,0.0053405581390094286,0.00243930007093757,0.005650968481904721,0.0026687503882269403,0.0060198763626130095,0.0029023704830978786,0.007595083484019498,0.005749324185303977,0.008198951458859129,0.006227101014848605,0.00887671724549038,0.0067597580291605605,0.00952394926401734,0.007228326949254023,0.010352481979738983,0.007775905885663648,0.011192271785809437,0.009722490201651229,0.012049433564754205,0.011389834865476543,0.012969287081798933,0.011312887268175316,0.013992294091236047,0.011459516092744662,0.016651021281520562,0.01222642800926148,0.01696090472745736,0.013444504136335338,0.018157447747490844,0.01467446335341478,0.01981409167208387,0.01610501677757157,0.021588392086991804,0.017698039778805623,0.02351774705247998,0.01949400311819393,0.02623334811702152,0.022048353328199172,0.028870639836087595,0.024467801001281073,0.03177165731616226,0.027270841105440688,0.034943924023701514,0.030341340152370076,0.03843770684987111,0.03364586577422302,0.04326885405655216,0.0385815390273101,0.04777181440264803,0.042928333380088265,0.05276416064902915,0.047719719571944264,0.058270641297074995,0.05305892737026294,0.06427162906512449,0.059157108571967786,0.07402000479870126,0.06897508059614181,0.08150080092064808,0.07648739230446494,0.08947156766825237,0.08469709147540491,0.09791783308855154,0.09362763941973096,0.10678914025463379,0.10296406804036555,0.11961693805206305,0.11784733705962691,0.1284908180097831,0.12769522225503177,0.13686084498696674,0.13722579322228218,0.14453862534139392,0.14624256148368525,0.15134089152327454,0.15454669243047162,0.1601817393701753,0.16540693318557087,0.16779022489528203,0.17487181248266725,0.17575938852082418,0.18487806152576478,0.18410716669759455,0.1954567665516326,0.19285042875258193,0.20664077339534787,0.20388443447309113,0.22069351201337678,0.21375168403819056,0.2334013309915568,0.22423044285861782,0.24683996980019984,0.2353355125104176,0.26105283186422906,0.24715233851245927,0.27611290315572323,0.26308395184171657,0.2955838887078125,0.2770471419241902,0.31279946678310006,0.2921441638558737,0.3310143663830341,0.30831383623471903,0.3504204191635662,0.32563211036673934,0.37116248312406713,0.3468621294179814,0.39531782557943973,0.36710197925276083,0.4181293254954239,0.3894577187789319,0.44189378542965463,0.4142966662959773,0.46751421493593087,1,1
43983,2016,2,1,4.502475037227186e-4,1.726206484763823e-4,4.495654381591256e-4,1.7816339255353905e-4,4.6028313498918137e-4,1.8209451738166458e-4,4.811673593638942e-4,1.8833266283528057e-4,5.065242478993232e-4,2.042558158320422e-4,5.264431221433255e-4,2.199529711270606e-4,5.287750325788054e-4,2.3842222127296402e-4,5.43512725353871e-4,2.681976766568664e-4,5.910015937983911e-4,2.862206624396063e-4,6.581185221322244e-4,2.952557346469479e-4,7.255273338797897e-4,3.158324650846062e-4,7.619599427405517e-4,3.4911100675391127e-4,8.37157251220734e-4,3.858683306844893e-4,8.999996177649034e-4,4.1618313169820153e-4,9.547040260366725e-4,4.610638489584697e-4,0.0010509705218696005,4.930424731376555e-4,0.0011197386678435612,5.386771146864307e-4,0.001199534465079387,5.691005035603659e-4,0.001296849559135295,6.134259972183868e-4,0.00140026702848211,6.631173629195902e-4,0.002369331944228319,0.0010089344415058733,0.0024212083886131666,0.001104079515856307,0.0025824296719405143,0.0011941805494051028,0.0028034091011188513,0.00129656093101068,0.003050803150999753,0.0013701823167117245,0.003314886911780398,0.0014740774766788718,0.0035655009502844033,0.0015909611234308754,0.003839849641907863,0.0016900316700027276,0.004017794338584946,0.0018146731426617328,0.004387682945783327,0.001963022884895857,0.004640382017393897,0.002079161859535789,0.004919131675916425,0.0022448539746879833,0.0053405581390094286,0.00243930007093757,0.005650968481904721,0.0026687503882269403,0.0060198763626130095,0.0029023704830978786,0.007595083484019498,0.005749324185303977,0.008198951458859129,0.006227101014848605,0.00887671724549038,0.0067597580291605605,0.00952394926401734,0.007228326949254023,0.010352481979738983,0.007775905885663648,0.011192271785809437,0.009722490201651229,0.012049433564754205,0.011389834865476543,0.012969287081798933,0.011312887268175316,0.013992294091236047,0.011459516092744662,0.016651021281520562,0.01222642800926148,0.01696090472745736,0.013444504136335338,0.018157447747490844,0.01467446335341478,0.01981409167208387,0.01610501677757157,0.021588392086991804,0.017698039778805623,0.02351774705247998,0.01949400311819393,0.02623334811702152,0.022048353328199172,0.028870639836087595,0.024467801001281073,0.03177165731616226,0.027270841105440688,0.034943924023701514,0.030341340152370076,0.03843770684987111,0.03364586577422302,0.04326885405655216,0.0385815390273101,0.04777181440264803,0.042928333380088265,0.05276416064902915,0.047719719571944264,0.058270641297074995,0.05305892737026294,0.06427162906512449,0.059157108571967786,0.07402000479870126,0.06897508059614181,0.08150080092064808,0.07648739230446494,0.08947156766825237,0.08469709147540491,0.09791783308855154,0.09362763941973096,0.10678914025463379,0.10296406804036555,0.11961693805206305,0.11784733705962691,0.1284908180097831,0.12769522225503177,0.13686084498696674,0.13722579322228218,0.14453862534139392,0.14624256148368525,0.15134089152327454,0.15454669243047162,0.1601817393701753,0.16540693318557087,0.16779022489528203,0.17487181248266725,0.17575938852082418,0.18487806152576478,0.18410716669759455,0.1954567665516326,0.19285042875258193,0.20664077339534787,0.20388443447309113,0.22069351201337678,0.21375168403819056,0.2334013309915568,0.22423044285861782,0.24683996980019984,0.2353355125104176,0.26105283186422906,0.24715233851245927,0.27611290315572323,0.26308395184171657,0.2955838887078125,0.2770471419241902,0.31279946678310006,0.2921441638558737,0.3310143663830341,0.30831383623471903,0.3504204191635662,0.32563211036673934,0.37116248312406713,0.3468621294179814,0.39531782557943973,0.36710197925276083,0.4181293254954239,0.3894577187789319,0.44189378542965463,0.4142966662959773,0.46751421493593087,1,1
43984,2016,2,1,4.502475037227186e-4,1.726206484763823e-4,4.495654381591256e-4,1.7816339255353905e-4,4.6028313498918137e-4,1.8209451738166458e-4,4.811673593638942e-4,1.8833266283528057e-4,5.065242478993232e-4,2.042558158320422e-4,5.264431221433255e-4,2.199529711270606e-4,5.287750325788054e-4,2.3842222127296402e-4,5.43512725353871e-4,2.681976766568664e-4,5.910015937983911e-4,2.862206624396063e-4,6.581185221322244e-4,2.952557346469479e-4,7.255273338797897e-4,3.158324650846062e-4,7.619599427405517e-4,3.4911100675391127e-4,8.37157251220734e-4,3.858683306844893e-4,8.999996177649034e-4,4.1618313169820153e-4,9.547040260366725e-4,4.610638489584697e-4,0.0010509705218696005,4.930424731376555e-4,0.0011197386678435612,5.386771146864307e-4,0.001199534465079387,5.691005035603659e-4,0.001296849559135295,6.134259972183868e-4,0.00140026702848211,6.631173629195902e-4,0.002369331944228319,0.0010089344415058733,0.0024212083886131666,0.001104079515856307,0.0025824296719405143,0.0011941805494051028,0.0028034091011188513,0.00129656093101068,0.003050803150999753,0.0013701823167117245,0.003314886911780398,0.0014740774766788718,0.0035655009502844033,0.0015909611234308754,0.003839849641907863,0.0016900316700027276,0.004017794338584946,0.0018146731426617328,0.004387682945783327,0.001963022884895857,0.004640382017393897,0.002079161859535789,0.004919131675916425,0.0022448539746879833,0.0053405581390094286,0.00243930007093757,0.005650968481904721,0.0026687503882269403,0.0060198763626130095,0.0029023704830978786,0.007595083484019498,0.005749324185303977,0.008198951458859129,0.006227101014848605,0.00887671724549038,0.0067597580291605605,0.00952394926401734,0.007228326949254023,0.010352481979738983,0.007775905885663648,0.011192271785809437,0.009722490201651229,0.012049433564754205,0.011389834865476543,0.012969287081798933,0.011312887268175316,0.013992294091236047,0.011459516092744662,0.016651021281520562,0.01222642800926148,0.01696090472745736,0.013444504136335338,0.018157447747490844,0.01467446335341478,0.01981409167208387,0.01610501677757157,0.021588392086991804,0.017698039778805623,0.02351774705247998,0.01949400311819393,0.02623334811702152,0.022048353328199172,0.028870639836087595,0.024467801001281073,0.03177165731616226,0.027270841105440688,0.034943924023701514,0.030341340152370076,0.03843770684987111,0.03364586577422302,0.04326885405655216,0.0385815390273101,0.04777181440264803,0.042928333380088265,0.05276416064902915,0.047719719571944264,0.058270641297074995,0.05305892737026294,0.06427162906512449,0.059157108571967786,0.07402000479870126,0.06897508059614181,0.08150080092064808,0.07648739230446494,0.08947156766825237,0.08469709147540491,0.09791783308855154,0.09362763941973096,0.10678914025463379,0.10296406804036555,0.11961693805206305,0.11784733705962691,0.1284908180097831,0.12769522225503177,0.13686084498696674,0.13722579322228218,0.14453862534139392,0.14624256148368525,0.15134089152327454,0.15454669243047162,0.1601817393701753,0.16540693318557087,0.16779022489528203,0.17487181248266725,0.17575938852082418,0.18487806152576478,0.18410716669759455,0.1954567665516326,0.19285042875258193,0.20664077339534787,0.20388443447309113,0.22069351201337678,0.21375168403819056,0.2334013309915568,0.22423044285861782,0.24683996980019984,0.2353355125104176,0.26105283186422906,0.24715233851245927,0.27611290315572323,0.26308395184171657,0.2955838887078125,0.2770471419241902,0.31279946678310006,0.2921441638558737,0.3310143663830341,0.30831383623471903,0.3504204191635662,0.32563211036673934,0.37116248312406713,0.3468621294179814,0.39531782557943973,0.36710197925276083,0.4181293254954239,0.3894577187789319,0.44189378542965463,0.4142966662959773,0.46751421493593087,1,1
43985,2016,2,1,4.502475037227186e-4,1.726206484763823e-4,4.495654381591256e-4,1.7816339255353905e-4,4.6028313498918137e-4,1.8209451738166458e-4,4.811673593638942e-4,1.8833266283528057e-4,5.065242478993232e-4,2.042558158320422e-4,5.264431221433255e-4,2.199529711270606e-4,5.287750325788054e-4,2.3842222127296402e-4,5.43512725353871e-4,2.681976766568664e-4,5.910015937983911e-4,2.862206624396063e-4,6.581185221322244e-4,2.952557346469479e-4,7.255273338797897e-4,3.158324650846062e-4,7.619599427405517e-4,3.4911100675391127e-4,8.37157251220734e-4,3.858683306844893e-4,8.999996177649034e-4,4.1618313169820153e-4,9.547040260366725e-4,4.610638489584697e-4,0.0010509705218696005,4.930424731376555e-4,0.0011197386678435612,5.386771146864307e-4,0.001199534465079387,5.691005035603659e-4,0.001296849559135295,6.134259972183868e-4,0.00140026702848211,6.631173629195902e-4,0.002369331944228319,0.0010089344415058733,0.0024212083886131666,0.001104079515856307,0.0025824296719405143,0.0011941805494051028,0.0028034091011188513,0.00129656093101068,0.003050803150999753,0.0013701823167117245,0.003314886911780398,0.0014740774766788718,0.0035655009502844033,0.0015909611234308754,0.003839849641907863,0.0016900316700027276,0.004017794338584946,0.0018146731426617328,0.004387682945783327,0.001963022884895857,0.004640382017393897,0.002079161859535789,0.004919131675916425,0.0022448539746879833,0.0053405581390094286,0.00243930007093757,0.005650968481904721,0.0026687503882269403,0.0060198763626130095,0.0029023704830978786,0.007595083484019498,0.005749324185303977,0.008198951458859129,0.006227101014848605,0.00887671724549038,0.0067597580291605605,0.00952394926401734,0.007228326949254023,0.010352481979738983,0.007775905885663648,0.011192271785809437,0.009722490201651229,0.012049433564754205,0.011389834865476543,0.012969287081798933,0.011312887268175316,0.013992294091236047,0.011459516092744662,0.016651021281520562,0.01222642800926148,0.01696090472745736,0.013444504136335338,0.018157447747490844,0.01467446335341478,0.01981409167208387,0.01610501677757157,0.021588392086991804,0.017698039778805623,0.02351774705247998,0.01949400311819393,0.02623334811702152,0.022048353328199172,0.028870639836087595,0.024467801001281073,0.03177165731616226,0.027270841105440688,0.034943924023701514,0.030341340152370076,0.03843770684987111,0.03364586577422302,0.04326885405655216,0.0385815390273101,0.04777181440264803,0.042928333380088265,0.05276416064902915,0.047719719571944264,0.058270641297074995,0.05305892737026294,0.06427162906512449,0.059157108571967786,0.07402000479870126,0.06897508059614181,0.08150080092064808,0.07648739230446494,0.08947156766825237,0.08469709147540491,0.09791783308855154,0.09362763941973096,0.10678914025463379,0.10296406804036555,0.11961693805206305,0.11784733705962691,0.1284908180097831,0.12769522225503177,0.13686084498696674,0.13722579322228218,0.14453862534139392,0.14624256148368525,0.15134089152327454,0.15454669243047162,0.1601817393701753,0.16540693318557087,0.16779022489528203,0.17487181248266725,0.17575938852082418,0.18487806152576478,0.18410716669759455,0.1954567665516326,0.19285042875258193,0.20664077339534787,0.20388443447309113,0.22069351201337678,0.21375168403819056,0.2334013309915568,0.22423044285861782,0.24683996980019984,0.2353355125104176,0.26105283186422906,0.24715233851245927,0.27611290315572323,0.26308395184171657,0.2955838887078125,0.2770471419241902,0.31279946678310006,0.2921441638558737,0.3310143663830341,0.30831383623471903,0.3504204191635662,0.32563211036673934,0.37116248312406713,0.3468621294179814,0.39531782557943973,0.36710197925276083,0.4181293254954239,0.3894577187789319,0.44189378542965463,0.4142966662959773,0.46751421493593087,1,1
47911,2016,2,1,3.9622401759560106e-4,2.15877585642832e-4,4.1193700271984087e-4,2.30283054825617e-4,4.253363932982271e-4,2.4142036676886723e-4,4.610867079961356e-4,2.6106666169398764e-4,4.8553336883276843e-4,2.898786678266636e-4,5.088316351683119e-4,3.1182632119577925e-4,5.277886569833012e-4,3.422886825966799e-4,5.563408530571388e-4,3.557422023326255e-4,5.944950297383942e-4,3.891679664060183e-4,6.230869930457638e-4,4.24570108281508e-4,6.447274919940143e-4,4.521292638290845e-4,7.04749996561784e-4,4.878884246790346e-4,7.156872580787433e-4,5.295609395741442e-4,7.74621102457135e-4,5.525857409864439e-4,8.254597322355139e-4,6.192025413922105e-4,9.092243347386093e-4,6.606268152318972e-4,9.904448019172466e-4,7.191281033466134e-4,0.0010833923183449212,7.911175930182595e-4,0.0012122636908788549,8.730054311235213e-4,0.0013159211303165157,9.595599176248153e-4,0.0018432935024916917,0.0014253884723113338,0.002014571276613946,0.0015133280419391527,0.0026688202648672416,0.0016040696711239096,0.0028398697283780598,0.0020414195757365097,0.0028957089832685077,0.0025013456166467015,0.0030177167651884774,0.002498108071811889,0.003209394115812688,0.0024317582374511156,0.0034761518055606046,0.0025355411974588137,0.003705895199811863,0.0027277852220439843,0.003945866553483437,0.0029080367588776904,0.004258553215163734,0.003150557096461991,0.0045657666982166,0.0033579662557023412,0.004871718985640913,0.003555333349464835,0.005161679250494274,0.003747711776610595,0.005433016869536934,0.00394473996981325,0.005774990189373338,0.00447280323122638,0.006086938416064225,0.004748456944619713,0.006403472264646202,0.005073580998353331,0.0067300525592625966,0.005461485614498095,0.0071072516137213985,0.005913365320331384,0.00741222124419732,0.006301943246771201,0.007918658197023464,0.006871614767514437,0.008522240830894178,0.0075121357744698004,0.009325555196530654,0.008292613077840367,0.010132443571099633,0.009057609336222008,0.011159099009036198,0.010036429377864605,0.012078661004823866,0.010946275893513083,0.013151275381638164,0.012013157143057732,0.014336599528175873,0.013201528102272066,0.015642119702204593,0.01454109804513643,0.018244841986075802,0.01711360285818567,0.020003696658254033,0.01899165339194404,0.021987970869879074,0.021167327188255633,0.02420764629797443,0.023550435379680077,0.0266968270057036,0.026115512874234227,0.031448521172087206,0.03093425100929842,0.03472375894541508,0.03441978547449403,0.03837538912316984,0.03826130070470428,0.042304426741535346,0.042542088771624124,0.04661152037716498,0.047431386432391656,0.05642434069765993,0.057703367911100534,0.062203315791042886,0.0639879404034456,0.06845808415587816,0.07085608792040488,0.07515786895467673,0.07832743980371532,0.08196662039431489,0.08613779572405167,0.0956485882710345,0.10122267958757854,0.10273557895770204,0.10968133430798631,0.10941332088640708,0.11786783085782394,0.11553000938575096,0.12561293247995348,0.12093841471963745,0.132745280326238,0.12917912090893496,0.1430809245349048,0.1352820846023715,0.1512684821302418,0.14167368512307027,0.15992396079076945,0.14836764727693846,0.1690749476994694,0.1553772799666741,0.1787490300393235,0.1653826634730802,0.19200626303030874,0.17325487941892784,0.20306182661024957,0.18150224005957444,0.2147540174897695,0.1901417974266017,0.22713724977435298,0.1992516918184075,0.24024824362124117,0.2128239384926237,0.25863576223429124,0.22341168764619582,0.2736813591189173,0.23470839159462442,0.2897338498209,0.24707940770769582,0.3067921291158275,0.2605635211666383,0.32502894072927035,0.27842614680037175,0.34771192055932604,0.29541527709300947,0.36654451985709186,0.3143848186614711,0.38737490806906183,0.33531210873081174,0.4097845574520981,1,1
47912,2016,2,1,3.9622401759560106e-4,2.15877585642832e-4,4.1193700271984087e-4,2.30283054825617e-4,4.253363932982271e-4,2.4142036676886723e-4,4.610867079961356e-4,2.6106666169398764e-4,4.8553336883276843e-4,2.898786678266636e-4,5.088316351683119e-4,3.1182632119577925e-4,5.277886569833012e-4,3.422886825966799e-4,5.563408530571388e-4,3.557422023326255e-4,5.944950297383942e-4,3.891679664060183e-4,6.230869930457638e-4,4.24570108281508e-4,6.447274919940143e-4,4.521292638290845e-4,7.04749996561784e-4,4.878884246790346e-4,7.156872580787433e-4,5.295609395741442e-4,7.74621102457135e-4,5.525857409864439e-4,8.254597322355139e-4,6.192025413922105e-4,9.092243347386093e-4,6.606268152318972e-4,9.904448019172466e-4,7.191281033466134e-4,0.0010833923183449212,7.911175930182595e-4,0.0012122636908788549,8.730054311235213e-4,0.0013159211303165157,9.595599176248153e-4,0.0018432935024916917,0.0014253884723113338,0.002014571276613946,0.0015133280419391527,0.0026688202648672416,0.0016040696711239096,0.0028398697283780598,0.0020414195757365097,0.0028957089832685077,0.0025013456166467015,0.0030177167651884774,0.002498108071811889,0.003209394115812688,0.0024317582374511156,0.0034761518055606046,0.0025355411974588137,0.003705895199811863,0.0027277852220439843,0.003945866553483437,0.0029080367588776904,0.004258553215163734,0.003150557096461991,0.0045657666982166,0.0033579662557023412,0.004871718985640913,0.003555333349464835,0.005161679250494274,0.003747711776610595,0.005433016869536934,0.00394473996981325,0.005774990189373338,0.00447280323122638,0.006086938416064225,0.004748456944619713,0.006403472264646202,0.005073580998353331,0.0067300525592625966,0.005461485614498095,0.0071072516137213985,0.005913365320331384,0.00741222124419732,0.006301943246771201,0.007918658197023464,0.006871614767514437,0.008522240830894178,0.0075121357744698004,0.009325555196530654,0.008292613077840367,0.010132443571099633,0.009057609336222008,0.011159099009036198,0.010036429377864605,0.012078661004823866,0.010946275893513083,0.013151275381638164,0.012013157143057732,0.014336599528175873,0.013201528102272066,0.015642119702204593,0.01454109804513643,0.018244841986075802,0.01711360285818567,0.020003696658254033,0.01899165339194404,0.021987970869879074,0.021167327188255633,0.02420764629797443,0.023550435379680077,0.0266968270057036,0.026115512874234227,0.031448521172087206,0.03093425100929842,0.03472375894541508,0.03441978547449403,0.03837538912316984,0.03826130070470428,0.042304426741535346,0.042542088771624124,0.04661152037716498,0.047431386432391656,0.05642434069765993,0.057703367911100534,0.062203315791042886,0.0639879404034456,0.06845808415587816,0.07085608792040488,0.07515786895467673,0.07832743980371532,0.08196662039431489,0.08613779572405167,0.0956485882710345,0.10122267958757854,0.10273557895770204,0.10968133430798631,0.10941332088640708,0.11786783085782394,0.11553000938575096,0.12561293247995348,0.12093841471963745,0.132745280326238,0.12917912090893496,0.1430809245349048,0.1352820846023715,0.1512684821302418,0.14167368512307027,0.15992396079076945,0.14836764727693846,0.1690749476994694,0.1553772799666741,0.1787490300393235,0.1653826634730802,0.19200626303030874,0.17325487941892784,0.20306182661024957,0.18150224005957444,0.2147540174897695,0.1901417974266017,0.22713724977435298,0.1992516918184075,0.24024824362124117,0.2128239384926237,0.25863576223429124,0.22341168764619582,0.2736813591189173,0.23470839159462442,0.2897338498209,0.24707940770769582,0.3067921291158275,0.2605635211666383,0.32502894072927035,0.27842614680037175,0.34771192055932604,0.29541527709300947,0.36654451985709186,0.3143848186614711,0.38737490806906183,0.33531210873081174,0.4097845574520981,1,1
47913,2016,2,1,3.9622401759560106e-4,2.15877585642832e-4,4.1193700271984087e-4,2.30283054825617e-4,4.253363932982271e-4,2.4142036676886723e-4,4.610867079961356e-4,2.6106666169398764e-4,4.8553336883276843e-4,2.898786678266636e-4,5.088316351683119e-4,3.1182632119577925e-4,5.277886569833012e-4,3.422886825966799e-4,5.563408530571388e-4,3.557422023326255e-4,5.944950297383942e-4,3.891679664060183e-4,6.230869930457638e-4,4.24570108281508e-4,6.447274919940143e-4,4.521292638290845e-4,7.04749996561784e-4,4.878884246790346e-4,7.156872580787433e-4,5.295609395741442e-4,7.74621102457135e-4,5.525857409864439e-4,8.254597322355139e-4,6.192025413922105e-4,9.092243347386093e-4,6.606268152318972e-4,9.904448019172466e-4,7.191281033466134e-4,0.0010833923183449212,7.911175930182595e-4,0.0012122636908788549,8.730054311235213e-4,0.0013159211303165157,9.595599176248153e-4,0.0018432935024916917,0.0014253884723113338,0.002014571276613946,0.0015133280419391527,0.0026688202648672416,0.0016040696711239096,0.0028398697283780598,0.0020414195757365097,0.0028957089832685077,0.0025013456166467015,0.0030177167651884774,0.002498108071811889,0.003209394115812688,0.0024317582374511156,0.0034761518055606046,0.0025355411974588137,0.003705895199811863,0.0027277852220439843,0.003945866553483437,0.0029080367588776904,0.004258553215163734,0.003150557096461991,0.0045657666982166,0.0033579662557023412,0.004871718985640913,0.003555333349464835,0.005161679250494274,0.003747711776610595,0.005433016869536934,0.00394473996981325,0.005774990189373338,0.00447280323122638,0.006086938416064225,0.004748456944619713,0.006403472264646202,0.005073580998353331,0.0067300525592625966,0.005461485614498095,0.0071072516137213985,0.005913365320331384,0.00741222124419732,0.006301943246771201,0.007918658197023464,0.006871614767514437,0.008522240830894178,0.0075121357744698004,0.009325555196530654,0.008292613077840367,0.010132443571099633,0.009057609336222008,0.011159099009036198,0.010036429377864605,0.012078661004823866,0.010946275893513083,0.013151275381638164,0.012013157143057732,0.014336599528175873,0.013201528102272066,0.015642119702204593,0.01454109804513643,0.018244841986075802,0.01711360285818567,0.020003696658254033,0.01899165339194404,0.021987970869879074,0.021167327188255633,0.02420764629797443,0.023550435379680077,0.0266968270057036,0.026115512874234227,0.031448521172087206,0.03093425100929842,0.03472375894541508,0.03441978547449403,0.03837538912316984,0.03826130070470428,0.042304426741535346,0.042542088771624124,0.04661152037716498,0.047431386432391656,0.05642434069765993,0.057703367911100534,0.062203315791042886,0.0639879404034456,0.06845808415587816,0.07085608792040488,0.07515786895467673,0.07832743980371532,0.08196662039431489,0.08613779572405167,0.0956485882710345,0.10122267958757854,0.10273557895770204,0.10968133430798631,0.10941332088640708,0.11786783085782394,0.11553000938575096,0.12561293247995348,0.12093841471963745,0.132745280326238,0.12917912090893496,0.1430809245349048,0.1352820846023715,0.1512684821302418,0.14167368512307027,0.15992396079076945,0.14836764727693846,0.1690749476994694,0.1553772799666741,0.1787490300393235,0.1653826634730802,0.19200626303030874,0.17325487941892784,0.20306182661024957,0.18150224005957444,0.2147540174897695,0.1901417974266017,0.22713724977435298,0.1992516918184075,0.24024824362124117,0.2128239384926237,0.25863576223429124,0.22341168764619582,0.2736813591189173,0.23470839159462442,0.2897338498209,0.24707940770769582,0.3067921291158275,0.2605635211666383,0.32502894072927035,0.27842614680037175,0.34771192055932604,0.29541527709300947,0.36654451985709186,0.3143848186614711,0.38737490806906183,0.33531210873081174,0.4097845574520981,1,1
47914,2016,2,1,3.9622401759560106e-4,2.15877585642832e-4,4.1193700271984087e-4,2.30283054825617e-4,4.253363932982271e-4,2.4142036676886723e-4,4.610867079961356e-4,2.6106666169398764e-4,4.8553336883276843e-4,2.898786678266636e-4,5.088316351683119e-4,3.1182632119577925e-4,5.277886569833012e-4,3.422886825966799e-4,5.563408530571388e-4,3.557422023326255e-4,5.944950297383942e-4,3.891679664060183e-4,6.230869930457638e-4,4.24570108281508e-4,6.447274919940143e-4,4.521292638290845e-4,7.04749996561784e-4,4.878884246790346e-4,7.156872580787433e-4,5.295609395741442e-4,7.74621102457135e-4,5.525857409864439e-4,8.254597322355139e-4,6.192025413922105e-4,9.092243347386093e-4,6.606268152318972e-4,9.904448019172466e-4,7.191281033466134e-4,0.0010833923183449212,7.911175930182595e-4,0.0012122636908788549,8.730054311235213e-4,0.0013159211303165157,9.595599176248153e-4,0.0018432935024916917,0.0014253884723113338,0.002014571276613946,0.0015133280419391527,0.0026688202648672416,0.0016040696711239096,0.0028398697283780598,0.0020414195757365097,0.0028957089832685077,0.0025013456166467015,0.0030177167651884774,0.002498108071811889,0.003209394115812688,0.0024317582374511156,0.0034761518055606046,0.0025355411974588137,0.003705895199811863,0.0027277852220439843,0.003945866553483437,0.0029080367588776904,0.004258553215163734,0.003150557096461991,0.0045657666982166,0.0033579662557023412,0.004871718985640913,0.003555333349464835,0.005161679250494274,0.003747711776610595,0.005433016869536934,0.00394473996981325,0.005774990189373338,0.00447280323122638,0.006086938416064225,0.004748456944619713,0.006403472264646202,0.005073580998353331,0.0067300525592625966,0.005461485614498095,0.0071072516137213985,0.005913365320331384,0.00741222124419732,0.006301943246771201,0.007918658197023464,0.006871614767514437,0.008522240830894178,0.0075121357744698004,0.009325555196530654,0.008292613077840367,0.010132443571099633,0.009057609336222008,0.011159099009036198,0.010036429377864605,0.012078661004823866,0.010946275893513083,0.013151275381638164,0.012013157143057732,0.014336599528175873,0.013201528102272066,0.015642119702204593,0.01454109804513643,0.018244841986075802,0.01711360285818567,0.020003696658254033,0.01899165339194404,0.021987970869879074,0.021167327188255633,0.02420764629797443,0.023550435379680077,0.0266968270057036,0.026115512874234227,0.031448521172087206,0.03093425100929842,0.03472375894541508,0.03441978547449403,0.03837538912316984,0.03826130070470428,0.042304426741535346,0.042542088771624124,0.04661152037716498,0.047431386432391656,0.05642434069765993,0.057703367911100534,0.062203315791042886,0.0639879404034456,0.06845808415587816,0.07085608792040488,0.07515786895467673,0.07832743980371532,0.08196662039431489,0.08613779572405167,0.0956485882710345,0.10122267958757854,0.10273557895770204,0.10968133430798631,0.10941332088640708,0.11786783085782394,0.11553000938575096,0.12561293247995348,0.12093841471963745,0.132745280326238,0.12917912090893496,0.1430809245349048,0.1352820846023715,0.1512684821302418,0.14167368512307027,0.15992396079076945,0.14836764727693846,0.1690749476994694,0.1553772799666741,0.1787490300393235,0.1653826634730802,0.19200626303030874,0.17325487941892784,0.20306182661024957,0.18150224005957444,0.2147540174897695,0.1901417974266017,0.22713724977435298,0.1992516918184075,0.24024824362124117,0.2128239384926237,0.25863576223429124,0.22341168764619582,0.2736813591189173,0.23470839159462442,0.2897338498209,0.24707940770769582,0.3067921291158275,0.2605635211666383,0.32502894072927035,0.27842614680037175,0.34771192055932604,0.29541527709300947,0.36654451985709186,0.3143848186614711,0.38737490806906183,0.33531210873081174,0.4097845574520981,1,1
47915,2016,2,1,3.9622401759560106e-4,2.15877585642832e-4,4.1193700271984087e-4,2.30283054825617e-4,4.253363932982271e-4,2.4142036676886723e-4,4.610867079961356e-4,2.6106666169398764e-4,4.8553336883276843e-4,2.898786678266636e-4,5.088316351683119e-4,3.1182632119577925e-4,5.277886569833012e-4,3.422886825966799e-4,5.563408530571388e-4,3.557422023326255e-4,5.944950297383942e-4,3.891679664060183e-4,6.230869930457638e-4,4.24570108281508e-4,6.447274919940143e-4,4.521292638290845e-4,7.04749996561784e-4,4.878884246790346e-4,7.156872580787433e-4,5.295609395741442e-4,7.74621102457135e-4,5.525857409864439e-4,8.254597322355139e-4,6.192025413922105e-4,9.092243347386093e-4,6.606268152318972e-4,9.904448019172466e-4,7.191281033466134e-4,0.0010833923183449212,7.911175930182595e-4,0.0012122636908788549,8.730054311235213e-4,0.0013159211303165157,9.595599176248153e-4,0.0018432935024916917,0.0014253884723113338,0.002014571276613946,0.0015133280419391527,0.0026688202648672416,0.0016040696711239096,0.0028398697283780598,0.0020414195757365097,0.0028957089832685077,0.0025013456166467015,0.0030177167651884774,0.002498108071811889,0.003209394115812688,0.0024317582374511156,0.0034761518055606046,0.0025355411974588137,0.003705895199811863,0.0027277852220439843,0.003945866553483437,0.0029080367588776904,0.004258553215163734,0.003150557096461991,0.0045657666982166,0.0033579662557023412,0.004871718985640913,0.003555333349464835,0.005161679250494274,0.003747711776610595,0.005433016869536934,0.00394473996981325,0.005774990189373338,0.00447280323122638,0.006086938416064225,0.004748456944619713,0.006403472264646202,0.005073580998353331,0.0067300525592625966,0.005461485614498095,0.0071072516137213985,0.005913365320331384,0.00741222124419732,0.006301943246771201,0.007918658197023464,0.006871614767514437,0.008522240830894178,0.0075121357744698004,0.009325555196530654,0.008292613077840367,0.010132443571099633,0.009057609336222008,0.011159099009036198,0.010036429377864605,0.012078661004823866,0.010946275893513083,0.013151275381638164,0.012013157143057732,0.014336599528175873,0.013201528102272066,0.015642119702204593,0.01454109804513643,0.018244841986075802,0.01711360285818567,0.020003696658254033,0.01899165339194404,0.021987970869879074,0.021167327188255633,0.02420764629797443,0.023550435379680077,0.0266968270057036,0.026115512874234227,0.031448521172087206,0.03093425100929842,0.03472375894541508,0.03441978547449403,0.03837538912316984,0.03826130070470428,0.042304426741535346,0.042542088771624124,0.04661152037716498,0.047431386432391656,0.05642434069765993,0.057703367911100534,0.062203315791042886,0.0639879404034456,0.06845808415587816,0.07085608792040488,0.07515786895467673,0.07832743980371532,0.08196662039431489,0.08613779572405167,0.0956485882710345,0.10122267958757854,0.10273557895770204,0.10968133430798631,0.10941332088640708,0.11786783085782394,0.11553000938575096,0.12561293247995348,0.12093841471963745,0.132745280326238,0.12917912090893496,0.1430809245349048,0.1352820846023715,0.1512684821302418,0.14167368512307027,0.15992396079076945,0.14836764727693846,0.1690749476994694,0.1553772799666741,0.1787490300393235,0.1653826634730802,0.19200626303030874,0.17325487941892784,0.20306182661024957,0.18150224005957444,0.2147540174897695,0.1901417974266017,0.22713724977435298,0.1992516918184075,0.24024824362124117,0.2128239384926237,0.25863576223429124,0.22341168764619582,0.2736813591189173,0.23470839159462442,0.2897338498209,0.24707940770769582,0.3067921291158275,0.2605635211666383,0.32502894072927035,0.27842614680037175,0.34771192055932604,0.29541527709300947,0.36654451985709186,0.3143848186614711,0.38737490806906183,0.33531210873081174,0.4097845574520981,1,1
51821,2016,2,1,3.546126065758881e-4,1.7977457491260266e-4,3.80821955999448e-4,1.9203376912098894e-4,3.9745484054452135e-4,2.003996590970047e-4,4.016576615549831e-4,2.2296489025059048e-4,4.06384164984553e-4,2.3189549342252314e-4,4.284840739180356e-4,2.5725679599104584e-4,4.2648517013682536e-4,2.826266776441739e-4,4.5431155798217223e-4,3.091202217307448e-4,4.821548761241234e-4,3.528937571870964e-4,5.118326666049338e-4,3.7607130182101107e-4,5.596950900035472e-4,3.973120641319642e-4,6.122614263134651e-4,4.2358347432488037e-4,6.895286422777384e-4,5.435272637273091e-4,7.421812279026914e-4,5.924420176775514e-4,8.003348679272682e-4,6.068142339563555e-4,8.598417393311102e-4,5.698832374928122e-4,0.001157254046212399,5.937744657364056e-4,0.0011810907428841068,6.344458599398565e-4,0.0011943113377386443,6.785170128828419e-4,0.001186496145059858,7.257188475718014e-4,0.0016730269392239837,0.0011268144933393896,0.0018091273170065662,0.001211879515067663,0.001949547823916318,0.0013071200813706118,0.0020995373835205377,0.0014113456966632,0.0022793557938501356,0.0015201355837838164,0.002594457240747037,0.0017212077875180286,0.0028016878146301092,0.001859851279412667,0.003007819120181441,0.002005582060733073,0.0032076352772742564,0.0021462962117829894,0.003415495586578962,0.002290924985970471,0.003683241153797266,0.002478411940940709,0.003948696279874163,0.0026419752788553927,0.004213657115547706,0.002797843621955587,0.004464497706336265,0.0029497044149511633,0.004699134308539519,0.003105326463470679,0.005064413895713521,0.0036311801162720357,0.005337977036817567,0.003855337935311991,0.005615827219566647,0.004119293566024122,0.005902711580350211,0.004434352577474827,0.006233690824265695,0.004801119948833264,0.006492011199683241,0.005103529366537129,0.006936322868140236,0.005564782304290624,0.007464968569155202,0.006084050132711171,0.008169384151879447,0.006716324920869647,0.008876285107847656,0.007336149907722907,0.009810636715723178,0.008181239571071731,0.010619252986954488,0.008923474312683425,0.011562508172659936,0.009793089273977651,0.012604394191061567,0.010761668867486779,0.013752347493830894,0.01185419921322544,0.016267042335390034,0.014314597148785784,0.017835350853697817,0.015885293242255818,0.019604443567137086,0.017704870688028642,0.021583322496152337,0.019698371126060307,0.02380251623181621,0.021843747979867316,0.02836223528304795,0.02642306687745444,0.031316463557614235,0.029400334550572768,0.03460963747152531,0.032681844979163606,0.03815330238910919,0.03633863713189607,0.04203747851481081,0.04051523856571765,0.05165594166365375,0.05066254283519712,0.05694678133185554,0.05618055596706016,0.06267284911893883,0.06221102952118448,0.06880635617918371,0.0687701309869913,0.07503966824870446,0.07562808604513024,0.08838418507718056,0.09040125198477313,0.09493295925445176,0.09795538893586934,0.10110325718086108,0.10526652362172498,0.10675535184342225,0.11218375947440848,0.1117530387588882,0.11855375030637895,0.11966581472959659,0.12836986600468384,0.12531986635312392,0.13571578528899125,0.13124045606024684,0.14348156937432918,0.13744167396992207,0.1516912245328686,0.14393487045575334,0.16037120665638957,0.15351458577746563,0.17290737996883848,0.16082226941742683,0.18286361390879408,0.16847750932498404,0.19339256891339934,0.1764971353644467,0.20452804973326214,0.18489876018451026,0.21630435104291248,0.19766520151275352,0.23368783163820364,0.2073479076632169,0.24722687921869155,0.21763716915736075,0.2615723120846167,0.22868660514891578,0.2768375054143158,0.24088350538075196,0.2933916714940643,0.25748947351502544,0.3147174361856145,0.27299674299508225,0.3318401528532613,0.2907949342627285,0.34962355870135664,0.310657019210951,0.37011338324130827,1,1
51822,2016,2,1,3.546126065758881e-4,1.7977457491260266e-4,3.80821955999448e-4,1.9203376912098894e-4,3.9745484054452135e-4,2.003996590970047e-4,4.016576615549831e-4,2.2296489025059048e-4,4.06384164984553e-4,2.3189549342252314e-4,4.284840739180356e-4,2.5725679599104584e-4,4.2648517013682536e-4,2.826266776441739e-4,4.5431155798217223e-4,3.091202217307448e-4,4.821548761241234e-4,3.528937571870964e-4,5.118326666049338e-4,3.7607130182101107e-4,5.596950900035472e-4,3.973120641319642e-4,6.122614263134651e-4,4.2358347432488037e-4,6.895286422777384e-4,5.435272637273091e-4,7.421812279026914e-4,5.924420176775514e-4,8.003348679272682e-4,6.068142339563555e-4,8.598417393311102e-4,5.698832374928122e-4,0.001157254046212399,5.937744657364056e-4,0.0011810907428841068,6.344458599398565e-4,0.0011943113377386443,6.785170128828419e-4,0.001186496145059858,7.257188475718014e-4,0.0016730269392239837,0.0011268144933393896,0.0018091273170065662,0.001211879515067663,0.001949547823916318,0.0013071200813706118,0.0020995373835205377,0.0014113456966632,0.0022793557938501356,0.0015201355837838164,0.002594457240747037,0.0017212077875180286,0.0028016878146301092,0.001859851279412667,0.003007819120181441,0.002005582060733073,0.0032076352772742564,0.0021462962117829894,0.003415495586578962,0.002290924985970471,0.003683241153797266,0.002478411940940709,0.003948696279874163,0.0026419752788553927,0.004213657115547706,0.002797843621955587,0.004464497706336265,0.0029497044149511633,0.004699134308539519,0.003105326463470679,0.005064413895713521,0.0036311801162720357,0.005337977036817567,0.003855337935311991,0.005615827219566647,0.004119293566024122,0.005902711580350211,0.004434352577474827,0.006233690824265695,0.004801119948833264,0.006492011199683241,0.005103529366537129,0.006936322868140236,0.005564782304290624,0.007464968569155202,0.006084050132711171,0.008169384151879447,0.006716324920869647,0.008876285107847656,0.007336149907722907,0.009810636715723178,0.008181239571071731,0.010619252986954488,0.008923474312683425,0.011562508172659936,0.009793089273977651,0.012604394191061567,0.010761668867486779,0.013752347493830894,0.01185419921322544,0.016267042335390034,0.014314597148785784,0.017835350853697817,0.015885293242255818,0.019604443567137086,0.017704870688028642,0.021583322496152337,0.019698371126060307,0.02380251623181621,0.021843747979867316,0.02836223528304795,0.02642306687745444,0.031316463557614235,0.029400334550572768,0.03460963747152531,0.032681844979163606,0.03815330238910919,0.03633863713189607,0.04203747851481081,0.04051523856571765,0.05165594166365375,0.05066254283519712,0.05694678133185554,0.05618055596706016,0.06267284911893883,0.06221102952118448,0.06880635617918371,0.0687701309869913,0.07503966824870446,0.07562808604513024,0.08838418507718056,0.09040125198477313,0.09493295925445176,0.09795538893586934,0.10110325718086108,0.10526652362172498,0.10675535184342225,0.11218375947440848,0.1117530387588882,0.11855375030637895,0.11966581472959659,0.12836986600468384,0.12531986635312392,0.13571578528899125,0.13124045606024684,0.14348156937432918,0.13744167396992207,0.1516912245328686,0.14393487045575334,0.16037120665638957,0.15351458577746563,0.17290737996883848,0.16082226941742683,0.18286361390879408,0.16847750932498404,0.19339256891339934,0.1764971353644467,0.20452804973326214,0.18489876018451026,0.21630435104291248,0.19766520151275352,0.23368783163820364,0.2073479076632169,0.24722687921869155,0.21763716915736075,0.2615723120846167,0.22868660514891578,0.2768375054143158,0.24088350538075196,0.2933916714940643,0.25748947351502544,0.3147174361856145,0.27299674299508225,0.3318401528532613,0.2907949342627285,0.34962355870135664,0.310657019210951,0.37011338324130827,1,1
51823,2016,2,1,3.546126065758881e-4,1.7977457491260266e-4,3.80821955999448e-4,1.9203376912098894e-4,3.9745484054452135e-4,2.003996590970047e-4,4.016576615549831e-4,2.2296489025059048e-4,4.06384164984553e-4,2.3189549342252314e-4,4.284840739180356e-4,2.5725679599104584e-4,4.2648517013682536e-4,2.826266776441739e-4,4.5431155798217223e-4,3.091202217307448e-4,4.821548761241234e-4,3.528937571870964e-4,5.118326666049338e-4,3.7607130182101107e-4,5.596950900035472e-4,3.973120641319642e-4,6.122614263134651e-4,4.2358347432488037e-4,6.895286422777384e-4,5.435272637273091e-4,7.421812279026914e-4,5.924420176775514e-4,8.003348679272682e-4,6.068142339563555e-4,8.598417393311102e-4,5.698832374928122e-4,0.001157254046212399,5.937744657364056e-4,0.0011810907428841068,6.344458599398565e-4,0.0011943113377386443,6.785170128828419e-4,0.001186496145059858,7.257188475718014e-4,0.0016730269392239837,0.0011268144933393896,0.0018091273170065662,0.001211879515067663,0.001949547823916318,0.0013071200813706118,0.0020995373835205377,0.0014113456966632,0.0022793557938501356,0.0015201355837838164,0.002594457240747037,0.0017212077875180286,0.0028016878146301092,0.001859851279412667,0.003007819120181441,0.002005582060733073,0.0032076352772742564,0.0021462962117829894,0.003415495586578962,0.002290924985970471,0.003683241153797266,0.002478411940940709,0.003948696279874163,0.0026419752788553927,0.004213657115547706,0.002797843621955587,0.004464497706336265,0.0029497044149511633,0.004699134308539519,0.003105326463470679,0.005064413895713521,0.0036311801162720357,0.005337977036817567,0.003855337935311991,0.005615827219566647,0.004119293566024122,0.005902711580350211,0.004434352577474827,0.006233690824265695,0.004801119948833264,0.006492011199683241,0.005103529366537129,0.006936322868140236,0.005564782304290624,0.007464968569155202,0.006084050132711171,0.008169384151879447,0.006716324920869647,0.008876285107847656,0.007336149907722907,0.009810636715723178,0.008181239571071731,0.010619252986954488,0.008923474312683425,0.011562508172659936,0.009793089273977651,0.012604394191061567,0.010761668867486779,0.013752347493830894,0.01185419921322544,0.016267042335390034,0.014314597148785784,0.017835350853697817,0.015885293242255818,0.019604443567137086,0.017704870688028642,0.021583322496152337,0.019698371126060307,0.02380251623181621,0.021843747979867316,0.02836223528304795,0.02642306687745444,0.031316463557614235,0.029400334550572768,0.03460963747152531,0.032681844979163606,0.03815330238910919,0.03633863713189607,0.04203747851481081,0.04051523856571765,0.05165594166365375,0.05066254283519712,0.05694678133185554,0.05618055596706016,0.06267284911893883,0.06221102952118448,0.06880635617918371,0.0687701309869913,0.07503966824870446,0.07562808604513024,0.08838418507718056,0.09040125198477313,0.09493295925445176,0.09795538893586934,0.10110325718086108,0.10526652362172498,0.10675535184342225,0.11218375947440848,0.1117530387588882,0.11855375030637895,0.11966581472959659,0.12836986600468384,0.12531986635312392,0.13571578528899125,0.13124045606024684,0.14348156937432918,0.13744167396992207,0.1516912245328686,0.14393487045575334,0.16037120665638957,0.15351458577746563,0.17290737996883848,0.16082226941742683,0.18286361390879408,0.16847750932498404,0.19339256891339934,0.1764971353644467,0.20452804973326214,0.18489876018451026,0.21630435104291248,0.19766520151275352,0.23368783163820364,0.2073479076632169,0.24722687921869155,0.21763716915736075,0.2615723120846167,0.22868660514891578,0.2768375054143158,0.24088350538075196,0.2933916714940643,0.25748947351502544,0.3147174361856145,0.27299674299508225,0.3318401528532613,0.2907949342627285,0.34962355870135664,0.310657019210951,0.37011338324130827,1,1
51824,2016,2,1,3.546126065758881e-4,1.7977457491260266e-4,3.80821955999448e-4,1.9203376912098894e-4,3.9745484054452135e-4,2.003996590970047e-4,4.016576615549831e-4,2.2296489025059048e-4,4.06384164984553e-4,2.3189549342252314e-4,4.284840739180356e-4,2.5725679599104584e-4,4.2648517013682536e-4,2.826266776441739e-4,4.5431155798217223e-4,3.091202217307448e-4,4.821548761241234e-4,3.528937571870964e-4,5.118326666049338e-4,3.7607130182101107e-4,5.596950900035472e-4,3.973120641319642e-4,6.122614263134651e-4,4.2358347432488037e-4,6.895286422777384e-4,5.435272637273091e-4,7.421812279026914e-4,5.924420176775514e-4,8.003348679272682e-4,6.068142339563555e-4,8.598417393311102e-4,5.698832374928122e-4,0.001157254046212399,5.937744657364056e-4,0.0011810907428841068,6.344458599398565e-4,0.0011943113377386443,6.785170128828419e-4,0.001186496145059858,7.257188475718014e-4,0.0016730269392239837,0.0011268144933393896,0.0018091273170065662,0.001211879515067663,0.001949547823916318,0.0013071200813706118,0.0020995373835205377,0.0014113456966632,0.0022793557938501356,0.0015201355837838164,0.002594457240747037,0.0017212077875180286,0.0028016878146301092,0.001859851279412667,0.003007819120181441,0.002005582060733073,0.0032076352772742564,0.0021462962117829894,0.003415495586578962,0.002290924985970471,0.003683241153797266,0.002478411940940709,0.003948696279874163,0.0026419752788553927,0.004213657115547706,0.002797843621955587,0.004464497706336265,0.0029497044149511633,0.004699134308539519,0.003105326463470679,0.005064413895713521,0.0036311801162720357,0.005337977036817567,0.003855337935311991,0.005615827219566647,0.004119293566024122,0.005902711580350211,0.004434352577474827,0.006233690824265695,0.004801119948833264,0.006492011199683241,0.005103529366537129,0.006936322868140236,0.005564782304290624,0.007464968569155202,0.006084050132711171,0.008169384151879447,0.006716324920869647,0.008876285107847656,0.007336149907722907,0.009810636715723178,0.008181239571071731,0.010619252986954488,0.008923474312683425,0.011562508172659936,0.009793089273977651,0.012604394191061567,0.010761668867486779,0.013752347493830894,0.01185419921322544,0.016267042335390034,0.014314597148785784,0.017835350853697817,0.015885293242255818,0.019604443567137086,0.017704870688028642,0.021583322496152337,0.019698371126060307,0.02380251623181621,0.021843747979867316,0.02836223528304795,0.02642306687745444,0.031316463557614235,0.029400334550572768,0.03460963747152531,0.032681844979163606,0.03815330238910919,0.03633863713189607,0.04203747851481081,0.04051523856571765,0.05165594166365375,0.05066254283519712,0.05694678133185554,0.05618055596706016,0.06267284911893883,0.06221102952118448,0.06880635617918371,0.0687701309869913,0.07503966824870446,0.07562808604513024,0.08838418507718056,0.09040125198477313,0.09493295925445176,0.09795538893586934,0.10110325718086108,0.10526652362172498,0.10675535184342225,0.11218375947440848,0.1117530387588882,0.11855375030637895,0.11966581472959659,0.12836986600468384,0.12531986635312392,0.13571578528899125,0.13124045606024684,0.14348156937432918,0.13744167396992207,0.1516912245328686,0.14393487045575334,0.16037120665638957,0.15351458577746563,0.17290737996883848,0.16082226941742683,0.18286361390879408,0.16847750932498404,0.19339256891339934,0.1764971353644467,0.20452804973326214,0.18489876018451026,0.21630435104291248,0.19766520151275352,0.23368783163820364,0.2073479076632169,0.24722687921869155,0.21763716915736075,0.2615723120846167,0.22868660514891578,0.2768375054143158,0.24088350538075196,0.2933916714940643,0.25748947351502544,0.3147174361856145,0.27299674299508225,0.3318401528532613,0.2907949342627285,0.34962355870135664,0.310657019210951,0.37011338324130827,1,1
51825,2016,2,1,3.546126065758881e-4,1.7977457491260266e-4,3.80821955999448e-4,1.9203376912098894e-4,3.9745484054452135e-4,2.003996590970047e-4,4.016576615549831e-4,2.2296489025059048e-4,4.06384164984553e-4,2.3189549342252314e-4,4.284840739180356e-4,2.5725679599104584e-4,4.2648517013682536e-4,2.826266776441739e-4,4.5431155798217223e-4,3.091202217307448e-4,4.821548761241234e-4,3.528937571870964e-4,5.118326666049338e-4,3.7607130182101107e-4,5.596950900035472e-4,3.973120641319642e-4,6.122614263134651e-4,4.2358347432488037e-4,6.895286422777384e-4,5.435272637273091e-4,7.421812279026914e-4,5.924420176775514e-4,8.003348679272682e-4,6.068142339563555e-4,8.598417393311102e-4,5.698832374928122e-4,0.001157254046212399,5.937744657364056e-4,0.0011810907428841068,6.344458599398565e-4,0.0011943113377386443,6.785170128828419e-4,0.001186496145059858,7.257188475718014e-4,0.0016730269392239837,0.0011268144933393896,0.0018091273170065662,0.001211879515067663,0.001949547823916318,0.0013071200813706118,0.0020995373835205377,0.0014113456966632,0.0022793557938501356,0.0015201355837838164,0.002594457240747037,0.0017212077875180286,0.0028016878146301092,0.001859851279412667,0.003007819120181441,0.002005582060733073,0.0032076352772742564,0.0021462962117829894,0.003415495586578962,0.002290924985970471,0.003683241153797266,0.002478411940940709,0.003948696279874163,0.0026419752788553927,0.004213657115547706,0.002797843621955587,0.004464497706336265,0.0029497044149511633,0.004699134308539519,0.003105326463470679,0.005064413895713521,0.0036311801162720357,0.005337977036817567,0.003855337935311991,0.005615827219566647,0.004119293566024122,0.005902711580350211,0.004434352577474827,0.006233690824265695,0.004801119948833264,0.006492011199683241,0.005103529366537129,0.006936322868140236,0.005564782304290624,0.007464968569155202,0.006084050132711171,0.008169384151879447,0.006716324920869647,0.008876285107847656,0.007336149907722907,0.009810636715723178,0.008181239571071731,0.010619252986954488,0.008923474312683425,0.011562508172659936,0.009793089273977651,0.012604394191061567,0.010761668867486779,0.013752347493830894,0.01185419921322544,0.016267042335390034,0.014314597148785784,0.017835350853697817,0.015885293242255818,0.019604443567137086,0.017704870688028642,0.021583322496152337,0.019698371126060307,0.02380251623181621,0.021843747979867316,0.02836223528304795,0.02642306687745444,0.031316463557614235,0.029400334550572768,0.03460963747152531,0.032681844979163606,0.03815330238910919,0.03633863713189607,0.04203747851481081,0.04051523856571765,0.05165594166365375,0.05066254283519712,0.05694678133185554,0.05618055596706016,0.06267284911893883,0.06221102952118448,0.06880635617918371,0.0687701309869913,0.07503966824870446,0.07562808604513024,0.08838418507718056,0.09040125198477313,0.09493295925445176,0.09795538893586934,0.10110325718086108,0.10526652362172498,0.10675535184342225,0.11218375947440848,0.1117530387588882,0.11855375030637895,0.11966581472959659,0.12836986600468384,0.12531986635312392,0.13571578528899125,0.13124045606024684,0.14348156937432918,0.13744167396992207,0.1516912245328686,0.14393487045575334,0.16037120665638957,0.15351458577746563,0.17290737996883848,0.16082226941742683,0.18286361390879408,0.16847750932498404,0.19339256891339934,0.1764971353644467,0.20452804973326214,0.18489876018451026,0.21630435104291248,0.19766520151275352,0.23368783163820364,0.2073479076632169,0.24722687921869155,0.21763716915736075,0.2615723120846167,0.22868660514891578,0.2768375054143158,0.24088350538075196,0.2933916714940643,0.25748947351502544,0.3147174361856145,0.27299674299508225,0.3318401528532613,0.2907949342627285,0.34962355870135664,0.310657019210951,0.37011338324130827,1,1
55291,2016,0,1,0.007527985365960865,,0.007417927218635855,,0.007744262463531411,,0.008286349514991711,,0.009426148134232539,,0.010037561523876781,,0.010731325311182257,,0.011640070613439751,,0.012099767141104681,,0.012571139954271377,,0.013501672335923405,,0.014737323463775888,,0.015743428538040824,,0.0165657234080142,,0.016191392855894965,,0.01601928410031817,,0.017110081044210926,,0.018561417525379573,,0.020223755256459492,,0.021787314206694667,,0.01819450742624958,,0.0195883773047712,,0.02094360100301255,,0.022691794174616614,,0.02385432257655791,,0.025348367193973965,,0.027153331830644084,,0.02890084767409728,,0.030675709459119446,,0.032707158597879676,,0.03524178315827608,,0.03807505651192727,,0.041160267231776765,,0.044585297359032765,,0.047309582386784656,,0.040226828533388055,,0.042919532300641355,,0.04528560727945154,,0.0562602582439743,,0.05841038548159171,,0.05809199064435758,,0.05792491023034415,,0.06102976677222475,,0.06655335079340635,,0.07196169152280481,,0.07815508267333189,,0.0845959283636764,,0.09210822367659424,,0.10040770646732111,,0.10955268691939836,,0.12308793827394736,,0.1349540606246236,,0.1483411069293381,,0.16331467614457512,,0.18010800900450025,,0.2057839264905663,,0.22721777812399488,,0.2511128054210671,,0.2768227371808656,,0.3050059925592121,,0.3547445791200319,,0.3910766826482899,,0.4303996126740259,,0.4725238611007303,,0.5153308245930653,,0.586612594381454,,0.6300779770296107,,0.6710311626035252,,0.7085440473484966,,0.7417152530106144,,0.7870028288944398,,0.8241852892660102,,0.8631243439167653,,0.9039074581220173,,0.9466123787931552,,0.9999999999999998,,0.9999999999999998,,1,,1,,1,,1,,1,,0.9999999999999994,,1,,1,,0.9999999999999997,,1,,0.9999999999999999,,0.9999999999999999,,1,1
55292,2016,0,1,0.007527985365960865,,0.007417927218635855,,0.007744262463531411,,0.008286349514991711,,0.009426148134232539,,0.010037561523876781,,0.010731325311182257,,0.011640070613439751,,0.012099767141104681,,0.012571139954271377,,0.013501672335923405,,0.014737323463775888,,0.015743428538040824,,0.0165657234080142,,0.016191392855894965,,0.01601928410031817,,0.017110081044210926,,0.018561417525379573,,0.020223755256459492,,0.021787314206694667,,0.01819450742624958,,0.0195883773047712,,0.02094360100301255,,0.022691794174616614,,0.02385432257655791,,0.025348367193973965,,0.027153331830644084,,0.02890084767409728,,0.030675709459119446,,0.032707158597879676,,0.03524178315827608,,0.03807505651192727,,0.041160267231776765,,0.044585297359032765,,0.047309582386784656,,0.040226828533388055,,0.042919532300641355,,0.04528560727945154,,0.0562602582439743,,0.05841038548159171,,0.05809199064435758,,0.05792491023034415,,0.06102976677222475,,0.06655335079340635,,0.07196169152280481,,0.07815508267333189,,0.0845959283636764,,0.09210822367659424,,0.10040770646732111,,0.10955268691939836,,0.12308793827394736,,0.1349540606246236,,0.1483411069293381,,0.16331467614457512,,0.18010800900450025,,0.2057839264905663,,0.22721777812399488,,0.2511128054210671,,0.2768227371808656,,0.3050059925592121,,0.3547445791200319,,0.3910766826482899,,0.4303996126740259,,0.4725238611007303,,0.5153308245930653,,0.586612594381454,,0.6300779770296107,,0.6710311626035252,,0.7085440473484966,,0.7417152530106144,,0.7870028288944398,,0.8241852892660102,,0.8631243439167653,,0.9039074581220173,,0.9466123787931552,,0.9999999999999998,,0.9999999999999998,,1,,1,,1,,1,,1,,0.9999999999999994,,1,,1,,0.9999999999999997,,1,,0.9999999999999999,,0.9999999999999999,,1,1
55293,2016,0,1,0.007527985365960865,,0.007417927218635855,,0.007744262463531411,,0.008286349514991711,,0.009426148134232539,,0.010037561523876781,,0.010731325311182257,,0.011640070613439751,,0.012099767141104681,,0.012571139954271377,,0.013501672335923405,,0.014737323463775888,,0.015743428538040824,,0.0165657234080142,,0.016191392855894965,,0.01601928410031817,,0.017110081044210926,,0.018561417525379573,,0.020223755256459492,,0.021787314206694667,,0.01819450742624958,,0.0195883773047712,,0.02094360100301255,,0.022691794174616614,,0.02385432257655791,,0.025348367193973965,,0.027153331830644084,,0.02890084767409728,,0.030675709459119446,,0.032707158597879676,,0.03524178315827608,,0.03807505651192727,,0.041160267231776765,,0.044585297359032765,,0.047309582386784656,,0.040226828533388055,,0.042919532300641355,,0.04528560727945154,,0.0562602582439743,,0.05841038548159171,,0.05809199064435758,,0.05792491023034415,,0.06102976677222475,,0.06655335079340635,,0.07196169152280481,,0.07815508267333189,,0.0845959283636764,,0.09210822367659424,,0.10040770646732111,,0.10955268691939836,,0.12308793827394736,,0.1349540606246236,,0.1483411069293381,,0.16331467614457512,,0.18010800900450025,,0.2057839264905663,,0.22721777812399488,,0.2511128054210671,,0.2768227371808656,,0.3050059925592121,,0.3547445791200319,,0.3910766826482899,,0.4303996126740259,,0.4725238611007303,,0.5153308245930653,,0.586612594381454,,0.6300779770296107,,0.6710311626035252,,0.7085440473484966,,0.7417152530106144,,0.7870028288944398,,0.8241852892660102,,0.8631243439167653,,0.9039074581220173,,0.9466123787931552,,0.9999999999999998,,0.9999999999999998,,1,,1,,1,,1,,1,,0.9999999999999994,,1,,1,,0.9999999999999997,,1,,0.9999999999999999,,0.9999999999999999,,1,1
55294,2016,0,1,0.007527985365960865,,0.007417927218635855,,0.007744262463531411,,0.008286349514991711,,0.009426148134232539,,0.010037561523876781,,0.010731325311182257,,0.011640070613439751,,0.012099767141104681,,0.012571139954271377,,0.013501672335923405,,0.014737323463775888,,0.015743428538040824,,0.0165657234080142,,0.016191392855894965,,0.01601928410031817,,0.017110081044210926,,0.018561417525379573,,0.020223755256459492,,0.021787314206694667,,0.01819450742624958,,0.0195883773047712,,0.02094360100301255,,0.022691794174616614,,0.02385432257655791,,0.025348367193973965,,0.027153331830644084,,0.02890084767409728,,0.030675709459119446,,0.032707158597879676,,0.03524178315827608,,0.03807505651192727,,0.041160267231776765,,0.044585297359032765,,0.047309582386784656,,0.040226828533388055,,0.042919532300641355,,0.04528560727945154,,0.0562602582439743,,0.05841038548159171,,0.05809199064435758,,0.05792491023034415,,0.06102976677222475,,0.06655335079340635,,0.07196169152280481,,0.07815508267333189,,0.0845959283636764,,0.09210822367659424,,0.10040770646732111,,0.10955268691939836,,0.12308793827394736,,0.1349540606246236,,0.1483411069293381,,0.16331467614457512,,0.18010800900450025,,0.2057839264905663,,0.22721777812399488,,0.2511128054210671,,0.2768227371808656,,0.3050059925592121,,0.3547445791200319,,0.3910766826482899,,0.4303996126740259,,0.4725238611007303,,0.5153308245930653,,0.586612594381454,,0.6300779770296107,,0.6710311626035252,,0.7085440473484966,,0.7417152530106144,,0.7870028288944398,,0.8241852892660102,,0.8631243439167653,,0.9039074581220173,,0.9466123787931552,,0.9999999999999998,,0.9999999999999998,,1,,1,,1,,1,,1,,0.9999999999999994,,1,,1,,0.9999999999999997,,1,,0.9999999999999999,,0.9999999999999999,,1,1
55295,2016,0,1,0.007527985365960865,,0.007417927218635855,,0.007744262463531411,,0.008286349514991711,,0.009426148134232539,,0.010037561523876781,,0.010731325311182257,,0.011640070613439751,,0.012099767141104681,,0.012571139954271377,,0.013501672335923405,,0.014737323463775888,,0.015743428538040824,,0.0165657234080142,,0.016191392855894965,,0.01601928410031817,,0.017110081044210926,,0.018561417525379573,,0.020223755256459492,,0.021787314206694667,,0.01819450742624958,,0.0195883773047712,,0.02094360100301255,,0.022691794174616614,,0.02385432257655791,,0.025348367193973965,,0.027153331830644084,,0.02890084767409728,,0.030675709459119446,,0.032707158597879676,,0.03524178315827608,,0.03807505651192727,,0.041160267231776765,,0.044585297359032765,,0.047309582386784656,,0.040226828533388055,,0.042919532300641355,,0.04528560727945154,,0.0562602582439743,,0.05841038548159171,,0.05809199064435758,,0.05792491023034415,,0.06102976677222475,,0.06655335079340635,,0.07196169152280481,,0.07815508267333189,,0.0845959283636764,,0.09210822367659424,,0.10040770646732111,,0.10955268691939836,,0.12308793827394736,,0.1349540606246236,,0.1483411069293381,,0.16331467614457512,,0.18010800900450025,,0.2057839264905663,,0.22721777812399488,,0.2511128054210671,,0.2768227371808656,,0.3050059925592121,,0.3547445791200319,,0.3910766826482899,,0.4303996126740259,,0.4725238611007303,,0.5153308245930653,,0.586612594381454,,0.6300779770296107,,0.6710311626035252,,0.7085440473484966,,0.7417152530106144,,0.7870028288944398,,0.8241852892660102,,0.8631243439167653,,0.9039074581220173,,0.9466123787931552,,0.9999999999999998,,0.9999999999999998,,1,,1,,1,,1,,1,,0.9999999999999994,,1,,1,,0.9999999999999997,,1,,0.9999999999999999,,0.9999999999999999,,1,1
61171,2016,2,1,5.04979043269972e-4,2.3995451115825736e-4,5.064455454636685e-4,2.598466861932446e-4,5.254897557526882e-4,2.868426175750696e-4,5.487302633331464e-4,3.1242355316350376e-4,5.624985004541528e-4,3.3090901664638837e-4,5.681857734185221e-4,3.5969700100458045e-4,5.797445271181913e-4,3.821005970851811e-4,6.24539594031445e-4,4.073527547679446e-4,6.972893963517466e-4,4.4326935075469714e-4,7.675716760754891e-4,4.7173875174450153e-4,8.163902146982201e-4,5.28286758311237e-4,8.904036487728603e-4,5.617606320866484e-4,9.496620395990186e-4,6.272356520085422e-4,0.0010019870779962182,6.55065084798631e-4,0.0010918568754348203,6.854035719295264e-4,0.0011820985744275332,7.378115829369029e-4,0.0012665622140960414,8.190641434029788e-4,0.0013570135600327793,8.875657552653413e-4,0.001465520015780212,9.77117618248001e-4,0.0015077336282488488,0.0010777792354759745,0.002812745341376875,0.0014487993022158207,0.002982126088518952,0.0015307851498686236,0.0032063205614977484,0.0016878528667551094,0.0034935871993470504,0.0017842280497436065,0.003788365302361529,0.0018829307390746458,0.004129538263877699,0.002020404223012237,0.004443081424384761,0.002181597457871341,0.004633842570496627,0.0023114314141172328,0.005040514249226928,0.002498403412017369,0.005359808610990749,0.002714587891069582,0.005712579265306544,0.002923557671416203,0.006180521478802095,0.003220241094930125,0.006523731074436797,0.0034844892702888593,0.0069156490084891446,0.0037801003745059083,0.007448543782139611,0.004082663915020027,0.009104969029415117,0.0060726816361425665,0.009865759952648623,0.006428864511820196,0.010558624763307215,0.008082367039712686,0.0114538341076242,0.009403168353361437,0.012311185715464933,0.009370137702370223,0.013298710923748135,0.009089391934841875,0.014270692131542508,0.009619867723252965,0.01535724767715236,0.010480100021279411,0.018378474128914978,0.01154657766791378,0.01834864903421201,0.01261123202964366,0.01969602805725355,0.013859914731496817,0.021524475837445687,0.015117008747600027,0.023504904175153767,0.016590390446235153,0.025602529240556365,0.018230676223587105,0.02789429973782994,0.020081623703289534,0.031187379346987773,0.022872734982205874,0.03432193305430845,0.02538192214313987,0.03777166846692593,0.028289928788048906,0.04154204393447951,0.03147548378857695,0.04569607008417585,0.034903581045817096,0.0515355399287604,0.040253263089482516,0.05689158349870549,0.044789053333562485,0.06284465013160788,0.04978742417034079,0.06939600798792989,0.05535839476781057,0.07652484053510697,0.06172075324413992,0.0883842680939339,0.07250575725201086,0.09731278981469174,0.08040275810006244,0.10684229686934425,0.08903238658952274,0.11691982456540634,0.09842027218566288,0.12751275137430557,0.10823448205777636,0.14305159164679335,0.12445730846548902,0.15366399085504823,0.13485724538538413,0.16367382098984512,0.14492274903893634,0.1728557936372701,0.15444565815943173,0.1809907274234238,0.1632153110445196,0.19164508111996625,0.1749023472081523,0.20074805379905708,0.18491096595098092,0.21028255167875454,0.19549155934559198,0.22027000491765317,0.2066772581641651,0.2303819015154592,0.21850369361451638,0.24403373977012974,0.23360007376811767,0.25586707218599386,0.2470534225494813,0.26833019300878225,0.26131050903881536,0.2815658620144775,0.27638899919272913,0.2956096896053133,0.29239564057772827,0.3148821863487792,0.31342977418305196,0.33138312809268644,0.3317896240560395,0.34896877385601105,0.3512289146519739,0.3679318246653597,0.37183367386509253,0.3881267528386659,0.3939276787592276,0.41326482303544,0.4200622505558404,0.4371352653275907,0.4448615731278957,0.4640507812017841,0.47051534395663613,0.4946990028129858,0.49829121187300074,1,1
61172,2016,2,1,5.04979043269972e-4,2.3995451115825736e-4,5.064455454636685e-4,2.598466861932446e-4,5.254897557526882e-4,2.868426175750696e-4,5.487302633331464e-4,3.1242355316350376e-4,5.624985004541528e-4,3.3090901664638837e-4,5.681857734185221e-4,3.5969700100458045e-4,5.797445271181913e-4,3.821005970851811e-4,6.24539594031445e-4,4.073527547679446e-4,6.972893963517466e-4,4.4326935075469714e-4,7.675716760754891e-4,4.7173875174450153e-4,8.163902146982201e-4,5.28286758311237e-4,8.904036487728603e-4,5.617606320866484e-4,9.496620395990186e-4,6.272356520085422e-4,0.0010019870779962182,6.55065084798631e-4,0.0010918568754348203,6.854035719295264e-4,0.0011820985744275332,7.378115829369029e-4,0.0012665622140960414,8.190641434029788e-4,0.0013570135600327793,8.875657552653413e-4,0.001465520015780212,9.77117618248001e-4,0.0015077336282488488,0.0010777792354759745,0.002812745341376875,0.0014487993022158207,0.002982126088518952,0.0015307851498686236,0.0032063205614977484,0.0016878528667551094,0.0034935871993470504,0.0017842280497436065,0.003788365302361529,0.0018829307390746458,0.004129538263877699,0.002020404223012237,0.004443081424384761,0.002181597457871341,0.004633842570496627,0.0023114314141172328,0.005040514249226928,0.002498403412017369,0.005359808610990749,0.002714587891069582,0.005712579265306544,0.002923557671416203,0.006180521478802095,0.003220241094930125,0.006523731074436797,0.0034844892702888593,0.0069156490084891446,0.0037801003745059083,0.007448543782139611,0.004082663915020027,0.009104969029415117,0.0060726816361425665,0.009865759952648623,0.006428864511820196,0.010558624763307215,0.008082367039712686,0.0114538341076242,0.009403168353361437,0.012311185715464933,0.009370137702370223,0.013298710923748135,0.009089391934841875,0.014270692131542508,0.009619867723252965,0.01535724767715236,0.010480100021279411,0.018378474128914978,0.01154657766791378,0.01834864903421201,0.01261123202964366,0.01969602805725355,0.013859914731496817,0.021524475837445687,0.015117008747600027,0.023504904175153767,0.016590390446235153,0.025602529240556365,0.018230676223587105,0.02789429973782994,0.020081623703289534,0.031187379346987773,0.022872734982205874,0.03432193305430845,0.02538192214313987,0.03777166846692593,0.028289928788048906,0.04154204393447951,0.03147548378857695,0.04569607008417585,0.034903581045817096,0.0515355399287604,0.040253263089482516,0.05689158349870549,0.044789053333562485,0.06284465013160788,0.04978742417034079,0.06939600798792989,0.05535839476781057,0.07652484053510697,0.06172075324413992,0.0883842680939339,0.07250575725201086,0.09731278981469174,0.08040275810006244,0.10684229686934425,0.08903238658952274,0.11691982456540634,0.09842027218566288,0.12751275137430557,0.10823448205777636,0.14305159164679335,0.12445730846548902,0.15366399085504823,0.13485724538538413,0.16367382098984512,0.14492274903893634,0.1728557936372701,0.15444565815943173,0.1809907274234238,0.1632153110445196,0.19164508111996625,0.1749023472081523,0.20074805379905708,0.18491096595098092,0.21028255167875454,0.19549155934559198,0.22027000491765317,0.2066772581641651,0.2303819015154592,0.21850369361451638,0.24403373977012974,0.23360007376811767,0.25586707218599386,0.2470534225494813,0.26833019300878225,0.26131050903881536,0.2815658620144775,0.27638899919272913,0.2956096896053133,0.29239564057772827,0.3148821863487792,0.31342977418305196,0.33138312809268644,0.3317896240560395,0.34896877385601105,0.3512289146519739,0.3679318246653597,0.37183367386509253,0.3881267528386659,0.3939276787592276,0.41326482303544,0.4200622505558404,0.4371352653275907,0.4448615731278957,0.4640507812017841,0.47051534395663613,0.4946990028129858,0.49829121187300074,1,1
61173,2016,2,1,5.04979043269972e-4,2.3995451115825736e-4,5.064455454636685e-4,2.598466861932446e-4,5.254897557526882e-4,2.868426175750696e-4,5.487302633331464e-4,3.1242355316350376e-4,5.624985004541528e-4,3.3090901664638837e-4,5.681857734185221e-4,3.5969700100458045e-4,5.797445271181913e-4,3.821005970851811e-4,6.24539594031445e-4,4.073527547679446e-4,6.972893963517466e-4,4.4326935075469714e-4,7.675716760754891e-4,4.7173875174450153e-4,8.163902146982201e-4,5.28286758311237e-4,8.904036487728603e-4,5.617606320866484e-4,9.496620395990186e-4,6.272356520085422e-4,0.0010019870779962182,6.55065084798631e-4,0.0010918568754348203,6.854035719295264e-4,0.0011820985744275332,7.378115829369029e-4,0.0012665622140960414,8.190641434029788e-4,0.0013570135600327793,8.875657552653413e-4,0.001465520015780212,9.77117618248001e-4,0.0015077336282488488,0.0010777792354759745,0.002812745341376875,0.0014487993022158207,0.002982126088518952,0.0015307851498686236,0.0032063205614977484,0.0016878528667551094,0.0034935871993470504,0.0017842280497436065,0.003788365302361529,0.0018829307390746458,0.004129538263877699,0.002020404223012237,0.004443081424384761,0.002181597457871341,0.004633842570496627,0.0023114314141172328,0.005040514249226928,0.002498403412017369,0.005359808610990749,0.002714587891069582,0.005712579265306544,0.002923557671416203,0.006180521478802095,0.003220241094930125,0.006523731074436797,0.0034844892702888593,0.0069156490084891446,0.0037801003745059083,0.007448543782139611,0.004082663915020027,0.009104969029415117,0.0060726816361425665,0.009865759952648623,0.006428864511820196,0.010558624763307215,0.008082367039712686,0.0114538341076242,0.009403168353361437,0.012311185715464933,0.009370137702370223,0.013298710923748135,0.009089391934841875,0.014270692131542508,0.009619867723252965,0.01535724767715236,0.010480100021279411,0.018378474128914978,0.01154657766791378,0.01834864903421201,0.01261123202964366,0.01969602805725355,0.013859914731496817,0.021524475837445687,0.015117008747600027,0.023504904175153767,0.016590390446235153,0.025602529240556365,0.018230676223587105,0.02789429973782994,0.020081623703289534,0.031187379346987773,0.022872734982205874,0.03432193305430845,0.02538192214313987,0.03777166846692593,0.028289928788048906,0.04154204393447951,0.03147548378857695,0.04569607008417585,0.034903581045817096,0.0515355399287604,0.040253263089482516,0.05689158349870549,0.044789053333562485,0.06284465013160788,0.04978742417034079,0.06939600798792989,0.05535839476781057,0.07652484053510697,0.06172075324413992,0.0883842680939339,0.07250575725201086,0.09731278981469174,0.08040275810006244,0.10684229686934425,0.08903238658952274,0.11691982456540634,0.09842027218566288,0.12751275137430557,0.10823448205777636,0.14305159164679335,0.12445730846548902,0.15366399085504823,0.13485724538538413,0.16367382098984512,0.14492274903893634,0.1728557936372701,0.15444565815943173,0.1809907274234238,0.1632153110445196,0.19164508111996625,0.1749023472081523,0.20074805379905708,0.18491096595098092,0.21028255167875454,0.19549155934559198,0.22027000491765317,0.2066772581641651,0.2303819015154592,0.21850369361451638,0.24403373977012974,0.23360007376811767,0.25586707218599386,0.2470534225494813,0.26833019300878225,0.26131050903881536,0.2815658620144775,0.27638899919272913,0.2956096896053133,0.29239564057772827,0.3148821863487792,0.31342977418305196,0.33138312809268644,0.3317896240560395,0.34896877385601105,0.3512289146519739,0.3679318246653597,0.37183367386509253,0.3881267528386659,0.3939276787592276,0.41326482303544,0.4200622505558404,0.4371352653275907,0.4448615731278957,0.4640507812017841,0.47051534395663613,0.4946990028129858,0.49829121187300074,1,1
61174,2016,2,1,5.04979043269972e-4,2.3995451115825736e-4,5.064455454636685e-4,2.598466861932446e-4,5.254897557526882e-4,2.868426175750696e-4,5.487302633331464e-4,3.1242355316350376e-4,5.624985004541528e-4,3.3090901664638837e-4,5.681857734185221e-4,3.5969700100458045e-4,5.797445271181913e-4,3.821005970851811e-4,6.24539594031445e-4,4.073527547679446e-4,6.972893963517466e-4,4.4326935075469714e-4,7.675716760754891e-4,4.7173875174450153e-4,8.163902146982201e-4,5.28286758311237e-4,8.904036487728603e-4,5.617606320866484e-4,9.496620395990186e-4,6.272356520085422e-4,0.0010019870779962182,6.55065084798631e-4,0.0010918568754348203,6.854035719295264e-4,0.0011820985744275332,7.378115829369029e-4,0.0012665622140960414,8.190641434029788e-4,0.0013570135600327793,8.875657552653413e-4,0.001465520015780212,9.77117618248001e-4,0.0015077336282488488,0.0010777792354759745,0.002812745341376875,0.0014487993022158207,0.002982126088518952,0.0015307851498686236,0.0032063205614977484,0.0016878528667551094,0.0034935871993470504,0.0017842280497436065,0.003788365302361529,0.0018829307390746458,0.004129538263877699,0.002020404223012237,0.004443081424384761,0.002181597457871341,0.004633842570496627,0.0023114314141172328,0.005040514249226928,0.002498403412017369,0.005359808610990749,0.002714587891069582,0.005712579265306544,0.002923557671416203,0.006180521478802095,0.003220241094930125,0.006523731074436797,0.0034844892702888593,0.0069156490084891446,0.0037801003745059083,0.007448543782139611,0.004082663915020027,0.009104969029415117,0.0060726816361425665,0.009865759952648623,0.006428864511820196,0.010558624763307215,0.008082367039712686,0.0114538341076242,0.009403168353361437,0.012311185715464933,0.009370137702370223,0.013298710923748135,0.009089391934841875,0.014270692131542508,0.009619867723252965,0.01535724767715236,0.010480100021279411,0.018378474128914978,0.01154657766791378,0.01834864903421201,0.01261123202964366,0.01969602805725355,0.013859914731496817,0.021524475837445687,0.015117008747600027,0.023504904175153767,0.016590390446235153,0.025602529240556365,0.018230676223587105,0.02789429973782994,0.020081623703289534,0.031187379346987773,0.022872734982205874,0.03432193305430845,0.02538192214313987,0.03777166846692593,0.028289928788048906,0.04154204393447951,0.03147548378857695,0.04569607008417585,0.034903581045817096,0.0515355399287604,0.040253263089482516,0.05689158349870549,0.044789053333562485,0.06284465013160788,0.04978742417034079,0.06939600798792989,0.05535839476781057,0.07652484053510697,0.06172075324413992,0.0883842680939339,0.07250575725201086,0.09731278981469174,0.08040275810006244,0.10684229686934425,0.08903238658952274,0.11691982456540634,0.09842027218566288,0.12751275137430557,0.10823448205777636,0.14305159164679335,0.12445730846548902,0.15366399085504823,0.13485724538538413,0.16367382098984512,0.14492274903893634,0.1728557936372701,0.15444565815943173,0.1809907274234238,0.1632153110445196,0.19164508111996625,0.1749023472081523,0.20074805379905708,0.18491096595098092,0.21028255167875454,0.19549155934559198,0.22027000491765317,0.2066772581641651,0.2303819015154592,0.21850369361451638,0.24403373977012974,0.23360007376811767,0.25586707218599386,0.2470534225494813,0.26833019300878225,0.26131050903881536,0.2815658620144775,0.27638899919272913,0.2956096896053133,0.29239564057772827,0.3148821863487792,0.31342977418305196,0.33138312809268644,0.3317896240560395,0.34896877385601105,0.3512289146519739,0.3679318246653597,0.37183367386509253,0.3881267528386659,0.3939276787592276,0.41326482303544,0.4200622505558404,0.4371352653275907,0.4448615731278957,0.4640507812017841,0.47051534395663613,0.4946990028129858,0.49829121187300074,1,1
61175,2016,2,1,5.04979043269972e-4,2.3995451115825736e-4,5.064455454636685e-4,2.598466861932446e-4,5.254897557526882e-4,2.868426175750696e-4,5.487302633331464e-4,3.1242355316350376e-4,5.624985004541528e-4,3.3090901664638837e-4,5.681857734185221e-4,3.5969700100458045e-4,5.797445271181913e-4,3.821005970851811e-4,6.24539594031445e-4,4.073527547679446e-4,6.972893963517466e-4,4.4326935075469714e-4,7.675716760754891e-4,4.7173875174450153e-4,8.163902146982201e-4,5.28286758311237e-4,8.904036487728603e-4,5.617606320866484e-4,9.496620395990186e-4,6.272356520085422e-4,0.0010019870779962182,6.55065084798631e-4,0.0010918568754348203,6.854035719295264e-4,0.0011820985744275332,7.378115829369029e-4,0.0012665622140960414,8.190641434029788e-4,0.0013570135600327793,8.875657552653413e-4,0.001465520015780212,9.77117618248001e-4,0.0015077336282488488,0.0010777792354759745,0.002812745341376875,0.0014487993022158207,0.002982126088518952,0.0015307851498686236,0.0032063205614977484,0.0016878528667551094,0.0034935871993470504,0.0017842280497436065,0.003788365302361529,0.0018829307390746458,0.004129538263877699,0.002020404223012237,0.004443081424384761,0.002181597457871341,0.004633842570496627,0.0023114314141172328,0.005040514249226928,0.002498403412017369,0.005359808610990749,0.002714587891069582,0.005712579265306544,0.002923557671416203,0.006180521478802095,0.003220241094930125,0.006523731074436797,0.0034844892702888593,0.0069156490084891446,0.0037801003745059083,0.007448543782139611,0.004082663915020027,0.009104969029415117,0.0060726816361425665,0.009865759952648623,0.006428864511820196,0.010558624763307215,0.008082367039712686,0.0114538341076242,0.009403168353361437,0.012311185715464933,0.009370137702370223,0.013298710923748135,0.009089391934841875,0.014270692131542508,0.009619867723252965,0.01535724767715236,0.010480100021279411,0.018378474128914978,0.01154657766791378,0.01834864903421201,0.01261123202964366,0.01969602805725355,0.013859914731496817,0.021524475837445687,0.015117008747600027,0.023504904175153767,0.016590390446235153,0.025602529240556365,0.018230676223587105,0.02789429973782994,0.020081623703289534,0.031187379346987773,0.022872734982205874,0.03432193305430845,0.02538192214313987,0.03777166846692593,0.028289928788048906,0.04154204393447951,0.03147548378857695,0.04569607008417585,0.034903581045817096,0.0515355399287604,0.040253263089482516,0.05689158349870549,0.044789053333562485,0.06284465013160788,0.04978742417034079,0.06939600798792989,0.05535839476781057,0.07652484053510697,0.06172075324413992,0.0883842680939339,0.07250575725201086,0.09731278981469174,0.08040275810006244,0.10684229686934425,0.08903238658952274,0.11691982456540634,0.09842027218566288,0.12751275137430557,0.10823448205777636,0.14305159164679335,0.12445730846548902,0.15366399085504823,0.13485724538538413,0.16367382098984512,0.14492274903893634,0.1728557936372701,0.15444565815943173,0.1809907274234238,0.1632153110445196,0.19164508111996625,0.1749023472081523,0.20074805379905708,0.18491096595098092,0.21028255167875454,0.19549155934559198,0.22027000491765317,0.2066772581641651,0.2303819015154592,0.21850369361451638,0.24403373977012974,0.23360007376811767,0.25586707218599386,0.2470534225494813,0.26833019300878225,0.26131050903881536,0.2815658620144775,0.27638899919272913,0.2956096896053133,0.29239564057772827,0.3148821863487792,0.31342977418305196,0.33138312809268644,0.3317896240560395,0.34896877385601105,0.3512289146519739,0.3679318246653597,0.37183367386509253,0.3881267528386659,0.3939276787592276,0.41326482303544,0.4200622505558404,0.4371352653275907,0.4448615731278957,0.4640507812017841,0.47051534395663613,0.4946990028129858,0.49829121187300074,1,1
