Y1,year,spsex,rsex,cmsurv30,cfsurv30,cmsurv31,cfsurv31,cmsurv32,cfsurv32,cmsurv33,cfsurv33,cmsurv34,cfsurv34,cmsurv35,cfsurv35,cmsurv36,cfsurv36,cmsurv37,cfsurv37,cmsurv38,cfsurv38,cmsurv39,cfsurv39,cmsurv40,cfsurv40,cmsurv41,cfsurv41,cmsurv42,cfsurv42,cmsurv43,cfsurv43,cmsurv44,cfsurv44,cmsurv45,cfsurv45,cmsurv46,cfsurv46,cmsurv47,cfsurv47,cmsurv48,cfsurv48,cmsurv49,cfsurv49,cmsurv50,cfsurv50,cmsurv51,cfsurv51,cmsurv52,cfsurv52,cmsurv53,cfsurv53,cmsurv54,cfsurv54,cmsurv55,cfsurv55,cmsurv56,cfsurv56,cmsurv57,cfsurv57,cmsurv58,cfsurv58,cmsurv59,cfsurv59,cmsurv60,cfsurv60,cmsurv61,cfsurv61,cmsurv62,cfsurv62,cmsurv63,cfsurv63,cmsurv64,cfsurv64,cmsurv65,cfsurv65,cmsurv66,cfsurv66,cmsurv67,cfsurv67,cmsurv68,cfsurv68,cmsurv69,cfsurv69,cmsurv70,cfsurv70,cmsurv71,cfsurv71,cmsurv72,cfsurv72,cmsurv73,cfsurv73,cmsurv74,cfsurv74,cmsurv75,cfsurv75,cmsurv76,cfsurv76,cmsurv77,cfsurv77,cmsurv78,cfsurv78,cmsurv79,cfsurv79,cmsurv80,cfsurv80,cmsurv81,cfsurv81,cmsurv82,cfsurv82,cmsurv83,cfsurv83,cmsurv84,cfsurv84,cmsurv85,cfsurv85,cmsurv86,cfsurv86,cmsurv87,cfsurv87,cmsurv88,cfsurv88,cmsurv89,cfsurv89,cmsurv90,cfsurv90,cmsurv91,cfsurv91,cmsurv92,cfsurv92,cmsurv93,cfsurv93,cmsurv94,cfsurv94,cmsurv95,cfsurv95,cmsurv96,cfsurv96,cmsurv97,cfsurv97,cmsurv98,cfsurv98,cmsurv99,cfsurv99,cmsurv100,cfsurv100,cmsurv101,cfsurv101,cmsurv102,cfsurv102,cmsurv103,cfsurv103,cmsurv104,cfsurv104,cmsurv105,cfsurv105,cmsurv106,cfsurv106,cmsurv107,cfsurv107,cmsurv108,cfsurv108,cmsurv109,cfsurv109,cmsurv110,cfsurv110,cmsurv111,cfsurv111,cmsurv112,cfsurv112,cmsurv113,cfsurv113,cmsurv114,cfsurv114,cmsurv115,cfsurv115,cmsurv116,cfsurv116,cmsurv117,cfsurv117,cmsurv118,cfsurv118,cmsurv119,cfsurv119
111,2004,2,1,4.809515356392915e-4,3.211648422075446e-4,4.913224930323569e-4,3.387237681669477e-4,5.201588546454942e-4,3.629404972264194e-4,5.635181404312148e-4,3.971440323087518e-4,6.266874908615518e-4,4.4133725373934e-4,6.716939221287607e-4,4.7343978265443234e-4,7.338886419444163e-4,5.001057001429643e-4,8.111780111445231e-4,5.5340741068753e-4,9.009401047521905e-4,6.121721937150977e-4,9.902505765576875e-4,6.621799489093307e-4,0.0010619414669751194,7.00705746552587e-4,0.0011162652847522768,7.552951193279951e-4,0.0012023936328215308,8.062778719563889e-4,0.0012949774582498449,8.542612214025141e-4,0.0013770966582371492,8.971269807857673e-4,0.0014521896593664909,9.303318010226892e-4,0.0015525800392380584,9.805380407518108e-4,0.0016393534308818776,0.0010316987673581381,0.001760777386481248,0.0011132274981893082,0.0018927806287312328,0.001152982559272133,0.003612488258991424,0.0016063583467778569,0.0038508922027665634,0.0017167924424743362,0.004069190252868685,0.001798844244010537,0.004401104882992484,0.001994941797116951,0.00475802619703588,0.002130371759608653,0.005220148599969959,0.0023249013878787438,0.005515523267015154,0.0024364120272594094,0.005912576957809826,0.00266685483790277,0.006459096234525247,0.0029793887185283665,0.006930513131866647,0.0031731115330615794,0.007387417185696074,0.0034185569706679567,0.007897724272211396,0.003682250479887276,0.008357071177615727,0.003934903443659783,0.009211247049340425,0.004387053009913607,0.009943282784046376,0.00474688895283675,0.012761211909499966,0.007823557827257832,0.013728906835143448,0.008547137202487357,0.014770444352629444,0.00915839595817195,0.015689756865988183,0.009967210408962054,0.016726029702339794,0.010803764345667913,0.01777834667857003,0.01165303302575664,0.018990327620619248,0.012559156176862887,0.02035614863833298,0.013667298836040362,0.021558380320957183,0.014712873075975826,0.022538624240459586,0.015587290327179903,0.024529295935217875,0.01706359266762182,0.02599832141825357,0.018385494808252252,0.02767026676373191,0.019951431374310467,0.030327659553861432,0.021995440200303067,0.03200646416229559,0.023337923557535837,0.03502739788908296,0.02577356353373302,0.03863594180908459,0.02876430832343337,0.04203870784041198,0.031846198500944084,0.04656925102272357,0.0356443150162163,0.05076654834643212,0.039045508068443355,0.056535760097513446,0.04432841235288455,0.06140183555941335,0.048499930940799255,0.06911793477945172,0.054759560961711605,0.07625666697228983,0.06100803596322548,0.08403894664774682,0.06793954862064269,0.094866321803753,0.0778790648879682,0.1028055356995864,0.08496236107765387,0.11266420001255363,0.09386208488049105,0.12328042419057017,0.10358982630932606,0.13445541536107183,0.11388605034245576,0.14691476350768143,0.12546831815654702,0.15781658453096797,0.13593629538239707,0.1680960817744314,0.1460781308892712,0.17752467030006944,0.15569368116623306,0.18587882959236202,0.16457505828455612,0.19540189874916383,0.1746591134959061,0.2046822300220645,0.1846956025755142,0.21440550963244143,0.19531370507560936,0.22458376415467712,0.20653595448819737,0.23525131848381298,0.21840837629394833,0.24765099879834998,0.232003822271562,0.2596372942511743,0.24540524618009138,0.27222010642099953,0.25959726518248805,0.2854028834631424,0.2746065231337305,0.29938857014428616,0.29049061803856735,0.31614640057121046,0.30922235359389455,0.3322342901202623,0.3272167170814883,0.34981764533968396,0.3462620045315783,0.36898761954222964,0.36641023349904056,0.3897005563335552,0.3877912033445963,0.4146501219614996,0.41113492844858845,0.4404129032192626,0.43215861302664776,0.4705605768409911,0.45515783537369675,0.5049654383126205,0.4801857032649889,1,1
112,2004,2,1,4.809515356392915e-4,3.211648422075446e-4,4.913224930323569e-4,3.387237681669477e-4,5.201588546454942e-4,3.629404972264194e-4,5.635181404312148e-4,3.971440323087518e-4,6.266874908615518e-4,4.4133725373934e-4,6.716939221287607e-4,4.7343978265443234e-4,7.338886419444163e-4,5.001057001429643e-4,8.111780111445231e-4,5.5340741068753e-4,9.009401047521905e-4,6.121721937150977e-4,9.902505765576875e-4,6.621799489093307e-4,0.0010619414669751194,7.00705746552587e-4,0.0011162652847522768,7.552951193279951e-4,0.0012023936328215308,8.062778719563889e-4,0.0012949774582498449,8.542612214025141e-4,0.0013770966582371492,8.971269807857673e-4,0.0014521896593664909,9.303318010226892e-4,0.0015525800392380584,9.805380407518108e-4,0.0016393534308818776,0.0010316987673581381,0.001760777386481248,0.0011132274981893082,0.0018927806287312328,0.001152982559272133,0.003612488258991424,0.0016063583467778569,0.0038508922027665634,0.0017167924424743362,0.004069190252868685,0.001798844244010537,0.004401104882992484,0.001994941797116951,0.00475802619703588,0.002130371759608653,0.005220148599969959,0.0023249013878787438,0.005515523267015154,0.0024364120272594094,0.005912576957809826,0.00266685483790277,0.006459096234525247,0.0029793887185283665,0.006930513131866647,0.0031731115330615794,0.007387417185696074,0.0034185569706679567,0.007897724272211396,0.003682250479887276,0.008357071177615727,0.003934903443659783,0.009211247049340425,0.004387053009913607,0.009943282784046376,0.00474688895283675,0.012761211909499966,0.007823557827257832,0.013728906835143448,0.008547137202487357,0.014770444352629444,0.00915839595817195,0.015689756865988183,0.009967210408962054,0.016726029702339794,0.010803764345667913,0.01777834667857003,0.01165303302575664,0.018990327620619248,0.012559156176862887,0.02035614863833298,0.013667298836040362,0.021558380320957183,0.014712873075975826,0.022538624240459586,0.015587290327179903,0.024529295935217875,0.01706359266762182,0.02599832141825357,0.018385494808252252,0.02767026676373191,0.019951431374310467,0.030327659553861432,0.021995440200303067,0.03200646416229559,0.023337923557535837,0.03502739788908296,0.02577356353373302,0.03863594180908459,0.02876430832343337,0.04203870784041198,0.031846198500944084,0.04656925102272357,0.0356443150162163,0.05076654834643212,0.039045508068443355,0.056535760097513446,0.04432841235288455,0.06140183555941335,0.048499930940799255,0.06911793477945172,0.054759560961711605,0.07625666697228983,0.06100803596322548,0.08403894664774682,0.06793954862064269,0.094866321803753,0.0778790648879682,0.1028055356995864,0.08496236107765387,0.11266420001255363,0.09386208488049105,0.12328042419057017,0.10358982630932606,0.13445541536107183,0.11388605034245576,0.14691476350768143,0.12546831815654702,0.15781658453096797,0.13593629538239707,0.1680960817744314,0.1460781308892712,0.17752467030006944,0.15569368116623306,0.18587882959236202,0.16457505828455612,0.19540189874916383,0.1746591134959061,0.2046822300220645,0.1846956025755142,0.21440550963244143,0.19531370507560936,0.22458376415467712,0.20653595448819737,0.23525131848381298,0.21840837629394833,0.24765099879834998,0.232003822271562,0.2596372942511743,0.24540524618009138,0.27222010642099953,0.25959726518248805,0.2854028834631424,0.2746065231337305,0.29938857014428616,0.29049061803856735,0.31614640057121046,0.30922235359389455,0.3322342901202623,0.3272167170814883,0.34981764533968396,0.3462620045315783,0.36898761954222964,0.36641023349904056,0.3897005563335552,0.3877912033445963,0.4146501219614996,0.41113492844858845,0.4404129032192626,0.43215861302664776,0.4705605768409911,0.45515783537369675,0.5049654383126205,0.4801857032649889,1,1
113,2004,2,1,4.809515356392915e-4,3.211648422075446e-4,4.913224930323569e-4,3.387237681669477e-4,5.201588546454942e-4,3.629404972264194e-4,5.635181404312148e-4,3.971440323087518e-4,6.266874908615518e-4,4.4133725373934e-4,6.716939221287607e-4,4.7343978265443234e-4,7.338886419444163e-4,5.001057001429643e-4,8.111780111445231e-4,5.5340741068753e-4,9.009401047521905e-4,6.121721937150977e-4,9.902505765576875e-4,6.621799489093307e-4,0.0010619414669751194,7.00705746552587e-4,0.0011162652847522768,7.552951193279951e-4,0.0012023936328215308,8.062778719563889e-4,0.0012949774582498449,8.542612214025141e-4,0.0013770966582371492,8.971269807857673e-4,0.0014521896593664909,9.303318010226892e-4,0.0015525800392380584,9.805380407518108e-4,0.0016393534308818776,0.0010316987673581381,0.001760777386481248,0.0011132274981893082,0.0018927806287312328,0.001152982559272133,0.003612488258991424,0.0016063583467778569,0.0038508922027665634,0.0017167924424743362,0.004069190252868685,0.001798844244010537,0.004401104882992484,0.001994941797116951,0.00475802619703588,0.002130371759608653,0.005220148599969959,0.0023249013878787438,0.005515523267015154,0.0024364120272594094,0.005912576957809826,0.00266685483790277,0.006459096234525247,0.0029793887185283665,0.006930513131866647,0.0031731115330615794,0.007387417185696074,0.0034185569706679567,0.007897724272211396,0.003682250479887276,0.008357071177615727,0.003934903443659783,0.009211247049340425,0.004387053009913607,0.009943282784046376,0.00474688895283675,0.012761211909499966,0.007823557827257832,0.013728906835143448,0.008547137202487357,0.014770444352629444,0.00915839595817195,0.015689756865988183,0.009967210408962054,0.016726029702339794,0.010803764345667913,0.01777834667857003,0.01165303302575664,0.018990327620619248,0.012559156176862887,0.02035614863833298,0.013667298836040362,0.021558380320957183,0.014712873075975826,0.022538624240459586,0.015587290327179903,0.024529295935217875,0.01706359266762182,0.02599832141825357,0.018385494808252252,0.02767026676373191,0.019951431374310467,0.030327659553861432,0.021995440200303067,0.03200646416229559,0.023337923557535837,0.03502739788908296,0.02577356353373302,0.03863594180908459,0.02876430832343337,0.04203870784041198,0.031846198500944084,0.04656925102272357,0.0356443150162163,0.05076654834643212,0.039045508068443355,0.056535760097513446,0.04432841235288455,0.06140183555941335,0.048499930940799255,0.06911793477945172,0.054759560961711605,0.07625666697228983,0.06100803596322548,0.08403894664774682,0.06793954862064269,0.094866321803753,0.0778790648879682,0.1028055356995864,0.08496236107765387,0.11266420001255363,0.09386208488049105,0.12328042419057017,0.10358982630932606,0.13445541536107183,0.11388605034245576,0.14691476350768143,0.12546831815654702,0.15781658453096797,0.13593629538239707,0.1680960817744314,0.1460781308892712,0.17752467030006944,0.15569368116623306,0.18587882959236202,0.16457505828455612,0.19540189874916383,0.1746591134959061,0.2046822300220645,0.1846956025755142,0.21440550963244143,0.19531370507560936,0.22458376415467712,0.20653595448819737,0.23525131848381298,0.21840837629394833,0.24765099879834998,0.232003822271562,0.2596372942511743,0.24540524618009138,0.27222010642099953,0.25959726518248805,0.2854028834631424,0.2746065231337305,0.29938857014428616,0.29049061803856735,0.31614640057121046,0.30922235359389455,0.3322342901202623,0.3272167170814883,0.34981764533968396,0.3462620045315783,0.36898761954222964,0.36641023349904056,0.3897005563335552,0.3877912033445963,0.4146501219614996,0.41113492844858845,0.4404129032192626,0.43215861302664776,0.4705605768409911,0.45515783537369675,0.5049654383126205,0.4801857032649889,1,1
114,2004,2,1,4.809515356392915e-4,3.211648422075446e-4,4.913224930323569e-4,3.387237681669477e-4,5.201588546454942e-4,3.629404972264194e-4,5.635181404312148e-4,3.971440323087518e-4,6.266874908615518e-4,4.4133725373934e-4,6.716939221287607e-4,4.7343978265443234e-4,7.338886419444163e-4,5.001057001429643e-4,8.111780111445231e-4,5.5340741068753e-4,9.009401047521905e-4,6.121721937150977e-4,9.902505765576875e-4,6.621799489093307e-4,0.0010619414669751194,7.00705746552587e-4,0.0011162652847522768,7.552951193279951e-4,0.0012023936328215308,8.062778719563889e-4,0.0012949774582498449,8.542612214025141e-4,0.0013770966582371492,8.971269807857673e-4,0.0014521896593664909,9.303318010226892e-4,0.0015525800392380584,9.805380407518108e-4,0.0016393534308818776,0.0010316987673581381,0.001760777386481248,0.0011132274981893082,0.0018927806287312328,0.001152982559272133,0.003612488258991424,0.0016063583467778569,0.0038508922027665634,0.0017167924424743362,0.004069190252868685,0.001798844244010537,0.004401104882992484,0.001994941797116951,0.00475802619703588,0.002130371759608653,0.005220148599969959,0.0023249013878787438,0.005515523267015154,0.0024364120272594094,0.005912576957809826,0.00266685483790277,0.006459096234525247,0.0029793887185283665,0.006930513131866647,0.0031731115330615794,0.007387417185696074,0.0034185569706679567,0.007897724272211396,0.003682250479887276,0.008357071177615727,0.003934903443659783,0.009211247049340425,0.004387053009913607,0.009943282784046376,0.00474688895283675,0.012761211909499966,0.007823557827257832,0.013728906835143448,0.008547137202487357,0.014770444352629444,0.00915839595817195,0.015689756865988183,0.009967210408962054,0.016726029702339794,0.010803764345667913,0.01777834667857003,0.01165303302575664,0.018990327620619248,0.012559156176862887,0.02035614863833298,0.013667298836040362,0.021558380320957183,0.014712873075975826,0.022538624240459586,0.015587290327179903,0.024529295935217875,0.01706359266762182,0.02599832141825357,0.018385494808252252,0.02767026676373191,0.019951431374310467,0.030327659553861432,0.021995440200303067,0.03200646416229559,0.023337923557535837,0.03502739788908296,0.02577356353373302,0.03863594180908459,0.02876430832343337,0.04203870784041198,0.031846198500944084,0.04656925102272357,0.0356443150162163,0.05076654834643212,0.039045508068443355,0.056535760097513446,0.04432841235288455,0.06140183555941335,0.048499930940799255,0.06911793477945172,0.054759560961711605,0.07625666697228983,0.06100803596322548,0.08403894664774682,0.06793954862064269,0.094866321803753,0.0778790648879682,0.1028055356995864,0.08496236107765387,0.11266420001255363,0.09386208488049105,0.12328042419057017,0.10358982630932606,0.13445541536107183,0.11388605034245576,0.14691476350768143,0.12546831815654702,0.15781658453096797,0.13593629538239707,0.1680960817744314,0.1460781308892712,0.17752467030006944,0.15569368116623306,0.18587882959236202,0.16457505828455612,0.19540189874916383,0.1746591134959061,0.2046822300220645,0.1846956025755142,0.21440550963244143,0.19531370507560936,0.22458376415467712,0.20653595448819737,0.23525131848381298,0.21840837629394833,0.24765099879834998,0.232003822271562,0.2596372942511743,0.24540524618009138,0.27222010642099953,0.25959726518248805,0.2854028834631424,0.2746065231337305,0.29938857014428616,0.29049061803856735,0.31614640057121046,0.30922235359389455,0.3322342901202623,0.3272167170814883,0.34981764533968396,0.3462620045315783,0.36898761954222964,0.36641023349904056,0.3897005563335552,0.3877912033445963,0.4146501219614996,0.41113492844858845,0.4404129032192626,0.43215861302664776,0.4705605768409911,0.45515783537369675,0.5049654383126205,0.4801857032649889,1,1
115,2004,2,1,4.809515356392915e-4,3.211648422075446e-4,4.913224930323569e-4,3.387237681669477e-4,5.201588546454942e-4,3.629404972264194e-4,5.635181404312148e-4,3.971440323087518e-4,6.266874908615518e-4,4.4133725373934e-4,6.716939221287607e-4,4.7343978265443234e-4,7.338886419444163e-4,5.001057001429643e-4,8.111780111445231e-4,5.5340741068753e-4,9.009401047521905e-4,6.121721937150977e-4,9.902505765576875e-4,6.621799489093307e-4,0.0010619414669751194,7.00705746552587e-4,0.0011162652847522768,7.552951193279951e-4,0.0012023936328215308,8.062778719563889e-4,0.0012949774582498449,8.542612214025141e-4,0.0013770966582371492,8.971269807857673e-4,0.0014521896593664909,9.303318010226892e-4,0.0015525800392380584,9.805380407518108e-4,0.0016393534308818776,0.0010316987673581381,0.001760777386481248,0.0011132274981893082,0.0018927806287312328,0.001152982559272133,0.003612488258991424,0.0016063583467778569,0.0038508922027665634,0.0017167924424743362,0.004069190252868685,0.001798844244010537,0.004401104882992484,0.001994941797116951,0.00475802619703588,0.002130371759608653,0.005220148599969959,0.0023249013878787438,0.005515523267015154,0.0024364120272594094,0.005912576957809826,0.00266685483790277,0.006459096234525247,0.0029793887185283665,0.006930513131866647,0.0031731115330615794,0.007387417185696074,0.0034185569706679567,0.007897724272211396,0.003682250479887276,0.008357071177615727,0.003934903443659783,0.009211247049340425,0.004387053009913607,0.009943282784046376,0.00474688895283675,0.012761211909499966,0.007823557827257832,0.013728906835143448,0.008547137202487357,0.014770444352629444,0.00915839595817195,0.015689756865988183,0.009967210408962054,0.016726029702339794,0.010803764345667913,0.01777834667857003,0.01165303302575664,0.018990327620619248,0.012559156176862887,0.02035614863833298,0.013667298836040362,0.021558380320957183,0.014712873075975826,0.022538624240459586,0.015587290327179903,0.024529295935217875,0.01706359266762182,0.02599832141825357,0.018385494808252252,0.02767026676373191,0.019951431374310467,0.030327659553861432,0.021995440200303067,0.03200646416229559,0.023337923557535837,0.03502739788908296,0.02577356353373302,0.03863594180908459,0.02876430832343337,0.04203870784041198,0.031846198500944084,0.04656925102272357,0.0356443150162163,0.05076654834643212,0.039045508068443355,0.056535760097513446,0.04432841235288455,0.06140183555941335,0.048499930940799255,0.06911793477945172,0.054759560961711605,0.07625666697228983,0.06100803596322548,0.08403894664774682,0.06793954862064269,0.094866321803753,0.0778790648879682,0.1028055356995864,0.08496236107765387,0.11266420001255363,0.09386208488049105,0.12328042419057017,0.10358982630932606,0.13445541536107183,0.11388605034245576,0.14691476350768143,0.12546831815654702,0.15781658453096797,0.13593629538239707,0.1680960817744314,0.1460781308892712,0.17752467030006944,0.15569368116623306,0.18587882959236202,0.16457505828455612,0.19540189874916383,0.1746591134959061,0.2046822300220645,0.1846956025755142,0.21440550963244143,0.19531370507560936,0.22458376415467712,0.20653595448819737,0.23525131848381298,0.21840837629394833,0.24765099879834998,0.232003822271562,0.2596372942511743,0.24540524618009138,0.27222010642099953,0.25959726518248805,0.2854028834631424,0.2746065231337305,0.29938857014428616,0.29049061803856735,0.31614640057121046,0.30922235359389455,0.3322342901202623,0.3272167170814883,0.34981764533968396,0.3462620045315783,0.36898761954222964,0.36641023349904056,0.3897005563335552,0.3877912033445963,0.4146501219614996,0.41113492844858845,0.4404129032192626,0.43215861302664776,0.4705605768409911,0.45515783537369675,0.5049654383126205,0.4801857032649889,1,1
211,2004,0,2,,0.0013871909190899608,,0.0015756417788243503,,0.0015999871275223466,,0.0017140727332115781,,0.0018025142123232712,,0.0019319760143462262,,0.0021588635136108934,,0.0023870244681457884,,0.0025562060878323817,,0.0027625545822760602,,0.002979146788864669,,0.003180343019733055,,0.0036109762183771103,,0.0039018636560065986,,0.004164528149425414,,0.004460493118958685,,0.004867936575606355,,0.0051728048249165114,,0.005262321729649803,,0.005444084610751528,,0.005563299296626894,,0.005963865378573862,,0.006361927544226991,,0.006651452430236591,,0.007171479403542831,,0.007714866131244503,,0.008215033009129687,,0.008986312623028556,,0.00973528785206628,,0.01058397023342733,,0.011428795862846263,,0.012457069009203353,,0.013512222433287955,,0.014316973424345366,,0.015459063167847578,,0.014543552374416232,,0.015767454801452977,,0.017501927605720367,,0.01877297755863021,,0.020217650436072977,,0.021793791004021942,,0.02358987054637026,,0.02585516967257797,,0.02820313261794248,,0.03055058575387687,,0.0332061274997607,,0.0364200066539187,,0.03975475701870989,,0.042038359533887314,,0.046427495370005706,,0.05016910686344619,,0.05468882677533794,,0.06122018897848242,,0.06554888920928419,,0.07335155753855296,,0.08240718547090344,,0.09140561541965067,,0.10260023209731386,,0.1115738402795918,,0.1283781761793212,,0.1400109509955297,,0.15837689976835068,,0.1753405374484512,,0.19335467545382287,,0.2156882756760408,,0.23346377937699087,,0.25236967711502617,,0.2711527179011107,,0.28902228530490714,,0.30550852487129604,,0.3236820617856902,,0.34228855505974365,,0.36196325844984056,,0.3827676004319559,,0.40477000274496633,,0.4293695820281687,,0.4542063710622383,,0.48046681790819196,,0.5082568035881301,,0.5376386954883248,,0.5714784471415406,,0.6047329447096993,,0.6399156618496291,,0.6771587366955257,,0.7165594813640214,,0.7589412230568305,,0.7956832003980733,,0.8392600945808654,,0.8858379606494471,1,1
212,2004,0,2,,0.0013871909190899608,,0.0015756417788243503,,0.0015999871275223466,,0.0017140727332115781,,0.0018025142123232712,,0.0019319760143462262,,0.0021588635136108934,,0.0023870244681457884,,0.0025562060878323817,,0.0027625545822760602,,0.002979146788864669,,0.003180343019733055,,0.0036109762183771103,,0.0039018636560065986,,0.004164528149425414,,0.004460493118958685,,0.004867936575606355,,0.0051728048249165114,,0.005262321729649803,,0.005444084610751528,,0.005563299296626894,,0.005963865378573862,,0.006361927544226991,,0.006651452430236591,,0.007171479403542831,,0.007714866131244503,,0.008215033009129687,,0.008986312623028556,,0.00973528785206628,,0.01058397023342733,,0.011428795862846263,,0.012457069009203353,,0.013512222433287955,,0.014316973424345366,,0.015459063167847578,,0.014543552374416232,,0.015767454801452977,,0.017501927605720367,,0.01877297755863021,,0.020217650436072977,,0.021793791004021942,,0.02358987054637026,,0.02585516967257797,,0.02820313261794248,,0.03055058575387687,,0.0332061274997607,,0.0364200066539187,,0.03975475701870989,,0.042038359533887314,,0.046427495370005706,,0.05016910686344619,,0.05468882677533794,,0.06122018897848242,,0.06554888920928419,,0.07335155753855296,,0.08240718547090344,,0.09140561541965067,,0.10260023209731386,,0.1115738402795918,,0.1283781761793212,,0.1400109509955297,,0.15837689976835068,,0.1753405374484512,,0.19335467545382287,,0.2156882756760408,,0.23346377937699087,,0.25236967711502617,,0.2711527179011107,,0.28902228530490714,,0.30550852487129604,,0.3236820617856902,,0.34228855505974365,,0.36196325844984056,,0.3827676004319559,,0.40477000274496633,,0.4293695820281687,,0.4542063710622383,,0.48046681790819196,,0.5082568035881301,,0.5376386954883248,,0.5714784471415406,,0.6047329447096993,,0.6399156618496291,,0.6771587366955257,,0.7165594813640214,,0.7589412230568305,,0.7956832003980733,,0.8392600945808654,,0.8858379606494471,1,1
213,2004,0,2,,0.0013871909190899608,,0.0015756417788243503,,0.0015999871275223466,,0.0017140727332115781,,0.0018025142123232712,,0.0019319760143462262,,0.0021588635136108934,,0.0023870244681457884,,0.0025562060878323817,,0.0027625545822760602,,0.002979146788864669,,0.003180343019733055,,0.0036109762183771103,,0.0039018636560065986,,0.004164528149425414,,0.004460493118958685,,0.004867936575606355,,0.0051728048249165114,,0.005262321729649803,,0.005444084610751528,,0.005563299296626894,,0.005963865378573862,,0.006361927544226991,,0.006651452430236591,,0.007171479403542831,,0.007714866131244503,,0.008215033009129687,,0.008986312623028556,,0.00973528785206628,,0.01058397023342733,,0.011428795862846263,,0.012457069009203353,,0.013512222433287955,,0.014316973424345366,,0.015459063167847578,,0.014543552374416232,,0.015767454801452977,,0.017501927605720367,,0.01877297755863021,,0.020217650436072977,,0.021793791004021942,,0.02358987054637026,,0.02585516967257797,,0.02820313261794248,,0.03055058575387687,,0.0332061274997607,,0.0364200066539187,,0.03975475701870989,,0.042038359533887314,,0.046427495370005706,,0.05016910686344619,,0.05468882677533794,,0.06122018897848242,,0.06554888920928419,,0.07335155753855296,,0.08240718547090344,,0.09140561541965067,,0.10260023209731386,,0.1115738402795918,,0.1283781761793212,,0.1400109509955297,,0.15837689976835068,,0.1753405374484512,,0.19335467545382287,,0.2156882756760408,,0.23346377937699087,,0.25236967711502617,,0.2711527179011107,,0.28902228530490714,,0.30550852487129604,,0.3236820617856902,,0.34228855505974365,,0.36196325844984056,,0.3827676004319559,,0.40477000274496633,,0.4293695820281687,,0.4542063710622383,,0.48046681790819196,,0.5082568035881301,,0.5376386954883248,,0.5714784471415406,,0.6047329447096993,,0.6399156618496291,,0.6771587366955257,,0.7165594813640214,,0.7589412230568305,,0.7956832003980733,,0.8392600945808654,,0.8858379606494471,1,1
214,2004,0,2,,0.0013871909190899608,,0.0015756417788243503,,0.0015999871275223466,,0.0017140727332115781,,0.0018025142123232712,,0.0019319760143462262,,0.0021588635136108934,,0.0023870244681457884,,0.0025562060878323817,,0.0027625545822760602,,0.002979146788864669,,0.003180343019733055,,0.0036109762183771103,,0.0039018636560065986,,0.004164528149425414,,0.004460493118958685,,0.004867936575606355,,0.0051728048249165114,,0.005262321729649803,,0.005444084610751528,,0.005563299296626894,,0.005963865378573862,,0.006361927544226991,,0.006651452430236591,,0.007171479403542831,,0.007714866131244503,,0.008215033009129687,,0.008986312623028556,,0.00973528785206628,,0.01058397023342733,,0.011428795862846263,,0.012457069009203353,,0.013512222433287955,,0.014316973424345366,,0.015459063167847578,,0.014543552374416232,,0.015767454801452977,,0.017501927605720367,,0.01877297755863021,,0.020217650436072977,,0.021793791004021942,,0.02358987054637026,,0.02585516967257797,,0.02820313261794248,,0.03055058575387687,,0.0332061274997607,,0.0364200066539187,,0.03975475701870989,,0.042038359533887314,,0.046427495370005706,,0.05016910686344619,,0.05468882677533794,,0.06122018897848242,,0.06554888920928419,,0.07335155753855296,,0.08240718547090344,,0.09140561541965067,,0.10260023209731386,,0.1115738402795918,,0.1283781761793212,,0.1400109509955297,,0.15837689976835068,,0.1753405374484512,,0.19335467545382287,,0.2156882756760408,,0.23346377937699087,,0.25236967711502617,,0.2711527179011107,,0.28902228530490714,,0.30550852487129604,,0.3236820617856902,,0.34228855505974365,,0.36196325844984056,,0.3827676004319559,,0.40477000274496633,,0.4293695820281687,,0.4542063710622383,,0.48046681790819196,,0.5082568035881301,,0.5376386954883248,,0.5714784471415406,,0.6047329447096993,,0.6399156618496291,,0.6771587366955257,,0.7165594813640214,,0.7589412230568305,,0.7956832003980733,,0.8392600945808654,,0.8858379606494471,1,1
215,2004,0,2,,0.0013871909190899608,,0.0015756417788243503,,0.0015999871275223466,,0.0017140727332115781,,0.0018025142123232712,,0.0019319760143462262,,0.0021588635136108934,,0.0023870244681457884,,0.0025562060878323817,,0.0027625545822760602,,0.002979146788864669,,0.003180343019733055,,0.0036109762183771103,,0.0039018636560065986,,0.004164528149425414,,0.004460493118958685,,0.004867936575606355,,0.0051728048249165114,,0.005262321729649803,,0.005444084610751528,,0.005563299296626894,,0.005963865378573862,,0.006361927544226991,,0.006651452430236591,,0.007171479403542831,,0.007714866131244503,,0.008215033009129687,,0.008986312623028556,,0.00973528785206628,,0.01058397023342733,,0.011428795862846263,,0.012457069009203353,,0.013512222433287955,,0.014316973424345366,,0.015459063167847578,,0.014543552374416232,,0.015767454801452977,,0.017501927605720367,,0.01877297755863021,,0.020217650436072977,,0.021793791004021942,,0.02358987054637026,,0.02585516967257797,,0.02820313261794248,,0.03055058575387687,,0.0332061274997607,,0.0364200066539187,,0.03975475701870989,,0.042038359533887314,,0.046427495370005706,,0.05016910686344619,,0.05468882677533794,,0.06122018897848242,,0.06554888920928419,,0.07335155753855296,,0.08240718547090344,,0.09140561541965067,,0.10260023209731386,,0.1115738402795918,,0.1283781761793212,,0.1400109509955297,,0.15837689976835068,,0.1753405374484512,,0.19335467545382287,,0.2156882756760408,,0.23346377937699087,,0.25236967711502617,,0.2711527179011107,,0.28902228530490714,,0.30550852487129604,,0.3236820617856902,,0.34228855505974365,,0.36196325844984056,,0.3827676004319559,,0.40477000274496633,,0.4293695820281687,,0.4542063710622383,,0.48046681790819196,,0.5082568035881301,,0.5376386954883248,,0.5714784471415406,,0.6047329447096993,,0.6399156618496291,,0.6771587366955257,,0.7165594813640214,,0.7589412230568305,,0.7956832003980733,,0.8392600945808654,,0.8858379606494471,1,1
281,2004,2,1,0.001161173454212951,4.715281337979338e-4,0.0011932681405293205,4.710222748464266e-4,0.001227624268778073,4.852715181877433e-4,0.001233409265120949,4.974168462494517e-4,0.0012397695040385305,5.190513561399498e-4,0.0012517537535588251,5.586091852412549e-4,0.0013383596082293654,5.90270508583061e-4,0.0014188432183099898,6.382797652107893e-4,0.0014690762428491836,6.5151224767123e-4,0.0015631308645602453,7.000724711914403e-4,0.0016594982134531403,7.781728588793458e-4,0.0016874320937486993,8.246613483408688e-4,0.0018187621011035437,9.339237477864077e-4,0.0020002052646933117,9.630589253692159e-4,0.0021829217853629452,0.0010718667387064344,0.0023584940670377604,0.0011538177367312447,0.0025387409286723147,0.0012680035860825392,0.0027940127761485354,0.0014075882343468472,0.0030377393858672845,0.0014680736922830216,0.003222068280636444,0.0016490061135442974,0.004037951189354745,0.0020270463188840665,0.004326221098809862,0.0022008226784048365,0.004775105251334035,0.0023936497418032355,0.005194778378273428,0.0025161571132530695,0.005525831675583656,0.0027080646854759673,0.0058216897113136535,0.002994914738654344,0.006176182010831733,0.003245865795045288,0.006635730416281337,0.0035818296797880877,0.007256142621811052,0.0037918449220574707,0.007691570584750956,0.004139175670525753,0.008212012168807074,0.004370047702542685,0.008917823371337728,0.0047503364279554245,0.009592594937904535,0.005071820227985461,0.010071069337963917,0.005327934959221662,0.010817362210940646,0.005865962085883262,0.01612334274404516,0.00919311012654255,0.017037457106761154,0.009983144225820114,0.018437933536758083,0.010924096615906305,0.0193827369598157,0.011676305254849098,0.020629371449359637,0.012716047217131047,0.02224955352230779,0.01378112551148515,0.023879004681640864,0.015267159847004497,0.02605525324025032,0.016620321873974258,0.028236103705278067,0.01803892250595246,0.030676841312172447,0.01959249551705162,0.033373523374936265,0.021488381350304477,0.036552219262690845,0.026372988769742207,0.039856717653487035,0.026696093278229006,0.043367645713888174,0.028648338098465252,0.050082886647875996,0.031532306461763825,0.05276248274610929,0.03546134160223956,0.05744070475961696,0.03947500271200424,0.06319930297060797,0.04380510938217722,0.06952124291603211,0.04841314555148857,0.07647379121931683,0.05345537159491405,0.08531969549175072,0.06023697661503347,0.09419425998484215,0.06693743948638187,0.1040439585637567,0.07455820426137315,0.11489683909092492,0.08315232202966583,0.1267344380379853,0.0926837462736482,0.14412723020494717,0.10735242989290476,0.15869373864382932,0.1193990490736189,0.1742094023346592,0.13230697452394005,0.19064266627243315,0.1460565292727914,0.20790516530935493,0.160553244455446,0.23104199826218272,0.1807725184999774,0.2481824431706649,0.19584855334566217,0.2643433561478751,0.21046204266415688,0.27918600103454294,0.2243230708497818,0.29232498183012673,0.23711962870091466,0.30874461615827087,0.2531486516245191,0.32340974210617507,0.26770089626028926,0.33877004309227504,0.2830887374522243,0.35486013591271,0.29935989031172117,0.3717124291627393,0.3165652715371339,0.39263587474753747,0.33792311104570344,0.41142327566401565,0.3574679615369657,0.4311094978418082,0.37762562928702265,0.45211319810187584,0.3994478664805262,0.4744085440102263,0.4225302236048464,0.502767713773996,0.45211431589441625,0.5283671047644366,0.47840630363216785,0.556309465673649,0.5062353340578593,0.5869634125567932,0.5357739702109455,0.620389785287238,0.5673469513644843,0.6605888707610605,0.6036639241522633,0.7000246116106076,0.637666794786516,0.7439029765969384,0.6741424332899656,0.7959621450257217,0.7146656292749304,1,1
282,2004,2,1,0.001161173454212951,4.715281337979338e-4,0.0011932681405293205,4.710222748464266e-4,0.001227624268778073,4.852715181877433e-4,0.001233409265120949,4.974168462494517e-4,0.0012397695040385305,5.190513561399498e-4,0.0012517537535588251,5.586091852412549e-4,0.0013383596082293654,5.90270508583061e-4,0.0014188432183099898,6.382797652107893e-4,0.0014690762428491836,6.5151224767123e-4,0.0015631308645602453,7.000724711914403e-4,0.0016594982134531403,7.781728588793458e-4,0.0016874320937486993,8.246613483408688e-4,0.0018187621011035437,9.339237477864077e-4,0.0020002052646933117,9.630589253692159e-4,0.0021829217853629452,0.0010718667387064344,0.0023584940670377604,0.0011538177367312447,0.0025387409286723147,0.0012680035860825392,0.0027940127761485354,0.0014075882343468472,0.0030377393858672845,0.0014680736922830216,0.003222068280636444,0.0016490061135442974,0.004037951189354745,0.0020270463188840665,0.004326221098809862,0.0022008226784048365,0.004775105251334035,0.0023936497418032355,0.005194778378273428,0.0025161571132530695,0.005525831675583656,0.0027080646854759673,0.0058216897113136535,0.002994914738654344,0.006176182010831733,0.003245865795045288,0.006635730416281337,0.0035818296797880877,0.007256142621811052,0.0037918449220574707,0.007691570584750956,0.004139175670525753,0.008212012168807074,0.004370047702542685,0.008917823371337728,0.0047503364279554245,0.009592594937904535,0.005071820227985461,0.010071069337963917,0.005327934959221662,0.010817362210940646,0.005865962085883262,0.01612334274404516,0.00919311012654255,0.017037457106761154,0.009983144225820114,0.018437933536758083,0.010924096615906305,0.0193827369598157,0.011676305254849098,0.020629371449359637,0.012716047217131047,0.02224955352230779,0.01378112551148515,0.023879004681640864,0.015267159847004497,0.02605525324025032,0.016620321873974258,0.028236103705278067,0.01803892250595246,0.030676841312172447,0.01959249551705162,0.033373523374936265,0.021488381350304477,0.036552219262690845,0.026372988769742207,0.039856717653487035,0.026696093278229006,0.043367645713888174,0.028648338098465252,0.050082886647875996,0.031532306461763825,0.05276248274610929,0.03546134160223956,0.05744070475961696,0.03947500271200424,0.06319930297060797,0.04380510938217722,0.06952124291603211,0.04841314555148857,0.07647379121931683,0.05345537159491405,0.08531969549175072,0.06023697661503347,0.09419425998484215,0.06693743948638187,0.1040439585637567,0.07455820426137315,0.11489683909092492,0.08315232202966583,0.1267344380379853,0.0926837462736482,0.14412723020494717,0.10735242989290476,0.15869373864382932,0.1193990490736189,0.1742094023346592,0.13230697452394005,0.19064266627243315,0.1460565292727914,0.20790516530935493,0.160553244455446,0.23104199826218272,0.1807725184999774,0.2481824431706649,0.19584855334566217,0.2643433561478751,0.21046204266415688,0.27918600103454294,0.2243230708497818,0.29232498183012673,0.23711962870091466,0.30874461615827087,0.2531486516245191,0.32340974210617507,0.26770089626028926,0.33877004309227504,0.2830887374522243,0.35486013591271,0.29935989031172117,0.3717124291627393,0.3165652715371339,0.39263587474753747,0.33792311104570344,0.41142327566401565,0.3574679615369657,0.4311094978418082,0.37762562928702265,0.45211319810187584,0.3994478664805262,0.4744085440102263,0.4225302236048464,0.502767713773996,0.45211431589441625,0.5283671047644366,0.47840630363216785,0.556309465673649,0.5062353340578593,0.5869634125567932,0.5357739702109455,0.620389785287238,0.5673469513644843,0.6605888707610605,0.6036639241522633,0.7000246116106076,0.637666794786516,0.7439029765969384,0.6741424332899656,0.7959621450257217,0.7146656292749304,1,1
283,2004,2,1,0.001161173454212951,4.715281337979338e-4,0.0011932681405293205,4.710222748464266e-4,0.001227624268778073,4.852715181877433e-4,0.001233409265120949,4.974168462494517e-4,0.0012397695040385305,5.190513561399498e-4,0.0012517537535588251,5.586091852412549e-4,0.0013383596082293654,5.90270508583061e-4,0.0014188432183099898,6.382797652107893e-4,0.0014690762428491836,6.5151224767123e-4,0.0015631308645602453,7.000724711914403e-4,0.0016594982134531403,7.781728588793458e-4,0.0016874320937486993,8.246613483408688e-4,0.0018187621011035437,9.339237477864077e-4,0.0020002052646933117,9.630589253692159e-4,0.0021829217853629452,0.0010718667387064344,0.0023584940670377604,0.0011538177367312447,0.0025387409286723147,0.0012680035860825392,0.0027940127761485354,0.0014075882343468472,0.0030377393858672845,0.0014680736922830216,0.003222068280636444,0.0016490061135442974,0.004037951189354745,0.0020270463188840665,0.004326221098809862,0.0022008226784048365,0.004775105251334035,0.0023936497418032355,0.005194778378273428,0.0025161571132530695,0.005525831675583656,0.0027080646854759673,0.0058216897113136535,0.002994914738654344,0.006176182010831733,0.003245865795045288,0.006635730416281337,0.0035818296797880877,0.007256142621811052,0.0037918449220574707,0.007691570584750956,0.004139175670525753,0.008212012168807074,0.004370047702542685,0.008917823371337728,0.0047503364279554245,0.009592594937904535,0.005071820227985461,0.010071069337963917,0.005327934959221662,0.010817362210940646,0.005865962085883262,0.01612334274404516,0.00919311012654255,0.017037457106761154,0.009983144225820114,0.018437933536758083,0.010924096615906305,0.0193827369598157,0.011676305254849098,0.020629371449359637,0.012716047217131047,0.02224955352230779,0.01378112551148515,0.023879004681640864,0.015267159847004497,0.02605525324025032,0.016620321873974258,0.028236103705278067,0.01803892250595246,0.030676841312172447,0.01959249551705162,0.033373523374936265,0.021488381350304477,0.036552219262690845,0.026372988769742207,0.039856717653487035,0.026696093278229006,0.043367645713888174,0.028648338098465252,0.050082886647875996,0.031532306461763825,0.05276248274610929,0.03546134160223956,0.05744070475961696,0.03947500271200424,0.06319930297060797,0.04380510938217722,0.06952124291603211,0.04841314555148857,0.07647379121931683,0.05345537159491405,0.08531969549175072,0.06023697661503347,0.09419425998484215,0.06693743948638187,0.1040439585637567,0.07455820426137315,0.11489683909092492,0.08315232202966583,0.1267344380379853,0.0926837462736482,0.14412723020494717,0.10735242989290476,0.15869373864382932,0.1193990490736189,0.1742094023346592,0.13230697452394005,0.19064266627243315,0.1460565292727914,0.20790516530935493,0.160553244455446,0.23104199826218272,0.1807725184999774,0.2481824431706649,0.19584855334566217,0.2643433561478751,0.21046204266415688,0.27918600103454294,0.2243230708497818,0.29232498183012673,0.23711962870091466,0.30874461615827087,0.2531486516245191,0.32340974210617507,0.26770089626028926,0.33877004309227504,0.2830887374522243,0.35486013591271,0.29935989031172117,0.3717124291627393,0.3165652715371339,0.39263587474753747,0.33792311104570344,0.41142327566401565,0.3574679615369657,0.4311094978418082,0.37762562928702265,0.45211319810187584,0.3994478664805262,0.4744085440102263,0.4225302236048464,0.502767713773996,0.45211431589441625,0.5283671047644366,0.47840630363216785,0.556309465673649,0.5062353340578593,0.5869634125567932,0.5357739702109455,0.620389785287238,0.5673469513644843,0.6605888707610605,0.6036639241522633,0.7000246116106076,0.637666794786516,0.7439029765969384,0.6741424332899656,0.7959621450257217,0.7146656292749304,1,1
284,2004,2,1,0.001161173454212951,4.715281337979338e-4,0.0011932681405293205,4.710222748464266e-4,0.001227624268778073,4.852715181877433e-4,0.001233409265120949,4.974168462494517e-4,0.0012397695040385305,5.190513561399498e-4,0.0012517537535588251,5.586091852412549e-4,0.0013383596082293654,5.90270508583061e-4,0.0014188432183099898,6.382797652107893e-4,0.0014690762428491836,6.5151224767123e-4,0.0015631308645602453,7.000724711914403e-4,0.0016594982134531403,7.781728588793458e-4,0.0016874320937486993,8.246613483408688e-4,0.0018187621011035437,9.339237477864077e-4,0.0020002052646933117,9.630589253692159e-4,0.0021829217853629452,0.0010718667387064344,0.0023584940670377604,0.0011538177367312447,0.0025387409286723147,0.0012680035860825392,0.0027940127761485354,0.0014075882343468472,0.0030377393858672845,0.0014680736922830216,0.003222068280636444,0.0016490061135442974,0.004037951189354745,0.0020270463188840665,0.004326221098809862,0.0022008226784048365,0.004775105251334035,0.0023936497418032355,0.005194778378273428,0.0025161571132530695,0.005525831675583656,0.0027080646854759673,0.0058216897113136535,0.002994914738654344,0.006176182010831733,0.003245865795045288,0.006635730416281337,0.0035818296797880877,0.007256142621811052,0.0037918449220574707,0.007691570584750956,0.004139175670525753,0.008212012168807074,0.004370047702542685,0.008917823371337728,0.0047503364279554245,0.009592594937904535,0.005071820227985461,0.010071069337963917,0.005327934959221662,0.010817362210940646,0.005865962085883262,0.01612334274404516,0.00919311012654255,0.017037457106761154,0.009983144225820114,0.018437933536758083,0.010924096615906305,0.0193827369598157,0.011676305254849098,0.020629371449359637,0.012716047217131047,0.02224955352230779,0.01378112551148515,0.023879004681640864,0.015267159847004497,0.02605525324025032,0.016620321873974258,0.028236103705278067,0.01803892250595246,0.030676841312172447,0.01959249551705162,0.033373523374936265,0.021488381350304477,0.036552219262690845,0.026372988769742207,0.039856717653487035,0.026696093278229006,0.043367645713888174,0.028648338098465252,0.050082886647875996,0.031532306461763825,0.05276248274610929,0.03546134160223956,0.05744070475961696,0.03947500271200424,0.06319930297060797,0.04380510938217722,0.06952124291603211,0.04841314555148857,0.07647379121931683,0.05345537159491405,0.08531969549175072,0.06023697661503347,0.09419425998484215,0.06693743948638187,0.1040439585637567,0.07455820426137315,0.11489683909092492,0.08315232202966583,0.1267344380379853,0.0926837462736482,0.14412723020494717,0.10735242989290476,0.15869373864382932,0.1193990490736189,0.1742094023346592,0.13230697452394005,0.19064266627243315,0.1460565292727914,0.20790516530935493,0.160553244455446,0.23104199826218272,0.1807725184999774,0.2481824431706649,0.19584855334566217,0.2643433561478751,0.21046204266415688,0.27918600103454294,0.2243230708497818,0.29232498183012673,0.23711962870091466,0.30874461615827087,0.2531486516245191,0.32340974210617507,0.26770089626028926,0.33877004309227504,0.2830887374522243,0.35486013591271,0.29935989031172117,0.3717124291627393,0.3165652715371339,0.39263587474753747,0.33792311104570344,0.41142327566401565,0.3574679615369657,0.4311094978418082,0.37762562928702265,0.45211319810187584,0.3994478664805262,0.4744085440102263,0.4225302236048464,0.502767713773996,0.45211431589441625,0.5283671047644366,0.47840630363216785,0.556309465673649,0.5062353340578593,0.5869634125567932,0.5357739702109455,0.620389785287238,0.5673469513644843,0.6605888707610605,0.6036639241522633,0.7000246116106076,0.637666794786516,0.7439029765969384,0.6741424332899656,0.7959621450257217,0.7146656292749304,1,1
285,2004,2,1,0.001161173454212951,4.715281337979338e-4,0.0011932681405293205,4.710222748464266e-4,0.001227624268778073,4.852715181877433e-4,0.001233409265120949,4.974168462494517e-4,0.0012397695040385305,5.190513561399498e-4,0.0012517537535588251,5.586091852412549e-4,0.0013383596082293654,5.90270508583061e-4,0.0014188432183099898,6.382797652107893e-4,0.0014690762428491836,6.5151224767123e-4,0.0015631308645602453,7.000724711914403e-4,0.0016594982134531403,7.781728588793458e-4,0.0016874320937486993,8.246613483408688e-4,0.0018187621011035437,9.339237477864077e-4,0.0020002052646933117,9.630589253692159e-4,0.0021829217853629452,0.0010718667387064344,0.0023584940670377604,0.0011538177367312447,0.0025387409286723147,0.0012680035860825392,0.0027940127761485354,0.0014075882343468472,0.0030377393858672845,0.0014680736922830216,0.003222068280636444,0.0016490061135442974,0.004037951189354745,0.0020270463188840665,0.004326221098809862,0.0022008226784048365,0.004775105251334035,0.0023936497418032355,0.005194778378273428,0.0025161571132530695,0.005525831675583656,0.0027080646854759673,0.0058216897113136535,0.002994914738654344,0.006176182010831733,0.003245865795045288,0.006635730416281337,0.0035818296797880877,0.007256142621811052,0.0037918449220574707,0.007691570584750956,0.004139175670525753,0.008212012168807074,0.004370047702542685,0.008917823371337728,0.0047503364279554245,0.009592594937904535,0.005071820227985461,0.010071069337963917,0.005327934959221662,0.010817362210940646,0.005865962085883262,0.01612334274404516,0.00919311012654255,0.017037457106761154,0.009983144225820114,0.018437933536758083,0.010924096615906305,0.0193827369598157,0.011676305254849098,0.020629371449359637,0.012716047217131047,0.02224955352230779,0.01378112551148515,0.023879004681640864,0.015267159847004497,0.02605525324025032,0.016620321873974258,0.028236103705278067,0.01803892250595246,0.030676841312172447,0.01959249551705162,0.033373523374936265,0.021488381350304477,0.036552219262690845,0.026372988769742207,0.039856717653487035,0.026696093278229006,0.043367645713888174,0.028648338098465252,0.050082886647875996,0.031532306461763825,0.05276248274610929,0.03546134160223956,0.05744070475961696,0.03947500271200424,0.06319930297060797,0.04380510938217722,0.06952124291603211,0.04841314555148857,0.07647379121931683,0.05345537159491405,0.08531969549175072,0.06023697661503347,0.09419425998484215,0.06693743948638187,0.1040439585637567,0.07455820426137315,0.11489683909092492,0.08315232202966583,0.1267344380379853,0.0926837462736482,0.14412723020494717,0.10735242989290476,0.15869373864382932,0.1193990490736189,0.1742094023346592,0.13230697452394005,0.19064266627243315,0.1460565292727914,0.20790516530935493,0.160553244455446,0.23104199826218272,0.1807725184999774,0.2481824431706649,0.19584855334566217,0.2643433561478751,0.21046204266415688,0.27918600103454294,0.2243230708497818,0.29232498183012673,0.23711962870091466,0.30874461615827087,0.2531486516245191,0.32340974210617507,0.26770089626028926,0.33877004309227504,0.2830887374522243,0.35486013591271,0.29935989031172117,0.3717124291627393,0.3165652715371339,0.39263587474753747,0.33792311104570344,0.41142327566401565,0.3574679615369657,0.4311094978418082,0.37762562928702265,0.45211319810187584,0.3994478664805262,0.4744085440102263,0.4225302236048464,0.502767713773996,0.45211431589441625,0.5283671047644366,0.47840630363216785,0.556309465673649,0.5062353340578593,0.5869634125567932,0.5357739702109455,0.620389785287238,0.5673469513644843,0.6605888707610605,0.6036639241522633,0.7000246116106076,0.637666794786516,0.7439029765969384,0.6741424332899656,0.7959621450257217,0.7146656292749304,1,1
8901,2004,0,1,0.00152595535300661,,0.001618507106094095,,0.0016644995525256052,,0.001508622233508693,,0.0013741723437768105,,0.001357312792143796,,0.0014210948554240369,,0.0015174587151159267,,0.0016922980840848368,,0.0017968965946801702,,0.0019000652043320116,,0.001986261327291637,,0.002178395066495135,,0.002312862254661775,,0.0024651925243756433,,0.00259391487411415,,0.002779799938541879,,0.0029569272104329105,,0.0032105716516835124,,0.003450327612815071,,0.003551639390194546,,0.003856106830825274,,0.004224320974656656,,0.004622129689001841,,0.005007666680149906,,0.005422181169222536,,0.005841265935373081,,0.007473339449027971,,0.0080735301242523,,0.008215306751254264,,0.008350430571684032,,0.008866268305966854,,0.009555273079392787,,0.010093853263182186,,0.010621460183479054,,0.017181101364345988,,0.018095002902230994,,0.01901925437276485,,0.019972313913361423,,0.021070732145557467,,0.021976360247818398,,0.02345084893061368,,0.025206808498957928,,0.027546543287013007,,0.029884934243797727,,0.032766593324599844,,0.03546675631866817,,0.038616946478414495,,0.042096002643848655,,0.045930464878587554,,0.05294973474735572,,0.058054658288278035,,0.06381269817733823,,0.07025501014139095,,0.07747852310842837,,0.09040238017405444,,0.0998183331790106,,0.11031435138159408,,0.12161003324011313,,0.1339903959594973,,0.16018428483357872,,0.17659065981206723,,0.19434711628758994,,0.21336711057443947,,0.23269635429821653,,0.26944164933373405,,0.2894055467526981,,0.3082166822780406,,0.32544695314446276,,0.340682103576379,,0.36314076697533254,,0.38029718722995143,,0.3982648102985998,,0.4170828693187987,,0.4367882895964504,,0.46412917078510607,,0.48622204287247006,,0.5094097648085119,,0.5337354818552411,,0.559387470743223,,0.5969586614100243,,0.6272324022023438,,0.6597397670866958,,0.695413956176805,,0.7349308788700076,,0.7865841025649205,,0.8359962221275736,,0.8903564069185492,,0.9506162909603099,,1,1
8902,2004,0,1,0.00152595535300661,,0.001618507106094095,,0.0016644995525256052,,0.001508622233508693,,0.0013741723437768105,,0.001357312792143796,,0.0014210948554240369,,0.0015174587151159267,,0.0016922980840848368,,0.0017968965946801702,,0.0019000652043320116,,0.001986261327291637,,0.002178395066495135,,0.002312862254661775,,0.0024651925243756433,,0.00259391487411415,,0.002779799938541879,,0.0029569272104329105,,0.0032105716516835124,,0.003450327612815071,,0.003551639390194546,,0.003856106830825274,,0.004224320974656656,,0.004622129689001841,,0.005007666680149906,,0.005422181169222536,,0.005841265935373081,,0.007473339449027971,,0.0080735301242523,,0.008215306751254264,,0.008350430571684032,,0.008866268305966854,,0.009555273079392787,,0.010093853263182186,,0.010621460183479054,,0.017181101364345988,,0.018095002902230994,,0.01901925437276485,,0.019972313913361423,,0.021070732145557467,,0.021976360247818398,,0.02345084893061368,,0.025206808498957928,,0.027546543287013007,,0.029884934243797727,,0.032766593324599844,,0.03546675631866817,,0.038616946478414495,,0.042096002643848655,,0.045930464878587554,,0.05294973474735572,,0.058054658288278035,,0.06381269817733823,,0.07025501014139095,,0.07747852310842837,,0.09040238017405444,,0.0998183331790106,,0.11031435138159408,,0.12161003324011313,,0.1339903959594973,,0.16018428483357872,,0.17659065981206723,,0.19434711628758994,,0.21336711057443947,,0.23269635429821653,,0.26944164933373405,,0.2894055467526981,,0.3082166822780406,,0.32544695314446276,,0.340682103576379,,0.36314076697533254,,0.38029718722995143,,0.3982648102985998,,0.4170828693187987,,0.4367882895964504,,0.46412917078510607,,0.48622204287247006,,0.5094097648085119,,0.5337354818552411,,0.559387470743223,,0.5969586614100243,,0.6272324022023438,,0.6597397670866958,,0.695413956176805,,0.7349308788700076,,0.7865841025649205,,0.8359962221275736,,0.8903564069185492,,0.9506162909603099,,1,1
8903,2004,0,1,0.00152595535300661,,0.001618507106094095,,0.0016644995525256052,,0.001508622233508693,,0.0013741723437768105,,0.001357312792143796,,0.0014210948554240369,,0.0015174587151159267,,0.0016922980840848368,,0.0017968965946801702,,0.0019000652043320116,,0.001986261327291637,,0.002178395066495135,,0.002312862254661775,,0.0024651925243756433,,0.00259391487411415,,0.002779799938541879,,0.0029569272104329105,,0.0032105716516835124,,0.003450327612815071,,0.003551639390194546,,0.003856106830825274,,0.004224320974656656,,0.004622129689001841,,0.005007666680149906,,0.005422181169222536,,0.005841265935373081,,0.007473339449027971,,0.0080735301242523,,0.008215306751254264,,0.008350430571684032,,0.008866268305966854,,0.009555273079392787,,0.010093853263182186,,0.010621460183479054,,0.017181101364345988,,0.018095002902230994,,0.01901925437276485,,0.019972313913361423,,0.021070732145557467,,0.021976360247818398,,0.02345084893061368,,0.025206808498957928,,0.027546543287013007,,0.029884934243797727,,0.032766593324599844,,0.03546675631866817,,0.038616946478414495,,0.042096002643848655,,0.045930464878587554,,0.05294973474735572,,0.058054658288278035,,0.06381269817733823,,0.07025501014139095,,0.07747852310842837,,0.09040238017405444,,0.0998183331790106,,0.11031435138159408,,0.12161003324011313,,0.1339903959594973,,0.16018428483357872,,0.17659065981206723,,0.19434711628758994,,0.21336711057443947,,0.23269635429821653,,0.26944164933373405,,0.2894055467526981,,0.3082166822780406,,0.32544695314446276,,0.340682103576379,,0.36314076697533254,,0.38029718722995143,,0.3982648102985998,,0.4170828693187987,,0.4367882895964504,,0.46412917078510607,,0.48622204287247006,,0.5094097648085119,,0.5337354818552411,,0.559387470743223,,0.5969586614100243,,0.6272324022023438,,0.6597397670866958,,0.695413956176805,,0.7349308788700076,,0.7865841025649205,,0.8359962221275736,,0.8903564069185492,,0.9506162909603099,,1,1
8904,2004,0,1,0.00152595535300661,,0.001618507106094095,,0.0016644995525256052,,0.001508622233508693,,0.0013741723437768105,,0.001357312792143796,,0.0014210948554240369,,0.0015174587151159267,,0.0016922980840848368,,0.0017968965946801702,,0.0019000652043320116,,0.001986261327291637,,0.002178395066495135,,0.002312862254661775,,0.0024651925243756433,,0.00259391487411415,,0.002779799938541879,,0.0029569272104329105,,0.0032105716516835124,,0.003450327612815071,,0.003551639390194546,,0.003856106830825274,,0.004224320974656656,,0.004622129689001841,,0.005007666680149906,,0.005422181169222536,,0.005841265935373081,,0.007473339449027971,,0.0080735301242523,,0.008215306751254264,,0.008350430571684032,,0.008866268305966854,,0.009555273079392787,,0.010093853263182186,,0.010621460183479054,,0.017181101364345988,,0.018095002902230994,,0.01901925437276485,,0.019972313913361423,,0.021070732145557467,,0.021976360247818398,,0.02345084893061368,,0.025206808498957928,,0.027546543287013007,,0.029884934243797727,,0.032766593324599844,,0.03546675631866817,,0.038616946478414495,,0.042096002643848655,,0.045930464878587554,,0.05294973474735572,,0.058054658288278035,,0.06381269817733823,,0.07025501014139095,,0.07747852310842837,,0.09040238017405444,,0.0998183331790106,,0.11031435138159408,,0.12161003324011313,,0.1339903959594973,,0.16018428483357872,,0.17659065981206723,,0.19434711628758994,,0.21336711057443947,,0.23269635429821653,,0.26944164933373405,,0.2894055467526981,,0.3082166822780406,,0.32544695314446276,,0.340682103576379,,0.36314076697533254,,0.38029718722995143,,0.3982648102985998,,0.4170828693187987,,0.4367882895964504,,0.46412917078510607,,0.48622204287247006,,0.5094097648085119,,0.5337354818552411,,0.559387470743223,,0.5969586614100243,,0.6272324022023438,,0.6597397670866958,,0.695413956176805,,0.7349308788700076,,0.7865841025649205,,0.8359962221275736,,0.8903564069185492,,0.9506162909603099,,1,1
8905,2004,0,1,0.00152595535300661,,0.001618507106094095,,0.0016644995525256052,,0.001508622233508693,,0.0013741723437768105,,0.001357312792143796,,0.0014210948554240369,,0.0015174587151159267,,0.0016922980840848368,,0.0017968965946801702,,0.0019000652043320116,,0.001986261327291637,,0.002178395066495135,,0.002312862254661775,,0.0024651925243756433,,0.00259391487411415,,0.002779799938541879,,0.0029569272104329105,,0.0032105716516835124,,0.003450327612815071,,0.003551639390194546,,0.003856106830825274,,0.004224320974656656,,0.004622129689001841,,0.005007666680149906,,0.005422181169222536,,0.005841265935373081,,0.007473339449027971,,0.0080735301242523,,0.008215306751254264,,0.008350430571684032,,0.008866268305966854,,0.009555273079392787,,0.010093853263182186,,0.010621460183479054,,0.017181101364345988,,0.018095002902230994,,0.01901925437276485,,0.019972313913361423,,0.021070732145557467,,0.021976360247818398,,0.02345084893061368,,0.025206808498957928,,0.027546543287013007,,0.029884934243797727,,0.032766593324599844,,0.03546675631866817,,0.038616946478414495,,0.042096002643848655,,0.045930464878587554,,0.05294973474735572,,0.058054658288278035,,0.06381269817733823,,0.07025501014139095,,0.07747852310842837,,0.09040238017405444,,0.0998183331790106,,0.11031435138159408,,0.12161003324011313,,0.1339903959594973,,0.16018428483357872,,0.17659065981206723,,0.19434711628758994,,0.21336711057443947,,0.23269635429821653,,0.26944164933373405,,0.2894055467526981,,0.3082166822780406,,0.32544695314446276,,0.340682103576379,,0.36314076697533254,,0.38029718722995143,,0.3982648102985998,,0.4170828693187987,,0.4367882895964504,,0.46412917078510607,,0.48622204287247006,,0.5094097648085119,,0.5337354818552411,,0.559387470743223,,0.5969586614100243,,0.6272324022023438,,0.6597397670866958,,0.695413956176805,,0.7349308788700076,,0.7865841025649205,,0.8359962221275736,,0.8903564069185492,,0.9506162909603099,,1,1
12691,2004,0,2,,0.0012773441922946558,,0.0013831189288857908,,0.0015266720472448929,,0.001662653071976934,,0.0017608320854147746,,0.001913783838232894,,0.00203270940072413,,0.002166726186257019,,0.0023573854415931505,,0.0025083438951271826,,0.002808473446197947,,0.0029857859842008136,,0.003333003618240076,,0.003479983537873361,,0.0036401210937488885,,0.003917235176760368,,0.004347139854207872,,0.004708941466498078,,0.00518192101760058,,0.005713175286621275,,0.006605886365625698,,0.006976603800321092,,0.007688694229762231,,0.008123365218246439,,0.008567715244337883,,0.009187329519145974,,0.009913315083334805,,0.010495155984041462,,0.011334478610052871,,0.01230377551465974,,0.013237400333283121,,0.014564424546353713,,0.01574023894470307,,0.01705264445852153,,0.018390454234175218,,0.014659163024762972,,0.015508184501436364,,0.0194822759647047,,0.02264771472206136,,0.022548512285233652,,0.02185239942436626,,0.023104374164158146,,0.025143018672861405,,0.027669142896417948,,0.030182224097843144,,0.03312558630699599,,0.0361300763874294,,0.0396515001167091,,0.04357182929177482,,0.047995645864705345,,0.0546664803794418,,0.06066350831721388,,0.06761372604678925,,0.07522729215812118,,0.08342054108954668,,0.09620643174511549,,0.10704709809201984,,0.11899334507518507,,0.13230812160269498,,0.14751433743494305,,0.1732908005665776,,0.19216485486101567,,0.21278990983882917,,0.2352272206433784,,0.2586834584667519,,0.2974564701859996,,0.3223126121393415,,0.34636944917322404,,0.3691294700013307,,0.390089187225796,,0.4180215325981393,,0.4419424130943198,,0.46723032910695816,,0.49396446411405653,,0.522229977705165,,0.5583107511723286,,0.5904646334153727,,0.6245394714023259,,0.6605774872667076,,0.6988338106969646,,0.7491059820367073,,0.792986539986248,,0.8394469916453802,,0.8886929461026568,,0.9414982396536096,,1,,1,,1,,0.9999999999999997,1,1
12692,2004,0,2,,0.0012773441922946558,,0.0013831189288857908,,0.0015266720472448929,,0.001662653071976934,,0.0017608320854147746,,0.001913783838232894,,0.00203270940072413,,0.002166726186257019,,0.0023573854415931505,,0.0025083438951271826,,0.002808473446197947,,0.0029857859842008136,,0.003333003618240076,,0.003479983537873361,,0.0036401210937488885,,0.003917235176760368,,0.004347139854207872,,0.004708941466498078,,0.00518192101760058,,0.005713175286621275,,0.006605886365625698,,0.006976603800321092,,0.007688694229762231,,0.008123365218246439,,0.008567715244337883,,0.009187329519145974,,0.009913315083334805,,0.010495155984041462,,0.011334478610052871,,0.01230377551465974,,0.013237400333283121,,0.014564424546353713,,0.01574023894470307,,0.01705264445852153,,0.018390454234175218,,0.014659163024762972,,0.015508184501436364,,0.0194822759647047,,0.02264771472206136,,0.022548512285233652,,0.02185239942436626,,0.023104374164158146,,0.025143018672861405,,0.027669142896417948,,0.030182224097843144,,0.03312558630699599,,0.0361300763874294,,0.0396515001167091,,0.04357182929177482,,0.047995645864705345,,0.0546664803794418,,0.06066350831721388,,0.06761372604678925,,0.07522729215812118,,0.08342054108954668,,0.09620643174511549,,0.10704709809201984,,0.11899334507518507,,0.13230812160269498,,0.14751433743494305,,0.1732908005665776,,0.19216485486101567,,0.21278990983882917,,0.2352272206433784,,0.2586834584667519,,0.2974564701859996,,0.3223126121393415,,0.34636944917322404,,0.3691294700013307,,0.390089187225796,,0.4180215325981393,,0.4419424130943198,,0.46723032910695816,,0.49396446411405653,,0.522229977705165,,0.5583107511723286,,0.5904646334153727,,0.6245394714023259,,0.6605774872667076,,0.6988338106969646,,0.7491059820367073,,0.792986539986248,,0.8394469916453802,,0.8886929461026568,,0.9414982396536096,,1,,1,,1,,0.9999999999999997,1,1
12693,2004,0,2,,0.0012773441922946558,,0.0013831189288857908,,0.0015266720472448929,,0.001662653071976934,,0.0017608320854147746,,0.001913783838232894,,0.00203270940072413,,0.002166726186257019,,0.0023573854415931505,,0.0025083438951271826,,0.002808473446197947,,0.0029857859842008136,,0.003333003618240076,,0.003479983537873361,,0.0036401210937488885,,0.003917235176760368,,0.004347139854207872,,0.004708941466498078,,0.00518192101760058,,0.005713175286621275,,0.006605886365625698,,0.006976603800321092,,0.007688694229762231,,0.008123365218246439,,0.008567715244337883,,0.009187329519145974,,0.009913315083334805,,0.010495155984041462,,0.011334478610052871,,0.01230377551465974,,0.013237400333283121,,0.014564424546353713,,0.01574023894470307,,0.01705264445852153,,0.018390454234175218,,0.014659163024762972,,0.015508184501436364,,0.0194822759647047,,0.02264771472206136,,0.022548512285233652,,0.02185239942436626,,0.023104374164158146,,0.025143018672861405,,0.027669142896417948,,0.030182224097843144,,0.03312558630699599,,0.0361300763874294,,0.0396515001167091,,0.04357182929177482,,0.047995645864705345,,0.0546664803794418,,0.06066350831721388,,0.06761372604678925,,0.07522729215812118,,0.08342054108954668,,0.09620643174511549,,0.10704709809201984,,0.11899334507518507,,0.13230812160269498,,0.14751433743494305,,0.1732908005665776,,0.19216485486101567,,0.21278990983882917,,0.2352272206433784,,0.2586834584667519,,0.2974564701859996,,0.3223126121393415,,0.34636944917322404,,0.3691294700013307,,0.390089187225796,,0.4180215325981393,,0.4419424130943198,,0.46723032910695816,,0.49396446411405653,,0.522229977705165,,0.5583107511723286,,0.5904646334153727,,0.6245394714023259,,0.6605774872667076,,0.6988338106969646,,0.7491059820367073,,0.792986539986248,,0.8394469916453802,,0.8886929461026568,,0.9414982396536096,,1,,1,,1,,0.9999999999999997,1,1
12694,2004,0,2,,0.0012773441922946558,,0.0013831189288857908,,0.0015266720472448929,,0.001662653071976934,,0.0017608320854147746,,0.001913783838232894,,0.00203270940072413,,0.002166726186257019,,0.0023573854415931505,,0.0025083438951271826,,0.002808473446197947,,0.0029857859842008136,,0.003333003618240076,,0.003479983537873361,,0.0036401210937488885,,0.003917235176760368,,0.004347139854207872,,0.004708941466498078,,0.00518192101760058,,0.005713175286621275,,0.006605886365625698,,0.006976603800321092,,0.007688694229762231,,0.008123365218246439,,0.008567715244337883,,0.009187329519145974,,0.009913315083334805,,0.010495155984041462,,0.011334478610052871,,0.01230377551465974,,0.013237400333283121,,0.014564424546353713,,0.01574023894470307,,0.01705264445852153,,0.018390454234175218,,0.014659163024762972,,0.015508184501436364,,0.0194822759647047,,0.02264771472206136,,0.022548512285233652,,0.02185239942436626,,0.023104374164158146,,0.025143018672861405,,0.027669142896417948,,0.030182224097843144,,0.03312558630699599,,0.0361300763874294,,0.0396515001167091,,0.04357182929177482,,0.047995645864705345,,0.0546664803794418,,0.06066350831721388,,0.06761372604678925,,0.07522729215812118,,0.08342054108954668,,0.09620643174511549,,0.10704709809201984,,0.11899334507518507,,0.13230812160269498,,0.14751433743494305,,0.1732908005665776,,0.19216485486101567,,0.21278990983882917,,0.2352272206433784,,0.2586834584667519,,0.2974564701859996,,0.3223126121393415,,0.34636944917322404,,0.3691294700013307,,0.390089187225796,,0.4180215325981393,,0.4419424130943198,,0.46723032910695816,,0.49396446411405653,,0.522229977705165,,0.5583107511723286,,0.5904646334153727,,0.6245394714023259,,0.6605774872667076,,0.6988338106969646,,0.7491059820367073,,0.792986539986248,,0.8394469916453802,,0.8886929461026568,,0.9414982396536096,,1,,1,,1,,0.9999999999999997,1,1
12695,2004,0,2,,0.0012773441922946558,,0.0013831189288857908,,0.0015266720472448929,,0.001662653071976934,,0.0017608320854147746,,0.001913783838232894,,0.00203270940072413,,0.002166726186257019,,0.0023573854415931505,,0.0025083438951271826,,0.002808473446197947,,0.0029857859842008136,,0.003333003618240076,,0.003479983537873361,,0.0036401210937488885,,0.003917235176760368,,0.004347139854207872,,0.004708941466498078,,0.00518192101760058,,0.005713175286621275,,0.006605886365625698,,0.006976603800321092,,0.007688694229762231,,0.008123365218246439,,0.008567715244337883,,0.009187329519145974,,0.009913315083334805,,0.010495155984041462,,0.011334478610052871,,0.01230377551465974,,0.013237400333283121,,0.014564424546353713,,0.01574023894470307,,0.01705264445852153,,0.018390454234175218,,0.014659163024762972,,0.015508184501436364,,0.0194822759647047,,0.02264771472206136,,0.022548512285233652,,0.02185239942436626,,0.023104374164158146,,0.025143018672861405,,0.027669142896417948,,0.030182224097843144,,0.03312558630699599,,0.0361300763874294,,0.0396515001167091,,0.04357182929177482,,0.047995645864705345,,0.0546664803794418,,0.06066350831721388,,0.06761372604678925,,0.07522729215812118,,0.08342054108954668,,0.09620643174511549,,0.10704709809201984,,0.11899334507518507,,0.13230812160269498,,0.14751433743494305,,0.1732908005665776,,0.19216485486101567,,0.21278990983882917,,0.2352272206433784,,0.2586834584667519,,0.2974564701859996,,0.3223126121393415,,0.34636944917322404,,0.3691294700013307,,0.390089187225796,,0.4180215325981393,,0.4419424130943198,,0.46723032910695816,,0.49396446411405653,,0.522229977705165,,0.5583107511723286,,0.5904646334153727,,0.6245394714023259,,0.6605774872667076,,0.6988338106969646,,0.7491059820367073,,0.792986539986248,,0.8394469916453802,,0.8886929461026568,,0.9414982396536096,,1,,1,,1,,0.9999999999999997,1,1
12821,2004,2,1,0.0011271461814367108,3.84058869619628e-4,0.0011442159211907253,4.106006142022275e-4,0.0011358963702702797,4.233745432138711e-4,0.0011535969603023804,4.504354151914186e-4,0.0011634488136867596,4.8260364813388203e-4,0.0012308018401677209,5.183504881556023e-4,0.0013575023266377284,5.944140055668264e-4,0.001501213243404231,6.414088440021695e-4,0.0016443926102640476,6.598395133769475e-4,0.0017676689538990856,6.777693330173329e-4,0.0018680081410951755,7.253143349879362e-4,0.0019417660546312122,7.943187875926014e-4,0.002058620511349195,8.801987271158548e-4,0.0022889300997353023,9.77858827032137e-4,0.0024727261954712535,0.0010811809180262019,0.0026215061977245147,0.0011641228074369154,0.0027941052328319775,0.0012537573042130925,0.0028254664442113895,0.0013516282109426844,0.0029316095737726656,0.0014516153913139934,0.0030822619666332506,0.0015450381309663045,0.0027400661342305756,0.0020985717300534773,0.0029561424595929103,0.0022401206074789508,0.003170964091912642,0.0023754048219616756,0.003541504838469898,0.002565500318685615,0.003812725773976219,0.0027512859606528225,0.003991611311347758,0.0030040593499139285,0.00429507991092602,0.003295250889992405,0.004565080235251338,0.0035599676192305404,0.004928529347558337,0.003830070006486883,0.005305902579679318,0.0041368292959138055,0.00560526689405278,0.0043872455001844985,0.005889610057932,0.004743951024697259,0.00630054702747766,0.0058543022035125875,0.006932292185442681,0.0069622909089144,0.007520766697770739,0.006898818039012312,0.011012943197378179,0.0075293156117690815,0.01187874927773334,0.007729923347526013,0.012646258871132555,0.00819128226640545,0.013765596083793909,0.008751352042359958,0.01463402312830707,0.009473525195899191,0.015599509358178767,0.010115572714225463,0.018916717709644655,0.011027548022713407,0.01852682295460114,0.012052662380448548,0.019427099988189683,0.01330183472556771,0.02105462481385184,0.014525015923794933,0.02318103129101635,0.016005766255837908,0.02534410144700252,0.01745736319550818,0.027671822770847575,0.019158787608479583,0.030141210373204164,0.02105350361394393,0.032833939056776,0.02319040710881642,0.036889924252113175,0.026724663657718858,0.04059759726446712,0.029656889475852787,0.04467760859911285,0.03305439031307051,0.04914185524040493,0.03677582646735149,0.054051011105004224,0.040781470022452124,0.06117909174344343,0.047483263893392934,0.06753797711490077,0.05283354461366181,0.07457500466551237,0.05873008418228029,0.08235729280494263,0.06530123432865077,0.09084211510741667,0.07280675450513535,0.10547195144640205,0.08660380141750657,0.11613108659025469,0.09603612553180607,0.12749316395456844,0.10634475579863285,0.13951860900534307,0.1175571961600017,0.15215905990316225,0.12927998744542302,0.17123160730147088,0.14981397215464284,0.1839345894807467,0.16233361376010416,0.1959162668557853,0.17444986421601513,0.20690701900587763,0.1859128960490745,0.21664447908267986,0.19646829779564517,0.2295928233727567,0.21097509921167615,0.24049824930980832,0.22304856575778623,0.2515638026057655,0.2358103948526558,0.2634990669673288,0.24930413440447496,0.2759998074480501,0.263569512329487,0.2924356707384038,0.2822561489333792,0.30660141209586295,0.29850868666896097,0.32153029918276355,0.31569559443465683,0.33748824763594815,0.33387340811127514,0.3546197965744619,0.3531056361123279,0.3783533216419882,0.37901931254056687,0.3987941019758822,0.4011865546666092,0.4209132429262372,0.4246926800206794,0.44526447954437975,0.4496436141277062,0.4717768784601864,0.4765380442944933,0.5051645933662428,0.5091521452813591,0.5366382365068508,0.537791608023387,0.5714741556218871,0.5683877585432803,0.6111285578911179,0.6016846899464174,1,1
12822,2004,2,1,0.0011271461814367108,3.84058869619628e-4,0.0011442159211907253,4.106006142022275e-4,0.0011358963702702797,4.233745432138711e-4,0.0011535969603023804,4.504354151914186e-4,0.0011634488136867596,4.8260364813388203e-4,0.0012308018401677209,5.183504881556023e-4,0.0013575023266377284,5.944140055668264e-4,0.001501213243404231,6.414088440021695e-4,0.0016443926102640476,6.598395133769475e-4,0.0017676689538990856,6.777693330173329e-4,0.0018680081410951755,7.253143349879362e-4,0.0019417660546312122,7.943187875926014e-4,0.002058620511349195,8.801987271158548e-4,0.0022889300997353023,9.77858827032137e-4,0.0024727261954712535,0.0010811809180262019,0.0026215061977245147,0.0011641228074369154,0.0027941052328319775,0.0012537573042130925,0.0028254664442113895,0.0013516282109426844,0.0029316095737726656,0.0014516153913139934,0.0030822619666332506,0.0015450381309663045,0.0027400661342305756,0.0020985717300534773,0.0029561424595929103,0.0022401206074789508,0.003170964091912642,0.0023754048219616756,0.003541504838469898,0.002565500318685615,0.003812725773976219,0.0027512859606528225,0.003991611311347758,0.0030040593499139285,0.00429507991092602,0.003295250889992405,0.004565080235251338,0.0035599676192305404,0.004928529347558337,0.003830070006486883,0.005305902579679318,0.0041368292959138055,0.00560526689405278,0.0043872455001844985,0.005889610057932,0.004743951024697259,0.00630054702747766,0.0058543022035125875,0.006932292185442681,0.0069622909089144,0.007520766697770739,0.006898818039012312,0.011012943197378179,0.0075293156117690815,0.01187874927773334,0.007729923347526013,0.012646258871132555,0.00819128226640545,0.013765596083793909,0.008751352042359958,0.01463402312830707,0.009473525195899191,0.015599509358178767,0.010115572714225463,0.018916717709644655,0.011027548022713407,0.01852682295460114,0.012052662380448548,0.019427099988189683,0.01330183472556771,0.02105462481385184,0.014525015923794933,0.02318103129101635,0.016005766255837908,0.02534410144700252,0.01745736319550818,0.027671822770847575,0.019158787608479583,0.030141210373204164,0.02105350361394393,0.032833939056776,0.02319040710881642,0.036889924252113175,0.026724663657718858,0.04059759726446712,0.029656889475852787,0.04467760859911285,0.03305439031307051,0.04914185524040493,0.03677582646735149,0.054051011105004224,0.040781470022452124,0.06117909174344343,0.047483263893392934,0.06753797711490077,0.05283354461366181,0.07457500466551237,0.05873008418228029,0.08235729280494263,0.06530123432865077,0.09084211510741667,0.07280675450513535,0.10547195144640205,0.08660380141750657,0.11613108659025469,0.09603612553180607,0.12749316395456844,0.10634475579863285,0.13951860900534307,0.1175571961600017,0.15215905990316225,0.12927998744542302,0.17123160730147088,0.14981397215464284,0.1839345894807467,0.16233361376010416,0.1959162668557853,0.17444986421601513,0.20690701900587763,0.1859128960490745,0.21664447908267986,0.19646829779564517,0.2295928233727567,0.21097509921167615,0.24049824930980832,0.22304856575778623,0.2515638026057655,0.2358103948526558,0.2634990669673288,0.24930413440447496,0.2759998074480501,0.263569512329487,0.2924356707384038,0.2822561489333792,0.30660141209586295,0.29850868666896097,0.32153029918276355,0.31569559443465683,0.33748824763594815,0.33387340811127514,0.3546197965744619,0.3531056361123279,0.3783533216419882,0.37901931254056687,0.3987941019758822,0.4011865546666092,0.4209132429262372,0.4246926800206794,0.44526447954437975,0.4496436141277062,0.4717768784601864,0.4765380442944933,0.5051645933662428,0.5091521452813591,0.5366382365068508,0.537791608023387,0.5714741556218871,0.5683877585432803,0.6111285578911179,0.6016846899464174,1,1
12823,2004,2,1,0.0011271461814367108,3.84058869619628e-4,0.0011442159211907253,4.106006142022275e-4,0.0011358963702702797,4.233745432138711e-4,0.0011535969603023804,4.504354151914186e-4,0.0011634488136867596,4.8260364813388203e-4,0.0012308018401677209,5.183504881556023e-4,0.0013575023266377284,5.944140055668264e-4,0.001501213243404231,6.414088440021695e-4,0.0016443926102640476,6.598395133769475e-4,0.0017676689538990856,6.777693330173329e-4,0.0018680081410951755,7.253143349879362e-4,0.0019417660546312122,7.943187875926014e-4,0.002058620511349195,8.801987271158548e-4,0.0022889300997353023,9.77858827032137e-4,0.0024727261954712535,0.0010811809180262019,0.0026215061977245147,0.0011641228074369154,0.0027941052328319775,0.0012537573042130925,0.0028254664442113895,0.0013516282109426844,0.0029316095737726656,0.0014516153913139934,0.0030822619666332506,0.0015450381309663045,0.0027400661342305756,0.0020985717300534773,0.0029561424595929103,0.0022401206074789508,0.003170964091912642,0.0023754048219616756,0.003541504838469898,0.002565500318685615,0.003812725773976219,0.0027512859606528225,0.003991611311347758,0.0030040593499139285,0.00429507991092602,0.003295250889992405,0.004565080235251338,0.0035599676192305404,0.004928529347558337,0.003830070006486883,0.005305902579679318,0.0041368292959138055,0.00560526689405278,0.0043872455001844985,0.005889610057932,0.004743951024697259,0.00630054702747766,0.0058543022035125875,0.006932292185442681,0.0069622909089144,0.007520766697770739,0.006898818039012312,0.011012943197378179,0.0075293156117690815,0.01187874927773334,0.007729923347526013,0.012646258871132555,0.00819128226640545,0.013765596083793909,0.008751352042359958,0.01463402312830707,0.009473525195899191,0.015599509358178767,0.010115572714225463,0.018916717709644655,0.011027548022713407,0.01852682295460114,0.012052662380448548,0.019427099988189683,0.01330183472556771,0.02105462481385184,0.014525015923794933,0.02318103129101635,0.016005766255837908,0.02534410144700252,0.01745736319550818,0.027671822770847575,0.019158787608479583,0.030141210373204164,0.02105350361394393,0.032833939056776,0.02319040710881642,0.036889924252113175,0.026724663657718858,0.04059759726446712,0.029656889475852787,0.04467760859911285,0.03305439031307051,0.04914185524040493,0.03677582646735149,0.054051011105004224,0.040781470022452124,0.06117909174344343,0.047483263893392934,0.06753797711490077,0.05283354461366181,0.07457500466551237,0.05873008418228029,0.08235729280494263,0.06530123432865077,0.09084211510741667,0.07280675450513535,0.10547195144640205,0.08660380141750657,0.11613108659025469,0.09603612553180607,0.12749316395456844,0.10634475579863285,0.13951860900534307,0.1175571961600017,0.15215905990316225,0.12927998744542302,0.17123160730147088,0.14981397215464284,0.1839345894807467,0.16233361376010416,0.1959162668557853,0.17444986421601513,0.20690701900587763,0.1859128960490745,0.21664447908267986,0.19646829779564517,0.2295928233727567,0.21097509921167615,0.24049824930980832,0.22304856575778623,0.2515638026057655,0.2358103948526558,0.2634990669673288,0.24930413440447496,0.2759998074480501,0.263569512329487,0.2924356707384038,0.2822561489333792,0.30660141209586295,0.29850868666896097,0.32153029918276355,0.31569559443465683,0.33748824763594815,0.33387340811127514,0.3546197965744619,0.3531056361123279,0.3783533216419882,0.37901931254056687,0.3987941019758822,0.4011865546666092,0.4209132429262372,0.4246926800206794,0.44526447954437975,0.4496436141277062,0.4717768784601864,0.4765380442944933,0.5051645933662428,0.5091521452813591,0.5366382365068508,0.537791608023387,0.5714741556218871,0.5683877585432803,0.6111285578911179,0.6016846899464174,1,1
12824,2004,2,1,0.0011271461814367108,3.84058869619628e-4,0.0011442159211907253,4.106006142022275e-4,0.0011358963702702797,4.233745432138711e-4,0.0011535969603023804,4.504354151914186e-4,0.0011634488136867596,4.8260364813388203e-4,0.0012308018401677209,5.183504881556023e-4,0.0013575023266377284,5.944140055668264e-4,0.001501213243404231,6.414088440021695e-4,0.0016443926102640476,6.598395133769475e-4,0.0017676689538990856,6.777693330173329e-4,0.0018680081410951755,7.253143349879362e-4,0.0019417660546312122,7.943187875926014e-4,0.002058620511349195,8.801987271158548e-4,0.0022889300997353023,9.77858827032137e-4,0.0024727261954712535,0.0010811809180262019,0.0026215061977245147,0.0011641228074369154,0.0027941052328319775,0.0012537573042130925,0.0028254664442113895,0.0013516282109426844,0.0029316095737726656,0.0014516153913139934,0.0030822619666332506,0.0015450381309663045,0.0027400661342305756,0.0020985717300534773,0.0029561424595929103,0.0022401206074789508,0.003170964091912642,0.0023754048219616756,0.003541504838469898,0.002565500318685615,0.003812725773976219,0.0027512859606528225,0.003991611311347758,0.0030040593499139285,0.00429507991092602,0.003295250889992405,0.004565080235251338,0.0035599676192305404,0.004928529347558337,0.003830070006486883,0.005305902579679318,0.0041368292959138055,0.00560526689405278,0.0043872455001844985,0.005889610057932,0.004743951024697259,0.00630054702747766,0.0058543022035125875,0.006932292185442681,0.0069622909089144,0.007520766697770739,0.006898818039012312,0.011012943197378179,0.0075293156117690815,0.01187874927773334,0.007729923347526013,0.012646258871132555,0.00819128226640545,0.013765596083793909,0.008751352042359958,0.01463402312830707,0.009473525195899191,0.015599509358178767,0.010115572714225463,0.018916717709644655,0.011027548022713407,0.01852682295460114,0.012052662380448548,0.019427099988189683,0.01330183472556771,0.02105462481385184,0.014525015923794933,0.02318103129101635,0.016005766255837908,0.02534410144700252,0.01745736319550818,0.027671822770847575,0.019158787608479583,0.030141210373204164,0.02105350361394393,0.032833939056776,0.02319040710881642,0.036889924252113175,0.026724663657718858,0.04059759726446712,0.029656889475852787,0.04467760859911285,0.03305439031307051,0.04914185524040493,0.03677582646735149,0.054051011105004224,0.040781470022452124,0.06117909174344343,0.047483263893392934,0.06753797711490077,0.05283354461366181,0.07457500466551237,0.05873008418228029,0.08235729280494263,0.06530123432865077,0.09084211510741667,0.07280675450513535,0.10547195144640205,0.08660380141750657,0.11613108659025469,0.09603612553180607,0.12749316395456844,0.10634475579863285,0.13951860900534307,0.1175571961600017,0.15215905990316225,0.12927998744542302,0.17123160730147088,0.14981397215464284,0.1839345894807467,0.16233361376010416,0.1959162668557853,0.17444986421601513,0.20690701900587763,0.1859128960490745,0.21664447908267986,0.19646829779564517,0.2295928233727567,0.21097509921167615,0.24049824930980832,0.22304856575778623,0.2515638026057655,0.2358103948526558,0.2634990669673288,0.24930413440447496,0.2759998074480501,0.263569512329487,0.2924356707384038,0.2822561489333792,0.30660141209586295,0.29850868666896097,0.32153029918276355,0.31569559443465683,0.33748824763594815,0.33387340811127514,0.3546197965744619,0.3531056361123279,0.3783533216419882,0.37901931254056687,0.3987941019758822,0.4011865546666092,0.4209132429262372,0.4246926800206794,0.44526447954437975,0.4496436141277062,0.4717768784601864,0.4765380442944933,0.5051645933662428,0.5091521452813591,0.5366382365068508,0.537791608023387,0.5714741556218871,0.5683877585432803,0.6111285578911179,0.6016846899464174,1,1
12825,2004,2,1,0.0011271461814367108,3.84058869619628e-4,0.0011442159211907253,4.106006142022275e-4,0.0011358963702702797,4.233745432138711e-4,0.0011535969603023804,4.504354151914186e-4,0.0011634488136867596,4.8260364813388203e-4,0.0012308018401677209,5.183504881556023e-4,0.0013575023266377284,5.944140055668264e-4,0.001501213243404231,6.414088440021695e-4,0.0016443926102640476,6.598395133769475e-4,0.0017676689538990856,6.777693330173329e-4,0.0018680081410951755,7.253143349879362e-4,0.0019417660546312122,7.943187875926014e-4,0.002058620511349195,8.801987271158548e-4,0.0022889300997353023,9.77858827032137e-4,0.0024727261954712535,0.0010811809180262019,0.0026215061977245147,0.0011641228074369154,0.0027941052328319775,0.0012537573042130925,0.0028254664442113895,0.0013516282109426844,0.0029316095737726656,0.0014516153913139934,0.0030822619666332506,0.0015450381309663045,0.0027400661342305756,0.0020985717300534773,0.0029561424595929103,0.0022401206074789508,0.003170964091912642,0.0023754048219616756,0.003541504838469898,0.002565500318685615,0.003812725773976219,0.0027512859606528225,0.003991611311347758,0.0030040593499139285,0.00429507991092602,0.003295250889992405,0.004565080235251338,0.0035599676192305404,0.004928529347558337,0.003830070006486883,0.005305902579679318,0.0041368292959138055,0.00560526689405278,0.0043872455001844985,0.005889610057932,0.004743951024697259,0.00630054702747766,0.0058543022035125875,0.006932292185442681,0.0069622909089144,0.007520766697770739,0.006898818039012312,0.011012943197378179,0.0075293156117690815,0.01187874927773334,0.007729923347526013,0.012646258871132555,0.00819128226640545,0.013765596083793909,0.008751352042359958,0.01463402312830707,0.009473525195899191,0.015599509358178767,0.010115572714225463,0.018916717709644655,0.011027548022713407,0.01852682295460114,0.012052662380448548,0.019427099988189683,0.01330183472556771,0.02105462481385184,0.014525015923794933,0.02318103129101635,0.016005766255837908,0.02534410144700252,0.01745736319550818,0.027671822770847575,0.019158787608479583,0.030141210373204164,0.02105350361394393,0.032833939056776,0.02319040710881642,0.036889924252113175,0.026724663657718858,0.04059759726446712,0.029656889475852787,0.04467760859911285,0.03305439031307051,0.04914185524040493,0.03677582646735149,0.054051011105004224,0.040781470022452124,0.06117909174344343,0.047483263893392934,0.06753797711490077,0.05283354461366181,0.07457500466551237,0.05873008418228029,0.08235729280494263,0.06530123432865077,0.09084211510741667,0.07280675450513535,0.10547195144640205,0.08660380141750657,0.11613108659025469,0.09603612553180607,0.12749316395456844,0.10634475579863285,0.13951860900534307,0.1175571961600017,0.15215905990316225,0.12927998744542302,0.17123160730147088,0.14981397215464284,0.1839345894807467,0.16233361376010416,0.1959162668557853,0.17444986421601513,0.20690701900587763,0.1859128960490745,0.21664447908267986,0.19646829779564517,0.2295928233727567,0.21097509921167615,0.24049824930980832,0.22304856575778623,0.2515638026057655,0.2358103948526558,0.2634990669673288,0.24930413440447496,0.2759998074480501,0.263569512329487,0.2924356707384038,0.2822561489333792,0.30660141209586295,0.29850868666896097,0.32153029918276355,0.31569559443465683,0.33748824763594815,0.33387340811127514,0.3546197965744619,0.3531056361123279,0.3783533216419882,0.37901931254056687,0.3987941019758822,0.4011865546666092,0.4209132429262372,0.4246926800206794,0.44526447954437975,0.4496436141277062,0.4717768784601864,0.4765380442944933,0.5051645933662428,0.5091521452813591,0.5366382365068508,0.537791608023387,0.5714741556218871,0.5683877585432803,0.6111285578911179,0.6016846899464174,1,1
15811,2004,2,1,6.467773976270632e-4,2.828165442172474e-4,6.912672373920693e-4,3.1211030536039674e-4,7.642892785813848e-4,3.3764886829294147e-4,7.936777115169525e-4,3.613125853833589e-4,8.674932012984776e-4,3.7987788461835403e-4,9.471322004784603e-4,4.191372915887732e-4,0.0010546352459537371,4.5652631426009696e-4,0.001150289680927619,4.931206856294346e-4,0.0012174694185348692,5.138710225255187e-4,0.0013009796492266356,5.480716688107067e-4,0.0013766149132801724,5.833631799260253e-4,0.0014657164017183697,6.108752653272291e-4,0.0015212647825095975,6.359846511366113e-4,0.0016366266549319706,6.632645677378116e-4,0.001751042980936077,7.083215532975056e-4,0.0018525689634312779,7.585232996945902e-4,0.0019731001736816535,7.697387098445528e-4,0.0021155821235375625,8.606636485405178e-4,0.0023123667281100134,9.274244872051857e-4,0.002492402951200796,9.689303929239664e-4,0.0031250317541038452,0.001503160096084622,0.003349721143815922,0.0016092421360928719,0.003630355051713411,0.001777095906232808,0.0039753355736006695,0.0019263194258669655,0.004264525943081121,0.002070712656375547,0.004584373628600101,0.0022616740853522487,0.004975917755281992,0.002423708505161913,0.005378453678533122,0.0025878937402041505,0.0057079711637334505,0.0028491041845653082,0.006142384672869785,0.003023120950003501,0.006487297611917495,0.003331644667105396,0.007105097514524083,0.0035791889756494107,0.0076982667567715634,0.0039308295746472354,0.008264264763999277,0.004300201442391281,0.008934916631633176,0.004618436424524366,0.012788282455141806,0.007911261618044396,0.013690870677567593,0.008686818424655303,0.014584618480519151,0.009454332700590725,0.01542377264059292,0.010067173996988223,0.016490392813848384,0.01079567511132768,0.01764434426280483,0.011579821734479145,0.018710684680195197,0.012414989090892876,0.019513079447054528,0.013476656175766337,0.021275483202489273,0.01442585997131406,0.02231717509408955,0.0153579424708978,0.023799569084955088,0.016963485557814986,0.026129526149328692,0.018109848974245477,0.027546882015995342,0.019900085489493298,0.030024282140324182,0.02187026372627374,0.03266517759323246,0.02395611878403941,0.03555101877477605,0.026557929186199588,0.03935421738176707,0.02955634583173774,0.04303137595363507,0.033277589596765716,0.04793147958327708,0.03634761570291378,0.05173527271873569,0.04075251560043127,0.05817698866476472,0.04510548333783975,0.0641640092388027,0.05006601144502297,0.07080604560669193,0.057615558178924095,0.07996852001467675,0.06255636002187263,0.08653081822449664,0.0694638575560386,0.09609415345173483,0.07818409656157742,0.10579455721716932,0.08697538194478803,0.11615124906737564,0.0963961573300268,0.12710527555951037,0.10641750351204743,0.13862309339743364,0.11698258583689916,0.15193860479857677,0.1294806890450815,0.16320842103154143,0.1402785755625161,0.17383907754488476,0.15074644651447322,0.1835895108808646,0.1606655809022899,0.192228401903322,0.1698323201958984,0.2022521934834019,0.18046272014157305,0.21185370338354223,0.1908387106471476,0.22191783966543085,0.20180305549793343,0.2324530149068838,0.2133841475390388,0.2434687118369587,0.22564806944962656,0.25636813059950936,0.23994640389520847,0.26871433029704467,0.2538288893500485,0.28171711537285443,0.26850795354834006,0.29533331200057095,0.28403690575520335,0.3096985855464499,0.3004667049765395,0.3275100127185072,0.3201765112762122,0.3444643981294497,0.3388077016055647,0.36252973129169336,0.35852299796388404,0.38193847263497527,0.37938466997956743,0.4026322901680858,0.40162455103071637,0.4265706864878886,0.426870279481933,0.45136679686296044,0.44837143437713717,0.47864891705080426,0.4744208162244079,0.5119035072090062,0.5016320158360411,1,1
15812,2004,2,1,6.467773976270632e-4,2.828165442172474e-4,6.912672373920693e-4,3.1211030536039674e-4,7.642892785813848e-4,3.3764886829294147e-4,7.936777115169525e-4,3.613125853833589e-4,8.674932012984776e-4,3.7987788461835403e-4,9.471322004784603e-4,4.191372915887732e-4,0.0010546352459537371,4.5652631426009696e-4,0.001150289680927619,4.931206856294346e-4,0.0012174694185348692,5.138710225255187e-4,0.0013009796492266356,5.480716688107067e-4,0.0013766149132801724,5.833631799260253e-4,0.0014657164017183697,6.108752653272291e-4,0.0015212647825095975,6.359846511366113e-4,0.0016366266549319706,6.632645677378116e-4,0.001751042980936077,7.083215532975056e-4,0.0018525689634312779,7.585232996945902e-4,0.0019731001736816535,7.697387098445528e-4,0.0021155821235375625,8.606636485405178e-4,0.0023123667281100134,9.274244872051857e-4,0.002492402951200796,9.689303929239664e-4,0.0031250317541038452,0.001503160096084622,0.003349721143815922,0.0016092421360928719,0.003630355051713411,0.001777095906232808,0.0039753355736006695,0.0019263194258669655,0.004264525943081121,0.002070712656375547,0.004584373628600101,0.0022616740853522487,0.004975917755281992,0.002423708505161913,0.005378453678533122,0.0025878937402041505,0.0057079711637334505,0.0028491041845653082,0.006142384672869785,0.003023120950003501,0.006487297611917495,0.003331644667105396,0.007105097514524083,0.0035791889756494107,0.0076982667567715634,0.0039308295746472354,0.008264264763999277,0.004300201442391281,0.008934916631633176,0.004618436424524366,0.012788282455141806,0.007911261618044396,0.013690870677567593,0.008686818424655303,0.014584618480519151,0.009454332700590725,0.01542377264059292,0.010067173996988223,0.016490392813848384,0.01079567511132768,0.01764434426280483,0.011579821734479145,0.018710684680195197,0.012414989090892876,0.019513079447054528,0.013476656175766337,0.021275483202489273,0.01442585997131406,0.02231717509408955,0.0153579424708978,0.023799569084955088,0.016963485557814986,0.026129526149328692,0.018109848974245477,0.027546882015995342,0.019900085489493298,0.030024282140324182,0.02187026372627374,0.03266517759323246,0.02395611878403941,0.03555101877477605,0.026557929186199588,0.03935421738176707,0.02955634583173774,0.04303137595363507,0.033277589596765716,0.04793147958327708,0.03634761570291378,0.05173527271873569,0.04075251560043127,0.05817698866476472,0.04510548333783975,0.0641640092388027,0.05006601144502297,0.07080604560669193,0.057615558178924095,0.07996852001467675,0.06255636002187263,0.08653081822449664,0.0694638575560386,0.09609415345173483,0.07818409656157742,0.10579455721716932,0.08697538194478803,0.11615124906737564,0.0963961573300268,0.12710527555951037,0.10641750351204743,0.13862309339743364,0.11698258583689916,0.15193860479857677,0.1294806890450815,0.16320842103154143,0.1402785755625161,0.17383907754488476,0.15074644651447322,0.1835895108808646,0.1606655809022899,0.192228401903322,0.1698323201958984,0.2022521934834019,0.18046272014157305,0.21185370338354223,0.1908387106471476,0.22191783966543085,0.20180305549793343,0.2324530149068838,0.2133841475390388,0.2434687118369587,0.22564806944962656,0.25636813059950936,0.23994640389520847,0.26871433029704467,0.2538288893500485,0.28171711537285443,0.26850795354834006,0.29533331200057095,0.28403690575520335,0.3096985855464499,0.3004667049765395,0.3275100127185072,0.3201765112762122,0.3444643981294497,0.3388077016055647,0.36252973129169336,0.35852299796388404,0.38193847263497527,0.37938466997956743,0.4026322901680858,0.40162455103071637,0.4265706864878886,0.426870279481933,0.45136679686296044,0.44837143437713717,0.47864891705080426,0.4744208162244079,0.5119035072090062,0.5016320158360411,1,1
15813,2004,2,1,6.467773976270632e-4,2.828165442172474e-4,6.912672373920693e-4,3.1211030536039674e-4,7.642892785813848e-4,3.3764886829294147e-4,7.936777115169525e-4,3.613125853833589e-4,8.674932012984776e-4,3.7987788461835403e-4,9.471322004784603e-4,4.191372915887732e-4,0.0010546352459537371,4.5652631426009696e-4,0.001150289680927619,4.931206856294346e-4,0.0012174694185348692,5.138710225255187e-4,0.0013009796492266356,5.480716688107067e-4,0.0013766149132801724,5.833631799260253e-4,0.0014657164017183697,6.108752653272291e-4,0.0015212647825095975,6.359846511366113e-4,0.0016366266549319706,6.632645677378116e-4,0.001751042980936077,7.083215532975056e-4,0.0018525689634312779,7.585232996945902e-4,0.0019731001736816535,7.697387098445528e-4,0.0021155821235375625,8.606636485405178e-4,0.0023123667281100134,9.274244872051857e-4,0.002492402951200796,9.689303929239664e-4,0.0031250317541038452,0.001503160096084622,0.003349721143815922,0.0016092421360928719,0.003630355051713411,0.001777095906232808,0.0039753355736006695,0.0019263194258669655,0.004264525943081121,0.002070712656375547,0.004584373628600101,0.0022616740853522487,0.004975917755281992,0.002423708505161913,0.005378453678533122,0.0025878937402041505,0.0057079711637334505,0.0028491041845653082,0.006142384672869785,0.003023120950003501,0.006487297611917495,0.003331644667105396,0.007105097514524083,0.0035791889756494107,0.0076982667567715634,0.0039308295746472354,0.008264264763999277,0.004300201442391281,0.008934916631633176,0.004618436424524366,0.012788282455141806,0.007911261618044396,0.013690870677567593,0.008686818424655303,0.014584618480519151,0.009454332700590725,0.01542377264059292,0.010067173996988223,0.016490392813848384,0.01079567511132768,0.01764434426280483,0.011579821734479145,0.018710684680195197,0.012414989090892876,0.019513079447054528,0.013476656175766337,0.021275483202489273,0.01442585997131406,0.02231717509408955,0.0153579424708978,0.023799569084955088,0.016963485557814986,0.026129526149328692,0.018109848974245477,0.027546882015995342,0.019900085489493298,0.030024282140324182,0.02187026372627374,0.03266517759323246,0.02395611878403941,0.03555101877477605,0.026557929186199588,0.03935421738176707,0.02955634583173774,0.04303137595363507,0.033277589596765716,0.04793147958327708,0.03634761570291378,0.05173527271873569,0.04075251560043127,0.05817698866476472,0.04510548333783975,0.0641640092388027,0.05006601144502297,0.07080604560669193,0.057615558178924095,0.07996852001467675,0.06255636002187263,0.08653081822449664,0.0694638575560386,0.09609415345173483,0.07818409656157742,0.10579455721716932,0.08697538194478803,0.11615124906737564,0.0963961573300268,0.12710527555951037,0.10641750351204743,0.13862309339743364,0.11698258583689916,0.15193860479857677,0.1294806890450815,0.16320842103154143,0.1402785755625161,0.17383907754488476,0.15074644651447322,0.1835895108808646,0.1606655809022899,0.192228401903322,0.1698323201958984,0.2022521934834019,0.18046272014157305,0.21185370338354223,0.1908387106471476,0.22191783966543085,0.20180305549793343,0.2324530149068838,0.2133841475390388,0.2434687118369587,0.22564806944962656,0.25636813059950936,0.23994640389520847,0.26871433029704467,0.2538288893500485,0.28171711537285443,0.26850795354834006,0.29533331200057095,0.28403690575520335,0.3096985855464499,0.3004667049765395,0.3275100127185072,0.3201765112762122,0.3444643981294497,0.3388077016055647,0.36252973129169336,0.35852299796388404,0.38193847263497527,0.37938466997956743,0.4026322901680858,0.40162455103071637,0.4265706864878886,0.426870279481933,0.45136679686296044,0.44837143437713717,0.47864891705080426,0.4744208162244079,0.5119035072090062,0.5016320158360411,1,1
15814,2004,2,1,6.467773976270632e-4,2.828165442172474e-4,6.912672373920693e-4,3.1211030536039674e-4,7.642892785813848e-4,3.3764886829294147e-4,7.936777115169525e-4,3.613125853833589e-4,8.674932012984776e-4,3.7987788461835403e-4,9.471322004784603e-4,4.191372915887732e-4,0.0010546352459537371,4.5652631426009696e-4,0.001150289680927619,4.931206856294346e-4,0.0012174694185348692,5.138710225255187e-4,0.0013009796492266356,5.480716688107067e-4,0.0013766149132801724,5.833631799260253e-4,0.0014657164017183697,6.108752653272291e-4,0.0015212647825095975,6.359846511366113e-4,0.0016366266549319706,6.632645677378116e-4,0.001751042980936077,7.083215532975056e-4,0.0018525689634312779,7.585232996945902e-4,0.0019731001736816535,7.697387098445528e-4,0.0021155821235375625,8.606636485405178e-4,0.0023123667281100134,9.274244872051857e-4,0.002492402951200796,9.689303929239664e-4,0.0031250317541038452,0.001503160096084622,0.003349721143815922,0.0016092421360928719,0.003630355051713411,0.001777095906232808,0.0039753355736006695,0.0019263194258669655,0.004264525943081121,0.002070712656375547,0.004584373628600101,0.0022616740853522487,0.004975917755281992,0.002423708505161913,0.005378453678533122,0.0025878937402041505,0.0057079711637334505,0.0028491041845653082,0.006142384672869785,0.003023120950003501,0.006487297611917495,0.003331644667105396,0.007105097514524083,0.0035791889756494107,0.0076982667567715634,0.0039308295746472354,0.008264264763999277,0.004300201442391281,0.008934916631633176,0.004618436424524366,0.012788282455141806,0.007911261618044396,0.013690870677567593,0.008686818424655303,0.014584618480519151,0.009454332700590725,0.01542377264059292,0.010067173996988223,0.016490392813848384,0.01079567511132768,0.01764434426280483,0.011579821734479145,0.018710684680195197,0.012414989090892876,0.019513079447054528,0.013476656175766337,0.021275483202489273,0.01442585997131406,0.02231717509408955,0.0153579424708978,0.023799569084955088,0.016963485557814986,0.026129526149328692,0.018109848974245477,0.027546882015995342,0.019900085489493298,0.030024282140324182,0.02187026372627374,0.03266517759323246,0.02395611878403941,0.03555101877477605,0.026557929186199588,0.03935421738176707,0.02955634583173774,0.04303137595363507,0.033277589596765716,0.04793147958327708,0.03634761570291378,0.05173527271873569,0.04075251560043127,0.05817698866476472,0.04510548333783975,0.0641640092388027,0.05006601144502297,0.07080604560669193,0.057615558178924095,0.07996852001467675,0.06255636002187263,0.08653081822449664,0.0694638575560386,0.09609415345173483,0.07818409656157742,0.10579455721716932,0.08697538194478803,0.11615124906737564,0.0963961573300268,0.12710527555951037,0.10641750351204743,0.13862309339743364,0.11698258583689916,0.15193860479857677,0.1294806890450815,0.16320842103154143,0.1402785755625161,0.17383907754488476,0.15074644651447322,0.1835895108808646,0.1606655809022899,0.192228401903322,0.1698323201958984,0.2022521934834019,0.18046272014157305,0.21185370338354223,0.1908387106471476,0.22191783966543085,0.20180305549793343,0.2324530149068838,0.2133841475390388,0.2434687118369587,0.22564806944962656,0.25636813059950936,0.23994640389520847,0.26871433029704467,0.2538288893500485,0.28171711537285443,0.26850795354834006,0.29533331200057095,0.28403690575520335,0.3096985855464499,0.3004667049765395,0.3275100127185072,0.3201765112762122,0.3444643981294497,0.3388077016055647,0.36252973129169336,0.35852299796388404,0.38193847263497527,0.37938466997956743,0.4026322901680858,0.40162455103071637,0.4265706864878886,0.426870279481933,0.45136679686296044,0.44837143437713717,0.47864891705080426,0.4744208162244079,0.5119035072090062,0.5016320158360411,1,1
15815,2004,2,1,6.467773976270632e-4,2.828165442172474e-4,6.912672373920693e-4,3.1211030536039674e-4,7.642892785813848e-4,3.3764886829294147e-4,7.936777115169525e-4,3.613125853833589e-4,8.674932012984776e-4,3.7987788461835403e-4,9.471322004784603e-4,4.191372915887732e-4,0.0010546352459537371,4.5652631426009696e-4,0.001150289680927619,4.931206856294346e-4,0.0012174694185348692,5.138710225255187e-4,0.0013009796492266356,5.480716688107067e-4,0.0013766149132801724,5.833631799260253e-4,0.0014657164017183697,6.108752653272291e-4,0.0015212647825095975,6.359846511366113e-4,0.0016366266549319706,6.632645677378116e-4,0.001751042980936077,7.083215532975056e-4,0.0018525689634312779,7.585232996945902e-4,0.0019731001736816535,7.697387098445528e-4,0.0021155821235375625,8.606636485405178e-4,0.0023123667281100134,9.274244872051857e-4,0.002492402951200796,9.689303929239664e-4,0.0031250317541038452,0.001503160096084622,0.003349721143815922,0.0016092421360928719,0.003630355051713411,0.001777095906232808,0.0039753355736006695,0.0019263194258669655,0.004264525943081121,0.002070712656375547,0.004584373628600101,0.0022616740853522487,0.004975917755281992,0.002423708505161913,0.005378453678533122,0.0025878937402041505,0.0057079711637334505,0.0028491041845653082,0.006142384672869785,0.003023120950003501,0.006487297611917495,0.003331644667105396,0.007105097514524083,0.0035791889756494107,0.0076982667567715634,0.0039308295746472354,0.008264264763999277,0.004300201442391281,0.008934916631633176,0.004618436424524366,0.012788282455141806,0.007911261618044396,0.013690870677567593,0.008686818424655303,0.014584618480519151,0.009454332700590725,0.01542377264059292,0.010067173996988223,0.016490392813848384,0.01079567511132768,0.01764434426280483,0.011579821734479145,0.018710684680195197,0.012414989090892876,0.019513079447054528,0.013476656175766337,0.021275483202489273,0.01442585997131406,0.02231717509408955,0.0153579424708978,0.023799569084955088,0.016963485557814986,0.026129526149328692,0.018109848974245477,0.027546882015995342,0.019900085489493298,0.030024282140324182,0.02187026372627374,0.03266517759323246,0.02395611878403941,0.03555101877477605,0.026557929186199588,0.03935421738176707,0.02955634583173774,0.04303137595363507,0.033277589596765716,0.04793147958327708,0.03634761570291378,0.05173527271873569,0.04075251560043127,0.05817698866476472,0.04510548333783975,0.0641640092388027,0.05006601144502297,0.07080604560669193,0.057615558178924095,0.07996852001467675,0.06255636002187263,0.08653081822449664,0.0694638575560386,0.09609415345173483,0.07818409656157742,0.10579455721716932,0.08697538194478803,0.11615124906737564,0.0963961573300268,0.12710527555951037,0.10641750351204743,0.13862309339743364,0.11698258583689916,0.15193860479857677,0.1294806890450815,0.16320842103154143,0.1402785755625161,0.17383907754488476,0.15074644651447322,0.1835895108808646,0.1606655809022899,0.192228401903322,0.1698323201958984,0.2022521934834019,0.18046272014157305,0.21185370338354223,0.1908387106471476,0.22191783966543085,0.20180305549793343,0.2324530149068838,0.2133841475390388,0.2434687118369587,0.22564806944962656,0.25636813059950936,0.23994640389520847,0.26871433029704467,0.2538288893500485,0.28171711537285443,0.26850795354834006,0.29533331200057095,0.28403690575520335,0.3096985855464499,0.3004667049765395,0.3275100127185072,0.3201765112762122,0.3444643981294497,0.3388077016055647,0.36252973129169336,0.35852299796388404,0.38193847263497527,0.37938466997956743,0.4026322901680858,0.40162455103071637,0.4265706864878886,0.426870279481933,0.45136679686296044,0.44837143437713717,0.47864891705080426,0.4744208162244079,0.5119035072090062,0.5016320158360411,1,1
19071,2004,2,1,6.933783247619184e-4,5.567780565274727e-4,6.832026486758497e-4,5.751801811049173e-4,6.857571909590639e-4,6.214030267280441e-4,7.361379430692119e-4,7.019092125141059e-4,7.958448655303003e-4,7.12381907783243e-4,8.321930497161278e-4,7.54158952507145e-4,8.940522970996603e-4,8.148262940668872e-4,9.866146163299912e-4,8.779923739962378e-4,0.001050664544195098,9.854013250440573e-4,0.0011761206472383017,0.0010819037618177126,0.0012996278682624988,0.0011600446703573907,0.00145671681399572,0.0012655525524512337,0.0015905157890428931,0.0013780583679545444,0.0017779828784200335,0.0014677377861771583,0.0019366762784372156,0.001668353257672051,0.0021940714384842486,0.0017795302352016525,0.0024006608004598392,0.001927085461754237,0.0025902883632057533,0.002032934933218994,0.0027567223735043213,0.0021896248036119047,0.0030409262480230203,0.0023061108553892448,0.005616415401189643,0.002446596887356437,0.005940255553178213,0.002548742981776808,0.006357167587100414,0.0027249221959415875,0.006757735813292379,0.002900731162830553,0.007178783113897572,0.003055638616861688,0.007552334653663969,0.0031809100323428943,0.007978446314086425,0.003511456542949395,0.008902270972100834,0.003806344929534782,0.009482592058302482,0.004075351130993505,0.010041231244459702,0.00446773710276994,0.01087598177484288,0.004831314627619824,0.01175468640809494,0.00528562711139369,0.012693183251974457,0.005759768887503278,0.013633195603715858,0.006187337245797138,0.01464564441753368,0.0066922201443983574,0.020631974289776856,0.010753506222773818,0.021674183134869053,0.011631414848556156,0.023156126965001137,0.01246262094849307,0.02459788457343979,0.013456813491965943,0.026189689787537784,0.014770201089827371,0.028468675242813567,0.015802688196964183,0.03029637953507926,0.017268062963699357,0.03260022443052325,0.018697089078504838,0.03494298037206351,0.020266432992249426,0.037385372013565954,0.022135180108897427,0.04029481206279621,0.02437916844728633,0.04362210049734822,0.026820526026591837,0.046716137397773076,0.029312712639419047,0.05028236642826019,0.032152100650456296,0.05432728937373287,0.03498288682505137,0.05826168197550771,0.03735464772768865,0.06154264519248047,0.041502296863062234,0.0674722730426249,0.045144783603742855,0.07266638647330925,0.04925098752716796,0.07812707308585315,0.05534108772820291,0.08638515266169167,0.05931279020907819,0.09157601519991435,0.06656648428519533,0.10159364032064902,0.07497595238508363,0.11198024173578691,0.08308435620949702,0.12265048351820826,0.09315319675758718,0.13649522178948165,0.10153294942249352,0.1478977270989014,0.1161873507793753,0.16557689302875225,0.1257283513639705,0.17867067514137247,0.14158935577814516,0.1972860981001935,0.15548544269384182,0.21346139305002987,0.16985782111319106,0.22903812555258662,0.1862453517558404,0.24621485792525025,0.19792817051527187,0.25767620438822675,0.21064325656686797,0.269632157884789,0.22262616212036046,0.2825933198394341,0.2356776894547626,0.29602596685503085,0.24922496408287922,0.3100855322274047,0.2635566870952622,0.3248179754487328,0.2787048260440716,0.3402430456907199,0.29472272795495097,0.35714550026638964,0.3124213896073678,0.3743633622099869,0.33049362119661546,0.3924826355976086,0.3496015138934968,0.4114689761895795,0.3698217257004138,0.43136716677660825,0.39120259111831995,0.454029692577046,0.4155613184742792,0.4766014233262317,0.43973622458547,0.5006482562723031,0.46530177395455896,0.5267564407689566,0.4923766093656369,0.5553325818498576,0.5210209358539478,0.5880547739417408,0.5516244244301719,0.6246484382130126,0.5794147210197729,0.6651562773502413,0.610818381995149,0.7169254061298365,0.6443832645101306,1,1
19072,2004,2,1,6.933783247619184e-4,5.567780565274727e-4,6.832026486758497e-4,5.751801811049173e-4,6.857571909590639e-4,6.214030267280441e-4,7.361379430692119e-4,7.019092125141059e-4,7.958448655303003e-4,7.12381907783243e-4,8.321930497161278e-4,7.54158952507145e-4,8.940522970996603e-4,8.148262940668872e-4,9.866146163299912e-4,8.779923739962378e-4,0.001050664544195098,9.854013250440573e-4,0.0011761206472383017,0.0010819037618177126,0.0012996278682624988,0.0011600446703573907,0.00145671681399572,0.0012655525524512337,0.0015905157890428931,0.0013780583679545444,0.0017779828784200335,0.0014677377861771583,0.0019366762784372156,0.001668353257672051,0.0021940714384842486,0.0017795302352016525,0.0024006608004598392,0.001927085461754237,0.0025902883632057533,0.002032934933218994,0.0027567223735043213,0.0021896248036119047,0.0030409262480230203,0.0023061108553892448,0.005616415401189643,0.002446596887356437,0.005940255553178213,0.002548742981776808,0.006357167587100414,0.0027249221959415875,0.006757735813292379,0.002900731162830553,0.007178783113897572,0.003055638616861688,0.007552334653663969,0.0031809100323428943,0.007978446314086425,0.003511456542949395,0.008902270972100834,0.003806344929534782,0.009482592058302482,0.004075351130993505,0.010041231244459702,0.00446773710276994,0.01087598177484288,0.004831314627619824,0.01175468640809494,0.00528562711139369,0.012693183251974457,0.005759768887503278,0.013633195603715858,0.006187337245797138,0.01464564441753368,0.0066922201443983574,0.020631974289776856,0.010753506222773818,0.021674183134869053,0.011631414848556156,0.023156126965001137,0.01246262094849307,0.02459788457343979,0.013456813491965943,0.026189689787537784,0.014770201089827371,0.028468675242813567,0.015802688196964183,0.03029637953507926,0.017268062963699357,0.03260022443052325,0.018697089078504838,0.03494298037206351,0.020266432992249426,0.037385372013565954,0.022135180108897427,0.04029481206279621,0.02437916844728633,0.04362210049734822,0.026820526026591837,0.046716137397773076,0.029312712639419047,0.05028236642826019,0.032152100650456296,0.05432728937373287,0.03498288682505137,0.05826168197550771,0.03735464772768865,0.06154264519248047,0.041502296863062234,0.0674722730426249,0.045144783603742855,0.07266638647330925,0.04925098752716796,0.07812707308585315,0.05534108772820291,0.08638515266169167,0.05931279020907819,0.09157601519991435,0.06656648428519533,0.10159364032064902,0.07497595238508363,0.11198024173578691,0.08308435620949702,0.12265048351820826,0.09315319675758718,0.13649522178948165,0.10153294942249352,0.1478977270989014,0.1161873507793753,0.16557689302875225,0.1257283513639705,0.17867067514137247,0.14158935577814516,0.1972860981001935,0.15548544269384182,0.21346139305002987,0.16985782111319106,0.22903812555258662,0.1862453517558404,0.24621485792525025,0.19792817051527187,0.25767620438822675,0.21064325656686797,0.269632157884789,0.22262616212036046,0.2825933198394341,0.2356776894547626,0.29602596685503085,0.24922496408287922,0.3100855322274047,0.2635566870952622,0.3248179754487328,0.2787048260440716,0.3402430456907199,0.29472272795495097,0.35714550026638964,0.3124213896073678,0.3743633622099869,0.33049362119661546,0.3924826355976086,0.3496015138934968,0.4114689761895795,0.3698217257004138,0.43136716677660825,0.39120259111831995,0.454029692577046,0.4155613184742792,0.4766014233262317,0.43973622458547,0.5006482562723031,0.46530177395455896,0.5267564407689566,0.4923766093656369,0.5553325818498576,0.5210209358539478,0.5880547739417408,0.5516244244301719,0.6246484382130126,0.5794147210197729,0.6651562773502413,0.610818381995149,0.7169254061298365,0.6443832645101306,1,1
19073,2004,2,1,6.933783247619184e-4,5.567780565274727e-4,6.832026486758497e-4,5.751801811049173e-4,6.857571909590639e-4,6.214030267280441e-4,7.361379430692119e-4,7.019092125141059e-4,7.958448655303003e-4,7.12381907783243e-4,8.321930497161278e-4,7.54158952507145e-4,8.940522970996603e-4,8.148262940668872e-4,9.866146163299912e-4,8.779923739962378e-4,0.001050664544195098,9.854013250440573e-4,0.0011761206472383017,0.0010819037618177126,0.0012996278682624988,0.0011600446703573907,0.00145671681399572,0.0012655525524512337,0.0015905157890428931,0.0013780583679545444,0.0017779828784200335,0.0014677377861771583,0.0019366762784372156,0.001668353257672051,0.0021940714384842486,0.0017795302352016525,0.0024006608004598392,0.001927085461754237,0.0025902883632057533,0.002032934933218994,0.0027567223735043213,0.0021896248036119047,0.0030409262480230203,0.0023061108553892448,0.005616415401189643,0.002446596887356437,0.005940255553178213,0.002548742981776808,0.006357167587100414,0.0027249221959415875,0.006757735813292379,0.002900731162830553,0.007178783113897572,0.003055638616861688,0.007552334653663969,0.0031809100323428943,0.007978446314086425,0.003511456542949395,0.008902270972100834,0.003806344929534782,0.009482592058302482,0.004075351130993505,0.010041231244459702,0.00446773710276994,0.01087598177484288,0.004831314627619824,0.01175468640809494,0.00528562711139369,0.012693183251974457,0.005759768887503278,0.013633195603715858,0.006187337245797138,0.01464564441753368,0.0066922201443983574,0.020631974289776856,0.010753506222773818,0.021674183134869053,0.011631414848556156,0.023156126965001137,0.01246262094849307,0.02459788457343979,0.013456813491965943,0.026189689787537784,0.014770201089827371,0.028468675242813567,0.015802688196964183,0.03029637953507926,0.017268062963699357,0.03260022443052325,0.018697089078504838,0.03494298037206351,0.020266432992249426,0.037385372013565954,0.022135180108897427,0.04029481206279621,0.02437916844728633,0.04362210049734822,0.026820526026591837,0.046716137397773076,0.029312712639419047,0.05028236642826019,0.032152100650456296,0.05432728937373287,0.03498288682505137,0.05826168197550771,0.03735464772768865,0.06154264519248047,0.041502296863062234,0.0674722730426249,0.045144783603742855,0.07266638647330925,0.04925098752716796,0.07812707308585315,0.05534108772820291,0.08638515266169167,0.05931279020907819,0.09157601519991435,0.06656648428519533,0.10159364032064902,0.07497595238508363,0.11198024173578691,0.08308435620949702,0.12265048351820826,0.09315319675758718,0.13649522178948165,0.10153294942249352,0.1478977270989014,0.1161873507793753,0.16557689302875225,0.1257283513639705,0.17867067514137247,0.14158935577814516,0.1972860981001935,0.15548544269384182,0.21346139305002987,0.16985782111319106,0.22903812555258662,0.1862453517558404,0.24621485792525025,0.19792817051527187,0.25767620438822675,0.21064325656686797,0.269632157884789,0.22262616212036046,0.2825933198394341,0.2356776894547626,0.29602596685503085,0.24922496408287922,0.3100855322274047,0.2635566870952622,0.3248179754487328,0.2787048260440716,0.3402430456907199,0.29472272795495097,0.35714550026638964,0.3124213896073678,0.3743633622099869,0.33049362119661546,0.3924826355976086,0.3496015138934968,0.4114689761895795,0.3698217257004138,0.43136716677660825,0.39120259111831995,0.454029692577046,0.4155613184742792,0.4766014233262317,0.43973622458547,0.5006482562723031,0.46530177395455896,0.5267564407689566,0.4923766093656369,0.5553325818498576,0.5210209358539478,0.5880547739417408,0.5516244244301719,0.6246484382130126,0.5794147210197729,0.6651562773502413,0.610818381995149,0.7169254061298365,0.6443832645101306,1,1
19074,2004,2,1,6.933783247619184e-4,5.567780565274727e-4,6.832026486758497e-4,5.751801811049173e-4,6.857571909590639e-4,6.214030267280441e-4,7.361379430692119e-4,7.019092125141059e-4,7.958448655303003e-4,7.12381907783243e-4,8.321930497161278e-4,7.54158952507145e-4,8.940522970996603e-4,8.148262940668872e-4,9.866146163299912e-4,8.779923739962378e-4,0.001050664544195098,9.854013250440573e-4,0.0011761206472383017,0.0010819037618177126,0.0012996278682624988,0.0011600446703573907,0.00145671681399572,0.0012655525524512337,0.0015905157890428931,0.0013780583679545444,0.0017779828784200335,0.0014677377861771583,0.0019366762784372156,0.001668353257672051,0.0021940714384842486,0.0017795302352016525,0.0024006608004598392,0.001927085461754237,0.0025902883632057533,0.002032934933218994,0.0027567223735043213,0.0021896248036119047,0.0030409262480230203,0.0023061108553892448,0.005616415401189643,0.002446596887356437,0.005940255553178213,0.002548742981776808,0.006357167587100414,0.0027249221959415875,0.006757735813292379,0.002900731162830553,0.007178783113897572,0.003055638616861688,0.007552334653663969,0.0031809100323428943,0.007978446314086425,0.003511456542949395,0.008902270972100834,0.003806344929534782,0.009482592058302482,0.004075351130993505,0.010041231244459702,0.00446773710276994,0.01087598177484288,0.004831314627619824,0.01175468640809494,0.00528562711139369,0.012693183251974457,0.005759768887503278,0.013633195603715858,0.006187337245797138,0.01464564441753368,0.0066922201443983574,0.020631974289776856,0.010753506222773818,0.021674183134869053,0.011631414848556156,0.023156126965001137,0.01246262094849307,0.02459788457343979,0.013456813491965943,0.026189689787537784,0.014770201089827371,0.028468675242813567,0.015802688196964183,0.03029637953507926,0.017268062963699357,0.03260022443052325,0.018697089078504838,0.03494298037206351,0.020266432992249426,0.037385372013565954,0.022135180108897427,0.04029481206279621,0.02437916844728633,0.04362210049734822,0.026820526026591837,0.046716137397773076,0.029312712639419047,0.05028236642826019,0.032152100650456296,0.05432728937373287,0.03498288682505137,0.05826168197550771,0.03735464772768865,0.06154264519248047,0.041502296863062234,0.0674722730426249,0.045144783603742855,0.07266638647330925,0.04925098752716796,0.07812707308585315,0.05534108772820291,0.08638515266169167,0.05931279020907819,0.09157601519991435,0.06656648428519533,0.10159364032064902,0.07497595238508363,0.11198024173578691,0.08308435620949702,0.12265048351820826,0.09315319675758718,0.13649522178948165,0.10153294942249352,0.1478977270989014,0.1161873507793753,0.16557689302875225,0.1257283513639705,0.17867067514137247,0.14158935577814516,0.1972860981001935,0.15548544269384182,0.21346139305002987,0.16985782111319106,0.22903812555258662,0.1862453517558404,0.24621485792525025,0.19792817051527187,0.25767620438822675,0.21064325656686797,0.269632157884789,0.22262616212036046,0.2825933198394341,0.2356776894547626,0.29602596685503085,0.24922496408287922,0.3100855322274047,0.2635566870952622,0.3248179754487328,0.2787048260440716,0.3402430456907199,0.29472272795495097,0.35714550026638964,0.3124213896073678,0.3743633622099869,0.33049362119661546,0.3924826355976086,0.3496015138934968,0.4114689761895795,0.3698217257004138,0.43136716677660825,0.39120259111831995,0.454029692577046,0.4155613184742792,0.4766014233262317,0.43973622458547,0.5006482562723031,0.46530177395455896,0.5267564407689566,0.4923766093656369,0.5553325818498576,0.5210209358539478,0.5880547739417408,0.5516244244301719,0.6246484382130126,0.5794147210197729,0.6651562773502413,0.610818381995149,0.7169254061298365,0.6443832645101306,1,1
19075,2004,2,1,6.933783247619184e-4,5.567780565274727e-4,6.832026486758497e-4,5.751801811049173e-4,6.857571909590639e-4,6.214030267280441e-4,7.361379430692119e-4,7.019092125141059e-4,7.958448655303003e-4,7.12381907783243e-4,8.321930497161278e-4,7.54158952507145e-4,8.940522970996603e-4,8.148262940668872e-4,9.866146163299912e-4,8.779923739962378e-4,0.001050664544195098,9.854013250440573e-4,0.0011761206472383017,0.0010819037618177126,0.0012996278682624988,0.0011600446703573907,0.00145671681399572,0.0012655525524512337,0.0015905157890428931,0.0013780583679545444,0.0017779828784200335,0.0014677377861771583,0.0019366762784372156,0.001668353257672051,0.0021940714384842486,0.0017795302352016525,0.0024006608004598392,0.001927085461754237,0.0025902883632057533,0.002032934933218994,0.0027567223735043213,0.0021896248036119047,0.0030409262480230203,0.0023061108553892448,0.005616415401189643,0.002446596887356437,0.005940255553178213,0.002548742981776808,0.006357167587100414,0.0027249221959415875,0.006757735813292379,0.002900731162830553,0.007178783113897572,0.003055638616861688,0.007552334653663969,0.0031809100323428943,0.007978446314086425,0.003511456542949395,0.008902270972100834,0.003806344929534782,0.009482592058302482,0.004075351130993505,0.010041231244459702,0.00446773710276994,0.01087598177484288,0.004831314627619824,0.01175468640809494,0.00528562711139369,0.012693183251974457,0.005759768887503278,0.013633195603715858,0.006187337245797138,0.01464564441753368,0.0066922201443983574,0.020631974289776856,0.010753506222773818,0.021674183134869053,0.011631414848556156,0.023156126965001137,0.01246262094849307,0.02459788457343979,0.013456813491965943,0.026189689787537784,0.014770201089827371,0.028468675242813567,0.015802688196964183,0.03029637953507926,0.017268062963699357,0.03260022443052325,0.018697089078504838,0.03494298037206351,0.020266432992249426,0.037385372013565954,0.022135180108897427,0.04029481206279621,0.02437916844728633,0.04362210049734822,0.026820526026591837,0.046716137397773076,0.029312712639419047,0.05028236642826019,0.032152100650456296,0.05432728937373287,0.03498288682505137,0.05826168197550771,0.03735464772768865,0.06154264519248047,0.041502296863062234,0.0674722730426249,0.045144783603742855,0.07266638647330925,0.04925098752716796,0.07812707308585315,0.05534108772820291,0.08638515266169167,0.05931279020907819,0.09157601519991435,0.06656648428519533,0.10159364032064902,0.07497595238508363,0.11198024173578691,0.08308435620949702,0.12265048351820826,0.09315319675758718,0.13649522178948165,0.10153294942249352,0.1478977270989014,0.1161873507793753,0.16557689302875225,0.1257283513639705,0.17867067514137247,0.14158935577814516,0.1972860981001935,0.15548544269384182,0.21346139305002987,0.16985782111319106,0.22903812555258662,0.1862453517558404,0.24621485792525025,0.19792817051527187,0.25767620438822675,0.21064325656686797,0.269632157884789,0.22262616212036046,0.2825933198394341,0.2356776894547626,0.29602596685503085,0.24922496408287922,0.3100855322274047,0.2635566870952622,0.3248179754487328,0.2787048260440716,0.3402430456907199,0.29472272795495097,0.35714550026638964,0.3124213896073678,0.3743633622099869,0.33049362119661546,0.3924826355976086,0.3496015138934968,0.4114689761895795,0.3698217257004138,0.43136716677660825,0.39120259111831995,0.454029692577046,0.4155613184742792,0.4766014233262317,0.43973622458547,0.5006482562723031,0.46530177395455896,0.5267564407689566,0.4923766093656369,0.5553325818498576,0.5210209358539478,0.5880547739417408,0.5516244244301719,0.6246484382130126,0.5794147210197729,0.6651562773502413,0.610818381995149,0.7169254061298365,0.6443832645101306,1,1
20961,2004,2,1,8.394458421802716e-4,3.4035110367352134e-4,8.064397657719327e-4,3.544209786219145e-4,8.083106577702223e-4,3.605881632680712e-4,8.446396227969625e-4,3.8959784553557666e-4,8.853527787761561e-4,4.085101963467995e-4,9.356893851895144e-4,4.190810235481763e-4,9.8213228912523e-4,4.441537640070928e-4,9.832233794201432e-4,4.894441437222827e-4,0.001020560835565647,5.250795446405776e-4,0.0011181877125905947,5.765461999587845e-4,0.0012399071168396744,6.16162957508965e-4,0.001365651189035744,6.78211906909836e-4,0.0014250748851780996,7.438011107196313e-4,0.0015746220245729684,7.760035606402901e-4,0.0017050687672606703,8.601149490820519e-4,0.0018142193481674373,9.27554761728836e-4,0.0020062233178441127,0.0010500212165653565,0.0021104411114096586,0.0011523167710325406,0.0022713287486461043,0.0012287155632710936,0.002475400042291209,0.0013267479940659737,0.003797279799721343,0.0015579299138423592,0.0039449010403078966,0.0016755416547079658,0.004030212784986672,0.0018273132376351068,0.004323366795637139,0.002004030794326382,0.004737049055444713,0.0021930673570961638,0.005131855967633079,0.0023725300345758837,0.00556543746028902,0.0025833672887928343,0.005933247323346613,0.002725696700885231,0.006398277824226673,0.002910663299721873,0.006720442865675518,0.003137860905115723,0.007354141884294769,0.0033263492004902352,0.0077238993878273685,0.0036568263230938045,0.008166913960328474,0.003887672261406589,0.008887995946006776,0.0041204830213334145,0.009424986612270467,0.0044952810276769626,0.01035210105539119,0.006619819099171371,0.011122454599534856,0.007310616153655856,0.011925577381646226,0.007835844535567472,0.012909557969393338,0.008516804992646013,0.013908908738198477,0.009190669519844302,0.015166204248989791,0.010097312787391757,0.01643149097661639,0.011006464705809975,0.017636145153747815,0.011978613253023967,0.019023047556844277,0.015065466936430391,0.02057527394638984,0.014659274177579671,0.024546222663081558,0.015576642384526163,0.02506640758344373,0.01712707181126001,0.026875955209367017,0.01888124864164549,0.029263890401280756,0.020790218641442634,0.03188732124556431,0.02291649137893594,0.03547862504444168,0.02594836776022786,0.039049656892551875,0.028885674816910036,0.04297436666482624,0.03204929499950958,0.047264108744259695,0.035423267995361135,0.05199079204548136,0.03910882816624396,0.05841932619260806,0.04431177084000232,0.06449542368874038,0.04923474220092905,0.07124358567707981,0.05484702151134768,0.07866995972632496,0.06116176658817531,0.08677977878283887,0.06815787589723217,0.0997053326909795,0.07955656027044389,0.10975458881110685,0.08848688854217357,0.12049306512525067,0.09807822816920936,0.13185396807084462,0.1082707660744476,0.14380946699681937,0.11902208718039418,0.16083461300081994,0.13463617567832195,0.17276625988288535,0.1458646167164368,0.18402042640191343,0.1567478273799711,0.1943438209680902,0.16706624570888765,0.2034900051261018,0.17659657308215215,0.21528569339797862,0.18877492104791513,0.22551158269016255,0.19962661522853142,0.23622218915513682,0.2111014373822123,0.2474416849546287,0.2232349652918601,0.25919272659049447,0.23569640507990472,0.2741644409227807,0.25193444971157886,0.2870814166908909,0.2664933952476636,0.3011678627831212,0.281892499857805,0.31602869759142,0.2981825066033166,0.33194243967206566,0.3154131846285494,0.353099965205474,0.3379173022131299,0.37137812195574,0.357633351380647,0.3916015007626964,0.37849655667999516,0.4140315119967455,0.40061458454141946,0.4389993183095869,0.42403230647256923,0.469936472795503,0.45317136199043495,0.4995108826571663,0.4778643971097587,0.5317899587802586,0.5047335885866069,0.5692978049994912,0.5332385591655642,1,1
20962,2004,2,1,8.394458421802716e-4,3.4035110367352134e-4,8.064397657719327e-4,3.544209786219145e-4,8.083106577702223e-4,3.605881632680712e-4,8.446396227969625e-4,3.8959784553557666e-4,8.853527787761561e-4,4.085101963467995e-4,9.356893851895144e-4,4.190810235481763e-4,9.8213228912523e-4,4.441537640070928e-4,9.832233794201432e-4,4.894441437222827e-4,0.001020560835565647,5.250795446405776e-4,0.0011181877125905947,5.765461999587845e-4,0.0012399071168396744,6.16162957508965e-4,0.001365651189035744,6.78211906909836e-4,0.0014250748851780996,7.438011107196313e-4,0.0015746220245729684,7.760035606402901e-4,0.0017050687672606703,8.601149490820519e-4,0.0018142193481674373,9.27554761728836e-4,0.0020062233178441127,0.0010500212165653565,0.0021104411114096586,0.0011523167710325406,0.0022713287486461043,0.0012287155632710936,0.002475400042291209,0.0013267479940659737,0.003797279799721343,0.0015579299138423592,0.0039449010403078966,0.0016755416547079658,0.004030212784986672,0.0018273132376351068,0.004323366795637139,0.002004030794326382,0.004737049055444713,0.0021930673570961638,0.005131855967633079,0.0023725300345758837,0.00556543746028902,0.0025833672887928343,0.005933247323346613,0.002725696700885231,0.006398277824226673,0.002910663299721873,0.006720442865675518,0.003137860905115723,0.007354141884294769,0.0033263492004902352,0.0077238993878273685,0.0036568263230938045,0.008166913960328474,0.003887672261406589,0.008887995946006776,0.0041204830213334145,0.009424986612270467,0.0044952810276769626,0.01035210105539119,0.006619819099171371,0.011122454599534856,0.007310616153655856,0.011925577381646226,0.007835844535567472,0.012909557969393338,0.008516804992646013,0.013908908738198477,0.009190669519844302,0.015166204248989791,0.010097312787391757,0.01643149097661639,0.011006464705809975,0.017636145153747815,0.011978613253023967,0.019023047556844277,0.015065466936430391,0.02057527394638984,0.014659274177579671,0.024546222663081558,0.015576642384526163,0.02506640758344373,0.01712707181126001,0.026875955209367017,0.01888124864164549,0.029263890401280756,0.020790218641442634,0.03188732124556431,0.02291649137893594,0.03547862504444168,0.02594836776022786,0.039049656892551875,0.028885674816910036,0.04297436666482624,0.03204929499950958,0.047264108744259695,0.035423267995361135,0.05199079204548136,0.03910882816624396,0.05841932619260806,0.04431177084000232,0.06449542368874038,0.04923474220092905,0.07124358567707981,0.05484702151134768,0.07866995972632496,0.06116176658817531,0.08677977878283887,0.06815787589723217,0.0997053326909795,0.07955656027044389,0.10975458881110685,0.08848688854217357,0.12049306512525067,0.09807822816920936,0.13185396807084462,0.1082707660744476,0.14380946699681937,0.11902208718039418,0.16083461300081994,0.13463617567832195,0.17276625988288535,0.1458646167164368,0.18402042640191343,0.1567478273799711,0.1943438209680902,0.16706624570888765,0.2034900051261018,0.17659657308215215,0.21528569339797862,0.18877492104791513,0.22551158269016255,0.19962661522853142,0.23622218915513682,0.2111014373822123,0.2474416849546287,0.2232349652918601,0.25919272659049447,0.23569640507990472,0.2741644409227807,0.25193444971157886,0.2870814166908909,0.2664933952476636,0.3011678627831212,0.281892499857805,0.31602869759142,0.2981825066033166,0.33194243967206566,0.3154131846285494,0.353099965205474,0.3379173022131299,0.37137812195574,0.357633351380647,0.3916015007626964,0.37849655667999516,0.4140315119967455,0.40061458454141946,0.4389993183095869,0.42403230647256923,0.469936472795503,0.45317136199043495,0.4995108826571663,0.4778643971097587,0.5317899587802586,0.5047335885866069,0.5692978049994912,0.5332385591655642,1,1
20963,2004,2,1,8.394458421802716e-4,3.4035110367352134e-4,8.064397657719327e-4,3.544209786219145e-4,8.083106577702223e-4,3.605881632680712e-4,8.446396227969625e-4,3.8959784553557666e-4,8.853527787761561e-4,4.085101963467995e-4,9.356893851895144e-4,4.190810235481763e-4,9.8213228912523e-4,4.441537640070928e-4,9.832233794201432e-4,4.894441437222827e-4,0.001020560835565647,5.250795446405776e-4,0.0011181877125905947,5.765461999587845e-4,0.0012399071168396744,6.16162957508965e-4,0.001365651189035744,6.78211906909836e-4,0.0014250748851780996,7.438011107196313e-4,0.0015746220245729684,7.760035606402901e-4,0.0017050687672606703,8.601149490820519e-4,0.0018142193481674373,9.27554761728836e-4,0.0020062233178441127,0.0010500212165653565,0.0021104411114096586,0.0011523167710325406,0.0022713287486461043,0.0012287155632710936,0.002475400042291209,0.0013267479940659737,0.003797279799721343,0.0015579299138423592,0.0039449010403078966,0.0016755416547079658,0.004030212784986672,0.0018273132376351068,0.004323366795637139,0.002004030794326382,0.004737049055444713,0.0021930673570961638,0.005131855967633079,0.0023725300345758837,0.00556543746028902,0.0025833672887928343,0.005933247323346613,0.002725696700885231,0.006398277824226673,0.002910663299721873,0.006720442865675518,0.003137860905115723,0.007354141884294769,0.0033263492004902352,0.0077238993878273685,0.0036568263230938045,0.008166913960328474,0.003887672261406589,0.008887995946006776,0.0041204830213334145,0.009424986612270467,0.0044952810276769626,0.01035210105539119,0.006619819099171371,0.011122454599534856,0.007310616153655856,0.011925577381646226,0.007835844535567472,0.012909557969393338,0.008516804992646013,0.013908908738198477,0.009190669519844302,0.015166204248989791,0.010097312787391757,0.01643149097661639,0.011006464705809975,0.017636145153747815,0.011978613253023967,0.019023047556844277,0.015065466936430391,0.02057527394638984,0.014659274177579671,0.024546222663081558,0.015576642384526163,0.02506640758344373,0.01712707181126001,0.026875955209367017,0.01888124864164549,0.029263890401280756,0.020790218641442634,0.03188732124556431,0.02291649137893594,0.03547862504444168,0.02594836776022786,0.039049656892551875,0.028885674816910036,0.04297436666482624,0.03204929499950958,0.047264108744259695,0.035423267995361135,0.05199079204548136,0.03910882816624396,0.05841932619260806,0.04431177084000232,0.06449542368874038,0.04923474220092905,0.07124358567707981,0.05484702151134768,0.07866995972632496,0.06116176658817531,0.08677977878283887,0.06815787589723217,0.0997053326909795,0.07955656027044389,0.10975458881110685,0.08848688854217357,0.12049306512525067,0.09807822816920936,0.13185396807084462,0.1082707660744476,0.14380946699681937,0.11902208718039418,0.16083461300081994,0.13463617567832195,0.17276625988288535,0.1458646167164368,0.18402042640191343,0.1567478273799711,0.1943438209680902,0.16706624570888765,0.2034900051261018,0.17659657308215215,0.21528569339797862,0.18877492104791513,0.22551158269016255,0.19962661522853142,0.23622218915513682,0.2111014373822123,0.2474416849546287,0.2232349652918601,0.25919272659049447,0.23569640507990472,0.2741644409227807,0.25193444971157886,0.2870814166908909,0.2664933952476636,0.3011678627831212,0.281892499857805,0.31602869759142,0.2981825066033166,0.33194243967206566,0.3154131846285494,0.353099965205474,0.3379173022131299,0.37137812195574,0.357633351380647,0.3916015007626964,0.37849655667999516,0.4140315119967455,0.40061458454141946,0.4389993183095869,0.42403230647256923,0.469936472795503,0.45317136199043495,0.4995108826571663,0.4778643971097587,0.5317899587802586,0.5047335885866069,0.5692978049994912,0.5332385591655642,1,1
20964,2004,2,1,0.0011979136384796243,4.696933115371372e-4,0.0011507868024122684,4.891057972073411e-4,0.001153428406653181,4.976117874608988e-4,0.0012052369205818923,5.376394542764703e-4,0.0012632960945658045,5.637316607758464e-4,0.001335080489502925,5.783116845637449e-4,0.0014013020148005277,6.129022556461927e-4,0.0014028103450331021,6.75389514323954e-4,0.0014560275449697925,7.245509435678924e-4,0.0015952479125402117,7.955543780779692e-4,0.0017688221288568854,8.502027036996496e-4,0.0019481168997166824,9.35799004433033e-4,0.0020327862333095925,0.0010262739667341702,0.002245988995660132,0.0010706770171480771,0.002431917573175132,0.0011866930315743865,0.0025874421626678225,0.0012796975157428263,0.002861094260157747,0.0014486061748837944,0.003009512589269015,0.0015896704982639321,0.0032387006854293133,0.0016949929702212878,0.0035294074788661703,0.0018301406458767718,0.004101931748184002,0.0018008248747406904,0.004261282899607692,0.0019367335460131173,0.004353312118751538,0.0021121164378281234,0.004669824704929922,0.0023163197017143917,0.005116489287242563,0.0025347450670715668,0.005542724491170549,0.0027420861145533793,0.006010791527762611,0.0029856666627292028,0.006407773252932239,0.0031500474703996706,0.006909693998483678,0.003363678103149539,0.007257269853881403,0.003626079890087468,0.007941189576615878,0.003843712659360851,0.00834001371707965,0.0042253705382815695,0.008817856756785631,0.004491850621125489,0.009595817825590084,0.004760543892103559,0.010174897259246878,0.005193204656208249,0.010764353649103043,0.007886286257491356,0.011564990209882001,0.008708339731389405,0.012399610095228475,0.009332943060420637,0.013422168720559695,0.010142782579351632,0.014460579866929252,0.010943873384701087,0.015767011920461357,0.012021780423546952,0.01708156720912377,0.013102227455617836,0.01833288994219156,0.014257159655364025,0.01977343106212766,0.017928036603437926,0.021385541409899567,0.017441359409772657,0.025511138205002577,0.018529046170056792,0.026051771669371695,0.020373344685884857,0.02793245287263052,0.02246000897965751,0.03041425814025425,0.02473080600961517,0.033140816428199896,0.02726009343565791,0.03687329489573652,0.03086663302641527,0.040584704519206795,0.03436067858035082,0.04466369519688876,0.038123932751618336,0.0491220676542053,0.04213741010272978,0.054034557555558034,0.046521533001811645,0.06071579830424515,0.0527106437640897,0.06703074806651711,0.058566717325301755,0.07404418127280825,0.0652427505739886,0.08176248715362654,0.07275439526558863,0.09019110436320889,0.0810765502716671,0.10362476365379852,0.0946357463946363,0.1140690574767998,0.10525873309329874,0.1252296648387342,0.11666801953609379,0.13703716651248798,0.1287924556484504,0.149462637820097,0.14158158698005796,0.1671570447612373,0.1601551768166495,0.17955772639766163,0.17351186160641333,0.19125429582057565,0.18645788090152188,0.2019835045113537,0.19873205686953305,0.21148922648357288,0.21006876676860578,0.2237486049572952,0.2245554042712298,0.23437647542774137,0.23746393343510921,0.24550811737272848,0.25111369852761445,0.25716865316513665,0.2655470207605802,0.26938162993716747,0.28037040743648123,0.2849418845123544,0.2996862183323276,0.2983666284549956,0.3170046729367319,0.31300681476833414,0.3353225307430004,0.3284518311295045,0.3547001526750521,0.344991144699275,0.3751967411431858,0.3669803756032407,0.4019662992705076,0.3859770493232286,0.42541933724221725,0.4069954120586222,0.45023696383362055,0.430307150259067,0.4765472526184524,0.4562564446277131,0.5044035800700519,0.48840974310433666,0.5390656652430887,0.5191467272696045,0.5684390293166779,0.5526946985158916,0.60040101940006,0.5916769835625433,0.6343088348904058,1,1
20965,2004,2,1,8.394458421802716e-4,3.4035110367352134e-4,8.064397657719327e-4,3.544209786219145e-4,8.083106577702223e-4,3.605881632680712e-4,8.446396227969625e-4,3.8959784553557666e-4,8.853527787761561e-4,4.085101963467995e-4,9.356893851895144e-4,4.190810235481763e-4,9.8213228912523e-4,4.441537640070928e-4,9.832233794201432e-4,4.894441437222827e-4,0.001020560835565647,5.250795446405776e-4,0.0011181877125905947,5.765461999587845e-4,0.0012399071168396744,6.16162957508965e-4,0.001365651189035744,6.78211906909836e-4,0.0014250748851780996,7.438011107196313e-4,0.0015746220245729684,7.760035606402901e-4,0.0017050687672606703,8.601149490820519e-4,0.0018142193481674373,9.27554761728836e-4,0.0020062233178441127,0.0010500212165653565,0.0021104411114096586,0.0011523167710325406,0.0022713287486461043,0.0012287155632710936,0.002475400042291209,0.0013267479940659737,0.003797279799721343,0.0015579299138423592,0.0039449010403078966,0.0016755416547079658,0.004030212784986672,0.0018273132376351068,0.004323366795637139,0.002004030794326382,0.004737049055444713,0.0021930673570961638,0.005131855967633079,0.0023725300345758837,0.00556543746028902,0.0025833672887928343,0.005933247323346613,0.002725696700885231,0.006398277824226673,0.002910663299721873,0.006720442865675518,0.003137860905115723,0.007354141884294769,0.0033263492004902352,0.0077238993878273685,0.0036568263230938045,0.008166913960328474,0.003887672261406589,0.008887995946006776,0.0041204830213334145,0.009424986612270467,0.0044952810276769626,0.01035210105539119,0.006619819099171371,0.011122454599534856,0.007310616153655856,0.011925577381646226,0.007835844535567472,0.012909557969393338,0.008516804992646013,0.013908908738198477,0.009190669519844302,0.015166204248989791,0.010097312787391757,0.01643149097661639,0.011006464705809975,0.017636145153747815,0.011978613253023967,0.019023047556844277,0.015065466936430391,0.02057527394638984,0.014659274177579671,0.024546222663081558,0.015576642384526163,0.02506640758344373,0.01712707181126001,0.026875955209367017,0.01888124864164549,0.029263890401280756,0.020790218641442634,0.03188732124556431,0.02291649137893594,0.03547862504444168,0.02594836776022786,0.039049656892551875,0.028885674816910036,0.04297436666482624,0.03204929499950958,0.047264108744259695,0.035423267995361135,0.05199079204548136,0.03910882816624396,0.05841932619260806,0.04431177084000232,0.06449542368874038,0.04923474220092905,0.07124358567707981,0.05484702151134768,0.07866995972632496,0.06116176658817531,0.08677977878283887,0.06815787589723217,0.0997053326909795,0.07955656027044389,0.10975458881110685,0.08848688854217357,0.12049306512525067,0.09807822816920936,0.13185396807084462,0.1082707660744476,0.14380946699681937,0.11902208718039418,0.16083461300081994,0.13463617567832195,0.17276625988288535,0.1458646167164368,0.18402042640191343,0.1567478273799711,0.1943438209680902,0.16706624570888765,0.2034900051261018,0.17659657308215215,0.21528569339797862,0.18877492104791513,0.22551158269016255,0.19962661522853142,0.23622218915513682,0.2111014373822123,0.2474416849546287,0.2232349652918601,0.25919272659049447,0.23569640507990472,0.2741644409227807,0.25193444971157886,0.2870814166908909,0.2664933952476636,0.3011678627831212,0.281892499857805,0.31602869759142,0.2981825066033166,0.33194243967206566,0.3154131846285494,0.353099965205474,0.3379173022131299,0.37137812195574,0.357633351380647,0.3916015007626964,0.37849655667999516,0.4140315119967455,0.40061458454141946,0.4389993183095869,0.42403230647256923,0.469936472795503,0.45317136199043495,0.4995108826571663,0.4778643971097587,0.5317899587802586,0.5047335885866069,0.5692978049994912,0.5332385591655642,1,1
21541,2004,0,2,,0.001573914054004268,,0.0016239250758047846,,0.0017497438835325533,,0.0018740386192437092,,0.001958903882141972,,0.0019543086449523767,,0.002004288792227946,,0.0020876143588552574,,0.002249761625301306,,0.0023861198699769567,,0.0025361031970421487,,0.0027330560638830184,,0.0028678339610117305,,0.003067760759542598,,0.0032888698180988563,,0.0035993508835812597,,0.003921894357981927,,0.004206484587738531,,0.004659186349737264,,0.005060263668063927,,0.00517304449468983,,0.005635980561587094,,0.006042528917514717,,0.0065658553597220115,,0.007197256776669313,,0.007757778693691312,,0.008515746350904326,,0.009059968535099957,,0.009968837524324647,,0.01060910813866353,,0.01156190955099583,,0.012576203562518276,,0.013569737366688022,,0.01465772770296283,,0.015912059361422287,,0.01324536771885261,,0.01438877399778162,,0.0154838822137226,,0.016454086715559247,,0.017914330508414657,,0.01887697194106999,,0.02047802927836268,,0.0222876028335662,,0.0241307516019807,,0.026479147729334213,,0.0288950453759543,,0.03225395163882711,,0.035205129395802025,,0.039197899302297536,,0.04314310088310496,,0.047968927510852445,,0.056890278481161606,,0.06002712689136852,,0.06552745296172986,,0.0723023360573346,,0.08076594610921575,,0.08974515569607615,,0.09997895845864743,,0.11149889910654559,,0.1242861102030271,,0.1421122745840785,,0.15807297255146496,,0.17518779345180646,,0.1933947671205932,,0.21258806688175655,,0.23750417314170952,,0.2573007055142038,,0.27646433360426564,,0.294663164123901,,0.3114648792262261,,0.331821712796783,,0.35089618882194185,,0.3710673060554006,,0.3924038187158014,,0.4149568584703956,,0.4421817359607201,,0.46775676346491035,,0.4948076653717521,,0.5234233995897163,,0.5536915991951554,,0.5912473919266409,,0.6256523341429269,,0.6612622454352565,,0.6997178390165223,,0.7407591203229037,,0.7872533137636272,,0.8288051118382497,,0.8746115191590892,,0.9242960133477721,1,1
21542,2004,0,2,,0.001573914054004268,,0.0016239250758047846,,0.0017497438835325533,,0.0018740386192437092,,0.001958903882141972,,0.0019543086449523767,,0.002004288792227946,,0.0020876143588552574,,0.002249761625301306,,0.0023861198699769567,,0.0025361031970421487,,0.0027330560638830184,,0.0028678339610117305,,0.003067760759542598,,0.0032888698180988563,,0.0035993508835812597,,0.003921894357981927,,0.004206484587738531,,0.004659186349737264,,0.005060263668063927,,0.00517304449468983,,0.005635980561587094,,0.006042528917514717,,0.0065658553597220115,,0.007197256776669313,,0.007757778693691312,,0.008515746350904326,,0.009059968535099957,,0.009968837524324647,,0.01060910813866353,,0.01156190955099583,,0.012576203562518276,,0.013569737366688022,,0.01465772770296283,,0.015912059361422287,,0.01324536771885261,,0.01438877399778162,,0.0154838822137226,,0.016454086715559247,,0.017914330508414657,,0.01887697194106999,,0.02047802927836268,,0.0222876028335662,,0.0241307516019807,,0.026479147729334213,,0.0288950453759543,,0.03225395163882711,,0.035205129395802025,,0.039197899302297536,,0.04314310088310496,,0.047968927510852445,,0.056890278481161606,,0.06002712689136852,,0.06552745296172986,,0.0723023360573346,,0.08076594610921575,,0.08974515569607615,,0.09997895845864743,,0.11149889910654559,,0.1242861102030271,,0.1421122745840785,,0.15807297255146496,,0.17518779345180646,,0.1933947671205932,,0.21258806688175655,,0.23750417314170952,,0.2573007055142038,,0.27646433360426564,,0.294663164123901,,0.3114648792262261,,0.331821712796783,,0.35089618882194185,,0.3710673060554006,,0.3924038187158014,,0.4149568584703956,,0.4421817359607201,,0.46775676346491035,,0.4948076653717521,,0.5234233995897163,,0.5536915991951554,,0.5912473919266409,,0.6256523341429269,,0.6612622454352565,,0.6997178390165223,,0.7407591203229037,,0.7872533137636272,,0.8288051118382497,,0.8746115191590892,,0.9242960133477721,1,1
21543,2004,0,2,,0.001573914054004268,,0.0016239250758047846,,0.0017497438835325533,,0.0018740386192437092,,0.001958903882141972,,0.0019543086449523767,,0.002004288792227946,,0.0020876143588552574,,0.002249761625301306,,0.0023861198699769567,,0.0025361031970421487,,0.0027330560638830184,,0.0028678339610117305,,0.003067760759542598,,0.0032888698180988563,,0.0035993508835812597,,0.003921894357981927,,0.004206484587738531,,0.004659186349737264,,0.005060263668063927,,0.00517304449468983,,0.005635980561587094,,0.006042528917514717,,0.0065658553597220115,,0.007197256776669313,,0.007757778693691312,,0.008515746350904326,,0.009059968535099957,,0.009968837524324647,,0.01060910813866353,,0.01156190955099583,,0.012576203562518276,,0.013569737366688022,,0.01465772770296283,,0.015912059361422287,,0.01324536771885261,,0.01438877399778162,,0.0154838822137226,,0.016454086715559247,,0.017914330508414657,,0.01887697194106999,,0.02047802927836268,,0.0222876028335662,,0.0241307516019807,,0.026479147729334213,,0.0288950453759543,,0.03225395163882711,,0.035205129395802025,,0.039197899302297536,,0.04314310088310496,,0.047968927510852445,,0.056890278481161606,,0.06002712689136852,,0.06552745296172986,,0.0723023360573346,,0.08076594610921575,,0.08974515569607615,,0.09997895845864743,,0.11149889910654559,,0.1242861102030271,,0.1421122745840785,,0.15807297255146496,,0.17518779345180646,,0.1933947671205932,,0.21258806688175655,,0.23750417314170952,,0.2573007055142038,,0.27646433360426564,,0.294663164123901,,0.3114648792262261,,0.331821712796783,,0.35089618882194185,,0.3710673060554006,,0.3924038187158014,,0.4149568584703956,,0.4421817359607201,,0.46775676346491035,,0.4948076653717521,,0.5234233995897163,,0.5536915991951554,,0.5912473919266409,,0.6256523341429269,,0.6612622454352565,,0.6997178390165223,,0.7407591203229037,,0.7872533137636272,,0.8288051118382497,,0.8746115191590892,,0.9242960133477721,1,1
21544,2004,0,2,,0.001573914054004268,,0.0016239250758047846,,0.0017497438835325533,,0.0018740386192437092,,0.001958903882141972,,0.0019543086449523767,,0.002004288792227946,,0.0020876143588552574,,0.002249761625301306,,0.0023861198699769567,,0.0025361031970421487,,0.0027330560638830184,,0.0028678339610117305,,0.003067760759542598,,0.0032888698180988563,,0.0035993508835812597,,0.003921894357981927,,0.004206484587738531,,0.004659186349737264,,0.005060263668063927,,0.00517304449468983,,0.005635980561587094,,0.006042528917514717,,0.0065658553597220115,,0.007197256776669313,,0.007757778693691312,,0.008515746350904326,,0.009059968535099957,,0.009968837524324647,,0.01060910813866353,,0.01156190955099583,,0.012576203562518276,,0.013569737366688022,,0.01465772770296283,,0.015912059361422287,,0.01324536771885261,,0.01438877399778162,,0.0154838822137226,,0.016454086715559247,,0.017914330508414657,,0.01887697194106999,,0.02047802927836268,,0.0222876028335662,,0.0241307516019807,,0.026479147729334213,,0.0288950453759543,,0.03225395163882711,,0.035205129395802025,,0.039197899302297536,,0.04314310088310496,,0.047968927510852445,,0.056890278481161606,,0.06002712689136852,,0.06552745296172986,,0.0723023360573346,,0.08076594610921575,,0.08974515569607615,,0.09997895845864743,,0.11149889910654559,,0.1242861102030271,,0.1421122745840785,,0.15807297255146496,,0.17518779345180646,,0.1933947671205932,,0.21258806688175655,,0.23750417314170952,,0.2573007055142038,,0.27646433360426564,,0.294663164123901,,0.3114648792262261,,0.331821712796783,,0.35089618882194185,,0.3710673060554006,,0.3924038187158014,,0.4149568584703956,,0.4421817359607201,,0.46775676346491035,,0.4948076653717521,,0.5234233995897163,,0.5536915991951554,,0.5912473919266409,,0.6256523341429269,,0.6612622454352565,,0.6997178390165223,,0.7407591203229037,,0.7872533137636272,,0.8288051118382497,,0.8746115191590892,,0.9242960133477721,1,1
21545,2004,0,2,,0.001573914054004268,,0.0016239250758047846,,0.0017497438835325533,,0.0018740386192437092,,0.001958903882141972,,0.0019543086449523767,,0.002004288792227946,,0.0020876143588552574,,0.002249761625301306,,0.0023861198699769567,,0.0025361031970421487,,0.0027330560638830184,,0.0028678339610117305,,0.003067760759542598,,0.0032888698180988563,,0.0035993508835812597,,0.003921894357981927,,0.004206484587738531,,0.004659186349737264,,0.005060263668063927,,0.00517304449468983,,0.005635980561587094,,0.006042528917514717,,0.0065658553597220115,,0.007197256776669313,,0.007757778693691312,,0.008515746350904326,,0.009059968535099957,,0.009968837524324647,,0.01060910813866353,,0.01156190955099583,,0.012576203562518276,,0.013569737366688022,,0.01465772770296283,,0.015912059361422287,,0.01324536771885261,,0.01438877399778162,,0.0154838822137226,,0.016454086715559247,,0.017914330508414657,,0.01887697194106999,,0.02047802927836268,,0.0222876028335662,,0.0241307516019807,,0.026479147729334213,,0.0288950453759543,,0.03225395163882711,,0.035205129395802025,,0.039197899302297536,,0.04314310088310496,,0.047968927510852445,,0.056890278481161606,,0.06002712689136852,,0.06552745296172986,,0.0723023360573346,,0.08076594610921575,,0.08974515569607615,,0.09997895845864743,,0.11149889910654559,,0.1242861102030271,,0.1421122745840785,,0.15807297255146496,,0.17518779345180646,,0.1933947671205932,,0.21258806688175655,,0.23750417314170952,,0.2573007055142038,,0.27646433360426564,,0.294663164123901,,0.3114648792262261,,0.331821712796783,,0.35089618882194185,,0.3710673060554006,,0.3924038187158014,,0.4149568584703956,,0.4421817359607201,,0.46775676346491035,,0.4948076653717521,,0.5234233995897163,,0.5536915991951554,,0.5912473919266409,,0.6256523341429269,,0.6612622454352565,,0.6997178390165223,,0.7407591203229037,,0.7872533137636272,,0.8288051118382497,,0.8746115191590892,,0.9242960133477721,1,1
22271,2004,2,1,5.792847532368738e-4,3.351049661945712e-4,6.043692124442802e-4,3.6193343642450693e-4,6.624119377983047e-4,3.91884609973457e-4,7.007703714736891e-4,4.050056793161151e-4,7.417991538962461e-4,4.446347071831491e-4,7.852076210482174e-4,4.8645584089586564e-4,8.251122846557323e-4,5.239218580894681e-4,8.918401395314782e-4,5.454930396057898e-4,8.929388046569028e-4,5.807983463360779e-4,9.388296234310596e-4,6.239165490546506e-4,9.791636291867371e-4,6.439645836404713e-4,0.0010440042122103416,6.721391903402133e-4,0.0011130343397494843,7.009555528457689e-4,0.0011803652037527855,7.541390486672667e-4,0.0012769819262864618,8.051685634856221e-4,0.0013843303321745815,8.178239675656418e-4,0.0014522346686835531,9.104590708128199e-4,0.0015379656884121368,9.834756892886844e-4,0.001664612102181113,0.0010309288271131267,0.0018286999834350802,0.001111257922223884,0.003487498051520935,0.0015382317933431682,0.003840162670125002,0.0017011876807824973,0.0040889169327942175,0.0018674837142514029,0.004373338984422269,0.0020113671320234456,0.004674293820864066,0.0021690869455104175,0.005057866158241269,0.002322543016407264,0.005426982857113863,0.002482232330330792,0.0059274025693793414,0.0027461774300307374,0.006261555357737172,0.0029188787536502236,0.006792426897039928,0.0032024673139778854,0.007365110875311334,0.0034299625593101433,0.007736564476992878,0.0037686181775387633,0.008269487911041243,0.004121255046781288,0.008845722488831571,0.004432547384519513,0.009502700023824945,0.004778625683639392,0.01161558872403928,0.007735852674534795,0.012479659976375988,0.00847898321562196,0.013339699665886143,0.009078477922677275,0.01386284781281937,0.009727971091165159,0.014880885321755445,0.010366613451813222,0.015782982814532207,0.011051377497680818,0.016791332929138002,0.012042499263817834,0.01820682243517833,0.012955260831784535,0.019088668681861275,0.013732081056280503,0.02067105010578434,0.015073033356885805,0.02239160594322431,0.016038575823719804,0.02424801687167182,0.017650607766427663,0.026676601026125298,0.01943874908990114,0.028992311553622713,0.021290602339521913,0.032044702614498224,0.023418340250478595,0.03465700660857167,0.025901302202501777,0.03877389203430405,0.029219130809417276,0.04263311939084391,0.032028466118968556,0.04685093665395706,0.03594915380065513,0.05336371490973995,0.039658714584431334,0.05743639950346963,0.04396036352112428,0.06311716704242717,0.05066464929842225,0.06970883675875275,0.054776094093329245,0.07698805095723259,0.06077356817673186,0.08492124774559623,0.0677172124478943,0.09534674224848025,0.07645291091648514,0.10498051831701241,0.08503716733873568,0.11524869220036825,0.09425310947705938,0.12611720968513845,0.10404669639485341,0.13754045901898337,0.11437638310782244,0.1516891021148457,0.12679263540211527,0.1629436774233872,0.13736827419224915,0.17355217129593184,0.14761323005400137,0.18329029543023512,0.1573316909939732,0.1919112108143265,0.16630277497688287,0.2022364219027931,0.1767932862189013,0.2118426880267129,0.18695104088965872,0.2219001844861385,0.19767964239757788,0.23244802079202695,0.2090415765147553,0.2435317982307211,0.22105215213514387,0.25690880026978574,0.23514941354803756,0.2693264522765954,0.2487498782115182,0.2825057973686277,0.26313594698774945,0.2965240018648659,0.2783581867101913,0.3112120952280068,0.29445497479850885,0.3295929400653231,0.3138798094441617,0.34634791744309823,0.3321446182103265,0.36421306523865676,0.35147212988351,0.38333700972340423,0.37193204933720225,0.40369603351906086,0.39377564936454484,0.42724685031086235,0.41793601976055755,0.4514753115794829,0.43999085465445326,0.47959426317512377,0.4627367205632228,0.5114869817283293,0.4885297141124899,1,1
22272,2004,2,1,5.792847532368738e-4,3.351049661945712e-4,6.043692124442802e-4,3.6193343642450693e-4,6.624119377983047e-4,3.91884609973457e-4,7.007703714736891e-4,4.050056793161151e-4,7.417991538962461e-4,4.446347071831491e-4,7.852076210482174e-4,4.8645584089586564e-4,8.251122846557323e-4,5.239218580894681e-4,8.918401395314782e-4,5.454930396057898e-4,8.929388046569028e-4,5.807983463360779e-4,9.388296234310596e-4,6.239165490546506e-4,9.791636291867371e-4,6.439645836404713e-4,0.0010440042122103416,6.721391903402133e-4,0.0011130343397494843,7.009555528457689e-4,0.0011803652037527855,7.541390486672667e-4,0.0012769819262864618,8.051685634856221e-4,0.0013843303321745815,8.178239675656418e-4,0.0014522346686835531,9.104590708128199e-4,0.0015379656884121368,9.834756892886844e-4,0.001664612102181113,0.0010309288271131267,0.0018286999834350802,0.001111257922223884,0.003487498051520935,0.0015382317933431682,0.003840162670125002,0.0017011876807824973,0.0040889169327942175,0.0018674837142514029,0.004373338984422269,0.0020113671320234456,0.004674293820864066,0.0021690869455104175,0.005057866158241269,0.002322543016407264,0.005426982857113863,0.002482232330330792,0.0059274025693793414,0.0027461774300307374,0.006261555357737172,0.0029188787536502236,0.006792426897039928,0.0032024673139778854,0.007365110875311334,0.0034299625593101433,0.007736564476992878,0.0037686181775387633,0.008269487911041243,0.004121255046781288,0.008845722488831571,0.004432547384519513,0.009502700023824945,0.004778625683639392,0.01161558872403928,0.007735852674534795,0.012479659976375988,0.00847898321562196,0.013339699665886143,0.009078477922677275,0.01386284781281937,0.009727971091165159,0.014880885321755445,0.010366613451813222,0.015782982814532207,0.011051377497680818,0.016791332929138002,0.012042499263817834,0.01820682243517833,0.012955260831784535,0.019088668681861275,0.013732081056280503,0.02067105010578434,0.015073033356885805,0.02239160594322431,0.016038575823719804,0.02424801687167182,0.017650607766427663,0.026676601026125298,0.01943874908990114,0.028992311553622713,0.021290602339521913,0.032044702614498224,0.023418340250478595,0.03465700660857167,0.025901302202501777,0.03877389203430405,0.029219130809417276,0.04263311939084391,0.032028466118968556,0.04685093665395706,0.03594915380065513,0.05336371490973995,0.039658714584431334,0.05743639950346963,0.04396036352112428,0.06311716704242717,0.05066464929842225,0.06970883675875275,0.054776094093329245,0.07698805095723259,0.06077356817673186,0.08492124774559623,0.0677172124478943,0.09534674224848025,0.07645291091648514,0.10498051831701241,0.08503716733873568,0.11524869220036825,0.09425310947705938,0.12611720968513845,0.10404669639485341,0.13754045901898337,0.11437638310782244,0.1516891021148457,0.12679263540211527,0.1629436774233872,0.13736827419224915,0.17355217129593184,0.14761323005400137,0.18329029543023512,0.1573316909939732,0.1919112108143265,0.16630277497688287,0.2022364219027931,0.1767932862189013,0.2118426880267129,0.18695104088965872,0.2219001844861385,0.19767964239757788,0.23244802079202695,0.2090415765147553,0.2435317982307211,0.22105215213514387,0.25690880026978574,0.23514941354803756,0.2693264522765954,0.2487498782115182,0.2825057973686277,0.26313594698774945,0.2965240018648659,0.2783581867101913,0.3112120952280068,0.29445497479850885,0.3295929400653231,0.3138798094441617,0.34634791744309823,0.3321446182103265,0.36421306523865676,0.35147212988351,0.38333700972340423,0.37193204933720225,0.40369603351906086,0.39377564936454484,0.42724685031086235,0.41793601976055755,0.4514753115794829,0.43999085465445326,0.47959426317512377,0.4627367205632228,0.5114869817283293,0.4885297141124899,1,1
22273,2004,2,1,5.792847532368738e-4,3.351049661945712e-4,6.043692124442802e-4,3.6193343642450693e-4,6.624119377983047e-4,3.91884609973457e-4,7.007703714736891e-4,4.050056793161151e-4,7.417991538962461e-4,4.446347071831491e-4,7.852076210482174e-4,4.8645584089586564e-4,8.251122846557323e-4,5.239218580894681e-4,8.918401395314782e-4,5.454930396057898e-4,8.929388046569028e-4,5.807983463360779e-4,9.388296234310596e-4,6.239165490546506e-4,9.791636291867371e-4,6.439645836404713e-4,0.0010440042122103416,6.721391903402133e-4,0.0011130343397494843,7.009555528457689e-4,0.0011803652037527855,7.541390486672667e-4,0.0012769819262864618,8.051685634856221e-4,0.0013843303321745815,8.178239675656418e-4,0.0014522346686835531,9.104590708128199e-4,0.0015379656884121368,9.834756892886844e-4,0.001664612102181113,0.0010309288271131267,0.0018286999834350802,0.001111257922223884,0.003487498051520935,0.0015382317933431682,0.003840162670125002,0.0017011876807824973,0.0040889169327942175,0.0018674837142514029,0.004373338984422269,0.0020113671320234456,0.004674293820864066,0.0021690869455104175,0.005057866158241269,0.002322543016407264,0.005426982857113863,0.002482232330330792,0.0059274025693793414,0.0027461774300307374,0.006261555357737172,0.0029188787536502236,0.006792426897039928,0.0032024673139778854,0.007365110875311334,0.0034299625593101433,0.007736564476992878,0.0037686181775387633,0.008269487911041243,0.004121255046781288,0.008845722488831571,0.004432547384519513,0.009502700023824945,0.004778625683639392,0.01161558872403928,0.007735852674534795,0.012479659976375988,0.00847898321562196,0.013339699665886143,0.009078477922677275,0.01386284781281937,0.009727971091165159,0.014880885321755445,0.010366613451813222,0.015782982814532207,0.011051377497680818,0.016791332929138002,0.012042499263817834,0.01820682243517833,0.012955260831784535,0.019088668681861275,0.013732081056280503,0.02067105010578434,0.015073033356885805,0.02239160594322431,0.016038575823719804,0.02424801687167182,0.017650607766427663,0.026676601026125298,0.01943874908990114,0.028992311553622713,0.021290602339521913,0.032044702614498224,0.023418340250478595,0.03465700660857167,0.025901302202501777,0.03877389203430405,0.029219130809417276,0.04263311939084391,0.032028466118968556,0.04685093665395706,0.03594915380065513,0.05336371490973995,0.039658714584431334,0.05743639950346963,0.04396036352112428,0.06311716704242717,0.05066464929842225,0.06970883675875275,0.054776094093329245,0.07698805095723259,0.06077356817673186,0.08492124774559623,0.0677172124478943,0.09534674224848025,0.07645291091648514,0.10498051831701241,0.08503716733873568,0.11524869220036825,0.09425310947705938,0.12611720968513845,0.10404669639485341,0.13754045901898337,0.11437638310782244,0.1516891021148457,0.12679263540211527,0.1629436774233872,0.13736827419224915,0.17355217129593184,0.14761323005400137,0.18329029543023512,0.1573316909939732,0.1919112108143265,0.16630277497688287,0.2022364219027931,0.1767932862189013,0.2118426880267129,0.18695104088965872,0.2219001844861385,0.19767964239757788,0.23244802079202695,0.2090415765147553,0.2435317982307211,0.22105215213514387,0.25690880026978574,0.23514941354803756,0.2693264522765954,0.2487498782115182,0.2825057973686277,0.26313594698774945,0.2965240018648659,0.2783581867101913,0.3112120952280068,0.29445497479850885,0.3295929400653231,0.3138798094441617,0.34634791744309823,0.3321446182103265,0.36421306523865676,0.35147212988351,0.38333700972340423,0.37193204933720225,0.40369603351906086,0.39377564936454484,0.42724685031086235,0.41793601976055755,0.4514753115794829,0.43999085465445326,0.47959426317512377,0.4627367205632228,0.5114869817283293,0.4885297141124899,1,1
22274,2004,2,1,5.792847532368738e-4,3.351049661945712e-4,6.043692124442802e-4,3.6193343642450693e-4,6.624119377983047e-4,3.91884609973457e-4,7.007703714736891e-4,4.050056793161151e-4,7.417991538962461e-4,4.446347071831491e-4,7.852076210482174e-4,4.8645584089586564e-4,8.251122846557323e-4,5.239218580894681e-4,8.918401395314782e-4,5.454930396057898e-4,8.929388046569028e-4,5.807983463360779e-4,9.388296234310596e-4,6.239165490546506e-4,9.791636291867371e-4,6.439645836404713e-4,0.0010440042122103416,6.721391903402133e-4,0.0011130343397494843,7.009555528457689e-4,0.0011803652037527855,7.541390486672667e-4,0.0012769819262864618,8.051685634856221e-4,0.0013843303321745815,8.178239675656418e-4,0.0014522346686835531,9.104590708128199e-4,0.0015379656884121368,9.834756892886844e-4,0.001664612102181113,0.0010309288271131267,0.0018286999834350802,0.001111257922223884,0.003487498051520935,0.0015382317933431682,0.003840162670125002,0.0017011876807824973,0.0040889169327942175,0.0018674837142514029,0.004373338984422269,0.0020113671320234456,0.004674293820864066,0.0021690869455104175,0.005057866158241269,0.002322543016407264,0.005426982857113863,0.002482232330330792,0.0059274025693793414,0.0027461774300307374,0.006261555357737172,0.0029188787536502236,0.006792426897039928,0.0032024673139778854,0.007365110875311334,0.0034299625593101433,0.007736564476992878,0.0037686181775387633,0.008269487911041243,0.004121255046781288,0.008845722488831571,0.004432547384519513,0.009502700023824945,0.004778625683639392,0.01161558872403928,0.007735852674534795,0.012479659976375988,0.00847898321562196,0.013339699665886143,0.009078477922677275,0.01386284781281937,0.009727971091165159,0.014880885321755445,0.010366613451813222,0.015782982814532207,0.011051377497680818,0.016791332929138002,0.012042499263817834,0.01820682243517833,0.012955260831784535,0.019088668681861275,0.013732081056280503,0.02067105010578434,0.015073033356885805,0.02239160594322431,0.016038575823719804,0.02424801687167182,0.017650607766427663,0.026676601026125298,0.01943874908990114,0.028992311553622713,0.021290602339521913,0.032044702614498224,0.023418340250478595,0.03465700660857167,0.025901302202501777,0.03877389203430405,0.029219130809417276,0.04263311939084391,0.032028466118968556,0.04685093665395706,0.03594915380065513,0.05336371490973995,0.039658714584431334,0.05743639950346963,0.04396036352112428,0.06311716704242717,0.05066464929842225,0.06970883675875275,0.054776094093329245,0.07698805095723259,0.06077356817673186,0.08492124774559623,0.0677172124478943,0.09534674224848025,0.07645291091648514,0.10498051831701241,0.08503716733873568,0.11524869220036825,0.09425310947705938,0.12611720968513845,0.10404669639485341,0.13754045901898337,0.11437638310782244,0.1516891021148457,0.12679263540211527,0.1629436774233872,0.13736827419224915,0.17355217129593184,0.14761323005400137,0.18329029543023512,0.1573316909939732,0.1919112108143265,0.16630277497688287,0.2022364219027931,0.1767932862189013,0.2118426880267129,0.18695104088965872,0.2219001844861385,0.19767964239757788,0.23244802079202695,0.2090415765147553,0.2435317982307211,0.22105215213514387,0.25690880026978574,0.23514941354803756,0.2693264522765954,0.2487498782115182,0.2825057973686277,0.26313594698774945,0.2965240018648659,0.2783581867101913,0.3112120952280068,0.29445497479850885,0.3295929400653231,0.3138798094441617,0.34634791744309823,0.3321446182103265,0.36421306523865676,0.35147212988351,0.38333700972340423,0.37193204933720225,0.40369603351906086,0.39377564936454484,0.42724685031086235,0.41793601976055755,0.4514753115794829,0.43999085465445326,0.47959426317512377,0.4627367205632228,0.5114869817283293,0.4885297141124899,1,1
22275,2004,2,1,5.792847532368738e-4,3.351049661945712e-4,6.043692124442802e-4,3.6193343642450693e-4,6.624119377983047e-4,3.91884609973457e-4,7.007703714736891e-4,4.050056793161151e-4,7.417991538962461e-4,4.446347071831491e-4,7.852076210482174e-4,4.8645584089586564e-4,8.251122846557323e-4,5.239218580894681e-4,8.918401395314782e-4,5.454930396057898e-4,8.929388046569028e-4,5.807983463360779e-4,9.388296234310596e-4,6.239165490546506e-4,9.791636291867371e-4,6.439645836404713e-4,0.0010440042122103416,6.721391903402133e-4,0.0011130343397494843,7.009555528457689e-4,0.0011803652037527855,7.541390486672667e-4,0.0012769819262864618,8.051685634856221e-4,0.0013843303321745815,8.178239675656418e-4,0.0014522346686835531,9.104590708128199e-4,0.0015379656884121368,9.834756892886844e-4,0.001664612102181113,0.0010309288271131267,0.0018286999834350802,0.001111257922223884,0.003487498051520935,0.0015382317933431682,0.003840162670125002,0.0017011876807824973,0.0040889169327942175,0.0018674837142514029,0.004373338984422269,0.0020113671320234456,0.004674293820864066,0.0021690869455104175,0.005057866158241269,0.002322543016407264,0.005426982857113863,0.002482232330330792,0.0059274025693793414,0.0027461774300307374,0.006261555357737172,0.0029188787536502236,0.006792426897039928,0.0032024673139778854,0.007365110875311334,0.0034299625593101433,0.007736564476992878,0.0037686181775387633,0.008269487911041243,0.004121255046781288,0.008845722488831571,0.004432547384519513,0.009502700023824945,0.004778625683639392,0.01161558872403928,0.007735852674534795,0.012479659976375988,0.00847898321562196,0.013339699665886143,0.009078477922677275,0.01386284781281937,0.009727971091165159,0.014880885321755445,0.010366613451813222,0.015782982814532207,0.011051377497680818,0.016791332929138002,0.012042499263817834,0.01820682243517833,0.012955260831784535,0.019088668681861275,0.013732081056280503,0.02067105010578434,0.015073033356885805,0.02239160594322431,0.016038575823719804,0.02424801687167182,0.017650607766427663,0.026676601026125298,0.01943874908990114,0.028992311553622713,0.021290602339521913,0.032044702614498224,0.023418340250478595,0.03465700660857167,0.025901302202501777,0.03877389203430405,0.029219130809417276,0.04263311939084391,0.032028466118968556,0.04685093665395706,0.03594915380065513,0.05336371490973995,0.039658714584431334,0.05743639950346963,0.04396036352112428,0.06311716704242717,0.05066464929842225,0.06970883675875275,0.054776094093329245,0.07698805095723259,0.06077356817673186,0.08492124774559623,0.0677172124478943,0.09534674224848025,0.07645291091648514,0.10498051831701241,0.08503716733873568,0.11524869220036825,0.09425310947705938,0.12611720968513845,0.10404669639485341,0.13754045901898337,0.11437638310782244,0.1516891021148457,0.12679263540211527,0.1629436774233872,0.13736827419224915,0.17355217129593184,0.14761323005400137,0.18329029543023512,0.1573316909939732,0.1919112108143265,0.16630277497688287,0.2022364219027931,0.1767932862189013,0.2118426880267129,0.18695104088965872,0.2219001844861385,0.19767964239757788,0.23244802079202695,0.2090415765147553,0.2435317982307211,0.22105215213514387,0.25690880026978574,0.23514941354803756,0.2693264522765954,0.2487498782115182,0.2825057973686277,0.26313594698774945,0.2965240018648659,0.2783581867101913,0.3112120952280068,0.29445497479850885,0.3295929400653231,0.3138798094441617,0.34634791744309823,0.3321446182103265,0.36421306523865676,0.35147212988351,0.38333700972340423,0.37193204933720225,0.40369603351906086,0.39377564936454484,0.42724685031086235,0.41793601976055755,0.4514753115794829,0.43999085465445326,0.47959426317512377,0.4627367205632228,0.5114869817283293,0.4885297141124899,1,1
22741,2004,2,1,0.0014544405784019086,5.895187650573302e-4,0.0014310494775511596,5.982929441934486e-4,0.0014010444635627409,6.238515303720696e-4,0.0014247376565387799,6.472250654027238e-4,0.0015072976831535434,6.961427140114645e-4,0.0015781193700358965,7.406890560065044e-4,0.0016695771039956701,7.54592275237182e-4,0.0017632847693591204,8.049916992567632e-4,0.0017635616194840765,8.897049772394849e-4,0.0018514621505370448,9.510771228103034e-4,0.0020410247851156927,0.001061371843578346,0.0022490951588950594,0.0011059888055397467,0.0024690647589990368,0.0012272814281031536,0.0025808610312071673,0.0013442261086739286,0.0028578213608354643,0.0014276162722753809,0.0031106400654089556,0.0015913754199949196,0.0033083478260136716,0.0016814205669578124,0.0036500482760389516,0.0019088485634449993,0.0038201296823577088,0.0020918010376427118,0.00414021861876757,0.002241959914791563,0.006004687257313128,0.002163282962238821,0.006426458977485369,0.002277183062649914,0.006693173356287519,0.0024534542557857696,0.006876065323042066,0.0026837068082152496,0.007398100994447147,0.0029335852821281237,0.008170589732744095,0.003234291184261573,0.008776409793424691,0.003465731122360639,0.009470628394653641,0.003770805831398637,0.010075389902477621,0.00397674057395791,0.010869420104914628,0.004272655626276608,0.011450820761175923,0.004598852310146422,0.012508438380456998,0.00484805601586333,0.013090232389360919,0.005348298041221167,0.013828440209257666,0.005664297528281919,0.015050527057299722,0.006049332563444213,0.01730340113134637,0.008957851379243409,0.01851869485101964,0.00973921906829634,0.019812808827793318,0.010695100935946176,0.021134917954444055,0.011424561292889397,0.022898575370818224,0.012465911968570716,0.02482828968636229,0.013562467617097842,0.02706523944111944,0.01485515874903841,0.029265956127501314,0.016162750417996547,0.03138806461274462,0.01754538127454555,0.03391335409792582,0.021796396349716952,0.03699412220418917,0.02168394513127731,0.04369605760059602,0.023073846040651543,0.04483096941664991,0.025381048241866173,0.048090760637252164,0.027965000507180968,0.05237153950617868,0.030817305256085663,0.05814145104541886,0.03481667720638635,0.06398692290829527,0.038757759550101786,0.07042493840463065,0.043002203388285865,0.07745624040277534,0.04752624347997714,0.08520055805599674,0.052479450162617416,0.09556477074522872,0.059345463549640515,0.10550335170692168,0.06594676369835258,0.11653637938438419,0.07345499373044687,0.1286972404037622,0.08192294473179669,0.1419502027974036,0.09131165122389563,0.1626877017821469,0.10628030764247196,0.17911765741254085,0.11821587782027615,0.1965982623632483,0.13101719184651478,0.21514216662103533,0.1446396182990633,0.23462714711745838,0.15900123450635345,0.262013317837888,0.17957543893260597,0.28145096700798833,0.19455857302671054,0.2997849791195848,0.2090749232463419,0.3166026377420295,0.22283794088151604,0.33150253926841017,0.2355497629584757,0.3505696457053532,0.2516865730529087,0.3672213899879484,0.26615478478111554,0.3846625274044417,0.2814536872882181,0.4029322389541124,0.297630890361727,0.4220675407056177,0.3147369116606828,0.4465026625028342,0.33577796164353185,0.4681118835300598,0.35518210905983494,0.49055697549072697,0.3757060249320765,0.5150924041128472,0.3974173304909346,0.5411333289933691,0.42038235164249654,0.5757582872600229,0.4501295513636891,0.6060053448650227,0.47630612276239814,0.6385605896250819,0.5040430223342804,0.6732261921758113,0.5334933469971763,0.7100031378137415,0.5647972200773094,0.7543107977023227,0.6027422870626938,0.7977976930059762,0.6358650341831793,0.8478077631598825,0.6716577766258909,0.9043550738968329,0.7104449538324388,1,1
22742,2004,2,1,0.0014544405784019086,5.895187650573302e-4,0.0014310494775511596,5.982929441934486e-4,0.0014010444635627409,6.238515303720696e-4,0.0014247376565387799,6.472250654027238e-4,0.0015072976831535434,6.961427140114645e-4,0.0015781193700358965,7.406890560065044e-4,0.0016695771039956701,7.54592275237182e-4,0.0017632847693591204,8.049916992567632e-4,0.0017635616194840765,8.897049772394849e-4,0.0018514621505370448,9.510771228103034e-4,0.0020410247851156927,0.001061371843578346,0.0022490951588950594,0.0011059888055397467,0.0024690647589990368,0.0012272814281031536,0.0025808610312071673,0.0013442261086739286,0.0028578213608354643,0.0014276162722753809,0.0031106400654089556,0.0015913754199949196,0.0033083478260136716,0.0016814205669578124,0.0036500482760389516,0.0019088485634449993,0.0038201296823577088,0.0020918010376427118,0.00414021861876757,0.002241959914791563,0.006004687257313128,0.002163282962238821,0.006426458977485369,0.002277183062649914,0.006693173356287519,0.0024534542557857696,0.006876065323042066,0.0026837068082152496,0.007398100994447147,0.0029335852821281237,0.008170589732744095,0.003234291184261573,0.008776409793424691,0.003465731122360639,0.009470628394653641,0.003770805831398637,0.010075389902477621,0.00397674057395791,0.010869420104914628,0.004272655626276608,0.011450820761175923,0.004598852310146422,0.012508438380456998,0.00484805601586333,0.013090232389360919,0.005348298041221167,0.013828440209257666,0.005664297528281919,0.015050527057299722,0.006049332563444213,0.01730340113134637,0.008957851379243409,0.01851869485101964,0.00973921906829634,0.019812808827793318,0.010695100935946176,0.021134917954444055,0.011424561292889397,0.022898575370818224,0.012465911968570716,0.02482828968636229,0.013562467617097842,0.02706523944111944,0.01485515874903841,0.029265956127501314,0.016162750417996547,0.03138806461274462,0.01754538127454555,0.03391335409792582,0.021796396349716952,0.03699412220418917,0.02168394513127731,0.04369605760059602,0.023073846040651543,0.04483096941664991,0.025381048241866173,0.048090760637252164,0.027965000507180968,0.05237153950617868,0.030817305256085663,0.05814145104541886,0.03481667720638635,0.06398692290829527,0.038757759550101786,0.07042493840463065,0.043002203388285865,0.07745624040277534,0.04752624347997714,0.08520055805599674,0.052479450162617416,0.09556477074522872,0.059345463549640515,0.10550335170692168,0.06594676369835258,0.11653637938438419,0.07345499373044687,0.1286972404037622,0.08192294473179669,0.1419502027974036,0.09131165122389563,0.1626877017821469,0.10628030764247196,0.17911765741254085,0.11821587782027615,0.1965982623632483,0.13101719184651478,0.21514216662103533,0.1446396182990633,0.23462714711745838,0.15900123450635345,0.262013317837888,0.17957543893260597,0.28145096700798833,0.19455857302671054,0.2997849791195848,0.2090749232463419,0.3166026377420295,0.22283794088151604,0.33150253926841017,0.2355497629584757,0.3505696457053532,0.2516865730529087,0.3672213899879484,0.26615478478111554,0.3846625274044417,0.2814536872882181,0.4029322389541124,0.297630890361727,0.4220675407056177,0.3147369116606828,0.4465026625028342,0.33577796164353185,0.4681118835300598,0.35518210905983494,0.49055697549072697,0.3757060249320765,0.5150924041128472,0.3974173304909346,0.5411333289933691,0.42038235164249654,0.5757582872600229,0.4501295513636891,0.6060053448650227,0.47630612276239814,0.6385605896250819,0.5040430223342804,0.6732261921758113,0.5334933469971763,0.7100031378137415,0.5647972200773094,0.7543107977023227,0.6027422870626938,0.7977976930059762,0.6358650341831793,0.8478077631598825,0.6716577766258909,0.9043550738968329,0.7104449538324388,1,1
22743,2004,2,1,0.0014544405784019086,5.895187650573302e-4,0.0014310494775511596,5.982929441934486e-4,0.0014010444635627409,6.238515303720696e-4,0.0014247376565387799,6.472250654027238e-4,0.0015072976831535434,6.961427140114645e-4,0.0015781193700358965,7.406890560065044e-4,0.0016695771039956701,7.54592275237182e-4,0.0017632847693591204,8.049916992567632e-4,0.0017635616194840765,8.897049772394849e-4,0.0018514621505370448,9.510771228103034e-4,0.0020410247851156927,0.001061371843578346,0.0022490951588950594,0.0011059888055397467,0.0024690647589990368,0.0012272814281031536,0.0025808610312071673,0.0013442261086739286,0.0028578213608354643,0.0014276162722753809,0.0031106400654089556,0.0015913754199949196,0.0033083478260136716,0.0016814205669578124,0.0036500482760389516,0.0019088485634449993,0.0038201296823577088,0.0020918010376427118,0.00414021861876757,0.002241959914791563,0.006004687257313128,0.002163282962238821,0.006426458977485369,0.002277183062649914,0.006693173356287519,0.0024534542557857696,0.006876065323042066,0.0026837068082152496,0.007398100994447147,0.0029335852821281237,0.008170589732744095,0.003234291184261573,0.008776409793424691,0.003465731122360639,0.009470628394653641,0.003770805831398637,0.010075389902477621,0.00397674057395791,0.010869420104914628,0.004272655626276608,0.011450820761175923,0.004598852310146422,0.012508438380456998,0.00484805601586333,0.013090232389360919,0.005348298041221167,0.013828440209257666,0.005664297528281919,0.015050527057299722,0.006049332563444213,0.01730340113134637,0.008957851379243409,0.01851869485101964,0.00973921906829634,0.019812808827793318,0.010695100935946176,0.021134917954444055,0.011424561292889397,0.022898575370818224,0.012465911968570716,0.02482828968636229,0.013562467617097842,0.02706523944111944,0.01485515874903841,0.029265956127501314,0.016162750417996547,0.03138806461274462,0.01754538127454555,0.03391335409792582,0.021796396349716952,0.03699412220418917,0.02168394513127731,0.04369605760059602,0.023073846040651543,0.04483096941664991,0.025381048241866173,0.048090760637252164,0.027965000507180968,0.05237153950617868,0.030817305256085663,0.05814145104541886,0.03481667720638635,0.06398692290829527,0.038757759550101786,0.07042493840463065,0.043002203388285865,0.07745624040277534,0.04752624347997714,0.08520055805599674,0.052479450162617416,0.09556477074522872,0.059345463549640515,0.10550335170692168,0.06594676369835258,0.11653637938438419,0.07345499373044687,0.1286972404037622,0.08192294473179669,0.1419502027974036,0.09131165122389563,0.1626877017821469,0.10628030764247196,0.17911765741254085,0.11821587782027615,0.1965982623632483,0.13101719184651478,0.21514216662103533,0.1446396182990633,0.23462714711745838,0.15900123450635345,0.262013317837888,0.17957543893260597,0.28145096700798833,0.19455857302671054,0.2997849791195848,0.2090749232463419,0.3166026377420295,0.22283794088151604,0.33150253926841017,0.2355497629584757,0.3505696457053532,0.2516865730529087,0.3672213899879484,0.26615478478111554,0.3846625274044417,0.2814536872882181,0.4029322389541124,0.297630890361727,0.4220675407056177,0.3147369116606828,0.4465026625028342,0.33577796164353185,0.4681118835300598,0.35518210905983494,0.49055697549072697,0.3757060249320765,0.5150924041128472,0.3974173304909346,0.5411333289933691,0.42038235164249654,0.5757582872600229,0.4501295513636891,0.6060053448650227,0.47630612276239814,0.6385605896250819,0.5040430223342804,0.6732261921758113,0.5334933469971763,0.7100031378137415,0.5647972200773094,0.7543107977023227,0.6027422870626938,0.7977976930059762,0.6358650341831793,0.8478077631598825,0.6716577766258909,0.9043550738968329,0.7104449538324388,1,1
22744,2004,2,1,0.0014544405784019086,5.895187650573302e-4,0.0014310494775511596,5.982929441934486e-4,0.0014010444635627409,6.238515303720696e-4,0.0014247376565387799,6.472250654027238e-4,0.0015072976831535434,6.961427140114645e-4,0.0015781193700358965,7.406890560065044e-4,0.0016695771039956701,7.54592275237182e-4,0.0017632847693591204,8.049916992567632e-4,0.0017635616194840765,8.897049772394849e-4,0.0018514621505370448,9.510771228103034e-4,0.0020410247851156927,0.001061371843578346,0.0022490951588950594,0.0011059888055397467,0.0024690647589990368,0.0012272814281031536,0.0025808610312071673,0.0013442261086739286,0.0028578213608354643,0.0014276162722753809,0.0031106400654089556,0.0015913754199949196,0.0033083478260136716,0.0016814205669578124,0.0036500482760389516,0.0019088485634449993,0.0038201296823577088,0.0020918010376427118,0.00414021861876757,0.002241959914791563,0.006004687257313128,0.002163282962238821,0.006426458977485369,0.002277183062649914,0.006693173356287519,0.0024534542557857696,0.006876065323042066,0.0026837068082152496,0.007398100994447147,0.0029335852821281237,0.008170589732744095,0.003234291184261573,0.008776409793424691,0.003465731122360639,0.009470628394653641,0.003770805831398637,0.010075389902477621,0.00397674057395791,0.010869420104914628,0.004272655626276608,0.011450820761175923,0.004598852310146422,0.012508438380456998,0.00484805601586333,0.013090232389360919,0.005348298041221167,0.013828440209257666,0.005664297528281919,0.015050527057299722,0.006049332563444213,0.01730340113134637,0.008957851379243409,0.01851869485101964,0.00973921906829634,0.019812808827793318,0.010695100935946176,0.021134917954444055,0.011424561292889397,0.022898575370818224,0.012465911968570716,0.02482828968636229,0.013562467617097842,0.02706523944111944,0.01485515874903841,0.029265956127501314,0.016162750417996547,0.03138806461274462,0.01754538127454555,0.03391335409792582,0.021796396349716952,0.03699412220418917,0.02168394513127731,0.04369605760059602,0.023073846040651543,0.04483096941664991,0.025381048241866173,0.048090760637252164,0.027965000507180968,0.05237153950617868,0.030817305256085663,0.05814145104541886,0.03481667720638635,0.06398692290829527,0.038757759550101786,0.07042493840463065,0.043002203388285865,0.07745624040277534,0.04752624347997714,0.08520055805599674,0.052479450162617416,0.09556477074522872,0.059345463549640515,0.10550335170692168,0.06594676369835258,0.11653637938438419,0.07345499373044687,0.1286972404037622,0.08192294473179669,0.1419502027974036,0.09131165122389563,0.1626877017821469,0.10628030764247196,0.17911765741254085,0.11821587782027615,0.1965982623632483,0.13101719184651478,0.21514216662103533,0.1446396182990633,0.23462714711745838,0.15900123450635345,0.262013317837888,0.17957543893260597,0.28145096700798833,0.19455857302671054,0.2997849791195848,0.2090749232463419,0.3166026377420295,0.22283794088151604,0.33150253926841017,0.2355497629584757,0.3505696457053532,0.2516865730529087,0.3672213899879484,0.26615478478111554,0.3846625274044417,0.2814536872882181,0.4029322389541124,0.297630890361727,0.4220675407056177,0.3147369116606828,0.4465026625028342,0.33577796164353185,0.4681118835300598,0.35518210905983494,0.49055697549072697,0.3757060249320765,0.5150924041128472,0.3974173304909346,0.5411333289933691,0.42038235164249654,0.5757582872600229,0.4501295513636891,0.6060053448650227,0.47630612276239814,0.6385605896250819,0.5040430223342804,0.6732261921758113,0.5334933469971763,0.7100031378137415,0.5647972200773094,0.7543107977023227,0.6027422870626938,0.7977976930059762,0.6358650341831793,0.8478077631598825,0.6716577766258909,0.9043550738968329,0.7104449538324388,1,1
22745,2004,2,1,0.0014544405784019086,5.895187650573302e-4,0.0014310494775511596,5.982929441934486e-4,0.0014010444635627409,6.238515303720696e-4,0.0014247376565387799,6.472250654027238e-4,0.0015072976831535434,6.961427140114645e-4,0.0015781193700358965,7.406890560065044e-4,0.0016695771039956701,7.54592275237182e-4,0.0017632847693591204,8.049916992567632e-4,0.0017635616194840765,8.897049772394849e-4,0.0018514621505370448,9.510771228103034e-4,0.0020410247851156927,0.001061371843578346,0.0022490951588950594,0.0011059888055397467,0.0024690647589990368,0.0012272814281031536,0.0025808610312071673,0.0013442261086739286,0.0028578213608354643,0.0014276162722753809,0.0031106400654089556,0.0015913754199949196,0.0033083478260136716,0.0016814205669578124,0.0036500482760389516,0.0019088485634449993,0.0038201296823577088,0.0020918010376427118,0.00414021861876757,0.002241959914791563,0.006004687257313128,0.002163282962238821,0.006426458977485369,0.002277183062649914,0.006693173356287519,0.0024534542557857696,0.006876065323042066,0.0026837068082152496,0.007398100994447147,0.0029335852821281237,0.008170589732744095,0.003234291184261573,0.008776409793424691,0.003465731122360639,0.009470628394653641,0.003770805831398637,0.010075389902477621,0.00397674057395791,0.010869420104914628,0.004272655626276608,0.011450820761175923,0.004598852310146422,0.012508438380456998,0.00484805601586333,0.013090232389360919,0.005348298041221167,0.013828440209257666,0.005664297528281919,0.015050527057299722,0.006049332563444213,0.01730340113134637,0.008957851379243409,0.01851869485101964,0.00973921906829634,0.019812808827793318,0.010695100935946176,0.021134917954444055,0.011424561292889397,0.022898575370818224,0.012465911968570716,0.02482828968636229,0.013562467617097842,0.02706523944111944,0.01485515874903841,0.029265956127501314,0.016162750417996547,0.03138806461274462,0.01754538127454555,0.03391335409792582,0.021796396349716952,0.03699412220418917,0.02168394513127731,0.04369605760059602,0.023073846040651543,0.04483096941664991,0.025381048241866173,0.048090760637252164,0.027965000507180968,0.05237153950617868,0.030817305256085663,0.05814145104541886,0.03481667720638635,0.06398692290829527,0.038757759550101786,0.07042493840463065,0.043002203388285865,0.07745624040277534,0.04752624347997714,0.08520055805599674,0.052479450162617416,0.09556477074522872,0.059345463549640515,0.10550335170692168,0.06594676369835258,0.11653637938438419,0.07345499373044687,0.1286972404037622,0.08192294473179669,0.1419502027974036,0.09131165122389563,0.1626877017821469,0.10628030764247196,0.17911765741254085,0.11821587782027615,0.1965982623632483,0.13101719184651478,0.21514216662103533,0.1446396182990633,0.23462714711745838,0.15900123450635345,0.262013317837888,0.17957543893260597,0.28145096700798833,0.19455857302671054,0.2997849791195848,0.2090749232463419,0.3166026377420295,0.22283794088151604,0.33150253926841017,0.2355497629584757,0.3505696457053532,0.2516865730529087,0.3672213899879484,0.26615478478111554,0.3846625274044417,0.2814536872882181,0.4029322389541124,0.297630890361727,0.4220675407056177,0.3147369116606828,0.4465026625028342,0.33577796164353185,0.4681118835300598,0.35518210905983494,0.49055697549072697,0.3757060249320765,0.5150924041128472,0.3974173304909346,0.5411333289933691,0.42038235164249654,0.5757582872600229,0.4501295513636891,0.6060053448650227,0.47630612276239814,0.6385605896250819,0.5040430223342804,0.6732261921758113,0.5334933469971763,0.7100031378137415,0.5647972200773094,0.7543107977023227,0.6027422870626938,0.7977976930059762,0.6358650341831793,0.8478077631598825,0.6716577766258909,0.9043550738968329,0.7104449538324388,1,1
27561,2004,2,1,5.391790563564069e-4,2.3682392590345297e-4,5.719082155060087e-4,2.3783262087449762e-4,5.881897084775506e-4,2.5076850124666143e-4,5.331357908966697e-4,2.6337667289029097e-4,4.8565048983072303e-4,2.8526575359841613e-4,4.7972204834805107e-4,3.2008363388669317e-4,5.02298478163129e-4,3.4463821601625727e-4,5.363975986135426e-4,3.768240260613661e-4,5.982465272485788e-4,3.9476859818014565e-4,6.352756212650481e-4,4.355961854602108e-4,6.718092179647068e-4,4.6914668867989234e-4,7.023521944892581e-4,4.947556337865798e-4,7.703698101913193e-4,5.416074354940636e-4,8.180118475444501e-4,5.908079340291975e-4,8.719895285864912e-4,6.188043849950358e-4,9.176358649484074e-4,6.866511580396576e-4,9.835270792797695e-4,7.35956794878692e-4,0.0010463469248495458,8.019097834019612e-4,0.0011362769237019637,8.838668241546594e-4,0.0012213318640751124,9.68228935575103e-4,0.0024967125114453838,0.001347775220443589,0.0027109733562231853,0.0014429429227972301,0.0029701084192912627,0.0015297675053317864,0.0032501215229095806,0.001626384084401565,0.003521584014719081,0.002054236991635167,0.0038135122367668095,0.002551667073975723,0.004108753919306549,0.0025265411408029893,0.0052574324903,0.0024601044714885707,0.005680445475227014,0.00255005271103069,0.005781053936146023,0.002735761271979041,0.005877073421590141,0.002958625154418167,0.006241186531953819,0.0031539959957048508,0.006727424635013333,0.003339661939102709,0.007108008781338598,0.0035207439125241892,0.0074811200619655125,0.0037057766727968964,0.008058600093588546,0.005118511992342385,0.008493184758427976,0.0054337004579072664,0.008933732075872402,0.005805401479468702,0.00938904520160775,0.006249255500665705,0.009914124783083109,0.006766003814134948,0.01035005080033925,0.007211707855174395,0.011055790648968888,0.007862719834234871,0.01189675859948357,0.008595547782531188,0.013016526641846271,0.009487705138916646,0.014139628685117726,0.010362825676972193,0.015524519691401102,0.011474721809768997,0.016803832836839852,0.012515861048872055,0.018296364839851705,0.013735721194226691,0.01994471062339778,0.015094120028655525,0.021761444632924686,0.016625842158073282,0.025087112096046003,0.019521360733182506,0.02750577934195242,0.021663012935277573,0.030233887288849574,0.02414471464691841,0.033286197242261756,0.02686331151953028,0.036708633263820095,0.02978941655846107,0.04283184148130468,0.03521881375408323,0.047293036039757735,0.039186657766701834,0.0522659558563863,0.04356052209318724,0.0576177491814717,0.048434565063343135,0.0634834546248103,0.05400070174428527,0.07589388556560495,0.06553179860501952,0.08366707971169385,0.07266864016338732,0.09207993043050214,0.080468788172474,0.10109143409557343,0.08895323334274538,0.11024945738584883,0.09782330785100249,0.1276590504642041,0.11477660509234205,0.13711776701515954,0.12436816030603749,0.14603031526171611,0.13365025247400883,0.15419386393166967,0.1424327657328944,0.16141214233304904,0.15052018660807,0.17205285675598675,0.16217242985492106,0.18018141566469767,0.17145272281913818,0.1886943152320594,0.18126258142167787,0.19761014376873237,0.1916343913301159,0.20694639615533822,0.20259993847744337,0.2199002618254346,0.21755252114410092,0.23036766758721672,0.2300791774154983,0.24135380344298646,0.24332671465774922,0.2528791112330973,0.25733711429178535,0.2650327947933622,0.2721541569422925,0.28283368985614693,0.2928348046277713,0.29717711825002535,0.30981286981276096,0.3125788178183416,0.32779116951892906,0.3294809304523206,0.3469130037604416,0.3482036959963851,0.3674075031818364,0.3726765327185962,0.393166749948769,0.39608755429001963,0.4139890593499265,0.4218429250377664,0.4381956754395504,0.4503935206746196,0.4648583757080694,1,1
27562,2004,2,1,5.391790563564069e-4,2.3682392590345297e-4,5.719082155060087e-4,2.3783262087449762e-4,5.881897084775506e-4,2.5076850124666143e-4,5.331357908966697e-4,2.6337667289029097e-4,4.8565048983072303e-4,2.8526575359841613e-4,4.7972204834805107e-4,3.2008363388669317e-4,5.02298478163129e-4,3.4463821601625727e-4,5.363975986135426e-4,3.768240260613661e-4,5.982465272485788e-4,3.9476859818014565e-4,6.352756212650481e-4,4.355961854602108e-4,6.718092179647068e-4,4.6914668867989234e-4,7.023521944892581e-4,4.947556337865798e-4,7.703698101913193e-4,5.416074354940636e-4,8.180118475444501e-4,5.908079340291975e-4,8.719895285864912e-4,6.188043849950358e-4,9.176358649484074e-4,6.866511580396576e-4,9.835270792797695e-4,7.35956794878692e-4,0.0010463469248495458,8.019097834019612e-4,0.0011362769237019637,8.838668241546594e-4,0.0012213318640751124,9.68228935575103e-4,0.0024967125114453838,0.001347775220443589,0.0027109733562231853,0.0014429429227972301,0.0029701084192912627,0.0015297675053317864,0.0032501215229095806,0.001626384084401565,0.003521584014719081,0.002054236991635167,0.0038135122367668095,0.002551667073975723,0.004108753919306549,0.0025265411408029893,0.0052574324903,0.0024601044714885707,0.005680445475227014,0.00255005271103069,0.005781053936146023,0.002735761271979041,0.005877073421590141,0.002958625154418167,0.006241186531953819,0.0031539959957048508,0.006727424635013333,0.003339661939102709,0.007108008781338598,0.0035207439125241892,0.0074811200619655125,0.0037057766727968964,0.008058600093588546,0.005118511992342385,0.008493184758427976,0.0054337004579072664,0.008933732075872402,0.005805401479468702,0.00938904520160775,0.006249255500665705,0.009914124783083109,0.006766003814134948,0.01035005080033925,0.007211707855174395,0.011055790648968888,0.007862719834234871,0.01189675859948357,0.008595547782531188,0.013016526641846271,0.009487705138916646,0.014139628685117726,0.010362825676972193,0.015524519691401102,0.011474721809768997,0.016803832836839852,0.012515861048872055,0.018296364839851705,0.013735721194226691,0.01994471062339778,0.015094120028655525,0.021761444632924686,0.016625842158073282,0.025087112096046003,0.019521360733182506,0.02750577934195242,0.021663012935277573,0.030233887288849574,0.02414471464691841,0.033286197242261756,0.02686331151953028,0.036708633263820095,0.02978941655846107,0.04283184148130468,0.03521881375408323,0.047293036039757735,0.039186657766701834,0.0522659558563863,0.04356052209318724,0.0576177491814717,0.048434565063343135,0.0634834546248103,0.05400070174428527,0.07589388556560495,0.06553179860501952,0.08366707971169385,0.07266864016338732,0.09207993043050214,0.080468788172474,0.10109143409557343,0.08895323334274538,0.11024945738584883,0.09782330785100249,0.1276590504642041,0.11477660509234205,0.13711776701515954,0.12436816030603749,0.14603031526171611,0.13365025247400883,0.15419386393166967,0.1424327657328944,0.16141214233304904,0.15052018660807,0.17205285675598675,0.16217242985492106,0.18018141566469767,0.17145272281913818,0.1886943152320594,0.18126258142167787,0.19761014376873237,0.1916343913301159,0.20694639615533822,0.20259993847744337,0.2199002618254346,0.21755252114410092,0.23036766758721672,0.2300791774154983,0.24135380344298646,0.24332671465774922,0.2528791112330973,0.25733711429178535,0.2650327947933622,0.2721541569422925,0.28283368985614693,0.2928348046277713,0.29717711825002535,0.30981286981276096,0.3125788178183416,0.32779116951892906,0.3294809304523206,0.3469130037604416,0.3482036959963851,0.3674075031818364,0.3726765327185962,0.393166749948769,0.39608755429001963,0.4139890593499265,0.4218429250377664,0.4381956754395504,0.4503935206746196,0.4648583757080694,1,1
27563,2004,2,1,5.391790563564069e-4,2.3682392590345297e-4,5.719082155060087e-4,2.3783262087449762e-4,5.881897084775506e-4,2.5076850124666143e-4,5.331357908966697e-4,2.6337667289029097e-4,4.8565048983072303e-4,2.8526575359841613e-4,4.7972204834805107e-4,3.2008363388669317e-4,5.02298478163129e-4,3.4463821601625727e-4,5.363975986135426e-4,3.768240260613661e-4,5.982465272485788e-4,3.9476859818014565e-4,6.352756212650481e-4,4.355961854602108e-4,6.718092179647068e-4,4.6914668867989234e-4,7.023521944892581e-4,4.947556337865798e-4,7.703698101913193e-4,5.416074354940636e-4,8.180118475444501e-4,5.908079340291975e-4,8.719895285864912e-4,6.188043849950358e-4,9.176358649484074e-4,6.866511580396576e-4,9.835270792797695e-4,7.35956794878692e-4,0.0010463469248495458,8.019097834019612e-4,0.0011362769237019637,8.838668241546594e-4,0.0012213318640751124,9.68228935575103e-4,0.0024967125114453838,0.001347775220443589,0.0027109733562231853,0.0014429429227972301,0.0029701084192912627,0.0015297675053317864,0.0032501215229095806,0.001626384084401565,0.003521584014719081,0.002054236991635167,0.0038135122367668095,0.002551667073975723,0.004108753919306549,0.0025265411408029893,0.0052574324903,0.0024601044714885707,0.005680445475227014,0.00255005271103069,0.005781053936146023,0.002735761271979041,0.005877073421590141,0.002958625154418167,0.006241186531953819,0.0031539959957048508,0.006727424635013333,0.003339661939102709,0.007108008781338598,0.0035207439125241892,0.0074811200619655125,0.0037057766727968964,0.008058600093588546,0.005118511992342385,0.008493184758427976,0.0054337004579072664,0.008933732075872402,0.005805401479468702,0.00938904520160775,0.006249255500665705,0.009914124783083109,0.006766003814134948,0.01035005080033925,0.007211707855174395,0.011055790648968888,0.007862719834234871,0.01189675859948357,0.008595547782531188,0.013016526641846271,0.009487705138916646,0.014139628685117726,0.010362825676972193,0.015524519691401102,0.011474721809768997,0.016803832836839852,0.012515861048872055,0.018296364839851705,0.013735721194226691,0.01994471062339778,0.015094120028655525,0.021761444632924686,0.016625842158073282,0.025087112096046003,0.019521360733182506,0.02750577934195242,0.021663012935277573,0.030233887288849574,0.02414471464691841,0.033286197242261756,0.02686331151953028,0.036708633263820095,0.02978941655846107,0.04283184148130468,0.03521881375408323,0.047293036039757735,0.039186657766701834,0.0522659558563863,0.04356052209318724,0.0576177491814717,0.048434565063343135,0.0634834546248103,0.05400070174428527,0.07589388556560495,0.06553179860501952,0.08366707971169385,0.07266864016338732,0.09207993043050214,0.080468788172474,0.10109143409557343,0.08895323334274538,0.11024945738584883,0.09782330785100249,0.1276590504642041,0.11477660509234205,0.13711776701515954,0.12436816030603749,0.14603031526171611,0.13365025247400883,0.15419386393166967,0.1424327657328944,0.16141214233304904,0.15052018660807,0.17205285675598675,0.16217242985492106,0.18018141566469767,0.17145272281913818,0.1886943152320594,0.18126258142167787,0.19761014376873237,0.1916343913301159,0.20694639615533822,0.20259993847744337,0.2199002618254346,0.21755252114410092,0.23036766758721672,0.2300791774154983,0.24135380344298646,0.24332671465774922,0.2528791112330973,0.25733711429178535,0.2650327947933622,0.2721541569422925,0.28283368985614693,0.2928348046277713,0.29717711825002535,0.30981286981276096,0.3125788178183416,0.32779116951892906,0.3294809304523206,0.3469130037604416,0.3482036959963851,0.3674075031818364,0.3726765327185962,0.393166749948769,0.39608755429001963,0.4139890593499265,0.4218429250377664,0.4381956754395504,0.4503935206746196,0.4648583757080694,1,1
27564,2004,2,1,5.391790563564069e-4,2.3682392590345297e-4,5.719082155060087e-4,2.3783262087449762e-4,5.881897084775506e-4,2.5076850124666143e-4,5.331357908966697e-4,2.6337667289029097e-4,4.8565048983072303e-4,2.8526575359841613e-4,4.7972204834805107e-4,3.2008363388669317e-4,5.02298478163129e-4,3.4463821601625727e-4,5.363975986135426e-4,3.768240260613661e-4,5.982465272485788e-4,3.9476859818014565e-4,6.352756212650481e-4,4.355961854602108e-4,6.718092179647068e-4,4.6914668867989234e-4,7.023521944892581e-4,4.947556337865798e-4,7.703698101913193e-4,5.416074354940636e-4,8.180118475444501e-4,5.908079340291975e-4,8.719895285864912e-4,6.188043849950358e-4,9.176358649484074e-4,6.866511580396576e-4,9.835270792797695e-4,7.35956794878692e-4,0.0010463469248495458,8.019097834019612e-4,0.0011362769237019637,8.838668241546594e-4,0.0012213318640751124,9.68228935575103e-4,0.0024967125114453838,0.001347775220443589,0.0027109733562231853,0.0014429429227972301,0.0029701084192912627,0.0015297675053317864,0.0032501215229095806,0.001626384084401565,0.003521584014719081,0.002054236991635167,0.0038135122367668095,0.002551667073975723,0.004108753919306549,0.0025265411408029893,0.0052574324903,0.0024601044714885707,0.005680445475227014,0.00255005271103069,0.005781053936146023,0.002735761271979041,0.005877073421590141,0.002958625154418167,0.006241186531953819,0.0031539959957048508,0.006727424635013333,0.003339661939102709,0.007108008781338598,0.0035207439125241892,0.0074811200619655125,0.0037057766727968964,0.008058600093588546,0.005118511992342385,0.008493184758427976,0.0054337004579072664,0.008933732075872402,0.005805401479468702,0.00938904520160775,0.006249255500665705,0.009914124783083109,0.006766003814134948,0.01035005080033925,0.007211707855174395,0.011055790648968888,0.007862719834234871,0.01189675859948357,0.008595547782531188,0.013016526641846271,0.009487705138916646,0.014139628685117726,0.010362825676972193,0.015524519691401102,0.011474721809768997,0.016803832836839852,0.012515861048872055,0.018296364839851705,0.013735721194226691,0.01994471062339778,0.015094120028655525,0.021761444632924686,0.016625842158073282,0.025087112096046003,0.019521360733182506,0.02750577934195242,0.021663012935277573,0.030233887288849574,0.02414471464691841,0.033286197242261756,0.02686331151953028,0.036708633263820095,0.02978941655846107,0.04283184148130468,0.03521881375408323,0.047293036039757735,0.039186657766701834,0.0522659558563863,0.04356052209318724,0.0576177491814717,0.048434565063343135,0.0634834546248103,0.05400070174428527,0.07589388556560495,0.06553179860501952,0.08366707971169385,0.07266864016338732,0.09207993043050214,0.080468788172474,0.10109143409557343,0.08895323334274538,0.11024945738584883,0.09782330785100249,0.1276590504642041,0.11477660509234205,0.13711776701515954,0.12436816030603749,0.14603031526171611,0.13365025247400883,0.15419386393166967,0.1424327657328944,0.16141214233304904,0.15052018660807,0.17205285675598675,0.16217242985492106,0.18018141566469767,0.17145272281913818,0.1886943152320594,0.18126258142167787,0.19761014376873237,0.1916343913301159,0.20694639615533822,0.20259993847744337,0.2199002618254346,0.21755252114410092,0.23036766758721672,0.2300791774154983,0.24135380344298646,0.24332671465774922,0.2528791112330973,0.25733711429178535,0.2650327947933622,0.2721541569422925,0.28283368985614693,0.2928348046277713,0.29717711825002535,0.30981286981276096,0.3125788178183416,0.32779116951892906,0.3294809304523206,0.3469130037604416,0.3482036959963851,0.3674075031818364,0.3726765327185962,0.393166749948769,0.39608755429001963,0.4139890593499265,0.4218429250377664,0.4381956754395504,0.4503935206746196,0.4648583757080694,1,1
27565,2004,2,1,5.391790563564069e-4,2.3682392590345297e-4,5.719082155060087e-4,2.3783262087449762e-4,5.881897084775506e-4,2.5076850124666143e-4,5.331357908966697e-4,2.6337667289029097e-4,4.8565048983072303e-4,2.8526575359841613e-4,4.7972204834805107e-4,3.2008363388669317e-4,5.02298478163129e-4,3.4463821601625727e-4,5.363975986135426e-4,3.768240260613661e-4,5.982465272485788e-4,3.9476859818014565e-4,6.352756212650481e-4,4.355961854602108e-4,6.718092179647068e-4,4.6914668867989234e-4,7.023521944892581e-4,4.947556337865798e-4,7.703698101913193e-4,5.416074354940636e-4,8.180118475444501e-4,5.908079340291975e-4,8.719895285864912e-4,6.188043849950358e-4,9.176358649484074e-4,6.866511580396576e-4,9.835270792797695e-4,7.35956794878692e-4,0.0010463469248495458,8.019097834019612e-4,0.0011362769237019637,8.838668241546594e-4,0.0012213318640751124,9.68228935575103e-4,0.0024967125114453838,0.001347775220443589,0.0027109733562231853,0.0014429429227972301,0.0029701084192912627,0.0015297675053317864,0.0032501215229095806,0.001626384084401565,0.003521584014719081,0.002054236991635167,0.0038135122367668095,0.002551667073975723,0.004108753919306549,0.0025265411408029893,0.0052574324903,0.0024601044714885707,0.005680445475227014,0.00255005271103069,0.005781053936146023,0.002735761271979041,0.005877073421590141,0.002958625154418167,0.006241186531953819,0.0031539959957048508,0.006727424635013333,0.003339661939102709,0.007108008781338598,0.0035207439125241892,0.0074811200619655125,0.0037057766727968964,0.008058600093588546,0.005118511992342385,0.008493184758427976,0.0054337004579072664,0.008933732075872402,0.005805401479468702,0.00938904520160775,0.006249255500665705,0.009914124783083109,0.006766003814134948,0.01035005080033925,0.007211707855174395,0.011055790648968888,0.007862719834234871,0.01189675859948357,0.008595547782531188,0.013016526641846271,0.009487705138916646,0.014139628685117726,0.010362825676972193,0.015524519691401102,0.011474721809768997,0.016803832836839852,0.012515861048872055,0.018296364839851705,0.013735721194226691,0.01994471062339778,0.015094120028655525,0.021761444632924686,0.016625842158073282,0.025087112096046003,0.019521360733182506,0.02750577934195242,0.021663012935277573,0.030233887288849574,0.02414471464691841,0.033286197242261756,0.02686331151953028,0.036708633263820095,0.02978941655846107,0.04283184148130468,0.03521881375408323,0.047293036039757735,0.039186657766701834,0.0522659558563863,0.04356052209318724,0.0576177491814717,0.048434565063343135,0.0634834546248103,0.05400070174428527,0.07589388556560495,0.06553179860501952,0.08366707971169385,0.07266864016338732,0.09207993043050214,0.080468788172474,0.10109143409557343,0.08895323334274538,0.11024945738584883,0.09782330785100249,0.1276590504642041,0.11477660509234205,0.13711776701515954,0.12436816030603749,0.14603031526171611,0.13365025247400883,0.15419386393166967,0.1424327657328944,0.16141214233304904,0.15052018660807,0.17205285675598675,0.16217242985492106,0.18018141566469767,0.17145272281913818,0.1886943152320594,0.18126258142167787,0.19761014376873237,0.1916343913301159,0.20694639615533822,0.20259993847744337,0.2199002618254346,0.21755252114410092,0.23036766758721672,0.2300791774154983,0.24135380344298646,0.24332671465774922,0.2528791112330973,0.25733711429178535,0.2650327947933622,0.2721541569422925,0.28283368985614693,0.2928348046277713,0.29717711825002535,0.30981286981276096,0.3125788178183416,0.32779116951892906,0.3294809304523206,0.3469130037604416,0.3482036959963851,0.3674075031818364,0.3726765327185962,0.393166749948769,0.39608755429001963,0.4139890593499265,0.4218429250377664,0.4381956754395504,0.4503935206746196,0.4648583757080694,1,1
31721,2004,2,1,7.237877285021158e-4,2.2884486311522994e-4,7.134768021687743e-4,2.2701264723545798e-4,7.451676226402497e-4,2.325645076114559e-4,7.976757792254845e-4,2.5380856491803846e-4,9.078208999172502e-4,2.762882064263795e-4,9.671890401363564e-4,2.9938899375244414e-4,0.001034592274064026,3.304972631697395e-4,0.001122847555827252,3.5822932170528546e-4,0.0011679097005870551,3.721203074273185e-4,0.0012142077280498332,3.937144136642538e-4,0.0013050054256041814,4.328675555256269e-4,0.0014255142462248828,4.7665633810856247e-4,0.001524065920726574,5.192338566034932e-4,0.0016050599321740257,5.673786697055987e-4,0.0015702475797878064,6.167838603065658e-4,0.0015551010625149443,6.612908814623e-4,0.0016627603882284256,6.956606100865686e-4,0.0018058573433162835,7.501032293176974e-4,0.0019699883385195273,8.215560982447354e-4,0.0021250657089785384,8.977018846540981e-4,0.0028188239104346433,0.0013725430903571648,0.003038404151990993,0.001489509997062452,0.003252785053174064,0.001619917560086426,0.0035291482527230584,0.0016966143630410984,0.0037154219745028447,0.0018418967378360767,0.003954366899331216,0.0019877663658876173,0.004243118134438989,0.0020997580564057847,0.004524390676807621,0.0022528895927705892,0.004811580503067708,0.002429118380593947,0.0051409042033759835,0.0025900891717906805,0.005551650525943125,0.00277727647972995,0.006012300279139649,0.0030387393269799296,0.006516089432973897,0.0032868803023792664,0.0070776158500206465,0.0036056995469912726,0.007532059606670481,0.00393566407717423,0.010059127689131094,0.0063965877179744226,0.010756430825922403,0.0069123560724144925,0.011376730523110973,0.007406616540803134,0.014170460796699884,0.007898242638585084,0.01475312699278824,0.00989068866277776,0.014716855880654968,0.011579033190716738,0.014722058391840067,0.011504344585809718,0.015565241816754114,0.011458675095241578,0.017037625573143002,0.012327974556402431,0.018496401839075065,0.013473979305886723,0.020175290642143226,0.01479372379983388,0.02183795837070333,0.016134753566266508,0.02377721473309784,0.017707332733031624,0.025919679071370702,0.01945862890174349,0.02828040382817955,0.02143364744880478,0.03177445208008765,0.024298989746440246,0.034837624160920386,0.026965395235339362,0.038293414121073614,0.030054459911324268,0.04215875595853719,0.03343834241533811,0.046493859443941764,0.03708051664479327,0.05312195169419574,0.04260117615018517,0.058654978741105306,0.047401097381302736,0.06482334430519007,0.052691511990026016,0.07146021714699433,0.05858721629877336,0.07873556443152746,0.06532106421154109,0.09157529801850695,0.07635194719301415,0.1009542241644473,0.08466750579819392,0.1111052151817032,0.09375598282420182,0.12197935063163727,0.10364151158881901,0.13302972509768804,0.11397578961379885,0.1514307090615602,0.1306538689560568,0.16265105069262034,0.14157126011877533,0.17322288291917984,0.1521377397959196,0.18290662102893768,0.1621348036237955,0.19146957934581105,0.17134068597954946,0.2031603098099228,0.18345756826117351,0.2127587507446207,0.19395621374779784,0.22281064651438034,0.205053626416127,0.23333857578318837,0.2167869846205806,0.24436260847458832,0.2291915099600823,0.2586986546474714,0.2448612079701881,0.2711218679335689,0.2589602835690246,0.28413669293518534,0.2738701081949407,0.2979169815156744,0.28963960073533046,0.3124450415815922,0.30631637557392466,0.33217843138821296,0.3279762983676562,0.34920932164252133,0.34708263706475745,0.3679750582865047,0.3672962093419432,0.38849241832257786,0.38872999707700395,0.410713113660683,0.41183503910363933,0.4376369154812021,0.4388653557405526,0.46405286541136687,0.46381792267805816,0.4926876704948911,0.49027652229761215,0.5244114057744357,0.5187691089050237,1,1
31722,2004,2,1,7.237877285021158e-4,2.2884486311522994e-4,7.134768021687743e-4,2.2701264723545798e-4,7.451676226402497e-4,2.325645076114559e-4,7.976757792254845e-4,2.5380856491803846e-4,9.078208999172502e-4,2.762882064263795e-4,9.671890401363564e-4,2.9938899375244414e-4,0.001034592274064026,3.304972631697395e-4,0.001122847555827252,3.5822932170528546e-4,0.0011679097005870551,3.721203074273185e-4,0.0012142077280498332,3.937144136642538e-4,0.0013050054256041814,4.328675555256269e-4,0.0014255142462248828,4.7665633810856247e-4,0.001524065920726574,5.192338566034932e-4,0.0016050599321740257,5.673786697055987e-4,0.0015702475797878064,6.167838603065658e-4,0.0015551010625149443,6.612908814623e-4,0.0016627603882284256,6.956606100865686e-4,0.0018058573433162835,7.501032293176974e-4,0.0019699883385195273,8.215560982447354e-4,0.0021250657089785384,8.977018846540981e-4,0.0028188239104346433,0.0013725430903571648,0.003038404151990993,0.001489509997062452,0.003252785053174064,0.001619917560086426,0.0035291482527230584,0.0016966143630410984,0.0037154219745028447,0.0018418967378360767,0.003954366899331216,0.0019877663658876173,0.004243118134438989,0.0020997580564057847,0.004524390676807621,0.0022528895927705892,0.004811580503067708,0.002429118380593947,0.0051409042033759835,0.0025900891717906805,0.005551650525943125,0.00277727647972995,0.006012300279139649,0.0030387393269799296,0.006516089432973897,0.0032868803023792664,0.0070776158500206465,0.0036056995469912726,0.007532059606670481,0.00393566407717423,0.010059127689131094,0.0063965877179744226,0.010756430825922403,0.0069123560724144925,0.011376730523110973,0.007406616540803134,0.014170460796699884,0.007898242638585084,0.01475312699278824,0.00989068866277776,0.014716855880654968,0.011579033190716738,0.014722058391840067,0.011504344585809718,0.015565241816754114,0.011458675095241578,0.017037625573143002,0.012327974556402431,0.018496401839075065,0.013473979305886723,0.020175290642143226,0.01479372379983388,0.02183795837070333,0.016134753566266508,0.02377721473309784,0.017707332733031624,0.025919679071370702,0.01945862890174349,0.02828040382817955,0.02143364744880478,0.03177445208008765,0.024298989746440246,0.034837624160920386,0.026965395235339362,0.038293414121073614,0.030054459911324268,0.04215875595853719,0.03343834241533811,0.046493859443941764,0.03708051664479327,0.05312195169419574,0.04260117615018517,0.058654978741105306,0.047401097381302736,0.06482334430519007,0.052691511990026016,0.07146021714699433,0.05858721629877336,0.07873556443152746,0.06532106421154109,0.09157529801850695,0.07635194719301415,0.1009542241644473,0.08466750579819392,0.1111052151817032,0.09375598282420182,0.12197935063163727,0.10364151158881901,0.13302972509768804,0.11397578961379885,0.1514307090615602,0.1306538689560568,0.16265105069262034,0.14157126011877533,0.17322288291917984,0.1521377397959196,0.18290662102893768,0.1621348036237955,0.19146957934581105,0.17134068597954946,0.2031603098099228,0.18345756826117351,0.2127587507446207,0.19395621374779784,0.22281064651438034,0.205053626416127,0.23333857578318837,0.2167869846205806,0.24436260847458832,0.2291915099600823,0.2586986546474714,0.2448612079701881,0.2711218679335689,0.2589602835690246,0.28413669293518534,0.2738701081949407,0.2979169815156744,0.28963960073533046,0.3124450415815922,0.30631637557392466,0.33217843138821296,0.3279762983676562,0.34920932164252133,0.34708263706475745,0.3679750582865047,0.3672962093419432,0.38849241832257786,0.38872999707700395,0.410713113660683,0.41183503910363933,0.4376369154812021,0.4388653557405526,0.46405286541136687,0.46381792267805816,0.4926876704948911,0.49027652229761215,0.5244114057744357,0.5187691089050237,1,1
31723,2004,2,1,7.237877285021158e-4,2.2884486311522994e-4,7.134768021687743e-4,2.2701264723545798e-4,7.451676226402497e-4,2.325645076114559e-4,7.976757792254845e-4,2.5380856491803846e-4,9.078208999172502e-4,2.762882064263795e-4,9.671890401363564e-4,2.9938899375244414e-4,0.001034592274064026,3.304972631697395e-4,0.001122847555827252,3.5822932170528546e-4,0.0011679097005870551,3.721203074273185e-4,0.0012142077280498332,3.937144136642538e-4,0.0013050054256041814,4.328675555256269e-4,0.0014255142462248828,4.7665633810856247e-4,0.001524065920726574,5.192338566034932e-4,0.0016050599321740257,5.673786697055987e-4,0.0015702475797878064,6.167838603065658e-4,0.0015551010625149443,6.612908814623e-4,0.0016627603882284256,6.956606100865686e-4,0.0018058573433162835,7.501032293176974e-4,0.0019699883385195273,8.215560982447354e-4,0.0021250657089785384,8.977018846540981e-4,0.0028188239104346433,0.0013725430903571648,0.003038404151990993,0.001489509997062452,0.003252785053174064,0.001619917560086426,0.0035291482527230584,0.0016966143630410984,0.0037154219745028447,0.0018418967378360767,0.003954366899331216,0.0019877663658876173,0.004243118134438989,0.0020997580564057847,0.004524390676807621,0.0022528895927705892,0.004811580503067708,0.002429118380593947,0.0051409042033759835,0.0025900891717906805,0.005551650525943125,0.00277727647972995,0.006012300279139649,0.0030387393269799296,0.006516089432973897,0.0032868803023792664,0.0070776158500206465,0.0036056995469912726,0.007532059606670481,0.00393566407717423,0.010059127689131094,0.0063965877179744226,0.010756430825922403,0.0069123560724144925,0.011376730523110973,0.007406616540803134,0.014170460796699884,0.007898242638585084,0.01475312699278824,0.00989068866277776,0.014716855880654968,0.011579033190716738,0.014722058391840067,0.011504344585809718,0.015565241816754114,0.011458675095241578,0.017037625573143002,0.012327974556402431,0.018496401839075065,0.013473979305886723,0.020175290642143226,0.01479372379983388,0.02183795837070333,0.016134753566266508,0.02377721473309784,0.017707332733031624,0.025919679071370702,0.01945862890174349,0.02828040382817955,0.02143364744880478,0.03177445208008765,0.024298989746440246,0.034837624160920386,0.026965395235339362,0.038293414121073614,0.030054459911324268,0.04215875595853719,0.03343834241533811,0.046493859443941764,0.03708051664479327,0.05312195169419574,0.04260117615018517,0.058654978741105306,0.047401097381302736,0.06482334430519007,0.052691511990026016,0.07146021714699433,0.05858721629877336,0.07873556443152746,0.06532106421154109,0.09157529801850695,0.07635194719301415,0.1009542241644473,0.08466750579819392,0.1111052151817032,0.09375598282420182,0.12197935063163727,0.10364151158881901,0.13302972509768804,0.11397578961379885,0.1514307090615602,0.1306538689560568,0.16265105069262034,0.14157126011877533,0.17322288291917984,0.1521377397959196,0.18290662102893768,0.1621348036237955,0.19146957934581105,0.17134068597954946,0.2031603098099228,0.18345756826117351,0.2127587507446207,0.19395621374779784,0.22281064651438034,0.205053626416127,0.23333857578318837,0.2167869846205806,0.24436260847458832,0.2291915099600823,0.2586986546474714,0.2448612079701881,0.2711218679335689,0.2589602835690246,0.28413669293518534,0.2738701081949407,0.2979169815156744,0.28963960073533046,0.3124450415815922,0.30631637557392466,0.33217843138821296,0.3279762983676562,0.34920932164252133,0.34708263706475745,0.3679750582865047,0.3672962093419432,0.38849241832257786,0.38872999707700395,0.410713113660683,0.41183503910363933,0.4376369154812021,0.4388653557405526,0.46405286541136687,0.46381792267805816,0.4926876704948911,0.49027652229761215,0.5244114057744357,0.5187691089050237,1,1
31724,2004,2,1,7.237877285021158e-4,2.2884486311522994e-4,7.134768021687743e-4,2.2701264723545798e-4,7.451676226402497e-4,2.325645076114559e-4,7.976757792254845e-4,2.5380856491803846e-4,9.078208999172502e-4,2.762882064263795e-4,9.671890401363564e-4,2.9938899375244414e-4,0.001034592274064026,3.304972631697395e-4,0.001122847555827252,3.5822932170528546e-4,0.0011679097005870551,3.721203074273185e-4,0.0012142077280498332,3.937144136642538e-4,0.0013050054256041814,4.328675555256269e-4,0.0014255142462248828,4.7665633810856247e-4,0.001524065920726574,5.192338566034932e-4,0.0016050599321740257,5.673786697055987e-4,0.0015702475797878064,6.167838603065658e-4,0.0015551010625149443,6.612908814623e-4,0.0016627603882284256,6.956606100865686e-4,0.0018058573433162835,7.501032293176974e-4,0.0019699883385195273,8.215560982447354e-4,0.0021250657089785384,8.977018846540981e-4,0.0028188239104346433,0.0013725430903571648,0.003038404151990993,0.001489509997062452,0.003252785053174064,0.001619917560086426,0.0035291482527230584,0.0016966143630410984,0.0037154219745028447,0.0018418967378360767,0.003954366899331216,0.0019877663658876173,0.004243118134438989,0.0020997580564057847,0.004524390676807621,0.0022528895927705892,0.004811580503067708,0.002429118380593947,0.0051409042033759835,0.0025900891717906805,0.005551650525943125,0.00277727647972995,0.006012300279139649,0.0030387393269799296,0.006516089432973897,0.0032868803023792664,0.0070776158500206465,0.0036056995469912726,0.007532059606670481,0.00393566407717423,0.010059127689131094,0.0063965877179744226,0.010756430825922403,0.0069123560724144925,0.011376730523110973,0.007406616540803134,0.014170460796699884,0.007898242638585084,0.01475312699278824,0.00989068866277776,0.014716855880654968,0.011579033190716738,0.014722058391840067,0.011504344585809718,0.015565241816754114,0.011458675095241578,0.017037625573143002,0.012327974556402431,0.018496401839075065,0.013473979305886723,0.020175290642143226,0.01479372379983388,0.02183795837070333,0.016134753566266508,0.02377721473309784,0.017707332733031624,0.025919679071370702,0.01945862890174349,0.02828040382817955,0.02143364744880478,0.03177445208008765,0.024298989746440246,0.034837624160920386,0.026965395235339362,0.038293414121073614,0.030054459911324268,0.04215875595853719,0.03343834241533811,0.046493859443941764,0.03708051664479327,0.05312195169419574,0.04260117615018517,0.058654978741105306,0.047401097381302736,0.06482334430519007,0.052691511990026016,0.07146021714699433,0.05858721629877336,0.07873556443152746,0.06532106421154109,0.09157529801850695,0.07635194719301415,0.1009542241644473,0.08466750579819392,0.1111052151817032,0.09375598282420182,0.12197935063163727,0.10364151158881901,0.13302972509768804,0.11397578961379885,0.1514307090615602,0.1306538689560568,0.16265105069262034,0.14157126011877533,0.17322288291917984,0.1521377397959196,0.18290662102893768,0.1621348036237955,0.19146957934581105,0.17134068597954946,0.2031603098099228,0.18345756826117351,0.2127587507446207,0.19395621374779784,0.22281064651438034,0.205053626416127,0.23333857578318837,0.2167869846205806,0.24436260847458832,0.2291915099600823,0.2586986546474714,0.2448612079701881,0.2711218679335689,0.2589602835690246,0.28413669293518534,0.2738701081949407,0.2979169815156744,0.28963960073533046,0.3124450415815922,0.30631637557392466,0.33217843138821296,0.3279762983676562,0.34920932164252133,0.34708263706475745,0.3679750582865047,0.3672962093419432,0.38849241832257786,0.38872999707700395,0.410713113660683,0.41183503910363933,0.4376369154812021,0.4388653557405526,0.46405286541136687,0.46381792267805816,0.4926876704948911,0.49027652229761215,0.5244114057744357,0.5187691089050237,1,1
31725,2004,2,1,7.237877285021158e-4,2.2884486311522994e-4,7.134768021687743e-4,2.2701264723545798e-4,7.451676226402497e-4,2.325645076114559e-4,7.976757792254845e-4,2.5380856491803846e-4,9.078208999172502e-4,2.762882064263795e-4,9.671890401363564e-4,2.9938899375244414e-4,0.001034592274064026,3.304972631697395e-4,0.001122847555827252,3.5822932170528546e-4,0.0011679097005870551,3.721203074273185e-4,0.0012142077280498332,3.937144136642538e-4,0.0013050054256041814,4.328675555256269e-4,0.0014255142462248828,4.7665633810856247e-4,0.001524065920726574,5.192338566034932e-4,0.0016050599321740257,5.673786697055987e-4,0.0015702475797878064,6.167838603065658e-4,0.0015551010625149443,6.612908814623e-4,0.0016627603882284256,6.956606100865686e-4,0.0018058573433162835,7.501032293176974e-4,0.0019699883385195273,8.215560982447354e-4,0.0021250657089785384,8.977018846540981e-4,0.0028188239104346433,0.0013725430903571648,0.003038404151990993,0.001489509997062452,0.003252785053174064,0.001619917560086426,0.0035291482527230584,0.0016966143630410984,0.0037154219745028447,0.0018418967378360767,0.003954366899331216,0.0019877663658876173,0.004243118134438989,0.0020997580564057847,0.004524390676807621,0.0022528895927705892,0.004811580503067708,0.002429118380593947,0.0051409042033759835,0.0025900891717906805,0.005551650525943125,0.00277727647972995,0.006012300279139649,0.0030387393269799296,0.006516089432973897,0.0032868803023792664,0.0070776158500206465,0.0036056995469912726,0.007532059606670481,0.00393566407717423,0.010059127689131094,0.0063965877179744226,0.010756430825922403,0.0069123560724144925,0.011376730523110973,0.007406616540803134,0.014170460796699884,0.007898242638585084,0.01475312699278824,0.00989068866277776,0.014716855880654968,0.011579033190716738,0.014722058391840067,0.011504344585809718,0.015565241816754114,0.011458675095241578,0.017037625573143002,0.012327974556402431,0.018496401839075065,0.013473979305886723,0.020175290642143226,0.01479372379983388,0.02183795837070333,0.016134753566266508,0.02377721473309784,0.017707332733031624,0.025919679071370702,0.01945862890174349,0.02828040382817955,0.02143364744880478,0.03177445208008765,0.024298989746440246,0.034837624160920386,0.026965395235339362,0.038293414121073614,0.030054459911324268,0.04215875595853719,0.03343834241533811,0.046493859443941764,0.03708051664479327,0.05312195169419574,0.04260117615018517,0.058654978741105306,0.047401097381302736,0.06482334430519007,0.052691511990026016,0.07146021714699433,0.05858721629877336,0.07873556443152746,0.06532106421154109,0.09157529801850695,0.07635194719301415,0.1009542241644473,0.08466750579819392,0.1111052151817032,0.09375598282420182,0.12197935063163727,0.10364151158881901,0.13302972509768804,0.11397578961379885,0.1514307090615602,0.1306538689560568,0.16265105069262034,0.14157126011877533,0.17322288291917984,0.1521377397959196,0.18290662102893768,0.1621348036237955,0.19146957934581105,0.17134068597954946,0.2031603098099228,0.18345756826117351,0.2127587507446207,0.19395621374779784,0.22281064651438034,0.205053626416127,0.23333857578318837,0.2167869846205806,0.24436260847458832,0.2291915099600823,0.2586986546474714,0.2448612079701881,0.2711218679335689,0.2589602835690246,0.28413669293518534,0.2738701081949407,0.2979169815156744,0.28963960073533046,0.3124450415815922,0.30631637557392466,0.33217843138821296,0.3279762983676562,0.34920932164252133,0.34708263706475745,0.3679750582865047,0.3672962093419432,0.38849241832257786,0.38872999707700395,0.410713113660683,0.41183503910363933,0.4376369154812021,0.4388653557405526,0.46405286541136687,0.46381792267805816,0.4926876704948911,0.49027652229761215,0.5244114057744357,0.5187691089050237,1,1
32331,2004,0,2,,8.965553194509558e-4,,9.645796903475748e-4,,0.0011428030281930267,,0.0012965379506984735,,0.0014230634781557587,,0.0014747627061484512,,0.001552311254595799,,0.002002632645961582,,0.002073379457951049,,0.0021999064395580863,,0.002116918676256503,,0.002195829052890352,,0.0023209963717985343,,0.0024448035771567206,,0.0025917395495032355,,0.0025250782783265233,,0.0027128297471243823,,0.0029101051898557453,,0.0031182650921474297,,0.0033332279068729854,,0.0034966759232814893,,0.0037604672680603447,,0.004054734505281255,,0.0043754946568425645,,0.004712135011291789,,0.005344398901294489,,0.005771105901845753,,0.006218970632770516,,0.006652189940946983,,0.00709726930078431,,0.007665541708385793,,0.00816610907030251,,0.008640055995635026,,0.009100625272118199,,0.00957033063846036,,0.007673435106238606,,0.008143665357112705,,0.008696808946344099,,0.009357958002821617,,0.010127105773579817,,0.010745642001928235,,0.011710035194366081,,0.01279331223919686,,0.014113298929390216,,0.015404843469590108,,0.017215644619675022,,0.01877693414694258,,0.020606621454579012,,0.02264469890876197,,0.02494353680810003,,0.03047514959862872,,0.03381921137436254,,0.03769352242350799,,0.04193769870657637,,0.046504825164397495,,0.056794497793091,,0.06319349365432392,,0.0702460272002761,,0.07810593618311015,,0.08708307820292677,,0.11026348162453874,,0.12227264572421317,,0.1353968607650948,,0.14967322237536462,,0.16459875747880298,,0.19828376996298114,,0.21485242318526288,,0.2308886450383578,,0.24606075696441146,,0.2600316251661314,,0.28214825689725714,,0.29829467458700737,,0.31536193669395823,,0.3334067777082687,,0.35248484107221034,,0.38068188268136693,,0.40260212579271065,,0.4257825292143226,,0.45029946629834033,,0.47622603725323875,,0.5153706533673585,,0.5452293609094493,,0.5771968012054699,,0.6114627714740658,,0.6477156287842568,,0.6950560176488407,,0.7312970577870551,,0.7685530832762753,,0.8098967264065786,1,1
32332,2004,0,2,,8.965553194509558e-4,,9.645796903475748e-4,,0.0011428030281930267,,0.0012965379506984735,,0.0014230634781557587,,0.0014747627061484512,,0.001552311254595799,,0.002002632645961582,,0.002073379457951049,,0.0021999064395580863,,0.002116918676256503,,0.002195829052890352,,0.0023209963717985343,,0.0024448035771567206,,0.0025917395495032355,,0.0025250782783265233,,0.0027128297471243823,,0.0029101051898557453,,0.0031182650921474297,,0.0033332279068729854,,0.0034966759232814893,,0.0037604672680603447,,0.004054734505281255,,0.0043754946568425645,,0.004712135011291789,,0.005344398901294489,,0.005771105901845753,,0.006218970632770516,,0.006652189940946983,,0.00709726930078431,,0.007665541708385793,,0.00816610907030251,,0.008640055995635026,,0.009100625272118199,,0.00957033063846036,,0.007673435106238606,,0.008143665357112705,,0.008696808946344099,,0.009357958002821617,,0.010127105773579817,,0.010745642001928235,,0.011710035194366081,,0.01279331223919686,,0.014113298929390216,,0.015404843469590108,,0.017215644619675022,,0.01877693414694258,,0.020606621454579012,,0.02264469890876197,,0.02494353680810003,,0.03047514959862872,,0.03381921137436254,,0.03769352242350799,,0.04193769870657637,,0.046504825164397495,,0.056794497793091,,0.06319349365432392,,0.0702460272002761,,0.07810593618311015,,0.08708307820292677,,0.11026348162453874,,0.12227264572421317,,0.1353968607650948,,0.14967322237536462,,0.16459875747880298,,0.19828376996298114,,0.21485242318526288,,0.2308886450383578,,0.24606075696441146,,0.2600316251661314,,0.28214825689725714,,0.29829467458700737,,0.31536193669395823,,0.3334067777082687,,0.35248484107221034,,0.38068188268136693,,0.40260212579271065,,0.4257825292143226,,0.45029946629834033,,0.47622603725323875,,0.5153706533673585,,0.5452293609094493,,0.5771968012054699,,0.6114627714740658,,0.6477156287842568,,0.6950560176488407,,0.7312970577870551,,0.7685530832762753,,0.8098967264065786,1,1
32333,2004,0,2,,8.965553194509558e-4,,9.645796903475748e-4,,0.0011428030281930267,,0.0012965379506984735,,0.0014230634781557587,,0.0014747627061484512,,0.001552311254595799,,0.002002632645961582,,0.002073379457951049,,0.0021999064395580863,,0.002116918676256503,,0.002195829052890352,,0.0023209963717985343,,0.0024448035771567206,,0.0025917395495032355,,0.0025250782783265233,,0.0027128297471243823,,0.0029101051898557453,,0.0031182650921474297,,0.0033332279068729854,,0.0034966759232814893,,0.0037604672680603447,,0.004054734505281255,,0.0043754946568425645,,0.004712135011291789,,0.005344398901294489,,0.005771105901845753,,0.006218970632770516,,0.006652189940946983,,0.00709726930078431,,0.007665541708385793,,0.00816610907030251,,0.008640055995635026,,0.009100625272118199,,0.00957033063846036,,0.007673435106238606,,0.008143665357112705,,0.008696808946344099,,0.009357958002821617,,0.010127105773579817,,0.010745642001928235,,0.011710035194366081,,0.01279331223919686,,0.014113298929390216,,0.015404843469590108,,0.017215644619675022,,0.01877693414694258,,0.020606621454579012,,0.02264469890876197,,0.02494353680810003,,0.03047514959862872,,0.03381921137436254,,0.03769352242350799,,0.04193769870657637,,0.046504825164397495,,0.056794497793091,,0.06319349365432392,,0.0702460272002761,,0.07810593618311015,,0.08708307820292677,,0.11026348162453874,,0.12227264572421317,,0.1353968607650948,,0.14967322237536462,,0.16459875747880298,,0.19828376996298114,,0.21485242318526288,,0.2308886450383578,,0.24606075696441146,,0.2600316251661314,,0.28214825689725714,,0.29829467458700737,,0.31536193669395823,,0.3334067777082687,,0.35248484107221034,,0.38068188268136693,,0.40260212579271065,,0.4257825292143226,,0.45029946629834033,,0.47622603725323875,,0.5153706533673585,,0.5452293609094493,,0.5771968012054699,,0.6114627714740658,,0.6477156287842568,,0.6950560176488407,,0.7312970577870551,,0.7685530832762753,,0.8098967264065786,1,1
32334,2004,0,2,,8.965553194509558e-4,,9.645796903475748e-4,,0.0011428030281930267,,0.0012965379506984735,,0.0014230634781557587,,0.0014747627061484512,,0.001552311254595799,,0.002002632645961582,,0.002073379457951049,,0.0021999064395580863,,0.002116918676256503,,0.002195829052890352,,0.0023209963717985343,,0.0024448035771567206,,0.0025917395495032355,,0.0025250782783265233,,0.0027128297471243823,,0.0029101051898557453,,0.0031182650921474297,,0.0033332279068729854,,0.0034966759232814893,,0.0037604672680603447,,0.004054734505281255,,0.0043754946568425645,,0.004712135011291789,,0.005344398901294489,,0.005771105901845753,,0.006218970632770516,,0.006652189940946983,,0.00709726930078431,,0.007665541708385793,,0.00816610907030251,,0.008640055995635026,,0.009100625272118199,,0.00957033063846036,,0.007673435106238606,,0.008143665357112705,,0.008696808946344099,,0.009357958002821617,,0.010127105773579817,,0.010745642001928235,,0.011710035194366081,,0.01279331223919686,,0.014113298929390216,,0.015404843469590108,,0.017215644619675022,,0.01877693414694258,,0.020606621454579012,,0.02264469890876197,,0.02494353680810003,,0.03047514959862872,,0.03381921137436254,,0.03769352242350799,,0.04193769870657637,,0.046504825164397495,,0.056794497793091,,0.06319349365432392,,0.0702460272002761,,0.07810593618311015,,0.08708307820292677,,0.11026348162453874,,0.12227264572421317,,0.1353968607650948,,0.14967322237536462,,0.16459875747880298,,0.19828376996298114,,0.21485242318526288,,0.2308886450383578,,0.24606075696441146,,0.2600316251661314,,0.28214825689725714,,0.29829467458700737,,0.31536193669395823,,0.3334067777082687,,0.35248484107221034,,0.38068188268136693,,0.40260212579271065,,0.4257825292143226,,0.45029946629834033,,0.47622603725323875,,0.5153706533673585,,0.5452293609094493,,0.5771968012054699,,0.6114627714740658,,0.6477156287842568,,0.6950560176488407,,0.7312970577870551,,0.7685530832762753,,0.8098967264065786,1,1
32335,2004,0,2,,8.965553194509558e-4,,9.645796903475748e-4,,0.0011428030281930267,,0.0012965379506984735,,0.0014230634781557587,,0.0014747627061484512,,0.001552311254595799,,0.002002632645961582,,0.002073379457951049,,0.0021999064395580863,,0.002116918676256503,,0.002195829052890352,,0.0023209963717985343,,0.0024448035771567206,,0.0025917395495032355,,0.0025250782783265233,,0.0027128297471243823,,0.0029101051898557453,,0.0031182650921474297,,0.0033332279068729854,,0.0034966759232814893,,0.0037604672680603447,,0.004054734505281255,,0.0043754946568425645,,0.004712135011291789,,0.005344398901294489,,0.005771105901845753,,0.006218970632770516,,0.006652189940946983,,0.00709726930078431,,0.007665541708385793,,0.00816610907030251,,0.008640055995635026,,0.009100625272118199,,0.00957033063846036,,0.007673435106238606,,0.008143665357112705,,0.008696808946344099,,0.009357958002821617,,0.010127105773579817,,0.010745642001928235,,0.011710035194366081,,0.01279331223919686,,0.014113298929390216,,0.015404843469590108,,0.017215644619675022,,0.01877693414694258,,0.020606621454579012,,0.02264469890876197,,0.02494353680810003,,0.03047514959862872,,0.03381921137436254,,0.03769352242350799,,0.04193769870657637,,0.046504825164397495,,0.056794497793091,,0.06319349365432392,,0.0702460272002761,,0.07810593618311015,,0.08708307820292677,,0.11026348162453874,,0.12227264572421317,,0.1353968607650948,,0.14967322237536462,,0.16459875747880298,,0.19828376996298114,,0.21485242318526288,,0.2308886450383578,,0.24606075696441146,,0.2600316251661314,,0.28214825689725714,,0.29829467458700737,,0.31536193669395823,,0.3334067777082687,,0.35248484107221034,,0.38068188268136693,,0.40260212579271065,,0.4257825292143226,,0.45029946629834033,,0.47622603725323875,,0.5153706533673585,,0.5452293609094493,,0.5771968012054699,,0.6114627714740658,,0.6477156287842568,,0.6950560176488407,,0.7312970577870551,,0.7685530832762753,,0.8098967264065786,1,1
33301,2004,0,1,7.025546250376141e-4,,7.440339674167737e-4,,7.396662716706407e-4,,7.515770249504885e-4,,7.76319288166517e-4,,7.724633765880206e-4,,8.144929266382339e-4,,8.757831247699192e-4,,9.139055431681865e-4,,9.95974091169572e-4,,0.0010953564791178682,,0.0012347762202926094,,0.0013322886928034197,,0.0014096069292690219,,0.0015200765298943202,,0.0020442031657811463,,0.002063491768420901,,0.002101118583185685,,0.0020873753045436054,,0.0021790310053241882,,0.0037251622253415373,,0.004024613238043957,,0.004338321947938864,,0.004671802118982897,,0.005070604805583173,,0.005771877834997074,,0.006231660395343033,,0.006688593272186163,,0.007130132927831457,,0.007589301761162728,,0.008180905605798835,,0.008767503393461183,,0.009351497251307836,,0.009903825194744656,,0.01041978560950673,,0.010370800733400019,,0.010925896735641389,,0.0114888839246753,,0.012068664886491125,,0.012738382212760522,,0.013254102259152608,,0.014150813055693722,,0.015218583147698335,,0.01664123766350807,,0.018065471133844584,,0.019960251671958806,,0.021604814047448632,,0.023523201696036666,,0.02564373682564722,,0.027979305331484877,,0.03317312646739764,,0.03637124458349466,,0.0399784898723384,,0.044014191176735835,,0.048540361867359154,,0.05794867610363348,,0.0639841072700981,,0.07071296067226143,,0.07795322304035816,,0.08588932374950448,,0.10580528015669739,,0.11664231802378415,,0.12837089876534064,,0.14093464658984667,,0.15370215263227574,,0.1813158206873295,,0.19475097717504805,,0.2074089531082379,,0.21900384268704642,,0.2292561830592235,,0.24559147133643222,,0.2571944145997436,,0.2693458137777017,,0.2820722460291661,,0.29539867777609574,,0.3151656410199852,,0.33016804451196574,,0.3458848098193526,,0.3623489570486076,,0.37966194975863515,,0.4060934606352284,,0.4258078420847875,,0.4467901010884766,,0.469596193114486,,0.49467972925722037,,0.5283526082059281,,0.5591466053170866,,0.5938379159148212,,0.6326135534763394,,1,1
33302,2004,0,1,7.025546250376141e-4,,7.440339674167737e-4,,7.396662716706407e-4,,7.515770249504885e-4,,7.76319288166517e-4,,7.724633765880206e-4,,8.144929266382339e-4,,8.757831247699192e-4,,9.139055431681865e-4,,9.95974091169572e-4,,0.0010953564791178682,,0.0012347762202926094,,0.0013322886928034197,,0.0014096069292690219,,0.0015200765298943202,,0.0020442031657811463,,0.002063491768420901,,0.002101118583185685,,0.0020873753045436054,,0.0021790310053241882,,0.0037251622253415373,,0.004024613238043957,,0.004338321947938864,,0.004671802118982897,,0.005070604805583173,,0.005771877834997074,,0.006231660395343033,,0.006688593272186163,,0.007130132927831457,,0.007589301761162728,,0.008180905605798835,,0.008767503393461183,,0.009351497251307836,,0.009903825194744656,,0.01041978560950673,,0.010370800733400019,,0.010925896735641389,,0.0114888839246753,,0.012068664886491125,,0.012738382212760522,,0.013254102259152608,,0.014150813055693722,,0.015218583147698335,,0.01664123766350807,,0.018065471133844584,,0.019960251671958806,,0.021604814047448632,,0.023523201696036666,,0.02564373682564722,,0.027979305331484877,,0.03317312646739764,,0.03637124458349466,,0.0399784898723384,,0.044014191176735835,,0.048540361867359154,,0.05794867610363348,,0.0639841072700981,,0.07071296067226143,,0.07795322304035816,,0.08588932374950448,,0.10580528015669739,,0.11664231802378415,,0.12837089876534064,,0.14093464658984667,,0.15370215263227574,,0.1813158206873295,,0.19475097717504805,,0.2074089531082379,,0.21900384268704642,,0.2292561830592235,,0.24559147133643222,,0.2571944145997436,,0.2693458137777017,,0.2820722460291661,,0.29539867777609574,,0.3151656410199852,,0.33016804451196574,,0.3458848098193526,,0.3623489570486076,,0.37966194975863515,,0.4060934606352284,,0.4258078420847875,,0.4467901010884766,,0.469596193114486,,0.49467972925722037,,0.5283526082059281,,0.5591466053170866,,0.5938379159148212,,0.6326135534763394,,1,1
33303,2004,0,1,7.025546250376141e-4,,7.440339674167737e-4,,7.396662716706407e-4,,7.515770249504885e-4,,7.76319288166517e-4,,7.724633765880206e-4,,8.144929266382339e-4,,8.757831247699192e-4,,9.139055431681865e-4,,9.95974091169572e-4,,0.0010953564791178682,,0.0012347762202926094,,0.0013322886928034197,,0.0014096069292690219,,0.0015200765298943202,,0.0020442031657811463,,0.002063491768420901,,0.002101118583185685,,0.0020873753045436054,,0.0021790310053241882,,0.0037251622253415373,,0.004024613238043957,,0.004338321947938864,,0.004671802118982897,,0.005070604805583173,,0.005771877834997074,,0.006231660395343033,,0.006688593272186163,,0.007130132927831457,,0.007589301761162728,,0.008180905605798835,,0.008767503393461183,,0.009351497251307836,,0.009903825194744656,,0.01041978560950673,,0.010370800733400019,,0.010925896735641389,,0.0114888839246753,,0.012068664886491125,,0.012738382212760522,,0.013254102259152608,,0.014150813055693722,,0.015218583147698335,,0.01664123766350807,,0.018065471133844584,,0.019960251671958806,,0.021604814047448632,,0.023523201696036666,,0.02564373682564722,,0.027979305331484877,,0.03317312646739764,,0.03637124458349466,,0.0399784898723384,,0.044014191176735835,,0.048540361867359154,,0.05794867610363348,,0.0639841072700981,,0.07071296067226143,,0.07795322304035816,,0.08588932374950448,,0.10580528015669739,,0.11664231802378415,,0.12837089876534064,,0.14093464658984667,,0.15370215263227574,,0.1813158206873295,,0.19475097717504805,,0.2074089531082379,,0.21900384268704642,,0.2292561830592235,,0.24559147133643222,,0.2571944145997436,,0.2693458137777017,,0.2820722460291661,,0.29539867777609574,,0.3151656410199852,,0.33016804451196574,,0.3458848098193526,,0.3623489570486076,,0.37966194975863515,,0.4060934606352284,,0.4258078420847875,,0.4467901010884766,,0.469596193114486,,0.49467972925722037,,0.5283526082059281,,0.5591466053170866,,0.5938379159148212,,0.6326135534763394,,1,1
33304,2004,0,1,7.025546250376141e-4,,7.440339674167737e-4,,7.396662716706407e-4,,7.515770249504885e-4,,7.76319288166517e-4,,7.724633765880206e-4,,8.144929266382339e-4,,8.757831247699192e-4,,9.139055431681865e-4,,9.95974091169572e-4,,0.0010953564791178682,,0.0012347762202926094,,0.0013322886928034197,,0.0014096069292690219,,0.0015200765298943202,,0.0020442031657811463,,0.002063491768420901,,0.002101118583185685,,0.0020873753045436054,,0.0021790310053241882,,0.0037251622253415373,,0.004024613238043957,,0.004338321947938864,,0.004671802118982897,,0.005070604805583173,,0.005771877834997074,,0.006231660395343033,,0.006688593272186163,,0.007130132927831457,,0.007589301761162728,,0.008180905605798835,,0.008767503393461183,,0.009351497251307836,,0.009903825194744656,,0.01041978560950673,,0.010370800733400019,,0.010925896735641389,,0.0114888839246753,,0.012068664886491125,,0.012738382212760522,,0.013254102259152608,,0.014150813055693722,,0.015218583147698335,,0.01664123766350807,,0.018065471133844584,,0.019960251671958806,,0.021604814047448632,,0.023523201696036666,,0.02564373682564722,,0.027979305331484877,,0.03317312646739764,,0.03637124458349466,,0.0399784898723384,,0.044014191176735835,,0.048540361867359154,,0.05794867610363348,,0.0639841072700981,,0.07071296067226143,,0.07795322304035816,,0.08588932374950448,,0.10580528015669739,,0.11664231802378415,,0.12837089876534064,,0.14093464658984667,,0.15370215263227574,,0.1813158206873295,,0.19475097717504805,,0.2074089531082379,,0.21900384268704642,,0.2292561830592235,,0.24559147133643222,,0.2571944145997436,,0.2693458137777017,,0.2820722460291661,,0.29539867777609574,,0.3151656410199852,,0.33016804451196574,,0.3458848098193526,,0.3623489570486076,,0.37966194975863515,,0.4060934606352284,,0.4258078420847875,,0.4467901010884766,,0.469596193114486,,0.49467972925722037,,0.5283526082059281,,0.5591466053170866,,0.5938379159148212,,0.6326135534763394,,1,1
33305,2004,0,1,7.025546250376141e-4,,7.440339674167737e-4,,7.396662716706407e-4,,7.515770249504885e-4,,7.76319288166517e-4,,7.724633765880206e-4,,8.144929266382339e-4,,8.757831247699192e-4,,9.139055431681865e-4,,9.95974091169572e-4,,0.0010953564791178682,,0.0012347762202926094,,0.0013322886928034197,,0.0014096069292690219,,0.0015200765298943202,,0.0020442031657811463,,0.002063491768420901,,0.002101118583185685,,0.0020873753045436054,,0.0021790310053241882,,0.0037251622253415373,,0.004024613238043957,,0.004338321947938864,,0.004671802118982897,,0.005070604805583173,,0.005771877834997074,,0.006231660395343033,,0.006688593272186163,,0.007130132927831457,,0.007589301761162728,,0.008180905605798835,,0.008767503393461183,,0.009351497251307836,,0.009903825194744656,,0.01041978560950673,,0.010370800733400019,,0.010925896735641389,,0.0114888839246753,,0.012068664886491125,,0.012738382212760522,,0.013254102259152608,,0.014150813055693722,,0.015218583147698335,,0.01664123766350807,,0.018065471133844584,,0.019960251671958806,,0.021604814047448632,,0.023523201696036666,,0.02564373682564722,,0.027979305331484877,,0.03317312646739764,,0.03637124458349466,,0.0399784898723384,,0.044014191176735835,,0.048540361867359154,,0.05794867610363348,,0.0639841072700981,,0.07071296067226143,,0.07795322304035816,,0.08588932374950448,,0.10580528015669739,,0.11664231802378415,,0.12837089876534064,,0.14093464658984667,,0.15370215263227574,,0.1813158206873295,,0.19475097717504805,,0.2074089531082379,,0.21900384268704642,,0.2292561830592235,,0.24559147133643222,,0.2571944145997436,,0.2693458137777017,,0.2820722460291661,,0.29539867777609574,,0.3151656410199852,,0.33016804451196574,,0.3458848098193526,,0.3623489570486076,,0.37966194975863515,,0.4060934606352284,,0.4258078420847875,,0.4467901010884766,,0.469596193114486,,0.49467972925722037,,0.5283526082059281,,0.5591466053170866,,0.5938379159148212,,0.6326135534763394,,1,1
38211,2004,2,1,0.001130061383099763,5.630832253061388e-4,0.0011581055071077967,6.6287381504642e-4,0.0012234457943992346,7.685935407039144e-4,0.0013719269031799946,8.405025567496038e-4,0.0015585110293987884,8.65913181967194e-4,0.0016682165887042981,9.116266557605837e-4,0.0016893682489407568,0.0011721620883947427,0.001803796296625088,0.001192538174840362,0.0023737355574134445,0.0012797455882623814,0.0021929108141585983,0.0013322933962672397,0.0022258592318527004,0.0013078766185749958,0.002249507270573779,0.0013739944220241363,0.002325290536210419,0.0014257538500161164,0.00242834709031183,0.0015046189964434565,0.002526799616440808,0.0015953689419803564,0.0024416875339569066,0.001552420709591072,0.0026102878067939465,0.0016686408441065406,0.002783666897918211,0.0017900030228391272,0.002960281052158885,0.0019182116168790125,0.00315805644430115,0.00205158555870195,0.003747061489004598,0.0017139716057400249,0.00405129955031519,0.0018431966462231788,0.004366784735446984,0.0019882959620982094,0.004702092720463789,0.002146660625364875,0.005103470580230284,0.002311734175251761,0.005826101045261421,0.002623743701585128,0.006290461876814361,0.0028346120135013856,0.006750806197703019,0.003056243236347456,0.007196876888016126,0.00327022795317512,0.007660395645758554,0.0034904323691718722,0.008248539634913395,0.0037716382601071996,0.008839703022040872,0.004019622423226873,0.009428785313051578,0.0042561699009867416,0.009984949258607066,0.004485938459688546,0.010505637937346112,0.004720871079317245,0.010673806073343648,0.006406560484875379,0.011244873467540138,0.0067999283622127175,0.011822679292936959,0.007263502251900099,0.012418026938654538,0.00781576218912709,0.013104472091303991,0.008459524694720354,0.013611414857056551,0.008975329532934891,0.014529727485676474,0.009782873882620422,0.015623969561166448,0.010690412454237004,0.017080212231260286,0.011794923083011818,0.018538998928840256,0.012875972259908358,0.020562778729343464,0.014401624115805301,0.022256807501611922,0.015707841545704957,0.024233773210924157,0.017239300709099674,0.026417327794903283,0.01894338366005003,0.0288236390785232,0.020866246491485354,0.03473836838148599,0.025553859289386728,0.03808690457608662,0.028357380373913405,0.041865684557493524,0.03160676931613728,0.04609087615068059,0.035165404080987575,0.05083074350553778,0.038994513550403676,0.06149971156333456,0.047713399504751536,0.06790486489050652,0.053089661209158305,0.07504565425399236,0.059014257297565355,0.08272986217910192,0.06561734795203336,0.09115240077802098,0.07315925353668366,0.11427059406574393,0.09286513585192599,0.12597430292187226,0.1029797820564564,0.13864089557644793,0.11403324319116909,0.15220929357956955,0.12605690539925601,0.1659986518573348,0.13862705574762602,0.1979588489808005,0.16725583394796384,0.21262665908214928,0.18123189888696087,0.22644745479736392,0.19475840348082626,0.23910686175195123,0.20755656492826705,0.25029948769640364,0.21934113857498022,0.2689158399413857,0.23809620537587872,0.2816210557333991,0.25172148400861283,0.29492627747444494,0.26612403124627665,0.3088611461769756,0.28135184942551683,0.32345350642844606,0.2974510946392624,0.3459160045922263,0.32135441204549675,0.36238203611567577,0.3398583897008596,0.3796322071503606,0.35942672685917265,0.3977024461962231,0.38012219580681955,0.4166331728156983,0.4020084919520429,0.44647448665508044,0.43527377968494574,0.4678860761955554,0.46067426009838,0.4904523290758376,0.48755622177882174,0.5146155957376201,0.5160866271791188,0.5403855361591039,0.5466472136696255,0.5747941494016058,0.5870558336353581,0.605133938671112,0.6179150342025755,0.6387125109890741,0.6505107919596571,0.6769692258838411,0.685589418247046,1,1
38212,2004,2,1,0.001130061383099763,5.630832253061388e-4,0.0011581055071077967,6.6287381504642e-4,0.0012234457943992346,7.685935407039144e-4,0.0013719269031799946,8.405025567496038e-4,0.0015585110293987884,8.65913181967194e-4,0.0016682165887042981,9.116266557605837e-4,0.0016893682489407568,0.0011721620883947427,0.001803796296625088,0.001192538174840362,0.0023737355574134445,0.0012797455882623814,0.0021929108141585983,0.0013322933962672397,0.0022258592318527004,0.0013078766185749958,0.002249507270573779,0.0013739944220241363,0.002325290536210419,0.0014257538500161164,0.00242834709031183,0.0015046189964434565,0.002526799616440808,0.0015953689419803564,0.0024416875339569066,0.001552420709591072,0.0026102878067939465,0.0016686408441065406,0.002783666897918211,0.0017900030228391272,0.002960281052158885,0.0019182116168790125,0.00315805644430115,0.00205158555870195,0.003747061489004598,0.0017139716057400249,0.00405129955031519,0.0018431966462231788,0.004366784735446984,0.0019882959620982094,0.004702092720463789,0.002146660625364875,0.005103470580230284,0.002311734175251761,0.005826101045261421,0.002623743701585128,0.006290461876814361,0.0028346120135013856,0.006750806197703019,0.003056243236347456,0.007196876888016126,0.00327022795317512,0.007660395645758554,0.0034904323691718722,0.008248539634913395,0.0037716382601071996,0.008839703022040872,0.004019622423226873,0.009428785313051578,0.0042561699009867416,0.009984949258607066,0.004485938459688546,0.010505637937346112,0.004720871079317245,0.010673806073343648,0.006406560484875379,0.011244873467540138,0.0067999283622127175,0.011822679292936959,0.007263502251900099,0.012418026938654538,0.00781576218912709,0.013104472091303991,0.008459524694720354,0.013611414857056551,0.008975329532934891,0.014529727485676474,0.009782873882620422,0.015623969561166448,0.010690412454237004,0.017080212231260286,0.011794923083011818,0.018538998928840256,0.012875972259908358,0.020562778729343464,0.014401624115805301,0.022256807501611922,0.015707841545704957,0.024233773210924157,0.017239300709099674,0.026417327794903283,0.01894338366005003,0.0288236390785232,0.020866246491485354,0.03473836838148599,0.025553859289386728,0.03808690457608662,0.028357380373913405,0.041865684557493524,0.03160676931613728,0.04609087615068059,0.035165404080987575,0.05083074350553778,0.038994513550403676,0.06149971156333456,0.047713399504751536,0.06790486489050652,0.053089661209158305,0.07504565425399236,0.059014257297565355,0.08272986217910192,0.06561734795203336,0.09115240077802098,0.07315925353668366,0.11427059406574393,0.09286513585192599,0.12597430292187226,0.1029797820564564,0.13864089557644793,0.11403324319116909,0.15220929357956955,0.12605690539925601,0.1659986518573348,0.13862705574762602,0.1979588489808005,0.16725583394796384,0.21262665908214928,0.18123189888696087,0.22644745479736392,0.19475840348082626,0.23910686175195123,0.20755656492826705,0.25029948769640364,0.21934113857498022,0.2689158399413857,0.23809620537587872,0.2816210557333991,0.25172148400861283,0.29492627747444494,0.26612403124627665,0.3088611461769756,0.28135184942551683,0.32345350642844606,0.2974510946392624,0.3459160045922263,0.32135441204549675,0.36238203611567577,0.3398583897008596,0.3796322071503606,0.35942672685917265,0.3977024461962231,0.38012219580681955,0.4166331728156983,0.4020084919520429,0.44647448665508044,0.43527377968494574,0.4678860761955554,0.46067426009838,0.4904523290758376,0.48755622177882174,0.5146155957376201,0.5160866271791188,0.5403855361591039,0.5466472136696255,0.5747941494016058,0.5870558336353581,0.605133938671112,0.6179150342025755,0.6387125109890741,0.6505107919596571,0.6769692258838411,0.685589418247046,1,1
38213,2004,2,1,0.001130061383099763,5.630832253061388e-4,0.0011581055071077967,6.6287381504642e-4,0.0012234457943992346,7.685935407039144e-4,0.0013719269031799946,8.405025567496038e-4,0.0015585110293987884,8.65913181967194e-4,0.0016682165887042981,9.116266557605837e-4,0.0016893682489407568,0.0011721620883947427,0.001803796296625088,0.001192538174840362,0.0023737355574134445,0.0012797455882623814,0.0021929108141585983,0.0013322933962672397,0.0022258592318527004,0.0013078766185749958,0.002249507270573779,0.0013739944220241363,0.002325290536210419,0.0014257538500161164,0.00242834709031183,0.0015046189964434565,0.002526799616440808,0.0015953689419803564,0.0024416875339569066,0.001552420709591072,0.0026102878067939465,0.0016686408441065406,0.002783666897918211,0.0017900030228391272,0.002960281052158885,0.0019182116168790125,0.00315805644430115,0.00205158555870195,0.003747061489004598,0.0017139716057400249,0.00405129955031519,0.0018431966462231788,0.004366784735446984,0.0019882959620982094,0.004702092720463789,0.002146660625364875,0.005103470580230284,0.002311734175251761,0.005826101045261421,0.002623743701585128,0.006290461876814361,0.0028346120135013856,0.006750806197703019,0.003056243236347456,0.007196876888016126,0.00327022795317512,0.007660395645758554,0.0034904323691718722,0.008248539634913395,0.0037716382601071996,0.008839703022040872,0.004019622423226873,0.009428785313051578,0.0042561699009867416,0.009984949258607066,0.004485938459688546,0.010505637937346112,0.004720871079317245,0.010673806073343648,0.006406560484875379,0.011244873467540138,0.0067999283622127175,0.011822679292936959,0.007263502251900099,0.012418026938654538,0.00781576218912709,0.013104472091303991,0.008459524694720354,0.013611414857056551,0.008975329532934891,0.014529727485676474,0.009782873882620422,0.015623969561166448,0.010690412454237004,0.017080212231260286,0.011794923083011818,0.018538998928840256,0.012875972259908358,0.020562778729343464,0.014401624115805301,0.022256807501611922,0.015707841545704957,0.024233773210924157,0.017239300709099674,0.026417327794903283,0.01894338366005003,0.0288236390785232,0.020866246491485354,0.03473836838148599,0.025553859289386728,0.03808690457608662,0.028357380373913405,0.041865684557493524,0.03160676931613728,0.04609087615068059,0.035165404080987575,0.05083074350553778,0.038994513550403676,0.06149971156333456,0.047713399504751536,0.06790486489050652,0.053089661209158305,0.07504565425399236,0.059014257297565355,0.08272986217910192,0.06561734795203336,0.09115240077802098,0.07315925353668366,0.11427059406574393,0.09286513585192599,0.12597430292187226,0.1029797820564564,0.13864089557644793,0.11403324319116909,0.15220929357956955,0.12605690539925601,0.1659986518573348,0.13862705574762602,0.1979588489808005,0.16725583394796384,0.21262665908214928,0.18123189888696087,0.22644745479736392,0.19475840348082626,0.23910686175195123,0.20755656492826705,0.25029948769640364,0.21934113857498022,0.2689158399413857,0.23809620537587872,0.2816210557333991,0.25172148400861283,0.29492627747444494,0.26612403124627665,0.3088611461769756,0.28135184942551683,0.32345350642844606,0.2974510946392624,0.3459160045922263,0.32135441204549675,0.36238203611567577,0.3398583897008596,0.3796322071503606,0.35942672685917265,0.3977024461962231,0.38012219580681955,0.4166331728156983,0.4020084919520429,0.44647448665508044,0.43527377968494574,0.4678860761955554,0.46067426009838,0.4904523290758376,0.48755622177882174,0.5146155957376201,0.5160866271791188,0.5403855361591039,0.5466472136696255,0.5747941494016058,0.5870558336353581,0.605133938671112,0.6179150342025755,0.6387125109890741,0.6505107919596571,0.6769692258838411,0.685589418247046,1,1
38214,2004,2,1,0.001130061383099763,5.630832253061388e-4,0.0011581055071077967,6.6287381504642e-4,0.0012234457943992346,7.685935407039144e-4,0.0013719269031799946,8.405025567496038e-4,0.0015585110293987884,8.65913181967194e-4,0.0016682165887042981,9.116266557605837e-4,0.0016893682489407568,0.0011721620883947427,0.001803796296625088,0.001192538174840362,0.0023737355574134445,0.0012797455882623814,0.0021929108141585983,0.0013322933962672397,0.0022258592318527004,0.0013078766185749958,0.002249507270573779,0.0013739944220241363,0.002325290536210419,0.0014257538500161164,0.00242834709031183,0.0015046189964434565,0.002526799616440808,0.0015953689419803564,0.0024416875339569066,0.001552420709591072,0.0026102878067939465,0.0016686408441065406,0.002783666897918211,0.0017900030228391272,0.002960281052158885,0.0019182116168790125,0.00315805644430115,0.00205158555870195,0.003747061489004598,0.0017139716057400249,0.00405129955031519,0.0018431966462231788,0.004366784735446984,0.0019882959620982094,0.004702092720463789,0.002146660625364875,0.005103470580230284,0.002311734175251761,0.005826101045261421,0.002623743701585128,0.006290461876814361,0.0028346120135013856,0.006750806197703019,0.003056243236347456,0.007196876888016126,0.00327022795317512,0.007660395645758554,0.0034904323691718722,0.008248539634913395,0.0037716382601071996,0.008839703022040872,0.004019622423226873,0.009428785313051578,0.0042561699009867416,0.009984949258607066,0.004485938459688546,0.010505637937346112,0.004720871079317245,0.010673806073343648,0.006406560484875379,0.011244873467540138,0.0067999283622127175,0.011822679292936959,0.007263502251900099,0.012418026938654538,0.00781576218912709,0.013104472091303991,0.008459524694720354,0.013611414857056551,0.008975329532934891,0.014529727485676474,0.009782873882620422,0.015623969561166448,0.010690412454237004,0.017080212231260286,0.011794923083011818,0.018538998928840256,0.012875972259908358,0.020562778729343464,0.014401624115805301,0.022256807501611922,0.015707841545704957,0.024233773210924157,0.017239300709099674,0.026417327794903283,0.01894338366005003,0.0288236390785232,0.020866246491485354,0.03473836838148599,0.025553859289386728,0.03808690457608662,0.028357380373913405,0.041865684557493524,0.03160676931613728,0.04609087615068059,0.035165404080987575,0.05083074350553778,0.038994513550403676,0.06149971156333456,0.047713399504751536,0.06790486489050652,0.053089661209158305,0.07504565425399236,0.059014257297565355,0.08272986217910192,0.06561734795203336,0.09115240077802098,0.07315925353668366,0.11427059406574393,0.09286513585192599,0.12597430292187226,0.1029797820564564,0.13864089557644793,0.11403324319116909,0.15220929357956955,0.12605690539925601,0.1659986518573348,0.13862705574762602,0.1979588489808005,0.16725583394796384,0.21262665908214928,0.18123189888696087,0.22644745479736392,0.19475840348082626,0.23910686175195123,0.20755656492826705,0.25029948769640364,0.21934113857498022,0.2689158399413857,0.23809620537587872,0.2816210557333991,0.25172148400861283,0.29492627747444494,0.26612403124627665,0.3088611461769756,0.28135184942551683,0.32345350642844606,0.2974510946392624,0.3459160045922263,0.32135441204549675,0.36238203611567577,0.3398583897008596,0.3796322071503606,0.35942672685917265,0.3977024461962231,0.38012219580681955,0.4166331728156983,0.4020084919520429,0.44647448665508044,0.43527377968494574,0.4678860761955554,0.46067426009838,0.4904523290758376,0.48755622177882174,0.5146155957376201,0.5160866271791188,0.5403855361591039,0.5466472136696255,0.5747941494016058,0.5870558336353581,0.605133938671112,0.6179150342025755,0.6387125109890741,0.6505107919596571,0.6769692258838411,0.685589418247046,1,1
38215,2004,2,1,0.001130061383099763,5.630832253061388e-4,0.0011581055071077967,6.6287381504642e-4,0.0012234457943992346,7.685935407039144e-4,0.0013719269031799946,8.405025567496038e-4,0.0015585110293987884,8.65913181967194e-4,0.0016682165887042981,9.116266557605837e-4,0.0016893682489407568,0.0011721620883947427,0.001803796296625088,0.001192538174840362,0.0023737355574134445,0.0012797455882623814,0.0021929108141585983,0.0013322933962672397,0.0022258592318527004,0.0013078766185749958,0.002249507270573779,0.0013739944220241363,0.002325290536210419,0.0014257538500161164,0.00242834709031183,0.0015046189964434565,0.002526799616440808,0.0015953689419803564,0.0024416875339569066,0.001552420709591072,0.0026102878067939465,0.0016686408441065406,0.002783666897918211,0.0017900030228391272,0.002960281052158885,0.0019182116168790125,0.00315805644430115,0.00205158555870195,0.003747061489004598,0.0017139716057400249,0.00405129955031519,0.0018431966462231788,0.004366784735446984,0.0019882959620982094,0.004702092720463789,0.002146660625364875,0.005103470580230284,0.002311734175251761,0.005826101045261421,0.002623743701585128,0.006290461876814361,0.0028346120135013856,0.006750806197703019,0.003056243236347456,0.007196876888016126,0.00327022795317512,0.007660395645758554,0.0034904323691718722,0.008248539634913395,0.0037716382601071996,0.008839703022040872,0.004019622423226873,0.009428785313051578,0.0042561699009867416,0.009984949258607066,0.004485938459688546,0.010505637937346112,0.004720871079317245,0.010673806073343648,0.006406560484875379,0.011244873467540138,0.0067999283622127175,0.011822679292936959,0.007263502251900099,0.012418026938654538,0.00781576218912709,0.013104472091303991,0.008459524694720354,0.013611414857056551,0.008975329532934891,0.014529727485676474,0.009782873882620422,0.015623969561166448,0.010690412454237004,0.017080212231260286,0.011794923083011818,0.018538998928840256,0.012875972259908358,0.020562778729343464,0.014401624115805301,0.022256807501611922,0.015707841545704957,0.024233773210924157,0.017239300709099674,0.026417327794903283,0.01894338366005003,0.0288236390785232,0.020866246491485354,0.03473836838148599,0.025553859289386728,0.03808690457608662,0.028357380373913405,0.041865684557493524,0.03160676931613728,0.04609087615068059,0.035165404080987575,0.05083074350553778,0.038994513550403676,0.06149971156333456,0.047713399504751536,0.06790486489050652,0.053089661209158305,0.07504565425399236,0.059014257297565355,0.08272986217910192,0.06561734795203336,0.09115240077802098,0.07315925353668366,0.11427059406574393,0.09286513585192599,0.12597430292187226,0.1029797820564564,0.13864089557644793,0.11403324319116909,0.15220929357956955,0.12605690539925601,0.1659986518573348,0.13862705574762602,0.1979588489808005,0.16725583394796384,0.21262665908214928,0.18123189888696087,0.22644745479736392,0.19475840348082626,0.23910686175195123,0.20755656492826705,0.25029948769640364,0.21934113857498022,0.2689158399413857,0.23809620537587872,0.2816210557333991,0.25172148400861283,0.29492627747444494,0.26612403124627665,0.3088611461769756,0.28135184942551683,0.32345350642844606,0.2974510946392624,0.3459160045922263,0.32135441204549675,0.36238203611567577,0.3398583897008596,0.3796322071503606,0.35942672685917265,0.3977024461962231,0.38012219580681955,0.4166331728156983,0.4020084919520429,0.44647448665508044,0.43527377968494574,0.4678860761955554,0.46067426009838,0.4904523290758376,0.48755622177882174,0.5146155957376201,0.5160866271791188,0.5403855361591039,0.5466472136696255,0.5747941494016058,0.5870558336353581,0.605133938671112,0.6179150342025755,0.6387125109890741,0.6505107919596571,0.6769692258838411,0.685589418247046,1,1
39781,2004,2,1,8.523719722368821e-4,4.2605915963180653e-4,8.57777471939502e-4,4.483702416646079e-4,8.904416420665501e-4,4.764178666965702e-4,9.148230027991452e-4,5.242166122782664e-4,9.68844177502891e-4,5.936818237260752e-4,0.001035922626175892,6.816338371158798e-4,0.0011397732018176621,7.294663387365179e-4,0.001301160149741081,7.658431042701381e-4,0.0013908662954804029,8.385525184417049e-4,0.0014515576783539594,0.0010431959805128508,0.0015686235817167675,0.0010789994119612468,0.0020546891431390928,0.0011052612627268498,0.0018954818807073346,0.001098393021192104,0.0019356150594718124,0.0011552948133001172,0.0019562061983535084,0.0012428383786744607,0.0019299379670991536,0.0012118007873588848,0.0020663866955789177,0.0013026131084949639,0.002199970277419035,0.0013966754768465679,0.002339607808835282,0.001497188629130783,0.002496606735909578,0.0016009743439740682,0.003815510132790265,0.0015802847820249966,0.004125809136601984,0.001699541940145994,0.004446336356995461,0.0018335352852363667,0.004788055645555795,0.0019793562788616276,0.005197312828606768,0.002131751450917946,0.0059251831832676455,0.002416833183528049,0.006397266046507366,0.0026106468800664653,0.006866248247851862,0.0028146555624707346,0.007319510659642281,0.0030118727950718214,0.007790793175445552,0.003214656276098897,0.008392294764236542,0.003475349405791489,0.008994253159498873,0.003704125534785099,0.009593337066826637,0.0039215724731554704,0.010160050860660519,0.0041336087870888745,0.010688503591559635,0.00435088379950596,0.011005933473058014,0.00578719701167301,0.011594327139460524,0.006143661468279682,0.012190369033450246,0.006562274676761906,0.012803928741564661,0.007062404616708232,0.013512706617819017,0.007644133150927778,0.01404551589932995,0.008117611093606019,0.01499333591482641,0.008848287786279838,0.01612267947468962,0.009669726452312498,0.017625996829066532,0.010670675086396735,0.019132017373306883,0.011650740662143182,0.021183825458004,0.013010603457417768,0.02292969108156422,0.014190674299475854,0.024965341777887506,0.01557387208975706,0.027215648083664935,0.017113445387797323,0.029694025974487344,0.018850503218832287,0.03553713054350319,0.022923520954433056,0.03896357070941466,0.025439232086989956,0.04282826607796165,0.02835394258212796,0.04715178781171683,0.03154593748277689,0.051999426991889156,0.03498136229756622,0.06255511658679577,0.0425583198900157,0.06907080873210121,0.0473535667748542,0.07633421791700518,0.05263889772524689,0.08414947089788079,0.05852877316439883,0.09271691291021857,0.0652553381759936,0.11536307970762878,0.08221402017466857,0.12717897660970565,0.09116772708285249,0.1399670845429352,0.10095328720756915,0.15366569001959926,0.11159810656564231,0.16758610629269932,0.12272656151472291,0.19892493087462887,0.14738391606291754,0.2136646160571455,0.15970050244723963,0.22755193959045467,0.17161970158761733,0.24027296764572975,0.18289727751059187,0.251520921581126,0.1932817397088395,0.2698909697585355,0.20954721069373713,0.2826424073584834,0.2215381491134475,0.2959957750632753,0.23421423795375187,0.3099814824175842,0.24761578018056724,0.32462636137259215,0.26178469087844775,0.34681906819503044,0.2825350759106208,0.36332787335879796,0.2988037711327919,0.38062285469219165,0.316007495164244,0.39874068252849226,0.3342034782165796,0.4177207103961008,0.35344653232344625,0.44727268579071655,0.38225979958607276,0.46878717384401986,0.4044227658252184,0.4914066381142461,0.42788718855740504,0.51541892040624,0.45286941463085034,0.5414675041881482,0.4798318772561975,0.5768059574100848,0.5147471964324976,0.6082991430129641,0.5418708169905349,0.6440811012282699,0.5699112140188074,0.686204316337013,0.6021336650304776,1,1
39782,2004,2,1,8.523719722368821e-4,4.2605915963180653e-4,8.57777471939502e-4,4.483702416646079e-4,8.904416420665501e-4,4.764178666965702e-4,9.148230027991452e-4,5.242166122782664e-4,9.68844177502891e-4,5.936818237260752e-4,0.001035922626175892,6.816338371158798e-4,0.0011397732018176621,7.294663387365179e-4,0.001301160149741081,7.658431042701381e-4,0.0013908662954804029,8.385525184417049e-4,0.0014515576783539594,0.0010431959805128508,0.0015686235817167675,0.0010789994119612468,0.0020546891431390928,0.0011052612627268498,0.0018954818807073346,0.001098393021192104,0.0019356150594718124,0.0011552948133001172,0.0019562061983535084,0.0012428383786744607,0.0019299379670991536,0.0012118007873588848,0.0020663866955789177,0.0013026131084949639,0.002199970277419035,0.0013966754768465679,0.002339607808835282,0.001497188629130783,0.002496606735909578,0.0016009743439740682,0.003815510132790265,0.0015802847820249966,0.004125809136601984,0.001699541940145994,0.004446336356995461,0.0018335352852363667,0.004788055645555795,0.0019793562788616276,0.005197312828606768,0.002131751450917946,0.0059251831832676455,0.002416833183528049,0.006397266046507366,0.0026106468800664653,0.006866248247851862,0.0028146555624707346,0.007319510659642281,0.0030118727950718214,0.007790793175445552,0.003214656276098897,0.008392294764236542,0.003475349405791489,0.008994253159498873,0.003704125534785099,0.009593337066826637,0.0039215724731554704,0.010160050860660519,0.0041336087870888745,0.010688503591559635,0.00435088379950596,0.011005933473058014,0.00578719701167301,0.011594327139460524,0.006143661468279682,0.012190369033450246,0.006562274676761906,0.012803928741564661,0.007062404616708232,0.013512706617819017,0.007644133150927778,0.01404551589932995,0.008117611093606019,0.01499333591482641,0.008848287786279838,0.01612267947468962,0.009669726452312498,0.017625996829066532,0.010670675086396735,0.019132017373306883,0.011650740662143182,0.021183825458004,0.013010603457417768,0.02292969108156422,0.014190674299475854,0.024965341777887506,0.01557387208975706,0.027215648083664935,0.017113445387797323,0.029694025974487344,0.018850503218832287,0.03553713054350319,0.022923520954433056,0.03896357070941466,0.025439232086989956,0.04282826607796165,0.02835394258212796,0.04715178781171683,0.03154593748277689,0.051999426991889156,0.03498136229756622,0.06255511658679577,0.0425583198900157,0.06907080873210121,0.0473535667748542,0.07633421791700518,0.05263889772524689,0.08414947089788079,0.05852877316439883,0.09271691291021857,0.0652553381759936,0.11536307970762878,0.08221402017466857,0.12717897660970565,0.09116772708285249,0.1399670845429352,0.10095328720756915,0.15366569001959926,0.11159810656564231,0.16758610629269932,0.12272656151472291,0.19892493087462887,0.14738391606291754,0.2136646160571455,0.15970050244723963,0.22755193959045467,0.17161970158761733,0.24027296764572975,0.18289727751059187,0.251520921581126,0.1932817397088395,0.2698909697585355,0.20954721069373713,0.2826424073584834,0.2215381491134475,0.2959957750632753,0.23421423795375187,0.3099814824175842,0.24761578018056724,0.32462636137259215,0.26178469087844775,0.34681906819503044,0.2825350759106208,0.36332787335879796,0.2988037711327919,0.38062285469219165,0.316007495164244,0.39874068252849226,0.3342034782165796,0.4177207103961008,0.35344653232344625,0.44727268579071655,0.38225979958607276,0.46878717384401986,0.4044227658252184,0.4914066381142461,0.42788718855740504,0.51541892040624,0.45286941463085034,0.5414675041881482,0.4798318772561975,0.5768059574100848,0.5147471964324976,0.6082991430129641,0.5418708169905349,0.6440811012282699,0.5699112140188074,0.686204316337013,0.6021336650304776,1,1
39783,2004,2,1,8.523719722368821e-4,4.2605915963180653e-4,8.57777471939502e-4,4.483702416646079e-4,8.904416420665501e-4,4.764178666965702e-4,9.148230027991452e-4,5.242166122782664e-4,9.68844177502891e-4,5.936818237260752e-4,0.001035922626175892,6.816338371158798e-4,0.0011397732018176621,7.294663387365179e-4,0.001301160149741081,7.658431042701381e-4,0.0013908662954804029,8.385525184417049e-4,0.0014515576783539594,0.0010431959805128508,0.0015686235817167675,0.0010789994119612468,0.0020546891431390928,0.0011052612627268498,0.0018954818807073346,0.001098393021192104,0.0019356150594718124,0.0011552948133001172,0.0019562061983535084,0.0012428383786744607,0.0019299379670991536,0.0012118007873588848,0.0020663866955789177,0.0013026131084949639,0.002199970277419035,0.0013966754768465679,0.002339607808835282,0.001497188629130783,0.002496606735909578,0.0016009743439740682,0.003815510132790265,0.0015802847820249966,0.004125809136601984,0.001699541940145994,0.004446336356995461,0.0018335352852363667,0.004788055645555795,0.0019793562788616276,0.005197312828606768,0.002131751450917946,0.0059251831832676455,0.002416833183528049,0.006397266046507366,0.0026106468800664653,0.006866248247851862,0.0028146555624707346,0.007319510659642281,0.0030118727950718214,0.007790793175445552,0.003214656276098897,0.008392294764236542,0.003475349405791489,0.008994253159498873,0.003704125534785099,0.009593337066826637,0.0039215724731554704,0.010160050860660519,0.0041336087870888745,0.010688503591559635,0.00435088379950596,0.011005933473058014,0.00578719701167301,0.011594327139460524,0.006143661468279682,0.012190369033450246,0.006562274676761906,0.012803928741564661,0.007062404616708232,0.013512706617819017,0.007644133150927778,0.01404551589932995,0.008117611093606019,0.01499333591482641,0.008848287786279838,0.01612267947468962,0.009669726452312498,0.017625996829066532,0.010670675086396735,0.019132017373306883,0.011650740662143182,0.021183825458004,0.013010603457417768,0.02292969108156422,0.014190674299475854,0.024965341777887506,0.01557387208975706,0.027215648083664935,0.017113445387797323,0.029694025974487344,0.018850503218832287,0.03553713054350319,0.022923520954433056,0.03896357070941466,0.025439232086989956,0.04282826607796165,0.02835394258212796,0.04715178781171683,0.03154593748277689,0.051999426991889156,0.03498136229756622,0.06255511658679577,0.0425583198900157,0.06907080873210121,0.0473535667748542,0.07633421791700518,0.05263889772524689,0.08414947089788079,0.05852877316439883,0.09271691291021857,0.0652553381759936,0.11536307970762878,0.08221402017466857,0.12717897660970565,0.09116772708285249,0.1399670845429352,0.10095328720756915,0.15366569001959926,0.11159810656564231,0.16758610629269932,0.12272656151472291,0.19892493087462887,0.14738391606291754,0.2136646160571455,0.15970050244723963,0.22755193959045467,0.17161970158761733,0.24027296764572975,0.18289727751059187,0.251520921581126,0.1932817397088395,0.2698909697585355,0.20954721069373713,0.2826424073584834,0.2215381491134475,0.2959957750632753,0.23421423795375187,0.3099814824175842,0.24761578018056724,0.32462636137259215,0.26178469087844775,0.34681906819503044,0.2825350759106208,0.36332787335879796,0.2988037711327919,0.38062285469219165,0.316007495164244,0.39874068252849226,0.3342034782165796,0.4177207103961008,0.35344653232344625,0.44727268579071655,0.38225979958607276,0.46878717384401986,0.4044227658252184,0.4914066381142461,0.42788718855740504,0.51541892040624,0.45286941463085034,0.5414675041881482,0.4798318772561975,0.5768059574100848,0.5147471964324976,0.6082991430129641,0.5418708169905349,0.6440811012282699,0.5699112140188074,0.686204316337013,0.6021336650304776,1,1
39784,2004,2,1,8.523719722368821e-4,4.2605915963180653e-4,8.57777471939502e-4,4.483702416646079e-4,8.904416420665501e-4,4.764178666965702e-4,9.148230027991452e-4,5.242166122782664e-4,9.68844177502891e-4,5.936818237260752e-4,0.001035922626175892,6.816338371158798e-4,0.0011397732018176621,7.294663387365179e-4,0.001301160149741081,7.658431042701381e-4,0.0013908662954804029,8.385525184417049e-4,0.0014515576783539594,0.0010431959805128508,0.0015686235817167675,0.0010789994119612468,0.0020546891431390928,0.0011052612627268498,0.0018954818807073346,0.001098393021192104,0.0019356150594718124,0.0011552948133001172,0.0019562061983535084,0.0012428383786744607,0.0019299379670991536,0.0012118007873588848,0.0020663866955789177,0.0013026131084949639,0.002199970277419035,0.0013966754768465679,0.002339607808835282,0.001497188629130783,0.002496606735909578,0.0016009743439740682,0.003815510132790265,0.0015802847820249966,0.004125809136601984,0.001699541940145994,0.004446336356995461,0.0018335352852363667,0.004788055645555795,0.0019793562788616276,0.005197312828606768,0.002131751450917946,0.0059251831832676455,0.002416833183528049,0.006397266046507366,0.0026106468800664653,0.006866248247851862,0.0028146555624707346,0.007319510659642281,0.0030118727950718214,0.007790793175445552,0.003214656276098897,0.008392294764236542,0.003475349405791489,0.008994253159498873,0.003704125534785099,0.009593337066826637,0.0039215724731554704,0.010160050860660519,0.0041336087870888745,0.010688503591559635,0.00435088379950596,0.011005933473058014,0.00578719701167301,0.011594327139460524,0.006143661468279682,0.012190369033450246,0.006562274676761906,0.012803928741564661,0.007062404616708232,0.013512706617819017,0.007644133150927778,0.01404551589932995,0.008117611093606019,0.01499333591482641,0.008848287786279838,0.01612267947468962,0.009669726452312498,0.017625996829066532,0.010670675086396735,0.019132017373306883,0.011650740662143182,0.021183825458004,0.013010603457417768,0.02292969108156422,0.014190674299475854,0.024965341777887506,0.01557387208975706,0.027215648083664935,0.017113445387797323,0.029694025974487344,0.018850503218832287,0.03553713054350319,0.022923520954433056,0.03896357070941466,0.025439232086989956,0.04282826607796165,0.02835394258212796,0.04715178781171683,0.03154593748277689,0.051999426991889156,0.03498136229756622,0.06255511658679577,0.0425583198900157,0.06907080873210121,0.0473535667748542,0.07633421791700518,0.05263889772524689,0.08414947089788079,0.05852877316439883,0.09271691291021857,0.0652553381759936,0.11536307970762878,0.08221402017466857,0.12717897660970565,0.09116772708285249,0.1399670845429352,0.10095328720756915,0.15366569001959926,0.11159810656564231,0.16758610629269932,0.12272656151472291,0.19892493087462887,0.14738391606291754,0.2136646160571455,0.15970050244723963,0.22755193959045467,0.17161970158761733,0.24027296764572975,0.18289727751059187,0.251520921581126,0.1932817397088395,0.2698909697585355,0.20954721069373713,0.2826424073584834,0.2215381491134475,0.2959957750632753,0.23421423795375187,0.3099814824175842,0.24761578018056724,0.32462636137259215,0.26178469087844775,0.34681906819503044,0.2825350759106208,0.36332787335879796,0.2988037711327919,0.38062285469219165,0.316007495164244,0.39874068252849226,0.3342034782165796,0.4177207103961008,0.35344653232344625,0.44727268579071655,0.38225979958607276,0.46878717384401986,0.4044227658252184,0.4914066381142461,0.42788718855740504,0.51541892040624,0.45286941463085034,0.5414675041881482,0.4798318772561975,0.5768059574100848,0.5147471964324976,0.6082991430129641,0.5418708169905349,0.6440811012282699,0.5699112140188074,0.686204316337013,0.6021336650304776,1,1
39785,2004,2,1,8.523719722368821e-4,4.2605915963180653e-4,8.57777471939502e-4,4.483702416646079e-4,8.904416420665501e-4,4.764178666965702e-4,9.148230027991452e-4,5.242166122782664e-4,9.68844177502891e-4,5.936818237260752e-4,0.001035922626175892,6.816338371158798e-4,0.0011397732018176621,7.294663387365179e-4,0.001301160149741081,7.658431042701381e-4,0.0013908662954804029,8.385525184417049e-4,0.0014515576783539594,0.0010431959805128508,0.0015686235817167675,0.0010789994119612468,0.0020546891431390928,0.0011052612627268498,0.0018954818807073346,0.001098393021192104,0.0019356150594718124,0.0011552948133001172,0.0019562061983535084,0.0012428383786744607,0.0019299379670991536,0.0012118007873588848,0.0020663866955789177,0.0013026131084949639,0.002199970277419035,0.0013966754768465679,0.002339607808835282,0.001497188629130783,0.002496606735909578,0.0016009743439740682,0.003815510132790265,0.0015802847820249966,0.004125809136601984,0.001699541940145994,0.004446336356995461,0.0018335352852363667,0.004788055645555795,0.0019793562788616276,0.005197312828606768,0.002131751450917946,0.0059251831832676455,0.002416833183528049,0.006397266046507366,0.0026106468800664653,0.006866248247851862,0.0028146555624707346,0.007319510659642281,0.0030118727950718214,0.007790793175445552,0.003214656276098897,0.008392294764236542,0.003475349405791489,0.008994253159498873,0.003704125534785099,0.009593337066826637,0.0039215724731554704,0.010160050860660519,0.0041336087870888745,0.010688503591559635,0.00435088379950596,0.011005933473058014,0.00578719701167301,0.011594327139460524,0.006143661468279682,0.012190369033450246,0.006562274676761906,0.012803928741564661,0.007062404616708232,0.013512706617819017,0.007644133150927778,0.01404551589932995,0.008117611093606019,0.01499333591482641,0.008848287786279838,0.01612267947468962,0.009669726452312498,0.017625996829066532,0.010670675086396735,0.019132017373306883,0.011650740662143182,0.021183825458004,0.013010603457417768,0.02292969108156422,0.014190674299475854,0.024965341777887506,0.01557387208975706,0.027215648083664935,0.017113445387797323,0.029694025974487344,0.018850503218832287,0.03553713054350319,0.022923520954433056,0.03896357070941466,0.025439232086989956,0.04282826607796165,0.02835394258212796,0.04715178781171683,0.03154593748277689,0.051999426991889156,0.03498136229756622,0.06255511658679577,0.0425583198900157,0.06907080873210121,0.0473535667748542,0.07633421791700518,0.05263889772524689,0.08414947089788079,0.05852877316439883,0.09271691291021857,0.0652553381759936,0.11536307970762878,0.08221402017466857,0.12717897660970565,0.09116772708285249,0.1399670845429352,0.10095328720756915,0.15366569001959926,0.11159810656564231,0.16758610629269932,0.12272656151472291,0.19892493087462887,0.14738391606291754,0.2136646160571455,0.15970050244723963,0.22755193959045467,0.17161970158761733,0.24027296764572975,0.18289727751059187,0.251520921581126,0.1932817397088395,0.2698909697585355,0.20954721069373713,0.2826424073584834,0.2215381491134475,0.2959957750632753,0.23421423795375187,0.3099814824175842,0.24761578018056724,0.32462636137259215,0.26178469087844775,0.34681906819503044,0.2825350759106208,0.36332787335879796,0.2988037711327919,0.38062285469219165,0.316007495164244,0.39874068252849226,0.3342034782165796,0.4177207103961008,0.35344653232344625,0.44727268579071655,0.38225979958607276,0.46878717384401986,0.4044227658252184,0.4914066381142461,0.42788718855740504,0.51541892040624,0.45286941463085034,0.5414675041881482,0.4798318772561975,0.5768059574100848,0.5147471964324976,0.6082991430129641,0.5418708169905349,0.6440811012282699,0.5699112140188074,0.686204316337013,0.6021336650304776,1,1
40111,2004,0,2,,0.001388427221742188,,0.001484266617456877,,0.0015303150255114254,,0.0016279792420029857,,0.001744067449761762,,0.0018730452141159251,,0.002147638445794788,,0.0023171242576144357,,0.002383358089818067,,0.00244772880423933,,0.0026189743931638206,,0.002867582848494182,,0.0031769460437859566,,0.0035286147630455636,,0.003900457860207598,,0.0041985017669572385,,0.004520385652550643,,0.004871612388967897,,0.0052300549293050475,,0.005564388682853651,,0.0066204636938962495,,0.007064239434534839,,0.007487632047527696,,0.008083019440381875,,0.008663872794683716,,0.009454483689453444,,0.010364464566177515,,0.011189413796159889,,0.012029352115795151,,0.012982130870105336,,0.013755577576703693,,0.014859288701651204,,0.018317356050093863,,0.021758286914798374,,0.021531931464741496,,0.014577003467982604,,0.014957214951025716,,0.01584060306221464,,0.016912948194588193,,0.01829610680767274,,0.019521689761124086,,0.02126478362095009,,0.023221670355370375,,0.025604828240347596,,0.027931617466520873,,0.03074624864541001,,0.0335346912433231,,0.03680303948835069,,0.04044269087931093,,0.04454757190371245,,0.051336695828947135,,0.05696934987673155,,0.0634957731572155,,0.07064445941744424,,0.07833909338631702,,0.09121289258047151,,0.10149050495583221,,0.11281745230882861,,0.12544029166917092,,0.13985800750174887,,0.16636142059422906,,0.18448042707519477,,0.20428277232447964,,0.22582128999130718,,0.24834016537150627,,0.2877848873210378,,0.31183447092735433,,0.3351091610117248,,0.3571290519270343,,0.37740543241796426,,0.4052722471806871,,0.4284647515884873,,0.4529795648282453,,0.4789003401778986,,0.5063033929085473,,0.5421994547518927,,0.5734197386389478,,0.6064348989982387,,0.6413535383309471,,0.6782976530127363,,0.7280764843441467,,0.7706586092668891,,0.815812659580651,,0.863742112736952,,0.9154049212440456,,0.9780549213915196,,1,,1,,0.9999999999999997,1,1
40112,2004,0,2,,0.001388427221742188,,0.001484266617456877,,0.0015303150255114254,,0.0016279792420029857,,0.001744067449761762,,0.0018730452141159251,,0.002147638445794788,,0.0023171242576144357,,0.002383358089818067,,0.00244772880423933,,0.0026189743931638206,,0.002867582848494182,,0.0031769460437859566,,0.0035286147630455636,,0.003900457860207598,,0.0041985017669572385,,0.004520385652550643,,0.004871612388967897,,0.0052300549293050475,,0.005564388682853651,,0.0066204636938962495,,0.007064239434534839,,0.007487632047527696,,0.008083019440381875,,0.008663872794683716,,0.009454483689453444,,0.010364464566177515,,0.011189413796159889,,0.012029352115795151,,0.012982130870105336,,0.013755577576703693,,0.014859288701651204,,0.018317356050093863,,0.021758286914798374,,0.021531931464741496,,0.014577003467982604,,0.014957214951025716,,0.01584060306221464,,0.016912948194588193,,0.01829610680767274,,0.019521689761124086,,0.02126478362095009,,0.023221670355370375,,0.025604828240347596,,0.027931617466520873,,0.03074624864541001,,0.0335346912433231,,0.03680303948835069,,0.04044269087931093,,0.04454757190371245,,0.051336695828947135,,0.05696934987673155,,0.0634957731572155,,0.07064445941744424,,0.07833909338631702,,0.09121289258047151,,0.10149050495583221,,0.11281745230882861,,0.12544029166917092,,0.13985800750174887,,0.16636142059422906,,0.18448042707519477,,0.20428277232447964,,0.22582128999130718,,0.24834016537150627,,0.2877848873210378,,0.31183447092735433,,0.3351091610117248,,0.3571290519270343,,0.37740543241796426,,0.4052722471806871,,0.4284647515884873,,0.4529795648282453,,0.4789003401778986,,0.5063033929085473,,0.5421994547518927,,0.5734197386389478,,0.6064348989982387,,0.6413535383309471,,0.6782976530127363,,0.7280764843441467,,0.7706586092668891,,0.815812659580651,,0.863742112736952,,0.9154049212440456,,0.9780549213915196,,1,,1,,0.9999999999999997,1,1
40113,2004,0,2,,0.001388427221742188,,0.001484266617456877,,0.0015303150255114254,,0.0016279792420029857,,0.001744067449761762,,0.0018730452141159251,,0.002147638445794788,,0.0023171242576144357,,0.002383358089818067,,0.00244772880423933,,0.0026189743931638206,,0.002867582848494182,,0.0031769460437859566,,0.0035286147630455636,,0.003900457860207598,,0.0041985017669572385,,0.004520385652550643,,0.004871612388967897,,0.0052300549293050475,,0.005564388682853651,,0.0066204636938962495,,0.007064239434534839,,0.007487632047527696,,0.008083019440381875,,0.008663872794683716,,0.009454483689453444,,0.010364464566177515,,0.011189413796159889,,0.012029352115795151,,0.012982130870105336,,0.013755577576703693,,0.014859288701651204,,0.018317356050093863,,0.021758286914798374,,0.021531931464741496,,0.014577003467982604,,0.014957214951025716,,0.01584060306221464,,0.016912948194588193,,0.01829610680767274,,0.019521689761124086,,0.02126478362095009,,0.023221670355370375,,0.025604828240347596,,0.027931617466520873,,0.03074624864541001,,0.0335346912433231,,0.03680303948835069,,0.04044269087931093,,0.04454757190371245,,0.051336695828947135,,0.05696934987673155,,0.0634957731572155,,0.07064445941744424,,0.07833909338631702,,0.09121289258047151,,0.10149050495583221,,0.11281745230882861,,0.12544029166917092,,0.13985800750174887,,0.16636142059422906,,0.18448042707519477,,0.20428277232447964,,0.22582128999130718,,0.24834016537150627,,0.2877848873210378,,0.31183447092735433,,0.3351091610117248,,0.3571290519270343,,0.37740543241796426,,0.4052722471806871,,0.4284647515884873,,0.4529795648282453,,0.4789003401778986,,0.5063033929085473,,0.5421994547518927,,0.5734197386389478,,0.6064348989982387,,0.6413535383309471,,0.6782976530127363,,0.7280764843441467,,0.7706586092668891,,0.815812659580651,,0.863742112736952,,0.9154049212440456,,0.9780549213915196,,1,,1,,0.9999999999999997,1,1
40114,2004,0,2,,0.001388427221742188,,0.001484266617456877,,0.0015303150255114254,,0.0016279792420029857,,0.001744067449761762,,0.0018730452141159251,,0.002147638445794788,,0.0023171242576144357,,0.002383358089818067,,0.00244772880423933,,0.0026189743931638206,,0.002867582848494182,,0.0031769460437859566,,0.0035286147630455636,,0.003900457860207598,,0.0041985017669572385,,0.004520385652550643,,0.004871612388967897,,0.0052300549293050475,,0.005564388682853651,,0.0066204636938962495,,0.007064239434534839,,0.007487632047527696,,0.008083019440381875,,0.008663872794683716,,0.009454483689453444,,0.010364464566177515,,0.011189413796159889,,0.012029352115795151,,0.012982130870105336,,0.013755577576703693,,0.014859288701651204,,0.018317356050093863,,0.021758286914798374,,0.021531931464741496,,0.014577003467982604,,0.014957214951025716,,0.01584060306221464,,0.016912948194588193,,0.01829610680767274,,0.019521689761124086,,0.02126478362095009,,0.023221670355370375,,0.025604828240347596,,0.027931617466520873,,0.03074624864541001,,0.0335346912433231,,0.03680303948835069,,0.04044269087931093,,0.04454757190371245,,0.051336695828947135,,0.05696934987673155,,0.0634957731572155,,0.07064445941744424,,0.07833909338631702,,0.09121289258047151,,0.10149050495583221,,0.11281745230882861,,0.12544029166917092,,0.13985800750174887,,0.16636142059422906,,0.18448042707519477,,0.20428277232447964,,0.22582128999130718,,0.24834016537150627,,0.2877848873210378,,0.31183447092735433,,0.3351091610117248,,0.3571290519270343,,0.37740543241796426,,0.4052722471806871,,0.4284647515884873,,0.4529795648282453,,0.4789003401778986,,0.5063033929085473,,0.5421994547518927,,0.5734197386389478,,0.6064348989982387,,0.6413535383309471,,0.6782976530127363,,0.7280764843441467,,0.7706586092668891,,0.815812659580651,,0.863742112736952,,0.9154049212440456,,0.9780549213915196,,1,,1,,0.9999999999999997,1,1
40115,2004,0,2,,0.001388427221742188,,0.001484266617456877,,0.0015303150255114254,,0.0016279792420029857,,0.001744067449761762,,0.0018730452141159251,,0.002147638445794788,,0.0023171242576144357,,0.002383358089818067,,0.00244772880423933,,0.0026189743931638206,,0.002867582848494182,,0.0031769460437859566,,0.0035286147630455636,,0.003900457860207598,,0.0041985017669572385,,0.004520385652550643,,0.004871612388967897,,0.0052300549293050475,,0.005564388682853651,,0.0066204636938962495,,0.007064239434534839,,0.007487632047527696,,0.008083019440381875,,0.008663872794683716,,0.009454483689453444,,0.010364464566177515,,0.011189413796159889,,0.012029352115795151,,0.012982130870105336,,0.013755577576703693,,0.014859288701651204,,0.018317356050093863,,0.021758286914798374,,0.021531931464741496,,0.014577003467982604,,0.014957214951025716,,0.01584060306221464,,0.016912948194588193,,0.01829610680767274,,0.019521689761124086,,0.02126478362095009,,0.023221670355370375,,0.025604828240347596,,0.027931617466520873,,0.03074624864541001,,0.0335346912433231,,0.03680303948835069,,0.04044269087931093,,0.04454757190371245,,0.051336695828947135,,0.05696934987673155,,0.0634957731572155,,0.07064445941744424,,0.07833909338631702,,0.09121289258047151,,0.10149050495583221,,0.11281745230882861,,0.12544029166917092,,0.13985800750174887,,0.16636142059422906,,0.18448042707519477,,0.20428277232447964,,0.22582128999130718,,0.24834016537150627,,0.2877848873210378,,0.31183447092735433,,0.3351091610117248,,0.3571290519270343,,0.37740543241796426,,0.4052722471806871,,0.4284647515884873,,0.4529795648282453,,0.4789003401778986,,0.5063033929085473,,0.5421994547518927,,0.5734197386389478,,0.6064348989982387,,0.6413535383309471,,0.6782976530127363,,0.7280764843441467,,0.7706586092668891,,0.815812659580651,,0.863742112736952,,0.9154049212440456,,0.9780549213915196,,1,,1,,0.9999999999999997,1,1
44041,2004,2,1,0.0017692638949223052,3.8287680074553556e-4,0.0018954152603651783,4.2906570199901985e-4,0.0021567751286005596,4.4940553881737694e-4,0.002277916028768942,4.728285770024385e-4,0.0023848595913868362,4.974889335012167e-4,0.002609770976507589,5.437073713609538e-4,0.0027259508749400132,5.85626412492741e-4,0.002877766137650245,6.269414924890825e-4,0.0030367574593373995,6.688857904298431e-4,0.003229378129834601,7.373325170068446e-4,0.0034688721446526245,8.187397901555644e-4,0.0036718394653397326,8.933993457356783e-4,0.003515702971693884,9.890423641494102e-4,0.0034236721429746608,0.001077332016780668,0.0036584015635479712,0.001143475772413205,0.003914643086628974,0.0012207603962451216,0.004268796026703824,0.0015867013338736295,0.004658807424338541,0.001873881248745207,0.005020539055764574,0.0018502875585157434,0.005466086466056834,0.0017625438005251825,0.0038226314847837066,0.001957063400201979,0.004182150975895116,0.002093897075326189,0.004452521589140307,0.0022567915591415106,0.004702154152242752,0.002435789698485575,0.005074148404192522,0.0026235931122471664,0.005378709503618713,0.0029661362891285517,0.00569113106678731,0.003204335107287361,0.006143871211623274,0.0034547897064460126,0.006630512875979335,0.0036968709091999936,0.007180393310511851,0.003945284248750541,0.0077814415629209885,0.004269501543872217,0.008367820649231314,0.004550135192872254,0.009019941437339593,0.004817245317624133,0.009684887674901256,0.005077555551164578,0.0104105310036285,0.005343830905437903,0.011734189863782864,0.0059753807206211484,0.014632991286973391,0.006343169710584413,0.015241352230542371,0.006775518074661985,0.015252781898862883,0.0072924054523472205,0.015060024281822832,0.007893936841942185,0.01553693110895799,0.008397184462027618,0.016557246434231468,0.009153761887335693,0.017773072759856137,0.010004572427127422,0.019439747035793743,0.01104026611670183,0.021110733079062395,0.012055602349903691,0.02304960566247433,0.013408244169956892,0.024948722534400777,0.014624454940781068,0.027164481046108083,0.01605014554784184,0.029612590020339797,0.017636974490469217,0.032309174725788425,0.01942714466607352,0.03647095998198232,0.023241519266557417,0.03998700152371567,0.02579134159554716,0.04395381762208153,0.028746311739675803,0.04839046541280743,0.0319828903083423,0.0533665767379748,0.03546578033280346,0.06120712215634501,0.04257505023292081,0.06758246702396994,0.04737236868036104,0.07468931271682941,0.052659240737760765,0.08233708787764783,0.0585515325416465,0.09071929573073576,0.06528097636507112,0.10604196582244643,0.08081931586613711,0.11690306725363368,0.0896220729405188,0.1286576551637396,0.09924203157384542,0.1412492911123403,0.1097060481553781,0.1540454247866328,0.12064503916412857,0.1758980957320651,0.14332027227998045,0.18893171063619332,0.1552974545650244,0.2012111027455656,0.1668879048447084,0.21245994359213266,0.17785451956812737,0.22240630250839738,0.1879525219303016,0.2361824127391413,0.20317779266512398,0.24734109867438187,0.21480430723895858,0.25902678770916504,0.22709455829024625,0.2712651336800474,0.24008921406558212,0.28408105745682616,0.25382740816074684,0.3009458896089512,0.27329905770045304,0.3153529583752957,0.28903536715664374,0.3305532667868754,0.3056771205936374,0.346542165168627,0.3232780307899558,0.36355395107592015,0.34193704194648605,0.3870879647785896,0.3690220338744262,0.40714150237715246,0.3906507598431909,0.4290345328942445,0.41364233961068114,0.45348365916020567,0.4381221168153008,0.48093515000090953,0.4641996681610335,0.5149785429969856,0.49762007868941627,0.5480842665727005,0.5241558003720651,0.5834980762371185,0.5533277778776735,0.6227041228303098,0.5874361326665251,1,1
44042,2004,2,1,0.0017692638949223052,3.8287680074553556e-4,0.0018954152603651783,4.2906570199901985e-4,0.0021567751286005596,4.4940553881737694e-4,0.002277916028768942,4.728285770024385e-4,0.0023848595913868362,4.974889335012167e-4,0.002609770976507589,5.437073713609538e-4,0.0027259508749400132,5.85626412492741e-4,0.002877766137650245,6.269414924890825e-4,0.0030367574593373995,6.688857904298431e-4,0.003229378129834601,7.373325170068446e-4,0.0034688721446526245,8.187397901555644e-4,0.0036718394653397326,8.933993457356783e-4,0.003515702971693884,9.890423641494102e-4,0.0034236721429746608,0.001077332016780668,0.0036584015635479712,0.001143475772413205,0.003914643086628974,0.0012207603962451216,0.004268796026703824,0.0015867013338736295,0.004658807424338541,0.001873881248745207,0.005020539055764574,0.0018502875585157434,0.005466086466056834,0.0017625438005251825,0.0038226314847837066,0.001957063400201979,0.004182150975895116,0.002093897075326189,0.004452521589140307,0.0022567915591415106,0.004702154152242752,0.002435789698485575,0.005074148404192522,0.0026235931122471664,0.005378709503618713,0.0029661362891285517,0.00569113106678731,0.003204335107287361,0.006143871211623274,0.0034547897064460126,0.006630512875979335,0.0036968709091999936,0.007180393310511851,0.003945284248750541,0.0077814415629209885,0.004269501543872217,0.008367820649231314,0.004550135192872254,0.009019941437339593,0.004817245317624133,0.009684887674901256,0.005077555551164578,0.0104105310036285,0.005343830905437903,0.011734189863782864,0.0059753807206211484,0.014632991286973391,0.006343169710584413,0.015241352230542371,0.006775518074661985,0.015252781898862883,0.0072924054523472205,0.015060024281822832,0.007893936841942185,0.01553693110895799,0.008397184462027618,0.016557246434231468,0.009153761887335693,0.017773072759856137,0.010004572427127422,0.019439747035793743,0.01104026611670183,0.021110733079062395,0.012055602349903691,0.02304960566247433,0.013408244169956892,0.024948722534400777,0.014624454940781068,0.027164481046108083,0.01605014554784184,0.029612590020339797,0.017636974490469217,0.032309174725788425,0.01942714466607352,0.03647095998198232,0.023241519266557417,0.03998700152371567,0.02579134159554716,0.04395381762208153,0.028746311739675803,0.04839046541280743,0.0319828903083423,0.0533665767379748,0.03546578033280346,0.06120712215634501,0.04257505023292081,0.06758246702396994,0.04737236868036104,0.07468931271682941,0.052659240737760765,0.08233708787764783,0.0585515325416465,0.09071929573073576,0.06528097636507112,0.10604196582244643,0.08081931586613711,0.11690306725363368,0.0896220729405188,0.1286576551637396,0.09924203157384542,0.1412492911123403,0.1097060481553781,0.1540454247866328,0.12064503916412857,0.1758980957320651,0.14332027227998045,0.18893171063619332,0.1552974545650244,0.2012111027455656,0.1668879048447084,0.21245994359213266,0.17785451956812737,0.22240630250839738,0.1879525219303016,0.2361824127391413,0.20317779266512398,0.24734109867438187,0.21480430723895858,0.25902678770916504,0.22709455829024625,0.2712651336800474,0.24008921406558212,0.28408105745682616,0.25382740816074684,0.3009458896089512,0.27329905770045304,0.3153529583752957,0.28903536715664374,0.3305532667868754,0.3056771205936374,0.346542165168627,0.3232780307899558,0.36355395107592015,0.34193704194648605,0.3870879647785896,0.3690220338744262,0.40714150237715246,0.3906507598431909,0.4290345328942445,0.41364233961068114,0.45348365916020567,0.4381221168153008,0.48093515000090953,0.4641996681610335,0.5149785429969856,0.49762007868941627,0.5480842665727005,0.5241558003720651,0.5834980762371185,0.5533277778776735,0.6227041228303098,0.5874361326665251,1,1
44043,2004,2,1,0.0017692638949223052,3.8287680074553556e-4,0.0018954152603651783,4.2906570199901985e-4,0.0021567751286005596,4.4940553881737694e-4,0.002277916028768942,4.728285770024385e-4,0.0023848595913868362,4.974889335012167e-4,0.002609770976507589,5.437073713609538e-4,0.0027259508749400132,5.85626412492741e-4,0.002877766137650245,6.269414924890825e-4,0.0030367574593373995,6.688857904298431e-4,0.003229378129834601,7.373325170068446e-4,0.0034688721446526245,8.187397901555644e-4,0.0036718394653397326,8.933993457356783e-4,0.003515702971693884,9.890423641494102e-4,0.0034236721429746608,0.001077332016780668,0.0036584015635479712,0.001143475772413205,0.003914643086628974,0.0012207603962451216,0.004268796026703824,0.0015867013338736295,0.004658807424338541,0.001873881248745207,0.005020539055764574,0.0018502875585157434,0.005466086466056834,0.0017625438005251825,0.0038226314847837066,0.001957063400201979,0.004182150975895116,0.002093897075326189,0.004452521589140307,0.0022567915591415106,0.004702154152242752,0.002435789698485575,0.005074148404192522,0.0026235931122471664,0.005378709503618713,0.0029661362891285517,0.00569113106678731,0.003204335107287361,0.006143871211623274,0.0034547897064460126,0.006630512875979335,0.0036968709091999936,0.007180393310511851,0.003945284248750541,0.0077814415629209885,0.004269501543872217,0.008367820649231314,0.004550135192872254,0.009019941437339593,0.004817245317624133,0.009684887674901256,0.005077555551164578,0.0104105310036285,0.005343830905437903,0.011734189863782864,0.0059753807206211484,0.014632991286973391,0.006343169710584413,0.015241352230542371,0.006775518074661985,0.015252781898862883,0.0072924054523472205,0.015060024281822832,0.007893936841942185,0.01553693110895799,0.008397184462027618,0.016557246434231468,0.009153761887335693,0.017773072759856137,0.010004572427127422,0.019439747035793743,0.01104026611670183,0.021110733079062395,0.012055602349903691,0.02304960566247433,0.013408244169956892,0.024948722534400777,0.014624454940781068,0.027164481046108083,0.01605014554784184,0.029612590020339797,0.017636974490469217,0.032309174725788425,0.01942714466607352,0.03647095998198232,0.023241519266557417,0.03998700152371567,0.02579134159554716,0.04395381762208153,0.028746311739675803,0.04839046541280743,0.0319828903083423,0.0533665767379748,0.03546578033280346,0.06120712215634501,0.04257505023292081,0.06758246702396994,0.04737236868036104,0.07468931271682941,0.052659240737760765,0.08233708787764783,0.0585515325416465,0.09071929573073576,0.06528097636507112,0.10604196582244643,0.08081931586613711,0.11690306725363368,0.0896220729405188,0.1286576551637396,0.09924203157384542,0.1412492911123403,0.1097060481553781,0.1540454247866328,0.12064503916412857,0.1758980957320651,0.14332027227998045,0.18893171063619332,0.1552974545650244,0.2012111027455656,0.1668879048447084,0.21245994359213266,0.17785451956812737,0.22240630250839738,0.1879525219303016,0.2361824127391413,0.20317779266512398,0.24734109867438187,0.21480430723895858,0.25902678770916504,0.22709455829024625,0.2712651336800474,0.24008921406558212,0.28408105745682616,0.25382740816074684,0.3009458896089512,0.27329905770045304,0.3153529583752957,0.28903536715664374,0.3305532667868754,0.3056771205936374,0.346542165168627,0.3232780307899558,0.36355395107592015,0.34193704194648605,0.3870879647785896,0.3690220338744262,0.40714150237715246,0.3906507598431909,0.4290345328942445,0.41364233961068114,0.45348365916020567,0.4381221168153008,0.48093515000090953,0.4641996681610335,0.5149785429969856,0.49762007868941627,0.5480842665727005,0.5241558003720651,0.5834980762371185,0.5533277778776735,0.6227041228303098,0.5874361326665251,1,1
44044,2004,2,1,0.0017692638949223052,3.8287680074553556e-4,0.0018954152603651783,4.2906570199901985e-4,0.0021567751286005596,4.4940553881737694e-4,0.002277916028768942,4.728285770024385e-4,0.0023848595913868362,4.974889335012167e-4,0.002609770976507589,5.437073713609538e-4,0.0027259508749400132,5.85626412492741e-4,0.002877766137650245,6.269414924890825e-4,0.0030367574593373995,6.688857904298431e-4,0.003229378129834601,7.373325170068446e-4,0.0034688721446526245,8.187397901555644e-4,0.0036718394653397326,8.933993457356783e-4,0.003515702971693884,9.890423641494102e-4,0.0034236721429746608,0.001077332016780668,0.0036584015635479712,0.001143475772413205,0.003914643086628974,0.0012207603962451216,0.004268796026703824,0.0015867013338736295,0.004658807424338541,0.001873881248745207,0.005020539055764574,0.0018502875585157434,0.005466086466056834,0.0017625438005251825,0.0038226314847837066,0.001957063400201979,0.004182150975895116,0.002093897075326189,0.004452521589140307,0.0022567915591415106,0.004702154152242752,0.002435789698485575,0.005074148404192522,0.0026235931122471664,0.005378709503618713,0.0029661362891285517,0.00569113106678731,0.003204335107287361,0.006143871211623274,0.0034547897064460126,0.006630512875979335,0.0036968709091999936,0.007180393310511851,0.003945284248750541,0.0077814415629209885,0.004269501543872217,0.008367820649231314,0.004550135192872254,0.009019941437339593,0.004817245317624133,0.009684887674901256,0.005077555551164578,0.0104105310036285,0.005343830905437903,0.011734189863782864,0.0059753807206211484,0.014632991286973391,0.006343169710584413,0.015241352230542371,0.006775518074661985,0.015252781898862883,0.0072924054523472205,0.015060024281822832,0.007893936841942185,0.01553693110895799,0.008397184462027618,0.016557246434231468,0.009153761887335693,0.017773072759856137,0.010004572427127422,0.019439747035793743,0.01104026611670183,0.021110733079062395,0.012055602349903691,0.02304960566247433,0.013408244169956892,0.024948722534400777,0.014624454940781068,0.027164481046108083,0.01605014554784184,0.029612590020339797,0.017636974490469217,0.032309174725788425,0.01942714466607352,0.03647095998198232,0.023241519266557417,0.03998700152371567,0.02579134159554716,0.04395381762208153,0.028746311739675803,0.04839046541280743,0.0319828903083423,0.0533665767379748,0.03546578033280346,0.06120712215634501,0.04257505023292081,0.06758246702396994,0.04737236868036104,0.07468931271682941,0.052659240737760765,0.08233708787764783,0.0585515325416465,0.09071929573073576,0.06528097636507112,0.10604196582244643,0.08081931586613711,0.11690306725363368,0.0896220729405188,0.1286576551637396,0.09924203157384542,0.1412492911123403,0.1097060481553781,0.1540454247866328,0.12064503916412857,0.1758980957320651,0.14332027227998045,0.18893171063619332,0.1552974545650244,0.2012111027455656,0.1668879048447084,0.21245994359213266,0.17785451956812737,0.22240630250839738,0.1879525219303016,0.2361824127391413,0.20317779266512398,0.24734109867438187,0.21480430723895858,0.25902678770916504,0.22709455829024625,0.2712651336800474,0.24008921406558212,0.28408105745682616,0.25382740816074684,0.3009458896089512,0.27329905770045304,0.3153529583752957,0.28903536715664374,0.3305532667868754,0.3056771205936374,0.346542165168627,0.3232780307899558,0.36355395107592015,0.34193704194648605,0.3870879647785896,0.3690220338744262,0.40714150237715246,0.3906507598431909,0.4290345328942445,0.41364233961068114,0.45348365916020567,0.4381221168153008,0.48093515000090953,0.4641996681610335,0.5149785429969856,0.49762007868941627,0.5480842665727005,0.5241558003720651,0.5834980762371185,0.5533277778776735,0.6227041228303098,0.5874361326665251,1,1
44045,2004,2,1,0.0012399931766465576,2.7744674268528305e-4,0.001328450011855509,3.109202180075768e-4,0.0015116835651365422,3.2566314969435545e-4,0.0015966510306800485,3.4264108964763017e-4,0.0016716776962711407,3.6051656045446817e-4,0.001829409032719013,3.940158373147345e-4,0.0019109374720831377,4.2440102907602954e-4,0.0020174622426526166,4.543502978904547e-4,0.002129036118544115,4.847575600342515e-4,0.002264208807430594,5.343744532958171e-4,0.0024322728278295,5.933880895215444e-4,0.002574755485759148,6.475155825317022e-4,0.00246544217634863,7.168566131582335e-4,0.002401083833340484,7.808741178773535e-4,0.002565909667614522,8.288460338088398e-4,0.0027458669256086804,8.849001546481346e-4,0.0029945578676018104,0.0011502112875012528,0.003268473088085285,0.0013584539457514176,0.0035226249843574673,0.0013414191203717273,0.003835674450100335,0.001277879136366554,0.003538545631894991,0.0016932242418961213,0.003871435725789897,0.001811661552539271,0.004121820652600369,0.0019526595370147838,0.004353027542760591,0.0021076064017027077,0.004697535324729702,0.0022701903341251824,0.004979643121332278,0.0025666965343027455,0.005269057348945933,0.0027729414547898496,0.005688420430331418,0.002989823990527837,0.006139218150428654,0.003199496124800496,0.006648623317425048,0.003414689049900934,0.0072054711730321075,0.003695541465906037,0.007748807778574876,0.003938727777158127,0.008353104404297722,0.004170269952410474,0.008969371644062947,0.004395994031612731,0.009641958014808808,0.004626959509131062,0.01128472150227232,0.005014491273961221,0.014072959900875497,0.005323580309786857,0.014658570049866822,0.005686944941220675,0.01467013796233336,0.006121381360719389,0.014485356855576271,0.006627011251478903,0.014944748764441842,0.00705028638199269,0.015926961064162286,0.007686445097577549,0.0170974147658041,0.008401976256167162,0.018701803324983578,0.009273078188056037,0.020310616268481647,0.010127437267357379,0.022177485611103137,0.011265591405375924,0.024004746247041964,0.01228745030302505,0.02613666786126159,0.013485313919322891,0.028492148572969698,0.014818565780735125,0.0310867035245787,0.01632266471336315,0.03509102073448247,0.01952749788699962,0.03847402701414225,0.021669855689452646,0.04229075204760459,0.024152618222479008,0.04655953191226601,0.02687198783149101,0.05134736381399842,0.029798308043749302,0.05889124919517852,0.0357715084770106,0.06502537231806384,0.03980220994584489,0.07186331871947753,0.044244233797455276,0.07922172762545425,0.049194930627138346,0.08728678074494339,0.054849001625487136,0.1020296922054996,0.06790429669008954,0.11247984585402972,0.07530036310891024,0.12378967943895867,0.08338304134223963,0.1359048899618429,0.0921748960975968,0.14821686069986684,0.10136582382307692,0.16924269960371868,0.12041752873438878,0.18178316607545325,0.1304807435819631,0.19359794702253275,0.1402190266412628,0.20442116932270765,0.14943316378019103,0.21399119125620433,0.15791749380735978,0.2272460595126575,0.17070974885288287,0.2379825380620719,0.18047833309085098,0.2492260796748749,0.1908045879575047,0.26100136753217745,0.201722682867087,0.2733323795813438,0.21326549782198287,0.28955910284352704,0.22962555547923474,0.3034210562731234,0.24284718467354918,0.31804623581061797,0.2568295668642207,0.33343016770911377,0.2716178314662872,0.3497982844874579,0.28729511128408874,0.37244184975730393,0.31005189050218834,0.39173662850780966,0.32822432130628293,0.41280129991200276,0.3475418203122312,0.43632535294385805,0.36810970110155933,0.46273817110821386,0.39002002989554047,0.49549347587912235,0.4180998205706155,0.5273465895070439,0.4403951035572812,0.5614204589592062,0.4649053656691064,0.5991430797676098,0.4935631663244503,1,1
44431,2004,0,2,,0.0010775312444042122,,0.0011266424511736184,,0.0012638460924409992,,0.0013146407437652711,,0.0014111701847184745,,0.0014890566259313672,,0.0016160599922308038,,0.0017311929220161304,,0.0018547814072895597,,0.0020088420055924794,,0.002203530911026082,,0.0024676313171517424,,0.002680886540904079,,0.002961841748367059,,0.003163158352870289,,0.0034287700867415994,,0.003645219010873505,,0.004701304962309806,,0.005623432434091751,,0.005509448906592203,,0.00569200801103904,,0.0058577740353317085,,0.006285420202223325,,0.006780556040134435,,0.007299135911823935,,0.008242121882089299,,0.008900633187042078,,0.009587784419895565,,0.010252239365163812,,0.010934161732702551,,0.011823539052989183,,0.012589252743624527,,0.013313510661939514,,0.014016299207662971,,0.014733969394196765,,0.011106589239066175,,0.011784124583250982,,0.01258194072035089,,0.013534998281976261,,0.01464310503963138,,0.015570632172995176,,0.016963007618004476,,0.018526542707957644,,0.020430541404511768,,0.022290447235623147,,0.024757464461647546,,0.02700152115891809,,0.029633595150285953,,0.03256403623061675,,0.03586988754494788,,0.04281077452058801,,0.04750900558341284,,0.052951053191962145,,0.058914192617855174,,0.0653297854227859,,0.07827583535797586,,0.08709517428807276,,0.09681661840733459,,0.10764888459958992,,0.12002061290813756,,0.14821840399181785,,0.1643610440538313,,0.18200392426739084,,0.20119467130397406,,0.22125670627170724,,0.2624341661175029,,0.28436484754850616,,0.3055895336140761,,0.3256683779952721,,0.3441601335886979,,0.3718844595265121,,0.39316517697029124,,0.41566037453675025,,0.4394456945864714,,0.46459117634221636,,0.5000618403174252,,0.5288549647945763,,0.5593052172822583,,0.5915092519078821,,0.62564252469279,,0.6750971530502581,,0.7147221767224778,,0.7567837710215123,,0.8014343473135157,,0.8492123834642731,,0.9101283506045958,,0.9588544382653086,,1,,0.9999999999999997,1,1
44432,2004,0,2,,0.0010775312444042122,,0.0011266424511736184,,0.0012638460924409992,,0.0013146407437652711,,0.0014111701847184745,,0.0014890566259313672,,0.0016160599922308038,,0.0017311929220161304,,0.0018547814072895597,,0.0020088420055924794,,0.002203530911026082,,0.0024676313171517424,,0.002680886540904079,,0.002961841748367059,,0.003163158352870289,,0.0034287700867415994,,0.003645219010873505,,0.004701304962309806,,0.005623432434091751,,0.005509448906592203,,0.00569200801103904,,0.0058577740353317085,,0.006285420202223325,,0.006780556040134435,,0.007299135911823935,,0.008242121882089299,,0.008900633187042078,,0.009587784419895565,,0.010252239365163812,,0.010934161732702551,,0.011823539052989183,,0.012589252743624527,,0.013313510661939514,,0.014016299207662971,,0.014733969394196765,,0.011106589239066175,,0.011784124583250982,,0.01258194072035089,,0.013534998281976261,,0.01464310503963138,,0.015570632172995176,,0.016963007618004476,,0.018526542707957644,,0.020430541404511768,,0.022290447235623147,,0.024757464461647546,,0.02700152115891809,,0.029633595150285953,,0.03256403623061675,,0.03586988754494788,,0.04281077452058801,,0.04750900558341284,,0.052951053191962145,,0.058914192617855174,,0.0653297854227859,,0.07827583535797586,,0.08709517428807276,,0.09681661840733459,,0.10764888459958992,,0.12002061290813756,,0.14821840399181785,,0.1643610440538313,,0.18200392426739084,,0.20119467130397406,,0.22125670627170724,,0.2624341661175029,,0.28436484754850616,,0.3055895336140761,,0.3256683779952721,,0.3441601335886979,,0.3718844595265121,,0.39316517697029124,,0.41566037453675025,,0.4394456945864714,,0.46459117634221636,,0.5000618403174252,,0.5288549647945763,,0.5593052172822583,,0.5915092519078821,,0.62564252469279,,0.6750971530502581,,0.7147221767224778,,0.7567837710215123,,0.8014343473135157,,0.8492123834642731,,0.9101283506045958,,0.9588544382653086,,1,,0.9999999999999997,1,1
44433,2004,0,2,,0.0010775312444042122,,0.0011266424511736184,,0.0012638460924409992,,0.0013146407437652711,,0.0014111701847184745,,0.0014890566259313672,,0.0016160599922308038,,0.0017311929220161304,,0.0018547814072895597,,0.0020088420055924794,,0.002203530911026082,,0.0024676313171517424,,0.002680886540904079,,0.002961841748367059,,0.003163158352870289,,0.0034287700867415994,,0.003645219010873505,,0.004701304962309806,,0.005623432434091751,,0.005509448906592203,,0.00569200801103904,,0.0058577740353317085,,0.006285420202223325,,0.006780556040134435,,0.007299135911823935,,0.008242121882089299,,0.008900633187042078,,0.009587784419895565,,0.010252239365163812,,0.010934161732702551,,0.011823539052989183,,0.012589252743624527,,0.013313510661939514,,0.014016299207662971,,0.014733969394196765,,0.011106589239066175,,0.011784124583250982,,0.01258194072035089,,0.013534998281976261,,0.01464310503963138,,0.015570632172995176,,0.016963007618004476,,0.018526542707957644,,0.020430541404511768,,0.022290447235623147,,0.024757464461647546,,0.02700152115891809,,0.029633595150285953,,0.03256403623061675,,0.03586988754494788,,0.04281077452058801,,0.04750900558341284,,0.052951053191962145,,0.058914192617855174,,0.0653297854227859,,0.07827583535797586,,0.08709517428807276,,0.09681661840733459,,0.10764888459958992,,0.12002061290813756,,0.14821840399181785,,0.1643610440538313,,0.18200392426739084,,0.20119467130397406,,0.22125670627170724,,0.2624341661175029,,0.28436484754850616,,0.3055895336140761,,0.3256683779952721,,0.3441601335886979,,0.3718844595265121,,0.39316517697029124,,0.41566037453675025,,0.4394456945864714,,0.46459117634221636,,0.5000618403174252,,0.5288549647945763,,0.5593052172822583,,0.5915092519078821,,0.62564252469279,,0.6750971530502581,,0.7147221767224778,,0.7567837710215123,,0.8014343473135157,,0.8492123834642731,,0.9101283506045958,,0.9588544382653086,,1,,0.9999999999999997,1,1
44434,2004,0,2,,0.0010775312444042122,,0.0011266424511736184,,0.0012638460924409992,,0.0013146407437652711,,0.0014111701847184745,,0.0014890566259313672,,0.0016160599922308038,,0.0017311929220161304,,0.0018547814072895597,,0.0020088420055924794,,0.002203530911026082,,0.0024676313171517424,,0.002680886540904079,,0.002961841748367059,,0.003163158352870289,,0.0034287700867415994,,0.003645219010873505,,0.004701304962309806,,0.005623432434091751,,0.005509448906592203,,0.00569200801103904,,0.0058577740353317085,,0.006285420202223325,,0.006780556040134435,,0.007299135911823935,,0.008242121882089299,,0.008900633187042078,,0.009587784419895565,,0.010252239365163812,,0.010934161732702551,,0.011823539052989183,,0.012589252743624527,,0.013313510661939514,,0.014016299207662971,,0.014733969394196765,,0.011106589239066175,,0.011784124583250982,,0.01258194072035089,,0.013534998281976261,,0.01464310503963138,,0.015570632172995176,,0.016963007618004476,,0.018526542707957644,,0.020430541404511768,,0.022290447235623147,,0.024757464461647546,,0.02700152115891809,,0.029633595150285953,,0.03256403623061675,,0.03586988754494788,,0.04281077452058801,,0.04750900558341284,,0.052951053191962145,,0.058914192617855174,,0.0653297854227859,,0.07827583535797586,,0.08709517428807276,,0.09681661840733459,,0.10764888459958992,,0.12002061290813756,,0.14821840399181785,,0.1643610440538313,,0.18200392426739084,,0.20119467130397406,,0.22125670627170724,,0.2624341661175029,,0.28436484754850616,,0.3055895336140761,,0.3256683779952721,,0.3441601335886979,,0.3718844595265121,,0.39316517697029124,,0.41566037453675025,,0.4394456945864714,,0.46459117634221636,,0.5000618403174252,,0.5288549647945763,,0.5593052172822583,,0.5915092519078821,,0.62564252469279,,0.6750971530502581,,0.7147221767224778,,0.7567837710215123,,0.8014343473135157,,0.8492123834642731,,0.9101283506045958,,0.9588544382653086,,1,,0.9999999999999997,1,1
44435,2004,0,2,,0.0010775312444042122,,0.0011266424511736184,,0.0012638460924409992,,0.0013146407437652711,,0.0014111701847184745,,0.0014890566259313672,,0.0016160599922308038,,0.0017311929220161304,,0.0018547814072895597,,0.0020088420055924794,,0.002203530911026082,,0.0024676313171517424,,0.002680886540904079,,0.002961841748367059,,0.003163158352870289,,0.0034287700867415994,,0.003645219010873505,,0.004701304962309806,,0.005623432434091751,,0.005509448906592203,,0.00569200801103904,,0.0058577740353317085,,0.006285420202223325,,0.006780556040134435,,0.007299135911823935,,0.008242121882089299,,0.008900633187042078,,0.009587784419895565,,0.010252239365163812,,0.010934161732702551,,0.011823539052989183,,0.012589252743624527,,0.013313510661939514,,0.014016299207662971,,0.014733969394196765,,0.011106589239066175,,0.011784124583250982,,0.01258194072035089,,0.013534998281976261,,0.01464310503963138,,0.015570632172995176,,0.016963007618004476,,0.018526542707957644,,0.020430541404511768,,0.022290447235623147,,0.024757464461647546,,0.02700152115891809,,0.029633595150285953,,0.03256403623061675,,0.03586988754494788,,0.04281077452058801,,0.04750900558341284,,0.052951053191962145,,0.058914192617855174,,0.0653297854227859,,0.07827583535797586,,0.08709517428807276,,0.09681661840733459,,0.10764888459958992,,0.12002061290813756,,0.14821840399181785,,0.1643610440538313,,0.18200392426739084,,0.20119467130397406,,0.22125670627170724,,0.2624341661175029,,0.28436484754850616,,0.3055895336140761,,0.3256683779952721,,0.3441601335886979,,0.3718844595265121,,0.39316517697029124,,0.41566037453675025,,0.4394456945864714,,0.46459117634221636,,0.5000618403174252,,0.5288549647945763,,0.5593052172822583,,0.5915092519078821,,0.62564252469279,,0.6750971530502581,,0.7147221767224778,,0.7567837710215123,,0.8014343473135157,,0.8492123834642731,,0.9101283506045958,,0.9588544382653086,,1,,0.9999999999999997,1,1
