Y1,year,spsex,rsex,cmsurv30,cfsurv30,cmsurv31,cfsurv31,cmsurv32,cfsurv32,cmsurv33,cfsurv33,cmsurv34,cfsurv34,cmsurv35,cfsurv35,cmsurv36,cfsurv36,cmsurv37,cfsurv37,cmsurv38,cfsurv38,cmsurv39,cfsurv39,cmsurv40,cfsurv40,cmsurv41,cfsurv41,cmsurv42,cfsurv42,cmsurv43,cfsurv43,cmsurv44,cfsurv44,cmsurv45,cfsurv45,cmsurv46,cfsurv46,cmsurv47,cfsurv47,cmsurv48,cfsurv48,cmsurv49,cfsurv49,cmsurv50,cfsurv50,cmsurv51,cfsurv51,cmsurv52,cfsurv52,cmsurv53,cfsurv53,cmsurv54,cfsurv54,cmsurv55,cfsurv55,cmsurv56,cfsurv56,cmsurv57,cfsurv57,cmsurv58,cfsurv58,cmsurv59,cfsurv59,cmsurv60,cfsurv60,cmsurv61,cfsurv61,cmsurv62,cfsurv62,cmsurv63,cfsurv63,cmsurv64,cfsurv64,cmsurv65,cfsurv65,cmsurv66,cfsurv66,cmsurv67,cfsurv67,cmsurv68,cfsurv68,cmsurv69,cfsurv69,cmsurv70,cfsurv70,cmsurv71,cfsurv71,cmsurv72,cfsurv72,cmsurv73,cfsurv73,cmsurv74,cfsurv74,cmsurv75,cfsurv75,cmsurv76,cfsurv76,cmsurv77,cfsurv77,cmsurv78,cfsurv78,cmsurv79,cfsurv79,cmsurv80,cfsurv80,cmsurv81,cfsurv81,cmsurv82,cfsurv82,cmsurv83,cfsurv83,cmsurv84,cfsurv84,cmsurv85,cfsurv85,cmsurv86,cfsurv86,cmsurv87,cfsurv87,cmsurv88,cfsurv88,cmsurv89,cfsurv89,cmsurv90,cfsurv90,cmsurv91,cfsurv91,cmsurv92,cfsurv92,cmsurv93,cfsurv93,cmsurv94,cfsurv94,cmsurv95,cfsurv95,cmsurv96,cfsurv96,cmsurv97,cfsurv97,cmsurv98,cfsurv98,cmsurv99,cfsurv99,cmsurv100,cfsurv100,cmsurv101,cfsurv101,cmsurv102,cfsurv102,cmsurv103,cfsurv103,cmsurv104,cfsurv104,cmsurv105,cfsurv105,cmsurv106,cfsurv106,cmsurv107,cfsurv107,cmsurv108,cfsurv108,cmsurv109,cfsurv109,cmsurv110,cfsurv110,cmsurv111,cfsurv111,cmsurv112,cfsurv112,cmsurv113,cfsurv113,cmsurv114,cfsurv114,cmsurv115,cfsurv115,cmsurv116,cfsurv116,cmsurv117,cfsurv117,cmsurv118,cfsurv118,cmsurv119,cfsurv119
111,1992,0,2,,0.0026655324984612254,,0.0026714400368654835,,0.0025636685364626333,,0.0025245767556107816,,0.0024712744558753447,,0.002493754928083413,,0.002539915498587558,,0.0026464624131993376,,0.0028157618159529224,,0.0028915132167836523,,0.002995677488843286,,0.003201663954118634,,0.0034182972997295344,,0.003684648269411061,,0.0038917856121526723,,0.004147452188331951,,0.0045913492008126215,,0.004870653370293455,,0.005391448254746115,,0.005935881139992288,,0.0063364941818508285,,0.006827064211614652,,0.007262577265783642,,0.007607494673470892,,0.008336416667985213,,0.00881079774081942,,0.009565979651018415,,0.010049425311832125,,0.010842296757006814,,0.011616740099554667,,0.012138930328147906,,0.012714897646584315,,0.013703337482089966,,0.014464708904119706,,0.0154230226262551,,0.01482171871773409,,0.016617552977653858,,0.01773058386747627,,0.018974830398103305,,0.020818701636783944,,0.022668748832160916,,0.02481271975489393,,0.027109846186171314,,0.0291400268850331,,0.03151864201754999,,0.03392850107489963,,0.0365757852349065,,0.03971766314317327,,0.04305800860647428,,0.04859199810398965,,0.05326911180834133,,0.058754797033202834,,0.06512151018755497,,0.07190090984523222,,0.08061458059483038,,0.09159225160185609,,0.10161643827041049,,0.11303409819573958,,0.12563311261532006,,0.13873932189776583,,0.14784572738589735,,0.16704562567291267,,0.18054036932235668,,0.19597568462102422,,0.21975503797419985,,0.22605349509110623,,0.2484530263949962,,0.27182494370926547,,0.2865209936177527,,0.3043484205056688,,0.3189951160486184,,0.3457703843992154,,0.35589853026326385,,0.3848926448772862,,0.40646405193117013,,0.42924388487384946,,0.45656832029987643,,0.4795428614650662,,0.507113879702062,,0.5363947116770711,,0.5678276145090257,,0.6008692176352147,,0.6358419835783882,,0.6728401161711506,,0.7120878749036881,,0.7535667152809469,,0.7910241808485327,,0.8328390236853593,,0.8780254423278308,1,1
112,1992,0,2,,0.0026655324984612254,,0.0026714400368654835,,0.0025636685364626333,,0.0025245767556107816,,0.0024712744558753447,,0.002493754928083413,,0.002539915498587558,,0.0026464624131993376,,0.0028157618159529224,,0.0028915132167836523,,0.002995677488843286,,0.003201663954118634,,0.0034182972997295344,,0.003684648269411061,,0.0038917856121526723,,0.004147452188331951,,0.0045913492008126215,,0.004870653370293455,,0.005391448254746115,,0.005935881139992288,,0.0063364941818508285,,0.006827064211614652,,0.007262577265783642,,0.007607494673470892,,0.008336416667985213,,0.00881079774081942,,0.009565979651018415,,0.010049425311832125,,0.010842296757006814,,0.011616740099554667,,0.012138930328147906,,0.012714897646584315,,0.013703337482089966,,0.014464708904119706,,0.0154230226262551,,0.01482171871773409,,0.016617552977653858,,0.01773058386747627,,0.018974830398103305,,0.020818701636783944,,0.022668748832160916,,0.02481271975489393,,0.027109846186171314,,0.0291400268850331,,0.03151864201754999,,0.03392850107489963,,0.0365757852349065,,0.03971766314317327,,0.04305800860647428,,0.04859199810398965,,0.05326911180834133,,0.058754797033202834,,0.06512151018755497,,0.07190090984523222,,0.08061458059483038,,0.09159225160185609,,0.10161643827041049,,0.11303409819573958,,0.12563311261532006,,0.13873932189776583,,0.14784572738589735,,0.16704562567291267,,0.18054036932235668,,0.19597568462102422,,0.21975503797419985,,0.22605349509110623,,0.2484530263949962,,0.27182494370926547,,0.2865209936177527,,0.3043484205056688,,0.3189951160486184,,0.3457703843992154,,0.35589853026326385,,0.3848926448772862,,0.40646405193117013,,0.42924388487384946,,0.45656832029987643,,0.4795428614650662,,0.507113879702062,,0.5363947116770711,,0.5678276145090257,,0.6008692176352147,,0.6358419835783882,,0.6728401161711506,,0.7120878749036881,,0.7535667152809469,,0.7910241808485327,,0.8328390236853593,,0.8780254423278308,1,1
113,1992,0,2,,0.0026655324984612254,,0.0026714400368654835,,0.0025636685364626333,,0.0025245767556107816,,0.0024712744558753447,,0.002493754928083413,,0.002539915498587558,,0.0026464624131993376,,0.0028157618159529224,,0.0028915132167836523,,0.002995677488843286,,0.003201663954118634,,0.0034182972997295344,,0.003684648269411061,,0.0038917856121526723,,0.004147452188331951,,0.0045913492008126215,,0.004870653370293455,,0.005391448254746115,,0.005935881139992288,,0.0063364941818508285,,0.006827064211614652,,0.007262577265783642,,0.007607494673470892,,0.008336416667985213,,0.00881079774081942,,0.009565979651018415,,0.010049425311832125,,0.010842296757006814,,0.011616740099554667,,0.012138930328147906,,0.012714897646584315,,0.013703337482089966,,0.014464708904119706,,0.0154230226262551,,0.01482171871773409,,0.016617552977653858,,0.01773058386747627,,0.018974830398103305,,0.020818701636783944,,0.022668748832160916,,0.02481271975489393,,0.027109846186171314,,0.0291400268850331,,0.03151864201754999,,0.03392850107489963,,0.0365757852349065,,0.03971766314317327,,0.04305800860647428,,0.04859199810398965,,0.05326911180834133,,0.058754797033202834,,0.06512151018755497,,0.07190090984523222,,0.08061458059483038,,0.09159225160185609,,0.10161643827041049,,0.11303409819573958,,0.12563311261532006,,0.13873932189776583,,0.14784572738589735,,0.16704562567291267,,0.18054036932235668,,0.19597568462102422,,0.21975503797419985,,0.22605349509110623,,0.2484530263949962,,0.27182494370926547,,0.2865209936177527,,0.3043484205056688,,0.3189951160486184,,0.3457703843992154,,0.35589853026326385,,0.3848926448772862,,0.40646405193117013,,0.42924388487384946,,0.45656832029987643,,0.4795428614650662,,0.507113879702062,,0.5363947116770711,,0.5678276145090257,,0.6008692176352147,,0.6358419835783882,,0.6728401161711506,,0.7120878749036881,,0.7535667152809469,,0.7910241808485327,,0.8328390236853593,,0.8780254423278308,1,1
114,1992,0,2,,0.0026655324984612254,,0.0026714400368654835,,0.0025636685364626333,,0.0025245767556107816,,0.0024712744558753447,,0.002493754928083413,,0.002539915498587558,,0.0026464624131993376,,0.0028157618159529224,,0.0028915132167836523,,0.002995677488843286,,0.003201663954118634,,0.0034182972997295344,,0.003684648269411061,,0.0038917856121526723,,0.004147452188331951,,0.0045913492008126215,,0.004870653370293455,,0.005391448254746115,,0.005935881139992288,,0.0063364941818508285,,0.006827064211614652,,0.007262577265783642,,0.007607494673470892,,0.008336416667985213,,0.00881079774081942,,0.009565979651018415,,0.010049425311832125,,0.010842296757006814,,0.011616740099554667,,0.012138930328147906,,0.012714897646584315,,0.013703337482089966,,0.014464708904119706,,0.0154230226262551,,0.01482171871773409,,0.016617552977653858,,0.01773058386747627,,0.018974830398103305,,0.020818701636783944,,0.022668748832160916,,0.02481271975489393,,0.027109846186171314,,0.0291400268850331,,0.03151864201754999,,0.03392850107489963,,0.0365757852349065,,0.03971766314317327,,0.04305800860647428,,0.04859199810398965,,0.05326911180834133,,0.058754797033202834,,0.06512151018755497,,0.07190090984523222,,0.08061458059483038,,0.09159225160185609,,0.10161643827041049,,0.11303409819573958,,0.12563311261532006,,0.13873932189776583,,0.14784572738589735,,0.16704562567291267,,0.18054036932235668,,0.19597568462102422,,0.21975503797419985,,0.22605349509110623,,0.2484530263949962,,0.27182494370926547,,0.2865209936177527,,0.3043484205056688,,0.3189951160486184,,0.3457703843992154,,0.35589853026326385,,0.3848926448772862,,0.40646405193117013,,0.42924388487384946,,0.45656832029987643,,0.4795428614650662,,0.507113879702062,,0.5363947116770711,,0.5678276145090257,,0.6008692176352147,,0.6358419835783882,,0.6728401161711506,,0.7120878749036881,,0.7535667152809469,,0.7910241808485327,,0.8328390236853593,,0.8780254423278308,1,1
115,1992,0,2,,0.0026655324984612254,,0.0026714400368654835,,0.0025636685364626333,,0.0025245767556107816,,0.0024712744558753447,,0.002493754928083413,,0.002539915498587558,,0.0026464624131993376,,0.0028157618159529224,,0.0028915132167836523,,0.002995677488843286,,0.003201663954118634,,0.0034182972997295344,,0.003684648269411061,,0.0038917856121526723,,0.004147452188331951,,0.0045913492008126215,,0.004870653370293455,,0.005391448254746115,,0.005935881139992288,,0.0063364941818508285,,0.006827064211614652,,0.007262577265783642,,0.007607494673470892,,0.008336416667985213,,0.00881079774081942,,0.009565979651018415,,0.010049425311832125,,0.010842296757006814,,0.011616740099554667,,0.012138930328147906,,0.012714897646584315,,0.013703337482089966,,0.014464708904119706,,0.0154230226262551,,0.01482171871773409,,0.016617552977653858,,0.01773058386747627,,0.018974830398103305,,0.020818701636783944,,0.022668748832160916,,0.02481271975489393,,0.027109846186171314,,0.0291400268850331,,0.03151864201754999,,0.03392850107489963,,0.0365757852349065,,0.03971766314317327,,0.04305800860647428,,0.04859199810398965,,0.05326911180834133,,0.058754797033202834,,0.06512151018755497,,0.07190090984523222,,0.08061458059483038,,0.09159225160185609,,0.10161643827041049,,0.11303409819573958,,0.12563311261532006,,0.13873932189776583,,0.14784572738589735,,0.16704562567291267,,0.18054036932235668,,0.19597568462102422,,0.21975503797419985,,0.22605349509110623,,0.2484530263949962,,0.27182494370926547,,0.2865209936177527,,0.3043484205056688,,0.3189951160486184,,0.3457703843992154,,0.35589853026326385,,0.3848926448772862,,0.40646405193117013,,0.42924388487384946,,0.45656832029987643,,0.4795428614650662,,0.507113879702062,,0.5363947116770711,,0.5678276145090257,,0.6008692176352147,,0.6358419835783882,,0.6728401161711506,,0.7120878749036881,,0.7535667152809469,,0.7910241808485327,,0.8328390236853593,,0.8780254423278308,1,1
211,1992,2,1,5.849934364122354e-4,3.256874897653523e-4,6.010059455973419e-4,3.3364134552214277e-4,5.991074034326793e-4,3.3796037156650494e-4,5.938005750918973e-4,3.4128981492302684e-4,5.964670073253555e-4,3.528902096535472e-4,6.301664105486712e-4,3.694562434377279e-4,6.692966356343585e-4,3.8437399700866305e-4,6.942156555920933e-4,4.21793429446739e-4,7.368152012317665e-4,4.449976778916343e-4,7.811569118411435e-4,4.754912645855615e-4,7.890603326058931e-4,4.957386935166613e-4,8.451555938726345e-4,5.355254883871666e-4,9.335213165293069e-4,5.932068772440402e-4,0.0010191114242833674,6.310504871301694e-4,0.0011067809800929976,6.993833479381618e-4,0.001179985061707963,7.452326491064108e-4,0.0013012502630741023,8.209320560953104e-4,0.0014203688291921166,8.7415142060167e-4,0.0015064841001625607,9.705082467883835e-4,0.0016296185211387667,0.0010569977584083488,0.0030471275875417116,0.0014258879494254784,0.0033485456879730436,0.0015767507310722002,0.0036740251291024683,0.001729826885879597,0.0038998968523346386,0.001885132748454599,0.004089216149123379,0.0020220663284718646,0.004295039533218351,0.0021793565136122637,0.004626174073043286,0.0023406211495917524,0.005105650094979926,0.002590569648657718,0.005410192020369503,0.0027856205832261886,0.005783280115891751,0.003034109959697889,0.006235264650858887,0.003235322652109103,0.006723770429048518,0.003558517881247209,0.007081357233600481,0.0037479777217231396,0.007653497328473571,0.004063062550949803,0.00810350248999404,0.0043315083226844854,0.009384800893961605,0.006586252241003798,0.010208311852050825,0.007236416140798824,0.010804457594830867,0.0076506252258290225,0.011505670961736107,0.008281090389681453,0.012318024424390492,0.008962931242898346,0.01319619406071738,0.009610603364195761,0.014427508742914845,0.01057944152469625,0.015696634935223806,0.01158468185370402,0.017047390182592718,0.012791056922475223,0.018449651788935234,0.013841358407134206,0.020092901671387595,0.015210144490670569,0.02193997495041117,0.016725643287036133,0.023923453276275312,0.01839900323643916,0.02778319107706955,0.022130409404246102,0.028745484911685965,0.022754874031118873,0.031412571432774,0.024981434422047897,0.03456172873454189,0.027782556205949726,0.03804269381957392,0.03083720887116283,0.041841118639042774,0.03408079094555945,0.04602898566955414,0.037635214217445624,0.05144219409651475,0.04225676375242851,0.05679219111558747,0.04695491618527347,0.062731708732117,0.05230457458655432,0.06927431759770321,0.05833356737659353,0.07641201840754258,0.06501993566814256,0.08712540846457732,0.07492335720892658,0.09592389451784221,0.08333226872026227,0.10530978867609816,0.09236104441362898,0.11523682453768912,0.10195304512527895,0.12565405441765481,0.11205760494809572,0.1398780069874948,0.1257739837783772,0.15025134209067922,0.1362594714165841,0.16004699218752816,0.14643049973556252,0.16902546259887333,0.1560695787395186,0.1769801064950603,0.16497315399766993,0.18700042439062467,0.17598009046605478,0.19588279047806226,0.1860963222397764,0.2051862185637692,0.19679343034070332,0.2149316533063795,0.20810454529335856,0.22513876060242036,0.22006515275715832,0.23789619085491595,0.23474871105086473,0.24936886606152506,0.24832613082110566,0.26146963294290976,0.26268709664840323,0.2744314153875659,0.27787880885277827,0.2879448490729113,0.2935239150308793,0.3062271585181817,0.3138566975625238,0.32213439522484955,0.33210853537511326,0.33917998962394447,0.351422325475699,0.35783885360286,0.3719605812682481,0.3778945061850971,0.39386086581802027,0.4027280880939856,0.41885659635522077,0.42710350996811136,0.4419155783145539,0.4537136355921207,0.46634773529539575,0.484494363748987,0.49277839247735844,1,1
212,1992,2,1,5.849934364122354e-4,3.256874897653523e-4,6.010059455973419e-4,3.3364134552214277e-4,5.991074034326793e-4,3.3796037156650494e-4,5.938005750918973e-4,3.4128981492302684e-4,5.964670073253555e-4,3.528902096535472e-4,6.301664105486712e-4,3.694562434377279e-4,6.692966356343585e-4,3.8437399700866305e-4,6.942156555920933e-4,4.21793429446739e-4,7.368152012317665e-4,4.449976778916343e-4,7.811569118411435e-4,4.754912645855615e-4,7.890603326058931e-4,4.957386935166613e-4,8.451555938726345e-4,5.355254883871666e-4,9.335213165293069e-4,5.932068772440402e-4,0.0010191114242833674,6.310504871301694e-4,0.0011067809800929976,6.993833479381618e-4,0.001179985061707963,7.452326491064108e-4,0.0013012502630741023,8.209320560953104e-4,0.0014203688291921166,8.7415142060167e-4,0.0015064841001625607,9.705082467883835e-4,0.0016296185211387667,0.0010569977584083488,0.0030471275875417116,0.0014258879494254784,0.0033485456879730436,0.0015767507310722002,0.0036740251291024683,0.001729826885879597,0.0038998968523346386,0.001885132748454599,0.004089216149123379,0.0020220663284718646,0.004295039533218351,0.0021793565136122637,0.004626174073043286,0.0023406211495917524,0.005105650094979926,0.002590569648657718,0.005410192020369503,0.0027856205832261886,0.005783280115891751,0.003034109959697889,0.006235264650858887,0.003235322652109103,0.006723770429048518,0.003558517881247209,0.007081357233600481,0.0037479777217231396,0.007653497328473571,0.004063062550949803,0.00810350248999404,0.0043315083226844854,0.009384800893961605,0.006586252241003798,0.010208311852050825,0.007236416140798824,0.010804457594830867,0.0076506252258290225,0.011505670961736107,0.008281090389681453,0.012318024424390492,0.008962931242898346,0.01319619406071738,0.009610603364195761,0.014427508742914845,0.01057944152469625,0.015696634935223806,0.01158468185370402,0.017047390182592718,0.012791056922475223,0.018449651788935234,0.013841358407134206,0.020092901671387595,0.015210144490670569,0.02193997495041117,0.016725643287036133,0.023923453276275312,0.01839900323643916,0.02778319107706955,0.022130409404246102,0.028745484911685965,0.022754874031118873,0.031412571432774,0.024981434422047897,0.03456172873454189,0.027782556205949726,0.03804269381957392,0.03083720887116283,0.041841118639042774,0.03408079094555945,0.04602898566955414,0.037635214217445624,0.05144219409651475,0.04225676375242851,0.05679219111558747,0.04695491618527347,0.062731708732117,0.05230457458655432,0.06927431759770321,0.05833356737659353,0.07641201840754258,0.06501993566814256,0.08712540846457732,0.07492335720892658,0.09592389451784221,0.08333226872026227,0.10530978867609816,0.09236104441362898,0.11523682453768912,0.10195304512527895,0.12565405441765481,0.11205760494809572,0.1398780069874948,0.1257739837783772,0.15025134209067922,0.1362594714165841,0.16004699218752816,0.14643049973556252,0.16902546259887333,0.1560695787395186,0.1769801064950603,0.16497315399766993,0.18700042439062467,0.17598009046605478,0.19588279047806226,0.1860963222397764,0.2051862185637692,0.19679343034070332,0.2149316533063795,0.20810454529335856,0.22513876060242036,0.22006515275715832,0.23789619085491595,0.23474871105086473,0.24936886606152506,0.24832613082110566,0.26146963294290976,0.26268709664840323,0.2744314153875659,0.27787880885277827,0.2879448490729113,0.2935239150308793,0.3062271585181817,0.3138566975625238,0.32213439522484955,0.33210853537511326,0.33917998962394447,0.351422325475699,0.35783885360286,0.3719605812682481,0.3778945061850971,0.39386086581802027,0.4027280880939856,0.41885659635522077,0.42710350996811136,0.4419155783145539,0.4537136355921207,0.46634773529539575,0.484494363748987,0.49277839247735844,1,1
213,1992,2,1,5.849934364122354e-4,3.256874897653523e-4,6.010059455973419e-4,3.3364134552214277e-4,5.991074034326793e-4,3.3796037156650494e-4,5.938005750918973e-4,3.4128981492302684e-4,5.964670073253555e-4,3.528902096535472e-4,6.301664105486712e-4,3.694562434377279e-4,6.692966356343585e-4,3.8437399700866305e-4,6.942156555920933e-4,4.21793429446739e-4,7.368152012317665e-4,4.449976778916343e-4,7.811569118411435e-4,4.754912645855615e-4,7.890603326058931e-4,4.957386935166613e-4,8.451555938726345e-4,5.355254883871666e-4,9.335213165293069e-4,5.932068772440402e-4,0.0010191114242833674,6.310504871301694e-4,0.0011067809800929976,6.993833479381618e-4,0.001179985061707963,7.452326491064108e-4,0.0013012502630741023,8.209320560953104e-4,0.0014203688291921166,8.7415142060167e-4,0.0015064841001625607,9.705082467883835e-4,0.0016296185211387667,0.0010569977584083488,0.0030471275875417116,0.0014258879494254784,0.0033485456879730436,0.0015767507310722002,0.0036740251291024683,0.001729826885879597,0.0038998968523346386,0.001885132748454599,0.004089216149123379,0.0020220663284718646,0.004295039533218351,0.0021793565136122637,0.004626174073043286,0.0023406211495917524,0.005105650094979926,0.002590569648657718,0.005410192020369503,0.0027856205832261886,0.005783280115891751,0.003034109959697889,0.006235264650858887,0.003235322652109103,0.006723770429048518,0.003558517881247209,0.007081357233600481,0.0037479777217231396,0.007653497328473571,0.004063062550949803,0.00810350248999404,0.0043315083226844854,0.009384800893961605,0.006586252241003798,0.010208311852050825,0.007236416140798824,0.010804457594830867,0.0076506252258290225,0.011505670961736107,0.008281090389681453,0.012318024424390492,0.008962931242898346,0.01319619406071738,0.009610603364195761,0.014427508742914845,0.01057944152469625,0.015696634935223806,0.01158468185370402,0.017047390182592718,0.012791056922475223,0.018449651788935234,0.013841358407134206,0.020092901671387595,0.015210144490670569,0.02193997495041117,0.016725643287036133,0.023923453276275312,0.01839900323643916,0.02778319107706955,0.022130409404246102,0.028745484911685965,0.022754874031118873,0.031412571432774,0.024981434422047897,0.03456172873454189,0.027782556205949726,0.03804269381957392,0.03083720887116283,0.041841118639042774,0.03408079094555945,0.04602898566955414,0.037635214217445624,0.05144219409651475,0.04225676375242851,0.05679219111558747,0.04695491618527347,0.062731708732117,0.05230457458655432,0.06927431759770321,0.05833356737659353,0.07641201840754258,0.06501993566814256,0.08712540846457732,0.07492335720892658,0.09592389451784221,0.08333226872026227,0.10530978867609816,0.09236104441362898,0.11523682453768912,0.10195304512527895,0.12565405441765481,0.11205760494809572,0.1398780069874948,0.1257739837783772,0.15025134209067922,0.1362594714165841,0.16004699218752816,0.14643049973556252,0.16902546259887333,0.1560695787395186,0.1769801064950603,0.16497315399766993,0.18700042439062467,0.17598009046605478,0.19588279047806226,0.1860963222397764,0.2051862185637692,0.19679343034070332,0.2149316533063795,0.20810454529335856,0.22513876060242036,0.22006515275715832,0.23789619085491595,0.23474871105086473,0.24936886606152506,0.24832613082110566,0.26146963294290976,0.26268709664840323,0.2744314153875659,0.27787880885277827,0.2879448490729113,0.2935239150308793,0.3062271585181817,0.3138566975625238,0.32213439522484955,0.33210853537511326,0.33917998962394447,0.351422325475699,0.35783885360286,0.3719605812682481,0.3778945061850971,0.39386086581802027,0.4027280880939856,0.41885659635522077,0.42710350996811136,0.4419155783145539,0.4537136355921207,0.46634773529539575,0.484494363748987,0.49277839247735844,1,1
214,1992,2,1,5.849934364122354e-4,3.256874897653523e-4,6.010059455973419e-4,3.3364134552214277e-4,5.991074034326793e-4,3.3796037156650494e-4,5.938005750918973e-4,3.4128981492302684e-4,5.964670073253555e-4,3.528902096535472e-4,6.301664105486712e-4,3.694562434377279e-4,6.692966356343585e-4,3.8437399700866305e-4,6.942156555920933e-4,4.21793429446739e-4,7.368152012317665e-4,4.449976778916343e-4,7.811569118411435e-4,4.754912645855615e-4,7.890603326058931e-4,4.957386935166613e-4,8.451555938726345e-4,5.355254883871666e-4,9.335213165293069e-4,5.932068772440402e-4,0.0010191114242833674,6.310504871301694e-4,0.0011067809800929976,6.993833479381618e-4,0.001179985061707963,7.452326491064108e-4,0.0013012502630741023,8.209320560953104e-4,0.0014203688291921166,8.7415142060167e-4,0.0015064841001625607,9.705082467883835e-4,0.0016296185211387667,0.0010569977584083488,0.0030471275875417116,0.0014258879494254784,0.0033485456879730436,0.0015767507310722002,0.0036740251291024683,0.001729826885879597,0.0038998968523346386,0.001885132748454599,0.004089216149123379,0.0020220663284718646,0.004295039533218351,0.0021793565136122637,0.004626174073043286,0.0023406211495917524,0.005105650094979926,0.002590569648657718,0.005410192020369503,0.0027856205832261886,0.005783280115891751,0.003034109959697889,0.006235264650858887,0.003235322652109103,0.006723770429048518,0.003558517881247209,0.007081357233600481,0.0037479777217231396,0.007653497328473571,0.004063062550949803,0.00810350248999404,0.0043315083226844854,0.009384800893961605,0.006586252241003798,0.010208311852050825,0.007236416140798824,0.010804457594830867,0.0076506252258290225,0.011505670961736107,0.008281090389681453,0.012318024424390492,0.008962931242898346,0.01319619406071738,0.009610603364195761,0.014427508742914845,0.01057944152469625,0.015696634935223806,0.01158468185370402,0.017047390182592718,0.012791056922475223,0.018449651788935234,0.013841358407134206,0.020092901671387595,0.015210144490670569,0.02193997495041117,0.016725643287036133,0.023923453276275312,0.01839900323643916,0.02778319107706955,0.022130409404246102,0.028745484911685965,0.022754874031118873,0.031412571432774,0.024981434422047897,0.03456172873454189,0.027782556205949726,0.03804269381957392,0.03083720887116283,0.041841118639042774,0.03408079094555945,0.04602898566955414,0.037635214217445624,0.05144219409651475,0.04225676375242851,0.05679219111558747,0.04695491618527347,0.062731708732117,0.05230457458655432,0.06927431759770321,0.05833356737659353,0.07641201840754258,0.06501993566814256,0.08712540846457732,0.07492335720892658,0.09592389451784221,0.08333226872026227,0.10530978867609816,0.09236104441362898,0.11523682453768912,0.10195304512527895,0.12565405441765481,0.11205760494809572,0.1398780069874948,0.1257739837783772,0.15025134209067922,0.1362594714165841,0.16004699218752816,0.14643049973556252,0.16902546259887333,0.1560695787395186,0.1769801064950603,0.16497315399766993,0.18700042439062467,0.17598009046605478,0.19588279047806226,0.1860963222397764,0.2051862185637692,0.19679343034070332,0.2149316533063795,0.20810454529335856,0.22513876060242036,0.22006515275715832,0.23789619085491595,0.23474871105086473,0.24936886606152506,0.24832613082110566,0.26146963294290976,0.26268709664840323,0.2744314153875659,0.27787880885277827,0.2879448490729113,0.2935239150308793,0.3062271585181817,0.3138566975625238,0.32213439522484955,0.33210853537511326,0.33917998962394447,0.351422325475699,0.35783885360286,0.3719605812682481,0.3778945061850971,0.39386086581802027,0.4027280880939856,0.41885659635522077,0.42710350996811136,0.4419155783145539,0.4537136355921207,0.46634773529539575,0.484494363748987,0.49277839247735844,1,1
215,1992,2,1,5.849934364122354e-4,3.256874897653523e-4,6.010059455973419e-4,3.3364134552214277e-4,5.991074034326793e-4,3.3796037156650494e-4,5.938005750918973e-4,3.4128981492302684e-4,5.964670073253555e-4,3.528902096535472e-4,6.301664105486712e-4,3.694562434377279e-4,6.692966356343585e-4,3.8437399700866305e-4,6.942156555920933e-4,4.21793429446739e-4,7.368152012317665e-4,4.449976778916343e-4,7.811569118411435e-4,4.754912645855615e-4,7.890603326058931e-4,4.957386935166613e-4,8.451555938726345e-4,5.355254883871666e-4,9.335213165293069e-4,5.932068772440402e-4,0.0010191114242833674,6.310504871301694e-4,0.0011067809800929976,6.993833479381618e-4,0.001179985061707963,7.452326491064108e-4,0.0013012502630741023,8.209320560953104e-4,0.0014203688291921166,8.7415142060167e-4,0.0015064841001625607,9.705082467883835e-4,0.0016296185211387667,0.0010569977584083488,0.0030471275875417116,0.0014258879494254784,0.0033485456879730436,0.0015767507310722002,0.0036740251291024683,0.001729826885879597,0.0038998968523346386,0.001885132748454599,0.004089216149123379,0.0020220663284718646,0.004295039533218351,0.0021793565136122637,0.004626174073043286,0.0023406211495917524,0.005105650094979926,0.002590569648657718,0.005410192020369503,0.0027856205832261886,0.005783280115891751,0.003034109959697889,0.006235264650858887,0.003235322652109103,0.006723770429048518,0.003558517881247209,0.007081357233600481,0.0037479777217231396,0.007653497328473571,0.004063062550949803,0.00810350248999404,0.0043315083226844854,0.009384800893961605,0.006586252241003798,0.010208311852050825,0.007236416140798824,0.010804457594830867,0.0076506252258290225,0.011505670961736107,0.008281090389681453,0.012318024424390492,0.008962931242898346,0.01319619406071738,0.009610603364195761,0.014427508742914845,0.01057944152469625,0.015696634935223806,0.01158468185370402,0.017047390182592718,0.012791056922475223,0.018449651788935234,0.013841358407134206,0.020092901671387595,0.015210144490670569,0.02193997495041117,0.016725643287036133,0.023923453276275312,0.01839900323643916,0.02778319107706955,0.022130409404246102,0.028745484911685965,0.022754874031118873,0.031412571432774,0.024981434422047897,0.03456172873454189,0.027782556205949726,0.03804269381957392,0.03083720887116283,0.041841118639042774,0.03408079094555945,0.04602898566955414,0.037635214217445624,0.05144219409651475,0.04225676375242851,0.05679219111558747,0.04695491618527347,0.062731708732117,0.05230457458655432,0.06927431759770321,0.05833356737659353,0.07641201840754258,0.06501993566814256,0.08712540846457732,0.07492335720892658,0.09592389451784221,0.08333226872026227,0.10530978867609816,0.09236104441362898,0.11523682453768912,0.10195304512527895,0.12565405441765481,0.11205760494809572,0.1398780069874948,0.1257739837783772,0.15025134209067922,0.1362594714165841,0.16004699218752816,0.14643049973556252,0.16902546259887333,0.1560695787395186,0.1769801064950603,0.16497315399766993,0.18700042439062467,0.17598009046605478,0.19588279047806226,0.1860963222397764,0.2051862185637692,0.19679343034070332,0.2149316533063795,0.20810454529335856,0.22513876060242036,0.22006515275715832,0.23789619085491595,0.23474871105086473,0.24936886606152506,0.24832613082110566,0.26146963294290976,0.26268709664840323,0.2744314153875659,0.27787880885277827,0.2879448490729113,0.2935239150308793,0.3062271585181817,0.3138566975625238,0.32213439522484955,0.33210853537511326,0.33917998962394447,0.351422325475699,0.35783885360286,0.3719605812682481,0.3778945061850971,0.39386086581802027,0.4027280880939856,0.41885659635522077,0.42710350996811136,0.4419155783145539,0.4537136355921207,0.46634773529539575,0.484494363748987,0.49277839247735844,1,1
281,1992,2,1,8.699781390286881e-4,4.438771038009584e-4,9.130596333995385e-4,4.846305567527409e-4,9.80569837666396e-4,4.971256890194923e-4,0.001091563122140856,5.432948974012615e-4,0.0011508552238188455,5.957083510001832e-4,0.001258535794502914,6.352446227595655e-4,0.0013867973323984397,6.664756073658651e-4,0.0015415239614452463,7.081116084007161e-4,0.0016870670964676529,7.655626469383763e-4,0.0017960533273982684,7.777004169935017e-4,0.001901712801031801,8.127244786532604e-4,0.0020280197790908164,8.490133825401029e-4,0.0021681541524312615,9.194364262324722e-4,0.002284451853421477,9.803209203843796e-4,0.002437129727701355,9.99205689998069e-4,0.00260812022206835,0.001104273233721275,0.002753356281946735,0.0011910806624809795,0.002941467702296474,0.0012567090965338017,0.003163218127356122,0.0013403022591739365,0.0034476472739272614,0.0014485464792790212,0.004186245598800901,0.0024927231874944215,0.004413289798482989,0.0027483499479457577,0.004751033601864766,0.0029865694020134834,0.005145075386536206,0.003193745401995466,0.0056351731270716686,0.0034179614255981055,0.005996650336466998,0.0036559979531356796,0.006429272418112377,0.0040392119823870355,0.007013760401565616,0.004316733410844949,0.007557015230105772,0.004723987669309836,0.0080282559149926,0.0050444494055557265,0.008606174738829533,0.005541716793110825,0.009092064950541665,0.006043477196507626,0.009988374793871647,0.006519841175205321,0.010817650774971689,0.006983892398645165,0.011606911949430304,0.007645708707569686,0.020119006290787295,0.01369685291717028,0.02164613824361433,0.01474667677420711,0.02305885651020968,0.015851805579124897,0.024514815211299626,0.016877152513312507,0.025912716340396644,0.01782058913269523,0.027689656247859035,0.019394765994858027,0.029686681759056237,0.02094339998448913,0.03140431645548949,0.022188874473078272,0.03274706117510195,0.024327794629713163,0.03557960632673627,0.025675331114921686,0.037547817758516115,0.028120513315616047,0.040009373681000486,0.031022123131978878,0.043936228032969614,0.03408008802275715,0.04629143165008816,0.0373933265044178,0.0504737133337479,0.040974602256504934,0.05534501251712813,0.04611517419289844,0.06031357406524465,0.050704780628970894,0.06676834090629395,0.05709406588076398,0.07288314396779774,0.0630408875447606,0.0811249931366182,0.06954602446121579,0.08783427831529508,0.0805131416547019,0.09885037736425668,0.08654246987055159,0.10908302352029729,0.09576585571031876,0.12034948680401883,0.10675413933904883,0.1354591951657988,0.11901872710379297,0.14792618508834735,0.13469630150583506,0.1624815979604775,0.14982926033812927,0.17836174242019698,0.16605824696927646,0.19519430358925963,0.1833128697065909,0.21287657422849215,0.20151235573135756,0.23296922442446463,0.2237377615579299,0.25025071958134,0.2423892945665507,0.2665496376058632,0.2604765240297269,0.281501790026711,0.27761590137715736,0.29474735154406245,0.2934560531473927,0.3099804285800668,0.3120872599963397,0.32470727773247043,0.32999649994827285,0.34012109914795297,0.3489649870291733,0.35627874131521137,0.3690156107710224,0.373190757655317,0.3902320690024316,0.39278979680528264,0.4152552414758755,0.41168741566576367,0.43927388045999893,0.43156824165301694,0.46468565379356336,0.4525864879156706,0.49155941089131006,0.47467054541115145,0.5199850825120267,0.5018713468038878,0.5544811069419276,0.5274839200153354,0.586746572007498,0.555253892486428,0.6208893722424152,0.584791303180159,0.6570611471818748,0.6162965145960664,0.6955713855411807,0.652396230968272,0.7383130478476546,0.6892432723439095,0.7763347785575325,0.7325433451580239,0.8186963741198459,0.787911852141406,0.8665032911303255,1,1
282,1992,2,1,8.699781390286881e-4,4.438771038009584e-4,9.130596333995385e-4,4.846305567527409e-4,9.80569837666396e-4,4.971256890194923e-4,0.001091563122140856,5.432948974012615e-4,0.0011508552238188455,5.957083510001832e-4,0.001258535794502914,6.352446227595655e-4,0.0013867973323984397,6.664756073658651e-4,0.0015415239614452463,7.081116084007161e-4,0.0016870670964676529,7.655626469383763e-4,0.0017960533273982684,7.777004169935017e-4,0.001901712801031801,8.127244786532604e-4,0.0020280197790908164,8.490133825401029e-4,0.0021681541524312615,9.194364262324722e-4,0.002284451853421477,9.803209203843796e-4,0.002437129727701355,9.99205689998069e-4,0.00260812022206835,0.001104273233721275,0.002753356281946735,0.0011910806624809795,0.002941467702296474,0.0012567090965338017,0.003163218127356122,0.0013403022591739365,0.0034476472739272614,0.0014485464792790212,0.004186245598800901,0.0024927231874944215,0.004413289798482989,0.0027483499479457577,0.004751033601864766,0.0029865694020134834,0.005145075386536206,0.003193745401995466,0.0056351731270716686,0.0034179614255981055,0.005996650336466998,0.0036559979531356796,0.006429272418112377,0.0040392119823870355,0.007013760401565616,0.004316733410844949,0.007557015230105772,0.004723987669309836,0.0080282559149926,0.0050444494055557265,0.008606174738829533,0.005541716793110825,0.009092064950541665,0.006043477196507626,0.009988374793871647,0.006519841175205321,0.010817650774971689,0.006983892398645165,0.011606911949430304,0.007645708707569686,0.020119006290787295,0.01369685291717028,0.02164613824361433,0.01474667677420711,0.02305885651020968,0.015851805579124897,0.024514815211299626,0.016877152513312507,0.025912716340396644,0.01782058913269523,0.027689656247859035,0.019394765994858027,0.029686681759056237,0.02094339998448913,0.03140431645548949,0.022188874473078272,0.03274706117510195,0.024327794629713163,0.03557960632673627,0.025675331114921686,0.037547817758516115,0.028120513315616047,0.040009373681000486,0.031022123131978878,0.043936228032969614,0.03408008802275715,0.04629143165008816,0.0373933265044178,0.0504737133337479,0.040974602256504934,0.05534501251712813,0.04611517419289844,0.06031357406524465,0.050704780628970894,0.06676834090629395,0.05709406588076398,0.07288314396779774,0.0630408875447606,0.0811249931366182,0.06954602446121579,0.08783427831529508,0.0805131416547019,0.09885037736425668,0.08654246987055159,0.10908302352029729,0.09576585571031876,0.12034948680401883,0.10675413933904883,0.1354591951657988,0.11901872710379297,0.14792618508834735,0.13469630150583506,0.1624815979604775,0.14982926033812927,0.17836174242019698,0.16605824696927646,0.19519430358925963,0.1833128697065909,0.21287657422849215,0.20151235573135756,0.23296922442446463,0.2237377615579299,0.25025071958134,0.2423892945665507,0.2665496376058632,0.2604765240297269,0.281501790026711,0.27761590137715736,0.29474735154406245,0.2934560531473927,0.3099804285800668,0.3120872599963397,0.32470727773247043,0.32999649994827285,0.34012109914795297,0.3489649870291733,0.35627874131521137,0.3690156107710224,0.373190757655317,0.3902320690024316,0.39278979680528264,0.4152552414758755,0.41168741566576367,0.43927388045999893,0.43156824165301694,0.46468565379356336,0.4525864879156706,0.49155941089131006,0.47467054541115145,0.5199850825120267,0.5018713468038878,0.5544811069419276,0.5274839200153354,0.586746572007498,0.555253892486428,0.6208893722424152,0.584791303180159,0.6570611471818748,0.6162965145960664,0.6955713855411807,0.652396230968272,0.7383130478476546,0.6892432723439095,0.7763347785575325,0.7325433451580239,0.8186963741198459,0.787911852141406,0.8665032911303255,1,1
283,1992,2,1,8.699781390286881e-4,4.438771038009584e-4,9.130596333995385e-4,4.846305567527409e-4,9.80569837666396e-4,4.971256890194923e-4,0.001091563122140856,5.432948974012615e-4,0.0011508552238188455,5.957083510001832e-4,0.001258535794502914,6.352446227595655e-4,0.0013867973323984397,6.664756073658651e-4,0.0015415239614452463,7.081116084007161e-4,0.0016870670964676529,7.655626469383763e-4,0.0017960533273982684,7.777004169935017e-4,0.001901712801031801,8.127244786532604e-4,0.0020280197790908164,8.490133825401029e-4,0.0021681541524312615,9.194364262324722e-4,0.002284451853421477,9.803209203843796e-4,0.002437129727701355,9.99205689998069e-4,0.00260812022206835,0.001104273233721275,0.002753356281946735,0.0011910806624809795,0.002941467702296474,0.0012567090965338017,0.003163218127356122,0.0013403022591739365,0.0034476472739272614,0.0014485464792790212,0.004186245598800901,0.0024927231874944215,0.004413289798482989,0.0027483499479457577,0.004751033601864766,0.0029865694020134834,0.005145075386536206,0.003193745401995466,0.0056351731270716686,0.0034179614255981055,0.005996650336466998,0.0036559979531356796,0.006429272418112377,0.0040392119823870355,0.007013760401565616,0.004316733410844949,0.007557015230105772,0.004723987669309836,0.0080282559149926,0.0050444494055557265,0.008606174738829533,0.005541716793110825,0.009092064950541665,0.006043477196507626,0.009988374793871647,0.006519841175205321,0.010817650774971689,0.006983892398645165,0.011606911949430304,0.007645708707569686,0.020119006290787295,0.01369685291717028,0.02164613824361433,0.01474667677420711,0.02305885651020968,0.015851805579124897,0.024514815211299626,0.016877152513312507,0.025912716340396644,0.01782058913269523,0.027689656247859035,0.019394765994858027,0.029686681759056237,0.02094339998448913,0.03140431645548949,0.022188874473078272,0.03274706117510195,0.024327794629713163,0.03557960632673627,0.025675331114921686,0.037547817758516115,0.028120513315616047,0.040009373681000486,0.031022123131978878,0.043936228032969614,0.03408008802275715,0.04629143165008816,0.0373933265044178,0.0504737133337479,0.040974602256504934,0.05534501251712813,0.04611517419289844,0.06031357406524465,0.050704780628970894,0.06676834090629395,0.05709406588076398,0.07288314396779774,0.0630408875447606,0.0811249931366182,0.06954602446121579,0.08783427831529508,0.0805131416547019,0.09885037736425668,0.08654246987055159,0.10908302352029729,0.09576585571031876,0.12034948680401883,0.10675413933904883,0.1354591951657988,0.11901872710379297,0.14792618508834735,0.13469630150583506,0.1624815979604775,0.14982926033812927,0.17836174242019698,0.16605824696927646,0.19519430358925963,0.1833128697065909,0.21287657422849215,0.20151235573135756,0.23296922442446463,0.2237377615579299,0.25025071958134,0.2423892945665507,0.2665496376058632,0.2604765240297269,0.281501790026711,0.27761590137715736,0.29474735154406245,0.2934560531473927,0.3099804285800668,0.3120872599963397,0.32470727773247043,0.32999649994827285,0.34012109914795297,0.3489649870291733,0.35627874131521137,0.3690156107710224,0.373190757655317,0.3902320690024316,0.39278979680528264,0.4152552414758755,0.41168741566576367,0.43927388045999893,0.43156824165301694,0.46468565379356336,0.4525864879156706,0.49155941089131006,0.47467054541115145,0.5199850825120267,0.5018713468038878,0.5544811069419276,0.5274839200153354,0.586746572007498,0.555253892486428,0.6208893722424152,0.584791303180159,0.6570611471818748,0.6162965145960664,0.6955713855411807,0.652396230968272,0.7383130478476546,0.6892432723439095,0.7763347785575325,0.7325433451580239,0.8186963741198459,0.787911852141406,0.8665032911303255,1,1
284,1992,2,1,8.699781390286881e-4,4.438771038009584e-4,9.130596333995385e-4,4.846305567527409e-4,9.80569837666396e-4,4.971256890194923e-4,0.001091563122140856,5.432948974012615e-4,0.0011508552238188455,5.957083510001832e-4,0.001258535794502914,6.352446227595655e-4,0.0013867973323984397,6.664756073658651e-4,0.0015415239614452463,7.081116084007161e-4,0.0016870670964676529,7.655626469383763e-4,0.0017960533273982684,7.777004169935017e-4,0.001901712801031801,8.127244786532604e-4,0.0020280197790908164,8.490133825401029e-4,0.0021681541524312615,9.194364262324722e-4,0.002284451853421477,9.803209203843796e-4,0.002437129727701355,9.99205689998069e-4,0.00260812022206835,0.001104273233721275,0.002753356281946735,0.0011910806624809795,0.002941467702296474,0.0012567090965338017,0.003163218127356122,0.0013403022591739365,0.0034476472739272614,0.0014485464792790212,0.004186245598800901,0.0024927231874944215,0.004413289798482989,0.0027483499479457577,0.004751033601864766,0.0029865694020134834,0.005145075386536206,0.003193745401995466,0.0056351731270716686,0.0034179614255981055,0.005996650336466998,0.0036559979531356796,0.006429272418112377,0.0040392119823870355,0.007013760401565616,0.004316733410844949,0.007557015230105772,0.004723987669309836,0.0080282559149926,0.0050444494055557265,0.008606174738829533,0.005541716793110825,0.009092064950541665,0.006043477196507626,0.009988374793871647,0.006519841175205321,0.010817650774971689,0.006983892398645165,0.011606911949430304,0.007645708707569686,0.020119006290787295,0.01369685291717028,0.02164613824361433,0.01474667677420711,0.02305885651020968,0.015851805579124897,0.024514815211299626,0.016877152513312507,0.025912716340396644,0.01782058913269523,0.027689656247859035,0.019394765994858027,0.029686681759056237,0.02094339998448913,0.03140431645548949,0.022188874473078272,0.03274706117510195,0.024327794629713163,0.03557960632673627,0.025675331114921686,0.037547817758516115,0.028120513315616047,0.040009373681000486,0.031022123131978878,0.043936228032969614,0.03408008802275715,0.04629143165008816,0.0373933265044178,0.0504737133337479,0.040974602256504934,0.05534501251712813,0.04611517419289844,0.06031357406524465,0.050704780628970894,0.06676834090629395,0.05709406588076398,0.07288314396779774,0.0630408875447606,0.0811249931366182,0.06954602446121579,0.08783427831529508,0.0805131416547019,0.09885037736425668,0.08654246987055159,0.10908302352029729,0.09576585571031876,0.12034948680401883,0.10675413933904883,0.1354591951657988,0.11901872710379297,0.14792618508834735,0.13469630150583506,0.1624815979604775,0.14982926033812927,0.17836174242019698,0.16605824696927646,0.19519430358925963,0.1833128697065909,0.21287657422849215,0.20151235573135756,0.23296922442446463,0.2237377615579299,0.25025071958134,0.2423892945665507,0.2665496376058632,0.2604765240297269,0.281501790026711,0.27761590137715736,0.29474735154406245,0.2934560531473927,0.3099804285800668,0.3120872599963397,0.32470727773247043,0.32999649994827285,0.34012109914795297,0.3489649870291733,0.35627874131521137,0.3690156107710224,0.373190757655317,0.3902320690024316,0.39278979680528264,0.4152552414758755,0.41168741566576367,0.43927388045999893,0.43156824165301694,0.46468565379356336,0.4525864879156706,0.49155941089131006,0.47467054541115145,0.5199850825120267,0.5018713468038878,0.5544811069419276,0.5274839200153354,0.586746572007498,0.555253892486428,0.6208893722424152,0.584791303180159,0.6570611471818748,0.6162965145960664,0.6955713855411807,0.652396230968272,0.7383130478476546,0.6892432723439095,0.7763347785575325,0.7325433451580239,0.8186963741198459,0.787911852141406,0.8665032911303255,1,1
285,1992,2,1,8.699781390286881e-4,4.438771038009584e-4,9.130596333995385e-4,4.846305567527409e-4,9.80569837666396e-4,4.971256890194923e-4,0.001091563122140856,5.432948974012615e-4,0.0011508552238188455,5.957083510001832e-4,0.001258535794502914,6.352446227595655e-4,0.0013867973323984397,6.664756073658651e-4,0.0015415239614452463,7.081116084007161e-4,0.0016870670964676529,7.655626469383763e-4,0.0017960533273982684,7.777004169935017e-4,0.001901712801031801,8.127244786532604e-4,0.0020280197790908164,8.490133825401029e-4,0.0021681541524312615,9.194364262324722e-4,0.002284451853421477,9.803209203843796e-4,0.002437129727701355,9.99205689998069e-4,0.00260812022206835,0.001104273233721275,0.002753356281946735,0.0011910806624809795,0.002941467702296474,0.0012567090965338017,0.003163218127356122,0.0013403022591739365,0.0034476472739272614,0.0014485464792790212,0.004186245598800901,0.0024927231874944215,0.004413289798482989,0.0027483499479457577,0.004751033601864766,0.0029865694020134834,0.005145075386536206,0.003193745401995466,0.0056351731270716686,0.0034179614255981055,0.005996650336466998,0.0036559979531356796,0.006429272418112377,0.0040392119823870355,0.007013760401565616,0.004316733410844949,0.007557015230105772,0.004723987669309836,0.0080282559149926,0.0050444494055557265,0.008606174738829533,0.005541716793110825,0.009092064950541665,0.006043477196507626,0.009988374793871647,0.006519841175205321,0.010817650774971689,0.006983892398645165,0.011606911949430304,0.007645708707569686,0.020119006290787295,0.01369685291717028,0.02164613824361433,0.01474667677420711,0.02305885651020968,0.015851805579124897,0.024514815211299626,0.016877152513312507,0.025912716340396644,0.01782058913269523,0.027689656247859035,0.019394765994858027,0.029686681759056237,0.02094339998448913,0.03140431645548949,0.022188874473078272,0.03274706117510195,0.024327794629713163,0.03557960632673627,0.025675331114921686,0.037547817758516115,0.028120513315616047,0.040009373681000486,0.031022123131978878,0.043936228032969614,0.03408008802275715,0.04629143165008816,0.0373933265044178,0.0504737133337479,0.040974602256504934,0.05534501251712813,0.04611517419289844,0.06031357406524465,0.050704780628970894,0.06676834090629395,0.05709406588076398,0.07288314396779774,0.0630408875447606,0.0811249931366182,0.06954602446121579,0.08783427831529508,0.0805131416547019,0.09885037736425668,0.08654246987055159,0.10908302352029729,0.09576585571031876,0.12034948680401883,0.10675413933904883,0.1354591951657988,0.11901872710379297,0.14792618508834735,0.13469630150583506,0.1624815979604775,0.14982926033812927,0.17836174242019698,0.16605824696927646,0.19519430358925963,0.1833128697065909,0.21287657422849215,0.20151235573135756,0.23296922442446463,0.2237377615579299,0.25025071958134,0.2423892945665507,0.2665496376058632,0.2604765240297269,0.281501790026711,0.27761590137715736,0.29474735154406245,0.2934560531473927,0.3099804285800668,0.3120872599963397,0.32470727773247043,0.32999649994827285,0.34012109914795297,0.3489649870291733,0.35627874131521137,0.3690156107710224,0.373190757655317,0.3902320690024316,0.39278979680528264,0.4152552414758755,0.41168741566576367,0.43927388045999893,0.43156824165301694,0.46468565379356336,0.4525864879156706,0.49155941089131006,0.47467054541115145,0.5199850825120267,0.5018713468038878,0.5544811069419276,0.5274839200153354,0.586746572007498,0.555253892486428,0.6208893722424152,0.584791303180159,0.6570611471818748,0.6162965145960664,0.6955713855411807,0.652396230968272,0.7383130478476546,0.6892432723439095,0.7763347785575325,0.7325433451580239,0.8186963741198459,0.787911852141406,0.8665032911303255,1,1
4511,1992,2,1,0.0016826700095012074,6.112329718736347e-4,0.0017848877278689372,6.606804876888318e-4,0.0018595147838397393,7.167240889123205e-4,0.0019467194151494012,7.43939575742869e-4,0.0020783139550765964,7.340851800823362e-4,0.0021848349428024317,7.983865443933181e-4,0.002286370612784281,8.528103831883561e-4,0.0021359226574410926,9.29493037910229e-4,0.0019553101248736132,0.0010605787703979904,0.0020049817594952227,0.0011463613062537338,0.0021317470217675637,0.0012371091237333837,0.0023364815659021425,0.0013064497764684845,0.0025237100158674607,0.0014425841341744767,0.002757122222292852,0.0015655666914045595,0.0029898142788276987,0.0016374708746307364,0.0031429917355324105,0.0017984665732384572,0.003406963072492305,0.0019677711410091827,0.0036467792440869314,0.0020554891719428287,0.003834753675462502,0.002240608739210572,0.004160509709145058,0.002422524034210557,0.006219023821694028,0.002686289639408074,0.006546123592856509,0.0029489456936023168,0.007165104381008828,0.0031941129748803265,0.007698944831804104,0.00347712298124156,0.008351943049280063,0.00369907839824566,0.009126460473526688,0.003956399016820727,0.009901098467623675,0.004199638828894243,0.010735418197009395,0.005224133484844713,0.011536024436872988,0.006434698862823461,0.01241853671217568,0.006360111225772427,0.013268532491113368,0.0062226746638476835,0.017046886676420684,0.0064633011332425406,0.01819072826055871,0.006881592246563455,0.018594227475620333,0.007218905837656796,0.01852824324535737,0.007595458186912137,0.017491807281100887,0.009443505038909786,0.018381180521353176,0.01002197927304719,0.019233903286694307,0.010703607939035742,0.020198117547029847,0.011517104737627288,0.021309488393783726,0.012464610711119338,0.022248347904881515,0.01328887014657797,0.023743219287463264,0.014482113143762165,0.025522368799456806,0.015823240972180536,0.027893338518688814,0.017455811451135103,0.03026351105678457,0.01905344907372498,0.03310755330878711,0.02104785938261955,0.03583513258118098,0.022957531292252517,0.03901730839897377,0.02519469704830363,0.04253374638250116,0.027685989522841514,0.046407844883364475,0.03049626951012433,0.053001723206087835,0.03555647475396806,0.05811147751294984,0.03945875532654769,0.06387527145743244,0.043978808382143325,0.07032318863445172,0.048930557871653776,0.07755439348650893,0.05425977591791238,0.08980287344624163,0.06378261646505765,0.09915552884349407,0.07096940512720089,0.10958339420719258,0.07888986506865747,0.120803460903682,0.08771731283801881,0.13310208018827488,0.09779838153246771,0.157538872917908,0.11779464541473814,0.1736748218651334,0.13062432317733919,0.1911377916103249,0.14464488765418793,0.20984421661204888,0.15989674393023218,0.22885370597737217,0.1758408031089328,0.26335401831005323,0.20535671766322108,0.28286712933841657,0.2225171825571892,0.3012526626610354,0.2391257990541084,0.3180939047779607,0.25483806064021447,0.3329852842614345,0.2693083975100336,0.35434575085909054,0.2897948388702221,0.37108782853351463,0.30637793636612165,0.38861987912629126,0.3239084267748738,0.4069820140973088,0.3424426645570634,0.42620988807757854,0.3620370041732753,0.45227565176155815,0.3883619803084051,0.47380436364930056,0.4107240682435337,0.4964338803220123,0.4343866183630404,0.5202481886083573,0.45955653182298895,0.5455054453652671,0.4861753043435939,0.5812124161449487,0.5229170372031304,0.6106693970734305,0.5539920044029382,0.6424776120037358,0.5871003517113704,0.6776971324722109,0.6222155295620012,0.7167764134004753,0.6598072618970267,0.7670345939745724,0.7060206586427179,0.8149552556716101,0.744230116432838,0.86664929397172,0.787433212607307,0.923371198327095,0.833958658746805,1,1
4512,1992,2,1,0.0024007634271364865,8.434367314062464e-4,0.0025465107121250227,9.116525149087927e-4,0.002652878111954125,9.889656331767828e-4,0.0027771725416150753,0.0010264962322697893,0.0029647712800834536,0.001012874696796057,0.003116576684387242,0.001101567266894746,0.00326124526410012,0.0011766240489256554,0.003046480483962432,0.0012823824943903504,0.002788706802420661,0.0014631849262495102,0.0028593684665981687,0.0015814707924886318,0.003039946099297422,0.0017065908368647405,0.0033316624060649213,0.0018021630356837898,0.0035983568637052306,0.0019898507901119004,0.00393083242631274,0.002159368626475156,0.004262200360816054,0.0022584074395020073,0.004480136553187082,0.002480287324604419,0.004855912232061435,0.00271357785070792,0.005197147987005088,0.002834313305516744,0.005464392424083434,0.0030893010937604348,0.005927834894077825,0.0033397973363120943,0.0067167584297958315,0.003104530703951314,0.0070697557411383725,0.0034079493480632743,0.007737918831555223,0.003691120562504283,0.00831405599165022,0.004017980455268109,0.00901878229885007,0.004274242432822558,0.009854619240689358,0.004571317593871759,0.010690457300138147,0.004852064732089936,0.011590589498294557,0.006035311022876069,0.012454161012750087,0.007433297747479911,0.01340597633275414,0.007346539489028092,0.01432248741446808,0.007187148254215968,0.018399492041000057,0.007464342725005671,0.019632407244367413,0.00794656990681728,0.020066038907449665,0.008335108778181697,0.019992861007315812,0.008768758401387092,0.018184419391101263,0.01124350201013706,0.01910802446610911,0.011930444246847936,0.01999335522235122,0.012739809765654166,0.02099438292139634,0.013705668366262552,0.022148135013242736,0.014830434599606743,0.023122331839414388,0.015807934645066496,0.024674072119887768,0.017223607103937607,0.02652082542506087,0.018814184230451288,0.02898202104998966,0.020750086109281085,0.031441747946359754,0.02264305026073097,0.034393037755339584,0.0250058524717318,0.03722652218776442,0.027274633024357724,0.04053225402559336,0.02993249175638723,0.04418522660269009,0.03289226504970713,0.048209746770803294,0.03623101059569283,0.05505964908742507,0.042242773763814676,0.060367802521698044,0.04687886765475965,0.06635539033580493,0.05224890447503405,0.07305366419627979,0.058131817077249515,0.08056563885577206,0.06446318017845283,0.09328969701167328,0.0757767651613692,0.10300549289638489,0.08431501001392973,0.1138382464924077,0.09372489104762158,0.12549396064049514,0.10421231651972654,0.1382701049072865,0.11618910294480808,0.16365571788602068,0.13994561022358495,0.1804181858396058,0.1551878742258035,0.19855919952808387,0.1718449679713077,0.21799194876663794,0.18996489461210192,0.2377395296087948,0.20890719104118083,0.27357940377775,0.24397349358034745,0.29385016066707026,0.26436093753292544,0.3129495587959273,0.28409275948839147,0.3304447047093674,0.3027596694138666,0.34591427964374555,0.31995111403562965,0.36810412035208545,0.34428997534266964,0.38549625151287614,0.36399147951792227,0.40370902828746946,0.3848185312835925,0.4227841195645779,0.4068380824043179,0.44275856435638955,0.4301170846447359,0.4698363972044887,0.4613924014164023,0.4922010157515933,0.4879596195691171,0.5157091806120602,0.5160718483063514,0.5404481396154781,0.5459748959875544,0.5666860732113186,0.5775992567611961,0.603779457391673,0.6212501732149625,0.6343801800661175,0.6581687040373395,0.6674234293459606,0.6975029866039157,0.7040104367245978,0.7392214787740308,0.7446070695195858,0.7838822348080956,0.7968166509972004,0.8387859359509592,0.8465979535185696,0.8841805790429584,0.9002991435279732,0.9355079007255098,0.9592234192016882,0.990782331307581,1,1
4513,1992,2,1,0.0016826700095012074,6.112329718736347e-4,0.0017848877278689372,6.606804876888318e-4,0.0018595147838397393,7.167240889123205e-4,0.0019467194151494012,7.43939575742869e-4,0.0020783139550765964,7.340851800823362e-4,0.0021848349428024317,7.983865443933181e-4,0.002286370612784281,8.528103831883561e-4,0.0021359226574410926,9.29493037910229e-4,0.0019553101248736132,0.0010605787703979904,0.0020049817594952227,0.0011463613062537338,0.0021317470217675637,0.0012371091237333837,0.0023364815659021425,0.0013064497764684845,0.0025237100158674607,0.0014425841341744767,0.002757122222292852,0.0015655666914045595,0.0029898142788276987,0.0016374708746307364,0.0031429917355324105,0.0017984665732384572,0.003406963072492305,0.0019677711410091827,0.0036467792440869314,0.0020554891719428287,0.003834753675462502,0.002240608739210572,0.004160509709145058,0.002422524034210557,0.006219023821694028,0.002686289639408074,0.006546123592856509,0.0029489456936023168,0.007165104381008828,0.0031941129748803265,0.007698944831804104,0.00347712298124156,0.008351943049280063,0.00369907839824566,0.009126460473526688,0.003956399016820727,0.009901098467623675,0.004199638828894243,0.010735418197009395,0.005224133484844713,0.011536024436872988,0.006434698862823461,0.01241853671217568,0.006360111225772427,0.013268532491113368,0.0062226746638476835,0.017046886676420684,0.0064633011332425406,0.01819072826055871,0.006881592246563455,0.018594227475620333,0.007218905837656796,0.01852824324535737,0.007595458186912137,0.017491807281100887,0.009443505038909786,0.018381180521353176,0.01002197927304719,0.019233903286694307,0.010703607939035742,0.020198117547029847,0.011517104737627288,0.021309488393783726,0.012464610711119338,0.022248347904881515,0.01328887014657797,0.023743219287463264,0.014482113143762165,0.025522368799456806,0.015823240972180536,0.027893338518688814,0.017455811451135103,0.03026351105678457,0.01905344907372498,0.03310755330878711,0.02104785938261955,0.03583513258118098,0.022957531292252517,0.03901730839897377,0.02519469704830363,0.04253374638250116,0.027685989522841514,0.046407844883364475,0.03049626951012433,0.053001723206087835,0.03555647475396806,0.05811147751294984,0.03945875532654769,0.06387527145743244,0.043978808382143325,0.07032318863445172,0.048930557871653776,0.07755439348650893,0.05425977591791238,0.08980287344624163,0.06378261646505765,0.09915552884349407,0.07096940512720089,0.10958339420719258,0.07888986506865747,0.120803460903682,0.08771731283801881,0.13310208018827488,0.09779838153246771,0.157538872917908,0.11779464541473814,0.1736748218651334,0.13062432317733919,0.1911377916103249,0.14464488765418793,0.20984421661204888,0.15989674393023218,0.22885370597737217,0.1758408031089328,0.26335401831005323,0.20535671766322108,0.28286712933841657,0.2225171825571892,0.3012526626610354,0.2391257990541084,0.3180939047779607,0.25483806064021447,0.3329852842614345,0.2693083975100336,0.35434575085909054,0.2897948388702221,0.37108782853351463,0.30637793636612165,0.38861987912629126,0.3239084267748738,0.4069820140973088,0.3424426645570634,0.42620988807757854,0.3620370041732753,0.45227565176155815,0.3883619803084051,0.47380436364930056,0.4107240682435337,0.4964338803220123,0.4343866183630404,0.5202481886083573,0.45955653182298895,0.5455054453652671,0.4861753043435939,0.5812124161449487,0.5229170372031304,0.6106693970734305,0.5539920044029382,0.6424776120037358,0.5871003517113704,0.6776971324722109,0.6222155295620012,0.7167764134004753,0.6598072618970267,0.7670345939745724,0.7060206586427179,0.8149552556716101,0.744230116432838,0.86664929397172,0.787433212607307,0.923371198327095,0.833958658746805,1,1
4514,1992,2,1,0.0016826700095012074,6.112329718736347e-4,0.0017848877278689372,6.606804876888318e-4,0.0018595147838397393,7.167240889123205e-4,0.0019467194151494012,7.43939575742869e-4,0.0020783139550765964,7.340851800823362e-4,0.0021848349428024317,7.983865443933181e-4,0.002286370612784281,8.528103831883561e-4,0.0021359226574410926,9.29493037910229e-4,0.0019553101248736132,0.0010605787703979904,0.0020049817594952227,0.0011463613062537338,0.0021317470217675637,0.0012371091237333837,0.0023364815659021425,0.0013064497764684845,0.0025237100158674607,0.0014425841341744767,0.002757122222292852,0.0015655666914045595,0.0029898142788276987,0.0016374708746307364,0.0031429917355324105,0.0017984665732384572,0.003406963072492305,0.0019677711410091827,0.0036467792440869314,0.0020554891719428287,0.003834753675462502,0.002240608739210572,0.004160509709145058,0.002422524034210557,0.006219023821694028,0.002686289639408074,0.006546123592856509,0.0029489456936023168,0.007165104381008828,0.0031941129748803265,0.007698944831804104,0.00347712298124156,0.008351943049280063,0.00369907839824566,0.009126460473526688,0.003956399016820727,0.009901098467623675,0.004199638828894243,0.010735418197009395,0.005224133484844713,0.011536024436872988,0.006434698862823461,0.01241853671217568,0.006360111225772427,0.013268532491113368,0.0062226746638476835,0.017046886676420684,0.0064633011332425406,0.01819072826055871,0.006881592246563455,0.018594227475620333,0.007218905837656796,0.01852824324535737,0.007595458186912137,0.017491807281100887,0.009443505038909786,0.018381180521353176,0.01002197927304719,0.019233903286694307,0.010703607939035742,0.020198117547029847,0.011517104737627288,0.021309488393783726,0.012464610711119338,0.022248347904881515,0.01328887014657797,0.023743219287463264,0.014482113143762165,0.025522368799456806,0.015823240972180536,0.027893338518688814,0.017455811451135103,0.03026351105678457,0.01905344907372498,0.03310755330878711,0.02104785938261955,0.03583513258118098,0.022957531292252517,0.03901730839897377,0.02519469704830363,0.04253374638250116,0.027685989522841514,0.046407844883364475,0.03049626951012433,0.053001723206087835,0.03555647475396806,0.05811147751294984,0.03945875532654769,0.06387527145743244,0.043978808382143325,0.07032318863445172,0.048930557871653776,0.07755439348650893,0.05425977591791238,0.08980287344624163,0.06378261646505765,0.09915552884349407,0.07096940512720089,0.10958339420719258,0.07888986506865747,0.120803460903682,0.08771731283801881,0.13310208018827488,0.09779838153246771,0.157538872917908,0.11779464541473814,0.1736748218651334,0.13062432317733919,0.1911377916103249,0.14464488765418793,0.20984421661204888,0.15989674393023218,0.22885370597737217,0.1758408031089328,0.26335401831005323,0.20535671766322108,0.28286712933841657,0.2225171825571892,0.3012526626610354,0.2391257990541084,0.3180939047779607,0.25483806064021447,0.3329852842614345,0.2693083975100336,0.35434575085909054,0.2897948388702221,0.37108782853351463,0.30637793636612165,0.38861987912629126,0.3239084267748738,0.4069820140973088,0.3424426645570634,0.42620988807757854,0.3620370041732753,0.45227565176155815,0.3883619803084051,0.47380436364930056,0.4107240682435337,0.4964338803220123,0.4343866183630404,0.5202481886083573,0.45955653182298895,0.5455054453652671,0.4861753043435939,0.5812124161449487,0.5229170372031304,0.6106693970734305,0.5539920044029382,0.6424776120037358,0.5871003517113704,0.6776971324722109,0.6222155295620012,0.7167764134004753,0.6598072618970267,0.7670345939745724,0.7060206586427179,0.8149552556716101,0.744230116432838,0.86664929397172,0.787433212607307,0.923371198327095,0.833958658746805,1,1
4515,1992,2,1,0.0016826700095012074,6.112329718736347e-4,0.0017848877278689372,6.606804876888318e-4,0.0018595147838397393,7.167240889123205e-4,0.0019467194151494012,7.43939575742869e-4,0.0020783139550765964,7.340851800823362e-4,0.0021848349428024317,7.983865443933181e-4,0.002286370612784281,8.528103831883561e-4,0.0021359226574410926,9.29493037910229e-4,0.0019553101248736132,0.0010605787703979904,0.0020049817594952227,0.0011463613062537338,0.0021317470217675637,0.0012371091237333837,0.0023364815659021425,0.0013064497764684845,0.0025237100158674607,0.0014425841341744767,0.002757122222292852,0.0015655666914045595,0.0029898142788276987,0.0016374708746307364,0.0031429917355324105,0.0017984665732384572,0.003406963072492305,0.0019677711410091827,0.0036467792440869314,0.0020554891719428287,0.003834753675462502,0.002240608739210572,0.004160509709145058,0.002422524034210557,0.006219023821694028,0.002686289639408074,0.006546123592856509,0.0029489456936023168,0.007165104381008828,0.0031941129748803265,0.007698944831804104,0.00347712298124156,0.008351943049280063,0.00369907839824566,0.009126460473526688,0.003956399016820727,0.009901098467623675,0.004199638828894243,0.010735418197009395,0.005224133484844713,0.011536024436872988,0.006434698862823461,0.01241853671217568,0.006360111225772427,0.013268532491113368,0.0062226746638476835,0.017046886676420684,0.0064633011332425406,0.01819072826055871,0.006881592246563455,0.018594227475620333,0.007218905837656796,0.01852824324535737,0.007595458186912137,0.017491807281100887,0.009443505038909786,0.018381180521353176,0.01002197927304719,0.019233903286694307,0.010703607939035742,0.020198117547029847,0.011517104737627288,0.021309488393783726,0.012464610711119338,0.022248347904881515,0.01328887014657797,0.023743219287463264,0.014482113143762165,0.025522368799456806,0.015823240972180536,0.027893338518688814,0.017455811451135103,0.03026351105678457,0.01905344907372498,0.03310755330878711,0.02104785938261955,0.03583513258118098,0.022957531292252517,0.03901730839897377,0.02519469704830363,0.04253374638250116,0.027685989522841514,0.046407844883364475,0.03049626951012433,0.053001723206087835,0.03555647475396806,0.05811147751294984,0.03945875532654769,0.06387527145743244,0.043978808382143325,0.07032318863445172,0.048930557871653776,0.07755439348650893,0.05425977591791238,0.08980287344624163,0.06378261646505765,0.09915552884349407,0.07096940512720089,0.10958339420719258,0.07888986506865747,0.120803460903682,0.08771731283801881,0.13310208018827488,0.09779838153246771,0.157538872917908,0.11779464541473814,0.1736748218651334,0.13062432317733919,0.1911377916103249,0.14464488765418793,0.20984421661204888,0.15989674393023218,0.22885370597737217,0.1758408031089328,0.26335401831005323,0.20535671766322108,0.28286712933841657,0.2225171825571892,0.3012526626610354,0.2391257990541084,0.3180939047779607,0.25483806064021447,0.3329852842614345,0.2693083975100336,0.35434575085909054,0.2897948388702221,0.37108782853351463,0.30637793636612165,0.38861987912629126,0.3239084267748738,0.4069820140973088,0.3424426645570634,0.42620988807757854,0.3620370041732753,0.45227565176155815,0.3883619803084051,0.47380436364930056,0.4107240682435337,0.4964338803220123,0.4343866183630404,0.5202481886083573,0.45955653182298895,0.5455054453652671,0.4861753043435939,0.5812124161449487,0.5229170372031304,0.6106693970734305,0.5539920044029382,0.6424776120037358,0.5871003517113704,0.6776971324722109,0.6222155295620012,0.7167764134004753,0.6598072618970267,0.7670345939745724,0.7060206586427179,0.8149552556716101,0.744230116432838,0.86664929397172,0.787433212607307,0.923371198327095,0.833958658746805,1,1
5681,1992,0,2,,0.004091805280261896,,0.004150753404573736,,0.004073234924528282,,0.0037326102144769223,,0.0037882818045990156,,0.0037697154822025243,,0.003648526901432837,,0.003751140124059813,,0.0040207843491032284,,0.004097193270681263,,0.004164867003333358,,0.004098259420767207,,0.004233615624650554,,0.004426829232713729,,0.004639689983470091,,0.004848180084527929,,0.0049540478412263755,,0.005262963378424972,,0.005590430587353317,,0.005892781825048343,,0.006010247085479379,,0.006317986115751103,,0.007147805706288391,,0.0075383189855822855,,0.007858800124035874,,0.008293887690639068,,0.008422308331196112,,0.009296718749251323,,0.010468259127699135,,0.011324646848020219,,0.012448455835747926,,0.013356860955028834,,0.014141121084757917,,0.015643806627581705,,0.015950564350013116,,0.0163811412188007,,0.017663116160652546,,0.01927403780638865,,0.02037363318780156,,0.021563414674285533,,0.022926386849621033,,0.024884743751154546,,0.026670960007180264,,0.02922062628925176,,0.03116366014567485,,0.03512034796574235,,0.03754593922493096,,0.04072574897451369,,0.04535251050186331,,0.049840930322415114,,0.05494625167994689,,0.06031595941047004,,0.06579839001319887,,0.07386114963605309,,0.07897671852742175,,0.08554436296347574,,0.0933068698449095,,0.101723169385136,,0.11751359427437863,,0.12869160418364325,,0.14377289973137408,,0.158581610879044,,0.17574520530242804,,0.19441313769306554,,0.2203127547123866,,0.24206314528115652,,0.25886910077363373,,0.2822888146044306,,0.3009495737213823,,0.3056726620667986,,0.333152448803766,,0.3469087382263887,,0.36269608885548027,,0.39205527329813095,,0.39018304886613353,,0.4193495796726508,,0.4517604796919231,,0.47238979005893855,,0.5017817666098672,,0.5259300800964664,,0.5700754311123455,,0.5867737874995353,,0.6345764833417957,,0.6701414615531862,,0.7076993801451725,,0.7486603715064457,,0.7804001092970716,,0.8202281939357354,,0.8645711934321413,1,1
5682,1992,0,2,,0.004091805280261896,,0.004150753404573736,,0.004073234924528282,,0.0037326102144769223,,0.0037882818045990156,,0.0037697154822025243,,0.003648526901432837,,0.003751140124059813,,0.0040207843491032284,,0.004097193270681263,,0.004164867003333358,,0.004098259420767207,,0.004233615624650554,,0.004426829232713729,,0.004639689983470091,,0.004848180084527929,,0.0049540478412263755,,0.005262963378424972,,0.005590430587353317,,0.005892781825048343,,0.006010247085479379,,0.006317986115751103,,0.007147805706288391,,0.0075383189855822855,,0.007858800124035874,,0.008293887690639068,,0.008422308331196112,,0.009296718749251323,,0.010468259127699135,,0.011324646848020219,,0.012448455835747926,,0.013356860955028834,,0.014141121084757917,,0.015643806627581705,,0.015950564350013116,,0.0163811412188007,,0.017663116160652546,,0.01927403780638865,,0.02037363318780156,,0.021563414674285533,,0.022926386849621033,,0.024884743751154546,,0.026670960007180264,,0.02922062628925176,,0.03116366014567485,,0.03512034796574235,,0.03754593922493096,,0.04072574897451369,,0.04535251050186331,,0.049840930322415114,,0.05494625167994689,,0.06031595941047004,,0.06579839001319887,,0.07386114963605309,,0.07897671852742175,,0.08554436296347574,,0.0933068698449095,,0.101723169385136,,0.11751359427437863,,0.12869160418364325,,0.14377289973137408,,0.158581610879044,,0.17574520530242804,,0.19441313769306554,,0.2203127547123866,,0.24206314528115652,,0.25886910077363373,,0.2822888146044306,,0.3009495737213823,,0.3056726620667986,,0.333152448803766,,0.3469087382263887,,0.36269608885548027,,0.39205527329813095,,0.39018304886613353,,0.4193495796726508,,0.4517604796919231,,0.47238979005893855,,0.5017817666098672,,0.5259300800964664,,0.5700754311123455,,0.5867737874995353,,0.6345764833417957,,0.6701414615531862,,0.7076993801451725,,0.7486603715064457,,0.7804001092970716,,0.8202281939357354,,0.8645711934321413,1,1
5683,1992,0,2,,0.004091805280261896,,0.004150753404573736,,0.004073234924528282,,0.0037326102144769223,,0.0037882818045990156,,0.0037697154822025243,,0.003648526901432837,,0.003751140124059813,,0.0040207843491032284,,0.004097193270681263,,0.004164867003333358,,0.004098259420767207,,0.004233615624650554,,0.004426829232713729,,0.004639689983470091,,0.004848180084527929,,0.0049540478412263755,,0.005262963378424972,,0.005590430587353317,,0.005892781825048343,,0.006010247085479379,,0.006317986115751103,,0.007147805706288391,,0.0075383189855822855,,0.007858800124035874,,0.008293887690639068,,0.008422308331196112,,0.009296718749251323,,0.010468259127699135,,0.011324646848020219,,0.012448455835747926,,0.013356860955028834,,0.014141121084757917,,0.015643806627581705,,0.015950564350013116,,0.0163811412188007,,0.017663116160652546,,0.01927403780638865,,0.02037363318780156,,0.021563414674285533,,0.022926386849621033,,0.024884743751154546,,0.026670960007180264,,0.02922062628925176,,0.03116366014567485,,0.03512034796574235,,0.03754593922493096,,0.04072574897451369,,0.04535251050186331,,0.049840930322415114,,0.05494625167994689,,0.06031595941047004,,0.06579839001319887,,0.07386114963605309,,0.07897671852742175,,0.08554436296347574,,0.0933068698449095,,0.101723169385136,,0.11751359427437863,,0.12869160418364325,,0.14377289973137408,,0.158581610879044,,0.17574520530242804,,0.19441313769306554,,0.2203127547123866,,0.24206314528115652,,0.25886910077363373,,0.2822888146044306,,0.3009495737213823,,0.3056726620667986,,0.333152448803766,,0.3469087382263887,,0.36269608885548027,,0.39205527329813095,,0.39018304886613353,,0.4193495796726508,,0.4517604796919231,,0.47238979005893855,,0.5017817666098672,,0.5259300800964664,,0.5700754311123455,,0.5867737874995353,,0.6345764833417957,,0.6701414615531862,,0.7076993801451725,,0.7486603715064457,,0.7804001092970716,,0.8202281939357354,,0.8645711934321413,1,1
5684,1992,0,2,,0.004091805280261896,,0.004150753404573736,,0.004073234924528282,,0.0037326102144769223,,0.0037882818045990156,,0.0037697154822025243,,0.003648526901432837,,0.003751140124059813,,0.0040207843491032284,,0.004097193270681263,,0.004164867003333358,,0.004098259420767207,,0.004233615624650554,,0.004426829232713729,,0.004639689983470091,,0.004848180084527929,,0.0049540478412263755,,0.005262963378424972,,0.005590430587353317,,0.005892781825048343,,0.006010247085479379,,0.006317986115751103,,0.007147805706288391,,0.0075383189855822855,,0.007858800124035874,,0.008293887690639068,,0.008422308331196112,,0.009296718749251323,,0.010468259127699135,,0.011324646848020219,,0.012448455835747926,,0.013356860955028834,,0.014141121084757917,,0.015643806627581705,,0.015950564350013116,,0.0163811412188007,,0.017663116160652546,,0.01927403780638865,,0.02037363318780156,,0.021563414674285533,,0.022926386849621033,,0.024884743751154546,,0.026670960007180264,,0.02922062628925176,,0.03116366014567485,,0.03512034796574235,,0.03754593922493096,,0.04072574897451369,,0.04535251050186331,,0.049840930322415114,,0.05494625167994689,,0.06031595941047004,,0.06579839001319887,,0.07386114963605309,,0.07897671852742175,,0.08554436296347574,,0.0933068698449095,,0.101723169385136,,0.11751359427437863,,0.12869160418364325,,0.14377289973137408,,0.158581610879044,,0.17574520530242804,,0.19441313769306554,,0.2203127547123866,,0.24206314528115652,,0.25886910077363373,,0.2822888146044306,,0.3009495737213823,,0.3056726620667986,,0.333152448803766,,0.3469087382263887,,0.36269608885548027,,0.39205527329813095,,0.39018304886613353,,0.4193495796726508,,0.4517604796919231,,0.47238979005893855,,0.5017817666098672,,0.5259300800964664,,0.5700754311123455,,0.5867737874995353,,0.6345764833417957,,0.6701414615531862,,0.7076993801451725,,0.7486603715064457,,0.7804001092970716,,0.8202281939357354,,0.8645711934321413,1,1
5685,1992,0,2,,0.004091805280261896,,0.004150753404573736,,0.004073234924528282,,0.0037326102144769223,,0.0037882818045990156,,0.0037697154822025243,,0.003648526901432837,,0.003751140124059813,,0.0040207843491032284,,0.004097193270681263,,0.004164867003333358,,0.004098259420767207,,0.004233615624650554,,0.004426829232713729,,0.004639689983470091,,0.004848180084527929,,0.0049540478412263755,,0.005262963378424972,,0.005590430587353317,,0.005892781825048343,,0.006010247085479379,,0.006317986115751103,,0.007147805706288391,,0.0075383189855822855,,0.007858800124035874,,0.008293887690639068,,0.008422308331196112,,0.009296718749251323,,0.010468259127699135,,0.011324646848020219,,0.012448455835747926,,0.013356860955028834,,0.014141121084757917,,0.015643806627581705,,0.015950564350013116,,0.0163811412188007,,0.017663116160652546,,0.01927403780638865,,0.02037363318780156,,0.021563414674285533,,0.022926386849621033,,0.024884743751154546,,0.026670960007180264,,0.02922062628925176,,0.03116366014567485,,0.03512034796574235,,0.03754593922493096,,0.04072574897451369,,0.04535251050186331,,0.049840930322415114,,0.05494625167994689,,0.06031595941047004,,0.06579839001319887,,0.07386114963605309,,0.07897671852742175,,0.08554436296347574,,0.0933068698449095,,0.101723169385136,,0.11751359427437863,,0.12869160418364325,,0.14377289973137408,,0.158581610879044,,0.17574520530242804,,0.19441313769306554,,0.2203127547123866,,0.24206314528115652,,0.25886910077363373,,0.2822888146044306,,0.3009495737213823,,0.3056726620667986,,0.333152448803766,,0.3469087382263887,,0.36269608885548027,,0.39205527329813095,,0.39018304886613353,,0.4193495796726508,,0.4517604796919231,,0.47238979005893855,,0.5017817666098672,,0.5259300800964664,,0.5700754311123455,,0.5867737874995353,,0.6345764833417957,,0.6701414615531862,,0.7076993801451725,,0.7486603715064457,,0.7804001092970716,,0.8202281939357354,,0.8645711934321413,1,1
8801,1992,0,2,,0.0018301039809639234,,0.0018385777716057121,,0.0018773498558731126,,0.0019270280408037244,,0.0019403455246146313,,0.0019488136230450689,,0.0020808977377828938,,0.0021887390951785685,,0.0024638202700683056,,0.0025801339410288153,,0.002758247914369382,,0.0031169218408817504,,0.0032453297537714445,,0.0036076113933331535,,0.003981992265806737,,0.004263044219017933,,0.00472462693097871,,0.005171636956705545,,0.005533793156268142,,0.006105530639800059,,0.006144705595747218,,0.006671681868229022,,0.0070311362642651,,0.007343713581345552,,0.007985375080641453,,0.008265090304247167,,0.008712246183909976,,0.009216737818440263,,0.009698919588255682,,0.010451546828954189,,0.011076440688584953,,0.012169615849414174,,0.013090517108466466,,0.014107270325702855,,0.015405988778330415,,0.015305477183838956,,0.01656826943749314,,0.0180461134504004,,0.01935359083092323,,0.020992749792968664,,0.02233198698940972,,0.023832647730387246,,0.025756910752662978,,0.028017990248373457,,0.03099570686672566,,0.033666850706058925,,0.03704948047249522,,0.04062473072547326,,0.044133633921975834,,0.04881538185875497,,0.05493536276171261,,0.060696855536939764,,0.06688960417925764,,0.07448527203188807,,0.08182946313820012,,0.08796228540692723,,0.09920918159333832,,0.1076309773104701,,0.11776388501638133,,0.13319599632981938,,0.1409393398887985,,0.15804617932133588,,0.17751368982782403,,0.19389820243582975,,0.2142988521882314,,0.23129975035317077,,0.2569653600710474,,0.26884576363541807,,0.293097753004841,,0.3094792906964434,,0.32687142247182543,,0.3485199212417353,,0.3653901585099705,,0.3860882570981453,,0.408232892735696,,0.4320150165316149,,0.45700112537980064,,0.4834383727667639,,0.5113962304813164,,0.540968708022029,,0.5736482503209035,,0.6070324732675149,,0.6423490863373895,,0.6797289216454423,,0.7192726769015816,,0.7607657300792467,,0.7975789080193075,,0.8409431083743789,,0.8871173644375191,1,1
8802,1992,0,2,,0.0018301039809639234,,0.0018385777716057121,,0.0018773498558731126,,0.0019270280408037244,,0.0019403455246146313,,0.0019488136230450689,,0.0020808977377828938,,0.0021887390951785685,,0.0024638202700683056,,0.0025801339410288153,,0.002758247914369382,,0.0031169218408817504,,0.0032453297537714445,,0.0036076113933331535,,0.003981992265806737,,0.004263044219017933,,0.00472462693097871,,0.005171636956705545,,0.005533793156268142,,0.006105530639800059,,0.006144705595747218,,0.006671681868229022,,0.0070311362642651,,0.007343713581345552,,0.007985375080641453,,0.008265090304247167,,0.008712246183909976,,0.009216737818440263,,0.009698919588255682,,0.010451546828954189,,0.011076440688584953,,0.012169615849414174,,0.013090517108466466,,0.014107270325702855,,0.015405988778330415,,0.015305477183838956,,0.01656826943749314,,0.0180461134504004,,0.01935359083092323,,0.020992749792968664,,0.02233198698940972,,0.023832647730387246,,0.025756910752662978,,0.028017990248373457,,0.03099570686672566,,0.033666850706058925,,0.03704948047249522,,0.04062473072547326,,0.044133633921975834,,0.04881538185875497,,0.05493536276171261,,0.060696855536939764,,0.06688960417925764,,0.07448527203188807,,0.08182946313820012,,0.08796228540692723,,0.09920918159333832,,0.1076309773104701,,0.11776388501638133,,0.13319599632981938,,0.1409393398887985,,0.15804617932133588,,0.17751368982782403,,0.19389820243582975,,0.2142988521882314,,0.23129975035317077,,0.2569653600710474,,0.26884576363541807,,0.293097753004841,,0.3094792906964434,,0.32687142247182543,,0.3485199212417353,,0.3653901585099705,,0.3860882570981453,,0.408232892735696,,0.4320150165316149,,0.45700112537980064,,0.4834383727667639,,0.5113962304813164,,0.540968708022029,,0.5736482503209035,,0.6070324732675149,,0.6423490863373895,,0.6797289216454423,,0.7192726769015816,,0.7607657300792467,,0.7975789080193075,,0.8409431083743789,,0.8871173644375191,1,1
8803,1992,0,2,,0.0018301039809639234,,0.0018385777716057121,,0.0018773498558731126,,0.0019270280408037244,,0.0019403455246146313,,0.0019488136230450689,,0.0020808977377828938,,0.0021887390951785685,,0.0024638202700683056,,0.0025801339410288153,,0.002758247914369382,,0.0031169218408817504,,0.0032453297537714445,,0.0036076113933331535,,0.003981992265806737,,0.004263044219017933,,0.00472462693097871,,0.005171636956705545,,0.005533793156268142,,0.006105530639800059,,0.006144705595747218,,0.006671681868229022,,0.0070311362642651,,0.007343713581345552,,0.007985375080641453,,0.008265090304247167,,0.008712246183909976,,0.009216737818440263,,0.009698919588255682,,0.010451546828954189,,0.011076440688584953,,0.012169615849414174,,0.013090517108466466,,0.014107270325702855,,0.015405988778330415,,0.015305477183838956,,0.01656826943749314,,0.0180461134504004,,0.01935359083092323,,0.020992749792968664,,0.02233198698940972,,0.023832647730387246,,0.025756910752662978,,0.028017990248373457,,0.03099570686672566,,0.033666850706058925,,0.03704948047249522,,0.04062473072547326,,0.044133633921975834,,0.04881538185875497,,0.05493536276171261,,0.060696855536939764,,0.06688960417925764,,0.07448527203188807,,0.08182946313820012,,0.08796228540692723,,0.09920918159333832,,0.1076309773104701,,0.11776388501638133,,0.13319599632981938,,0.1409393398887985,,0.15804617932133588,,0.17751368982782403,,0.19389820243582975,,0.2142988521882314,,0.23129975035317077,,0.2569653600710474,,0.26884576363541807,,0.293097753004841,,0.3094792906964434,,0.32687142247182543,,0.3485199212417353,,0.3653901585099705,,0.3860882570981453,,0.408232892735696,,0.4320150165316149,,0.45700112537980064,,0.4834383727667639,,0.5113962304813164,,0.540968708022029,,0.5736482503209035,,0.6070324732675149,,0.6423490863373895,,0.6797289216454423,,0.7192726769015816,,0.7607657300792467,,0.7975789080193075,,0.8409431083743789,,0.8871173644375191,1,1
8804,1992,0,2,,0.0018301039809639234,,0.0018385777716057121,,0.0018773498558731126,,0.0019270280408037244,,0.0019403455246146313,,0.0019488136230450689,,0.0020808977377828938,,0.0021887390951785685,,0.0024638202700683056,,0.0025801339410288153,,0.002758247914369382,,0.0031169218408817504,,0.0032453297537714445,,0.0036076113933331535,,0.003981992265806737,,0.004263044219017933,,0.00472462693097871,,0.005171636956705545,,0.005533793156268142,,0.006105530639800059,,0.006144705595747218,,0.006671681868229022,,0.0070311362642651,,0.007343713581345552,,0.007985375080641453,,0.008265090304247167,,0.008712246183909976,,0.009216737818440263,,0.009698919588255682,,0.010451546828954189,,0.011076440688584953,,0.012169615849414174,,0.013090517108466466,,0.014107270325702855,,0.015405988778330415,,0.015305477183838956,,0.01656826943749314,,0.0180461134504004,,0.01935359083092323,,0.020992749792968664,,0.02233198698940972,,0.023832647730387246,,0.025756910752662978,,0.028017990248373457,,0.03099570686672566,,0.033666850706058925,,0.03704948047249522,,0.04062473072547326,,0.044133633921975834,,0.04881538185875497,,0.05493536276171261,,0.060696855536939764,,0.06688960417925764,,0.07448527203188807,,0.08182946313820012,,0.08796228540692723,,0.09920918159333832,,0.1076309773104701,,0.11776388501638133,,0.13319599632981938,,0.1409393398887985,,0.15804617932133588,,0.17751368982782403,,0.19389820243582975,,0.2142988521882314,,0.23129975035317077,,0.2569653600710474,,0.26884576363541807,,0.293097753004841,,0.3094792906964434,,0.32687142247182543,,0.3485199212417353,,0.3653901585099705,,0.3860882570981453,,0.408232892735696,,0.4320150165316149,,0.45700112537980064,,0.4834383727667639,,0.5113962304813164,,0.540968708022029,,0.5736482503209035,,0.6070324732675149,,0.6423490863373895,,0.6797289216454423,,0.7192726769015816,,0.7607657300792467,,0.7975789080193075,,0.8409431083743789,,0.8871173644375191,1,1
8805,1992,0,2,,0.0018301039809639234,,0.0018385777716057121,,0.0018773498558731126,,0.0019270280408037244,,0.0019403455246146313,,0.0019488136230450689,,0.0020808977377828938,,0.0021887390951785685,,0.0024638202700683056,,0.0025801339410288153,,0.002758247914369382,,0.0031169218408817504,,0.0032453297537714445,,0.0036076113933331535,,0.003981992265806737,,0.004263044219017933,,0.00472462693097871,,0.005171636956705545,,0.005533793156268142,,0.006105530639800059,,0.006144705595747218,,0.006671681868229022,,0.0070311362642651,,0.007343713581345552,,0.007985375080641453,,0.008265090304247167,,0.008712246183909976,,0.009216737818440263,,0.009698919588255682,,0.010451546828954189,,0.011076440688584953,,0.012169615849414174,,0.013090517108466466,,0.014107270325702855,,0.015405988778330415,,0.015305477183838956,,0.01656826943749314,,0.0180461134504004,,0.01935359083092323,,0.020992749792968664,,0.02233198698940972,,0.023832647730387246,,0.025756910752662978,,0.028017990248373457,,0.03099570686672566,,0.033666850706058925,,0.03704948047249522,,0.04062473072547326,,0.044133633921975834,,0.04881538185875497,,0.05493536276171261,,0.060696855536939764,,0.06688960417925764,,0.07448527203188807,,0.08182946313820012,,0.08796228540692723,,0.09920918159333832,,0.1076309773104701,,0.11776388501638133,,0.13319599632981938,,0.1409393398887985,,0.15804617932133588,,0.17751368982782403,,0.19389820243582975,,0.2142988521882314,,0.23129975035317077,,0.2569653600710474,,0.26884576363541807,,0.293097753004841,,0.3094792906964434,,0.32687142247182543,,0.3485199212417353,,0.3653901585099705,,0.3860882570981453,,0.408232892735696,,0.4320150165316149,,0.45700112537980064,,0.4834383727667639,,0.5113962304813164,,0.540968708022029,,0.5736482503209035,,0.6070324732675149,,0.6423490863373895,,0.6797289216454423,,0.7192726769015816,,0.7607657300792467,,0.7975789080193075,,0.8409431083743789,,0.8871173644375191,1,1
9911,1992,2,1,7.987704824648567e-4,2.540290362875757e-4,7.859522277171358e-4,2.553640514518863e-4,7.695024466001548e-4,2.7454074628263994e-4,7.825476084554521e-4,2.8380952515093223e-4,8.27930635922829e-4,2.927509298919567e-4,8.668724418665331e-4,3.079741324310128e-4,9.171570706194892e-4,3.3840389562333654e-4,9.686863013528577e-4,3.6421488045546143e-4,9.688944964221317e-4,3.926785723803858e-4,0.0010172498675882575,4.323918948057169e-4,0.0011214759643063791,4.7178877389359705e-4,0.0012358918907042383,5.128549061850056e-4,0.0013568702289253492,5.304591407155222e-4,0.0014184238121333701,5.828068736933741e-4,0.0015707771715343195,6.417983924339684e-4,0.0017098976092284474,7.21007661852542e-4,0.0018187594941789064,7.923205319965064e-4,0.002006825540906291,8.444822153669125e-4,0.0021005807235726665,9.049675865731085e-4,0.0022768708575579915,9.701460920566155e-4,0.0030358218961783648,0.0014405049852949496,0.0032498330735941045,0.0015720166884872655,0.0033855745088443873,0.0017238116713531888,0.0034790398332007026,0.0018729709774730839,0.003744272695808227,0.002042920844323097,0.00413654503707067,0.0022272689736407432,0.004444760716752356,0.0023511704577405565,0.004798087313589752,0.0025032770277482403,0.005106467321919606,0.0026965189042172386,0.005511206981338785,0.0028730229829860617,0.005808604403886579,0.003138187704047403,0.0063481507692679795,0.003352676421342657,0.006646845325183672,0.003536263838363598,0.007025571808004827,0.0038341746707494114,0.007650992582107404,0.004198728527751776,0.010513785211424188,0.006685247325718479,0.011258026284463303,0.007219055609251948,0.012051470594914019,0.007835955000298017,0.012863403913589345,0.008418268178260096,0.01394587770329085,0.009253745625866007,0.015131727860745979,0.010049074854789184,0.01650752216859717,0.01095387833188833,0.01786433280175432,0.013996255212793234,0.019176545875777447,0.013476704210903192,0.020739013666268326,0.014053647016451206,0.022646105008041498,0.015508126666802806,0.02674872249701528,0.017093684708558425,0.027443463462062775,0.018831053702862748,0.029438958148450847,0.02074076959447882,0.03205945464913379,0.022856673588834583,0.035591529876747845,0.025944001948480188,0.039169859669183384,0.028881103156068077,0.04311091749909182,0.03204647879813726,0.047415158116408194,0.03541383244037511,0.052155874217806104,0.039104742489248986,0.058500369907974026,0.044381023464208656,0.06458431337464544,0.049318504788144264,0.07133822692775986,0.05493218872930684,0.07878254832868359,0.06124335301243624,0.08689540410554109,0.0682692724234786,0.09958994993151207,0.07988779893086574,0.1096476152662833,0.08886471996953009,0.1203484399306129,0.0984918679608285,0.1317001676662519,0.10872826457306982,0.14362797911603054,0.11952948988277863,0.16039253686063276,0.1354146278934643,0.1722913742431215,0.14670798746291444,0.18351461563282803,0.15765411381079353,0.19380961495869797,0.16803221712941308,0.2029306513415449,0.17761764500904362,0.21460265945643456,0.1899471108212198,0.22479609363252656,0.20086621900291685,0.23547275808244994,0.21241228496716524,0.2466566376170648,0.2242820677229094,0.25837039177599114,0.23715992278441858,0.2733284527092868,0.2535870881116634,0.28655662679119853,0.2682415329484123,0.3002964827242812,0.2837416604203301,0.3153159468955632,0.30014864338082836,0.3312570068319451,0.3175469536122234,0.35245281833080255,0.34032620535173486,0.37096867982161913,0.3602255024171423,0.3908975076318736,0.381282613285245,0.412118199697435,0.4037035676629324,0.4346313591716525,0.4275854389658465,0.4617544765403835,0.456518541043293,0.488375159471704,0.48155787455426263,0.518989030883867,0.5086731775488714,0.5536047011734114,0.5380420956102278,1,1
9912,1992,2,1,7.987704824648567e-4,2.540290362875757e-4,7.859522277171358e-4,2.553640514518863e-4,7.695024466001548e-4,2.7454074628263994e-4,7.825476084554521e-4,2.8380952515093223e-4,8.27930635922829e-4,2.927509298919567e-4,8.668724418665331e-4,3.079741324310128e-4,9.171570706194892e-4,3.3840389562333654e-4,9.686863013528577e-4,3.6421488045546143e-4,9.688944964221317e-4,3.926785723803858e-4,0.0010172498675882575,4.323918948057169e-4,0.0011214759643063791,4.7178877389359705e-4,0.0012358918907042383,5.128549061850056e-4,0.0013568702289253492,5.304591407155222e-4,0.0014184238121333701,5.828068736933741e-4,0.0015707771715343195,6.417983924339684e-4,0.0017098976092284474,7.21007661852542e-4,0.0018187594941789064,7.923205319965064e-4,0.002006825540906291,8.444822153669125e-4,0.0021005807235726665,9.049675865731085e-4,0.0022768708575579915,9.701460920566155e-4,0.0030358218961783648,0.0014405049852949496,0.0032498330735941045,0.0015720166884872655,0.0033855745088443873,0.0017238116713531888,0.0034790398332007026,0.0018729709774730839,0.003744272695808227,0.002042920844323097,0.00413654503707067,0.0022272689736407432,0.004444760716752356,0.0023511704577405565,0.004798087313589752,0.0025032770277482403,0.005106467321919606,0.0026965189042172386,0.005511206981338785,0.0028730229829860617,0.005808604403886579,0.003138187704047403,0.0063481507692679795,0.003352676421342657,0.006646845325183672,0.003536263838363598,0.007025571808004827,0.0038341746707494114,0.007650992582107404,0.004198728527751776,0.010513785211424188,0.006685247325718479,0.011258026284463303,0.007219055609251948,0.012051470594914019,0.007835955000298017,0.012863403913589345,0.008418268178260096,0.01394587770329085,0.009253745625866007,0.015131727860745979,0.010049074854789184,0.01650752216859717,0.01095387833188833,0.01786433280175432,0.013996255212793234,0.019176545875777447,0.013476704210903192,0.020739013666268326,0.014053647016451206,0.022646105008041498,0.015508126666802806,0.02674872249701528,0.017093684708558425,0.027443463462062775,0.018831053702862748,0.029438958148450847,0.02074076959447882,0.03205945464913379,0.022856673588834583,0.035591529876747845,0.025944001948480188,0.039169859669183384,0.028881103156068077,0.04311091749909182,0.03204647879813726,0.047415158116408194,0.03541383244037511,0.052155874217806104,0.039104742489248986,0.058500369907974026,0.044381023464208656,0.06458431337464544,0.049318504788144264,0.07133822692775986,0.05493218872930684,0.07878254832868359,0.06124335301243624,0.08689540410554109,0.0682692724234786,0.09958994993151207,0.07988779893086574,0.1096476152662833,0.08886471996953009,0.1203484399306129,0.0984918679608285,0.1317001676662519,0.10872826457306982,0.14362797911603054,0.11952948988277863,0.16039253686063276,0.1354146278934643,0.1722913742431215,0.14670798746291444,0.18351461563282803,0.15765411381079353,0.19380961495869797,0.16803221712941308,0.2029306513415449,0.17761764500904362,0.21460265945643456,0.1899471108212198,0.22479609363252656,0.20086621900291685,0.23547275808244994,0.21241228496716524,0.2466566376170648,0.2242820677229094,0.25837039177599114,0.23715992278441858,0.2733284527092868,0.2535870881116634,0.28655662679119853,0.2682415329484123,0.3002964827242812,0.2837416604203301,0.3153159468955632,0.30014864338082836,0.3312570068319451,0.3175469536122234,0.35245281833080255,0.34032620535173486,0.37096867982161913,0.3602255024171423,0.3908975076318736,0.381282613285245,0.412118199697435,0.4037035676629324,0.4346313591716525,0.4275854389658465,0.4617544765403835,0.456518541043293,0.488375159471704,0.48155787455426263,0.518989030883867,0.5086731775488714,0.5536047011734114,0.5380420956102278,1,1
9913,1992,2,1,7.987704824648567e-4,2.540290362875757e-4,7.859522277171358e-4,2.553640514518863e-4,7.695024466001548e-4,2.7454074628263994e-4,7.825476084554521e-4,2.8380952515093223e-4,8.27930635922829e-4,2.927509298919567e-4,8.668724418665331e-4,3.079741324310128e-4,9.171570706194892e-4,3.3840389562333654e-4,9.686863013528577e-4,3.6421488045546143e-4,9.688944964221317e-4,3.926785723803858e-4,0.0010172498675882575,4.323918948057169e-4,0.0011214759643063791,4.7178877389359705e-4,0.0012358918907042383,5.128549061850056e-4,0.0013568702289253492,5.304591407155222e-4,0.0014184238121333701,5.828068736933741e-4,0.0015707771715343195,6.417983924339684e-4,0.0017098976092284474,7.21007661852542e-4,0.0018187594941789064,7.923205319965064e-4,0.002006825540906291,8.444822153669125e-4,0.0021005807235726665,9.049675865731085e-4,0.0022768708575579915,9.701460920566155e-4,0.0030358218961783648,0.0014405049852949496,0.0032498330735941045,0.0015720166884872655,0.0033855745088443873,0.0017238116713531888,0.0034790398332007026,0.0018729709774730839,0.003744272695808227,0.002042920844323097,0.00413654503707067,0.0022272689736407432,0.004444760716752356,0.0023511704577405565,0.004798087313589752,0.0025032770277482403,0.005106467321919606,0.0026965189042172386,0.005511206981338785,0.0028730229829860617,0.005808604403886579,0.003138187704047403,0.0063481507692679795,0.003352676421342657,0.006646845325183672,0.003536263838363598,0.007025571808004827,0.0038341746707494114,0.007650992582107404,0.004198728527751776,0.010513785211424188,0.006685247325718479,0.011258026284463303,0.007219055609251948,0.012051470594914019,0.007835955000298017,0.012863403913589345,0.008418268178260096,0.01394587770329085,0.009253745625866007,0.015131727860745979,0.010049074854789184,0.01650752216859717,0.01095387833188833,0.01786433280175432,0.013996255212793234,0.019176545875777447,0.013476704210903192,0.020739013666268326,0.014053647016451206,0.022646105008041498,0.015508126666802806,0.02674872249701528,0.017093684708558425,0.027443463462062775,0.018831053702862748,0.029438958148450847,0.02074076959447882,0.03205945464913379,0.022856673588834583,0.035591529876747845,0.025944001948480188,0.039169859669183384,0.028881103156068077,0.04311091749909182,0.03204647879813726,0.047415158116408194,0.03541383244037511,0.052155874217806104,0.039104742489248986,0.058500369907974026,0.044381023464208656,0.06458431337464544,0.049318504788144264,0.07133822692775986,0.05493218872930684,0.07878254832868359,0.06124335301243624,0.08689540410554109,0.0682692724234786,0.09958994993151207,0.07988779893086574,0.1096476152662833,0.08886471996953009,0.1203484399306129,0.0984918679608285,0.1317001676662519,0.10872826457306982,0.14362797911603054,0.11952948988277863,0.16039253686063276,0.1354146278934643,0.1722913742431215,0.14670798746291444,0.18351461563282803,0.15765411381079353,0.19380961495869797,0.16803221712941308,0.2029306513415449,0.17761764500904362,0.21460265945643456,0.1899471108212198,0.22479609363252656,0.20086621900291685,0.23547275808244994,0.21241228496716524,0.2466566376170648,0.2242820677229094,0.25837039177599114,0.23715992278441858,0.2733284527092868,0.2535870881116634,0.28655662679119853,0.2682415329484123,0.3002964827242812,0.2837416604203301,0.3153159468955632,0.30014864338082836,0.3312570068319451,0.3175469536122234,0.35245281833080255,0.34032620535173486,0.37096867982161913,0.3602255024171423,0.3908975076318736,0.381282613285245,0.412118199697435,0.4037035676629324,0.4346313591716525,0.4275854389658465,0.4617544765403835,0.456518541043293,0.488375159471704,0.48155787455426263,0.518989030883867,0.5086731775488714,0.5536047011734114,0.5380420956102278,1,1
9914,1992,2,1,7.987704824648567e-4,2.540290362875757e-4,7.859522277171358e-4,2.553640514518863e-4,7.695024466001548e-4,2.7454074628263994e-4,7.825476084554521e-4,2.8380952515093223e-4,8.27930635922829e-4,2.927509298919567e-4,8.668724418665331e-4,3.079741324310128e-4,9.171570706194892e-4,3.3840389562333654e-4,9.686863013528577e-4,3.6421488045546143e-4,9.688944964221317e-4,3.926785723803858e-4,0.0010172498675882575,4.323918948057169e-4,0.0011214759643063791,4.7178877389359705e-4,0.0012358918907042383,5.128549061850056e-4,0.0013568702289253492,5.304591407155222e-4,0.0014184238121333701,5.828068736933741e-4,0.0015707771715343195,6.417983924339684e-4,0.0017098976092284474,7.21007661852542e-4,0.0018187594941789064,7.923205319965064e-4,0.002006825540906291,8.444822153669125e-4,0.0021005807235726665,9.049675865731085e-4,0.0022768708575579915,9.701460920566155e-4,0.0030358218961783648,0.0014405049852949496,0.0032498330735941045,0.0015720166884872655,0.0033855745088443873,0.0017238116713531888,0.0034790398332007026,0.0018729709774730839,0.003744272695808227,0.002042920844323097,0.00413654503707067,0.0022272689736407432,0.004444760716752356,0.0023511704577405565,0.004798087313589752,0.0025032770277482403,0.005106467321919606,0.0026965189042172386,0.005511206981338785,0.0028730229829860617,0.005808604403886579,0.003138187704047403,0.0063481507692679795,0.003352676421342657,0.006646845325183672,0.003536263838363598,0.007025571808004827,0.0038341746707494114,0.007650992582107404,0.004198728527751776,0.010513785211424188,0.006685247325718479,0.011258026284463303,0.007219055609251948,0.012051470594914019,0.007835955000298017,0.012863403913589345,0.008418268178260096,0.01394587770329085,0.009253745625866007,0.015131727860745979,0.010049074854789184,0.01650752216859717,0.01095387833188833,0.01786433280175432,0.013996255212793234,0.019176545875777447,0.013476704210903192,0.020739013666268326,0.014053647016451206,0.022646105008041498,0.015508126666802806,0.02674872249701528,0.017093684708558425,0.027443463462062775,0.018831053702862748,0.029438958148450847,0.02074076959447882,0.03205945464913379,0.022856673588834583,0.035591529876747845,0.025944001948480188,0.039169859669183384,0.028881103156068077,0.04311091749909182,0.03204647879813726,0.047415158116408194,0.03541383244037511,0.052155874217806104,0.039104742489248986,0.058500369907974026,0.044381023464208656,0.06458431337464544,0.049318504788144264,0.07133822692775986,0.05493218872930684,0.07878254832868359,0.06124335301243624,0.08689540410554109,0.0682692724234786,0.09958994993151207,0.07988779893086574,0.1096476152662833,0.08886471996953009,0.1203484399306129,0.0984918679608285,0.1317001676662519,0.10872826457306982,0.14362797911603054,0.11952948988277863,0.16039253686063276,0.1354146278934643,0.1722913742431215,0.14670798746291444,0.18351461563282803,0.15765411381079353,0.19380961495869797,0.16803221712941308,0.2029306513415449,0.17761764500904362,0.21460265945643456,0.1899471108212198,0.22479609363252656,0.20086621900291685,0.23547275808244994,0.21241228496716524,0.2466566376170648,0.2242820677229094,0.25837039177599114,0.23715992278441858,0.2733284527092868,0.2535870881116634,0.28655662679119853,0.2682415329484123,0.3002964827242812,0.2837416604203301,0.3153159468955632,0.30014864338082836,0.3312570068319451,0.3175469536122234,0.35245281833080255,0.34032620535173486,0.37096867982161913,0.3602255024171423,0.3908975076318736,0.381282613285245,0.412118199697435,0.4037035676629324,0.4346313591716525,0.4275854389658465,0.4617544765403835,0.456518541043293,0.488375159471704,0.48155787455426263,0.518989030883867,0.5086731775488714,0.5536047011734114,0.5380420956102278,1,1
9915,1992,2,1,7.987704824648567e-4,2.540290362875757e-4,7.859522277171358e-4,2.553640514518863e-4,7.695024466001548e-4,2.7454074628263994e-4,7.825476084554521e-4,2.8380952515093223e-4,8.27930635922829e-4,2.927509298919567e-4,8.668724418665331e-4,3.079741324310128e-4,9.171570706194892e-4,3.3840389562333654e-4,9.686863013528577e-4,3.6421488045546143e-4,9.688944964221317e-4,3.926785723803858e-4,0.0010172498675882575,4.323918948057169e-4,0.0011214759643063791,4.7178877389359705e-4,0.0012358918907042383,5.128549061850056e-4,0.0013568702289253492,5.304591407155222e-4,0.0014184238121333701,5.828068736933741e-4,0.0015707771715343195,6.417983924339684e-4,0.0017098976092284474,7.21007661852542e-4,0.0018187594941789064,7.923205319965064e-4,0.002006825540906291,8.444822153669125e-4,0.0021005807235726665,9.049675865731085e-4,0.0022768708575579915,9.701460920566155e-4,0.0030358218961783648,0.0014405049852949496,0.0032498330735941045,0.0015720166884872655,0.0033855745088443873,0.0017238116713531888,0.0034790398332007026,0.0018729709774730839,0.003744272695808227,0.002042920844323097,0.00413654503707067,0.0022272689736407432,0.004444760716752356,0.0023511704577405565,0.004798087313589752,0.0025032770277482403,0.005106467321919606,0.0026965189042172386,0.005511206981338785,0.0028730229829860617,0.005808604403886579,0.003138187704047403,0.0063481507692679795,0.003352676421342657,0.006646845325183672,0.003536263838363598,0.007025571808004827,0.0038341746707494114,0.007650992582107404,0.004198728527751776,0.010513785211424188,0.006685247325718479,0.011258026284463303,0.007219055609251948,0.012051470594914019,0.007835955000298017,0.012863403913589345,0.008418268178260096,0.01394587770329085,0.009253745625866007,0.015131727860745979,0.010049074854789184,0.01650752216859717,0.01095387833188833,0.01786433280175432,0.013996255212793234,0.019176545875777447,0.013476704210903192,0.020739013666268326,0.014053647016451206,0.022646105008041498,0.015508126666802806,0.02674872249701528,0.017093684708558425,0.027443463462062775,0.018831053702862748,0.029438958148450847,0.02074076959447882,0.03205945464913379,0.022856673588834583,0.035591529876747845,0.025944001948480188,0.039169859669183384,0.028881103156068077,0.04311091749909182,0.03204647879813726,0.047415158116408194,0.03541383244037511,0.052155874217806104,0.039104742489248986,0.058500369907974026,0.044381023464208656,0.06458431337464544,0.049318504788144264,0.07133822692775986,0.05493218872930684,0.07878254832868359,0.06124335301243624,0.08689540410554109,0.0682692724234786,0.09958994993151207,0.07988779893086574,0.1096476152662833,0.08886471996953009,0.1203484399306129,0.0984918679608285,0.1317001676662519,0.10872826457306982,0.14362797911603054,0.11952948988277863,0.16039253686063276,0.1354146278934643,0.1722913742431215,0.14670798746291444,0.18351461563282803,0.15765411381079353,0.19380961495869797,0.16803221712941308,0.2029306513415449,0.17761764500904362,0.21460265945643456,0.1899471108212198,0.22479609363252656,0.20086621900291685,0.23547275808244994,0.21241228496716524,0.2466566376170648,0.2242820677229094,0.25837039177599114,0.23715992278441858,0.2733284527092868,0.2535870881116634,0.28655662679119853,0.2682415329484123,0.3002964827242812,0.2837416604203301,0.3153159468955632,0.30014864338082836,0.3312570068319451,0.3175469536122234,0.35245281833080255,0.34032620535173486,0.37096867982161913,0.3602255024171423,0.3908975076318736,0.381282613285245,0.412118199697435,0.4037035676629324,0.4346313591716525,0.4275854389658465,0.4617544765403835,0.456518541043293,0.488375159471704,0.48155787455426263,0.518989030883867,0.5086731775488714,0.5536047011734114,0.5380420956102278,1,1
12571,1992,2,1,6.913056474855358e-4,5.689574780675982e-4,7.534291217229982e-4,6.080065188356903e-4,7.748600625444331e-4,6.48758239940892e-4,8.437660646867963e-4,6.697192710151801e-4,9.097210580975172e-4,6.72584241169778e-4,0.0010127275455966425,6.862015495706829e-4,0.001100092154367303,7.111394635161787e-4,0.0011605885334622262,7.598483407512666e-4,0.0012503191442434602,8.006483630325629e-4,0.0013146765175924885,8.635306457288052e-4,0.0014015606305970046,9.252998985831079e-4,0.001433484079454241,9.718083896115111e-4,0.001541883205936917,0.0010341866719384173,0.0016470286239530674,0.0011147077659678735,0.0017459283349236395,0.0012235743209341708,0.001859964945530569,0.0013239946927848536,0.001985794938395679,0.001426732315875492,0.0021696292926834527,0.0015686171033363738,0.0023518530098160712,0.0017134174496176173,0.0024685938928574935,0.0018322427340723357,0.004768877486908029,0.00203468896796541,0.005165896027597692,0.0021860163536396855,0.005654031702974144,0.002370738756599956,0.006117540072537971,0.0026020978272742984,0.006606241881082359,0.002822140623383789,0.007108633461278099,0.003090049675539282,0.007686268323077728,0.0032886657825578233,0.0081610075644724,0.0036162673243235236,0.008821293611146933,0.0038591078616611774,0.009322052449717247,0.00422537863272773,0.010175919613325764,0.004572552009278441,0.010980885372623306,0.00494269408869214,0.011800777019915231,0.0053289924158010015,0.012797125123786623,0.005827815937709392,0.01356590624008819,0.006107224825938764,0.018507189982641996,0.00955920019413713,0.019762769136572624,0.010284522291154128,0.020945379341074252,0.010964489751552488,0.022460421550870562,0.011946767445792645,0.023922218075267846,0.012555346274162032,0.025362431642730034,0.013587426669300873,0.02642091052718832,0.014796472300916002,0.028834038025536704,0.015989939632646333,0.030148626912349992,0.01757288847770196,0.032078152381917746,0.019153299292197033,0.035073144183403654,0.021259458343973612,0.03700558997677652,0.023203987236958427,0.04037484744462173,0.025783600770539903,0.043736195857378084,0.028352935960595932,0.04747102742710736,0.031206613585725438,0.052428247400011584,0.03737936053188905,0.05736525534324434,0.03933819554204098,0.06398249810090585,0.04300322722104012,0.0689502634805952,0.047490534738451815,0.07745689162059037,0.0524531863965964,0.0853418856062808,0.05868197120591581,0.09412446067832556,0.06521315658068146,0.10660151356346856,0.07264266082319422,0.11524510017408546,0.08101284240770656,0.12693155512470916,0.09030409727412847,0.1414002135352895,0.1035248547904738,0.15569909089662948,0.11514370322105939,0.17092998009747715,0.1276183699867332,0.18705540100455043,0.1408738148233827,0.20399984850526792,0.15486313338774904,0.2239407645561377,0.17327180541298323,0.24055246053358967,0.18769740205630897,0.25621930563877315,0.20170166182248303,0.27059098145828636,0.21497387790747044,0.28332839164911494,0.227243103148288,0.29821854996889646,0.24219200117908865,0.3123869191334316,0.25611522080257176,0.3272163183344529,0.2708434102080112,0.3427230138619264,0.28641074697672325,0.3589991637833149,0.30287192359519116,0.3781453691910192,0.32285549689620596,0.39625195567081273,0.3415289240091773,0.4152123246474461,0.36127991427332723,0.43514537591219654,0.3821734301622876,0.4561807132722874,0.4042735400173667,0.48194803158526095,0.4318451380297382,0.5061458522619522,0.45643916677380264,0.5321484244676872,0.48305038946672774,0.5605360152043027,0.5113890358037095,0.5913228306270047,0.541431554726299,0.6273591957537563,0.5763137008439351,0.6637529508904586,0.6071035605846472,0.7092708481424536,0.6396320320929799,0.7622940363319548,0.6744154608691012,1,1
12572,1992,2,1,6.913056474855358e-4,5.689574780675982e-4,7.534291217229982e-4,6.080065188356903e-4,7.748600625444331e-4,6.48758239940892e-4,8.437660646867963e-4,6.697192710151801e-4,9.097210580975172e-4,6.72584241169778e-4,0.0010127275455966425,6.862015495706829e-4,0.001100092154367303,7.111394635161787e-4,0.0011605885334622262,7.598483407512666e-4,0.0012503191442434602,8.006483630325629e-4,0.0013146765175924885,8.635306457288052e-4,0.0014015606305970046,9.252998985831079e-4,0.001433484079454241,9.718083896115111e-4,0.001541883205936917,0.0010341866719384173,0.0016470286239530674,0.0011147077659678735,0.0017459283349236395,0.0012235743209341708,0.001859964945530569,0.0013239946927848536,0.001985794938395679,0.001426732315875492,0.0021696292926834527,0.0015686171033363738,0.0023518530098160712,0.0017134174496176173,0.0024685938928574935,0.0018322427340723357,0.004768877486908029,0.00203468896796541,0.005165896027597692,0.0021860163536396855,0.005654031702974144,0.002370738756599956,0.006117540072537971,0.0026020978272742984,0.006606241881082359,0.002822140623383789,0.007108633461278099,0.003090049675539282,0.007686268323077728,0.0032886657825578233,0.0081610075644724,0.0036162673243235236,0.008821293611146933,0.0038591078616611774,0.009322052449717247,0.00422537863272773,0.010175919613325764,0.004572552009278441,0.010980885372623306,0.00494269408869214,0.011800777019915231,0.0053289924158010015,0.012797125123786623,0.005827815937709392,0.01356590624008819,0.006107224825938764,0.018507189982641996,0.00955920019413713,0.019762769136572624,0.010284522291154128,0.020945379341074252,0.010964489751552488,0.022460421550870562,0.011946767445792645,0.023922218075267846,0.012555346274162032,0.025362431642730034,0.013587426669300873,0.02642091052718832,0.014796472300916002,0.028834038025536704,0.015989939632646333,0.030148626912349992,0.01757288847770196,0.032078152381917746,0.019153299292197033,0.035073144183403654,0.021259458343973612,0.03700558997677652,0.023203987236958427,0.04037484744462173,0.025783600770539903,0.043736195857378084,0.028352935960595932,0.04747102742710736,0.031206613585725438,0.052428247400011584,0.03737936053188905,0.05736525534324434,0.03933819554204098,0.06398249810090585,0.04300322722104012,0.0689502634805952,0.047490534738451815,0.07745689162059037,0.0524531863965964,0.0853418856062808,0.05868197120591581,0.09412446067832556,0.06521315658068146,0.10660151356346856,0.07264266082319422,0.11524510017408546,0.08101284240770656,0.12693155512470916,0.09030409727412847,0.1414002135352895,0.1035248547904738,0.15569909089662948,0.11514370322105939,0.17092998009747715,0.1276183699867332,0.18705540100455043,0.1408738148233827,0.20399984850526792,0.15486313338774904,0.2239407645561377,0.17327180541298323,0.24055246053358967,0.18769740205630897,0.25621930563877315,0.20170166182248303,0.27059098145828636,0.21497387790747044,0.28332839164911494,0.227243103148288,0.29821854996889646,0.24219200117908865,0.3123869191334316,0.25611522080257176,0.3272163183344529,0.2708434102080112,0.3427230138619264,0.28641074697672325,0.3589991637833149,0.30287192359519116,0.3781453691910192,0.32285549689620596,0.39625195567081273,0.3415289240091773,0.4152123246474461,0.36127991427332723,0.43514537591219654,0.3821734301622876,0.4561807132722874,0.4042735400173667,0.48194803158526095,0.4318451380297382,0.5061458522619522,0.45643916677380264,0.5321484244676872,0.48305038946672774,0.5605360152043027,0.5113890358037095,0.5913228306270047,0.541431554726299,0.6273591957537563,0.5763137008439351,0.6637529508904586,0.6071035605846472,0.7092708481424536,0.6396320320929799,0.7622940363319548,0.6744154608691012,1,1
12573,1992,2,1,6.913056474855358e-4,5.689574780675982e-4,7.534291217229982e-4,6.080065188356903e-4,7.748600625444331e-4,6.48758239940892e-4,8.437660646867963e-4,6.697192710151801e-4,9.097210580975172e-4,6.72584241169778e-4,0.0010127275455966425,6.862015495706829e-4,0.001100092154367303,7.111394635161787e-4,0.0011605885334622262,7.598483407512666e-4,0.0012503191442434602,8.006483630325629e-4,0.0013146765175924885,8.635306457288052e-4,0.0014015606305970046,9.252998985831079e-4,0.001433484079454241,9.718083896115111e-4,0.001541883205936917,0.0010341866719384173,0.0016470286239530674,0.0011147077659678735,0.0017459283349236395,0.0012235743209341708,0.001859964945530569,0.0013239946927848536,0.001985794938395679,0.001426732315875492,0.0021696292926834527,0.0015686171033363738,0.0023518530098160712,0.0017134174496176173,0.0024685938928574935,0.0018322427340723357,0.004768877486908029,0.00203468896796541,0.005165896027597692,0.0021860163536396855,0.005654031702974144,0.002370738756599956,0.006117540072537971,0.0026020978272742984,0.006606241881082359,0.002822140623383789,0.007108633461278099,0.003090049675539282,0.007686268323077728,0.0032886657825578233,0.0081610075644724,0.0036162673243235236,0.008821293611146933,0.0038591078616611774,0.009322052449717247,0.00422537863272773,0.010175919613325764,0.004572552009278441,0.010980885372623306,0.00494269408869214,0.011800777019915231,0.0053289924158010015,0.012797125123786623,0.005827815937709392,0.01356590624008819,0.006107224825938764,0.018507189982641996,0.00955920019413713,0.019762769136572624,0.010284522291154128,0.020945379341074252,0.010964489751552488,0.022460421550870562,0.011946767445792645,0.023922218075267846,0.012555346274162032,0.025362431642730034,0.013587426669300873,0.02642091052718832,0.014796472300916002,0.028834038025536704,0.015989939632646333,0.030148626912349992,0.01757288847770196,0.032078152381917746,0.019153299292197033,0.035073144183403654,0.021259458343973612,0.03700558997677652,0.023203987236958427,0.04037484744462173,0.025783600770539903,0.043736195857378084,0.028352935960595932,0.04747102742710736,0.031206613585725438,0.052428247400011584,0.03737936053188905,0.05736525534324434,0.03933819554204098,0.06398249810090585,0.04300322722104012,0.0689502634805952,0.047490534738451815,0.07745689162059037,0.0524531863965964,0.0853418856062808,0.05868197120591581,0.09412446067832556,0.06521315658068146,0.10660151356346856,0.07264266082319422,0.11524510017408546,0.08101284240770656,0.12693155512470916,0.09030409727412847,0.1414002135352895,0.1035248547904738,0.15569909089662948,0.11514370322105939,0.17092998009747715,0.1276183699867332,0.18705540100455043,0.1408738148233827,0.20399984850526792,0.15486313338774904,0.2239407645561377,0.17327180541298323,0.24055246053358967,0.18769740205630897,0.25621930563877315,0.20170166182248303,0.27059098145828636,0.21497387790747044,0.28332839164911494,0.227243103148288,0.29821854996889646,0.24219200117908865,0.3123869191334316,0.25611522080257176,0.3272163183344529,0.2708434102080112,0.3427230138619264,0.28641074697672325,0.3589991637833149,0.30287192359519116,0.3781453691910192,0.32285549689620596,0.39625195567081273,0.3415289240091773,0.4152123246474461,0.36127991427332723,0.43514537591219654,0.3821734301622876,0.4561807132722874,0.4042735400173667,0.48194803158526095,0.4318451380297382,0.5061458522619522,0.45643916677380264,0.5321484244676872,0.48305038946672774,0.5605360152043027,0.5113890358037095,0.5913228306270047,0.541431554726299,0.6273591957537563,0.5763137008439351,0.6637529508904586,0.6071035605846472,0.7092708481424536,0.6396320320929799,0.7622940363319548,0.6744154608691012,1,1
12574,1992,2,1,6.913056474855358e-4,5.689574780675982e-4,7.534291217229982e-4,6.080065188356903e-4,7.748600625444331e-4,6.48758239940892e-4,8.437660646867963e-4,6.697192710151801e-4,9.097210580975172e-4,6.72584241169778e-4,0.0010127275455966425,6.862015495706829e-4,0.001100092154367303,7.111394635161787e-4,0.0011605885334622262,7.598483407512666e-4,0.0012503191442434602,8.006483630325629e-4,0.0013146765175924885,8.635306457288052e-4,0.0014015606305970046,9.252998985831079e-4,0.001433484079454241,9.718083896115111e-4,0.001541883205936917,0.0010341866719384173,0.0016470286239530674,0.0011147077659678735,0.0017459283349236395,0.0012235743209341708,0.001859964945530569,0.0013239946927848536,0.001985794938395679,0.001426732315875492,0.0021696292926834527,0.0015686171033363738,0.0023518530098160712,0.0017134174496176173,0.0024685938928574935,0.0018322427340723357,0.004768877486908029,0.00203468896796541,0.005165896027597692,0.0021860163536396855,0.005654031702974144,0.002370738756599956,0.006117540072537971,0.0026020978272742984,0.006606241881082359,0.002822140623383789,0.007108633461278099,0.003090049675539282,0.007686268323077728,0.0032886657825578233,0.0081610075644724,0.0036162673243235236,0.008821293611146933,0.0038591078616611774,0.009322052449717247,0.00422537863272773,0.010175919613325764,0.004572552009278441,0.010980885372623306,0.00494269408869214,0.011800777019915231,0.0053289924158010015,0.012797125123786623,0.005827815937709392,0.01356590624008819,0.006107224825938764,0.018507189982641996,0.00955920019413713,0.019762769136572624,0.010284522291154128,0.020945379341074252,0.010964489751552488,0.022460421550870562,0.011946767445792645,0.023922218075267846,0.012555346274162032,0.025362431642730034,0.013587426669300873,0.02642091052718832,0.014796472300916002,0.028834038025536704,0.015989939632646333,0.030148626912349992,0.01757288847770196,0.032078152381917746,0.019153299292197033,0.035073144183403654,0.021259458343973612,0.03700558997677652,0.023203987236958427,0.04037484744462173,0.025783600770539903,0.043736195857378084,0.028352935960595932,0.04747102742710736,0.031206613585725438,0.052428247400011584,0.03737936053188905,0.05736525534324434,0.03933819554204098,0.06398249810090585,0.04300322722104012,0.0689502634805952,0.047490534738451815,0.07745689162059037,0.0524531863965964,0.0853418856062808,0.05868197120591581,0.09412446067832556,0.06521315658068146,0.10660151356346856,0.07264266082319422,0.11524510017408546,0.08101284240770656,0.12693155512470916,0.09030409727412847,0.1414002135352895,0.1035248547904738,0.15569909089662948,0.11514370322105939,0.17092998009747715,0.1276183699867332,0.18705540100455043,0.1408738148233827,0.20399984850526792,0.15486313338774904,0.2239407645561377,0.17327180541298323,0.24055246053358967,0.18769740205630897,0.25621930563877315,0.20170166182248303,0.27059098145828636,0.21497387790747044,0.28332839164911494,0.227243103148288,0.29821854996889646,0.24219200117908865,0.3123869191334316,0.25611522080257176,0.3272163183344529,0.2708434102080112,0.3427230138619264,0.28641074697672325,0.3589991637833149,0.30287192359519116,0.3781453691910192,0.32285549689620596,0.39625195567081273,0.3415289240091773,0.4152123246474461,0.36127991427332723,0.43514537591219654,0.3821734301622876,0.4561807132722874,0.4042735400173667,0.48194803158526095,0.4318451380297382,0.5061458522619522,0.45643916677380264,0.5321484244676872,0.48305038946672774,0.5605360152043027,0.5113890358037095,0.5913228306270047,0.541431554726299,0.6273591957537563,0.5763137008439351,0.6637529508904586,0.6071035605846472,0.7092708481424536,0.6396320320929799,0.7622940363319548,0.6744154608691012,1,1
12575,1992,2,1,6.913056474855358e-4,5.689574780675982e-4,7.534291217229982e-4,6.080065188356903e-4,7.748600625444331e-4,6.48758239940892e-4,8.437660646867963e-4,6.697192710151801e-4,9.097210580975172e-4,6.72584241169778e-4,0.0010127275455966425,6.862015495706829e-4,0.001100092154367303,7.111394635161787e-4,0.0011605885334622262,7.598483407512666e-4,0.0012503191442434602,8.006483630325629e-4,0.0013146765175924885,8.635306457288052e-4,0.0014015606305970046,9.252998985831079e-4,0.001433484079454241,9.718083896115111e-4,0.001541883205936917,0.0010341866719384173,0.0016470286239530674,0.0011147077659678735,0.0017459283349236395,0.0012235743209341708,0.001859964945530569,0.0013239946927848536,0.001985794938395679,0.001426732315875492,0.0021696292926834527,0.0015686171033363738,0.0023518530098160712,0.0017134174496176173,0.0024685938928574935,0.0018322427340723357,0.004768877486908029,0.00203468896796541,0.005165896027597692,0.0021860163536396855,0.005654031702974144,0.002370738756599956,0.006117540072537971,0.0026020978272742984,0.006606241881082359,0.002822140623383789,0.007108633461278099,0.003090049675539282,0.007686268323077728,0.0032886657825578233,0.0081610075644724,0.0036162673243235236,0.008821293611146933,0.0038591078616611774,0.009322052449717247,0.00422537863272773,0.010175919613325764,0.004572552009278441,0.010980885372623306,0.00494269408869214,0.011800777019915231,0.0053289924158010015,0.012797125123786623,0.005827815937709392,0.01356590624008819,0.006107224825938764,0.018507189982641996,0.00955920019413713,0.019762769136572624,0.010284522291154128,0.020945379341074252,0.010964489751552488,0.022460421550870562,0.011946767445792645,0.023922218075267846,0.012555346274162032,0.025362431642730034,0.013587426669300873,0.02642091052718832,0.014796472300916002,0.028834038025536704,0.015989939632646333,0.030148626912349992,0.01757288847770196,0.032078152381917746,0.019153299292197033,0.035073144183403654,0.021259458343973612,0.03700558997677652,0.023203987236958427,0.04037484744462173,0.025783600770539903,0.043736195857378084,0.028352935960595932,0.04747102742710736,0.031206613585725438,0.052428247400011584,0.03737936053188905,0.05736525534324434,0.03933819554204098,0.06398249810090585,0.04300322722104012,0.0689502634805952,0.047490534738451815,0.07745689162059037,0.0524531863965964,0.0853418856062808,0.05868197120591581,0.09412446067832556,0.06521315658068146,0.10660151356346856,0.07264266082319422,0.11524510017408546,0.08101284240770656,0.12693155512470916,0.09030409727412847,0.1414002135352895,0.1035248547904738,0.15569909089662948,0.11514370322105939,0.17092998009747715,0.1276183699867332,0.18705540100455043,0.1408738148233827,0.20399984850526792,0.15486313338774904,0.2239407645561377,0.17327180541298323,0.24055246053358967,0.18769740205630897,0.25621930563877315,0.20170166182248303,0.27059098145828636,0.21497387790747044,0.28332839164911494,0.227243103148288,0.29821854996889646,0.24219200117908865,0.3123869191334316,0.25611522080257176,0.3272163183344529,0.2708434102080112,0.3427230138619264,0.28641074697672325,0.3589991637833149,0.30287192359519116,0.3781453691910192,0.32285549689620596,0.39625195567081273,0.3415289240091773,0.4152123246474461,0.36127991427332723,0.43514537591219654,0.3821734301622876,0.4561807132722874,0.4042735400173667,0.48194803158526095,0.4318451380297382,0.5061458522619522,0.45643916677380264,0.5321484244676872,0.48305038946672774,0.5605360152043027,0.5113890358037095,0.5913228306270047,0.541431554726299,0.6273591957537563,0.5763137008439351,0.6637529508904586,0.6071035605846472,0.7092708481424536,0.6396320320929799,0.7622940363319548,0.6744154608691012,1,1
12701,1992,0,1,0.004253642523934471,,0.004326926783583546,,0.004404156117585731,,0.004326272781876115,,0.004476998787664682,,0.004737002205614311,,0.0052592948593473835,,0.005628414098939679,,0.00610273457487828,,0.006791490849016741,,0.007376709474653695,,0.008144459318165105,,0.00901519175393023,,0.010094078599211884,,0.0110116726671629,,0.012309962386398098,,0.013446838488791182,,0.015212112007162947,,0.01643478681183924,,0.017678449699677405,,0.015193906430216746,,0.01654278554843519,,0.01741402378448503,,0.01858591696108534,,0.01975501495497814,,0.020932424749180282,,0.021978610720382742,,0.023237946852147216,,0.024807663709316672,,0.027247191881059816,,0.028835702897515088,,0.030683580937617295,,0.03335081935420958,,0.03606443777875332,,0.03888609714538739,,0.03345812547980076,,0.03571306749880474,,0.03885397153194826,,0.040548148052004594,,0.04299292472896885,,0.04564276575357528,,0.04846755251518553,,0.05292483711677893,,0.056352127413606484,,0.06075138022116297,,0.06521344511464541,,0.0699374842501504,,0.075500359524041,,0.08228382436915936,,0.08811865108517498,,0.09491105330163077,,0.10287169762862368,,0.11084000255962005,,0.11764772598408287,,0.12919991682139345,,0.13872587789977253,,0.1496039355847732,,0.16644577348651546,,0.17634838092840102,,0.1958510019540331,,0.21579538447720154,,0.23554314483094632,,0.26012346954357923,,0.2804879085196075,,0.3130480290692421,,0.3344658010957546,,0.3626197975760302,,0.38581190593416514,,0.40700958880765636,,0.42967531152936256,,0.446460358820092,,0.46732515014661014,,0.48950078572719113,,0.5127652484901392,,0.5371161764158866,,0.5634160896768635,,0.5903745722963498,,0.6190366648598739,,0.6495655234495027,,0.6815513911576541,,0.7173722370788431,,0.7528764260531137,,0.7900744683071991,,0.8290802200281644,,0.8699504708330704,,0.9146458529641432,,0.9616971691500724,,0.9999999999999999,,1,,1,1
12702,1992,0,1,0.004253642523934471,,0.004326926783583546,,0.004404156117585731,,0.004326272781876115,,0.004476998787664682,,0.004737002205614311,,0.0052592948593473835,,0.005628414098939679,,0.00610273457487828,,0.006791490849016741,,0.007376709474653695,,0.008144459318165105,,0.00901519175393023,,0.010094078599211884,,0.0110116726671629,,0.012309962386398098,,0.013446838488791182,,0.015212112007162947,,0.01643478681183924,,0.017678449699677405,,0.015193906430216746,,0.01654278554843519,,0.01741402378448503,,0.01858591696108534,,0.01975501495497814,,0.020932424749180282,,0.021978610720382742,,0.023237946852147216,,0.024807663709316672,,0.027247191881059816,,0.028835702897515088,,0.030683580937617295,,0.03335081935420958,,0.03606443777875332,,0.03888609714538739,,0.03345812547980076,,0.03571306749880474,,0.03885397153194826,,0.040548148052004594,,0.04299292472896885,,0.04564276575357528,,0.04846755251518553,,0.05292483711677893,,0.056352127413606484,,0.06075138022116297,,0.06521344511464541,,0.0699374842501504,,0.075500359524041,,0.08228382436915936,,0.08811865108517498,,0.09491105330163077,,0.10287169762862368,,0.11084000255962005,,0.11764772598408287,,0.12919991682139345,,0.13872587789977253,,0.1496039355847732,,0.16644577348651546,,0.17634838092840102,,0.1958510019540331,,0.21579538447720154,,0.23554314483094632,,0.26012346954357923,,0.2804879085196075,,0.3130480290692421,,0.3344658010957546,,0.3626197975760302,,0.38581190593416514,,0.40700958880765636,,0.42967531152936256,,0.446460358820092,,0.46732515014661014,,0.48950078572719113,,0.5127652484901392,,0.5371161764158866,,0.5634160896768635,,0.5903745722963498,,0.6190366648598739,,0.6495655234495027,,0.6815513911576541,,0.7173722370788431,,0.7528764260531137,,0.7900744683071991,,0.8290802200281644,,0.8699504708330704,,0.9146458529641432,,0.9616971691500724,,0.9999999999999999,,1,,1,1
12703,1992,0,1,0.004253642523934471,,0.004326926783583546,,0.004404156117585731,,0.004326272781876115,,0.004476998787664682,,0.004737002205614311,,0.0052592948593473835,,0.005628414098939679,,0.00610273457487828,,0.006791490849016741,,0.007376709474653695,,0.008144459318165105,,0.00901519175393023,,0.010094078599211884,,0.0110116726671629,,0.012309962386398098,,0.013446838488791182,,0.015212112007162947,,0.01643478681183924,,0.017678449699677405,,0.015193906430216746,,0.01654278554843519,,0.01741402378448503,,0.01858591696108534,,0.01975501495497814,,0.020932424749180282,,0.021978610720382742,,0.023237946852147216,,0.024807663709316672,,0.027247191881059816,,0.028835702897515088,,0.030683580937617295,,0.03335081935420958,,0.03606443777875332,,0.03888609714538739,,0.03345812547980076,,0.03571306749880474,,0.03885397153194826,,0.040548148052004594,,0.04299292472896885,,0.04564276575357528,,0.04846755251518553,,0.05292483711677893,,0.056352127413606484,,0.06075138022116297,,0.06521344511464541,,0.0699374842501504,,0.075500359524041,,0.08228382436915936,,0.08811865108517498,,0.09491105330163077,,0.10287169762862368,,0.11084000255962005,,0.11764772598408287,,0.12919991682139345,,0.13872587789977253,,0.1496039355847732,,0.16644577348651546,,0.17634838092840102,,0.1958510019540331,,0.21579538447720154,,0.23554314483094632,,0.26012346954357923,,0.2804879085196075,,0.3130480290692421,,0.3344658010957546,,0.3626197975760302,,0.38581190593416514,,0.40700958880765636,,0.42967531152936256,,0.446460358820092,,0.46732515014661014,,0.48950078572719113,,0.5127652484901392,,0.5371161764158866,,0.5634160896768635,,0.5903745722963498,,0.6190366648598739,,0.6495655234495027,,0.6815513911576541,,0.7173722370788431,,0.7528764260531137,,0.7900744683071991,,0.8290802200281644,,0.8699504708330704,,0.9146458529641432,,0.9616971691500724,,0.9999999999999999,,1,,1,1
12704,1992,0,1,0.004253642523934471,,0.004326926783583546,,0.004404156117585731,,0.004326272781876115,,0.004476998787664682,,0.004737002205614311,,0.0052592948593473835,,0.005628414098939679,,0.00610273457487828,,0.006791490849016741,,0.007376709474653695,,0.008144459318165105,,0.00901519175393023,,0.010094078599211884,,0.0110116726671629,,0.012309962386398098,,0.013446838488791182,,0.015212112007162947,,0.01643478681183924,,0.017678449699677405,,0.015193906430216746,,0.01654278554843519,,0.01741402378448503,,0.01858591696108534,,0.01975501495497814,,0.020932424749180282,,0.021978610720382742,,0.023237946852147216,,0.024807663709316672,,0.027247191881059816,,0.028835702897515088,,0.030683580937617295,,0.03335081935420958,,0.03606443777875332,,0.03888609714538739,,0.03345812547980076,,0.03571306749880474,,0.03885397153194826,,0.040548148052004594,,0.04299292472896885,,0.04564276575357528,,0.04846755251518553,,0.05292483711677893,,0.056352127413606484,,0.06075138022116297,,0.06521344511464541,,0.0699374842501504,,0.075500359524041,,0.08228382436915936,,0.08811865108517498,,0.09491105330163077,,0.10287169762862368,,0.11084000255962005,,0.11764772598408287,,0.12919991682139345,,0.13872587789977253,,0.1496039355847732,,0.16644577348651546,,0.17634838092840102,,0.1958510019540331,,0.21579538447720154,,0.23554314483094632,,0.26012346954357923,,0.2804879085196075,,0.3130480290692421,,0.3344658010957546,,0.3626197975760302,,0.38581190593416514,,0.40700958880765636,,0.42967531152936256,,0.446460358820092,,0.46732515014661014,,0.48950078572719113,,0.5127652484901392,,0.5371161764158866,,0.5634160896768635,,0.5903745722963498,,0.6190366648598739,,0.6495655234495027,,0.6815513911576541,,0.7173722370788431,,0.7528764260531137,,0.7900744683071991,,0.8290802200281644,,0.8699504708330704,,0.9146458529641432,,0.9616971691500724,,0.9999999999999999,,1,,1,1
12705,1992,0,1,0.004253642523934471,,0.004326926783583546,,0.004404156117585731,,0.004326272781876115,,0.004476998787664682,,0.004737002205614311,,0.0052592948593473835,,0.005628414098939679,,0.00610273457487828,,0.006791490849016741,,0.007376709474653695,,0.008144459318165105,,0.00901519175393023,,0.010094078599211884,,0.0110116726671629,,0.012309962386398098,,0.013446838488791182,,0.015212112007162947,,0.01643478681183924,,0.017678449699677405,,0.015193906430216746,,0.01654278554843519,,0.01741402378448503,,0.01858591696108534,,0.01975501495497814,,0.020932424749180282,,0.021978610720382742,,0.023237946852147216,,0.024807663709316672,,0.027247191881059816,,0.028835702897515088,,0.030683580937617295,,0.03335081935420958,,0.03606443777875332,,0.03888609714538739,,0.03345812547980076,,0.03571306749880474,,0.03885397153194826,,0.040548148052004594,,0.04299292472896885,,0.04564276575357528,,0.04846755251518553,,0.05292483711677893,,0.056352127413606484,,0.06075138022116297,,0.06521344511464541,,0.0699374842501504,,0.075500359524041,,0.08228382436915936,,0.08811865108517498,,0.09491105330163077,,0.10287169762862368,,0.11084000255962005,,0.11764772598408287,,0.12919991682139345,,0.13872587789977253,,0.1496039355847732,,0.16644577348651546,,0.17634838092840102,,0.1958510019540331,,0.21579538447720154,,0.23554314483094632,,0.26012346954357923,,0.2804879085196075,,0.3130480290692421,,0.3344658010957546,,0.3626197975760302,,0.38581190593416514,,0.40700958880765636,,0.42967531152936256,,0.446460358820092,,0.46732515014661014,,0.48950078572719113,,0.5127652484901392,,0.5371161764158866,,0.5634160896768635,,0.5903745722963498,,0.6190366648598739,,0.6495655234495027,,0.6815513911576541,,0.7173722370788431,,0.7528764260531137,,0.7900744683071991,,0.8290802200281644,,0.8699504708330704,,0.9146458529641432,,0.9616971691500724,,0.9999999999999999,,1,,1,1
15651,1992,0,2,,0.0014641235965566772,,0.001471692868810567,,0.0015820626045704171,,0.0016353069499005903,,0.001686637303055819,,0.001774124029854004,,0.0019491540364967828,,0.002097508845799374,,0.0022610611231825436,,0.002489285372048529,,0.0027155585534940963,,0.002951291799054525,,0.003051873087600745,,0.0033521699501698416,,0.0036904198480819926,,0.004144581715625771,,0.004552942041122977,,0.004850846432399759,,0.005196128225618259,,0.005567833705507382,,0.006396296668657367,,0.006977201798606829,,0.007647259148123237,,0.008304599280974717,,0.009052919438700095,,0.00986358923957072,,0.010405070037896317,,0.011069786081266195,,0.01191437509640761,,0.01268263254402915,,0.013839278388245948,,0.014768911230673936,,0.015558866560859433,,0.016847345840073687,,0.018422512333989945,,0.015133081626090313,,0.016330064717948595,,0.017712240268066722,,0.019013102698286398,,0.02088186043202325,,0.022655297910905012,,0.02467017057444563,,0.03148783297037636,,0.03028342096968333,,0.031539990977499315,,0.03475691931472973,,0.038310482817927656,,0.04220428606395168,,0.046484354352344194,,0.051226532823646254,,0.05814587421153818,,0.06472852548107244,,0.07182278697093498,,0.0793697229330947,,0.08764181572179011,,0.09946705264876735,,0.11053296948586488,,0.12311439624316949,,0.1372590207025695,,0.15300555923221243,,0.1790450801266182,,0.19916421681792829,,0.2207406465926991,,0.24368252853430397,,0.2678903084071236,,0.3034921881185288,,0.3288029426526567,,0.35333547572104346,,0.3765949517000047,,0.398077878075803,,0.4257107609916268,,0.4501827407615916,,0.4760598625922365,,0.5026625007050591,,0.5315244373487541,,0.5683411123808833,,0.6011847541524813,,0.6359237456170475,,0.6726951877910974,,0.7116883994096033,,0.7627414138562117,,0.807339854234104,,0.8545331948076403,,0.9047831907618692,,0.958307403698368,,0.9999999999999997,,1,,1,,1,1,1
15652,1992,0,2,,0.0014641235965566772,,0.001471692868810567,,0.0015820626045704171,,0.0016353069499005903,,0.001686637303055819,,0.001774124029854004,,0.0019491540364967828,,0.002097508845799374,,0.0022610611231825436,,0.002489285372048529,,0.0027155585534940963,,0.002951291799054525,,0.003051873087600745,,0.0033521699501698416,,0.0036904198480819926,,0.004144581715625771,,0.004552942041122977,,0.004850846432399759,,0.005196128225618259,,0.005567833705507382,,0.006396296668657367,,0.006977201798606829,,0.007647259148123237,,0.008304599280974717,,0.009052919438700095,,0.00986358923957072,,0.010405070037896317,,0.011069786081266195,,0.01191437509640761,,0.01268263254402915,,0.013839278388245948,,0.014768911230673936,,0.015558866560859433,,0.016847345840073687,,0.018422512333989945,,0.015133081626090313,,0.016330064717948595,,0.017712240268066722,,0.019013102698286398,,0.02088186043202325,,0.022655297910905012,,0.02467017057444563,,0.03148783297037636,,0.03028342096968333,,0.031539990977499315,,0.03475691931472973,,0.038310482817927656,,0.04220428606395168,,0.046484354352344194,,0.051226532823646254,,0.05814587421153818,,0.06472852548107244,,0.07182278697093498,,0.0793697229330947,,0.08764181572179011,,0.09946705264876735,,0.11053296948586488,,0.12311439624316949,,0.1372590207025695,,0.15300555923221243,,0.1790450801266182,,0.19916421681792829,,0.2207406465926991,,0.24368252853430397,,0.2678903084071236,,0.3034921881185288,,0.3288029426526567,,0.35333547572104346,,0.3765949517000047,,0.398077878075803,,0.4257107609916268,,0.4501827407615916,,0.4760598625922365,,0.5026625007050591,,0.5315244373487541,,0.5683411123808833,,0.6011847541524813,,0.6359237456170475,,0.6726951877910974,,0.7116883994096033,,0.7627414138562117,,0.807339854234104,,0.8545331948076403,,0.9047831907618692,,0.958307403698368,,0.9999999999999997,,1,,1,,1,1,1
15653,1992,0,2,,0.0014641235965566772,,0.001471692868810567,,0.0015820626045704171,,0.0016353069499005903,,0.001686637303055819,,0.001774124029854004,,0.0019491540364967828,,0.002097508845799374,,0.0022610611231825436,,0.002489285372048529,,0.0027155585534940963,,0.002951291799054525,,0.003051873087600745,,0.0033521699501698416,,0.0036904198480819926,,0.004144581715625771,,0.004552942041122977,,0.004850846432399759,,0.005196128225618259,,0.005567833705507382,,0.006396296668657367,,0.006977201798606829,,0.007647259148123237,,0.008304599280974717,,0.009052919438700095,,0.00986358923957072,,0.010405070037896317,,0.011069786081266195,,0.01191437509640761,,0.01268263254402915,,0.013839278388245948,,0.014768911230673936,,0.015558866560859433,,0.016847345840073687,,0.018422512333989945,,0.015133081626090313,,0.016330064717948595,,0.017712240268066722,,0.019013102698286398,,0.02088186043202325,,0.022655297910905012,,0.02467017057444563,,0.03148783297037636,,0.03028342096968333,,0.031539990977499315,,0.03475691931472973,,0.038310482817927656,,0.04220428606395168,,0.046484354352344194,,0.051226532823646254,,0.05814587421153818,,0.06472852548107244,,0.07182278697093498,,0.0793697229330947,,0.08764181572179011,,0.09946705264876735,,0.11053296948586488,,0.12311439624316949,,0.1372590207025695,,0.15300555923221243,,0.1790450801266182,,0.19916421681792829,,0.2207406465926991,,0.24368252853430397,,0.2678903084071236,,0.3034921881185288,,0.3288029426526567,,0.35333547572104346,,0.3765949517000047,,0.398077878075803,,0.4257107609916268,,0.4501827407615916,,0.4760598625922365,,0.5026625007050591,,0.5315244373487541,,0.5683411123808833,,0.6011847541524813,,0.6359237456170475,,0.6726951877910974,,0.7116883994096033,,0.7627414138562117,,0.807339854234104,,0.8545331948076403,,0.9047831907618692,,0.958307403698368,,0.9999999999999997,,1,,1,,1,1,1
15654,1992,0,2,,0.0014641235965566772,,0.001471692868810567,,0.0015820626045704171,,0.0016353069499005903,,0.001686637303055819,,0.001774124029854004,,0.0019491540364967828,,0.002097508845799374,,0.0022610611231825436,,0.002489285372048529,,0.0027155585534940963,,0.002951291799054525,,0.003051873087600745,,0.0033521699501698416,,0.0036904198480819926,,0.004144581715625771,,0.004552942041122977,,0.004850846432399759,,0.005196128225618259,,0.005567833705507382,,0.006396296668657367,,0.006977201798606829,,0.007647259148123237,,0.008304599280974717,,0.009052919438700095,,0.00986358923957072,,0.010405070037896317,,0.011069786081266195,,0.01191437509640761,,0.01268263254402915,,0.013839278388245948,,0.014768911230673936,,0.015558866560859433,,0.016847345840073687,,0.018422512333989945,,0.015133081626090313,,0.016330064717948595,,0.017712240268066722,,0.019013102698286398,,0.02088186043202325,,0.022655297910905012,,0.02467017057444563,,0.03148783297037636,,0.03028342096968333,,0.031539990977499315,,0.03475691931472973,,0.038310482817927656,,0.04220428606395168,,0.046484354352344194,,0.051226532823646254,,0.05814587421153818,,0.06472852548107244,,0.07182278697093498,,0.0793697229330947,,0.08764181572179011,,0.09946705264876735,,0.11053296948586488,,0.12311439624316949,,0.1372590207025695,,0.15300555923221243,,0.1790450801266182,,0.19916421681792829,,0.2207406465926991,,0.24368252853430397,,0.2678903084071236,,0.3034921881185288,,0.3288029426526567,,0.35333547572104346,,0.3765949517000047,,0.398077878075803,,0.4257107609916268,,0.4501827407615916,,0.4760598625922365,,0.5026625007050591,,0.5315244373487541,,0.5683411123808833,,0.6011847541524813,,0.6359237456170475,,0.6726951877910974,,0.7116883994096033,,0.7627414138562117,,0.807339854234104,,0.8545331948076403,,0.9047831907618692,,0.958307403698368,,0.9999999999999997,,1,,1,,1,1,1
15655,1992,0,2,,0.0014641235965566772,,0.001471692868810567,,0.0015820626045704171,,0.0016353069499005903,,0.001686637303055819,,0.001774124029854004,,0.0019491540364967828,,0.002097508845799374,,0.0022610611231825436,,0.002489285372048529,,0.0027155585534940963,,0.002951291799054525,,0.003051873087600745,,0.0033521699501698416,,0.0036904198480819926,,0.004144581715625771,,0.004552942041122977,,0.004850846432399759,,0.005196128225618259,,0.005567833705507382,,0.006396296668657367,,0.006977201798606829,,0.007647259148123237,,0.008304599280974717,,0.009052919438700095,,0.00986358923957072,,0.010405070037896317,,0.011069786081266195,,0.01191437509640761,,0.01268263254402915,,0.013839278388245948,,0.014768911230673936,,0.015558866560859433,,0.016847345840073687,,0.018422512333989945,,0.015133081626090313,,0.016330064717948595,,0.017712240268066722,,0.019013102698286398,,0.02088186043202325,,0.022655297910905012,,0.02467017057444563,,0.03148783297037636,,0.03028342096968333,,0.031539990977499315,,0.03475691931472973,,0.038310482817927656,,0.04220428606395168,,0.046484354352344194,,0.051226532823646254,,0.05814587421153818,,0.06472852548107244,,0.07182278697093498,,0.0793697229330947,,0.08764181572179011,,0.09946705264876735,,0.11053296948586488,,0.12311439624316949,,0.1372590207025695,,0.15300555923221243,,0.1790450801266182,,0.19916421681792829,,0.2207406465926991,,0.24368252853430397,,0.2678903084071236,,0.3034921881185288,,0.3288029426526567,,0.35333547572104346,,0.3765949517000047,,0.398077878075803,,0.4257107609916268,,0.4501827407615916,,0.4760598625922365,,0.5026625007050591,,0.5315244373487541,,0.5683411123808833,,0.6011847541524813,,0.6359237456170475,,0.6726951877910974,,0.7116883994096033,,0.7627414138562117,,0.807339854234104,,0.8545331948076403,,0.9047831907618692,,0.958307403698368,,0.9999999999999997,,1,,1,,1,1,1
18881,1992,2,1,0.0029817302599330167,0.0011307844128076925,0.002984315025286229,0.0011526219335569663,0.0029174443545154217,0.0012429056953097053,0.003073858909135101,0.0012954995326042518,0.0032315355563475685,0.001384800336003219,0.003350778213299831,0.001531642625514572,0.003447711567364811,0.0016983341234011189,0.0035322595983724183,0.0018303151459209907,0.003905927931059562,0.0019692512508540845,0.004195277787694747,0.0021101839173956584,0.004817247284179508,0.0022769259039263244,0.005217180983119906,0.002566713119983089,0.005614713916505949,0.002784099119990272,0.006255609131302891,0.002948923627038233,0.006762581822951827,0.0031822412000735534,0.00747327175824656,0.0034562799302845235,0.00840761328162277,0.003692652789414114,0.009175812341615075,0.0037752433215272464,0.010176450832083527,0.0039025283690771384,0.01142329146609751,0.004128120082073854,0.011977654516395835,0.004155378566375376,0.013354333187186292,0.0044649307248915415,0.014128626901319734,0.004695852475804428,0.015312197770903726,0.005038383475831218,0.016378213062849395,0.005391340979751511,0.017902743574790738,0.005719121753758347,0.01929653055754749,0.006269239848976059,0.020059081092015856,0.006788638471632844,0.020893692151666737,0.0073711121608293585,0.022400499512910215,0.0078685258525824,0.023759750620168822,0.00863454466275354,0.025736036536149975,0.009438541079885879,0.026842167449510543,0.01000936290888985,0.028700984053061433,0.010820975719596507,0.030603092646689235,0.011575964064032827,0.03465468313492256,0.01662087627898541,0.037547099759810236,0.018543355508364046,0.040219967618456094,0.02003375241544527,0.04346842809165465,0.02156792308452823,0.04633057052546734,0.023184314467022526,0.04927918585523442,0.02492255895880509,0.052954782768865796,0.027341021146307067,0.055594682564195884,0.02984561569835516,0.05900964983087125,0.03221099090259355,0.06286785531051,0.03478379594407973,0.06719069737515974,0.037978440819603214,0.07433452862383381,0.04145937344125537,0.0785442186004901,0.04386571408655882,0.08536947871579557,0.04845105395326764,0.09230219338005478,0.05209224364422498,0.09952566741207099,0.05658316849335863,0.10831671368764693,0.06317855439212787,0.11919111404176025,0.0676247563381996,0.12782919560647268,0.07554816399733505,0.13839513819653076,0.08475859742236327,0.15193567553585974,0.09395785012162602,0.16329298927468264,0.10541064021406404,0.1730852591122741,0.11452168941006581,0.1911945110388811,0.13179218380914087,0.2043545328577976,0.14413322044850296,0.22076600291093634,0.1632286577530766,0.24479284005698126,0.1813524154504584,0.2583169431711761,0.200776938783396,0.28490625526697544,0.22526877822473484,0.3113034133458223,0.24412341996540599,0.3344541798751036,0.2673831061583033,0.3600182491567681,0.2896282781412984,0.378313334244507,0.3112611687353186,0.41008954062685915,0.3317493890484979,0.4241496523146582,0.3506833269809035,0.447766898003515,0.3716922336929809,0.46840118012999393,0.3930584267084089,0.48998570179543777,0.41565169195356916,0.5164988981454431,0.4395458222185142,0.5374703395306347,0.4648002616952303,0.5638097030010022,0.4932312820152339,0.5916879015868012,0.5217508536832999,0.6209361199238821,0.5519286139435867,0.6515669628228878,0.5838369145148254,0.6836700397432565,0.617562443290785,0.7185826136518585,0.6566978531895714,0.7541485674850726,0.6949035236258149,0.7914290769280224,0.735349115815857,0.830564483838131,0.7781371818610244,0.8726247926539441,0.8234148725354197,0.9197384981137875,0.8722971546584332,0.9699483845704284,0.916031780178773,1,0.969235675591109,1,1,1,1
18882,1992,2,1,0.0029817302599330167,0.0011307844128076925,0.002984315025286229,0.0011526219335569663,0.0029174443545154217,0.0012429056953097053,0.003073858909135101,0.0012954995326042518,0.0032315355563475685,0.001384800336003219,0.003350778213299831,0.001531642625514572,0.003447711567364811,0.0016983341234011189,0.0035322595983724183,0.0018303151459209907,0.003905927931059562,0.0019692512508540845,0.004195277787694747,0.0021101839173956584,0.004817247284179508,0.0022769259039263244,0.005217180983119906,0.002566713119983089,0.005614713916505949,0.002784099119990272,0.006255609131302891,0.002948923627038233,0.006762581822951827,0.0031822412000735534,0.00747327175824656,0.0034562799302845235,0.00840761328162277,0.003692652789414114,0.009175812341615075,0.0037752433215272464,0.010176450832083527,0.0039025283690771384,0.01142329146609751,0.004128120082073854,0.011977654516395835,0.004155378566375376,0.013354333187186292,0.0044649307248915415,0.014128626901319734,0.004695852475804428,0.015312197770903726,0.005038383475831218,0.016378213062849395,0.005391340979751511,0.017902743574790738,0.005719121753758347,0.01929653055754749,0.006269239848976059,0.020059081092015856,0.006788638471632844,0.020893692151666737,0.0073711121608293585,0.022400499512910215,0.0078685258525824,0.023759750620168822,0.00863454466275354,0.025736036536149975,0.009438541079885879,0.026842167449510543,0.01000936290888985,0.028700984053061433,0.010820975719596507,0.030603092646689235,0.011575964064032827,0.03465468313492256,0.01662087627898541,0.037547099759810236,0.018543355508364046,0.040219967618456094,0.02003375241544527,0.04346842809165465,0.02156792308452823,0.04633057052546734,0.023184314467022526,0.04927918585523442,0.02492255895880509,0.052954782768865796,0.027341021146307067,0.055594682564195884,0.02984561569835516,0.05900964983087125,0.03221099090259355,0.06286785531051,0.03478379594407973,0.06719069737515974,0.037978440819603214,0.07433452862383381,0.04145937344125537,0.0785442186004901,0.04386571408655882,0.08536947871579557,0.04845105395326764,0.09230219338005478,0.05209224364422498,0.09952566741207099,0.05658316849335863,0.10831671368764693,0.06317855439212787,0.11919111404176025,0.0676247563381996,0.12782919560647268,0.07554816399733505,0.13839513819653076,0.08475859742236327,0.15193567553585974,0.09395785012162602,0.16329298927468264,0.10541064021406404,0.1730852591122741,0.11452168941006581,0.1911945110388811,0.13179218380914087,0.2043545328577976,0.14413322044850296,0.22076600291093634,0.1632286577530766,0.24479284005698126,0.1813524154504584,0.2583169431711761,0.200776938783396,0.28490625526697544,0.22526877822473484,0.3113034133458223,0.24412341996540599,0.3344541798751036,0.2673831061583033,0.3600182491567681,0.2896282781412984,0.378313334244507,0.3112611687353186,0.41008954062685915,0.3317493890484979,0.4241496523146582,0.3506833269809035,0.447766898003515,0.3716922336929809,0.46840118012999393,0.3930584267084089,0.48998570179543777,0.41565169195356916,0.5164988981454431,0.4395458222185142,0.5374703395306347,0.4648002616952303,0.5638097030010022,0.4932312820152339,0.5916879015868012,0.5217508536832999,0.6209361199238821,0.5519286139435867,0.6515669628228878,0.5838369145148254,0.6836700397432565,0.617562443290785,0.7185826136518585,0.6566978531895714,0.7541485674850726,0.6949035236258149,0.7914290769280224,0.735349115815857,0.830564483838131,0.7781371818610244,0.8726247926539441,0.8234148725354197,0.9197384981137875,0.8722971546584332,0.9699483845704284,0.916031780178773,1,0.969235675591109,1,1,1,1
18883,1992,2,1,0.0029817302599330167,0.0011307844128076925,0.002984315025286229,0.0011526219335569663,0.0029174443545154217,0.0012429056953097053,0.003073858909135101,0.0012954995326042518,0.0032315355563475685,0.001384800336003219,0.003350778213299831,0.001531642625514572,0.003447711567364811,0.0016983341234011189,0.0035322595983724183,0.0018303151459209907,0.003905927931059562,0.0019692512508540845,0.004195277787694747,0.0021101839173956584,0.004817247284179508,0.0022769259039263244,0.005217180983119906,0.002566713119983089,0.005614713916505949,0.002784099119990272,0.006255609131302891,0.002948923627038233,0.006762581822951827,0.0031822412000735534,0.00747327175824656,0.0034562799302845235,0.00840761328162277,0.003692652789414114,0.009175812341615075,0.0037752433215272464,0.010176450832083527,0.0039025283690771384,0.01142329146609751,0.004128120082073854,0.011977654516395835,0.004155378566375376,0.013354333187186292,0.0044649307248915415,0.014128626901319734,0.004695852475804428,0.015312197770903726,0.005038383475831218,0.016378213062849395,0.005391340979751511,0.017902743574790738,0.005719121753758347,0.01929653055754749,0.006269239848976059,0.020059081092015856,0.006788638471632844,0.020893692151666737,0.0073711121608293585,0.022400499512910215,0.0078685258525824,0.023759750620168822,0.00863454466275354,0.025736036536149975,0.009438541079885879,0.026842167449510543,0.01000936290888985,0.028700984053061433,0.010820975719596507,0.030603092646689235,0.011575964064032827,0.03465468313492256,0.01662087627898541,0.037547099759810236,0.018543355508364046,0.040219967618456094,0.02003375241544527,0.04346842809165465,0.02156792308452823,0.04633057052546734,0.023184314467022526,0.04927918585523442,0.02492255895880509,0.052954782768865796,0.027341021146307067,0.055594682564195884,0.02984561569835516,0.05900964983087125,0.03221099090259355,0.06286785531051,0.03478379594407973,0.06719069737515974,0.037978440819603214,0.07433452862383381,0.04145937344125537,0.0785442186004901,0.04386571408655882,0.08536947871579557,0.04845105395326764,0.09230219338005478,0.05209224364422498,0.09952566741207099,0.05658316849335863,0.10831671368764693,0.06317855439212787,0.11919111404176025,0.0676247563381996,0.12782919560647268,0.07554816399733505,0.13839513819653076,0.08475859742236327,0.15193567553585974,0.09395785012162602,0.16329298927468264,0.10541064021406404,0.1730852591122741,0.11452168941006581,0.1911945110388811,0.13179218380914087,0.2043545328577976,0.14413322044850296,0.22076600291093634,0.1632286577530766,0.24479284005698126,0.1813524154504584,0.2583169431711761,0.200776938783396,0.28490625526697544,0.22526877822473484,0.3113034133458223,0.24412341996540599,0.3344541798751036,0.2673831061583033,0.3600182491567681,0.2896282781412984,0.378313334244507,0.3112611687353186,0.41008954062685915,0.3317493890484979,0.4241496523146582,0.3506833269809035,0.447766898003515,0.3716922336929809,0.46840118012999393,0.3930584267084089,0.48998570179543777,0.41565169195356916,0.5164988981454431,0.4395458222185142,0.5374703395306347,0.4648002616952303,0.5638097030010022,0.4932312820152339,0.5916879015868012,0.5217508536832999,0.6209361199238821,0.5519286139435867,0.6515669628228878,0.5838369145148254,0.6836700397432565,0.617562443290785,0.7185826136518585,0.6566978531895714,0.7541485674850726,0.6949035236258149,0.7914290769280224,0.735349115815857,0.830564483838131,0.7781371818610244,0.8726247926539441,0.8234148725354197,0.9197384981137875,0.8722971546584332,0.9699483845704284,0.916031780178773,1,0.969235675591109,1,1,1,1
18884,1992,2,1,0.0029817302599330167,0.0011307844128076925,0.002984315025286229,0.0011526219335569663,0.0029174443545154217,0.0012429056953097053,0.003073858909135101,0.0012954995326042518,0.0032315355563475685,0.001384800336003219,0.003350778213299831,0.001531642625514572,0.003447711567364811,0.0016983341234011189,0.0035322595983724183,0.0018303151459209907,0.003905927931059562,0.0019692512508540845,0.004195277787694747,0.0021101839173956584,0.004817247284179508,0.0022769259039263244,0.005217180983119906,0.002566713119983089,0.005614713916505949,0.002784099119990272,0.006255609131302891,0.002948923627038233,0.006762581822951827,0.0031822412000735534,0.00747327175824656,0.0034562799302845235,0.00840761328162277,0.003692652789414114,0.009175812341615075,0.0037752433215272464,0.010176450832083527,0.0039025283690771384,0.01142329146609751,0.004128120082073854,0.011977654516395835,0.004155378566375376,0.013354333187186292,0.0044649307248915415,0.014128626901319734,0.004695852475804428,0.015312197770903726,0.005038383475831218,0.016378213062849395,0.005391340979751511,0.017902743574790738,0.005719121753758347,0.01929653055754749,0.006269239848976059,0.020059081092015856,0.006788638471632844,0.020893692151666737,0.0073711121608293585,0.022400499512910215,0.0078685258525824,0.023759750620168822,0.00863454466275354,0.025736036536149975,0.009438541079885879,0.026842167449510543,0.01000936290888985,0.028700984053061433,0.010820975719596507,0.030603092646689235,0.011575964064032827,0.03465468313492256,0.01662087627898541,0.037547099759810236,0.018543355508364046,0.040219967618456094,0.02003375241544527,0.04346842809165465,0.02156792308452823,0.04633057052546734,0.023184314467022526,0.04927918585523442,0.02492255895880509,0.052954782768865796,0.027341021146307067,0.055594682564195884,0.02984561569835516,0.05900964983087125,0.03221099090259355,0.06286785531051,0.03478379594407973,0.06719069737515974,0.037978440819603214,0.07433452862383381,0.04145937344125537,0.0785442186004901,0.04386571408655882,0.08536947871579557,0.04845105395326764,0.09230219338005478,0.05209224364422498,0.09952566741207099,0.05658316849335863,0.10831671368764693,0.06317855439212787,0.11919111404176025,0.0676247563381996,0.12782919560647268,0.07554816399733505,0.13839513819653076,0.08475859742236327,0.15193567553585974,0.09395785012162602,0.16329298927468264,0.10541064021406404,0.1730852591122741,0.11452168941006581,0.1911945110388811,0.13179218380914087,0.2043545328577976,0.14413322044850296,0.22076600291093634,0.1632286577530766,0.24479284005698126,0.1813524154504584,0.2583169431711761,0.200776938783396,0.28490625526697544,0.22526877822473484,0.3113034133458223,0.24412341996540599,0.3344541798751036,0.2673831061583033,0.3600182491567681,0.2896282781412984,0.378313334244507,0.3112611687353186,0.41008954062685915,0.3317493890484979,0.4241496523146582,0.3506833269809035,0.447766898003515,0.3716922336929809,0.46840118012999393,0.3930584267084089,0.48998570179543777,0.41565169195356916,0.5164988981454431,0.4395458222185142,0.5374703395306347,0.4648002616952303,0.5638097030010022,0.4932312820152339,0.5916879015868012,0.5217508536832999,0.6209361199238821,0.5519286139435867,0.6515669628228878,0.5838369145148254,0.6836700397432565,0.617562443290785,0.7185826136518585,0.6566978531895714,0.7541485674850726,0.6949035236258149,0.7914290769280224,0.735349115815857,0.830564483838131,0.7781371818610244,0.8726247926539441,0.8234148725354197,0.9197384981137875,0.8722971546584332,0.9699483845704284,0.916031780178773,1,0.969235675591109,1,1,1,1
18885,1992,2,1,0.0029817302599330167,0.0011307844128076925,0.002984315025286229,0.0011526219335569663,0.0029174443545154217,0.0012429056953097053,0.003073858909135101,0.0012954995326042518,0.0032315355563475685,0.001384800336003219,0.003350778213299831,0.001531642625514572,0.003447711567364811,0.0016983341234011189,0.0035322595983724183,0.0018303151459209907,0.003905927931059562,0.0019692512508540845,0.004195277787694747,0.0021101839173956584,0.004817247284179508,0.0022769259039263244,0.005217180983119906,0.002566713119983089,0.005614713916505949,0.002784099119990272,0.006255609131302891,0.002948923627038233,0.006762581822951827,0.0031822412000735534,0.00747327175824656,0.0034562799302845235,0.00840761328162277,0.003692652789414114,0.009175812341615075,0.0037752433215272464,0.010176450832083527,0.0039025283690771384,0.01142329146609751,0.004128120082073854,0.011977654516395835,0.004155378566375376,0.013354333187186292,0.0044649307248915415,0.014128626901319734,0.004695852475804428,0.015312197770903726,0.005038383475831218,0.016378213062849395,0.005391340979751511,0.017902743574790738,0.005719121753758347,0.01929653055754749,0.006269239848976059,0.020059081092015856,0.006788638471632844,0.020893692151666737,0.0073711121608293585,0.022400499512910215,0.0078685258525824,0.023759750620168822,0.00863454466275354,0.025736036536149975,0.009438541079885879,0.026842167449510543,0.01000936290888985,0.028700984053061433,0.010820975719596507,0.030603092646689235,0.011575964064032827,0.03465468313492256,0.01662087627898541,0.037547099759810236,0.018543355508364046,0.040219967618456094,0.02003375241544527,0.04346842809165465,0.02156792308452823,0.04633057052546734,0.023184314467022526,0.04927918585523442,0.02492255895880509,0.052954782768865796,0.027341021146307067,0.055594682564195884,0.02984561569835516,0.05900964983087125,0.03221099090259355,0.06286785531051,0.03478379594407973,0.06719069737515974,0.037978440819603214,0.07433452862383381,0.04145937344125537,0.0785442186004901,0.04386571408655882,0.08536947871579557,0.04845105395326764,0.09230219338005478,0.05209224364422498,0.09952566741207099,0.05658316849335863,0.10831671368764693,0.06317855439212787,0.11919111404176025,0.0676247563381996,0.12782919560647268,0.07554816399733505,0.13839513819653076,0.08475859742236327,0.15193567553585974,0.09395785012162602,0.16329298927468264,0.10541064021406404,0.1730852591122741,0.11452168941006581,0.1911945110388811,0.13179218380914087,0.2043545328577976,0.14413322044850296,0.22076600291093634,0.1632286577530766,0.24479284005698126,0.1813524154504584,0.2583169431711761,0.200776938783396,0.28490625526697544,0.22526877822473484,0.3113034133458223,0.24412341996540599,0.3344541798751036,0.2673831061583033,0.3600182491567681,0.2896282781412984,0.378313334244507,0.3112611687353186,0.41008954062685915,0.3317493890484979,0.4241496523146582,0.3506833269809035,0.447766898003515,0.3716922336929809,0.46840118012999393,0.3930584267084089,0.48998570179543777,0.41565169195356916,0.5164988981454431,0.4395458222185142,0.5374703395306347,0.4648002616952303,0.5638097030010022,0.4932312820152339,0.5916879015868012,0.5217508536832999,0.6209361199238821,0.5519286139435867,0.6515669628228878,0.5838369145148254,0.6836700397432565,0.617562443290785,0.7185826136518585,0.6566978531895714,0.7541485674850726,0.6949035236258149,0.7914290769280224,0.735349115815857,0.830564483838131,0.7781371818610244,0.8726247926539441,0.8234148725354197,0.9197384981137875,0.8722971546584332,0.9699483845704284,0.916031780178773,1,0.969235675591109,1,1,1,1
20771,1992,2,1,4.719755175613674e-4,3.223545364879256e-4,4.650571307013231e-4,3.330131714598884e-4,4.668047175921257e-4,3.597801966845841e-4,5.011096329049183e-4,4.0639827117112964e-4,5.417654093726563e-4,4.124691735220105e-4,5.665221742672528e-4,4.3666659199958406e-4,6.086483430180744e-4,4.718037624186287e-4,6.716801683902674e-4,5.083903601270301e-4,7.153051318495087e-4,5.705988632485943e-4,8.007414387796526e-4,6.264965503289988e-4,8.84857948892482e-4,6.717663762149963e-4,9.918472622065483e-4,7.32889585464174e-4,0.0010829885402153395,7.980723153568009e-4,0.0012106840617059063,8.500431392244634e-4,0.0013187998976290013,9.66273591668383e-4,0.0014941444734612793,0.0010307159360690601,0.001634910633630739,0.0011162416467784425,0.0017641449037191074,0.0011776240404513254,0.0018776028540843299,0.001268473389236642,0.002071299591220735,0.001336051169738966,0.00392524355103632,0.001776504120782107,0.004152171067580846,0.0018507559492893088,0.004444276551503635,0.0019787841123229807,0.004725098281612494,0.002106565929222697,0.005020395824321186,0.0022191931495442515,0.005282645779594581,0.0023103220804148762,0.00558184511637222,0.0025505814957190783,0.006229539422114946,0.002764991563124867,0.006637198683122976,0.0029606546728486636,0.007029991217391794,0.0032460185070213587,0.0076164801848437194,0.003510535103122128,0.008234238777772008,0.0038410811041446717,0.008894440939519414,0.004186159076802611,0.009556332273513327,0.004497522952742856,0.01026970547304538,0.004865242210229247,0.013560537419311283,0.007927103094522991,0.014252096701275986,0.00857627445127841,0.015234133047298298,0.009191474366072434,0.016191328842334395,0.009927417000648586,0.017249099141699684,0.010899533155971676,0.01876179851359008,0.011665136782110242,0.019979765960900925,0.012751184521581235,0.021514715732969918,0.013811486208083009,0.023078890677262466,0.014976680607298514,0.024712863618210252,0.016364637311745343,0.026660311850832945,0.018031900512116485,0.028861750267882375,0.01983763548128598,0.030908862152031636,0.021680965829377934,0.033268391163759264,0.023781101535032777,0.035944639087954394,0.025874874945793026,0.0385477566690331,0.027629133165360944,0.040718544868746966,0.030696916085436197,0.044641772687699706,0.03339105877806636,0.04807836109106141,0.03642818700455867,0.051691322674880406,0.04093269178991801,0.05715512720727883,0.04387033685987696,0.06058956471819595,0.04923548662733887,0.0672175397862348,0.05545549747245373,0.07408964114673593,0.06145282799625843,0.08114940787302849,0.06890018336558137,0.09030952107147422,0.07509821537378769,0.09785377632091324,0.08593725231236427,0.10955086715776619,0.09299419413133826,0.11821412420150902,0.10472568752649027,0.13053067206240712,0.11500384189887441,0.1412327546771564,0.12563428232347565,0.15153880959777466,0.13775521757302905,0.1629034746300833,0.14639634190123008,0.1704866610327696,0.1558009763202068,0.17839709496643977,0.16466405798166178,0.1869726063529051,0.17431753910567874,0.195860067047842,0.18433769663618343,0.20516231659625814,0.194938066541551,0.21490976324008898,0.2061422934231718,0.2251154736509354,0.21798983507720093,0.236298667887693,0.23108054023410776,0.24769054553451078,0.24444755407438157,0.25967882527314495,0.25858058821996227,0.2722407838771267,0.27353634228616935,0.28540605104578265,0.2893505665864059,0.30040028911855593,0.3073673479722911,0.3153344543368603,0.32524816711627924,0.3312445934477726,0.34415756690806454,0.34851858741640357,0.3641833007459563,0.36742545888965766,0.3853698989103124,0.38907548778799145,0.40800557914376157,0.4132870041419182,0.4285604993982987,0.44008826138860485,0.4517880221765518,0.47434034116897533,0.4766140790422608,1,1
20772,1992,2,1,4.719755175613674e-4,3.223545364879256e-4,4.650571307013231e-4,3.330131714598884e-4,4.668047175921257e-4,3.597801966845841e-4,5.011096329049183e-4,4.0639827117112964e-4,5.417654093726563e-4,4.124691735220105e-4,5.665221742672528e-4,4.3666659199958406e-4,6.086483430180744e-4,4.718037624186287e-4,6.716801683902674e-4,5.083903601270301e-4,7.153051318495087e-4,5.705988632485943e-4,8.007414387796526e-4,6.264965503289988e-4,8.84857948892482e-4,6.717663762149963e-4,9.918472622065483e-4,7.32889585464174e-4,0.0010829885402153395,7.980723153568009e-4,0.0012106840617059063,8.500431392244634e-4,0.0013187998976290013,9.66273591668383e-4,0.0014941444734612793,0.0010307159360690601,0.001634910633630739,0.0011162416467784425,0.0017641449037191074,0.0011776240404513254,0.0018776028540843299,0.001268473389236642,0.002071299591220735,0.001336051169738966,0.00392524355103632,0.001776504120782107,0.004152171067580846,0.0018507559492893088,0.004444276551503635,0.0019787841123229807,0.004725098281612494,0.002106565929222697,0.005020395824321186,0.0022191931495442515,0.005282645779594581,0.0023103220804148762,0.00558184511637222,0.0025505814957190783,0.006229539422114946,0.002764991563124867,0.006637198683122976,0.0029606546728486636,0.007029991217391794,0.0032460185070213587,0.0076164801848437194,0.003510535103122128,0.008234238777772008,0.0038410811041446717,0.008894440939519414,0.004186159076802611,0.009556332273513327,0.004497522952742856,0.01026970547304538,0.004865242210229247,0.013560537419311283,0.007927103094522991,0.014252096701275986,0.00857627445127841,0.015234133047298298,0.009191474366072434,0.016191328842334395,0.009927417000648586,0.017249099141699684,0.010899533155971676,0.01876179851359008,0.011665136782110242,0.019979765960900925,0.012751184521581235,0.021514715732969918,0.013811486208083009,0.023078890677262466,0.014976680607298514,0.024712863618210252,0.016364637311745343,0.026660311850832945,0.018031900512116485,0.028861750267882375,0.01983763548128598,0.030908862152031636,0.021680965829377934,0.033268391163759264,0.023781101535032777,0.035944639087954394,0.025874874945793026,0.0385477566690331,0.027629133165360944,0.040718544868746966,0.030696916085436197,0.044641772687699706,0.03339105877806636,0.04807836109106141,0.03642818700455867,0.051691322674880406,0.04093269178991801,0.05715512720727883,0.04387033685987696,0.06058956471819595,0.04923548662733887,0.0672175397862348,0.05545549747245373,0.07408964114673593,0.06145282799625843,0.08114940787302849,0.06890018336558137,0.09030952107147422,0.07509821537378769,0.09785377632091324,0.08593725231236427,0.10955086715776619,0.09299419413133826,0.11821412420150902,0.10472568752649027,0.13053067206240712,0.11500384189887441,0.1412327546771564,0.12563428232347565,0.15153880959777466,0.13775521757302905,0.1629034746300833,0.14639634190123008,0.1704866610327696,0.1558009763202068,0.17839709496643977,0.16466405798166178,0.1869726063529051,0.17431753910567874,0.195860067047842,0.18433769663618343,0.20516231659625814,0.194938066541551,0.21490976324008898,0.2061422934231718,0.2251154736509354,0.21798983507720093,0.236298667887693,0.23108054023410776,0.24769054553451078,0.24444755407438157,0.25967882527314495,0.25858058821996227,0.2722407838771267,0.27353634228616935,0.28540605104578265,0.2893505665864059,0.30040028911855593,0.3073673479722911,0.3153344543368603,0.32524816711627924,0.3312445934477726,0.34415756690806454,0.34851858741640357,0.3641833007459563,0.36742545888965766,0.3853698989103124,0.38907548778799145,0.40800557914376157,0.4132870041419182,0.4285604993982987,0.44008826138860485,0.4517880221765518,0.47434034116897533,0.4766140790422608,1,1
20773,1992,2,1,4.719755175613674e-4,3.223545364879256e-4,4.650571307013231e-4,3.330131714598884e-4,4.668047175921257e-4,3.597801966845841e-4,5.011096329049183e-4,4.0639827117112964e-4,5.417654093726563e-4,4.124691735220105e-4,5.665221742672528e-4,4.3666659199958406e-4,6.086483430180744e-4,4.718037624186287e-4,6.716801683902674e-4,5.083903601270301e-4,7.153051318495087e-4,5.705988632485943e-4,8.007414387796526e-4,6.264965503289988e-4,8.84857948892482e-4,6.717663762149963e-4,9.918472622065483e-4,7.32889585464174e-4,0.0010829885402153395,7.980723153568009e-4,0.0012106840617059063,8.500431392244634e-4,0.0013187998976290013,9.66273591668383e-4,0.0014941444734612793,0.0010307159360690601,0.001634910633630739,0.0011162416467784425,0.0017641449037191074,0.0011776240404513254,0.0018776028540843299,0.001268473389236642,0.002071299591220735,0.001336051169738966,0.00392524355103632,0.001776504120782107,0.004152171067580846,0.0018507559492893088,0.004444276551503635,0.0019787841123229807,0.004725098281612494,0.002106565929222697,0.005020395824321186,0.0022191931495442515,0.005282645779594581,0.0023103220804148762,0.00558184511637222,0.0025505814957190783,0.006229539422114946,0.002764991563124867,0.006637198683122976,0.0029606546728486636,0.007029991217391794,0.0032460185070213587,0.0076164801848437194,0.003510535103122128,0.008234238777772008,0.0038410811041446717,0.008894440939519414,0.004186159076802611,0.009556332273513327,0.004497522952742856,0.01026970547304538,0.004865242210229247,0.013560537419311283,0.007927103094522991,0.014252096701275986,0.00857627445127841,0.015234133047298298,0.009191474366072434,0.016191328842334395,0.009927417000648586,0.017249099141699684,0.010899533155971676,0.01876179851359008,0.011665136782110242,0.019979765960900925,0.012751184521581235,0.021514715732969918,0.013811486208083009,0.023078890677262466,0.014976680607298514,0.024712863618210252,0.016364637311745343,0.026660311850832945,0.018031900512116485,0.028861750267882375,0.01983763548128598,0.030908862152031636,0.021680965829377934,0.033268391163759264,0.023781101535032777,0.035944639087954394,0.025874874945793026,0.0385477566690331,0.027629133165360944,0.040718544868746966,0.030696916085436197,0.044641772687699706,0.03339105877806636,0.04807836109106141,0.03642818700455867,0.051691322674880406,0.04093269178991801,0.05715512720727883,0.04387033685987696,0.06058956471819595,0.04923548662733887,0.0672175397862348,0.05545549747245373,0.07408964114673593,0.06145282799625843,0.08114940787302849,0.06890018336558137,0.09030952107147422,0.07509821537378769,0.09785377632091324,0.08593725231236427,0.10955086715776619,0.09299419413133826,0.11821412420150902,0.10472568752649027,0.13053067206240712,0.11500384189887441,0.1412327546771564,0.12563428232347565,0.15153880959777466,0.13775521757302905,0.1629034746300833,0.14639634190123008,0.1704866610327696,0.1558009763202068,0.17839709496643977,0.16466405798166178,0.1869726063529051,0.17431753910567874,0.195860067047842,0.18433769663618343,0.20516231659625814,0.194938066541551,0.21490976324008898,0.2061422934231718,0.2251154736509354,0.21798983507720093,0.236298667887693,0.23108054023410776,0.24769054553451078,0.24444755407438157,0.25967882527314495,0.25858058821996227,0.2722407838771267,0.27353634228616935,0.28540605104578265,0.2893505665864059,0.30040028911855593,0.3073673479722911,0.3153344543368603,0.32524816711627924,0.3312445934477726,0.34415756690806454,0.34851858741640357,0.3641833007459563,0.36742545888965766,0.3853698989103124,0.38907548778799145,0.40800557914376157,0.4132870041419182,0.4285604993982987,0.44008826138860485,0.4517880221765518,0.47434034116897533,0.4766140790422608,1,1
20774,1992,2,1,4.719755175613674e-4,3.223545364879256e-4,4.650571307013231e-4,3.330131714598884e-4,4.668047175921257e-4,3.597801966845841e-4,5.011096329049183e-4,4.0639827117112964e-4,5.417654093726563e-4,4.124691735220105e-4,5.665221742672528e-4,4.3666659199958406e-4,6.086483430180744e-4,4.718037624186287e-4,6.716801683902674e-4,5.083903601270301e-4,7.153051318495087e-4,5.705988632485943e-4,8.007414387796526e-4,6.264965503289988e-4,8.84857948892482e-4,6.717663762149963e-4,9.918472622065483e-4,7.32889585464174e-4,0.0010829885402153395,7.980723153568009e-4,0.0012106840617059063,8.500431392244634e-4,0.0013187998976290013,9.66273591668383e-4,0.0014941444734612793,0.0010307159360690601,0.001634910633630739,0.0011162416467784425,0.0017641449037191074,0.0011776240404513254,0.0018776028540843299,0.001268473389236642,0.002071299591220735,0.001336051169738966,0.00392524355103632,0.001776504120782107,0.004152171067580846,0.0018507559492893088,0.004444276551503635,0.0019787841123229807,0.004725098281612494,0.002106565929222697,0.005020395824321186,0.0022191931495442515,0.005282645779594581,0.0023103220804148762,0.00558184511637222,0.0025505814957190783,0.006229539422114946,0.002764991563124867,0.006637198683122976,0.0029606546728486636,0.007029991217391794,0.0032460185070213587,0.0076164801848437194,0.003510535103122128,0.008234238777772008,0.0038410811041446717,0.008894440939519414,0.004186159076802611,0.009556332273513327,0.004497522952742856,0.01026970547304538,0.004865242210229247,0.013560537419311283,0.007927103094522991,0.014252096701275986,0.00857627445127841,0.015234133047298298,0.009191474366072434,0.016191328842334395,0.009927417000648586,0.017249099141699684,0.010899533155971676,0.01876179851359008,0.011665136782110242,0.019979765960900925,0.012751184521581235,0.021514715732969918,0.013811486208083009,0.023078890677262466,0.014976680607298514,0.024712863618210252,0.016364637311745343,0.026660311850832945,0.018031900512116485,0.028861750267882375,0.01983763548128598,0.030908862152031636,0.021680965829377934,0.033268391163759264,0.023781101535032777,0.035944639087954394,0.025874874945793026,0.0385477566690331,0.027629133165360944,0.040718544868746966,0.030696916085436197,0.044641772687699706,0.03339105877806636,0.04807836109106141,0.03642818700455867,0.051691322674880406,0.04093269178991801,0.05715512720727883,0.04387033685987696,0.06058956471819595,0.04923548662733887,0.0672175397862348,0.05545549747245373,0.07408964114673593,0.06145282799625843,0.08114940787302849,0.06890018336558137,0.09030952107147422,0.07509821537378769,0.09785377632091324,0.08593725231236427,0.10955086715776619,0.09299419413133826,0.11821412420150902,0.10472568752649027,0.13053067206240712,0.11500384189887441,0.1412327546771564,0.12563428232347565,0.15153880959777466,0.13775521757302905,0.1629034746300833,0.14639634190123008,0.1704866610327696,0.1558009763202068,0.17839709496643977,0.16466405798166178,0.1869726063529051,0.17431753910567874,0.195860067047842,0.18433769663618343,0.20516231659625814,0.194938066541551,0.21490976324008898,0.2061422934231718,0.2251154736509354,0.21798983507720093,0.236298667887693,0.23108054023410776,0.24769054553451078,0.24444755407438157,0.25967882527314495,0.25858058821996227,0.2722407838771267,0.27353634228616935,0.28540605104578265,0.2893505665864059,0.30040028911855593,0.3073673479722911,0.3153344543368603,0.32524816711627924,0.3312445934477726,0.34415756690806454,0.34851858741640357,0.3641833007459563,0.36742545888965766,0.3853698989103124,0.38907548778799145,0.40800557914376157,0.4132870041419182,0.4285604993982987,0.44008826138860485,0.4517880221765518,0.47434034116897533,0.4766140790422608,1,1
20775,1992,2,1,4.719755175613674e-4,3.223545364879256e-4,4.650571307013231e-4,3.330131714598884e-4,4.668047175921257e-4,3.597801966845841e-4,5.011096329049183e-4,4.0639827117112964e-4,5.417654093726563e-4,4.124691735220105e-4,5.665221742672528e-4,4.3666659199958406e-4,6.086483430180744e-4,4.718037624186287e-4,6.716801683902674e-4,5.083903601270301e-4,7.153051318495087e-4,5.705988632485943e-4,8.007414387796526e-4,6.264965503289988e-4,8.84857948892482e-4,6.717663762149963e-4,9.918472622065483e-4,7.32889585464174e-4,0.0010829885402153395,7.980723153568009e-4,0.0012106840617059063,8.500431392244634e-4,0.0013187998976290013,9.66273591668383e-4,0.0014941444734612793,0.0010307159360690601,0.001634910633630739,0.0011162416467784425,0.0017641449037191074,0.0011776240404513254,0.0018776028540843299,0.001268473389236642,0.002071299591220735,0.001336051169738966,0.00392524355103632,0.001776504120782107,0.004152171067580846,0.0018507559492893088,0.004444276551503635,0.0019787841123229807,0.004725098281612494,0.002106565929222697,0.005020395824321186,0.0022191931495442515,0.005282645779594581,0.0023103220804148762,0.00558184511637222,0.0025505814957190783,0.006229539422114946,0.002764991563124867,0.006637198683122976,0.0029606546728486636,0.007029991217391794,0.0032460185070213587,0.0076164801848437194,0.003510535103122128,0.008234238777772008,0.0038410811041446717,0.008894440939519414,0.004186159076802611,0.009556332273513327,0.004497522952742856,0.01026970547304538,0.004865242210229247,0.013560537419311283,0.007927103094522991,0.014252096701275986,0.00857627445127841,0.015234133047298298,0.009191474366072434,0.016191328842334395,0.009927417000648586,0.017249099141699684,0.010899533155971676,0.01876179851359008,0.011665136782110242,0.019979765960900925,0.012751184521581235,0.021514715732969918,0.013811486208083009,0.023078890677262466,0.014976680607298514,0.024712863618210252,0.016364637311745343,0.026660311850832945,0.018031900512116485,0.028861750267882375,0.01983763548128598,0.030908862152031636,0.021680965829377934,0.033268391163759264,0.023781101535032777,0.035944639087954394,0.025874874945793026,0.0385477566690331,0.027629133165360944,0.040718544868746966,0.030696916085436197,0.044641772687699706,0.03339105877806636,0.04807836109106141,0.03642818700455867,0.051691322674880406,0.04093269178991801,0.05715512720727883,0.04387033685987696,0.06058956471819595,0.04923548662733887,0.0672175397862348,0.05545549747245373,0.07408964114673593,0.06145282799625843,0.08114940787302849,0.06890018336558137,0.09030952107147422,0.07509821537378769,0.09785377632091324,0.08593725231236427,0.10955086715776619,0.09299419413133826,0.11821412420150902,0.10472568752649027,0.13053067206240712,0.11500384189887441,0.1412327546771564,0.12563428232347565,0.15153880959777466,0.13775521757302905,0.1629034746300833,0.14639634190123008,0.1704866610327696,0.1558009763202068,0.17839709496643977,0.16466405798166178,0.1869726063529051,0.17431753910567874,0.195860067047842,0.18433769663618343,0.20516231659625814,0.194938066541551,0.21490976324008898,0.2061422934231718,0.2251154736509354,0.21798983507720093,0.236298667887693,0.23108054023410776,0.24769054553451078,0.24444755407438157,0.25967882527314495,0.25858058821996227,0.2722407838771267,0.27353634228616935,0.28540605104578265,0.2893505665864059,0.30040028911855593,0.3073673479722911,0.3153344543368603,0.32524816711627924,0.3312445934477726,0.34415756690806454,0.34851858741640357,0.3641833007459563,0.36742545888965766,0.3853698989103124,0.38907548778799145,0.40800557914376157,0.4132870041419182,0.4285604993982987,0.44008826138860485,0.4517880221765518,0.47434034116897533,0.4766140790422608,1,1
21341,1992,0,1,8.60652793058485e-4,,8.967059491803721e-4,,9.16626493159835e-4,,9.385823478590512e-4,,9.274336242438932e-4,,9.80125716174191e-4,,0.0010324467080495914,,0.0011628092439685631,,0.0012556496943361376,,0.0013623023446591841,,0.0015179729101682258,,0.0016616179199458359,,0.0018252090936196207,,0.002028208694730994,,0.00225690173555091,,0.0024627197595697447,,0.0027611612663049913,,0.003024242394087231,,0.0034146046834218533,,0.003667051948060092,,0.006579045996260068,,0.0069981171059670865,,0.007620981939898111,,0.008104296423680504,,0.008629682494242603,,0.00909549283572619,,0.00965649089833118,,0.010157362452156753,,0.010855697539460408,,0.011576502564453304,,0.012549335136503482,,0.01331716145490925,,0.014251898830586359,,0.015534298819310297,,0.016791962236835965,,0.02224447103903202,,0.023787453589724675,,0.02536028020552913,,0.02754778269648371,,0.028767722555254973,,0.0304973440766629,,0.03250175246865807,,0.03455903128073085,,0.037924957621821166,,0.04034141687378696,,0.04366990180582551,,0.04700442771076264,,0.050475469460177856,,0.05459791088725708,,0.05969197434324514,,0.06384390993425483,,0.06885370435044164,,0.07487978338663204,,0.08076513312635425,,0.08578841058890925,,0.09424143797137687,,0.10108071324164969,,0.10917559720496182,,0.12157915717331395,,0.12875466591239398,,0.14286635931751834,,0.15723001715164855,,0.1711773859291604,,0.18824692263131007,,0.20241928974509135,,0.22439918339646234,,0.23791509469019162,,0.2556343456892092,,0.2696796772254901,,0.28206617271328244,,0.29777208466717564,,0.3093747938157762,,0.32388062194695516,,0.33925039312798494,,0.355371481787171,,0.37263727265611396,,0.39053953614989995,,0.4093332250672972,,0.429235097877839,,0.4506616429410692,,0.47456072320869197,,0.4984464429268457,,0.5234872545685593,,0.5498730517045481,,0.5781341108091469,,0.6096618010715327,,0.6441937281190161,,0.6849924101143743,,0.7374829516459879,,1,1
21342,1992,0,1,8.60652793058485e-4,,8.967059491803721e-4,,9.16626493159835e-4,,9.385823478590512e-4,,9.274336242438932e-4,,9.80125716174191e-4,,0.0010324467080495914,,0.0011628092439685631,,0.0012556496943361376,,0.0013623023446591841,,0.0015179729101682258,,0.0016616179199458359,,0.0018252090936196207,,0.002028208694730994,,0.00225690173555091,,0.0024627197595697447,,0.0027611612663049913,,0.003024242394087231,,0.0034146046834218533,,0.003667051948060092,,0.006579045996260068,,0.0069981171059670865,,0.007620981939898111,,0.008104296423680504,,0.008629682494242603,,0.00909549283572619,,0.00965649089833118,,0.010157362452156753,,0.010855697539460408,,0.011576502564453304,,0.012549335136503482,,0.01331716145490925,,0.014251898830586359,,0.015534298819310297,,0.016791962236835965,,0.02224447103903202,,0.023787453589724675,,0.02536028020552913,,0.02754778269648371,,0.028767722555254973,,0.0304973440766629,,0.03250175246865807,,0.03455903128073085,,0.037924957621821166,,0.04034141687378696,,0.04366990180582551,,0.04700442771076264,,0.050475469460177856,,0.05459791088725708,,0.05969197434324514,,0.06384390993425483,,0.06885370435044164,,0.07487978338663204,,0.08076513312635425,,0.08578841058890925,,0.09424143797137687,,0.10108071324164969,,0.10917559720496182,,0.12157915717331395,,0.12875466591239398,,0.14286635931751834,,0.15723001715164855,,0.1711773859291604,,0.18824692263131007,,0.20241928974509135,,0.22439918339646234,,0.23791509469019162,,0.2556343456892092,,0.2696796772254901,,0.28206617271328244,,0.29777208466717564,,0.3093747938157762,,0.32388062194695516,,0.33925039312798494,,0.355371481787171,,0.37263727265611396,,0.39053953614989995,,0.4093332250672972,,0.429235097877839,,0.4506616429410692,,0.47456072320869197,,0.4984464429268457,,0.5234872545685593,,0.5498730517045481,,0.5781341108091469,,0.6096618010715327,,0.6441937281190161,,0.6849924101143743,,0.7374829516459879,,1,1
21343,1992,0,1,8.60652793058485e-4,,8.967059491803721e-4,,9.16626493159835e-4,,9.385823478590512e-4,,9.274336242438932e-4,,9.80125716174191e-4,,0.0010324467080495914,,0.0011628092439685631,,0.0012556496943361376,,0.0013623023446591841,,0.0015179729101682258,,0.0016616179199458359,,0.0018252090936196207,,0.002028208694730994,,0.00225690173555091,,0.0024627197595697447,,0.0027611612663049913,,0.003024242394087231,,0.0034146046834218533,,0.003667051948060092,,0.006579045996260068,,0.0069981171059670865,,0.007620981939898111,,0.008104296423680504,,0.008629682494242603,,0.00909549283572619,,0.00965649089833118,,0.010157362452156753,,0.010855697539460408,,0.011576502564453304,,0.012549335136503482,,0.01331716145490925,,0.014251898830586359,,0.015534298819310297,,0.016791962236835965,,0.02224447103903202,,0.023787453589724675,,0.02536028020552913,,0.02754778269648371,,0.028767722555254973,,0.0304973440766629,,0.03250175246865807,,0.03455903128073085,,0.037924957621821166,,0.04034141687378696,,0.04366990180582551,,0.04700442771076264,,0.050475469460177856,,0.05459791088725708,,0.05969197434324514,,0.06384390993425483,,0.06885370435044164,,0.07487978338663204,,0.08076513312635425,,0.08578841058890925,,0.09424143797137687,,0.10108071324164969,,0.10917559720496182,,0.12157915717331395,,0.12875466591239398,,0.14286635931751834,,0.15723001715164855,,0.1711773859291604,,0.18824692263131007,,0.20241928974509135,,0.22439918339646234,,0.23791509469019162,,0.2556343456892092,,0.2696796772254901,,0.28206617271328244,,0.29777208466717564,,0.3093747938157762,,0.32388062194695516,,0.33925039312798494,,0.355371481787171,,0.37263727265611396,,0.39053953614989995,,0.4093332250672972,,0.429235097877839,,0.4506616429410692,,0.47456072320869197,,0.4984464429268457,,0.5234872545685593,,0.5498730517045481,,0.5781341108091469,,0.6096618010715327,,0.6441937281190161,,0.6849924101143743,,0.7374829516459879,,1,1
21344,1992,0,1,8.60652793058485e-4,,8.967059491803721e-4,,9.16626493159835e-4,,9.385823478590512e-4,,9.274336242438932e-4,,9.80125716174191e-4,,0.0010324467080495914,,0.0011628092439685631,,0.0012556496943361376,,0.0013623023446591841,,0.0015179729101682258,,0.0016616179199458359,,0.0018252090936196207,,0.002028208694730994,,0.00225690173555091,,0.0024627197595697447,,0.0027611612663049913,,0.003024242394087231,,0.0034146046834218533,,0.003667051948060092,,0.006579045996260068,,0.0069981171059670865,,0.007620981939898111,,0.008104296423680504,,0.008629682494242603,,0.00909549283572619,,0.00965649089833118,,0.010157362452156753,,0.010855697539460408,,0.011576502564453304,,0.012549335136503482,,0.01331716145490925,,0.014251898830586359,,0.015534298819310297,,0.016791962236835965,,0.02224447103903202,,0.023787453589724675,,0.02536028020552913,,0.02754778269648371,,0.028767722555254973,,0.0304973440766629,,0.03250175246865807,,0.03455903128073085,,0.037924957621821166,,0.04034141687378696,,0.04366990180582551,,0.04700442771076264,,0.050475469460177856,,0.05459791088725708,,0.05969197434324514,,0.06384390993425483,,0.06885370435044164,,0.07487978338663204,,0.08076513312635425,,0.08578841058890925,,0.09424143797137687,,0.10108071324164969,,0.10917559720496182,,0.12157915717331395,,0.12875466591239398,,0.14286635931751834,,0.15723001715164855,,0.1711773859291604,,0.18824692263131007,,0.20241928974509135,,0.22439918339646234,,0.23791509469019162,,0.2556343456892092,,0.2696796772254901,,0.28206617271328244,,0.29777208466717564,,0.3093747938157762,,0.32388062194695516,,0.33925039312798494,,0.355371481787171,,0.37263727265611396,,0.39053953614989995,,0.4093332250672972,,0.429235097877839,,0.4506616429410692,,0.47456072320869197,,0.4984464429268457,,0.5234872545685593,,0.5498730517045481,,0.5781341108091469,,0.6096618010715327,,0.6441937281190161,,0.6849924101143743,,0.7374829516459879,,1,1
21345,1992,0,1,8.60652793058485e-4,,8.967059491803721e-4,,9.16626493159835e-4,,9.385823478590512e-4,,9.274336242438932e-4,,9.80125716174191e-4,,0.0010324467080495914,,0.0011628092439685631,,0.0012556496943361376,,0.0013623023446591841,,0.0015179729101682258,,0.0016616179199458359,,0.0018252090936196207,,0.002028208694730994,,0.00225690173555091,,0.0024627197595697447,,0.0027611612663049913,,0.003024242394087231,,0.0034146046834218533,,0.003667051948060092,,0.006579045996260068,,0.0069981171059670865,,0.007620981939898111,,0.008104296423680504,,0.008629682494242603,,0.00909549283572619,,0.00965649089833118,,0.010157362452156753,,0.010855697539460408,,0.011576502564453304,,0.012549335136503482,,0.01331716145490925,,0.014251898830586359,,0.015534298819310297,,0.016791962236835965,,0.02224447103903202,,0.023787453589724675,,0.02536028020552913,,0.02754778269648371,,0.028767722555254973,,0.0304973440766629,,0.03250175246865807,,0.03455903128073085,,0.037924957621821166,,0.04034141687378696,,0.04366990180582551,,0.04700442771076264,,0.050475469460177856,,0.05459791088725708,,0.05969197434324514,,0.06384390993425483,,0.06885370435044164,,0.07487978338663204,,0.08076513312635425,,0.08578841058890925,,0.09424143797137687,,0.10108071324164969,,0.10917559720496182,,0.12157915717331395,,0.12875466591239398,,0.14286635931751834,,0.15723001715164855,,0.1711773859291604,,0.18824692263131007,,0.20241928974509135,,0.22439918339646234,,0.23791509469019162,,0.2556343456892092,,0.2696796772254901,,0.28206617271328244,,0.29777208466717564,,0.3093747938157762,,0.32388062194695516,,0.33925039312798494,,0.355371481787171,,0.37263727265611396,,0.39053953614989995,,0.4093332250672972,,0.429235097877839,,0.4506616429410692,,0.47456072320869197,,0.4984464429268457,,0.5234872545685593,,0.5498730517045481,,0.5781341108091469,,0.6096618010715327,,0.6441937281190161,,0.6849924101143743,,0.7374829516459879,,1,1
22061,1992,2,1,6.772072572510198e-4,2.35921523848221e-4,6.5058692641482e-4,2.5130110920095687e-4,6.521034528874303e-4,2.5643916305158023e-4,6.814198615371167e-4,2.6510133045003464e-4,7.1427459576454e-4,2.763280744150954e-4,7.548948461923649e-4,3.035696774896964e-4,7.923755749663586e-4,3.266551913965635e-4,7.932682552991327e-4,3.478262903318574e-4,8.234060468239961e-4,3.9302895790946845e-4,9.021892907521923e-4,4.2607266000916234e-4,0.0010004156173415034,4.55605276795029e-4,0.001101894601664282,4.7265457885787985e-4,0.0011498668556594795,5.1279130450758e-4,0.0012705638116055986,5.737850596030624e-4,0.0013758563347730218,6.386581242384915e-4,0.0014639721085254447,7.016449578352862e-4,0.0016189556424849936,7.524851741217702e-4,0.001703109180813544,7.985542190780675e-4,0.0018330056281077953,8.619970029269063e-4,0.0019977667739461994,9.216475410853311e-4,0.0027468850109147944,0.0014108827322938432,0.002853933907767838,0.0015435819838897733,0.002915940249767307,0.001668750662567929,0.0031283743356342805,0.0018317398728654416,0.0034281030653718018,0.0019966707830070306,0.0037142695435041125,0.002109205527517842,0.004028608922255176,0.0022524483229792495,0.004295455806581903,0.002415214856372175,0.004632819196622681,0.002582711845098702,0.004866877107459501,0.0027959264379354403,0.005326719632586314,0.0030045367538199404,0.00559558212553004,0.003167131132572646,0.005917705596163916,0.0034116980306831274,0.006441577373460674,0.003738906910207344,0.00683233056109985,0.004114703870778347,0.009571212736381833,0.006506356566121709,0.010284121397382426,0.007064669177994391,0.01102748066654319,0.007575647872598672,0.011938259819955973,0.008350699216804475,0.012863468630828668,0.00902239790747738,0.014027495325457289,0.00978470959112453,0.015199224794119556,0.012712423296158843,0.01631520863335776,0.012132525163713728,0.017600178802010882,0.012577562969136718,0.019038573971611957,0.013678766953622459,0.02271586772513073,0.01514564818820967,0.023197263661513527,0.01668094057548799,0.024871877514610435,0.01838210231686743,0.027081749913318943,0.020241047372023223,0.029509557599362798,0.022306080928017946,0.03283306619682845,0.025381256146347838,0.03613781447591526,0.028256878969843597,0.039769867736012265,0.03134758650869949,0.04373973369008832,0.034647766022037556,0.04811395917165805,0.03825286708210923,0.054063132425604385,0.043499440923577236,0.059686149412846695,0.048330817040309684,0.06593111660062619,0.05381885745790384,0.07280372314769064,0.0600223343666812,0.0803088117917202,0.06690417465680032,0.0922705370999884,0.07850166703140178,0.10157044348045612,0.08731773961183774,0.11150817650234489,0.09677815616415765,0.12202192324425445,0.10684087719323092,0.13308592832226798,0.11744947189887903,0.14884154864463994,0.13326469830879537,0.15988348027038116,0.14437875627578994,0.1702984496736915,0.15515110319121272,0.1798520526316044,0.1653644448588643,0.18831622703329604,0.17479766830819968,0.1992323381673254,0.18701091331308006,0.20869570659355802,0.19776122477929797,0.21860764795634127,0.20882472191013451,0.22899053195532157,0.2208150467870071,0.2398653256495184,0.23349383270242968,0.2537206339410941,0.24975402217149076,0.26567442076135395,0.2641869577956414,0.27871047321391973,0.27945279514603594,0.2924631700106478,0.295601811453829,0.30719026122454335,0.312683360585049,0.32677011911163245,0.3351869606025133,0.34368531607278147,0.35481558468252217,0.3624006843899187,0.37563260426525447,0.3831581416679459,0.39782383058821175,0.40626415652709674,0.42160327548478743,0.4348943991000604,0.4499227757758141,0.46226351375723224,0.4755337361440635,0.4921356139808006,0.5031112781553487,0.526846587032149,0.5331096863065965,1,1
22062,1992,2,1,6.772072572510198e-4,2.35921523848221e-4,6.5058692641482e-4,2.5130110920095687e-4,6.521034528874303e-4,2.5643916305158023e-4,6.814198615371167e-4,2.6510133045003464e-4,7.1427459576454e-4,2.763280744150954e-4,7.548948461923649e-4,3.035696774896964e-4,7.923755749663586e-4,3.266551913965635e-4,7.932682552991327e-4,3.478262903318574e-4,8.234060468239961e-4,3.9302895790946845e-4,9.021892907521923e-4,4.2607266000916234e-4,0.0010004156173415034,4.55605276795029e-4,0.001101894601664282,4.7265457885787985e-4,0.0011498668556594795,5.1279130450758e-4,0.0012705638116055986,5.737850596030624e-4,0.0013758563347730218,6.386581242384915e-4,0.0014639721085254447,7.016449578352862e-4,0.0016189556424849936,7.524851741217702e-4,0.001703109180813544,7.985542190780675e-4,0.0018330056281077953,8.619970029269063e-4,0.0019977667739461994,9.216475410853311e-4,0.0027468850109147944,0.0014108827322938432,0.002853933907767838,0.0015435819838897733,0.002915940249767307,0.001668750662567929,0.0031283743356342805,0.0018317398728654416,0.0034281030653718018,0.0019966707830070306,0.0037142695435041125,0.002109205527517842,0.004028608922255176,0.0022524483229792495,0.004295455806581903,0.002415214856372175,0.004632819196622681,0.002582711845098702,0.004866877107459501,0.0027959264379354403,0.005326719632586314,0.0030045367538199404,0.00559558212553004,0.003167131132572646,0.005917705596163916,0.0034116980306831274,0.006441577373460674,0.003738906910207344,0.00683233056109985,0.004114703870778347,0.009571212736381833,0.006506356566121709,0.010284121397382426,0.007064669177994391,0.01102748066654319,0.007575647872598672,0.011938259819955973,0.008350699216804475,0.012863468630828668,0.00902239790747738,0.014027495325457289,0.00978470959112453,0.015199224794119556,0.012712423296158843,0.01631520863335776,0.012132525163713728,0.017600178802010882,0.012577562969136718,0.019038573971611957,0.013678766953622459,0.02271586772513073,0.01514564818820967,0.023197263661513527,0.01668094057548799,0.024871877514610435,0.01838210231686743,0.027081749913318943,0.020241047372023223,0.029509557599362798,0.022306080928017946,0.03283306619682845,0.025381256146347838,0.03613781447591526,0.028256878969843597,0.039769867736012265,0.03134758650869949,0.04373973369008832,0.034647766022037556,0.04811395917165805,0.03825286708210923,0.054063132425604385,0.043499440923577236,0.059686149412846695,0.048330817040309684,0.06593111660062619,0.05381885745790384,0.07280372314769064,0.0600223343666812,0.0803088117917202,0.06690417465680032,0.0922705370999884,0.07850166703140178,0.10157044348045612,0.08731773961183774,0.11150817650234489,0.09677815616415765,0.12202192324425445,0.10684087719323092,0.13308592832226798,0.11744947189887903,0.14884154864463994,0.13326469830879537,0.15988348027038116,0.14437875627578994,0.1702984496736915,0.15515110319121272,0.1798520526316044,0.1653644448588643,0.18831622703329604,0.17479766830819968,0.1992323381673254,0.18701091331308006,0.20869570659355802,0.19776122477929797,0.21860764795634127,0.20882472191013451,0.22899053195532157,0.2208150467870071,0.2398653256495184,0.23349383270242968,0.2537206339410941,0.24975402217149076,0.26567442076135395,0.2641869577956414,0.27871047321391973,0.27945279514603594,0.2924631700106478,0.295601811453829,0.30719026122454335,0.312683360585049,0.32677011911163245,0.3351869606025133,0.34368531607278147,0.35481558468252217,0.3624006843899187,0.37563260426525447,0.3831581416679459,0.39782383058821175,0.40626415652709674,0.42160327548478743,0.4348943991000604,0.4499227757758141,0.46226351375723224,0.4755337361440635,0.4921356139808006,0.5031112781553487,0.526846587032149,0.5331096863065965,1,1
22063,1992,2,1,6.772072572510198e-4,2.35921523848221e-4,6.5058692641482e-4,2.5130110920095687e-4,6.521034528874303e-4,2.5643916305158023e-4,6.814198615371167e-4,2.6510133045003464e-4,7.1427459576454e-4,2.763280744150954e-4,7.548948461923649e-4,3.035696774896964e-4,7.923755749663586e-4,3.266551913965635e-4,7.932682552991327e-4,3.478262903318574e-4,8.234060468239961e-4,3.9302895790946845e-4,9.021892907521923e-4,4.2607266000916234e-4,0.0010004156173415034,4.55605276795029e-4,0.001101894601664282,4.7265457885787985e-4,0.0011498668556594795,5.1279130450758e-4,0.0012705638116055986,5.737850596030624e-4,0.0013758563347730218,6.386581242384915e-4,0.0014639721085254447,7.016449578352862e-4,0.0016189556424849936,7.524851741217702e-4,0.001703109180813544,7.985542190780675e-4,0.0018330056281077953,8.619970029269063e-4,0.0019977667739461994,9.216475410853311e-4,0.0027468850109147944,0.0014108827322938432,0.002853933907767838,0.0015435819838897733,0.002915940249767307,0.001668750662567929,0.0031283743356342805,0.0018317398728654416,0.0034281030653718018,0.0019966707830070306,0.0037142695435041125,0.002109205527517842,0.004028608922255176,0.0022524483229792495,0.004295455806581903,0.002415214856372175,0.004632819196622681,0.002582711845098702,0.004866877107459501,0.0027959264379354403,0.005326719632586314,0.0030045367538199404,0.00559558212553004,0.003167131132572646,0.005917705596163916,0.0034116980306831274,0.006441577373460674,0.003738906910207344,0.00683233056109985,0.004114703870778347,0.009571212736381833,0.006506356566121709,0.010284121397382426,0.007064669177994391,0.01102748066654319,0.007575647872598672,0.011938259819955973,0.008350699216804475,0.012863468630828668,0.00902239790747738,0.014027495325457289,0.00978470959112453,0.015199224794119556,0.012712423296158843,0.01631520863335776,0.012132525163713728,0.017600178802010882,0.012577562969136718,0.019038573971611957,0.013678766953622459,0.02271586772513073,0.01514564818820967,0.023197263661513527,0.01668094057548799,0.024871877514610435,0.01838210231686743,0.027081749913318943,0.020241047372023223,0.029509557599362798,0.022306080928017946,0.03283306619682845,0.025381256146347838,0.03613781447591526,0.028256878969843597,0.039769867736012265,0.03134758650869949,0.04373973369008832,0.034647766022037556,0.04811395917165805,0.03825286708210923,0.054063132425604385,0.043499440923577236,0.059686149412846695,0.048330817040309684,0.06593111660062619,0.05381885745790384,0.07280372314769064,0.0600223343666812,0.0803088117917202,0.06690417465680032,0.0922705370999884,0.07850166703140178,0.10157044348045612,0.08731773961183774,0.11150817650234489,0.09677815616415765,0.12202192324425445,0.10684087719323092,0.13308592832226798,0.11744947189887903,0.14884154864463994,0.13326469830879537,0.15988348027038116,0.14437875627578994,0.1702984496736915,0.15515110319121272,0.1798520526316044,0.1653644448588643,0.18831622703329604,0.17479766830819968,0.1992323381673254,0.18701091331308006,0.20869570659355802,0.19776122477929797,0.21860764795634127,0.20882472191013451,0.22899053195532157,0.2208150467870071,0.2398653256495184,0.23349383270242968,0.2537206339410941,0.24975402217149076,0.26567442076135395,0.2641869577956414,0.27871047321391973,0.27945279514603594,0.2924631700106478,0.295601811453829,0.30719026122454335,0.312683360585049,0.32677011911163245,0.3351869606025133,0.34368531607278147,0.35481558468252217,0.3624006843899187,0.37563260426525447,0.3831581416679459,0.39782383058821175,0.40626415652709674,0.42160327548478743,0.4348943991000604,0.4499227757758141,0.46226351375723224,0.4755337361440635,0.4921356139808006,0.5031112781553487,0.526846587032149,0.5331096863065965,1,1
22064,1992,2,1,6.772072572510198e-4,2.35921523848221e-4,6.5058692641482e-4,2.5130110920095687e-4,6.521034528874303e-4,2.5643916305158023e-4,6.814198615371167e-4,2.6510133045003464e-4,7.1427459576454e-4,2.763280744150954e-4,7.548948461923649e-4,3.035696774896964e-4,7.923755749663586e-4,3.266551913965635e-4,7.932682552991327e-4,3.478262903318574e-4,8.234060468239961e-4,3.9302895790946845e-4,9.021892907521923e-4,4.2607266000916234e-4,0.0010004156173415034,4.55605276795029e-4,0.001101894601664282,4.7265457885787985e-4,0.0011498668556594795,5.1279130450758e-4,0.0012705638116055986,5.737850596030624e-4,0.0013758563347730218,6.386581242384915e-4,0.0014639721085254447,7.016449578352862e-4,0.0016189556424849936,7.524851741217702e-4,0.001703109180813544,7.985542190780675e-4,0.0018330056281077953,8.619970029269063e-4,0.0019977667739461994,9.216475410853311e-4,0.0027468850109147944,0.0014108827322938432,0.002853933907767838,0.0015435819838897733,0.002915940249767307,0.001668750662567929,0.0031283743356342805,0.0018317398728654416,0.0034281030653718018,0.0019966707830070306,0.0037142695435041125,0.002109205527517842,0.004028608922255176,0.0022524483229792495,0.004295455806581903,0.002415214856372175,0.004632819196622681,0.002582711845098702,0.004866877107459501,0.0027959264379354403,0.005326719632586314,0.0030045367538199404,0.00559558212553004,0.003167131132572646,0.005917705596163916,0.0034116980306831274,0.006441577373460674,0.003738906910207344,0.00683233056109985,0.004114703870778347,0.009571212736381833,0.006506356566121709,0.010284121397382426,0.007064669177994391,0.01102748066654319,0.007575647872598672,0.011938259819955973,0.008350699216804475,0.012863468630828668,0.00902239790747738,0.014027495325457289,0.00978470959112453,0.015199224794119556,0.012712423296158843,0.01631520863335776,0.012132525163713728,0.017600178802010882,0.012577562969136718,0.019038573971611957,0.013678766953622459,0.02271586772513073,0.01514564818820967,0.023197263661513527,0.01668094057548799,0.024871877514610435,0.01838210231686743,0.027081749913318943,0.020241047372023223,0.029509557599362798,0.022306080928017946,0.03283306619682845,0.025381256146347838,0.03613781447591526,0.028256878969843597,0.039769867736012265,0.03134758650869949,0.04373973369008832,0.034647766022037556,0.04811395917165805,0.03825286708210923,0.054063132425604385,0.043499440923577236,0.059686149412846695,0.048330817040309684,0.06593111660062619,0.05381885745790384,0.07280372314769064,0.0600223343666812,0.0803088117917202,0.06690417465680032,0.0922705370999884,0.07850166703140178,0.10157044348045612,0.08731773961183774,0.11150817650234489,0.09677815616415765,0.12202192324425445,0.10684087719323092,0.13308592832226798,0.11744947189887903,0.14884154864463994,0.13326469830879537,0.15988348027038116,0.14437875627578994,0.1702984496736915,0.15515110319121272,0.1798520526316044,0.1653644448588643,0.18831622703329604,0.17479766830819968,0.1992323381673254,0.18701091331308006,0.20869570659355802,0.19776122477929797,0.21860764795634127,0.20882472191013451,0.22899053195532157,0.2208150467870071,0.2398653256495184,0.23349383270242968,0.2537206339410941,0.24975402217149076,0.26567442076135395,0.2641869577956414,0.27871047321391973,0.27945279514603594,0.2924631700106478,0.295601811453829,0.30719026122454335,0.312683360585049,0.32677011911163245,0.3351869606025133,0.34368531607278147,0.35481558468252217,0.3624006843899187,0.37563260426525447,0.3831581416679459,0.39782383058821175,0.40626415652709674,0.42160327548478743,0.4348943991000604,0.4499227757758141,0.46226351375723224,0.4755337361440635,0.4921356139808006,0.5031112781553487,0.526846587032149,0.5331096863065965,1,1
22065,1992,2,1,6.772072572510198e-4,2.35921523848221e-4,6.5058692641482e-4,2.5130110920095687e-4,6.521034528874303e-4,2.5643916305158023e-4,6.814198615371167e-4,2.6510133045003464e-4,7.1427459576454e-4,2.763280744150954e-4,7.548948461923649e-4,3.035696774896964e-4,7.923755749663586e-4,3.266551913965635e-4,7.932682552991327e-4,3.478262903318574e-4,8.234060468239961e-4,3.9302895790946845e-4,9.021892907521923e-4,4.2607266000916234e-4,0.0010004156173415034,4.55605276795029e-4,0.001101894601664282,4.7265457885787985e-4,0.0011498668556594795,5.1279130450758e-4,0.0012705638116055986,5.737850596030624e-4,0.0013758563347730218,6.386581242384915e-4,0.0014639721085254447,7.016449578352862e-4,0.0016189556424849936,7.524851741217702e-4,0.001703109180813544,7.985542190780675e-4,0.0018330056281077953,8.619970029269063e-4,0.0019977667739461994,9.216475410853311e-4,0.0027468850109147944,0.0014108827322938432,0.002853933907767838,0.0015435819838897733,0.002915940249767307,0.001668750662567929,0.0031283743356342805,0.0018317398728654416,0.0034281030653718018,0.0019966707830070306,0.0037142695435041125,0.002109205527517842,0.004028608922255176,0.0022524483229792495,0.004295455806581903,0.002415214856372175,0.004632819196622681,0.002582711845098702,0.004866877107459501,0.0027959264379354403,0.005326719632586314,0.0030045367538199404,0.00559558212553004,0.003167131132572646,0.005917705596163916,0.0034116980306831274,0.006441577373460674,0.003738906910207344,0.00683233056109985,0.004114703870778347,0.009571212736381833,0.006506356566121709,0.010284121397382426,0.007064669177994391,0.01102748066654319,0.007575647872598672,0.011938259819955973,0.008350699216804475,0.012863468630828668,0.00902239790747738,0.014027495325457289,0.00978470959112453,0.015199224794119556,0.012712423296158843,0.01631520863335776,0.012132525163713728,0.017600178802010882,0.012577562969136718,0.019038573971611957,0.013678766953622459,0.02271586772513073,0.01514564818820967,0.023197263661513527,0.01668094057548799,0.024871877514610435,0.01838210231686743,0.027081749913318943,0.020241047372023223,0.029509557599362798,0.022306080928017946,0.03283306619682845,0.025381256146347838,0.03613781447591526,0.028256878969843597,0.039769867736012265,0.03134758650869949,0.04373973369008832,0.034647766022037556,0.04811395917165805,0.03825286708210923,0.054063132425604385,0.043499440923577236,0.059686149412846695,0.048330817040309684,0.06593111660062619,0.05381885745790384,0.07280372314769064,0.0600223343666812,0.0803088117917202,0.06690417465680032,0.0922705370999884,0.07850166703140178,0.10157044348045612,0.08731773961183774,0.11150817650234489,0.09677815616415765,0.12202192324425445,0.10684087719323092,0.13308592832226798,0.11744947189887903,0.14884154864463994,0.13326469830879537,0.15988348027038116,0.14437875627578994,0.1702984496736915,0.15515110319121272,0.1798520526316044,0.1653644448588643,0.18831622703329604,0.17479766830819968,0.1992323381673254,0.18701091331308006,0.20869570659355802,0.19776122477929797,0.21860764795634127,0.20882472191013451,0.22899053195532157,0.2208150467870071,0.2398653256495184,0.23349383270242968,0.2537206339410941,0.24975402217149076,0.26567442076135395,0.2641869577956414,0.27871047321391973,0.27945279514603594,0.2924631700106478,0.295601811453829,0.30719026122454335,0.312683360585049,0.32677011911163245,0.3351869606025133,0.34368531607278147,0.35481558468252217,0.3624006843899187,0.37563260426525447,0.3831581416679459,0.39782383058821175,0.40626415652709674,0.42160327548478743,0.4348943991000604,0.4499227757758141,0.46226351375723224,0.4755337361440635,0.4921356139808006,0.5031112781553487,0.526846587032149,0.5331096863065965,1,1
22531,1992,0,2,,0.0012001980784988003,,0.0012830627910037022,,0.0013228896577646653,,0.0014073402004484861,,0.001507723441113926,,0.0016192565049997685,,0.0018566857970108513,,0.0020032603146833525,,0.002060578842750263,,0.0021162953102717317,,0.002264428055763591,,0.0024794705096314712,,0.002747071983607857,,0.003051289064999776,,0.0033729930071830293,,0.003630922279700587,,0.003909516713906973,,0.004213545722448813,,0.00452388223328444,,0.004813438946824129,,0.005003781103888883,,0.005339938854063918,,0.005660857879707238,,0.006112019538296409,,0.006552448512459952,,0.007151836305535576,,0.007841936358947851,,0.008468173904205964,,0.009106276526386898,,0.009830415369580084,,0.01041943499308932,,0.011259422249930161,,0.01388507215513325,,0.016500350735561702,,0.01633623187524681,,0.01160288929045195,,0.011908271059727527,,0.012614718177274536,,0.013472288933045015,,0.014578269544716534,,0.015559641080398007,,0.016954632865474176,,0.018521547502686076,,0.02043026615331309,,0.022296125705678668,,0.024553892727898142,,0.026780737414437844,,0.0293908337917662,,0.03229745211946012,,0.03557560190275039,,0.040997382702714906,,0.04549560896952507,,0.050707597559547186,,0.05641652412172341,,0.06256144343305373,,0.07284243374375168,,0.0810501144489293,,0.09009579197035737,,0.10017636625926676,,0.11169032531219619,,0.13285589804599635,,0.14732570041442739,,0.16313981375941689,,0.1803404309276571,,0.19832395980674394,,0.22982443593312668,,0.2490303853427718,,0.2676175063342629,,0.2852025472168112,,0.30139522415851233,,0.32364960674167836,,0.3421710944160924,,0.36174857528133403,,0.3824488546779995,,0.4043328778290882,,0.4329994010859695,,0.4579318574105793,,0.4842976984992092,,0.5121836540922824,,0.5416871502516174,,0.5814404254796851,,0.6154464253509917,,0.6515063597000799,,0.6897827252131237,,0.7310405408489341,,0.7810727057730128,,0.8250075155604487,,0.8719440124293857,,0.9230236838910764,1,1
22532,1992,0,2,,0.0012001980784988003,,0.0012830627910037022,,0.0013228896577646653,,0.0014073402004484861,,0.001507723441113926,,0.0016192565049997685,,0.0018566857970108513,,0.0020032603146833525,,0.002060578842750263,,0.0021162953102717317,,0.002264428055763591,,0.0024794705096314712,,0.002747071983607857,,0.003051289064999776,,0.0033729930071830293,,0.003630922279700587,,0.003909516713906973,,0.004213545722448813,,0.00452388223328444,,0.004813438946824129,,0.005003781103888883,,0.005339938854063918,,0.005660857879707238,,0.006112019538296409,,0.006552448512459952,,0.007151836305535576,,0.007841936358947851,,0.008468173904205964,,0.009106276526386898,,0.009830415369580084,,0.01041943499308932,,0.011259422249930161,,0.01388507215513325,,0.016500350735561702,,0.01633623187524681,,0.01160288929045195,,0.011908271059727527,,0.012614718177274536,,0.013472288933045015,,0.014578269544716534,,0.015559641080398007,,0.016954632865474176,,0.018521547502686076,,0.02043026615331309,,0.022296125705678668,,0.024553892727898142,,0.026780737414437844,,0.0293908337917662,,0.03229745211946012,,0.03557560190275039,,0.040997382702714906,,0.04549560896952507,,0.050707597559547186,,0.05641652412172341,,0.06256144343305373,,0.07284243374375168,,0.0810501144489293,,0.09009579197035737,,0.10017636625926676,,0.11169032531219619,,0.13285589804599635,,0.14732570041442739,,0.16313981375941689,,0.1803404309276571,,0.19832395980674394,,0.22982443593312668,,0.2490303853427718,,0.2676175063342629,,0.2852025472168112,,0.30139522415851233,,0.32364960674167836,,0.3421710944160924,,0.36174857528133403,,0.3824488546779995,,0.4043328778290882,,0.4329994010859695,,0.4579318574105793,,0.4842976984992092,,0.5121836540922824,,0.5416871502516174,,0.5814404254796851,,0.6154464253509917,,0.6515063597000799,,0.6897827252131237,,0.7310405408489341,,0.7810727057730128,,0.8250075155604487,,0.8719440124293857,,0.9230236838910764,1,1
22533,1992,0,2,,0.0012001980784988003,,0.0012830627910037022,,0.0013228896577646653,,0.0014073402004484861,,0.001507723441113926,,0.0016192565049997685,,0.0018566857970108513,,0.0020032603146833525,,0.002060578842750263,,0.0021162953102717317,,0.002264428055763591,,0.0024794705096314712,,0.002747071983607857,,0.003051289064999776,,0.0033729930071830293,,0.003630922279700587,,0.003909516713906973,,0.004213545722448813,,0.00452388223328444,,0.004813438946824129,,0.005003781103888883,,0.005339938854063918,,0.005660857879707238,,0.006112019538296409,,0.006552448512459952,,0.007151836305535576,,0.007841936358947851,,0.008468173904205964,,0.009106276526386898,,0.009830415369580084,,0.01041943499308932,,0.011259422249930161,,0.01388507215513325,,0.016500350735561702,,0.01633623187524681,,0.01160288929045195,,0.011908271059727527,,0.012614718177274536,,0.013472288933045015,,0.014578269544716534,,0.015559641080398007,,0.016954632865474176,,0.018521547502686076,,0.02043026615331309,,0.022296125705678668,,0.024553892727898142,,0.026780737414437844,,0.0293908337917662,,0.03229745211946012,,0.03557560190275039,,0.040997382702714906,,0.04549560896952507,,0.050707597559547186,,0.05641652412172341,,0.06256144343305373,,0.07284243374375168,,0.0810501144489293,,0.09009579197035737,,0.10017636625926676,,0.11169032531219619,,0.13285589804599635,,0.14732570041442739,,0.16313981375941689,,0.1803404309276571,,0.19832395980674394,,0.22982443593312668,,0.2490303853427718,,0.2676175063342629,,0.2852025472168112,,0.30139522415851233,,0.32364960674167836,,0.3421710944160924,,0.36174857528133403,,0.3824488546779995,,0.4043328778290882,,0.4329994010859695,,0.4579318574105793,,0.4842976984992092,,0.5121836540922824,,0.5416871502516174,,0.5814404254796851,,0.6154464253509917,,0.6515063597000799,,0.6897827252131237,,0.7310405408489341,,0.7810727057730128,,0.8250075155604487,,0.8719440124293857,,0.9230236838910764,1,1
22534,1992,0,2,,0.0012001980784988003,,0.0012830627910037022,,0.0013228896577646653,,0.0014073402004484861,,0.001507723441113926,,0.0016192565049997685,,0.0018566857970108513,,0.0020032603146833525,,0.002060578842750263,,0.0021162953102717317,,0.002264428055763591,,0.0024794705096314712,,0.002747071983607857,,0.003051289064999776,,0.0033729930071830293,,0.003630922279700587,,0.003909516713906973,,0.004213545722448813,,0.00452388223328444,,0.004813438946824129,,0.005003781103888883,,0.005339938854063918,,0.005660857879707238,,0.006112019538296409,,0.006552448512459952,,0.007151836305535576,,0.007841936358947851,,0.008468173904205964,,0.009106276526386898,,0.009830415369580084,,0.01041943499308932,,0.011259422249930161,,0.01388507215513325,,0.016500350735561702,,0.01633623187524681,,0.01160288929045195,,0.011908271059727527,,0.012614718177274536,,0.013472288933045015,,0.014578269544716534,,0.015559641080398007,,0.016954632865474176,,0.018521547502686076,,0.02043026615331309,,0.022296125705678668,,0.024553892727898142,,0.026780737414437844,,0.0293908337917662,,0.03229745211946012,,0.03557560190275039,,0.040997382702714906,,0.04549560896952507,,0.050707597559547186,,0.05641652412172341,,0.06256144343305373,,0.07284243374375168,,0.0810501144489293,,0.09009579197035737,,0.10017636625926676,,0.11169032531219619,,0.13285589804599635,,0.14732570041442739,,0.16313981375941689,,0.1803404309276571,,0.19832395980674394,,0.22982443593312668,,0.2490303853427718,,0.2676175063342629,,0.2852025472168112,,0.30139522415851233,,0.32364960674167836,,0.3421710944160924,,0.36174857528133403,,0.3824488546779995,,0.4043328778290882,,0.4329994010859695,,0.4579318574105793,,0.4842976984992092,,0.5121836540922824,,0.5416871502516174,,0.5814404254796851,,0.6154464253509917,,0.6515063597000799,,0.6897827252131237,,0.7310405408489341,,0.7810727057730128,,0.8250075155604487,,0.8719440124293857,,0.9230236838910764,1,1
22535,1992,0,2,,0.0012001980784988003,,0.0012830627910037022,,0.0013228896577646653,,0.0014073402004484861,,0.001507723441113926,,0.0016192565049997685,,0.0018566857970108513,,0.0020032603146833525,,0.002060578842750263,,0.0021162953102717317,,0.002264428055763591,,0.0024794705096314712,,0.002747071983607857,,0.003051289064999776,,0.0033729930071830293,,0.003630922279700587,,0.003909516713906973,,0.004213545722448813,,0.00452388223328444,,0.004813438946824129,,0.005003781103888883,,0.005339938854063918,,0.005660857879707238,,0.006112019538296409,,0.006552448512459952,,0.007151836305535576,,0.007841936358947851,,0.008468173904205964,,0.009106276526386898,,0.009830415369580084,,0.01041943499308932,,0.011259422249930161,,0.01388507215513325,,0.016500350735561702,,0.01633623187524681,,0.01160288929045195,,0.011908271059727527,,0.012614718177274536,,0.013472288933045015,,0.014578269544716534,,0.015559641080398007,,0.016954632865474176,,0.018521547502686076,,0.02043026615331309,,0.022296125705678668,,0.024553892727898142,,0.026780737414437844,,0.0293908337917662,,0.03229745211946012,,0.03557560190275039,,0.040997382702714906,,0.04549560896952507,,0.050707597559547186,,0.05641652412172341,,0.06256144343305373,,0.07284243374375168,,0.0810501144489293,,0.09009579197035737,,0.10017636625926676,,0.11169032531219619,,0.13285589804599635,,0.14732570041442739,,0.16313981375941689,,0.1803404309276571,,0.19832395980674394,,0.22982443593312668,,0.2490303853427718,,0.2676175063342629,,0.2852025472168112,,0.30139522415851233,,0.32364960674167836,,0.3421710944160924,,0.36174857528133403,,0.3824488546779995,,0.4043328778290882,,0.4329994010859695,,0.4579318574105793,,0.4842976984992092,,0.5121836540922824,,0.5416871502516174,,0.5814404254796851,,0.6154464253509917,,0.6515063597000799,,0.6897827252131237,,0.7310405408489341,,0.7810727057730128,,0.8250075155604487,,0.8719440124293857,,0.9230236838910764,1,1
23381,1992,0,2,,0.0013682643614985955,,0.0015057841032340281,,0.0015442544651108046,,0.0015240308926203897,,0.0016395129987127415,,0.0017183041042217128,,0.0018722662746895186,,0.0021380607520985776,,0.002299305357599396,,0.002497190398746358,,0.0026492041484921522,,0.002902009877090318,,0.0031529269900502466,,0.0032919718803859346,,0.003643568954224676,,0.00397490875778604,,0.004174208408948593,,0.004532818077678046,,0.0049096045436427,,0.005361323480992803,,0.006392180080076082,,0.006945017459404419,,0.007569219354283259,,0.00804352086895592,,0.00858908618272643,,0.009130125609029842,,0.011374548960912178,,0.014162292863532943,,0.013979634343868085,,0.013506302715531429,,0.014175541805790915,,0.01518708296342913,,0.01600418878462669,,0.016847201934097684,,0.017707910920388786,,0.01288435972218594,,0.013670091723376934,,0.014595874451303694,,0.015699617053067473,,0.016983972393781785,,0.018096995854061812,,0.01971389248814288,,0.021527915100561144,,0.023739041688806826,,0.025897449630858257,,0.02860804483187723,,0.03120253081065212,,0.03424429155534538,,0.03763100930904758,,0.04145038500625252,,0.04844161116764985,,0.05375628779797409,,0.05991581676392189,,0.0666614803087366,,0.07392165600258162,,0.08706071767199425,,0.09687152887736723,,0.10768213073596952,,0.11973077745317594,,0.13349251575749457,,0.16118847087063629,,0.17874327459181172,,0.1979293156945718,,0.21879921473961284,,0.2406162838771869,,0.28144253056629187,,0.3049609978330457,,0.3277223136986696,,0.34925727816362195,,0.36908792113491135,,0.39733054540639773,,0.4200670126739152,,0.4441014537719408,,0.4695142612237606,,0.49637998082369444,,0.5326530873303296,,0.5633235658050527,,0.5957582947453428,,0.6300610535903507,,0.6663432141824829,,0.7165864415032819,,0.7582120764083731,,0.8027881646622698,,0.8501752824379369,,0.900883306041183,,0.9637629771721754,,0.9999999999999997,,1,,1,1,1
23382,1992,0,2,,0.0013682643614985955,,0.0015057841032340281,,0.0015442544651108046,,0.0015240308926203897,,0.0016395129987127415,,0.0017183041042217128,,0.0018722662746895186,,0.0021380607520985776,,0.002299305357599396,,0.002497190398746358,,0.0026492041484921522,,0.002902009877090318,,0.0031529269900502466,,0.0032919718803859346,,0.003643568954224676,,0.00397490875778604,,0.004174208408948593,,0.004532818077678046,,0.0049096045436427,,0.005361323480992803,,0.006392180080076082,,0.006945017459404419,,0.007569219354283259,,0.00804352086895592,,0.00858908618272643,,0.009130125609029842,,0.011374548960912178,,0.014162292863532943,,0.013979634343868085,,0.013506302715531429,,0.014175541805790915,,0.01518708296342913,,0.01600418878462669,,0.016847201934097684,,0.017707910920388786,,0.01288435972218594,,0.013670091723376934,,0.014595874451303694,,0.015699617053067473,,0.016983972393781785,,0.018096995854061812,,0.01971389248814288,,0.021527915100561144,,0.023739041688806826,,0.025897449630858257,,0.02860804483187723,,0.03120253081065212,,0.03424429155534538,,0.03763100930904758,,0.04145038500625252,,0.04844161116764985,,0.05375628779797409,,0.05991581676392189,,0.0666614803087366,,0.07392165600258162,,0.08706071767199425,,0.09687152887736723,,0.10768213073596952,,0.11973077745317594,,0.13349251575749457,,0.16118847087063629,,0.17874327459181172,,0.1979293156945718,,0.21879921473961284,,0.2406162838771869,,0.28144253056629187,,0.3049609978330457,,0.3277223136986696,,0.34925727816362195,,0.36908792113491135,,0.39733054540639773,,0.4200670126739152,,0.4441014537719408,,0.4695142612237606,,0.49637998082369444,,0.5326530873303296,,0.5633235658050527,,0.5957582947453428,,0.6300610535903507,,0.6663432141824829,,0.7165864415032819,,0.7582120764083731,,0.8027881646622698,,0.8501752824379369,,0.900883306041183,,0.9637629771721754,,0.9999999999999997,,1,,1,1,1
23383,1992,0,2,,0.0013682643614985955,,0.0015057841032340281,,0.0015442544651108046,,0.0015240308926203897,,0.0016395129987127415,,0.0017183041042217128,,0.0018722662746895186,,0.0021380607520985776,,0.002299305357599396,,0.002497190398746358,,0.0026492041484921522,,0.002902009877090318,,0.0031529269900502466,,0.0032919718803859346,,0.003643568954224676,,0.00397490875778604,,0.004174208408948593,,0.004532818077678046,,0.0049096045436427,,0.005361323480992803,,0.006392180080076082,,0.006945017459404419,,0.007569219354283259,,0.00804352086895592,,0.00858908618272643,,0.009130125609029842,,0.011374548960912178,,0.014162292863532943,,0.013979634343868085,,0.013506302715531429,,0.014175541805790915,,0.01518708296342913,,0.01600418878462669,,0.016847201934097684,,0.017707910920388786,,0.01288435972218594,,0.013670091723376934,,0.014595874451303694,,0.015699617053067473,,0.016983972393781785,,0.018096995854061812,,0.01971389248814288,,0.021527915100561144,,0.023739041688806826,,0.025897449630858257,,0.02860804483187723,,0.03120253081065212,,0.03424429155534538,,0.03763100930904758,,0.04145038500625252,,0.04844161116764985,,0.05375628779797409,,0.05991581676392189,,0.0666614803087366,,0.07392165600258162,,0.08706071767199425,,0.09687152887736723,,0.10768213073596952,,0.11973077745317594,,0.13349251575749457,,0.16118847087063629,,0.17874327459181172,,0.1979293156945718,,0.21879921473961284,,0.2406162838771869,,0.28144253056629187,,0.3049609978330457,,0.3277223136986696,,0.34925727816362195,,0.36908792113491135,,0.39733054540639773,,0.4200670126739152,,0.4441014537719408,,0.4695142612237606,,0.49637998082369444,,0.5326530873303296,,0.5633235658050527,,0.5957582947453428,,0.6300610535903507,,0.6663432141824829,,0.7165864415032819,,0.7582120764083731,,0.8027881646622698,,0.8501752824379369,,0.900883306041183,,0.9637629771721754,,0.9999999999999997,,1,,1,1,1
23384,1992,0,2,,0.0013682643614985955,,0.0015057841032340281,,0.0015442544651108046,,0.0015240308926203897,,0.0016395129987127415,,0.0017183041042217128,,0.0018722662746895186,,0.0021380607520985776,,0.002299305357599396,,0.002497190398746358,,0.0026492041484921522,,0.002902009877090318,,0.0031529269900502466,,0.0032919718803859346,,0.003643568954224676,,0.00397490875778604,,0.004174208408948593,,0.004532818077678046,,0.0049096045436427,,0.005361323480992803,,0.006392180080076082,,0.006945017459404419,,0.007569219354283259,,0.00804352086895592,,0.00858908618272643,,0.009130125609029842,,0.011374548960912178,,0.014162292863532943,,0.013979634343868085,,0.013506302715531429,,0.014175541805790915,,0.01518708296342913,,0.01600418878462669,,0.016847201934097684,,0.017707910920388786,,0.01288435972218594,,0.013670091723376934,,0.014595874451303694,,0.015699617053067473,,0.016983972393781785,,0.018096995854061812,,0.01971389248814288,,0.021527915100561144,,0.023739041688806826,,0.025897449630858257,,0.02860804483187723,,0.03120253081065212,,0.03424429155534538,,0.03763100930904758,,0.04145038500625252,,0.04844161116764985,,0.05375628779797409,,0.05991581676392189,,0.0666614803087366,,0.07392165600258162,,0.08706071767199425,,0.09687152887736723,,0.10768213073596952,,0.11973077745317594,,0.13349251575749457,,0.16118847087063629,,0.17874327459181172,,0.1979293156945718,,0.21879921473961284,,0.2406162838771869,,0.28144253056629187,,0.3049609978330457,,0.3277223136986696,,0.34925727816362195,,0.36908792113491135,,0.39733054540639773,,0.4200670126739152,,0.4441014537719408,,0.4695142612237606,,0.49637998082369444,,0.5326530873303296,,0.5633235658050527,,0.5957582947453428,,0.6300610535903507,,0.6663432141824829,,0.7165864415032819,,0.7582120764083731,,0.8027881646622698,,0.8501752824379369,,0.900883306041183,,0.9637629771721754,,0.9999999999999997,,1,,1,1,1
23385,1992,0,2,,0.0013682643614985955,,0.0015057841032340281,,0.0015442544651108046,,0.0015240308926203897,,0.0016395129987127415,,0.0017183041042217128,,0.0018722662746895186,,0.0021380607520985776,,0.002299305357599396,,0.002497190398746358,,0.0026492041484921522,,0.002902009877090318,,0.0031529269900502466,,0.0032919718803859346,,0.003643568954224676,,0.00397490875778604,,0.004174208408948593,,0.004532818077678046,,0.0049096045436427,,0.005361323480992803,,0.006392180080076082,,0.006945017459404419,,0.007569219354283259,,0.00804352086895592,,0.00858908618272643,,0.009130125609029842,,0.011374548960912178,,0.014162292863532943,,0.013979634343868085,,0.013506302715531429,,0.014175541805790915,,0.01518708296342913,,0.01600418878462669,,0.016847201934097684,,0.017707910920388786,,0.01288435972218594,,0.013670091723376934,,0.014595874451303694,,0.015699617053067473,,0.016983972393781785,,0.018096995854061812,,0.01971389248814288,,0.021527915100561144,,0.023739041688806826,,0.025897449630858257,,0.02860804483187723,,0.03120253081065212,,0.03424429155534538,,0.03763100930904758,,0.04145038500625252,,0.04844161116764985,,0.05375628779797409,,0.05991581676392189,,0.0666614803087366,,0.07392165600258162,,0.08706071767199425,,0.09687152887736723,,0.10768213073596952,,0.11973077745317594,,0.13349251575749457,,0.16118847087063629,,0.17874327459181172,,0.1979293156945718,,0.21879921473961284,,0.2406162838771869,,0.28144253056629187,,0.3049609978330457,,0.3277223136986696,,0.34925727816362195,,0.36908792113491135,,0.39733054540639773,,0.4200670126739152,,0.4441014537719408,,0.4695142612237606,,0.49637998082369444,,0.5326530873303296,,0.5633235658050527,,0.5957582947453428,,0.6300610535903507,,0.6663432141824829,,0.7165864415032819,,0.7582120764083731,,0.8027881646622698,,0.8501752824379369,,0.900883306041183,,0.9637629771721754,,0.9999999999999997,,1,,1,1,1
26061,1992,2,1,0.001577704787753517,7.382932150316372e-4,0.0016178567889372686,7.485150925042065e-4,0.0017453384632652956,7.516780934415897e-4,0.0018573609630585352,7.760295549662921e-4,0.0020616574503514932,8.043090292788118e-4,0.002225216744705364,8.373022893089407e-4,0.002347210925067682,9.126792751619025e-4,0.002535411661862664,9.613846654925531e-4,0.0026534709981167392,0.0010352154242161177,0.0028451250932455792,0.0010674612216007848,0.0028783902665294944,0.0011499547256086547,0.0030743355051387434,0.0012772135170256622,0.003267965189847917,0.0013534719190475514,0.0034691015803833577,0.0015208316892838308,0.0037006635764507976,0.0015916540333546123,0.003940605099508803,0.0017614560524047513,0.004290423295683504,0.0018818352215961601,0.0046675703999708605,0.002087101868266021,0.004896047179019995,0.0022948088877831644,0.0051985371780754715,0.0024130357184514546,0.005449089341044894,0.002781507826906359,0.005966815233098142,0.0030560588602930056,0.006495367410053475,0.0033258375890672393,0.0070618118966902545,0.0035924838947659367,0.0075399086826036885,0.0038169390418847453,0.00812992797559099,0.004104225141140237,0.008650753131805381,0.004551302874193022,0.009384836329296821,0.004905802109263161,0.00994805134764211,0.005378700888029321,0.010838889573821493,0.005702016858247269,0.011622026465312052,0.00625063952156285,0.012518334420349332,0.006598359115346595,0.013605615477450103,0.0071691946671256345,0.014322891731645868,0.007632151698286349,0.015348214799407262,0.00804187199792209,0.02004593673034615,0.013646742655857962,0.02133683654965775,0.014466677175220887,0.022960868780205798,0.01570154525683893,0.024461133206680856,0.0170528040527668,0.025936359117968735,0.018175552237267203,0.02695451661437459,0.019883774888298483,0.029362730623540587,0.021731763330072366,0.03075976800878803,0.02403992966546637,0.03275079154402311,0.02602839847224273,0.03558540736884954,0.02830299088130297,0.03746839184103034,0.030960980319273863,0.040883247496284914,0.03404584963493379,0.04422757257001958,0.041359967570610716,0.04799116276723357,0.04218493524921277,0.052825446375575895,0.045474491826167765,0.057654832026868205,0.05093519318134255,0.06429940056088763,0.05672600974949532,0.06935311264506959,0.06293748232066804,0.07784323139552606,0.06956835460528053,0.08556118721705126,0.07681376606381864,0.09441189356552818,0.0864022078409337,0.10717505861779657,0.09600897888302327,0.11563069575062106,0.10695160032438171,0.12738245226389425,0.11926759753476829,0.1404929510424058,0.13295033730519987,0.1569384393885147,0.15358321023124932,0.17279610431722586,0.17083313401295488,0.18970539001231265,0.18932692267087017,0.20759554058623086,0.20896378409197916,0.22639916014997263,0.22971212259334092,0.24891665564687093,0.25822230807385194,0.2673791814816513,0.2797670839174503,0.2847939265483831,0.300640712178641,0.30077355060763905,0.3204325369194626,0.31491972240437144,0.3387211358002507,0.33162342125024186,0.3614645752209647,0.3473670715347433,0.38224340387043687,0.3638265288543588,0.4042153056083931,0.381107069897921,0.42744847183324414,0.3991993787511206,0.45201566683747274,0.4206564567507812,0.4823438038436382,0.44087150623879884,0.510248848527642,0.46224538817746774,0.5399359689604001,0.48475224790197263,0.5706088805973802,0.5089410773752678,0.6038512525149371,0.5395195631133842,0.6463762636123466,0.5675783449684163,0.684517492922379,0.5978620606896385,0.7249507240581492,0.6309572606443533,0.7680546535472776,0.6668797826026152,0.8141089374905103,0.7083774793704334,0.8673200010170078,0.7516348399546702,0.9154286407407086,0.7990171752585923,0.9668885603905646,0.8575304660424534,1,1,1
26062,1992,2,1,0.001577704787753517,7.382932150316372e-4,0.0016178567889372686,7.485150925042065e-4,0.0017453384632652956,7.516780934415897e-4,0.0018573609630585352,7.760295549662921e-4,0.0020616574503514932,8.043090292788118e-4,0.002225216744705364,8.373022893089407e-4,0.002347210925067682,9.126792751619025e-4,0.002535411661862664,9.613846654925531e-4,0.0026534709981167392,0.0010352154242161177,0.0028451250932455792,0.0010674612216007848,0.0028783902665294944,0.0011499547256086547,0.0030743355051387434,0.0012772135170256622,0.003267965189847917,0.0013534719190475514,0.0034691015803833577,0.0015208316892838308,0.0037006635764507976,0.0015916540333546123,0.003940605099508803,0.0017614560524047513,0.004290423295683504,0.0018818352215961601,0.0046675703999708605,0.002087101868266021,0.004896047179019995,0.0022948088877831644,0.0051985371780754715,0.0024130357184514546,0.005449089341044894,0.002781507826906359,0.005966815233098142,0.0030560588602930056,0.006495367410053475,0.0033258375890672393,0.0070618118966902545,0.0035924838947659367,0.0075399086826036885,0.0038169390418847453,0.00812992797559099,0.004104225141140237,0.008650753131805381,0.004551302874193022,0.009384836329296821,0.004905802109263161,0.00994805134764211,0.005378700888029321,0.010838889573821493,0.005702016858247269,0.011622026465312052,0.00625063952156285,0.012518334420349332,0.006598359115346595,0.013605615477450103,0.0071691946671256345,0.014322891731645868,0.007632151698286349,0.015348214799407262,0.00804187199792209,0.02004593673034615,0.013646742655857962,0.02133683654965775,0.014466677175220887,0.022960868780205798,0.01570154525683893,0.024461133206680856,0.0170528040527668,0.025936359117968735,0.018175552237267203,0.02695451661437459,0.019883774888298483,0.029362730623540587,0.021731763330072366,0.03075976800878803,0.02403992966546637,0.03275079154402311,0.02602839847224273,0.03558540736884954,0.02830299088130297,0.03746839184103034,0.030960980319273863,0.040883247496284914,0.03404584963493379,0.04422757257001958,0.041359967570610716,0.04799116276723357,0.04218493524921277,0.052825446375575895,0.045474491826167765,0.057654832026868205,0.05093519318134255,0.06429940056088763,0.05672600974949532,0.06935311264506959,0.06293748232066804,0.07784323139552606,0.06956835460528053,0.08556118721705126,0.07681376606381864,0.09441189356552818,0.0864022078409337,0.10717505861779657,0.09600897888302327,0.11563069575062106,0.10695160032438171,0.12738245226389425,0.11926759753476829,0.1404929510424058,0.13295033730519987,0.1569384393885147,0.15358321023124932,0.17279610431722586,0.17083313401295488,0.18970539001231265,0.18932692267087017,0.20759554058623086,0.20896378409197916,0.22639916014997263,0.22971212259334092,0.24891665564687093,0.25822230807385194,0.2673791814816513,0.2797670839174503,0.2847939265483831,0.300640712178641,0.30077355060763905,0.3204325369194626,0.31491972240437144,0.3387211358002507,0.33162342125024186,0.3614645752209647,0.3473670715347433,0.38224340387043687,0.3638265288543588,0.4042153056083931,0.381107069897921,0.42744847183324414,0.3991993787511206,0.45201566683747274,0.4206564567507812,0.4823438038436382,0.44087150623879884,0.510248848527642,0.46224538817746774,0.5399359689604001,0.48475224790197263,0.5706088805973802,0.5089410773752678,0.6038512525149371,0.5395195631133842,0.6463762636123466,0.5675783449684163,0.684517492922379,0.5978620606896385,0.7249507240581492,0.6309572606443533,0.7680546535472776,0.6668797826026152,0.8141089374905103,0.7083774793704334,0.8673200010170078,0.7516348399546702,0.9154286407407086,0.7990171752585923,0.9668885603905646,0.8575304660424534,1,1,1
26063,1992,2,1,0.001577704787753517,7.382932150316372e-4,0.0016178567889372686,7.485150925042065e-4,0.0017453384632652956,7.516780934415897e-4,0.0018573609630585352,7.760295549662921e-4,0.0020616574503514932,8.043090292788118e-4,0.002225216744705364,8.373022893089407e-4,0.002347210925067682,9.126792751619025e-4,0.002535411661862664,9.613846654925531e-4,0.0026534709981167392,0.0010352154242161177,0.0028451250932455792,0.0010674612216007848,0.0028783902665294944,0.0011499547256086547,0.0030743355051387434,0.0012772135170256622,0.003267965189847917,0.0013534719190475514,0.0034691015803833577,0.0015208316892838308,0.0037006635764507976,0.0015916540333546123,0.003940605099508803,0.0017614560524047513,0.004290423295683504,0.0018818352215961601,0.0046675703999708605,0.002087101868266021,0.004896047179019995,0.0022948088877831644,0.0051985371780754715,0.0024130357184514546,0.005449089341044894,0.002781507826906359,0.005966815233098142,0.0030560588602930056,0.006495367410053475,0.0033258375890672393,0.0070618118966902545,0.0035924838947659367,0.0075399086826036885,0.0038169390418847453,0.00812992797559099,0.004104225141140237,0.008650753131805381,0.004551302874193022,0.009384836329296821,0.004905802109263161,0.00994805134764211,0.005378700888029321,0.010838889573821493,0.005702016858247269,0.011622026465312052,0.00625063952156285,0.012518334420349332,0.006598359115346595,0.013605615477450103,0.0071691946671256345,0.014322891731645868,0.007632151698286349,0.015348214799407262,0.00804187199792209,0.02004593673034615,0.013646742655857962,0.02133683654965775,0.014466677175220887,0.022960868780205798,0.01570154525683893,0.024461133206680856,0.0170528040527668,0.025936359117968735,0.018175552237267203,0.02695451661437459,0.019883774888298483,0.029362730623540587,0.021731763330072366,0.03075976800878803,0.02403992966546637,0.03275079154402311,0.02602839847224273,0.03558540736884954,0.02830299088130297,0.03746839184103034,0.030960980319273863,0.040883247496284914,0.03404584963493379,0.04422757257001958,0.041359967570610716,0.04799116276723357,0.04218493524921277,0.052825446375575895,0.045474491826167765,0.057654832026868205,0.05093519318134255,0.06429940056088763,0.05672600974949532,0.06935311264506959,0.06293748232066804,0.07784323139552606,0.06956835460528053,0.08556118721705126,0.07681376606381864,0.09441189356552818,0.0864022078409337,0.10717505861779657,0.09600897888302327,0.11563069575062106,0.10695160032438171,0.12738245226389425,0.11926759753476829,0.1404929510424058,0.13295033730519987,0.1569384393885147,0.15358321023124932,0.17279610431722586,0.17083313401295488,0.18970539001231265,0.18932692267087017,0.20759554058623086,0.20896378409197916,0.22639916014997263,0.22971212259334092,0.24891665564687093,0.25822230807385194,0.2673791814816513,0.2797670839174503,0.2847939265483831,0.300640712178641,0.30077355060763905,0.3204325369194626,0.31491972240437144,0.3387211358002507,0.33162342125024186,0.3614645752209647,0.3473670715347433,0.38224340387043687,0.3638265288543588,0.4042153056083931,0.381107069897921,0.42744847183324414,0.3991993787511206,0.45201566683747274,0.4206564567507812,0.4823438038436382,0.44087150623879884,0.510248848527642,0.46224538817746774,0.5399359689604001,0.48475224790197263,0.5706088805973802,0.5089410773752678,0.6038512525149371,0.5395195631133842,0.6463762636123466,0.5675783449684163,0.684517492922379,0.5978620606896385,0.7249507240581492,0.6309572606443533,0.7680546535472776,0.6668797826026152,0.8141089374905103,0.7083774793704334,0.8673200010170078,0.7516348399546702,0.9154286407407086,0.7990171752585923,0.9668885603905646,0.8575304660424534,1,1,1
26064,1992,2,1,0.002808881354084874,0.001001591912861757,0.002880114097087844,0.0010154430717578945,0.003106765809727174,0.0010197162105918046,0.003305837422148283,0.0010527308725832407,0.003669060550016261,0.0010910707029665842,0.003959684042746819,0.0011358008422869207,0.004176250941704795,0.001238018321101454,0.004510507024091414,0.0013040491801173592,0.004719864384183794,0.001404152337317006,0.005059998965865161,0.00144784147872446,0.005118325557439738,0.001559673302536906,0.005465798311848068,0.0017322031583509173,0.0058089610506033285,0.0018355460170489963,0.006165253914295437,0.002062414735850451,0.006575371018606136,0.0021583420858174805,0.007000090288208335,0.00238845962366404,0.007619629139519842,0.002551524145954712,0.008287240310132704,0.002829638814240514,0.008690442280257523,0.003111001014558464,0.009224566539168576,0.003270998665430496,0.007794375355309694,0.0037913881397767853,0.008533042888430535,0.004165265987401932,0.009286713280176561,0.0045325388086695576,0.01009401549629631,0.0048954300390313035,0.010774457562899622,0.005200707670672786,0.011614191137004432,0.005591455260101274,0.012354351783712653,0.006199700028376902,0.013398207837282097,0.006681600879156572,0.014197160477942032,0.00732448712174558,0.01546252815400161,0.007763379294352723,0.016572873121189192,0.008508671376988993,0.017843083038232534,0.008980076335653526,0.01938363532791931,0.009754662581686923,0.02039514475695609,0.01038189987208413,0.021843255201618818,0.010936143495255976,0.020951406240486393,0.012012426407776014,0.022299149118048027,0.012735886976997008,0.023994724651204547,0.013825028112755912,0.025560585894674435,0.015017150968433831,0.02709988362762293,0.016008577327543256,0.028161213191832214,0.01751632481263687,0.030674300032218056,0.019148035149547302,0.03213042555653499,0.02118624799262068,0.03420636996854704,0.0229438820366075,0.03716252517857082,0.024955017067492223,0.03912393047382258,0.027305765376117036,0.04268967132016486,0.03002643884577958,0.04618176519549833,0.03647706108788331,0.05011164939849517,0.03720463410535538,0.05515953553638936,0.04010582971206809,0.06020230730129682,0.04492184743682416,0.06714046569508329,0.05002900738187526,0.0724174757427826,0.055507161203866597,0.08128272987796573,0.061355200929207966,0.08934170311179222,0.06774522809566402,0.09858347738625783,0.0762016703267737,0.11191058211627869,0.08467427789256428,0.12073983106563528,0.0943250270160148,0.13301083823139007,0.10518701286826429,0.14670062360739133,0.11725438534875661,0.16387275486381334,0.13545136688306603,0.18043108976060696,0.15066478605396783,0.1980875112238876,0.16697522095625558,0.21676813702148912,0.18429377886878817,0.2364025933811142,0.20259259425577228,0.25991502305792086,0.22773690259266896,0.27919331448275075,0.24673812891689179,0.29737752900951503,0.2651474425100257,0.31406321179367797,0.28260266896490877,0.3288344313377215,0.2987321385407102,0.3462761821092575,0.3187905157065439,0.36271546463166615,0.33711622161256194,0.3799021820798464,0.3564941478777145,0.39794626278677464,0.37698443530847725,0.41683797921503013,0.39865125773519405,0.4392431369114653,0.4253988924949874,0.46035138714140994,0.4500095022074042,0.48266967276391826,0.4761917980155506,0.5061709967273701,0.5032435037407842,0.5314286081714786,0.5325613224521433,0.5633582024569415,0.5700658834727705,0.5926567598952753,0.6037042065477046,0.6242785597684326,0.6393639405550404,0.658836069136305,0.6773790735799509,0.6963458255598611,0.7179962458707176,0.7396770955555482,0.7649252772219532,0.7848457800072107,0.8073542705972614,0.834321700937663,0.8527388959464165,0.8954203979443338,0.9025164534077509,1,1
26065,1992,2,1,0.001577704787753517,7.382932150316372e-4,0.0016178567889372686,7.485150925042065e-4,0.0017453384632652956,7.516780934415897e-4,0.0018573609630585352,7.760295549662921e-4,0.0020616574503514932,8.043090292788118e-4,0.002225216744705364,8.373022893089407e-4,0.002347210925067682,9.126792751619025e-4,0.002535411661862664,9.613846654925531e-4,0.0026534709981167392,0.0010352154242161177,0.0028451250932455792,0.0010674612216007848,0.0028783902665294944,0.0011499547256086547,0.0030743355051387434,0.0012772135170256622,0.003267965189847917,0.0013534719190475514,0.0034691015803833577,0.0015208316892838308,0.0037006635764507976,0.0015916540333546123,0.003940605099508803,0.0017614560524047513,0.004290423295683504,0.0018818352215961601,0.0046675703999708605,0.002087101868266021,0.004896047179019995,0.0022948088877831644,0.0051985371780754715,0.0024130357184514546,0.005449089341044894,0.002781507826906359,0.005966815233098142,0.0030560588602930056,0.006495367410053475,0.0033258375890672393,0.0070618118966902545,0.0035924838947659367,0.0075399086826036885,0.0038169390418847453,0.00812992797559099,0.004104225141140237,0.008650753131805381,0.004551302874193022,0.009384836329296821,0.004905802109263161,0.00994805134764211,0.005378700888029321,0.010838889573821493,0.005702016858247269,0.011622026465312052,0.00625063952156285,0.012518334420349332,0.006598359115346595,0.013605615477450103,0.0071691946671256345,0.014322891731645868,0.007632151698286349,0.015348214799407262,0.00804187199792209,0.02004593673034615,0.013646742655857962,0.02133683654965775,0.014466677175220887,0.022960868780205798,0.01570154525683893,0.024461133206680856,0.0170528040527668,0.025936359117968735,0.018175552237267203,0.02695451661437459,0.019883774888298483,0.029362730623540587,0.021731763330072366,0.03075976800878803,0.02403992966546637,0.03275079154402311,0.02602839847224273,0.03558540736884954,0.02830299088130297,0.03746839184103034,0.030960980319273863,0.040883247496284914,0.03404584963493379,0.04422757257001958,0.041359967570610716,0.04799116276723357,0.04218493524921277,0.052825446375575895,0.045474491826167765,0.057654832026868205,0.05093519318134255,0.06429940056088763,0.05672600974949532,0.06935311264506959,0.06293748232066804,0.07784323139552606,0.06956835460528053,0.08556118721705126,0.07681376606381864,0.09441189356552818,0.0864022078409337,0.10717505861779657,0.09600897888302327,0.11563069575062106,0.10695160032438171,0.12738245226389425,0.11926759753476829,0.1404929510424058,0.13295033730519987,0.1569384393885147,0.15358321023124932,0.17279610431722586,0.17083313401295488,0.18970539001231265,0.18932692267087017,0.20759554058623086,0.20896378409197916,0.22639916014997263,0.22971212259334092,0.24891665564687093,0.25822230807385194,0.2673791814816513,0.2797670839174503,0.2847939265483831,0.300640712178641,0.30077355060763905,0.3204325369194626,0.31491972240437144,0.3387211358002507,0.33162342125024186,0.3614645752209647,0.3473670715347433,0.38224340387043687,0.3638265288543588,0.4042153056083931,0.381107069897921,0.42744847183324414,0.3991993787511206,0.45201566683747274,0.4206564567507812,0.4823438038436382,0.44087150623879884,0.510248848527642,0.46224538817746774,0.5399359689604001,0.48475224790197263,0.5706088805973802,0.5089410773752678,0.6038512525149371,0.5395195631133842,0.6463762636123466,0.5675783449684163,0.684517492922379,0.5978620606896385,0.7249507240581492,0.6309572606443533,0.7680546535472776,0.6668797826026152,0.8141089374905103,0.7083774793704334,0.8673200010170078,0.7516348399546702,0.9154286407407086,0.7990171752585923,0.9668885603905646,0.8575304660424534,1,1,1
27321,1992,2,1,5.382873485806565e-4,3.2940744884726815e-4,5.838486560388694e-4,3.5202041668970936e-4,6.112936511113742e-4,3.7562034224025817e-4,6.463378526797342e-4,3.8776290424069533e-4,6.719252492088666e-4,3.894288366211685e-4,7.080974259342525e-4,3.973213014946709e-4,7.632629208773887e-4,4.11769832031317e-4,7.653481124116953e-4,4.3998431475991424e-4,8.002492995546834e-4,4.6362159334087974e-4,8.248803225845856e-4,5.000486760223327e-4,8.812780658273427e-4,5.358348738861524e-4,9.380014051965254e-4,5.627874477980253e-4,9.917986447166196e-4,5.989347196955514e-4,0.0010698250051592191,6.455947904266372e-4,0.001153372284030405,7.086790352910269e-4,0.0012065844645038244,7.668805023849346e-4,0.001282445631547901,8.264343184321858e-4,0.001389428802841052,9.08677069886874e-4,0.0015270489619226908,9.926249869551308e-4,0.0016547988328785594,0.001061542271885417,0.0032223337163479354,0.0014774344871246673,0.0034525687787225604,0.0015873896517551518,0.0036879605379926757,0.001721613744081113,0.003945420550334822,0.0018897295813713425,0.004243350206926268,0.002049656366326338,0.004578970084562935,0.0022443821344291385,0.0050209804871087765,0.00238881677131488,0.0052893715643453545,0.0026269903681479965,0.005743169133341693,0.0028036456272005975,0.006200890126394267,0.003070038390949429,0.006547341353677586,0.003322636908401486,0.006985974532720644,0.0035920179447358623,0.007470074172717733,0.00387324805763748,0.008048007279289945,0.004236399055493411,0.008646776197006786,0.004440191170022761,0.010577913091347464,0.007043632725423247,0.011341060285717682,0.0075795972602089035,0.0118297953071295,0.008082470219713284,0.012636754352278401,0.008808604735592727,0.013503279325951079,0.0092596450869388,0.014270662858505805,0.010023520993718272,0.015472388879800885,0.010918623265327403,0.01623706863132485,0.011803015541602034,0.0175497622364543,0.01297586636929943,0.01899957151363205,0.014148006702074145,0.020489973742914502,0.015709940944627705,0.022526407432529136,0.017146874735679503,0.0245025354356951,0.01905311221439754,0.02702588170478435,0.020951754383433607,0.0292421156817738,0.02306051492852521,0.03250141467993137,0.02762194299603993,0.03573494974871169,0.029069448470161255,0.03929170654527742,0.03177776917644057,0.04491590420524017,0.03509372083232576,0.047872652924800564,0.03876093394833209,0.05280076103120957,0.04336377189123484,0.058284278925951186,0.048190072490048995,0.06438714738824058,0.05368019698001852,0.07110359270698627,0.059865446682101066,0.07843385498816209,0.0667313349324642,0.08828581071590971,0.07650097799977705,0.09720532327010355,0.08508687044048553,0.10671383811352586,0.09430518047556687,0.11677644495435469,0.10410045616929421,0.127354073525175,0.114438036974314,0.1406757448420475,0.1280413539406387,0.151106266624952,0.13870132785393963,0.16095116435384116,0.14904994964571663,0.16997550270911846,0.15885761866182752,0.17795277799957052,0.16792411512899727,0.1876290543285173,0.1789707891058868,0.19653765602055176,0.18925952527709808,0.20588007336868683,0.20014310387242643,0.21565850641370574,0.21164678084032634,0.2259001206338098,0.22381097187337415,0.23828343546954042,0.2385780817094803,0.2498227811672607,0.25237704273812506,0.26191506437172185,0.2669722824487205,0.2748851421808145,0.2824118056684761,0.2886756267125149,0.2987429564944093,0.30614707838492117,0.31911733149094607,0.32214535778623,0.3372913946730051,0.3394654613678443,0.35695608839219845,0.35841373566474066,0.37789728328067845,0.37805793695190704,0.40009757599112417,0.40186501766771865,0.42587417136168687,0.4251960094646287,0.44862672085724214,0.45087639067696555,0.4726640391250317,0.48088703177958414,0.4983676860892749,1,1
27322,1992,2,1,5.382873485806565e-4,3.2940744884726815e-4,5.838486560388694e-4,3.5202041668970936e-4,6.112936511113742e-4,3.7562034224025817e-4,6.463378526797342e-4,3.8776290424069533e-4,6.719252492088666e-4,3.894288366211685e-4,7.080974259342525e-4,3.973213014946709e-4,7.632629208773887e-4,4.11769832031317e-4,7.653481124116953e-4,4.3998431475991424e-4,8.002492995546834e-4,4.6362159334087974e-4,8.248803225845856e-4,5.000486760223327e-4,8.812780658273427e-4,5.358348738861524e-4,9.380014051965254e-4,5.627874477980253e-4,9.917986447166196e-4,5.989347196955514e-4,0.0010698250051592191,6.455947904266372e-4,0.001153372284030405,7.086790352910269e-4,0.0012065844645038244,7.668805023849346e-4,0.001282445631547901,8.264343184321858e-4,0.001389428802841052,9.08677069886874e-4,0.0015270489619226908,9.926249869551308e-4,0.0016547988328785594,0.001061542271885417,0.0032223337163479354,0.0014774344871246673,0.0034525687787225604,0.0015873896517551518,0.0036879605379926757,0.001721613744081113,0.003945420550334822,0.0018897295813713425,0.004243350206926268,0.002049656366326338,0.004578970084562935,0.0022443821344291385,0.0050209804871087765,0.00238881677131488,0.0052893715643453545,0.0026269903681479965,0.005743169133341693,0.0028036456272005975,0.006200890126394267,0.003070038390949429,0.006547341353677586,0.003322636908401486,0.006985974532720644,0.0035920179447358623,0.007470074172717733,0.00387324805763748,0.008048007279289945,0.004236399055493411,0.008646776197006786,0.004440191170022761,0.010577913091347464,0.007043632725423247,0.011341060285717682,0.0075795972602089035,0.0118297953071295,0.008082470219713284,0.012636754352278401,0.008808604735592727,0.013503279325951079,0.0092596450869388,0.014270662858505805,0.010023520993718272,0.015472388879800885,0.010918623265327403,0.01623706863132485,0.011803015541602034,0.0175497622364543,0.01297586636929943,0.01899957151363205,0.014148006702074145,0.020489973742914502,0.015709940944627705,0.022526407432529136,0.017146874735679503,0.0245025354356951,0.01905311221439754,0.02702588170478435,0.020951754383433607,0.0292421156817738,0.02306051492852521,0.03250141467993137,0.02762194299603993,0.03573494974871169,0.029069448470161255,0.03929170654527742,0.03177776917644057,0.04491590420524017,0.03509372083232576,0.047872652924800564,0.03876093394833209,0.05280076103120957,0.04336377189123484,0.058284278925951186,0.048190072490048995,0.06438714738824058,0.05368019698001852,0.07110359270698627,0.059865446682101066,0.07843385498816209,0.0667313349324642,0.08828581071590971,0.07650097799977705,0.09720532327010355,0.08508687044048553,0.10671383811352586,0.09430518047556687,0.11677644495435469,0.10410045616929421,0.127354073525175,0.114438036974314,0.1406757448420475,0.1280413539406387,0.151106266624952,0.13870132785393963,0.16095116435384116,0.14904994964571663,0.16997550270911846,0.15885761866182752,0.17795277799957052,0.16792411512899727,0.1876290543285173,0.1789707891058868,0.19653765602055176,0.18925952527709808,0.20588007336868683,0.20014310387242643,0.21565850641370574,0.21164678084032634,0.2259001206338098,0.22381097187337415,0.23828343546954042,0.2385780817094803,0.2498227811672607,0.25237704273812506,0.26191506437172185,0.2669722824487205,0.2748851421808145,0.2824118056684761,0.2886756267125149,0.2987429564944093,0.30614707838492117,0.31911733149094607,0.32214535778623,0.3372913946730051,0.3394654613678443,0.35695608839219845,0.35841373566474066,0.37789728328067845,0.37805793695190704,0.40009757599112417,0.40186501766771865,0.42587417136168687,0.4251960094646287,0.44862672085724214,0.45087639067696555,0.4726640391250317,0.48088703177958414,0.4983676860892749,1,1
27323,1992,2,1,5.382873485806565e-4,3.2940744884726815e-4,5.838486560388694e-4,3.5202041668970936e-4,6.112936511113742e-4,3.7562034224025817e-4,6.463378526797342e-4,3.8776290424069533e-4,6.719252492088666e-4,3.894288366211685e-4,7.080974259342525e-4,3.973213014946709e-4,7.632629208773887e-4,4.11769832031317e-4,7.653481124116953e-4,4.3998431475991424e-4,8.002492995546834e-4,4.6362159334087974e-4,8.248803225845856e-4,5.000486760223327e-4,8.812780658273427e-4,5.358348738861524e-4,9.380014051965254e-4,5.627874477980253e-4,9.917986447166196e-4,5.989347196955514e-4,0.0010698250051592191,6.455947904266372e-4,0.001153372284030405,7.086790352910269e-4,0.0012065844645038244,7.668805023849346e-4,0.001282445631547901,8.264343184321858e-4,0.001389428802841052,9.08677069886874e-4,0.0015270489619226908,9.926249869551308e-4,0.0016547988328785594,0.001061542271885417,0.0032223337163479354,0.0014774344871246673,0.0034525687787225604,0.0015873896517551518,0.0036879605379926757,0.001721613744081113,0.003945420550334822,0.0018897295813713425,0.004243350206926268,0.002049656366326338,0.004578970084562935,0.0022443821344291385,0.0050209804871087765,0.00238881677131488,0.0052893715643453545,0.0026269903681479965,0.005743169133341693,0.0028036456272005975,0.006200890126394267,0.003070038390949429,0.006547341353677586,0.003322636908401486,0.006985974532720644,0.0035920179447358623,0.007470074172717733,0.00387324805763748,0.008048007279289945,0.004236399055493411,0.008646776197006786,0.004440191170022761,0.010577913091347464,0.007043632725423247,0.011341060285717682,0.0075795972602089035,0.0118297953071295,0.008082470219713284,0.012636754352278401,0.008808604735592727,0.013503279325951079,0.0092596450869388,0.014270662858505805,0.010023520993718272,0.015472388879800885,0.010918623265327403,0.01623706863132485,0.011803015541602034,0.0175497622364543,0.01297586636929943,0.01899957151363205,0.014148006702074145,0.020489973742914502,0.015709940944627705,0.022526407432529136,0.017146874735679503,0.0245025354356951,0.01905311221439754,0.02702588170478435,0.020951754383433607,0.0292421156817738,0.02306051492852521,0.03250141467993137,0.02762194299603993,0.03573494974871169,0.029069448470161255,0.03929170654527742,0.03177776917644057,0.04491590420524017,0.03509372083232576,0.047872652924800564,0.03876093394833209,0.05280076103120957,0.04336377189123484,0.058284278925951186,0.048190072490048995,0.06438714738824058,0.05368019698001852,0.07110359270698627,0.059865446682101066,0.07843385498816209,0.0667313349324642,0.08828581071590971,0.07650097799977705,0.09720532327010355,0.08508687044048553,0.10671383811352586,0.09430518047556687,0.11677644495435469,0.10410045616929421,0.127354073525175,0.114438036974314,0.1406757448420475,0.1280413539406387,0.151106266624952,0.13870132785393963,0.16095116435384116,0.14904994964571663,0.16997550270911846,0.15885761866182752,0.17795277799957052,0.16792411512899727,0.1876290543285173,0.1789707891058868,0.19653765602055176,0.18925952527709808,0.20588007336868683,0.20014310387242643,0.21565850641370574,0.21164678084032634,0.2259001206338098,0.22381097187337415,0.23828343546954042,0.2385780817094803,0.2498227811672607,0.25237704273812506,0.26191506437172185,0.2669722824487205,0.2748851421808145,0.2824118056684761,0.2886756267125149,0.2987429564944093,0.30614707838492117,0.31911733149094607,0.32214535778623,0.3372913946730051,0.3394654613678443,0.35695608839219845,0.35841373566474066,0.37789728328067845,0.37805793695190704,0.40009757599112417,0.40186501766771865,0.42587417136168687,0.4251960094646287,0.44862672085724214,0.45087639067696555,0.4726640391250317,0.48088703177958414,0.4983676860892749,1,1
27324,1992,2,1,5.382873485806565e-4,3.2940744884726815e-4,5.838486560388694e-4,3.5202041668970936e-4,6.112936511113742e-4,3.7562034224025817e-4,6.463378526797342e-4,3.8776290424069533e-4,6.719252492088666e-4,3.894288366211685e-4,7.080974259342525e-4,3.973213014946709e-4,7.632629208773887e-4,4.11769832031317e-4,7.653481124116953e-4,4.3998431475991424e-4,8.002492995546834e-4,4.6362159334087974e-4,8.248803225845856e-4,5.000486760223327e-4,8.812780658273427e-4,5.358348738861524e-4,9.380014051965254e-4,5.627874477980253e-4,9.917986447166196e-4,5.989347196955514e-4,0.0010698250051592191,6.455947904266372e-4,0.001153372284030405,7.086790352910269e-4,0.0012065844645038244,7.668805023849346e-4,0.001282445631547901,8.264343184321858e-4,0.001389428802841052,9.08677069886874e-4,0.0015270489619226908,9.926249869551308e-4,0.0016547988328785594,0.001061542271885417,0.0032223337163479354,0.0014774344871246673,0.0034525687787225604,0.0015873896517551518,0.0036879605379926757,0.001721613744081113,0.003945420550334822,0.0018897295813713425,0.004243350206926268,0.002049656366326338,0.004578970084562935,0.0022443821344291385,0.0050209804871087765,0.00238881677131488,0.0052893715643453545,0.0026269903681479965,0.005743169133341693,0.0028036456272005975,0.006200890126394267,0.003070038390949429,0.006547341353677586,0.003322636908401486,0.006985974532720644,0.0035920179447358623,0.007470074172717733,0.00387324805763748,0.008048007279289945,0.004236399055493411,0.008646776197006786,0.004440191170022761,0.010577913091347464,0.007043632725423247,0.011341060285717682,0.0075795972602089035,0.0118297953071295,0.008082470219713284,0.012636754352278401,0.008808604735592727,0.013503279325951079,0.0092596450869388,0.014270662858505805,0.010023520993718272,0.015472388879800885,0.010918623265327403,0.01623706863132485,0.011803015541602034,0.0175497622364543,0.01297586636929943,0.01899957151363205,0.014148006702074145,0.020489973742914502,0.015709940944627705,0.022526407432529136,0.017146874735679503,0.0245025354356951,0.01905311221439754,0.02702588170478435,0.020951754383433607,0.0292421156817738,0.02306051492852521,0.03250141467993137,0.02762194299603993,0.03573494974871169,0.029069448470161255,0.03929170654527742,0.03177776917644057,0.04491590420524017,0.03509372083232576,0.047872652924800564,0.03876093394833209,0.05280076103120957,0.04336377189123484,0.058284278925951186,0.048190072490048995,0.06438714738824058,0.05368019698001852,0.07110359270698627,0.059865446682101066,0.07843385498816209,0.0667313349324642,0.08828581071590971,0.07650097799977705,0.09720532327010355,0.08508687044048553,0.10671383811352586,0.09430518047556687,0.11677644495435469,0.10410045616929421,0.127354073525175,0.114438036974314,0.1406757448420475,0.1280413539406387,0.151106266624952,0.13870132785393963,0.16095116435384116,0.14904994964571663,0.16997550270911846,0.15885761866182752,0.17795277799957052,0.16792411512899727,0.1876290543285173,0.1789707891058868,0.19653765602055176,0.18925952527709808,0.20588007336868683,0.20014310387242643,0.21565850641370574,0.21164678084032634,0.2259001206338098,0.22381097187337415,0.23828343546954042,0.2385780817094803,0.2498227811672607,0.25237704273812506,0.26191506437172185,0.2669722824487205,0.2748851421808145,0.2824118056684761,0.2886756267125149,0.2987429564944093,0.30614707838492117,0.31911733149094607,0.32214535778623,0.3372913946730051,0.3394654613678443,0.35695608839219845,0.35841373566474066,0.37789728328067845,0.37805793695190704,0.40009757599112417,0.40186501766771865,0.42587417136168687,0.4251960094646287,0.44862672085724214,0.45087639067696555,0.4726640391250317,0.48088703177958414,0.4983676860892749,1,1
27325,1992,2,1,5.382873485806565e-4,3.2940744884726815e-4,5.838486560388694e-4,3.5202041668970936e-4,6.112936511113742e-4,3.7562034224025817e-4,6.463378526797342e-4,3.8776290424069533e-4,6.719252492088666e-4,3.894288366211685e-4,7.080974259342525e-4,3.973213014946709e-4,7.632629208773887e-4,4.11769832031317e-4,7.653481124116953e-4,4.3998431475991424e-4,8.002492995546834e-4,4.6362159334087974e-4,8.248803225845856e-4,5.000486760223327e-4,8.812780658273427e-4,5.358348738861524e-4,9.380014051965254e-4,5.627874477980253e-4,9.917986447166196e-4,5.989347196955514e-4,0.0010698250051592191,6.455947904266372e-4,0.001153372284030405,7.086790352910269e-4,0.0012065844645038244,7.668805023849346e-4,0.001282445631547901,8.264343184321858e-4,0.001389428802841052,9.08677069886874e-4,0.0015270489619226908,9.926249869551308e-4,0.0016547988328785594,0.001061542271885417,0.0032223337163479354,0.0014774344871246673,0.0034525687787225604,0.0015873896517551518,0.0036879605379926757,0.001721613744081113,0.003945420550334822,0.0018897295813713425,0.004243350206926268,0.002049656366326338,0.004578970084562935,0.0022443821344291385,0.0050209804871087765,0.00238881677131488,0.0052893715643453545,0.0026269903681479965,0.005743169133341693,0.0028036456272005975,0.006200890126394267,0.003070038390949429,0.006547341353677586,0.003322636908401486,0.006985974532720644,0.0035920179447358623,0.007470074172717733,0.00387324805763748,0.008048007279289945,0.004236399055493411,0.008646776197006786,0.004440191170022761,0.010577913091347464,0.007043632725423247,0.011341060285717682,0.0075795972602089035,0.0118297953071295,0.008082470219713284,0.012636754352278401,0.008808604735592727,0.013503279325951079,0.0092596450869388,0.014270662858505805,0.010023520993718272,0.015472388879800885,0.010918623265327403,0.01623706863132485,0.011803015541602034,0.0175497622364543,0.01297586636929943,0.01899957151363205,0.014148006702074145,0.020489973742914502,0.015709940944627705,0.022526407432529136,0.017146874735679503,0.0245025354356951,0.01905311221439754,0.02702588170478435,0.020951754383433607,0.0292421156817738,0.02306051492852521,0.03250141467993137,0.02762194299603993,0.03573494974871169,0.029069448470161255,0.03929170654527742,0.03177776917644057,0.04491590420524017,0.03509372083232576,0.047872652924800564,0.03876093394833209,0.05280076103120957,0.04336377189123484,0.058284278925951186,0.048190072490048995,0.06438714738824058,0.05368019698001852,0.07110359270698627,0.059865446682101066,0.07843385498816209,0.0667313349324642,0.08828581071590971,0.07650097799977705,0.09720532327010355,0.08508687044048553,0.10671383811352586,0.09430518047556687,0.11677644495435469,0.10410045616929421,0.127354073525175,0.114438036974314,0.1406757448420475,0.1280413539406387,0.151106266624952,0.13870132785393963,0.16095116435384116,0.14904994964571663,0.16997550270911846,0.15885761866182752,0.17795277799957052,0.16792411512899727,0.1876290543285173,0.1789707891058868,0.19653765602055176,0.18925952527709808,0.20588007336868683,0.20014310387242643,0.21565850641370574,0.21164678084032634,0.2259001206338098,0.22381097187337415,0.23828343546954042,0.2385780817094803,0.2498227811672607,0.25237704273812506,0.26191506437172185,0.2669722824487205,0.2748851421808145,0.2824118056684761,0.2886756267125149,0.2987429564944093,0.30614707838492117,0.31911733149094607,0.32214535778623,0.3372913946730051,0.3394654613678443,0.35695608839219845,0.35841373566474066,0.37789728328067845,0.37805793695190704,0.40009757599112417,0.40186501766771865,0.42587417136168687,0.4251960094646287,0.44862672085724214,0.45087639067696555,0.4726640391250317,0.48088703177958414,0.4983676860892749,1,1
28761,1992,0,2,,0.0010897467194355577,,0.0010943092205328569,,0.0011537379947146225,,0.0012116403359963986,,0.0013122136766130514,,0.0014722204267347265,,0.0015849763851303296,,0.0017327784952183547,,0.0018150424958840287,,0.002002451975290326,,0.00215632428629971,,0.0022736125072349116,,0.0024884150298241023,,0.0027138664325055645,,0.002841777759617322,,0.003152515117786605,,0.0033778965811360555,,0.0036794268346523385,,0.004054044805898334,,0.004439273763367849,,0.004644173247963136,,0.004970544382645927,,0.005267818960760004,,0.005598408675869711,,0.007068254292051576,,0.00877583191979932,,0.008685087091704766,,0.0084520854790557,,0.008755864144167172,,0.009387336409018187,,0.01014473847041945,,0.01080608916015317,,0.011432292347302019,,0.012040719426476765,,0.012660323285821203,,0.009843209693512302,,0.010445170842643164,,0.011154891451812275,,0.01200217486287446,,0.012988132338886842,,0.013836250010114189,,0.015076502356720436,,0.016471350398982742,,0.018168685654896013,,0.019830079311661843,,0.021940569037072383,,0.023931309007195072,,0.026263777382327328,,0.02886114260832268,,0.03178991558280043,,0.03732637443980067,,0.041421381601844526,,0.046166590125097835,,0.051364760795930914,,0.05695970337325156,,0.06734113709993406,,0.07492796638699155,,0.08329113839281234,,0.09261069123681417,,0.1032535815955174,,0.12530194415631762,,0.1389481455644168,,0.15386264098573926,,0.17008556630677954,,0.1870458451997028,,0.21946188061181598,,0.23780168726053272,,0.25554977626836056,,0.2723426311776215,,0.28780641487411035,,0.310086418836964,,0.32783106762594943,,0.34658828749420817,,0.36642000238090283,,0.3873869894855823,,0.4159775015449711,,0.43992945186522053,,0.46525978320164924,,0.49204876732724623,,0.5203801162338428,,0.5599231383477491,,0.5923865320127744,,0.6267624526156198,,0.6633249010345594,,0.7025119930521224,,0.7517656953555375,,0.7915795857923791,,0.8378645363361158,,0.888845712669138,1,1
28762,1992,0,2,,0.0010897467194355577,,0.0010943092205328569,,0.0011537379947146225,,0.0012116403359963986,,0.0013122136766130514,,0.0014722204267347265,,0.0015849763851303296,,0.0017327784952183547,,0.0018150424958840287,,0.002002451975290326,,0.00215632428629971,,0.0022736125072349116,,0.0024884150298241023,,0.0027138664325055645,,0.002841777759617322,,0.003152515117786605,,0.0033778965811360555,,0.0036794268346523385,,0.004054044805898334,,0.004439273763367849,,0.004644173247963136,,0.004970544382645927,,0.005267818960760004,,0.005598408675869711,,0.007068254292051576,,0.00877583191979932,,0.008685087091704766,,0.0084520854790557,,0.008755864144167172,,0.009387336409018187,,0.01014473847041945,,0.01080608916015317,,0.011432292347302019,,0.012040719426476765,,0.012660323285821203,,0.009843209693512302,,0.010445170842643164,,0.011154891451812275,,0.01200217486287446,,0.012988132338886842,,0.013836250010114189,,0.015076502356720436,,0.016471350398982742,,0.018168685654896013,,0.019830079311661843,,0.021940569037072383,,0.023931309007195072,,0.026263777382327328,,0.02886114260832268,,0.03178991558280043,,0.03732637443980067,,0.041421381601844526,,0.046166590125097835,,0.051364760795930914,,0.05695970337325156,,0.06734113709993406,,0.07492796638699155,,0.08329113839281234,,0.09261069123681417,,0.1032535815955174,,0.12530194415631762,,0.1389481455644168,,0.15386264098573926,,0.17008556630677954,,0.1870458451997028,,0.21946188061181598,,0.23780168726053272,,0.25554977626836056,,0.2723426311776215,,0.28780641487411035,,0.310086418836964,,0.32783106762594943,,0.34658828749420817,,0.36642000238090283,,0.3873869894855823,,0.4159775015449711,,0.43992945186522053,,0.46525978320164924,,0.49204876732724623,,0.5203801162338428,,0.5599231383477491,,0.5923865320127744,,0.6267624526156198,,0.6633249010345594,,0.7025119930521224,,0.7517656953555375,,0.7915795857923791,,0.8378645363361158,,0.888845712669138,1,1
28763,1992,0,2,,0.0010897467194355577,,0.0010943092205328569,,0.0011537379947146225,,0.0012116403359963986,,0.0013122136766130514,,0.0014722204267347265,,0.0015849763851303296,,0.0017327784952183547,,0.0018150424958840287,,0.002002451975290326,,0.00215632428629971,,0.0022736125072349116,,0.0024884150298241023,,0.0027138664325055645,,0.002841777759617322,,0.003152515117786605,,0.0033778965811360555,,0.0036794268346523385,,0.004054044805898334,,0.004439273763367849,,0.004644173247963136,,0.004970544382645927,,0.005267818960760004,,0.005598408675869711,,0.007068254292051576,,0.00877583191979932,,0.008685087091704766,,0.0084520854790557,,0.008755864144167172,,0.009387336409018187,,0.01014473847041945,,0.01080608916015317,,0.011432292347302019,,0.012040719426476765,,0.012660323285821203,,0.009843209693512302,,0.010445170842643164,,0.011154891451812275,,0.01200217486287446,,0.012988132338886842,,0.013836250010114189,,0.015076502356720436,,0.016471350398982742,,0.018168685654896013,,0.019830079311661843,,0.021940569037072383,,0.023931309007195072,,0.026263777382327328,,0.02886114260832268,,0.03178991558280043,,0.03732637443980067,,0.041421381601844526,,0.046166590125097835,,0.051364760795930914,,0.05695970337325156,,0.06734113709993406,,0.07492796638699155,,0.08329113839281234,,0.09261069123681417,,0.1032535815955174,,0.12530194415631762,,0.1389481455644168,,0.15386264098573926,,0.17008556630677954,,0.1870458451997028,,0.21946188061181598,,0.23780168726053272,,0.25554977626836056,,0.2723426311776215,,0.28780641487411035,,0.310086418836964,,0.32783106762594943,,0.34658828749420817,,0.36642000238090283,,0.3873869894855823,,0.4159775015449711,,0.43992945186522053,,0.46525978320164924,,0.49204876732724623,,0.5203801162338428,,0.5599231383477491,,0.5923865320127744,,0.6267624526156198,,0.6633249010345594,,0.7025119930521224,,0.7517656953555375,,0.7915795857923791,,0.8378645363361158,,0.888845712669138,1,1
28764,1992,0,2,,0.0010897467194355577,,0.0010943092205328569,,0.0011537379947146225,,0.0012116403359963986,,0.0013122136766130514,,0.0014722204267347265,,0.0015849763851303296,,0.0017327784952183547,,0.0018150424958840287,,0.002002451975290326,,0.00215632428629971,,0.0022736125072349116,,0.0024884150298241023,,0.0027138664325055645,,0.002841777759617322,,0.003152515117786605,,0.0033778965811360555,,0.0036794268346523385,,0.004054044805898334,,0.004439273763367849,,0.004644173247963136,,0.004970544382645927,,0.005267818960760004,,0.005598408675869711,,0.007068254292051576,,0.00877583191979932,,0.008685087091704766,,0.0084520854790557,,0.008755864144167172,,0.009387336409018187,,0.01014473847041945,,0.01080608916015317,,0.011432292347302019,,0.012040719426476765,,0.012660323285821203,,0.009843209693512302,,0.010445170842643164,,0.011154891451812275,,0.01200217486287446,,0.012988132338886842,,0.013836250010114189,,0.015076502356720436,,0.016471350398982742,,0.018168685654896013,,0.019830079311661843,,0.021940569037072383,,0.023931309007195072,,0.026263777382327328,,0.02886114260832268,,0.03178991558280043,,0.03732637443980067,,0.041421381601844526,,0.046166590125097835,,0.051364760795930914,,0.05695970337325156,,0.06734113709993406,,0.07492796638699155,,0.08329113839281234,,0.09261069123681417,,0.1032535815955174,,0.12530194415631762,,0.1389481455644168,,0.15386264098573926,,0.17008556630677954,,0.1870458451997028,,0.21946188061181598,,0.23780168726053272,,0.25554977626836056,,0.2723426311776215,,0.28780641487411035,,0.310086418836964,,0.32783106762594943,,0.34658828749420817,,0.36642000238090283,,0.3873869894855823,,0.4159775015449711,,0.43992945186522053,,0.46525978320164924,,0.49204876732724623,,0.5203801162338428,,0.5599231383477491,,0.5923865320127744,,0.6267624526156198,,0.6633249010345594,,0.7025119930521224,,0.7517656953555375,,0.7915795857923791,,0.8378645363361158,,0.888845712669138,1,1
28765,1992,0,2,,0.0010897467194355577,,0.0010943092205328569,,0.0011537379947146225,,0.0012116403359963986,,0.0013122136766130514,,0.0014722204267347265,,0.0015849763851303296,,0.0017327784952183547,,0.0018150424958840287,,0.002002451975290326,,0.00215632428629971,,0.0022736125072349116,,0.0024884150298241023,,0.0027138664325055645,,0.002841777759617322,,0.003152515117786605,,0.0033778965811360555,,0.0036794268346523385,,0.004054044805898334,,0.004439273763367849,,0.004644173247963136,,0.004970544382645927,,0.005267818960760004,,0.005598408675869711,,0.007068254292051576,,0.00877583191979932,,0.008685087091704766,,0.0084520854790557,,0.008755864144167172,,0.009387336409018187,,0.01014473847041945,,0.01080608916015317,,0.011432292347302019,,0.012040719426476765,,0.012660323285821203,,0.009843209693512302,,0.010445170842643164,,0.011154891451812275,,0.01200217486287446,,0.012988132338886842,,0.013836250010114189,,0.015076502356720436,,0.016471350398982742,,0.018168685654896013,,0.019830079311661843,,0.021940569037072383,,0.023931309007195072,,0.026263777382327328,,0.02886114260832268,,0.03178991558280043,,0.03732637443980067,,0.041421381601844526,,0.046166590125097835,,0.051364760795930914,,0.05695970337325156,,0.06734113709993406,,0.07492796638699155,,0.08329113839281234,,0.09261069123681417,,0.1032535815955174,,0.12530194415631762,,0.1389481455644168,,0.15386264098573926,,0.17008556630677954,,0.1870458451997028,,0.21946188061181598,,0.23780168726053272,,0.25554977626836056,,0.2723426311776215,,0.28780641487411035,,0.310086418836964,,0.32783106762594943,,0.34658828749420817,,0.36642000238090283,,0.3873869894855823,,0.4159775015449711,,0.43992945186522053,,0.46525978320164924,,0.49204876732724623,,0.5203801162338428,,0.5599231383477491,,0.5923865320127744,,0.6267624526156198,,0.6633249010345594,,0.7025119930521224,,0.7517656953555375,,0.7915795857923791,,0.8378645363361158,,0.888845712669138,1,1
31461,1992,2,1,6.222908844047467e-4,3.182107913076641e-4,6.317335628103377e-4,3.198816612892311e-4,6.271600167633347e-4,3.4390163508778604e-4,6.36954521856974e-4,3.555101749140508e-4,6.424174487998785e-4,3.667083144471526e-4,6.796339095324927e-4,3.8577480979078697e-4,7.496275709581962e-4,4.238887122793665e-4,8.290232678409413e-4,4.562162495325359e-4,9.081353981279089e-4,4.918656544803256e-4,9.762662320574153e-4,5.41605044065274e-4,0.0010317392225453377,5.909465676802277e-4,0.0010725403394722898,6.423772286497048e-4,0.0011371569634554286,6.644190610823367e-4,0.0012644626446114088,7.299763630133641e-4,0.001366095192575948,8.038521092707739e-4,0.0014484034089790813,9.030466021933137e-4,0.0015438942218416224,9.923462586857886e-4,0.0015613621988679327,0.0010576551764912494,0.001620172053158821,0.0011333838673427072,0.0017036054619116406,0.0012149841549930558,0.0033590965657248092,0.0018579067755288199,0.0036237879106466326,0.0020274508014046766,0.0038868961871632787,0.0022231330106301955,0.004340819923337459,0.002415390891563407,0.00467293547164924,0.0026344307242864243,0.004891821089267184,0.0028720018502505287,0.005263314739724567,0.003031591686592421,0.005593707807120612,0.00322750978126274,0.0060385031043531006,0.0034764137813747056,0.006500233034898329,0.003703679939757306,0.006866265216688053,0.0040451659937098166,0.00721376744761234,0.004321241756757448,0.007716167184126233,0.00455739993071654,0.008488759128228086,0.00494078116636632,0.009208086319736094,0.005409885038210741,0.009978931833429792,0.007889222646147949,0.010764329170179363,0.0085183212343837,0.011460848490640366,0.009245258572164886,0.012476456319839534,0.00993115444065882,0.013264925165548412,0.010915420048050626,0.014141660787947563,0.011851973152666522,0.01715092371483961,0.01291723657849491,0.016799605356777294,0.016502349132603213,0.017618419895450408,0.015887097227722982,0.01909730718049092,0.016564226478278196,0.02102946289774668,0.018274967613724595,0.022991765740078073,0.020143408753349246,0.02510343750314859,0.022190745790643802,0.02734362666091219,0.02444117853603832,0.029786427295360986,0.026934585883127905,0.033465952554973075,0.030572731675825946,0.03682949454201534,0.03403384794087422,0.04053081593307742,0.03776396561317286,0.044580709483146734,0.041732096650404144,0.04903421760441204,0.04608151054529636,0.05550069898896961,0.05229914508040158,0.06126937866121137,0.05811753393077429,0.06765325813267209,0.06473276828000353,0.07471322615709501,0.07216992206118704,0.08241052200057207,0.08044935209500872,0.09568247684280679,0.09414076693857054,0.10535227471399067,0.10471928133797448,0.11565977058742759,0.11606403119290867,0.12656906307529728,0.12812672713221887,0.13803627908606617,0.14085502417057197,0.155338590740927,0.15957426659888233,0.16686253413568639,0.1728825007148471,0.1777321212842441,0.18578155092259654,0.18770275682918935,0.19801123579134675,0.19653642573859464,0.20930682215245913,0.20828295773783953,0.22383601663565694,0.21817618669940989,0.23670322830335788,0.2282146806541871,0.2503092547497532,0.2390421626551093,0.264296753053305,0.25038263559755203,0.27947217618723524,0.2652929893655865,0.2988301502862816,0.27814392462191434,0.3160991287091869,0.2916871735463181,0.33436466997306274,0.30616397057520844,0.35369886092237174,0.32170543929851864,0.37420124414657513,0.34323611576301694,0.4010445951681768,0.3617796665755819,0.42449417210416274,0.3818457994454247,0.4493081310961886,0.4039368540040687,0.47572926009032673,0.4279884806263187,0.5038719515960746,0.45827728456445743,0.5379670757068277,0.48682967303989355,0.5674737349451587,0.5184322648030332,0.599426742210927,0.5544061078466896,0.6340354372488856,1,1
31462,1992,2,1,6.222908844047467e-4,3.182107913076641e-4,6.317335628103377e-4,3.198816612892311e-4,6.271600167633347e-4,3.4390163508778604e-4,6.36954521856974e-4,3.555101749140508e-4,6.424174487998785e-4,3.667083144471526e-4,6.796339095324927e-4,3.8577480979078697e-4,7.496275709581962e-4,4.238887122793665e-4,8.290232678409413e-4,4.562162495325359e-4,9.081353981279089e-4,4.918656544803256e-4,9.762662320574153e-4,5.41605044065274e-4,0.0010317392225453377,5.909465676802277e-4,0.0010725403394722898,6.423772286497048e-4,0.0011371569634554286,6.644190610823367e-4,0.0012644626446114088,7.299763630133641e-4,0.001366095192575948,8.038521092707739e-4,0.0014484034089790813,9.030466021933137e-4,0.0015438942218416224,9.923462586857886e-4,0.0015613621988679327,0.0010576551764912494,0.001620172053158821,0.0011333838673427072,0.0017036054619116406,0.0012149841549930558,0.0033590965657248092,0.0018579067755288199,0.0036237879106466326,0.0020274508014046766,0.0038868961871632787,0.0022231330106301955,0.004340819923337459,0.002415390891563407,0.00467293547164924,0.0026344307242864243,0.004891821089267184,0.0028720018502505287,0.005263314739724567,0.003031591686592421,0.005593707807120612,0.00322750978126274,0.0060385031043531006,0.0034764137813747056,0.006500233034898329,0.003703679939757306,0.006866265216688053,0.0040451659937098166,0.00721376744761234,0.004321241756757448,0.007716167184126233,0.00455739993071654,0.008488759128228086,0.00494078116636632,0.009208086319736094,0.005409885038210741,0.009978931833429792,0.007889222646147949,0.010764329170179363,0.0085183212343837,0.011460848490640366,0.009245258572164886,0.012476456319839534,0.00993115444065882,0.013264925165548412,0.010915420048050626,0.014141660787947563,0.011851973152666522,0.01715092371483961,0.01291723657849491,0.016799605356777294,0.016502349132603213,0.017618419895450408,0.015887097227722982,0.01909730718049092,0.016564226478278196,0.02102946289774668,0.018274967613724595,0.022991765740078073,0.020143408753349246,0.02510343750314859,0.022190745790643802,0.02734362666091219,0.02444117853603832,0.029786427295360986,0.026934585883127905,0.033465952554973075,0.030572731675825946,0.03682949454201534,0.03403384794087422,0.04053081593307742,0.03776396561317286,0.044580709483146734,0.041732096650404144,0.04903421760441204,0.04608151054529636,0.05550069898896961,0.05229914508040158,0.06126937866121137,0.05811753393077429,0.06765325813267209,0.06473276828000353,0.07471322615709501,0.07216992206118704,0.08241052200057207,0.08044935209500872,0.09568247684280679,0.09414076693857054,0.10535227471399067,0.10471928133797448,0.11565977058742759,0.11606403119290867,0.12656906307529728,0.12812672713221887,0.13803627908606617,0.14085502417057197,0.155338590740927,0.15957426659888233,0.16686253413568639,0.1728825007148471,0.1777321212842441,0.18578155092259654,0.18770275682918935,0.19801123579134675,0.19653642573859464,0.20930682215245913,0.20828295773783953,0.22383601663565694,0.21817618669940989,0.23670322830335788,0.2282146806541871,0.2503092547497532,0.2390421626551093,0.264296753053305,0.25038263559755203,0.27947217618723524,0.2652929893655865,0.2988301502862816,0.27814392462191434,0.3160991287091869,0.2916871735463181,0.33436466997306274,0.30616397057520844,0.35369886092237174,0.32170543929851864,0.37420124414657513,0.34323611576301694,0.4010445951681768,0.3617796665755819,0.42449417210416274,0.3818457994454247,0.4493081310961886,0.4039368540040687,0.47572926009032673,0.4279884806263187,0.5038719515960746,0.45827728456445743,0.5379670757068277,0.48682967303989355,0.5674737349451587,0.5184322648030332,0.599426742210927,0.5544061078466896,0.6340354372488856,1,1
31463,1992,2,1,6.222908844047467e-4,3.182107913076641e-4,6.317335628103377e-4,3.198816612892311e-4,6.271600167633347e-4,3.4390163508778604e-4,6.36954521856974e-4,3.555101749140508e-4,6.424174487998785e-4,3.667083144471526e-4,6.796339095324927e-4,3.8577480979078697e-4,7.496275709581962e-4,4.238887122793665e-4,8.290232678409413e-4,4.562162495325359e-4,9.081353981279089e-4,4.918656544803256e-4,9.762662320574153e-4,5.41605044065274e-4,0.0010317392225453377,5.909465676802277e-4,0.0010725403394722898,6.423772286497048e-4,0.0011371569634554286,6.644190610823367e-4,0.0012644626446114088,7.299763630133641e-4,0.001366095192575948,8.038521092707739e-4,0.0014484034089790813,9.030466021933137e-4,0.0015438942218416224,9.923462586857886e-4,0.0015613621988679327,0.0010576551764912494,0.001620172053158821,0.0011333838673427072,0.0017036054619116406,0.0012149841549930558,0.0033590965657248092,0.0018579067755288199,0.0036237879106466326,0.0020274508014046766,0.0038868961871632787,0.0022231330106301955,0.004340819923337459,0.002415390891563407,0.00467293547164924,0.0026344307242864243,0.004891821089267184,0.0028720018502505287,0.005263314739724567,0.003031591686592421,0.005593707807120612,0.00322750978126274,0.0060385031043531006,0.0034764137813747056,0.006500233034898329,0.003703679939757306,0.006866265216688053,0.0040451659937098166,0.00721376744761234,0.004321241756757448,0.007716167184126233,0.00455739993071654,0.008488759128228086,0.00494078116636632,0.009208086319736094,0.005409885038210741,0.009978931833429792,0.007889222646147949,0.010764329170179363,0.0085183212343837,0.011460848490640366,0.009245258572164886,0.012476456319839534,0.00993115444065882,0.013264925165548412,0.010915420048050626,0.014141660787947563,0.011851973152666522,0.01715092371483961,0.01291723657849491,0.016799605356777294,0.016502349132603213,0.017618419895450408,0.015887097227722982,0.01909730718049092,0.016564226478278196,0.02102946289774668,0.018274967613724595,0.022991765740078073,0.020143408753349246,0.02510343750314859,0.022190745790643802,0.02734362666091219,0.02444117853603832,0.029786427295360986,0.026934585883127905,0.033465952554973075,0.030572731675825946,0.03682949454201534,0.03403384794087422,0.04053081593307742,0.03776396561317286,0.044580709483146734,0.041732096650404144,0.04903421760441204,0.04608151054529636,0.05550069898896961,0.05229914508040158,0.06126937866121137,0.05811753393077429,0.06765325813267209,0.06473276828000353,0.07471322615709501,0.07216992206118704,0.08241052200057207,0.08044935209500872,0.09568247684280679,0.09414076693857054,0.10535227471399067,0.10471928133797448,0.11565977058742759,0.11606403119290867,0.12656906307529728,0.12812672713221887,0.13803627908606617,0.14085502417057197,0.155338590740927,0.15957426659888233,0.16686253413568639,0.1728825007148471,0.1777321212842441,0.18578155092259654,0.18770275682918935,0.19801123579134675,0.19653642573859464,0.20930682215245913,0.20828295773783953,0.22383601663565694,0.21817618669940989,0.23670322830335788,0.2282146806541871,0.2503092547497532,0.2390421626551093,0.264296753053305,0.25038263559755203,0.27947217618723524,0.2652929893655865,0.2988301502862816,0.27814392462191434,0.3160991287091869,0.2916871735463181,0.33436466997306274,0.30616397057520844,0.35369886092237174,0.32170543929851864,0.37420124414657513,0.34323611576301694,0.4010445951681768,0.3617796665755819,0.42449417210416274,0.3818457994454247,0.4493081310961886,0.4039368540040687,0.47572926009032673,0.4279884806263187,0.5038719515960746,0.45827728456445743,0.5379670757068277,0.48682967303989355,0.5674737349451587,0.5184322648030332,0.599426742210927,0.5544061078466896,0.6340354372488856,1,1
31464,1992,2,1,6.222908844047467e-4,3.182107913076641e-4,6.317335628103377e-4,3.198816612892311e-4,6.271600167633347e-4,3.4390163508778604e-4,6.36954521856974e-4,3.555101749140508e-4,6.424174487998785e-4,3.667083144471526e-4,6.796339095324927e-4,3.8577480979078697e-4,7.496275709581962e-4,4.238887122793665e-4,8.290232678409413e-4,4.562162495325359e-4,9.081353981279089e-4,4.918656544803256e-4,9.762662320574153e-4,5.41605044065274e-4,0.0010317392225453377,5.909465676802277e-4,0.0010725403394722898,6.423772286497048e-4,0.0011371569634554286,6.644190610823367e-4,0.0012644626446114088,7.299763630133641e-4,0.001366095192575948,8.038521092707739e-4,0.0014484034089790813,9.030466021933137e-4,0.0015438942218416224,9.923462586857886e-4,0.0015613621988679327,0.0010576551764912494,0.001620172053158821,0.0011333838673427072,0.0017036054619116406,0.0012149841549930558,0.0033590965657248092,0.0018579067755288199,0.0036237879106466326,0.0020274508014046766,0.0038868961871632787,0.0022231330106301955,0.004340819923337459,0.002415390891563407,0.00467293547164924,0.0026344307242864243,0.004891821089267184,0.0028720018502505287,0.005263314739724567,0.003031591686592421,0.005593707807120612,0.00322750978126274,0.0060385031043531006,0.0034764137813747056,0.006500233034898329,0.003703679939757306,0.006866265216688053,0.0040451659937098166,0.00721376744761234,0.004321241756757448,0.007716167184126233,0.00455739993071654,0.008488759128228086,0.00494078116636632,0.009208086319736094,0.005409885038210741,0.009978931833429792,0.007889222646147949,0.010764329170179363,0.0085183212343837,0.011460848490640366,0.009245258572164886,0.012476456319839534,0.00993115444065882,0.013264925165548412,0.010915420048050626,0.014141660787947563,0.011851973152666522,0.01715092371483961,0.01291723657849491,0.016799605356777294,0.016502349132603213,0.017618419895450408,0.015887097227722982,0.01909730718049092,0.016564226478278196,0.02102946289774668,0.018274967613724595,0.022991765740078073,0.020143408753349246,0.02510343750314859,0.022190745790643802,0.02734362666091219,0.02444117853603832,0.029786427295360986,0.026934585883127905,0.033465952554973075,0.030572731675825946,0.03682949454201534,0.03403384794087422,0.04053081593307742,0.03776396561317286,0.044580709483146734,0.041732096650404144,0.04903421760441204,0.04608151054529636,0.05550069898896961,0.05229914508040158,0.06126937866121137,0.05811753393077429,0.06765325813267209,0.06473276828000353,0.07471322615709501,0.07216992206118704,0.08241052200057207,0.08044935209500872,0.09568247684280679,0.09414076693857054,0.10535227471399067,0.10471928133797448,0.11565977058742759,0.11606403119290867,0.12656906307529728,0.12812672713221887,0.13803627908606617,0.14085502417057197,0.155338590740927,0.15957426659888233,0.16686253413568639,0.1728825007148471,0.1777321212842441,0.18578155092259654,0.18770275682918935,0.19801123579134675,0.19653642573859464,0.20930682215245913,0.20828295773783953,0.22383601663565694,0.21817618669940989,0.23670322830335788,0.2282146806541871,0.2503092547497532,0.2390421626551093,0.264296753053305,0.25038263559755203,0.27947217618723524,0.2652929893655865,0.2988301502862816,0.27814392462191434,0.3160991287091869,0.2916871735463181,0.33436466997306274,0.30616397057520844,0.35369886092237174,0.32170543929851864,0.37420124414657513,0.34323611576301694,0.4010445951681768,0.3617796665755819,0.42449417210416274,0.3818457994454247,0.4493081310961886,0.4039368540040687,0.47572926009032673,0.4279884806263187,0.5038719515960746,0.45827728456445743,0.5379670757068277,0.48682967303989355,0.5674737349451587,0.5184322648030332,0.599426742210927,0.5544061078466896,0.6340354372488856,1,1
31465,1992,2,1,6.222908844047467e-4,3.182107913076641e-4,6.317335628103377e-4,3.198816612892311e-4,6.271600167633347e-4,3.4390163508778604e-4,6.36954521856974e-4,3.555101749140508e-4,6.424174487998785e-4,3.667083144471526e-4,6.796339095324927e-4,3.8577480979078697e-4,7.496275709581962e-4,4.238887122793665e-4,8.290232678409413e-4,4.562162495325359e-4,9.081353981279089e-4,4.918656544803256e-4,9.762662320574153e-4,5.41605044065274e-4,0.0010317392225453377,5.909465676802277e-4,0.0010725403394722898,6.423772286497048e-4,0.0011371569634554286,6.644190610823367e-4,0.0012644626446114088,7.299763630133641e-4,0.001366095192575948,8.038521092707739e-4,0.0014484034089790813,9.030466021933137e-4,0.0015438942218416224,9.923462586857886e-4,0.0015613621988679327,0.0010576551764912494,0.001620172053158821,0.0011333838673427072,0.0017036054619116406,0.0012149841549930558,0.0033590965657248092,0.0018579067755288199,0.0036237879106466326,0.0020274508014046766,0.0038868961871632787,0.0022231330106301955,0.004340819923337459,0.002415390891563407,0.00467293547164924,0.0026344307242864243,0.004891821089267184,0.0028720018502505287,0.005263314739724567,0.003031591686592421,0.005593707807120612,0.00322750978126274,0.0060385031043531006,0.0034764137813747056,0.006500233034898329,0.003703679939757306,0.006866265216688053,0.0040451659937098166,0.00721376744761234,0.004321241756757448,0.007716167184126233,0.00455739993071654,0.008488759128228086,0.00494078116636632,0.009208086319736094,0.005409885038210741,0.009978931833429792,0.007889222646147949,0.010764329170179363,0.0085183212343837,0.011460848490640366,0.009245258572164886,0.012476456319839534,0.00993115444065882,0.013264925165548412,0.010915420048050626,0.014141660787947563,0.011851973152666522,0.01715092371483961,0.01291723657849491,0.016799605356777294,0.016502349132603213,0.017618419895450408,0.015887097227722982,0.01909730718049092,0.016564226478278196,0.02102946289774668,0.018274967613724595,0.022991765740078073,0.020143408753349246,0.02510343750314859,0.022190745790643802,0.02734362666091219,0.02444117853603832,0.029786427295360986,0.026934585883127905,0.033465952554973075,0.030572731675825946,0.03682949454201534,0.03403384794087422,0.04053081593307742,0.03776396561317286,0.044580709483146734,0.041732096650404144,0.04903421760441204,0.04608151054529636,0.05550069898896961,0.05229914508040158,0.06126937866121137,0.05811753393077429,0.06765325813267209,0.06473276828000353,0.07471322615709501,0.07216992206118704,0.08241052200057207,0.08044935209500872,0.09568247684280679,0.09414076693857054,0.10535227471399067,0.10471928133797448,0.11565977058742759,0.11606403119290867,0.12656906307529728,0.12812672713221887,0.13803627908606617,0.14085502417057197,0.155338590740927,0.15957426659888233,0.16686253413568639,0.1728825007148471,0.1777321212842441,0.18578155092259654,0.18770275682918935,0.19801123579134675,0.19653642573859464,0.20930682215245913,0.20828295773783953,0.22383601663565694,0.21817618669940989,0.23670322830335788,0.2282146806541871,0.2503092547497532,0.2390421626551093,0.264296753053305,0.25038263559755203,0.27947217618723524,0.2652929893655865,0.2988301502862816,0.27814392462191434,0.3160991287091869,0.2916871735463181,0.33436466997306274,0.30616397057520844,0.35369886092237174,0.32170543929851864,0.37420124414657513,0.34323611576301694,0.4010445951681768,0.3617796665755819,0.42449417210416274,0.3818457994454247,0.4493081310961886,0.4039368540040687,0.47572926009032673,0.4279884806263187,0.5038719515960746,0.45827728456445743,0.5379670757068277,0.48682967303989355,0.5674737349451587,0.5184322648030332,0.599426742210927,0.5544061078466896,0.6340354372488856,1,1
32071,1992,0,2,,0.001308918937798086,,0.0013283356881312483,,0.0013850070258816973,,0.001436814026893666,,0.0015453096548349054,,0.0016440780478484886,,0.001674808357258258,,0.0017865169031352696,,0.001974336119605988,,0.0021103096085809277,,0.0023547728184333586,,0.002453456765845579,,0.0027221547930539013,,0.0029810976247363445,,0.003165514151238302,,0.0035279902866040876,,0.0037268803549949706,,0.0042300606073678625,,0.004634387663420602,,0.004965770766412796,,0.005072466446076032,,0.00533823988274002,,0.005749924038045966,,0.0062877017403998045,,0.006870936562536177,,0.007572567224331271,,0.00811130678750207,,0.008821568057524017,,0.009299009595435422,,0.009985862884536305,,0.010742219917835714,,0.011317373216576996,,0.012476747573269689,,0.01320418351591159,,0.014090355552050519,,0.012216373116636084,,0.013278384018444419,,0.014577379995779143,,0.015566743356994895,,0.01697990826440306,,0.018466800445120793,,0.020218999068329836,,0.021989425277706857,,0.023859621492023822,,0.0296259575287624,,0.029457554094096793,,0.031345729007630795,,0.03448005411483954,,0.03799034309460098,,0.04186518786685206,,0.047298318916352,,0.05265226376478414,,0.058418324009158966,,0.0645642146631909,,0.07129312644145654,,0.08062057859716633,,0.08958841886077062,,0.09978831980049002,,0.11129199789865213,,0.12404651870610775,,0.14438137952117877,,0.16059580461900896,,0.17798633932662153,,0.19649235203276808,,0.21600255111064162,,0.24395252682586047,,0.26430705550614,,0.2840274601306123,,0.3027244654048674,,0.31999342565170213,,0.34191521863656227,,0.36157022730994903,,0.382353726136149,,0.40433039282406213,,0.4275688554146137,,0.4561530389805615,,0.4825134968541195,,0.5103951557666936,,0.5398898788939446,,0.571087769718176,,0.6114992234287357,,0.6470599926202798,,0.6847404614922801,,0.7247486116049005,,0.7672747999451696,,0.8188230240602452,,0.8638201456236735,,0.9124444453209372,,0.9651366728561899,1,1
32072,1992,0,2,,0.001308918937798086,,0.0013283356881312483,,0.0013850070258816973,,0.001436814026893666,,0.0015453096548349054,,0.0016440780478484886,,0.001674808357258258,,0.0017865169031352696,,0.001974336119605988,,0.0021103096085809277,,0.0023547728184333586,,0.002453456765845579,,0.0027221547930539013,,0.0029810976247363445,,0.003165514151238302,,0.0035279902866040876,,0.0037268803549949706,,0.0042300606073678625,,0.004634387663420602,,0.004965770766412796,,0.005072466446076032,,0.00533823988274002,,0.005749924038045966,,0.0062877017403998045,,0.006870936562536177,,0.007572567224331271,,0.00811130678750207,,0.008821568057524017,,0.009299009595435422,,0.009985862884536305,,0.010742219917835714,,0.011317373216576996,,0.012476747573269689,,0.01320418351591159,,0.014090355552050519,,0.012216373116636084,,0.013278384018444419,,0.014577379995779143,,0.015566743356994895,,0.01697990826440306,,0.018466800445120793,,0.020218999068329836,,0.021989425277706857,,0.023859621492023822,,0.0296259575287624,,0.029457554094096793,,0.031345729007630795,,0.03448005411483954,,0.03799034309460098,,0.04186518786685206,,0.047298318916352,,0.05265226376478414,,0.058418324009158966,,0.0645642146631909,,0.07129312644145654,,0.08062057859716633,,0.08958841886077062,,0.09978831980049002,,0.11129199789865213,,0.12404651870610775,,0.14438137952117877,,0.16059580461900896,,0.17798633932662153,,0.19649235203276808,,0.21600255111064162,,0.24395252682586047,,0.26430705550614,,0.2840274601306123,,0.3027244654048674,,0.31999342565170213,,0.34191521863656227,,0.36157022730994903,,0.382353726136149,,0.40433039282406213,,0.4275688554146137,,0.4561530389805615,,0.4825134968541195,,0.5103951557666936,,0.5398898788939446,,0.571087769718176,,0.6114992234287357,,0.6470599926202798,,0.6847404614922801,,0.7247486116049005,,0.7672747999451696,,0.8188230240602452,,0.8638201456236735,,0.9124444453209372,,0.9651366728561899,1,1
32073,1992,0,2,,0.001308918937798086,,0.0013283356881312483,,0.0013850070258816973,,0.001436814026893666,,0.0015453096548349054,,0.0016440780478484886,,0.001674808357258258,,0.0017865169031352696,,0.001974336119605988,,0.0021103096085809277,,0.0023547728184333586,,0.002453456765845579,,0.0027221547930539013,,0.0029810976247363445,,0.003165514151238302,,0.0035279902866040876,,0.0037268803549949706,,0.0042300606073678625,,0.004634387663420602,,0.004965770766412796,,0.005072466446076032,,0.00533823988274002,,0.005749924038045966,,0.0062877017403998045,,0.006870936562536177,,0.007572567224331271,,0.00811130678750207,,0.008821568057524017,,0.009299009595435422,,0.009985862884536305,,0.010742219917835714,,0.011317373216576996,,0.012476747573269689,,0.01320418351591159,,0.014090355552050519,,0.012216373116636084,,0.013278384018444419,,0.014577379995779143,,0.015566743356994895,,0.01697990826440306,,0.018466800445120793,,0.020218999068329836,,0.021989425277706857,,0.023859621492023822,,0.0296259575287624,,0.029457554094096793,,0.031345729007630795,,0.03448005411483954,,0.03799034309460098,,0.04186518786685206,,0.047298318916352,,0.05265226376478414,,0.058418324009158966,,0.0645642146631909,,0.07129312644145654,,0.08062057859716633,,0.08958841886077062,,0.09978831980049002,,0.11129199789865213,,0.12404651870610775,,0.14438137952117877,,0.16059580461900896,,0.17798633932662153,,0.19649235203276808,,0.21600255111064162,,0.24395252682586047,,0.26430705550614,,0.2840274601306123,,0.3027244654048674,,0.31999342565170213,,0.34191521863656227,,0.36157022730994903,,0.382353726136149,,0.40433039282406213,,0.4275688554146137,,0.4561530389805615,,0.4825134968541195,,0.5103951557666936,,0.5398898788939446,,0.571087769718176,,0.6114992234287357,,0.6470599926202798,,0.6847404614922801,,0.7247486116049005,,0.7672747999451696,,0.8188230240602452,,0.8638201456236735,,0.9124444453209372,,0.9651366728561899,1,1
32074,1992,0,2,,0.001308918937798086,,0.0013283356881312483,,0.0013850070258816973,,0.001436814026893666,,0.0015453096548349054,,0.0016440780478484886,,0.001674808357258258,,0.0017865169031352696,,0.001974336119605988,,0.0021103096085809277,,0.0023547728184333586,,0.002453456765845579,,0.0027221547930539013,,0.0029810976247363445,,0.003165514151238302,,0.0035279902866040876,,0.0037268803549949706,,0.0042300606073678625,,0.004634387663420602,,0.004965770766412796,,0.005072466446076032,,0.00533823988274002,,0.005749924038045966,,0.0062877017403998045,,0.006870936562536177,,0.007572567224331271,,0.00811130678750207,,0.008821568057524017,,0.009299009595435422,,0.009985862884536305,,0.010742219917835714,,0.011317373216576996,,0.012476747573269689,,0.01320418351591159,,0.014090355552050519,,0.012216373116636084,,0.013278384018444419,,0.014577379995779143,,0.015566743356994895,,0.01697990826440306,,0.018466800445120793,,0.020218999068329836,,0.021989425277706857,,0.023859621492023822,,0.0296259575287624,,0.029457554094096793,,0.031345729007630795,,0.03448005411483954,,0.03799034309460098,,0.04186518786685206,,0.047298318916352,,0.05265226376478414,,0.058418324009158966,,0.0645642146631909,,0.07129312644145654,,0.08062057859716633,,0.08958841886077062,,0.09978831980049002,,0.11129199789865213,,0.12404651870610775,,0.14438137952117877,,0.16059580461900896,,0.17798633932662153,,0.19649235203276808,,0.21600255111064162,,0.24395252682586047,,0.26430705550614,,0.2840274601306123,,0.3027244654048674,,0.31999342565170213,,0.34191521863656227,,0.36157022730994903,,0.382353726136149,,0.40433039282406213,,0.4275688554146137,,0.4561530389805615,,0.4825134968541195,,0.5103951557666936,,0.5398898788939446,,0.571087769718176,,0.6114992234287357,,0.6470599926202798,,0.6847404614922801,,0.7247486116049005,,0.7672747999451696,,0.8188230240602452,,0.8638201456236735,,0.9124444453209372,,0.9651366728561899,1,1
32075,1992,0,2,,0.001308918937798086,,0.0013283356881312483,,0.0013850070258816973,,0.001436814026893666,,0.0015453096548349054,,0.0016440780478484886,,0.001674808357258258,,0.0017865169031352696,,0.001974336119605988,,0.0021103096085809277,,0.0023547728184333586,,0.002453456765845579,,0.0027221547930539013,,0.0029810976247363445,,0.003165514151238302,,0.0035279902866040876,,0.0037268803549949706,,0.0042300606073678625,,0.004634387663420602,,0.004965770766412796,,0.005072466446076032,,0.00533823988274002,,0.005749924038045966,,0.0062877017403998045,,0.006870936562536177,,0.007572567224331271,,0.00811130678750207,,0.008821568057524017,,0.009299009595435422,,0.009985862884536305,,0.010742219917835714,,0.011317373216576996,,0.012476747573269689,,0.01320418351591159,,0.014090355552050519,,0.012216373116636084,,0.013278384018444419,,0.014577379995779143,,0.015566743356994895,,0.01697990826440306,,0.018466800445120793,,0.020218999068329836,,0.021989425277706857,,0.023859621492023822,,0.0296259575287624,,0.029457554094096793,,0.031345729007630795,,0.03448005411483954,,0.03799034309460098,,0.04186518786685206,,0.047298318916352,,0.05265226376478414,,0.058418324009158966,,0.0645642146631909,,0.07129312644145654,,0.08062057859716633,,0.08958841886077062,,0.09978831980049002,,0.11129199789865213,,0.12404651870610775,,0.14438137952117877,,0.16059580461900896,,0.17798633932662153,,0.19649235203276808,,0.21600255111064162,,0.24395252682586047,,0.26430705550614,,0.2840274601306123,,0.3027244654048674,,0.31999342565170213,,0.34191521863656227,,0.36157022730994903,,0.382353726136149,,0.40433039282406213,,0.4275688554146137,,0.4561530389805615,,0.4825134968541195,,0.5103951557666936,,0.5398898788939446,,0.571087769718176,,0.6114992234287357,,0.6470599926202798,,0.6847404614922801,,0.7247486116049005,,0.7672747999451696,,0.8188230240602452,,0.8638201456236735,,0.9124444453209372,,0.9651366728561899,1,1
33031,1992,0,2,,0.0035431339533455587,,0.0031601618323680164,,0.003141129211834737,,0.0031642072220521545,,0.0030890318282325697,,0.003078024638781583,,0.003289601374350562,,0.0033177026793601585,,0.0034360447346653725,,0.0033438357961593917,,0.0033829767326605687,,0.0035193815055841516,,0.0035815951678079077,,0.003808258195886566,,0.003972765183633664,,0.004128259336927068,,0.004282763585359901,,0.004405193352323962,,0.004697110696901782,,0.005083318454381,,0.006063485641291514,,0.006495440874869476,,0.006798338723196351,,0.00731348245203586,,0.007552381686968238,,0.00806538661765717,,0.008756504300152106,,0.009199107660960312,,0.010125924885338679,,0.011114594394691264,,0.011958202869597725,,0.013578249648496778,,0.01402721107584556,,0.014891046504561594,,0.015794327534238324,,0.01393744323404614,,0.014720617368869144,,0.01551932197331692,,0.016371378893511264,,0.01771246469335731,,0.019062594320291944,,0.020904296497501244,,0.022374141594626192,,0.025116231402483695,,0.026757988537882433,,0.028969502190447978,,0.03218520669873818,,0.03560332282085069,,0.03899327732712707,,0.04258916364920529,,0.046399782292034134,,0.05168976581675565,,0.05570279607340678,,0.060132970264630894,,0.06545551565766297,,0.07159650801093306,,0.08246777177418127,,0.09046215046966792,,0.10134749504083418,,0.1121219532496456,,0.12425168922057171,,0.13835977870398716,,0.1574771156042576,,0.17422007626934274,,0.18905860766350838,,0.20850508344886376,,0.22520404158920487,,0.2320024316621502,,0.2546355702894647,,0.26515041360228664,,0.27721678593758137,,0.29965719350651737,,0.2982253513513481,,0.32051879048763915,,0.3452904518175112,,0.3610574364837748,,0.3835233655170624,,0.4019806645461731,,0.43572180051985837,,0.448484292796603,,0.4850213491925212,,0.5122037416435218,,0.5409104255541789,,0.5739634236444031,,0.6039411468838052,,0.6377670024595926,,0.6691239335738283,,0.7034207398706505,,0.7438824490768032,1,1
33032,1992,0,2,,0.0035431339533455587,,0.0031601618323680164,,0.003141129211834737,,0.0031642072220521545,,0.0030890318282325697,,0.003078024638781583,,0.003289601374350562,,0.0033177026793601585,,0.0034360447346653725,,0.0033438357961593917,,0.0033829767326605687,,0.0035193815055841516,,0.0035815951678079077,,0.003808258195886566,,0.003972765183633664,,0.004128259336927068,,0.004282763585359901,,0.004405193352323962,,0.004697110696901782,,0.005083318454381,,0.006063485641291514,,0.006495440874869476,,0.006798338723196351,,0.00731348245203586,,0.007552381686968238,,0.00806538661765717,,0.008756504300152106,,0.009199107660960312,,0.010125924885338679,,0.011114594394691264,,0.011958202869597725,,0.013578249648496778,,0.01402721107584556,,0.014891046504561594,,0.015794327534238324,,0.01393744323404614,,0.014720617368869144,,0.01551932197331692,,0.016371378893511264,,0.01771246469335731,,0.019062594320291944,,0.020904296497501244,,0.022374141594626192,,0.025116231402483695,,0.026757988537882433,,0.028969502190447978,,0.03218520669873818,,0.03560332282085069,,0.03899327732712707,,0.04258916364920529,,0.046399782292034134,,0.05168976581675565,,0.05570279607340678,,0.060132970264630894,,0.06545551565766297,,0.07159650801093306,,0.08246777177418127,,0.09046215046966792,,0.10134749504083418,,0.1121219532496456,,0.12425168922057171,,0.13835977870398716,,0.1574771156042576,,0.17422007626934274,,0.18905860766350838,,0.20850508344886376,,0.22520404158920487,,0.2320024316621502,,0.2546355702894647,,0.26515041360228664,,0.27721678593758137,,0.29965719350651737,,0.2982253513513481,,0.32051879048763915,,0.3452904518175112,,0.3610574364837748,,0.3835233655170624,,0.4019806645461731,,0.43572180051985837,,0.448484292796603,,0.4850213491925212,,0.5122037416435218,,0.5409104255541789,,0.5739634236444031,,0.6039411468838052,,0.6377670024595926,,0.6691239335738283,,0.7034207398706505,,0.7438824490768032,1,1
33033,1992,0,2,,0.0035431339533455587,,0.0031601618323680164,,0.003141129211834737,,0.0031642072220521545,,0.0030890318282325697,,0.003078024638781583,,0.003289601374350562,,0.0033177026793601585,,0.0034360447346653725,,0.0033438357961593917,,0.0033829767326605687,,0.0035193815055841516,,0.0035815951678079077,,0.003808258195886566,,0.003972765183633664,,0.004128259336927068,,0.004282763585359901,,0.004405193352323962,,0.004697110696901782,,0.005083318454381,,0.006063485641291514,,0.006495440874869476,,0.006798338723196351,,0.00731348245203586,,0.007552381686968238,,0.00806538661765717,,0.008756504300152106,,0.009199107660960312,,0.010125924885338679,,0.011114594394691264,,0.011958202869597725,,0.013578249648496778,,0.01402721107584556,,0.014891046504561594,,0.015794327534238324,,0.01393744323404614,,0.014720617368869144,,0.01551932197331692,,0.016371378893511264,,0.01771246469335731,,0.019062594320291944,,0.020904296497501244,,0.022374141594626192,,0.025116231402483695,,0.026757988537882433,,0.028969502190447978,,0.03218520669873818,,0.03560332282085069,,0.03899327732712707,,0.04258916364920529,,0.046399782292034134,,0.05168976581675565,,0.05570279607340678,,0.060132970264630894,,0.06545551565766297,,0.07159650801093306,,0.08246777177418127,,0.09046215046966792,,0.10134749504083418,,0.1121219532496456,,0.12425168922057171,,0.13835977870398716,,0.1574771156042576,,0.17422007626934274,,0.18905860766350838,,0.20850508344886376,,0.22520404158920487,,0.2320024316621502,,0.2546355702894647,,0.26515041360228664,,0.27721678593758137,,0.29965719350651737,,0.2982253513513481,,0.32051879048763915,,0.3452904518175112,,0.3610574364837748,,0.3835233655170624,,0.4019806645461731,,0.43572180051985837,,0.448484292796603,,0.4850213491925212,,0.5122037416435218,,0.5409104255541789,,0.5739634236444031,,0.6039411468838052,,0.6377670024595926,,0.6691239335738283,,0.7034207398706505,,0.7438824490768032,1,1
33034,1992,0,2,,0.0035431339533455587,,0.0031601618323680164,,0.003141129211834737,,0.0031642072220521545,,0.0030890318282325697,,0.003078024638781583,,0.003289601374350562,,0.0033177026793601585,,0.0034360447346653725,,0.0033438357961593917,,0.0033829767326605687,,0.0035193815055841516,,0.0035815951678079077,,0.003808258195886566,,0.003972765183633664,,0.004128259336927068,,0.004282763585359901,,0.004405193352323962,,0.004697110696901782,,0.005083318454381,,0.006063485641291514,,0.006495440874869476,,0.006798338723196351,,0.00731348245203586,,0.007552381686968238,,0.00806538661765717,,0.008756504300152106,,0.009199107660960312,,0.010125924885338679,,0.011114594394691264,,0.011958202869597725,,0.013578249648496778,,0.01402721107584556,,0.014891046504561594,,0.015794327534238324,,0.01393744323404614,,0.014720617368869144,,0.01551932197331692,,0.016371378893511264,,0.01771246469335731,,0.019062594320291944,,0.020904296497501244,,0.022374141594626192,,0.025116231402483695,,0.026757988537882433,,0.028969502190447978,,0.03218520669873818,,0.03560332282085069,,0.03899327732712707,,0.04258916364920529,,0.046399782292034134,,0.05168976581675565,,0.05570279607340678,,0.060132970264630894,,0.06545551565766297,,0.07159650801093306,,0.08246777177418127,,0.09046215046966792,,0.10134749504083418,,0.1121219532496456,,0.12425168922057171,,0.13835977870398716,,0.1574771156042576,,0.17422007626934274,,0.18905860766350838,,0.20850508344886376,,0.22520404158920487,,0.2320024316621502,,0.2546355702894647,,0.26515041360228664,,0.27721678593758137,,0.29965719350651737,,0.2982253513513481,,0.32051879048763915,,0.3452904518175112,,0.3610574364837748,,0.3835233655170624,,0.4019806645461731,,0.43572180051985837,,0.448484292796603,,0.4850213491925212,,0.5122037416435218,,0.5409104255541789,,0.5739634236444031,,0.6039411468838052,,0.6377670024595926,,0.6691239335738283,,0.7034207398706505,,0.7438824490768032,1,1
33035,1992,0,2,,0.0035431339533455587,,0.0031601618323680164,,0.003141129211834737,,0.0031642072220521545,,0.0030890318282325697,,0.003078024638781583,,0.003289601374350562,,0.0033177026793601585,,0.0034360447346653725,,0.0033438357961593917,,0.0033829767326605687,,0.0035193815055841516,,0.0035815951678079077,,0.003808258195886566,,0.003972765183633664,,0.004128259336927068,,0.004282763585359901,,0.004405193352323962,,0.004697110696901782,,0.005083318454381,,0.006063485641291514,,0.006495440874869476,,0.006798338723196351,,0.00731348245203586,,0.007552381686968238,,0.00806538661765717,,0.008756504300152106,,0.009199107660960312,,0.010125924885338679,,0.011114594394691264,,0.011958202869597725,,0.013578249648496778,,0.01402721107584556,,0.014891046504561594,,0.015794327534238324,,0.01393744323404614,,0.014720617368869144,,0.01551932197331692,,0.016371378893511264,,0.01771246469335731,,0.019062594320291944,,0.020904296497501244,,0.022374141594626192,,0.025116231402483695,,0.026757988537882433,,0.028969502190447978,,0.03218520669873818,,0.03560332282085069,,0.03899327732712707,,0.04258916364920529,,0.046399782292034134,,0.05168976581675565,,0.05570279607340678,,0.060132970264630894,,0.06545551565766297,,0.07159650801093306,,0.08246777177418127,,0.09046215046966792,,0.10134749504083418,,0.1121219532496456,,0.12425168922057171,,0.13835977870398716,,0.1574771156042576,,0.17422007626934274,,0.18905860766350838,,0.20850508344886376,,0.22520404158920487,,0.2320024316621502,,0.2546355702894647,,0.26515041360228664,,0.27721678593758137,,0.29965719350651737,,0.2982253513513481,,0.32051879048763915,,0.3452904518175112,,0.3610574364837748,,0.3835233655170624,,0.4019806645461731,,0.43572180051985837,,0.448484292796603,,0.4850213491925212,,0.5122037416435218,,0.5409104255541789,,0.5739634236444031,,0.6039411468838052,,0.6377670024595926,,0.6691239335738283,,0.7034207398706505,,0.7438824490768032,1,1
37861,1992,2,1,6.64454745740703e-4,3.640018889470805e-4,6.973694225828208e-4,3.636139228991635e-4,7.489441956836645e-4,3.746167475257042e-4,8.337339189392207e-4,3.8399584968318225e-4,8.790377932608722e-4,4.0070095987447204e-4,9.613051227888035e-4,4.3124346808527507e-4,0.0010592979872971796,4.5569092394261444e-4,0.0011775126295745174,4.927602643463871e-4,0.0012887198633758847,5.029826636840349e-4,0.0013720092778262052,5.404802542582687e-4,0.0014527645736238071,6.007861847473364e-4,0.001549301294306792,6.366888016641294e-4,0.0016564113619876911,7.210600904915067e-4,0.001745321463155198,7.435705783449842e-4,0.0018620380254915617,8.275997241717073e-4,0.0019927607682878423,8.908979459765869e-4,0.0021038215322292707,9.790920590328801e-4,0.002247661198875739,0.0010869064756066078,0.002417228123445466,0.001133650608799533,0.0026347208840069385,0.0012734148327796053,0.004558857905757434,0.001812424939211921,0.004805957805807687,0.0019678382010377784,0.005173575026155939,0.0021402952726322626,0.0056024559188449586,0.00224988571189292,0.006135880040911793,0.0024215435512646138,0.006529199913997409,0.0026781154221307887,0.006999924780165853,0.00290260602060697,0.00763591951412588,0.003203143576272876,0.008226934661912565,0.003391074584805777,0.008739460961612044,0.003701838101750956,0.009368013830392485,0.003908482393094105,0.0098962789696756,0.004248802649636101,0.010871118855398822,0.004536576222613304,0.011772812320029769,0.004765929286654617,0.012630760100468739,0.005247526078516988,0.017679851810265185,0.007743770906137227,0.019024909419369868,0.00841028413811294,0.020270084622062253,0.009204205842466914,0.021554006790392464,0.009839390455510497,0.022787692575200042,0.010717208804369832,0.024355659850316763,0.011616793339455837,0.02611838612305452,0.012871745584103107,0.027636582675011585,0.014015295880701726,0.028826120268847854,0.015214705791460004,0.03132874829747698,0.016528742378574535,0.03307230630421972,0.018132526737855297,0.035240457113327794,0.022254301812161953,0.03869925013228895,0.02252694687759288,0.040773725297133495,0.02417430834352627,0.04445749999163359,0.02660788547556554,0.04874816475751619,0.029923320620597525,0.05312449870234068,0.03331016564177763,0.058809889727258126,0.036964036712600026,0.0641958389491451,0.040852432850350916,0.07145530105630274,0.04510721114473499,0.07736487311022688,0.05082972845994201,0.08706790843355802,0.056483775648983076,0.09608087451727977,0.06291440058963163,0.10600443191496567,0.07016636934807123,0.11931313886358397,0.07820926481499312,0.13029412614923336,0.09058713049036847,0.1431146068490016,0.1007524212507153,0.15710191777888866,0.11164450751550394,0.17192812212578426,0.12324678527913917,0.18750275483801887,0.13547953894147277,0.20520046195960057,0.15254115569406704,0.2204220896158028,0.16526275628760564,0.23477825840305916,0.1775940473923781,0.247948189288257,0.18929038971303636,0.25961494634163795,0.20008850072966214,0.273032317037602,0.21361426062780514,0.2860037996733369,0.22589387167213235,0.299580370925757,0.23887858361027375,0.31381210322898384,0.252608659853377,0.32870829208925617,0.2671270654056113,0.3459712241244753,0.28514943710679447,0.3626163416488479,0.30164195547487416,0.3801274729444132,0.31865158702841745,0.39864044972635526,0.3370658311234208,0.41809219839062733,0.35654340139297164,0.4420508007564542,0.38150732658169706,0.46461048377015296,0.4036932773461733,0.48907041487801123,0.4271762298336713,0.5150871144417308,0.4521017978005683,0.5428370627563641,0.4787440057746105,0.5746338740926568,0.5093893330971843,0.6070889330421998,0.5380819531176627,0.6452278544653657,0.5688611672270012,0.693996713266658,0.6030558291106575,1,1
37862,1992,2,1,6.64454745740703e-4,3.640018889470805e-4,6.973694225828208e-4,3.636139228991635e-4,7.489441956836645e-4,3.746167475257042e-4,8.337339189392207e-4,3.8399584968318225e-4,8.790377932608722e-4,4.0070095987447204e-4,9.613051227888035e-4,4.3124346808527507e-4,0.0010592979872971796,4.5569092394261444e-4,0.0011775126295745174,4.927602643463871e-4,0.0012887198633758847,5.029826636840349e-4,0.0013720092778262052,5.404802542582687e-4,0.0014527645736238071,6.007861847473364e-4,0.001549301294306792,6.366888016641294e-4,0.0016564113619876911,7.210600904915067e-4,0.001745321463155198,7.435705783449842e-4,0.0018620380254915617,8.275997241717073e-4,0.0019927607682878423,8.908979459765869e-4,0.0021038215322292707,9.790920590328801e-4,0.002247661198875739,0.0010869064756066078,0.002417228123445466,0.001133650608799533,0.0026347208840069385,0.0012734148327796053,0.004558857905757434,0.001812424939211921,0.004805957805807687,0.0019678382010377784,0.005173575026155939,0.0021402952726322626,0.0056024559188449586,0.00224988571189292,0.006135880040911793,0.0024215435512646138,0.006529199913997409,0.0026781154221307887,0.006999924780165853,0.00290260602060697,0.00763591951412588,0.003203143576272876,0.008226934661912565,0.003391074584805777,0.008739460961612044,0.003701838101750956,0.009368013830392485,0.003908482393094105,0.0098962789696756,0.004248802649636101,0.010871118855398822,0.004536576222613304,0.011772812320029769,0.004765929286654617,0.012630760100468739,0.005247526078516988,0.017679851810265185,0.007743770906137227,0.019024909419369868,0.00841028413811294,0.020270084622062253,0.009204205842466914,0.021554006790392464,0.009839390455510497,0.022787692575200042,0.010717208804369832,0.024355659850316763,0.011616793339455837,0.02611838612305452,0.012871745584103107,0.027636582675011585,0.014015295880701726,0.028826120268847854,0.015214705791460004,0.03132874829747698,0.016528742378574535,0.03307230630421972,0.018132526737855297,0.035240457113327794,0.022254301812161953,0.03869925013228895,0.02252694687759288,0.040773725297133495,0.02417430834352627,0.04445749999163359,0.02660788547556554,0.04874816475751619,0.029923320620597525,0.05312449870234068,0.03331016564177763,0.058809889727258126,0.036964036712600026,0.0641958389491451,0.040852432850350916,0.07145530105630274,0.04510721114473499,0.07736487311022688,0.05082972845994201,0.08706790843355802,0.056483775648983076,0.09608087451727977,0.06291440058963163,0.10600443191496567,0.07016636934807123,0.11931313886358397,0.07820926481499312,0.13029412614923336,0.09058713049036847,0.1431146068490016,0.1007524212507153,0.15710191777888866,0.11164450751550394,0.17192812212578426,0.12324678527913917,0.18750275483801887,0.13547953894147277,0.20520046195960057,0.15254115569406704,0.2204220896158028,0.16526275628760564,0.23477825840305916,0.1775940473923781,0.247948189288257,0.18929038971303636,0.25961494634163795,0.20008850072966214,0.273032317037602,0.21361426062780514,0.2860037996733369,0.22589387167213235,0.299580370925757,0.23887858361027375,0.31381210322898384,0.252608659853377,0.32870829208925617,0.2671270654056113,0.3459712241244753,0.28514943710679447,0.3626163416488479,0.30164195547487416,0.3801274729444132,0.31865158702841745,0.39864044972635526,0.3370658311234208,0.41809219839062733,0.35654340139297164,0.4420508007564542,0.38150732658169706,0.46461048377015296,0.4036932773461733,0.48907041487801123,0.4271762298336713,0.5150871144417308,0.4521017978005683,0.5428370627563641,0.4787440057746105,0.5746338740926568,0.5093893330971843,0.6070889330421998,0.5380819531176627,0.6452278544653657,0.5688611672270012,0.693996713266658,0.6030558291106575,1,1
37863,1992,2,1,6.64454745740703e-4,3.640018889470805e-4,6.973694225828208e-4,3.636139228991635e-4,7.489441956836645e-4,3.746167475257042e-4,8.337339189392207e-4,3.8399584968318225e-4,8.790377932608722e-4,4.0070095987447204e-4,9.613051227888035e-4,4.3124346808527507e-4,0.0010592979872971796,4.5569092394261444e-4,0.0011775126295745174,4.927602643463871e-4,0.0012887198633758847,5.029826636840349e-4,0.0013720092778262052,5.404802542582687e-4,0.0014527645736238071,6.007861847473364e-4,0.001549301294306792,6.366888016641294e-4,0.0016564113619876911,7.210600904915067e-4,0.001745321463155198,7.435705783449842e-4,0.0018620380254915617,8.275997241717073e-4,0.0019927607682878423,8.908979459765869e-4,0.0021038215322292707,9.790920590328801e-4,0.002247661198875739,0.0010869064756066078,0.002417228123445466,0.001133650608799533,0.0026347208840069385,0.0012734148327796053,0.004558857905757434,0.001812424939211921,0.004805957805807687,0.0019678382010377784,0.005173575026155939,0.0021402952726322626,0.0056024559188449586,0.00224988571189292,0.006135880040911793,0.0024215435512646138,0.006529199913997409,0.0026781154221307887,0.006999924780165853,0.00290260602060697,0.00763591951412588,0.003203143576272876,0.008226934661912565,0.003391074584805777,0.008739460961612044,0.003701838101750956,0.009368013830392485,0.003908482393094105,0.0098962789696756,0.004248802649636101,0.010871118855398822,0.004536576222613304,0.011772812320029769,0.004765929286654617,0.012630760100468739,0.005247526078516988,0.017679851810265185,0.007743770906137227,0.019024909419369868,0.00841028413811294,0.020270084622062253,0.009204205842466914,0.021554006790392464,0.009839390455510497,0.022787692575200042,0.010717208804369832,0.024355659850316763,0.011616793339455837,0.02611838612305452,0.012871745584103107,0.027636582675011585,0.014015295880701726,0.028826120268847854,0.015214705791460004,0.03132874829747698,0.016528742378574535,0.03307230630421972,0.018132526737855297,0.035240457113327794,0.022254301812161953,0.03869925013228895,0.02252694687759288,0.040773725297133495,0.02417430834352627,0.04445749999163359,0.02660788547556554,0.04874816475751619,0.029923320620597525,0.05312449870234068,0.03331016564177763,0.058809889727258126,0.036964036712600026,0.0641958389491451,0.040852432850350916,0.07145530105630274,0.04510721114473499,0.07736487311022688,0.05082972845994201,0.08706790843355802,0.056483775648983076,0.09608087451727977,0.06291440058963163,0.10600443191496567,0.07016636934807123,0.11931313886358397,0.07820926481499312,0.13029412614923336,0.09058713049036847,0.1431146068490016,0.1007524212507153,0.15710191777888866,0.11164450751550394,0.17192812212578426,0.12324678527913917,0.18750275483801887,0.13547953894147277,0.20520046195960057,0.15254115569406704,0.2204220896158028,0.16526275628760564,0.23477825840305916,0.1775940473923781,0.247948189288257,0.18929038971303636,0.25961494634163795,0.20008850072966214,0.273032317037602,0.21361426062780514,0.2860037996733369,0.22589387167213235,0.299580370925757,0.23887858361027375,0.31381210322898384,0.252608659853377,0.32870829208925617,0.2671270654056113,0.3459712241244753,0.28514943710679447,0.3626163416488479,0.30164195547487416,0.3801274729444132,0.31865158702841745,0.39864044972635526,0.3370658311234208,0.41809219839062733,0.35654340139297164,0.4420508007564542,0.38150732658169706,0.46461048377015296,0.4036932773461733,0.48907041487801123,0.4271762298336713,0.5150871144417308,0.4521017978005683,0.5428370627563641,0.4787440057746105,0.5746338740926568,0.5093893330971843,0.6070889330421998,0.5380819531176627,0.6452278544653657,0.5688611672270012,0.693996713266658,0.6030558291106575,1,1
37864,1992,2,1,6.64454745740703e-4,3.640018889470805e-4,6.973694225828208e-4,3.636139228991635e-4,7.489441956836645e-4,3.746167475257042e-4,8.337339189392207e-4,3.8399584968318225e-4,8.790377932608722e-4,4.0070095987447204e-4,9.613051227888035e-4,4.3124346808527507e-4,0.0010592979872971796,4.5569092394261444e-4,0.0011775126295745174,4.927602643463871e-4,0.0012887198633758847,5.029826636840349e-4,0.0013720092778262052,5.404802542582687e-4,0.0014527645736238071,6.007861847473364e-4,0.001549301294306792,6.366888016641294e-4,0.0016564113619876911,7.210600904915067e-4,0.001745321463155198,7.435705783449842e-4,0.0018620380254915617,8.275997241717073e-4,0.0019927607682878423,8.908979459765869e-4,0.0021038215322292707,9.790920590328801e-4,0.002247661198875739,0.0010869064756066078,0.002417228123445466,0.001133650608799533,0.0026347208840069385,0.0012734148327796053,0.004558857905757434,0.001812424939211921,0.004805957805807687,0.0019678382010377784,0.005173575026155939,0.0021402952726322626,0.0056024559188449586,0.00224988571189292,0.006135880040911793,0.0024215435512646138,0.006529199913997409,0.0026781154221307887,0.006999924780165853,0.00290260602060697,0.00763591951412588,0.003203143576272876,0.008226934661912565,0.003391074584805777,0.008739460961612044,0.003701838101750956,0.009368013830392485,0.003908482393094105,0.0098962789696756,0.004248802649636101,0.010871118855398822,0.004536576222613304,0.011772812320029769,0.004765929286654617,0.012630760100468739,0.005247526078516988,0.017679851810265185,0.007743770906137227,0.019024909419369868,0.00841028413811294,0.020270084622062253,0.009204205842466914,0.021554006790392464,0.009839390455510497,0.022787692575200042,0.010717208804369832,0.024355659850316763,0.011616793339455837,0.02611838612305452,0.012871745584103107,0.027636582675011585,0.014015295880701726,0.028826120268847854,0.015214705791460004,0.03132874829747698,0.016528742378574535,0.03307230630421972,0.018132526737855297,0.035240457113327794,0.022254301812161953,0.03869925013228895,0.02252694687759288,0.040773725297133495,0.02417430834352627,0.04445749999163359,0.02660788547556554,0.04874816475751619,0.029923320620597525,0.05312449870234068,0.03331016564177763,0.058809889727258126,0.036964036712600026,0.0641958389491451,0.040852432850350916,0.07145530105630274,0.04510721114473499,0.07736487311022688,0.05082972845994201,0.08706790843355802,0.056483775648983076,0.09608087451727977,0.06291440058963163,0.10600443191496567,0.07016636934807123,0.11931313886358397,0.07820926481499312,0.13029412614923336,0.09058713049036847,0.1431146068490016,0.1007524212507153,0.15710191777888866,0.11164450751550394,0.17192812212578426,0.12324678527913917,0.18750275483801887,0.13547953894147277,0.20520046195960057,0.15254115569406704,0.2204220896158028,0.16526275628760564,0.23477825840305916,0.1775940473923781,0.247948189288257,0.18929038971303636,0.25961494634163795,0.20008850072966214,0.273032317037602,0.21361426062780514,0.2860037996733369,0.22589387167213235,0.299580370925757,0.23887858361027375,0.31381210322898384,0.252608659853377,0.32870829208925617,0.2671270654056113,0.3459712241244753,0.28514943710679447,0.3626163416488479,0.30164195547487416,0.3801274729444132,0.31865158702841745,0.39864044972635526,0.3370658311234208,0.41809219839062733,0.35654340139297164,0.4420508007564542,0.38150732658169706,0.46461048377015296,0.4036932773461733,0.48907041487801123,0.4271762298336713,0.5150871144417308,0.4521017978005683,0.5428370627563641,0.4787440057746105,0.5746338740926568,0.5093893330971843,0.6070889330421998,0.5380819531176627,0.6452278544653657,0.5688611672270012,0.693996713266658,0.6030558291106575,1,1
37865,1992,2,1,6.64454745740703e-4,3.640018889470805e-4,6.973694225828208e-4,3.636139228991635e-4,7.489441956836645e-4,3.746167475257042e-4,8.337339189392207e-4,3.8399584968318225e-4,8.790377932608722e-4,4.0070095987447204e-4,9.613051227888035e-4,4.3124346808527507e-4,0.0010592979872971796,4.5569092394261444e-4,0.0011775126295745174,4.927602643463871e-4,0.0012887198633758847,5.029826636840349e-4,0.0013720092778262052,5.404802542582687e-4,0.0014527645736238071,6.007861847473364e-4,0.001549301294306792,6.366888016641294e-4,0.0016564113619876911,7.210600904915067e-4,0.001745321463155198,7.435705783449842e-4,0.0018620380254915617,8.275997241717073e-4,0.0019927607682878423,8.908979459765869e-4,0.0021038215322292707,9.790920590328801e-4,0.002247661198875739,0.0010869064756066078,0.002417228123445466,0.001133650608799533,0.0026347208840069385,0.0012734148327796053,0.004558857905757434,0.001812424939211921,0.004805957805807687,0.0019678382010377784,0.005173575026155939,0.0021402952726322626,0.0056024559188449586,0.00224988571189292,0.006135880040911793,0.0024215435512646138,0.006529199913997409,0.0026781154221307887,0.006999924780165853,0.00290260602060697,0.00763591951412588,0.003203143576272876,0.008226934661912565,0.003391074584805777,0.008739460961612044,0.003701838101750956,0.009368013830392485,0.003908482393094105,0.0098962789696756,0.004248802649636101,0.010871118855398822,0.004536576222613304,0.011772812320029769,0.004765929286654617,0.012630760100468739,0.005247526078516988,0.017679851810265185,0.007743770906137227,0.019024909419369868,0.00841028413811294,0.020270084622062253,0.009204205842466914,0.021554006790392464,0.009839390455510497,0.022787692575200042,0.010717208804369832,0.024355659850316763,0.011616793339455837,0.02611838612305452,0.012871745584103107,0.027636582675011585,0.014015295880701726,0.028826120268847854,0.015214705791460004,0.03132874829747698,0.016528742378574535,0.03307230630421972,0.018132526737855297,0.035240457113327794,0.022254301812161953,0.03869925013228895,0.02252694687759288,0.040773725297133495,0.02417430834352627,0.04445749999163359,0.02660788547556554,0.04874816475751619,0.029923320620597525,0.05312449870234068,0.03331016564177763,0.058809889727258126,0.036964036712600026,0.0641958389491451,0.040852432850350916,0.07145530105630274,0.04510721114473499,0.07736487311022688,0.05082972845994201,0.08706790843355802,0.056483775648983076,0.09608087451727977,0.06291440058963163,0.10600443191496567,0.07016636934807123,0.11931313886358397,0.07820926481499312,0.13029412614923336,0.09058713049036847,0.1431146068490016,0.1007524212507153,0.15710191777888866,0.11164450751550394,0.17192812212578426,0.12324678527913917,0.18750275483801887,0.13547953894147277,0.20520046195960057,0.15254115569406704,0.2204220896158028,0.16526275628760564,0.23477825840305916,0.1775940473923781,0.247948189288257,0.18929038971303636,0.25961494634163795,0.20008850072966214,0.273032317037602,0.21361426062780514,0.2860037996733369,0.22589387167213235,0.299580370925757,0.23887858361027375,0.31381210322898384,0.252608659853377,0.32870829208925617,0.2671270654056113,0.3459712241244753,0.28514943710679447,0.3626163416488479,0.30164195547487416,0.3801274729444132,0.31865158702841745,0.39864044972635526,0.3370658311234208,0.41809219839062733,0.35654340139297164,0.4420508007564542,0.38150732658169706,0.46461048377015296,0.4036932773461733,0.48907041487801123,0.4271762298336713,0.5150871144417308,0.4521017978005683,0.5428370627563641,0.4787440057746105,0.5746338740926568,0.5093893330971843,0.6070889330421998,0.5380819531176627,0.6452278544653657,0.5688611672270012,0.693996713266658,0.6030558291106575,1,1
