Y1,YY1,year,PSSW_pre,PSSW_s_pre,PSSW_hh_pre,SSW_pre,SSW_s_pre,SSW_hh_pre,SSWnet_pre,SSWnet_s_pre,SSWnet_hh_pre,PAYROLL_pre,PAYROLL_s_pre,PAYROLL_hh_pre,PSSWpay_pre,PSSWpay_s_pre,PSSWpay_hh_pre,SSWnetpay_pre,SSWnetpay_s_pre,SSWnetpay_hh_pre,SSWpay_pre,SSWpay_s_pre,SSWpay_hh_pre
111,11,1989,0,0,0,4138.8237,0,4138.8237,-21162.561,0,-21162.561,25301.383,0,25301.383,0,0,0,-22128.557,0,-22128.557,3172.825,0,3172.825
111,11,1992,195974.13,0,195974.13,195974.13,0,195974.13,195974.13,0,195974.13,0,0,0,195974.13,0,195974.13,195974.13,0,195974.13,195974.13,0,195974.13
111,11,1995,2239.345,0,2239.345,14928.966,0,14928.966,-46070.984,0,-46070.984,60999.945,0,60999.945,1801.7097,0,1801.7097,-48988.551,0,-48988.551,12011.398,0,12011.398
111,11,1998,165719.39,0,165719.39,213831.47,0,213831.47,60357.176,0,60357.176,153474.3,0,153474.3,160730.08,0,160730.08,53919.355,0,53919.355,207393.66,0,207393.66
111,11,2001,456107,235608.78,691715.75,456107,235608.78,691715.75,430105.56,235608.78,665714.38,26001.463,0,26001.463,454532.97,231835.81,686368.75,428531.5,231835.81,660367.31,454532.97,231835.81,686368.75
111,11,2004,436392.81,410646.59,847039.38,436392.81,410646.59,847039.38,436392.81,410646.59,847039.38,0,0,0,435280.47,408938.59,844219.06,435280.47,408938.59,844219.06,435280.47,408938.59,844219.06
111,11,2007,240031.92,443782.28,683814.19,300039.91,443782.28,743822.19,227217.98,443782.28,671000.25,72821.945,0,72821.945,221346.88,425344,646690.88,203861.64,425344,629205.63,276683.56,425344,702027.56
111,11,2019,38116.715,0,38116.715,38116.715,0,38116.715,38116.715,0,38116.715,0,0,0,34986.91,0,34986.91,34986.91,0,34986.91,34986.91,0,34986.91
111,11,2022,116057.99,0,116057.99,193429.98,0,193429.98,-42939.734,0,-42939.734,236369.72,0,236369.72,87373.031,0,87373.031,-90748,0,-90748,145621.72,0,145621.72
112,11,1989,0,0,0,4138.8237,0,4138.8237,-21162.561,0,-21162.561,25301.383,0,25301.383,0,0,0,-22128.557,0,-22128.557,3172.825,0,3172.825
112,11,1992,195974.13,0,195974.13,195974.13,0,195974.13,195974.13,0,195974.13,0,0,0,195974.13,0,195974.13,195974.13,0,195974.13,195974.13,0,195974.13
112,11,1995,2239.345,0,2239.345,14928.966,0,14928.966,-46070.984,0,-46070.984,60999.945,0,60999.945,1801.7097,0,1801.7097,-48988.551,0,-48988.551,12011.398,0,12011.398
112,11,1998,165719.39,0,165719.39,213831.47,0,213831.47,60357.176,0,60357.176,153474.3,0,153474.3,160730.08,0,160730.08,53919.355,0,53919.355,207393.66,0,207393.66
112,11,2001,456107,235608.78,691715.75,456107,235608.78,691715.75,430105.56,235608.78,665714.38,26001.463,0,26001.463,454532.97,231835.81,686368.75,428531.5,231835.81,660367.31,454532.97,231835.81,686368.75
112,11,2004,436392.81,410646.59,847039.38,436392.81,410646.59,847039.38,436392.81,410646.59,847039.38,0,0,0,435280.47,408938.59,844219.06,435280.47,408938.59,844219.06,435280.47,408938.59,844219.06
112,11,2007,240031.92,443782.28,683814.19,300039.91,443782.28,743822.19,227217.98,443782.28,671000.25,72821.945,0,72821.945,221346.88,425344,646690.88,203861.64,425344,629205.63,276683.56,425344,702027.56
112,11,2019,38116.715,0,38116.715,38116.715,0,38116.715,38116.715,0,38116.715,0,0,0,34986.91,0,34986.91,34986.91,0,34986.91,34986.91,0,34986.91
112,11,2022,116057.99,0,116057.99,193429.98,0,193429.98,-42939.734,0,-42939.734,236369.72,0,236369.72,87373.031,0,87373.031,-90748,0,-90748,145621.72,0,145621.72
113,11,1989,0,0,0,1553.0344,0,1553.0344,-5299.7686,0,-5299.7686,6852.8027,0,6852.8027,0,0,0,-5662.2456,0,-5662.2456,1190.5571,0,1190.5571
113,11,1992,195974.13,0,195974.13,195974.13,0,195974.13,195974.13,0,195974.13,0,0,0,195974.13,0,195974.13,195974.13,0,195974.13,195974.13,0,195974.13
113,11,1995,2239.345,0,2239.345,14928.966,0,14928.966,-46070.984,0,-46070.984,60999.945,0,60999.945,1801.7097,0,1801.7097,-48988.551,0,-48988.551,12011.398,0,12011.398
113,11,1998,165719.39,0,165719.39,213831.47,0,213831.47,60357.176,0,60357.176,153474.3,0,153474.3,160730.08,0,160730.08,53919.355,0,53919.355,207393.66,0,207393.66
113,11,2001,456107,235608.78,691715.75,456107,235608.78,691715.75,430105.56,235608.78,665714.38,26001.463,0,26001.463,454532.97,231835.81,686368.75,428531.5,231835.81,660367.31,454532.97,231835.81,686368.75
113,11,2004,436392.81,410646.59,847039.38,436392.81,410646.59,847039.38,436392.81,410646.59,847039.38,0,0,0,435280.47,408938.59,844219.06,435280.47,408938.59,844219.06,435280.47,408938.59,844219.06
113,11,2007,240031.92,443782.28,683814.19,300039.91,443782.28,743822.19,227217.98,443782.28,671000.25,72821.945,0,72821.945,221346.88,425344,646690.88,203861.64,425344,629205.63,276683.56,425344,702027.56
113,11,2019,40234.324,0,40234.324,40234.324,0,40234.324,40234.324,0,40234.324,0,0,0,36930.641,0,36930.641,36930.641,0,36930.641,36930.641,0,36930.641
113,11,2022,116057.99,0,116057.99,193429.98,0,193429.98,-42939.734,0,-42939.734,236369.72,0,236369.72,87373.031,0,87373.031,-90748,0,-90748,145621.72,0,145621.72
114,11,1989,0,0,0,1553.0344,0,1553.0344,-5299.7686,0,-5299.7686,6852.8027,0,6852.8027,0,0,0,-5662.2456,0,-5662.2456,1190.5571,0,1190.5571
114,11,1992,195974.13,0,195974.13,195974.13,0,195974.13,195974.13,0,195974.13,0,0,0,195974.13,0,195974.13,195974.13,0,195974.13,195974.13,0,195974.13
114,11,1995,2239.345,0,2239.345,14928.966,0,14928.966,-46070.984,0,-46070.984,60999.945,0,60999.945,1801.7097,0,1801.7097,-48988.551,0,-48988.551,12011.398,0,12011.398
114,11,1998,165719.39,0,165719.39,213831.47,0,213831.47,60357.176,0,60357.176,153474.3,0,153474.3,160730.08,0,160730.08,53919.355,0,53919.355,207393.66,0,207393.66
114,11,2001,456107,235608.78,691715.75,456107,235608.78,691715.75,430105.56,235608.78,665714.38,26001.463,0,26001.463,454532.97,231835.81,686368.75,428531.5,231835.81,660367.31,454532.97,231835.81,686368.75
114,11,2004,436392.81,410646.59,847039.38,436392.81,410646.59,847039.38,436392.81,410646.59,847039.38,0,0,0,435280.47,408938.59,844219.06,435280.47,408938.59,844219.06,435280.47,408938.59,844219.06
114,11,2007,240031.92,443782.28,683814.19,300039.91,443782.28,743822.19,227217.98,443782.28,671000.25,72821.945,0,72821.945,221346.88,425344,646690.88,203861.64,425344,629205.63,276683.56,425344,702027.56
114,11,2019,40234.324,0,40234.324,40234.324,0,40234.324,40234.324,0,40234.324,0,0,0,36930.641,0,36930.641,36930.641,0,36930.641,36930.641,0,36930.641
114,11,2022,116057.99,0,116057.99,193429.98,0,193429.98,-42939.734,0,-42939.734,236369.72,0,236369.72,87373.031,0,87373.031,-90748,0,-90748,145621.72,0,145621.72
115,11,1989,0,0,0,4138.8237,0,4138.8237,-21162.561,0,-21162.561,25301.383,0,25301.383,0,0,0,-22128.557,0,-22128.557,3172.825,0,3172.825
115,11,1992,195974.13,0,195974.13,195974.13,0,195974.13,195974.13,0,195974.13,0,0,0,195974.13,0,195974.13,195974.13,0,195974.13,195974.13,0,195974.13
115,11,1995,2239.345,0,2239.345,14928.966,0,14928.966,-46070.984,0,-46070.984,60999.945,0,60999.945,1801.7097,0,1801.7097,-48988.551,0,-48988.551,12011.398,0,12011.398
115,11,1998,165719.39,0,165719.39,213831.47,0,213831.47,60357.176,0,60357.176,153474.3,0,153474.3,160730.08,0,160730.08,53919.355,0,53919.355,207393.66,0,207393.66
115,11,2001,456107,235608.78,691715.75,456107,235608.78,691715.75,430105.56,235608.78,665714.38,26001.463,0,26001.463,454532.97,231835.81,686368.75,428531.5,231835.81,660367.31,454532.97,231835.81,686368.75
115,11,2004,436392.81,410646.59,847039.38,436392.81,410646.59,847039.38,436392.81,410646.59,847039.38,0,0,0,435280.47,408938.59,844219.06,435280.47,408938.59,844219.06,435280.47,408938.59,844219.06
115,11,2007,240031.92,443782.28,683814.19,300039.91,443782.28,743822.19,227217.98,443782.28,671000.25,72821.945,0,72821.945,221346.88,425344,646690.88,203861.64,425344,629205.63,276683.56,425344,702027.56
115,11,2019,38116.715,0,38116.715,38116.715,0,38116.715,38116.715,0,38116.715,0,0,0,34986.91,0,34986.91,34986.91,0,34986.91,34986.91,0,34986.91
115,11,2022,116057.99,0,116057.99,193429.98,0,193429.98,-42939.734,0,-42939.734,236369.72,0,236369.72,87373.031,0,87373.031,-90748,0,-90748,145621.72,0,145621.72
121,12,2013,236510.47,157029.33,393539.81,295638.09,209372.44,505010.53,214651.55,190617.88,405269.44,80986.531,18754.574,99741.109,187961.34,131405.84,319367.19,153965.14,156453.22,310418.38,234951.67,175207.8,410159.47
121,12,2016,97811.5,0,97811.5,97811.5,0,97811.5,97811.5,0,97811.5,0,0,0,97513.898,0,97513.898,97513.898,0,97513.898,97513.898,0,97513.898
122,12,2013,236510.47,157029.33,393539.81,295638.09,209372.44,505010.53,214651.55,190617.88,405269.44,80986.531,18754.574,99741.109,187961.34,131405.84,319367.19,153965.14,156453.22,310418.38,234951.67,175207.8,410159.47
122,12,2016,97811.5,0,97811.5,97811.5,0,97811.5,97811.5,0,97811.5,0,0,0,97513.898,0,97513.898,97513.898,0,97513.898,97513.898,0,97513.898
123,12,2013,236510.47,157029.33,393539.81,295638.09,209372.44,505010.53,214651.55,190617.88,405269.44,80986.531,18754.574,99741.109,187961.34,131405.84,319367.19,153965.14,156453.22,310418.38,234951.67,175207.8,410159.47
123,12,2016,97811.5,0,97811.5,97811.5,0,97811.5,97811.5,0,97811.5,0,0,0,97513.898,0,97513.898,97513.898,0,97513.898,97513.898,0,97513.898
124,12,2013,236510.47,157029.33,393539.81,295638.09,209372.44,505010.53,214651.55,190617.88,405269.44,80986.531,18754.574,99741.109,187961.34,131405.84,319367.19,153965.14,156453.22,310418.38,234951.67,175207.8,410159.47
124,12,2016,97811.5,0,97811.5,97811.5,0,97811.5,97811.5,0,97811.5,0,0,0,97513.898,0,97513.898,97513.898,0,97513.898,97513.898,0,97513.898
125,12,2013,236510.47,157029.33,393539.81,295638.09,209372.44,505010.53,214651.55,190617.88,405269.44,80986.531,18754.574,99741.109,187961.34,131405.84,319367.19,153965.14,156453.22,310418.38,234951.67,175207.8,410159.47
125,12,2016,97811.5,0,97811.5,97811.5,0,97811.5,97811.5,0,97811.5,0,0,0,97513.898,0,97513.898,97513.898,0,97513.898,97513.898,0,97513.898
211,21,1989,123189.6,190109.48,313299.09,123189.6,190109.48,313299.09,123189.6,190109.48,313299.09,0,0,0,123189.6,190107.8,313297.41,123189.6,190107.8,313297.41,123189.6,190107.8,313297.41
211,21,1992,92806.547,64963.078,157769.63,132580.8,96241.602,228822.41,24831.264,69370.633,94201.898,107749.52,26870.965,134620.48,91584.242,63184.02,154768.27,23085.096,66734.992,89820.086,130834.63,93605.961,224440.59
211,21,1995,9689.2686,5179.4175,14868.686,29813.133,25897.088,55710.219,-89612.242,-35667.469,-125279.71,119425.38,61564.559,180989.94,7648.5405,4238.4956,11887.036,-95891.406,-40372.082,-136263.48,23533.971,21192.479,44726.449
211,21,1998,171013.42,122231.07,293244.5,207289.02,152788.84,360077.88,207289.02,152788.84,360077.88,0,0,0,166486.42,116670.91,283157.31,201801.7,145838.64,347640.34,201801.7,145838.64,347640.34
211,21,2001,39300.234,64371.594,103671.83,68348.234,117039.26,185387.5,40339.121,18112.516,58451.637,28009.113,98926.742,126935.86,36003.414,57845.688,93849.102,34605.516,6247.2334,40852.75,62614.629,105173.98,167788.61
211,21,2004,162879.22,0,162879.22,162879.22,0,162879.22,162879.22,0,162879.22,0,0,0,162875.08,0,162875.08,162875.08,0,162875.08,162875.08,0,162875.08
211,21,2007,217823.95,189374.75,407198.69,290431.94,252499.66,542931.63,181338.33,109617.37,290955.69,109093.61,142882.28,251975.89,197184.78,159764.3,356949.06,153819.44,70136.766,223956.2,262913.03,213019.05,475932.06
211,21,2019,253487.89,171540.16,425028.06,405580.59,285900.25,691480.88,217042.61,197131.81,414174.44,188538,88768.43,277306.44,183702.66,130152.8,313855.44,105386.26,128152.91,233539.16,293924.25,216921.33,510845.56
211,21,2022,352194.44,806911.63,1159106,352194.44,806911.63,1159106,352194.44,577396.44,929590.88,0,229515.19,229515.19,314646.38,613173.88,927820.25,314646.38,383658.69,698305.06,314646.38,613173.88,927820.25
212,21,1989,150174.41,418223.16,568397.56,150174.41,418223.16,568397.56,150174.41,418223.16,568397.56,0,0,0,150174.41,418221.81,568396.25,150174.41,418221.81,568396.25,150174.41,418221.81,568396.25
212,21,1992,72855.5,63434.73,136290.23,104079.28,93977.383,198056.66,-15892.633,74812.383,58919.75,119971.91,19165,139136.91,71215.102,61667.5,132882.59,-18236.068,72194.25,53958.18,101735.85,91359.258,193095.11
212,21,1995,9689.2686,5179.4175,14868.686,29813.133,25897.088,55710.219,-89612.242,-35667.469,-125279.71,119425.38,61564.559,180989.94,7648.5405,4238.4956,11887.036,-95891.406,-40372.082,-136263.48,23533.971,21192.479,44726.449
212,21,1998,171013.42,122231.07,293244.5,207289.02,152788.84,360077.88,207289.02,152788.84,360077.88,0,0,0,166486.42,116670.91,283157.31,201801.7,145838.64,347640.34,201801.7,145838.64,347640.34
212,21,2001,43276.66,63900.645,107177.3,75263.758,116182.99,191446.75,36050.984,17256.248,53307.234,39212.773,98926.742,138139.52,39733.113,57422.488,97155.602,29888.293,5477.7817,35366.074,69101.063,104404.52,173505.59
212,21,2004,162879.22,0,162879.22,162879.22,0,162879.22,162879.22,0,162879.22,0,0,0,162875.08,0,162875.08,162875.08,0,162875.08,162875.08,0,162875.08
212,21,2007,217823.95,189374.75,407198.69,290431.94,252499.66,542931.63,181338.33,109617.37,290955.69,109093.61,142882.28,251975.89,197184.78,159764.3,356949.06,153819.44,70136.766,223956.2,262913.03,213019.05,475932.06
212,21,2019,253487.89,171540.16,425028.06,405580.59,285900.25,691480.88,217042.61,197131.81,414174.44,188538,88768.43,277306.44,183702.66,130152.8,313855.44,105386.26,128152.91,233539.16,293924.25,216921.33,510845.56
212,21,2022,366127.31,806912.31,1173039.6,366127.31,806912.31,1173039.6,366127.31,577397.13,943524.44,0,229515.19,229515.19,327525.88,613174.38,940700.25,327525.88,383659.19,711185.06,327525.88,613174.38,940700.25
213,21,1989,67650.063,94647.891,162297.95,67650.063,94647.891,162297.95,67650.063,94647.891,162297.95,0,0,0,67650.063,94647.227,162297.28,67650.063,94647.227,162297.28,67650.063,94647.227,162297.28
213,21,1992,92806.547,46910.102,139716.66,132580.8,69496.445,202077.25,24831.264,56556.922,81388.188,107749.52,12939.522,120689.05,91584.242,45042.02,136626.27,23085.096,53789.398,76874.492,130834.63,66728.922,197563.55
213,21,1995,9689.2686,5179.4175,14868.686,29813.133,25897.088,55710.219,-89612.242,-35667.469,-125279.71,119425.38,61564.559,180989.94,7648.5405,4238.4956,11887.036,-95891.406,-40372.082,-136263.48,23533.971,21192.479,44726.449
213,21,1998,171013.42,122231.07,293244.5,207289.02,152788.84,360077.88,207289.02,152788.84,360077.88,0,0,0,166486.42,116670.91,283157.31,201801.7,145838.64,347640.34,201801.7,145838.64,347640.34
213,21,2001,42979.234,66705.719,109684.95,74746.492,121283.12,196029.61,37400.996,22356.371,59757.367,37345.5,98926.742,136272.25,39419.707,59943.168,99362.875,31210.512,10060.841,41271.352,68556.016,108987.59,177543.59
213,21,2004,162879.22,0,162879.22,162879.22,0,162879.22,162879.22,0,162879.22,0,0,0,162875.08,0,162875.08,162875.08,0,162875.08,162875.08,0,162875.08
213,21,2007,187993.28,189374.75,377368.03,250657.72,252499.66,503157.38,126406.16,109617.37,236023.53,124251.56,142882.28,267133.84,162752.61,159764.3,322516.91,92751.93,70136.766,162888.69,217003.48,213019.05,430022.53
213,21,2019,253487.89,171540.16,425028.06,405580.59,285900.25,691480.88,217042.61,197131.81,414174.44,188538,88768.43,277306.44,183702.66,130152.8,313855.44,105386.26,128152.91,233539.16,293924.25,216921.33,510845.56
213,21,2022,366127.31,806912.31,1173039.6,366127.31,806912.31,1173039.6,366127.31,577397.13,943524.44,0,229515.19,229515.19,327525.88,613174.38,940700.25,327525.88,383659.19,711185.06,327525.88,613174.38,940700.25
214,21,1989,141981.27,207018.31,348999.56,141981.27,207018.31,348999.56,141981.27,207018.31,348999.56,0,0,0,141981.27,207016.41,348997.69,141981.27,207016.41,348997.69,141981.27,207016.41,348997.69
214,21,1992,92806.547,65524.309,158330.86,132580.8,97073.047,229653.84,24831.264,73676.492,98507.758,107749.52,23396.553,131146.08,91584.242,63740.918,155325.16,23085.096,71034.43,94119.523,130834.63,94430.984,225265.61
214,21,1995,9689.2686,5179.4175,14868.686,29813.133,25897.088,55710.219,-89612.242,-35667.469,-125279.71,119425.38,61564.559,180989.94,7648.5405,4238.4956,11887.036,-95891.406,-40372.082,-136263.48,23533.971,21192.479,44726.449
214,21,1998,171013.42,122231.07,293244.5,207289.02,152788.84,360077.88,207289.02,152788.84,360077.88,0,0,0,166486.42,116670.91,283157.31,201801.7,145838.64,347640.34,201801.7,145838.64,347640.34
214,21,2001,44262.109,66234.75,110496.86,76977.586,120426.82,197404.41,35897.535,21500.08,57397.617,41080.047,98926.742,140006.78,40626.953,59519.969,100146.92,29575.525,9291.3896,38866.914,70655.57,108218.13,178873.7
214,21,2004,162879.22,0,162879.22,162879.22,0,162879.22,162879.22,0,162879.22,0,0,0,162875.08,0,162875.08,162875.08,0,162875.08,162875.08,0,162875.08
214,21,2007,206194.47,189374.75,395569.22,274925.94,252499.66,527425.63,154929.77,109617.37,264547.13,119996.18,142882.28,262878.47,183051.42,159764.3,342815.72,124072.37,70136.766,194209.13,244068.55,213019.05,457087.59
214,21,2019,253487.89,171540.16,425028.06,405580.59,285900.25,691480.88,217042.61,197131.81,414174.44,188538,88768.43,277306.44,183702.66,130152.8,313855.44,105386.26,128152.91,233539.16,293924.25,216921.33,510845.56
214,21,2022,380060.25,806912.94,1186973.3,380060.25,806912.94,1186973.3,380060.25,577397.75,957458,0,229515.19,229515.19,340405.41,613174.88,953580.25,340405.41,383659.69,724065.13,340405.41,613174.88,953580.25
215,21,1989,218226.03,304018.75,522244.78,218226.03,304018.75,522244.78,218226.03,304018.75,522244.78,0,0,0,218226.03,304016.63,522242.66,218226.03,304016.63,522242.66,218226.03,304016.63,522242.66
215,21,1992,92806.547,52977.387,145783.94,132580.8,78485.016,211065.81,24831.264,67060.891,91892.156,107749.52,11424.126,119173.65,91584.242,51290.992,142875.23,23085.096,64562.531,87647.625,130834.63,75986.656,206821.28
215,21,1995,9689.2686,5179.4175,14868.686,29813.133,25897.088,55710.219,-89612.242,-35667.469,-125279.71,119425.38,61564.559,180989.94,7648.5405,4238.4956,11887.036,-95891.406,-40372.082,-136263.48,23533.971,21192.479,44726.449
215,21,1998,171013.42,122231.07,293244.5,207289.02,152788.84,360077.88,207289.02,152788.84,360077.88,0,0,0,166486.42,116670.91,283157.31,201801.7,145838.64,347640.34,201801.7,145838.64,347640.34
215,21,2001,44933.23,66234.75,111167.98,78144.75,120426.82,198571.56,35197.426,21500.08,56697.508,42947.328,98926.742,141874.06,41255.453,59519.969,100775.42,28801.291,9291.3896,38092.68,71748.617,108218.13,179966.75
215,21,2004,162879.22,0,162879.22,162879.22,0,162879.22,162879.22,0,162879.22,0,0,0,162875.08,0,162875.08,162875.08,0,162875.08,162875.08,0,162875.08
215,21,2007,217823.95,189374.75,407198.69,290431.94,252499.66,542931.63,181338.33,109617.37,290955.69,109093.61,142882.28,251975.89,197184.78,159764.3,356949.06,153819.44,70136.766,223956.2,262913.03,213019.05,475932.06
215,21,2019,253487.89,171540.16,425028.06,405580.59,285900.25,691480.88,217042.61,197131.81,414174.44,188538,88768.43,277306.44,183702.66,130152.8,313855.44,105386.26,128152.91,233539.16,293924.25,216921.33,510845.56
215,21,2022,366127.31,806912.31,1173039.6,366127.31,806912.31,1173039.6,366127.31,577397.13,943524.44,0,229515.19,229515.19,327525.88,613174.38,940700.25,327525.88,383659.19,711185.06,327525.88,613174.38,940700.25
221,22,2013,48642.41,130945.25,179587.66,102405.08,209512.41,311917.5,-9298.7441,100636.8,91338.063,111703.82,108875.59,220579.41,36785.645,96439.883,133225.53,-34260.359,45428.207,11167.848,77443.461,154303.8,231747.25
221,22,2016,147920.66,0,147920.66,147920.66,0,147920.66,147920.66,0,147920.66,0,0,0,147740.28,0,147740.28,147740.28,0,147740.28,147740.28,0,147740.28
222,22,2013,48642.41,130945.25,179587.66,102405.08,209512.41,311917.5,-9298.7441,100636.8,91338.063,111703.82,108875.59,220579.41,36785.645,96439.883,133225.53,-34260.359,45428.207,11167.848,77443.461,154303.8,231747.25
222,22,2016,147920.66,0,147920.66,147920.66,0,147920.66,147920.66,0,147920.66,0,0,0,147740.28,0,147740.28,147740.28,0,147740.28,147740.28,0,147740.28
223,22,2013,48642.41,132001.56,180643.97,102405.08,211202.5,313607.56,-9298.7441,100449.7,91150.961,111703.82,110752.8,222456.63,36785.645,97214.453,134000.09,-34260.359,44790.324,10529.965,77443.461,155543.13,232986.59
223,22,2016,157165.69,0,157165.69,157165.69,0,157165.69,157165.69,0,157165.69,0,0,0,156974.03,0,156974.03,156974.03,0,156974.03,156974.03,0,156974.03
224,22,2013,48642.41,130945.25,179587.66,102405.08,209512.41,311917.5,-9298.7441,100636.8,91338.063,111703.82,108875.59,220579.41,36785.645,96439.883,133225.53,-34260.359,45428.207,11167.848,77443.461,154303.8,231747.25
224,22,2016,147920.66,0,147920.66,147920.66,0,147920.66,147920.66,0,147920.66,0,0,0,147740.28,0,147740.28,147740.28,0,147740.28,147740.28,0,147740.28
225,22,2013,48642.41,132001.56,180643.97,102405.08,211202.5,313607.56,-9298.7441,100449.7,91150.961,111703.82,110752.8,222456.63,36785.645,97214.453,134000.09,-34260.359,44790.324,10529.965,77443.461,155543.13,232986.59
225,22,2016,147920.66,0,147920.66,147920.66,0,147920.66,147920.66,0,147920.66,0,0,0,147740.28,0,147740.28,147740.28,0,147740.28,147740.28,0,147740.28
281,28,1989,2458.3557,0,2458.3557,12291.779,0,12291.779,-49931.234,0,-49931.234,62223.012,0,62223.012,2013.2506,0,2013.2506,-52156.758,0,-52156.758,10066.254,0,10066.254
281,28,1992,174562.16,146346.47,320908.63,179038.11,167253.11,346291.22,118325.55,153024.31,271349.88,60712.563,14228.786,74941.352,174541.14,146243.42,320784.56,118304.01,152906.56,271210.56,179016.56,167135.34,346151.91
281,28,1998,9387.6611,11996.179,21383.84,28885.111,43622.469,72507.578,6210.0205,5436.1294,11646.15,22675.092,38186.34,60861.43,7348.3906,8995.8418,16344.232,-64.658066,-5474.188,-5538.8462,22610.434,32712.152,55322.586
281,28,2004,328719.59,234412.86,563132.44,328719.59,234412.86,563132.44,328719.59,201738.31,530457.88,0,32674.529,32674.529,326584.38,225613.08,552197.44,326584.38,192938.53,519522.91,326584.38,225613.08,552197.44
281,28,2007,46279.484,51650.859,97930.344,108892.91,121531.43,230424.34,-75437.328,-1835.7008,-77273.031,184330.23,123367.13,307697.38,35207.5,39298.117,74505.617,-101489.06,-30900.969,-132390.03,82841.18,92466.164,175307.34
281,28,2010,664554.63,641031.88,1305586.5,664554.63,641031.88,1305586.5,664554.63,641031.88,1305586.5,0,0,0,656519.56,622274.44,1278794,656519.56,622274.44,1278794,656519.56,622274.44,1278794
281,28,2019,84255.648,0,84255.648,116214.69,0,116214.69,64029.996,0,64029.996,52184.695,0,52184.695,64644.477,0,64644.477,36980.098,0,36980.098,89164.797,0,89164.797
281,28,2022,87997.023,87534.664,175531.69,121375.2,112947.95,234323.16,76187.563,112947.95,189135.52,45187.645,0,45187.645,66847.68,66662.828,133510.5,47016.051,86016.555,133032.61,92203.695,86016.555,178220.25
282,28,1989,2458.3557,0,2458.3557,12291.779,0,12291.779,-49931.234,0,-49931.234,62223.012,0,62223.012,2013.2506,0,2013.2506,-52156.758,0,-52156.758,10066.254,0,10066.254
282,28,1992,156538.22,152899.53,309437.75,160552.02,174742.33,335294.34,110942.95,170263.2,281206.16,49609.074,4479.123,54088.195,156517.38,152815,309332.38,110921.57,170166.59,281088.16,160530.64,174645.72,335176.38
282,28,1998,9075.75,11318.452,20394.203,27925.383,41158.008,69083.391,7139.8818,8178.8696,15318.752,20785.5,32979.141,53764.641,7105.4194,8487.624,15593.043,1077.3275,-2115.0515,-1037.724,21862.828,30864.088,52726.914
282,28,2004,328700.03,234302.34,563002.38,328700.03,234302.34,563002.38,328700.03,201627.81,530327.88,0,32674.529,32674.529,326565.53,225506.66,552072.19,326565.53,192832.13,519397.66,326565.53,225506.66,552072.19
282,28,2007,46358.23,51688.379,98046.609,109078.19,121619.71,230697.91,-75252.047,-1747.4198,-76999.469,184330.23,123367.13,307697.38,35267.398,39326.434,74593.828,-101348.12,-30834.348,-132182.47,82982.117,92532.789,175514.91
282,28,2010,664554.63,641031.88,1305586.5,664554.63,641031.88,1305586.5,664554.63,641031.88,1305586.5,0,0,0,656519.56,622274.44,1278794,656519.56,622274.44,1278794,656519.56,622274.44,1278794
282,28,2019,84255.648,0,84255.648,116214.69,0,116214.69,64029.996,0,64029.996,52184.695,0,52184.695,64644.477,0,64644.477,36980.098,0,36980.098,89164.797,0,89164.797
282,28,2022,102757.4,101795.02,204552.41,141734.34,131348.41,273082.75,84222.781,131348.41,215571.19,57511.566,0,57511.566,78060.523,77522.938,155583.47,50158.121,100029.6,150187.72,107669.69,100029.6,207699.28
283,28,1989,2458.3557,0,2458.3557,12291.779,0,12291.779,-49931.234,0,-49931.234,62223.012,0,62223.012,2013.2506,0,2013.2506,-52156.758,0,-52156.758,10066.254,0,10066.254
283,28,1992,184809.52,157266.14,342075.66,189548.22,179732.73,369280.94,142556.88,173283.78,315840.66,46991.348,6448.9561,53440.305,184789.38,157179.2,341968.56,142536.23,173184.44,315720.69,189527.58,179633.39,369160.97
283,28,1998,8891.2178,10958.312,19849.529,27357.592,39848.406,67206,7831.8135,9646.459,17478.273,19525.779,30201.947,49727.727,6961.5044,8217.5586,15179.063,1894.235,-319.91687,1574.3181,21420.014,29882.029,51302.043
283,28,2004,328719.59,234412.86,563132.44,328719.59,234412.86,563132.44,328719.59,201738.31,530457.88,0,32674.529,32674.529,326584.38,225613.08,552197.44,326584.38,192938.53,519522.91,326584.38,225613.08,552197.44
283,28,2007,46358.23,51680.219,98038.453,109078.19,121600.52,230678.7,-75252.047,-1766.6145,-77018.664,184330.23,123367.13,307697.38,35267.398,39320.203,74587.602,-101348.12,-30849.008,-132197.13,82982.117,92518.125,175500.25
283,28,2010,664554.63,641031.88,1305586.5,664554.63,641031.88,1305586.5,664554.63,641031.88,1305586.5,0,0,0,656519.56,622274.44,1278794,656519.56,622274.44,1278794,656519.56,622274.44,1278794
283,28,2019,84255.648,0,84255.648,116214.69,0,116214.69,64029.996,0,64029.996,52184.695,0,52184.695,64644.477,0,64644.477,36980.098,0,36980.098,89164.797,0,89164.797
283,28,2022,72470.484,84859.828,157330.31,99959.289,109496.55,209455.84,57737.957,109496.55,167234.52,42221.332,0,42221.332,55073.102,64568.137,119641.23,33741.566,83313.727,117055.3,75962.898,83313.727,159276.63
284,28,1989,2458.3557,0,2458.3557,12291.779,0,12291.779,-49931.234,0,-49931.234,62223.012,0,62223.012,2013.2506,0,2013.2506,-52156.758,0,-52156.758,10066.254,0,10066.254
284,28,1992,224489.45,146312.39,370801.84,230245.59,167214.17,397459.75,193848.3,152985.38,346833.69,36397.297,14228.786,50626.082,224470.77,146209.39,370680.16,193829.14,152867.67,346696.81,230226.44,167096.45,397322.88
284,28,1998,9673.9697,11364.087,21038.057,29766.059,41323.953,71090.016,1422.1995,7997.6626,9419.8623,28343.859,33326.289,61670.148,7576.7471,8521.8438,16098.591,-5030.791,-2337.7666,-7368.5576,23313.068,30988.523,54301.594
284,28,2004,328700.03,234302.34,563002.38,328700.03,234302.34,563002.38,328700.03,201627.81,530327.88,0,32674.529,32674.529,326565.53,225506.66,552072.19,326565.53,192832.13,519397.66,326565.53,225506.66,552072.19
284,28,2007,46358.23,51680.219,98038.453,109078.19,121600.52,230678.7,-75252.047,-1766.6145,-77018.664,184330.23,123367.13,307697.38,35267.398,39320.203,74587.602,-101348.12,-30849.008,-132197.13,82982.117,92518.125,175500.25
284,28,2010,664554.63,641031.88,1305586.5,664554.63,641031.88,1305586.5,664554.63,641031.88,1305586.5,0,0,0,656519.56,622274.44,1278794,656519.56,622274.44,1278794,656519.56,622274.44,1278794
284,28,2019,84255.648,0,84255.648,116214.69,0,116214.69,64029.996,0,64029.996,52184.695,0,52184.695,64644.477,0,64644.477,36980.098,0,36980.098,89164.797,0,89164.797
284,28,2022,67001.602,81285.469,148287.06,92416,104884.48,197300.47,62940.727,104884.48,167825.2,29475.273,0,29475.273,50917.113,61848.477,112765.59,40755.227,79804.484,120559.71,70230.5,79804.484,150034.98
285,28,1989,2458.3557,0,2458.3557,12291.779,0,12291.779,-49931.234,0,-49931.234,62223.012,0,62223.012,2013.2506,0,2013.2506,-52156.758,0,-52156.758,10066.254,0,10066.254
285,28,1992,229767.67,136453.91,366221.56,235659.14,155947.33,391606.47,207187.34,141718.53,348905.88,28471.793,14228.786,42700.578,229750.36,136352.59,366102.94,207169.59,141602.75,348772.34,235641.39,155831.53,391472.94
285,28,1998,9753.1738,11996.179,21749.352,30009.768,43622.469,73632.234,2610.6887,5436.1294,8046.8184,27399.078,38186.34,65585.422,7636.4917,8995.8418,16632.334,-3902.1807,-5474.188,-9376.3691,23496.898,32712.152,56209.051
285,28,2004,328539.19,233386.36,561925.56,328539.19,233386.36,561925.56,328539.19,200711.81,529251,0,32674.529,32674.529,326410.75,224625.08,551035.81,326410.75,191950.55,518361.31,326410.75,224625.08,551035.81
285,28,2007,46358.23,51688.379,98046.609,109078.19,121619.71,230697.91,-75252.047,-1747.4198,-76999.469,184330.23,123367.13,307697.38,35267.398,39326.434,74593.828,-101348.12,-30834.348,-132182.47,82982.117,92532.789,175514.91
285,28,2010,664554.63,641031.88,1305586.5,664554.63,641031.88,1305586.5,664554.63,641031.88,1305586.5,0,0,0,656519.56,622274.44,1278794,656519.56,622274.44,1278794,656519.56,622274.44,1278794
285,28,2019,84255.648,0,84255.648,116214.69,0,116214.69,64029.996,0,64029.996,52184.695,0,52184.695,64644.477,0,64644.477,36980.098,0,36980.098,89164.797,0,89164.797
285,28,2022,71571.422,83860.797,155432.22,98719.203,108207.48,206926.69,57560.051,108207.48,165767.53,41159.152,0,41159.152,54389.898,63807.984,118197.88,33861.395,82332.883,116194.28,75020.547,82332.883,157353.44
291,29,2001,4949.2505,3079.8013,8029.0518,28281.432,24638.41,52919.844,-25324.336,5295.3257,-20029.01,53605.766,19343.086,72948.852,3548.0857,2335.9197,5884.0054,-33330.992,-655.7276,-33986.719,20274.775,18687.357,38962.133
291,29,2013,28924.453,44122.727,73047.18,105179.83,160446.27,265626.09,-54993.82,-51835.035,-106828.86,160173.66,212281.31,372454.97,21307.781,32947.102,54254.883,-82690.805,-92473.672,-175164.47,77482.844,119807.63,197290.47
291,29,2016,90610.859,63824.359,154435.22,181221.72,150174.97,331396.69,58938.668,52934.648,111873.31,122283.05,97240.32,219523.38,68338.867,47681.879,116020.75,14394.688,14952.337,29347.025,136677.73,112192.66,248870.39
292,29,2001,4949.2505,3170.5654,8119.8159,28281.432,25364.523,53645.953,-25324.336,2415.083,-22909.254,53605.766,22949.439,76555.203,3548.0857,2405.3337,5953.4194,-33330.992,-3706.7705,-37037.762,20274.775,19242.67,39517.445
292,29,2013,29560.52,47910.695,77471.219,107492.79,174220.72,281713.5,-52680.859,-81054.078,-133734.94,160173.66,255274.8,415448.44,21769.654,35775.656,57545.313,-81011.273,-125181.5,-206192.78,79162.375,130093.3,209255.67
292,29,2016,90610.859,63824.359,154435.22,181221.72,150174.97,331396.69,58938.668,52934.648,111873.31,122283.05,97240.32,219523.38,68338.867,47681.879,116020.75,14394.688,14952.337,29347.025,136677.73,112192.66,248870.39
293,29,2001,4981.5801,3098.2419,8079.8223,28466.174,24785.936,53252.109,-25777.748,5114.9922,-20662.756,54243.922,19670.943,73914.867,3571.2622,2349.896,5921.1582,-33836.707,-871.7757,-34708.484,20407.211,18799.168,39206.379
293,29,2013,29918.797,50045.254,79964.047,108795.63,181982.73,290778.38,-51378.02,-95667.031,-147045.05,160173.66,277649.78,437823.44,22029.82,37369.555,59399.375,-80065.211,-141760.48,-221825.69,80108.445,135889.3,215997.75
293,29,2016,90610.859,63824.359,154435.22,181221.72,150174.97,331396.69,58938.668,52934.648,111873.31,122283.05,97240.32,219523.38,68338.867,47681.879,116020.75,14394.688,14952.337,29347.025,136677.73,112192.66,248870.39
294,29,2001,4949.2505,3081.7153,8030.9658,28281.432,24653.723,52935.156,-25324.336,5310.6372,-20013.699,53605.766,19343.086,72948.852,3548.0857,2337.3835,5885.4692,-33330.992,-644.01678,-33975.008,20274.775,18699.068,38973.844
294,29,2013,29282.248,46254.535,75536.781,106480.9,168198.33,274679.22,-53692.75,-68266.813,-121959.56,160173.66,236465.14,396638.81,21567.592,34538.969,56106.563,-81746.039,-110868.88,-192614.92,78427.609,125596.25,204023.86
294,29,2016,90610.859,63824.359,154435.22,181221.72,150174.97,331396.69,58938.668,52934.648,111873.31,122283.05,97240.32,219523.38,68338.867,47681.879,116020.75,14394.688,14952.337,29347.025,136677.73,112192.66,248870.39
295,29,2001,4949.2505,3095.3777,8044.6279,28281.432,24763.021,53044.453,-25324.336,5307.6079,-20016.729,53605.766,19455.412,73061.18,3548.0857,2347.833,5895.9189,-33330.992,-672.74915,-34003.742,20274.775,18782.664,39057.438
295,29,2013,29282.248,46254.535,75536.781,106480.9,168198.33,274679.22,-53692.75,-68266.813,-121959.56,160173.66,236465.14,396638.81,21567.592,34538.969,56106.563,-81746.039,-110868.88,-192614.92,78427.609,125596.25,204023.86
295,29,2016,90610.859,63824.359,154435.22,181221.72,150174.97,331396.69,58938.668,52934.648,111873.31,122283.05,97240.32,219523.38,68338.867,47681.879,116020.75,14394.688,14952.337,29347.025,136677.73,112192.66,248870.39
4511,451,1989,162760.83,286692.5,449453.31,162760.83,286692.5,449453.31,162760.83,286692.5,449453.31,0,0,0,162760.83,286689.41,449450.25,162760.83,286689.41,449450.25,162760.83,286689.41,449450.25
4511,451,1992,2915.728,1456.4934,4372.2217,11662.912,9709.9561,21372.867,-48698.43,-19598.553,-68296.984,60361.34,29308.508,89669.844,2460.9075,1222.1761,3683.0835,-50517.711,-21160.668,-71678.375,9843.6299,8147.8413,17991.471
4512,451,1989,162760.83,286692.5,449453.31,162760.83,286692.5,449453.31,162760.83,286692.5,449453.31,0,0,0,162760.83,286689.41,449450.25,162760.83,286689.41,449450.25,162760.83,286689.41,449450.25
4512,451,1992,2779.8647,1546.5201,4326.3848,11119.459,10310.135,21429.594,-48658.801,-29067.723,-77726.523,59778.262,39377.855,99156.117,2348.8269,1304.6356,3653.4624,-50382.953,-30680.287,-81063.242,9395.3076,8697.5703,18092.879
4513,451,1989,155722.27,284687.59,440409.88,155722.27,284687.59,440409.88,155722.27,284687.59,440409.88,0,0,0,155722.27,284685.88,440408.13,155722.27,284685.88,440408.13,155722.27,284685.88,440408.13
4513,451,1992,2915.728,1635.6813,4551.4092,11662.912,10904.541,22567.453,-48698.43,-28593.436,-77291.867,60361.34,39497.977,99859.313,2460.9075,1374.9769,3835.8843,-50517.711,-30331.461,-80849.172,9843.6299,9166.5127,19010.143
4514,451,1989,162760.83,286692.5,449453.31,162760.83,286692.5,449453.31,162760.83,286692.5,449453.31,0,0,0,162760.83,286689.41,449450.25,162760.83,286689.41,449450.25,162760.83,286689.41,449450.25
4514,451,1992,2915.728,1635.6813,4551.4092,11662.912,10904.541,22567.453,-48698.43,-28593.436,-77291.867,60361.34,39497.977,99859.313,2460.9075,1374.9769,3835.8843,-50517.711,-30331.461,-80849.172,9843.6299,9166.5127,19010.143
4515,451,1989,155722.27,284687.59,440409.88,155722.27,284687.59,440409.88,155722.27,284687.59,440409.88,0,0,0,155722.27,284685.88,440408.13,155722.27,284685.88,440408.13,155722.27,284685.88,440408.13
4515,451,1992,2915.728,1456.4934,4372.2217,11662.912,9709.9561,21372.867,-48698.43,-19598.553,-68296.984,60361.34,29308.508,89669.844,2460.9075,1222.1761,3683.0835,-50517.711,-21160.668,-71678.375,9843.6299,8147.8413,17991.471
5681,568,1989,190763.5,147920.45,338683.94,190763.5,155705.73,346469.25,158266.28,155705.73,313972,32497.215,0,32497.215,190735.97,147760.61,338496.56,158238.75,155537.48,313776.25,190735.97,155537.48,346273.44
5681,568,1992,80406.078,0,80406.078,80406.078,0,80406.078,80406.078,0,80406.078,0,0,0,80406.078,0,80406.078,80406.078,0,80406.078,80406.078,0,80406.078
5682,568,1989,190763.5,147920.45,338683.94,190763.5,155705.73,346469.25,158266.28,155705.73,313972,32497.215,0,32497.215,190735.97,147760.61,338496.56,158238.75,155537.48,313776.25,190735.97,155537.48,346273.44
5682,568,1992,80406.078,0,80406.078,80406.078,0,80406.078,80406.078,0,80406.078,0,0,0,80406.078,0,80406.078,80406.078,0,80406.078,80406.078,0,80406.078
5683,568,1989,190763.5,147920.45,338683.94,190763.5,155705.73,346469.25,158266.28,155705.73,313972,32497.215,0,32497.215,190735.97,147760.61,338496.56,158238.75,155537.48,313776.25,190735.97,155537.48,346273.44
5683,568,1992,80406.078,0,80406.078,80406.078,0,80406.078,80406.078,0,80406.078,0,0,0,80406.078,0,80406.078,80406.078,0,80406.078,80406.078,0,80406.078
5684,568,1989,190763.5,147920.45,338683.94,190763.5,155705.73,346469.25,158266.28,155705.73,313972,32497.215,0,32497.215,190735.97,147760.61,338496.56,158238.75,155537.48,313776.25,190735.97,155537.48,346273.44
5684,568,1992,80406.078,0,80406.078,80406.078,0,80406.078,80406.078,0,80406.078,0,0,0,80406.078,0,80406.078,80406.078,0,80406.078,80406.078,0,80406.078
5685,568,1989,190763.5,147920.45,338683.94,190763.5,155705.73,346469.25,158266.28,155705.73,313972,32497.215,0,32497.215,190735.97,147760.61,338496.56,158238.75,155537.48,313776.25,190735.97,155537.48,346273.44
5685,568,1992,80406.078,0,80406.078,80406.078,0,80406.078,80406.078,0,80406.078,0,0,0,80406.078,0,80406.078,80406.078,0,80406.078,80406.078,0,80406.078
8801,880,1989,255783.09,103860.5,359643.59,255783.09,118697.72,374480.81,247580.91,118697.72,366278.63,8202.1758,0,8202.1758,255749.22,103576.01,359325.22,247547.05,118372.57,365919.63,255749.22,118372.57,374121.78
8801,880,1992,87369.273,0,87369.273,87369.273,0,87369.273,87369.273,0,87369.273,0,0,0,87369.273,0,87369.273,87369.273,0,87369.273,87369.273,0,87369.273
8802,880,1989,255783.09,103860.5,359643.59,255783.09,118697.72,374480.81,247580.91,118697.72,366278.63,8202.1758,0,8202.1758,255749.22,103576.01,359325.22,247547.05,118372.57,365919.63,255749.22,118372.57,374121.78
8802,880,1992,87369.273,0,87369.273,87369.273,0,87369.273,87369.273,0,87369.273,0,0,0,87369.273,0,87369.273,87369.273,0,87369.273,87369.273,0,87369.273
8803,880,1989,255783.09,103860.5,359643.59,255783.09,118697.72,374480.81,247580.91,118697.72,366278.63,8202.1758,0,8202.1758,255749.22,103576.01,359325.22,247547.05,118372.57,365919.63,255749.22,118372.57,374121.78
8803,880,1992,87369.273,0,87369.273,87369.273,0,87369.273,87369.273,0,87369.273,0,0,0,87369.273,0,87369.273,87369.273,0,87369.273,87369.273,0,87369.273
8804,880,1989,255783.09,103860.5,359643.59,255783.09,118697.72,374480.81,247580.91,118697.72,366278.63,8202.1758,0,8202.1758,255749.22,103576.01,359325.22,247547.05,118372.57,365919.63,255749.22,118372.57,374121.78
8804,880,1992,87369.273,0,87369.273,87369.273,0,87369.273,87369.273,0,87369.273,0,0,0,87369.273,0,87369.273,87369.273,0,87369.273,87369.273,0,87369.273
8805,880,1989,255783.09,103860.5,359643.59,255783.09,118697.72,374480.81,247580.91,118697.72,366278.63,8202.1758,0,8202.1758,255749.22,103576.01,359325.22,247547.05,118372.57,365919.63,255749.22,118372.57,374121.78
8805,880,1992,87369.273,0,87369.273,87369.273,0,87369.273,87369.273,0,87369.273,0,0,0,87369.273,0,87369.273,87369.273,0,87369.273,87369.273,0,87369.273
8851,885,1995,251805.59,0,251805.59,251805.59,0,251805.59,251805.59,0,251805.59,0,0,0,251805.59,0,251805.59,251805.59,0,251805.59,251805.59,0,251805.59
8851,885,1998,43218.363,0,43218.363,78578.844,0,78578.844,-10790.165,0,-10790.165,89369.008,0,89369.008,40382.477,0,40382.477,-15946.328,0,-15946.328,73422.68,0,73422.68
8852,885,1995,251805.59,0,251805.59,251805.59,0,251805.59,251805.59,0,251805.59,0,0,0,251805.59,0,251805.59,251805.59,0,251805.59,251805.59,0,251805.59
8852,885,1998,52372.387,0,52372.387,95222.516,0,95222.516,-17122.965,0,-17122.965,112345.48,0,112345.48,48758.508,0,48758.508,-23693.652,0,-23693.652,88651.828,0,88651.828
8853,885,1995,251805.59,0,251805.59,251805.59,0,251805.59,251805.59,0,251805.59,0,0,0,251805.59,0,251805.59,251805.59,0,251805.59,251805.59,0,251805.59
8853,885,1998,35412.348,0,35412.348,64386.086,0,64386.086,-3816.5759,0,-3816.5759,68202.664,0,68202.664,33088.664,0,33088.664,-8041.4546,0,-8041.4546,60161.207,0,60161.207
8854,885,1995,251805.59,0,251805.59,251805.59,0,251805.59,251805.59,0,251805.59,0,0,0,251805.59,0,251805.59,251805.59,0,251805.59,251805.59,0,251805.59
8854,885,1998,41482.672,0,41482.672,75423.047,0,75423.047,-9242.3066,0,-9242.3066,84665.352,0,84665.352,38760.672,0,38760.672,-14191.4,0,-14191.4,70473.953,0,70473.953
8855,885,1995,251805.59,0,251805.59,251805.59,0,251805.59,251805.59,0,251805.59,0,0,0,251805.59,0,251805.59,251805.59,0,251805.59,251805.59,0,251805.59
8855,885,1998,35412.348,0,35412.348,64386.086,0,64386.086,-3816.5759,0,-3816.5759,68202.664,0,68202.664,33088.664,0,33088.664,-8041.4546,0,-8041.4546,60161.207,0,60161.207
8871,887,2013,163164.53,170635.92,333800.44,203955.66,243765.61,447721.25,153006.92,160163.19,313170.13,50948.742,83602.43,134551.17,140088.34,136810.69,276899.03,124161.68,111841.41,236003.09,175110.42,195443.83,370554.25
8872,887,2013,161238.13,178240,339478.13,201547.66,254628.58,456176.25,150598.92,161736.94,312335.88,50948.742,92891.633,143840.38,138305.38,142907.42,281212.81,121932.98,111261.84,233194.81,172881.72,204153.47,377035.19
8873,887,2013,168807.59,183634.44,352442.03,211009.48,262334.91,473344.38,160060.75,163250.56,323311.31,50948.742,99084.359,150033.09,144837.95,147232.45,292070.41,130098.7,111247.71,241346.41,181047.44,210332.06,391379.5
8874,887,2013,163849.27,192732.78,356582.06,204811.59,275332.56,480144.16,153862.86,160766.19,314629.06,50948.742,114566.38,165515.13,140389.27,154527.28,294916.56,124537.84,106186.89,230724.73,175486.58,220753.27,396239.84
8875,887,2013,167137.58,166023.77,333161.34,208921.95,237176.78,446098.75,158145.56,146127,304272.56,50776.395,91049.781,141826.17,143657.44,133543.41,277200.84,128795.39,99726.516,228521.91,179571.78,190776.3,370348.06
8881,888,2016,315949.03,712286.56,1028235.6,315949.03,712286.56,1028235.6,315949.03,712286.56,1028235.6,0,0,0,311916.09,676081.31,987997.38,311916.09,676081.31,987997.38,311916.09,676081.31,987997.38
8882,888,2016,315949.03,712286.56,1028235.6,315949.03,712286.56,1028235.6,315949.03,712286.56,1028235.6,0,0,0,311916.09,676081.31,987997.38,311916.09,676081.31,987997.38,311916.09,676081.31,987997.38
8883,888,2016,315949.03,712286.56,1028235.6,315949.03,712286.56,1028235.6,315949.03,712286.56,1028235.6,0,0,0,311916.09,676081.31,987997.38,311916.09,676081.31,987997.38,311916.09,676081.31,987997.38
8884,888,2016,315949.03,712286.56,1028235.6,315949.03,712286.56,1028235.6,315949.03,712286.56,1028235.6,0,0,0,311916.09,676081.31,987997.38,311916.09,676081.31,987997.38,311916.09,676081.31,987997.38
8885,888,2016,315949.03,712286.56,1028235.6,315949.03,712286.56,1028235.6,315949.03,712286.56,1028235.6,0,0,0,311916.09,676081.31,987997.38,311916.09,676081.31,987997.38,311916.09,676081.31,987997.38
8891,889,2019,449760.13,388313.25,838073.38,449760.13,388313.25,838073.38,449760.13,388313.25,838073.38,0,0,0,395822.81,331620.28,727443.13,395822.81,331620.28,727443.13,395822.81,331620.28,727443.13
8892,889,2019,449760.13,388313.25,838073.38,449760.13,388313.25,838073.38,449760.13,388313.25,838073.38,0,0,0,395822.81,331620.28,727443.13,395822.81,331620.28,727443.13,395822.81,331620.28,727443.13
8893,889,2019,449760.13,388313.25,838073.38,449760.13,388313.25,838073.38,449760.13,388313.25,838073.38,0,0,0,395822.81,331620.28,727443.13,395822.81,331620.28,727443.13,395822.81,331620.28,727443.13
8894,889,2019,449760.13,388313.25,838073.38,449760.13,388313.25,838073.38,449760.13,388313.25,838073.38,0,0,0,395822.81,331620.28,727443.13,395822.81,331620.28,727443.13,395822.81,331620.28,727443.13
8895,889,2019,449760.13,388313.25,838073.38,449760.13,388313.25,838073.38,449760.13,388313.25,838073.38,0,0,0,395822.81,331620.28,727443.13,395822.81,331620.28,727443.13,395822.81,331620.28,727443.13
8901,890,2004,29715.514,0,29715.514,62558.977,0,62558.977,-36094.578,0,-36094.578,98653.555,0,98653.555,21609.92,0,21609.92,-53158.992,0,-53158.992,45494.566,0,45494.566
8902,890,2004,29715.514,0,29715.514,62558.977,0,62558.977,-36094.578,0,-36094.578,98653.555,0,98653.555,21609.92,0,21609.92,-53158.992,0,-53158.992,45494.566,0,45494.566
8903,890,2004,29715.514,0,29715.514,62558.977,0,62558.977,-36094.578,0,-36094.578,98653.555,0,98653.555,21609.92,0,21609.92,-53158.992,0,-53158.992,45494.566,0,45494.566
8904,890,2004,29715.514,0,29715.514,62558.977,0,62558.977,-36094.578,0,-36094.578,98653.555,0,98653.555,21609.92,0,21609.92,-53158.992,0,-53158.992,45494.566,0,45494.566
8905,890,2004,29715.514,0,29715.514,62558.977,0,62558.977,-36094.578,0,-36094.578,98653.555,0,98653.555,21609.92,0,21609.92,-53158.992,0,-53158.992,45494.566,0,45494.566
8911,891,2001,205765.98,0,205765.98,222449.72,0,222449.72,122257.18,0,122257.18,100192.55,0,100192.55,203814.52,0,203814.52,120147.46,0,120147.46,220340.02,0,220340.02
8911,891,2007,12812.801,0,12812.801,36608,0,36608,-21932.934,0,-21932.934,58540.934,0,58540.934,9771.8779,0,9771.8779,-30621.285,0,-30621.285,27919.65,0,27919.65
8912,891,2001,166407.02,0,166407.02,179899.47,0,179899.47,81943.414,0,81943.414,97956.055,0,97956.055,164554.11,0,164554.11,79940.266,0,79940.266,177896.33,0,177896.33
8912,891,2007,14337.79,0,14337.79,40965.113,0,40965.113,-19102.539,0,-19102.539,60067.652,0,60067.652,10931.256,0,10931.256,-28835.492,0,-28835.492,31232.16,0,31232.16
8913,891,2001,146234.44,0,146234.44,158091.3,0,158091.3,67240.727,0,67240.727,90850.57,0,90850.57,144847.53,0,144847.53,65741.367,0,65741.367,156591.94,0,156591.94
8913,891,2007,12812.801,0,12812.801,36608,0,36608,-21932.934,0,-21932.934,58540.934,0,58540.934,9771.8779,0,9771.8779,-30621.285,0,-30621.285,27919.65,0,27919.65
8914,891,2001,216290.56,0,216290.56,233827.63,0,233827.63,132094.44,0,132094.44,101733.2,0,101733.2,213882.31,0,213882.31,129490.92,0,129490.92,231224.11,0,231224.11
8914,891,2007,12812.801,0,12812.801,36608,0,36608,-21932.934,0,-21932.934,58540.934,0,58540.934,9771.8779,0,9771.8779,-30621.285,0,-30621.285,27919.65,0,27919.65
8915,891,2001,186967.22,0,186967.22,202126.72,0,202126.72,102412.14,0,102412.14,99714.586,0,99714.586,185337.98,0,185337.98,100650.81,0,100650.81,200365.39,0,200365.39
8915,891,2007,12812.801,0,12812.801,36608,0,36608,-21932.934,0,-21932.934,58540.934,0,58540.934,9771.8779,0,9771.8779,-30621.285,0,-30621.285,27919.65,0,27919.65
8971,897,2022,235355.31,0,235355.31,313807.09,0,313807.09,248367.59,0,248367.59,65439.504,0,65439.504,176452.63,0,176452.63,169830.67,0,169830.67,235270.17,0,235270.17
8972,897,2022,244781.56,0,244781.56,326375.41,0,326375.41,245392.23,0,245392.23,80983.172,0,80983.172,180507.5,0,180507.5,159693.48,0,159693.48,240676.66,0,240676.66
8973,897,2022,244569.42,0,244569.42,326092.56,0,326092.56,249934.56,0,249934.56,76158,0,76158,183360.72,0,183360.72,168322.97,0,168322.97,244480.97,0,244480.97
8974,897,2022,243207.23,0,243207.23,324276.31,0,324276.31,238819.61,0,238819.61,85456.703,0,85456.703,176114.03,0,176114.03,149362.02,0,149362.02,234818.72,0,234818.72
8975,897,2022,243207.23,0,243207.23,324276.31,0,324276.31,238819.61,0,238819.61,85456.703,0,85456.703,176114.03,0,176114.03,149362.02,0,149362.02,234818.72,0,234818.72
9071,907,2010,90248.367,0,90248.367,124480.51,0,124480.51,-34560.684,0,-34560.684,159041.19,0,159041.19,73370.594,0,73370.594,-57840.375,0,-57840.375,101200.82,0,101200.82
9072,907,2010,88534.688,0,88534.688,122116.8,0,122116.8,-27499.729,0,-27499.729,149616.53,0,149616.53,71977.391,0,71977.391,-50337.375,0,-50337.375,99279.164,0,99279.164
9073,907,2010,84286.359,0,84286.359,116257.04,0,116257.04,-16316.491,0,-16316.491,132573.53,0,132573.53,68523.578,0,68523.578,-38058.25,0,-38058.25,94515.281,0,94515.281
9074,907,2010,89979.008,0,89979.008,124108.98,0,124108.98,-33361.406,0,-33361.406,157470.39,0,157470.39,73151.594,0,73151.594,-56571.633,0,-56571.633,100898.75,0,100898.75
9075,907,2010,85027.766,0,85027.766,117279.68,0,117279.68,-18199.781,0,-18199.781,135479.47,0,135479.47,69126.313,0,69126.313,-40132.82,0,-40132.82,95346.641,0,95346.641
9901,990,1989,1380.515,0,1380.515,6902.5747,0,6902.5747,-22472.207,0,-22472.207,29374.781,0,29374.781,1112.1595,0,1112.1595,-23813.984,0,-23813.984,5560.7983,0,5560.7983
9902,990,1989,1781.0546,0,1781.0546,8905.2725,0,8905.2725,-19785.328,0,-19785.328,28690.602,0,28690.602,1574.8043,0,1574.8043,-20816.58,0,-20816.58,7874.022,0,7874.022
9903,990,1989,1150.1932,0,1150.1932,5750.9663,0,5750.9663,-283.20166,0,-283.20166,6034.168,0,6034.168,1025.5991,0,1025.5991,-906.17236,0,-906.17236,5127.9956,0,5127.9956
9904,990,1989,1635.8292,0,1635.8292,8179.146,0,8179.146,-21091.152,0,-21091.152,29270.299,0,29270.299,1402.2212,0,1402.2212,-22259.193,0,-22259.193,7011.106,0,7011.106
9905,990,1989,1726.0184,0,1726.0184,8630.0918,0,8630.0918,-16072.154,0,-16072.154,24702.246,0,24702.246,1539.049,0,1539.049,-17007.002,0,-17007.002,7695.2446,0,7695.2446
9911,991,1992,60303.262,38430.332,98733.594,96485.219,73200.633,169685.84,-24258.008,-57629.395,-81887.406,120743.23,130830.02,251573.25,58804.617,36404.715,95209.328,-26655.84,-61487.719,-88143.563,94087.383,69342.313,163429.69
9912,991,1992,62269.844,28851.297,91121.141,99631.742,54954.852,154586.59,-32987.938,13475.36,-19512.578,132619.69,41479.492,174099.19,60748.828,27556.061,88304.891,-35421.563,11008.244,-24413.318,97198.125,52487.734,149685.86
9913,991,1992,62269.844,28851.297,91121.141,99631.742,54954.852,154586.59,-32987.938,13475.36,-19512.578,132619.69,41479.492,174099.19,60748.828,27556.061,88304.891,-35421.563,11008.244,-24413.318,97198.125,52487.734,149685.86
9914,991,1992,62269.844,28851.297,91121.141,99631.742,54954.852,154586.59,-32987.938,13475.36,-19512.578,132619.69,41479.492,174099.19,60748.828,27556.061,88304.891,-35421.563,11008.244,-24413.318,97198.125,52487.734,149685.86
9915,991,1992,60303.262,38430.332,98733.594,96485.219,73200.633,169685.84,-24258.008,-57629.395,-81887.406,120743.23,130830.02,251573.25,58804.617,36404.715,95209.328,-26655.84,-61487.719,-88143.563,94087.383,69342.313,163429.69
12561,1256,1989,105351.31,42438.645,147789.95,145312.16,70731.07,216043.22,64196.152,31504.129,95700.281,81116.008,39226.945,120342.95,104673.63,41491.656,146165.28,63261.406,29925.818,93187.227,144377.42,69152.758,213530.19
12562,1256,1989,103719.58,42193.777,145913.36,143061.48,70322.961,213384.44,67623.344,31096.018,98719.359,75438.141,39226.945,114665.09,103052.38,41260.492,144312.88,66703.086,29540.545,96243.633,142141.22,68767.492,210908.72
12563,1256,1989,102757.28,42051.332,144808.61,141734.17,70085.547,211819.72,69628.695,30858.605,100487.3,72105.477,39226.945,111332.42,102096.28,41126.027,143222.31,68716.992,29316.434,98033.422,140822.47,68543.375,209365.84
12564,1256,1989,102652.66,42035.809,144688.47,141589.88,70059.68,211649.56,69854.695,30832.736,100687.43,71735.18,39226.945,110962.13,101992.34,41111.383,143103.72,68943.914,29292.029,98235.945,140679.09,68518.977,209198.06
12565,1256,1989,102220.32,41972.773,144193.09,140993.53,69954.625,210948.16,70843.172,30727.68,101570.85,70150.359,39226.945,109377.3,101562.8,41051.875,142614.67,69936.258,29192.846,99129.102,140086.63,68419.789,208506.41
12571,1257,1992,163348.5,64652.793,228001.3,181498.33,86203.727,267702.06,107147.77,59151.148,166298.91,74350.563,27052.582,101403.14,163272.72,63983.996,227256.72,107063.58,58259.414,165323,181414.14,85311.992,266726.13
12572,1257,1992,163348.5,64652.793,228001.3,181498.33,86203.727,267702.06,107147.77,59151.148,166298.91,74350.563,27052.582,101403.14,163272.72,63983.996,227256.72,107063.58,58259.414,165323,181414.14,85311.992,266726.13
12573,1257,1992,163348.5,64652.793,228001.3,181498.33,86203.727,267702.06,107147.77,59151.148,166298.91,74350.563,27052.582,101403.14,163272.72,63983.996,227256.72,107063.58,58259.414,165323,181414.14,85311.992,266726.13
12574,1257,1992,163348.5,64652.793,228001.3,181498.33,86203.727,267702.06,107147.77,59151.148,166298.91,74350.563,27052.582,101403.14,163272.72,63983.996,227256.72,107063.58,58259.414,165323,181414.14,85311.992,266726.13
12575,1257,1992,163348.5,64652.793,228001.3,181498.33,86203.727,267702.06,107147.77,59151.148,166298.91,74350.563,27052.582,101403.14,163272.72,63983.996,227256.72,107063.58,58259.414,165323,181414.14,85311.992,266726.13
12621,1262,1995,0,0,0,0,0,0,0,0,0,0,0,0,0,0,0,0,0,0,0,0,0
12621,1262,1998,4577.1572,0,4577.1572,26155.184,0,26155.184,-20174.063,0,-20174.063,46329.246,0,46329.246,3507.0806,0,3507.0806,-26288.785,0,-26288.785,20040.459,0,20040.459
12622,1262,1995,104500.11,0,104500.11,104500.11,0,104500.11,104500.11,0,104500.11,0,0,0,104500.11,0,104500.11,104500.11,0,104500.11,104500.11,0,104500.11
12622,1262,1998,4492.7573,0,4492.7573,25672.898,0,25672.898,-19684.896,0,-19684.896,45357.793,0,45357.793,3442.4111,0,3442.4111,-25686.875,0,-25686.875,19670.92,0,19670.92
12623,1262,1995,0,0,0,0,0,0,0,0,0,0,0,0,0,0,0,0,0,0,0,0,0
12623,1262,1998,4779.646,0,4779.646,27312.262,0,27312.262,-31028.398,0,-31028.398,58340.66,0,58340.66,3660.6174,0,3660.6174,-37422.844,0,-37422.844,20917.814,0,20917.814
12624,1262,1995,38845.453,0,38845.453,38845.453,0,38845.453,38845.453,0,38845.453,0,0,0,38845.453,0,38845.453,38845.453,0,38845.453,38845.453,0,38845.453
12624,1262,1998,4632.6655,0,4632.6655,26472.373,0,26472.373,-20436.709,0,-20436.709,46909.082,0,46909.082,3549.6118,0,3549.6118,-26625.586,0,-26625.586,20283.496,0,20283.496
12625,1262,1995,0,0,0,0,0,0,0,0,0,0,0,0,0,0,0,0,0,0,0,0,0
12625,1262,1998,4492.7573,0,4492.7573,25672.898,0,25672.898,-19684.896,0,-19684.896,45357.793,0,45357.793,3442.4111,0,3442.4111,-25686.875,0,-25686.875,19670.92,0,19670.92
12661,1266,2013,113235.41,49291.707,162527.11,196931.13,131444.56,328375.69,101841.64,33131.395,134973.03,95089.492,98313.156,193402.66,83428.133,37096.594,120524.73,50002.914,611.09027,50614.004,145092.41,98924.25,244016.66
12661,1266,2016,638667.75,553968,1192635.8,638667.75,553968,1192635.8,638667.75,553968,1192635.8,0,0,0,568889.13,492222.59,1061111.8,568889.13,492222.59,1061111.8,568889.13,492222.59,1061111.8
12662,1266,2013,112915.24,48054.82,160970.06,196374.34,128146.2,324520.53,101284.84,29833.035,131117.88,95089.492,98313.156,193402.66,83191.102,36165.711,119356.81,49590.68,-1871.2557,47719.426,144680.17,96441.906,241122.08
12662,1266,2016,638667.75,553968,1192635.8,638667.75,553968,1192635.8,638667.75,553968,1192635.8,0,0,0,568889.13,492222.59,1061111.8,568889.13,492222.59,1061111.8,568889.13,492222.59,1061111.8
12663,1266,2013,113235.41,49291.707,162527.11,196931.13,131444.56,328375.69,101841.64,33131.395,134973.03,95089.492,98313.156,193402.66,83428.133,37096.594,120524.73,50002.914,611.09027,50614.004,145092.41,98924.25,244016.66
12663,1266,2016,638667.75,553968,1192635.8,638667.75,553968,1192635.8,638667.75,553968,1192635.8,0,0,0,568889.13,492222.59,1061111.8,568889.13,492222.59,1061111.8,568889.13,492222.59,1061111.8
12664,1266,2013,112758.58,47451.227,160209.81,196101.86,126536.6,322638.47,101012.38,28223.443,129235.82,95089.492,98313.156,193402.66,83075.102,35711.465,118786.56,49388.941,-3082.5808,46306.359,144478.44,95230.578,239709.02
12664,1266,2016,638662.88,520712.41,1159375.3,638662.88,520712.41,1159375.3,638662.88,520712.41,1159375.3,0,0,0,568885.44,461986.56,1030872,568885.44,461986.56,1030872,568885.44,461986.56,1030872
12665,1266,2013,112514.28,46508.715,159023,195677,124023.23,319700.25,100587.51,25710.074,126297.58,95089.492,98313.156,193402.66,82894.273,35002.125,117896.4,49074.461,-4974.1626,44100.297,144163.95,93338.992,237502.94
12665,1266,2016,638667.75,553968,1192635.8,638667.75,553968,1192635.8,638667.75,553968,1192635.8,0,0,0,568889.13,492222.59,1061111.8,568889.13,492222.59,1061111.8,568889.13,492222.59,1061111.8
12691,1269,1989,5731.8052,0,5731.8052,14329.513,0,14329.513,-28707.254,0,-28707.254,43036.766,0,43036.766,5327.9453,0,5327.9453,-29716.904,0,-29716.904,13319.863,0,13319.863
12691,1269,2004,69062.344,0,69062.344,98660.484,0,98660.484,9512.4102,0,9512.4102,89148.078,0,89148.078,61429.523,0,61429.523,-1391.6147,0,-1391.6147,87756.461,0,87756.461
12691,1269,2019,0,0,0,0,0,0,0,0,0,0,0,0,0,0,0,0,0,0,0,0,0
12692,1269,1989,5782.2764,0,5782.2764,14455.69,0,14455.69,-28581.076,0,-28581.076,43036.766,0,43036.766,5374.8589,0,5374.8589,-29599.619,0,-29599.619,13437.147,0,13437.147
12692,1269,2004,78564.32,0,78564.32,112234.74,0,112234.74,30792.67,0,30792.67,81442.07,0,81442.07,72382.953,0,72382.953,21962.146,0,21962.146,103404.22,0,103404.22
12692,1269,2019,0,0,0,0,0,0,0,0,0,0,0,0,0,0,0,0,0,0,0,0,0
12693,1269,1989,5862.9722,0,5862.9722,14657.431,0,14657.431,-31189.877,0,-31189.877,45847.309,0,45847.309,5449.8706,0,5449.8706,-32222.631,0,-32222.631,13624.678,0,13624.678
12693,1269,2004,59099.98,0,59099.98,84428.547,0,84428.547,-4719.5288,0,-4719.5288,89148.078,0,89148.078,52568.203,0,52568.203,-14050.644,0,-14050.644,75097.43,0,75097.43
12693,1269,2019,0,0,0,0,0,0,0,0,0,0,0,0,0,0,0,0,0,0,0,0,0
12694,1269,1989,5868.4131,0,5868.4131,14671.033,0,14671.033,-31176.273,0,-31176.273,45847.309,0,45847.309,5454.9292,0,5454.9292,-32209.984,0,-32209.984,13637.323,0,13637.323
12694,1269,2004,72993.234,0,72993.234,104276.05,0,104276.05,22833.979,0,22833.979,81442.07,0,81442.07,67250.242,0,67250.242,14629.693,0,14629.693,96071.766,0,96071.766
12694,1269,2019,0,0,0,0,0,0,0,0,0,0,0,0,0,0,0,0,0,0,0,0,0
12695,1269,1989,6550.8784,0,6550.8784,16377.196,0,16377.196,-28394.635,0,-28394.635,44771.832,0,44771.832,6197.1929,0,6197.1929,-29278.85,0,-29278.85,15492.982,0,15492.982
12695,1269,2004,58255.863,0,58255.863,83222.664,0,83222.664,-1961.8192,0,-1961.8192,85184.484,0,85184.484,51817.375,0,51817.375,-11159.656,0,-11159.656,74024.828,0,74024.828
12695,1269,2019,0,0,0,0,0,0,0,0,0,0,0,0,0,0,0,0,0,0,0,0,0
12701,1270,1992,112881.67,0,112881.67,112881.67,0,112881.67,112881.67,0,112881.67,0,0,0,112881.67,0,112881.67,112881.67,0,112881.67,112881.67,0,112881.67
12701,1270,2007,24916.125,0,24916.125,83053.75,0,83053.75,-109959.19,0,-109959.19,193012.94,0,193012.94,18898.15,0,18898.15,-130019.1,0,-130019.1,62993.836,0,62993.836
12702,1270,1992,112881.67,0,112881.67,112881.67,0,112881.67,112881.67,0,112881.67,0,0,0,112881.67,0,112881.67,112881.67,0,112881.67,112881.67,0,112881.67
12702,1270,2007,24914.086,0,24914.086,83046.953,0,83046.953,-109965.98,0,-109965.98,193012.94,0,193012.94,18896.609,0,18896.609,-130024.24,0,-130024.24,62988.695,0,62988.695
12703,1270,1992,112881.67,0,112881.67,112881.67,0,112881.67,112881.67,0,112881.67,0,0,0,112881.67,0,112881.67,112881.67,0,112881.67,112881.67,0,112881.67
12703,1270,2007,24914.086,0,24914.086,83046.953,0,83046.953,-109965.98,0,-109965.98,193012.94,0,193012.94,18896.609,0,18896.609,-130024.24,0,-130024.24,62988.695,0,62988.695
12704,1270,1992,112881.67,0,112881.67,112881.67,0,112881.67,112881.67,0,112881.67,0,0,0,112881.67,0,112881.67,112881.67,0,112881.67,112881.67,0,112881.67
12704,1270,2007,24916.125,0,24916.125,83053.75,0,83053.75,-109959.19,0,-109959.19,193012.94,0,193012.94,18898.15,0,18898.15,-130019.1,0,-130019.1,62993.836,0,62993.836
12705,1270,1992,112881.67,0,112881.67,112881.67,0,112881.67,112881.67,0,112881.67,0,0,0,112881.67,0,112881.67,112881.67,0,112881.67,112881.67,0,112881.67
12705,1270,2007,24914.086,0,24914.086,83046.953,0,83046.953,-109965.98,0,-109965.98,193012.94,0,193012.94,18896.609,0,18896.609,-130024.24,0,-130024.24,62988.695,0,62988.695
12741,1274,2001,157737.75,0,157737.75,157737.75,0,157737.75,146454.7,0,146454.7,11283.053,0,11283.053,156894.98,0,156894.98,145611.94,0,145611.94,156894.98,0,156894.98
12742,1274,2001,157737.75,0,157737.75,157737.75,0,157737.75,146454.7,0,146454.7,11283.053,0,11283.053,156894.98,0,156894.98,145611.94,0,145611.94,156894.98,0,156894.98
12743,1274,2001,157737.75,0,157737.75,157737.75,0,157737.75,146454.7,0,146454.7,11283.053,0,11283.053,156894.98,0,156894.98,145611.94,0,145611.94,156894.98,0,156894.98
12744,1274,2001,157737.75,0,157737.75,157737.75,0,157737.75,146454.7,0,146454.7,11283.053,0,11283.053,156894.98,0,156894.98,145611.94,0,145611.94,156894.98,0,156894.98
12745,1274,2001,157737.75,0,157737.75,157737.75,0,157737.75,146454.7,0,146454.7,11283.053,0,11283.053,156894.98,0,156894.98,145611.94,0,145611.94,156894.98,0,156894.98
12751,1275,1995,52862.84,89052.211,141915.05,100691.13,142483.53,243174.66,-44572.637,-10522.638,-55095.273,145263.77,153006.17,298269.94,48934.699,83145.602,132080.3,-52054.809,-19973.221,-72028.031,93208.953,133032.95,226241.91
12751,1275,1998,85309.82,68976.602,154286.42,155108.77,137953.2,293061.97,19861.529,37991.203,57852.734,135247.23,99961.992,235209.22,77887.789,62237.852,140125.64,6366.9272,24513.709,30880.637,141614.17,124475.7,266089.88
12752,1275,1995,52862.84,89052.211,141915.05,100691.13,142483.53,243174.66,-44572.637,-10522.638,-55095.273,145263.77,153006.17,298269.94,48934.699,83145.602,132080.3,-52054.809,-19973.221,-72028.031,93208.953,133032.95,226241.91
12752,1275,1998,80332.758,70927.773,151260.53,146059.56,141855.55,287915.13,-28870.297,41893.543,13023.246,174929.86,99961.992,274891.84,70349.625,63998.391,134348.02,-47021.441,28034.783,-18986.658,127908.41,127996.78,255905.19
12753,1275,1995,52862.84,89052.211,141915.05,100691.13,142483.53,243174.66,-44572.637,-10522.638,-55095.273,145263.77,153006.17,298269.94,48934.699,83145.602,132080.3,-52054.809,-19973.221,-72028.031,93208.953,133032.95,226241.91
12753,1275,1998,86213.992,72876.016,159090,156752.7,145752.03,302504.75,4602.6182,45790.035,50392.652,152150.09,99961.992,252112.09,77608.711,65756.273,143364.98,-11043.332,31550.553,20507.221,141106.75,131512.55,272619.31
12754,1275,1995,52862.84,89052.211,141915.05,100691.13,142483.53,243174.66,-44572.637,-10522.638,-55095.273,145263.77,153006.17,298269.94,48934.699,83145.602,132080.3,-52054.809,-19973.221,-72028.031,93208.953,133032.95,226241.91
12754,1275,1998,85807.922,70927.773,156735.69,156014.41,141855.55,297869.94,19863.867,41893.543,61757.41,136150.55,99961.992,236112.53,78822.203,63998.391,142820.59,7162.5596,28034.783,35197.344,143313.11,127996.78,271309.88
12755,1275,1995,52862.84,89052.211,141915.05,100691.13,142483.53,243174.66,-44572.637,-10522.638,-55095.273,145263.77,153006.17,298269.94,48934.699,83145.602,132080.3,-52054.809,-19973.221,-72028.031,93208.953,133032.95,226241.91
12755,1275,1998,80323.805,68976.602,149300.41,146043.27,137953.2,283996.47,-23615.59,37991.203,14375.613,169658.86,99961.992,269620.84,70341.734,62237.852,132579.59,-41764.801,24513.709,-17251.092,127894.06,124475.7,252369.77
12771,1277,2022,229452.81,0,229452.81,229452.81,0,229452.81,229452.81,0,229452.81,0,0,0,216410.14,0,216410.14,216410.14,0,216410.14,216410.14,0,216410.14
12772,1277,2022,229452.81,0,229452.81,229452.81,0,229452.81,229452.81,0,229452.81,0,0,0,216410.14,0,216410.14,216410.14,0,216410.14,216410.14,0,216410.14
12773,1277,2022,240230.45,0,240230.45,240230.45,0,240230.45,240230.45,0,240230.45,0,0,0,225374.75,0,225374.75,225374.75,0,225374.75,225374.75,0,225374.75
12774,1277,2022,229452.81,0,229452.81,229452.81,0,229452.81,229452.81,0,229452.81,0,0,0,216410.14,0,216410.14,216410.14,0,216410.14,216410.14,0,216410.14
12775,1277,2022,229452.81,0,229452.81,229452.81,0,229452.81,229452.81,0,229452.81,0,0,0,216410.14,0,216410.14,216410.14,0,216410.14,216410.14,0,216410.14
12791,1279,2013,90663.273,27481.164,118144.44,201473.94,91603.883,293077.81,19755.117,75309.023,95064.141,181718.83,16294.858,198013.69,68337.852,20376.555,88714.406,-29856.926,51626.988,21770.063,151861.89,67921.844,219783.73
12791,1279,2016,110444.53,137186.72,247631.25,232514.81,304859.41,537374.25,39234.16,-25811.832,13422.328,193280.66,330671.22,523951.88,82555.234,102613.21,185168.44,-19480.164,-102641.87,-122122.03,173800.48,228029.36,401829.84
12792,1279,2013,90663.273,27481.164,118144.44,201473.94,91603.883,293077.81,19755.117,75309.023,95064.141,181718.83,16294.858,198013.69,68337.852,20376.555,88714.406,-29856.926,51626.988,21770.063,151861.89,67921.844,219783.73
12792,1279,2016,110444.53,137186.72,247631.25,232514.81,304859.41,537374.25,39234.16,-25811.832,13422.328,193280.66,330671.22,523951.88,82555.234,102613.21,185168.44,-19480.164,-102641.87,-122122.03,173800.48,228029.36,401829.84
12793,1279,2013,90663.273,27481.164,118144.44,201473.94,91603.883,293077.81,19755.117,75309.023,95064.141,181718.83,16294.858,198013.69,68337.852,20376.555,88714.406,-29856.926,51626.988,21770.063,151861.89,67921.844,219783.73
12793,1279,2016,110444.53,137186.72,247631.25,232514.81,304859.41,537374.25,39234.16,-25811.832,13422.328,193280.66,330671.22,523951.88,82555.234,102613.21,185168.44,-19480.164,-102641.87,-122122.03,173800.48,228029.36,401829.84
12794,1279,2013,90663.273,27481.164,118144.44,201473.94,91603.883,293077.81,19755.117,75309.023,95064.141,181718.83,16294.858,198013.69,68337.852,20376.555,88714.406,-29856.926,51626.988,21770.063,151861.89,67921.844,219783.73
12794,1279,2016,110444.53,137186.72,247631.25,232514.81,304859.41,537374.25,39234.16,-25811.832,13422.328,193280.66,330671.22,523951.88,82555.234,102613.21,185168.44,-19480.164,-102641.87,-122122.03,173800.48,228029.36,401829.84
12795,1279,2013,90663.273,27481.164,118144.44,201473.94,91603.883,293077.81,19755.117,75309.023,95064.141,181718.83,16294.858,198013.69,68337.852,20376.555,88714.406,-29856.926,51626.988,21770.063,151861.89,67921.844,219783.73
12795,1279,2016,110444.53,137186.72,247631.25,232514.81,304859.41,537374.25,39234.16,-25811.832,13422.328,193280.66,330671.22,523951.88,82555.234,102613.21,185168.44,-19480.164,-102641.87,-122122.03,173800.48,228029.36,401829.84
12821,1282,2004,226131.97,64908.184,291040.16,274099.34,108180.3,382279.66,166264.28,61977.063,228241.34,107835.05,46203.242,154038.3,214466.5,54142.449,268608.94,152124.33,44034.176,196158.5,259959.39,90237.414,350196.81
12821,1282,2019,113734.49,0,113734.49,113734.49,0,113734.49,113734.49,0,113734.49,0,0,0,111776.99,0,111776.99,111776.99,0,111776.99,111776.99,0,111776.99
12822,1282,2004,226131.97,64908.184,291040.16,274099.34,108180.3,382279.66,166264.28,61977.063,228241.34,107835.05,46203.242,154038.3,214466.5,54142.449,268608.94,152124.33,44034.176,196158.5,259959.39,90237.414,350196.81
12822,1282,2019,109139.16,0,109139.16,109139.16,0,109139.16,109139.16,0,109139.16,0,0,0,107260.73,0,107260.73,107260.73,0,107260.73,107260.73,0,107260.73
12823,1282,2004,226131.97,64908.184,291040.16,274099.34,108180.3,382279.66,166264.28,61977.063,228241.34,107835.05,46203.242,154038.3,214466.5,54142.449,268608.94,152124.33,44034.176,196158.5,259959.39,90237.414,350196.81
12823,1282,2019,106841.47,0,106841.47,106841.47,0,106841.47,106841.47,0,106841.47,0,0,0,105002.59,0,105002.59,105002.59,0,105002.59,105002.59,0,105002.59
12824,1282,2004,226131.97,64908.184,291040.16,274099.34,108180.3,382279.66,166264.28,61977.063,228241.34,107835.05,46203.242,154038.3,214466.5,54142.449,268608.94,152124.33,44034.176,196158.5,259959.39,90237.414,350196.81
12824,1282,2019,98799.664,0,98799.664,98799.664,0,98799.664,98799.664,0,98799.664,0,0,0,97099.195,0,97099.195,97099.195,0,97099.195,97099.195,0,97099.195
12825,1282,2004,226131.97,64908.184,291040.16,274099.34,108180.3,382279.66,166264.28,61977.063,228241.34,107835.05,46203.242,154038.3,214466.5,54142.449,268608.94,152124.33,44034.176,196158.5,259959.39,90237.414,350196.81
12825,1282,2019,89609,0,89609,89609,0,89609,89609,0,89609,0,0,0,88066.719,0,88066.719,88066.719,0,88066.719,88066.719,0,88066.719
12831,1283,2007,117541.98,82960.766,200502.75,188067.17,138267.94,326335.13,10435.922,138267.94,148703.86,177631.25,0,177631.25,95837.875,65948.25,161786.13,-24290.648,109913.76,85623.109,153340.59,109913.76,263254.34
12832,1283,2007,117541.98,84945.875,202487.86,188067.17,141576.47,329643.63,10435.922,141576.47,152012.39,177631.25,0,177631.25,95837.875,67563.938,163401.81,-24290.648,112606.57,88315.922,153340.59,112606.57,265947.16
12833,1283,2007,117541.98,87385.289,204927.28,188067.17,145642.16,333709.31,10435.922,145642.16,156078.08,177631.25,0,177631.25,95837.875,69549.406,165387.28,-24290.648,115915.69,91625.039,153340.59,115915.69,269256.28
12834,1283,2007,117541.98,87385.289,204927.28,188067.17,145642.16,333709.31,10435.922,145642.16,156078.08,177631.25,0,177631.25,95837.875,69549.406,165387.28,-24290.648,115915.69,91625.039,153340.59,115915.69,269256.28
12835,1283,2007,117541.98,87385.289,204927.28,188067.17,145642.16,333709.31,10435.922,145642.16,156078.08,177631.25,0,177631.25,95837.875,69549.406,165387.28,-24290.648,115915.69,91625.039,153340.59,115915.69,269256.28
12871,1287,2001,368063.06,262719.22,630782.25,368063.06,262719.22,630782.25,368063.06,262719.22,630782.25,0,0,0,367579.38,260653.3,628232.69,367579.38,260653.3,628232.69,367579.38,260653.3,628232.69
12872,1287,2001,343525.63,254403.69,597929.31,343525.63,254403.69,597929.31,343525.63,254403.69,597929.31,0,0,0,343074.19,252473.59,595547.75,343074.19,252473.59,595547.75,343074.19,252473.59,595547.75
12873,1287,2001,417138.28,278027.44,695165.75,417138.28,278027.44,695165.75,417138.28,278027.44,695165.75,0,0,0,416590.06,275690.38,692280.44,416590.06,275690.38,692280.44,416590.06,275690.38,692280.44
12874,1287,2001,368063.06,262719.22,630782.25,368063.06,262719.22,630782.25,368063.06,262719.22,630782.25,0,0,0,367579.38,260653.3,628232.69,367579.38,260653.3,628232.69,367579.38,260653.3,628232.69
12875,1287,2001,368063.06,262719.22,630782.25,368063.06,262719.22,630782.25,368063.06,262719.22,630782.25,0,0,0,367579.38,260653.3,628232.69,367579.38,260653.3,628232.69,367579.38,260653.3,628232.69
12901,1290,2022,78160.461,57785.438,135945.91,164548.34,135965.73,300514.06,56267.961,109247.72,165515.69,108280.38,26718.012,134998.39,58460.945,43003.945,101464.89,14795.289,74467.734,89263.023,123075.67,101185.75,224261.42
12902,1290,2022,93916.25,61908.699,155824.95,197718.42,145667.53,343385.94,83706.039,118799.34,202505.38,114012.38,26868.193,140880.58,69719.188,45924.684,115643.88,32764.852,81189.883,113954.73,146777.23,108058.08,254835.31
12903,1290,2022,88015.727,61908.699,149924.42,185296.27,145667.53,330963.81,68419.617,120478.59,188898.2,116876.65,25188.945,142065.59,65031.863,45924.684,110956.55,20032.539,82869.133,102901.67,136909.19,108058.08,244967.27
12904,1290,2022,86622.531,61797.988,148420.52,182363.22,145407.03,327770.25,72383.047,120246.81,192629.86,109980.17,25160.219,135140.39,64720.422,45894.145,110614.56,26273.344,82826,109099.34,136253.52,107986.22,244239.73
12905,1290,2022,80442.047,61797.988,142240.03,169351.67,145407.03,314758.69,56077.102,120246.81,176323.91,113274.57,25160.219,138434.78,59862.063,45894.145,105756.2,12750.82,82826,95576.82,126025.39,107986.22,234011.61
12921,1292,2010,260691.19,82140.773,342831.97,315989.31,126370.43,442359.75,315989.31,99713.828,415703.13,0,26656.596,26656.596,232918.8,66258.445,299177.25,282325.81,75279.484,357605.31,282325.81,101936.08,384261.88
12922,1292,2010,254032.27,80041.445,334073.72,307917.91,123140.68,431058.59,307917.91,91485.969,399403.88,0,31654.711,31654.711,226969.38,64565.039,291534.41,275114.38,67676.117,342790.5,275114.38,99330.828,374445.19
12923,1292,2010,228372.17,80684.688,309056.88,276814.75,124130.3,400945.06,276814.75,91014.328,367829.06,0,33115.969,33115.969,204368.16,65025.129,269393.28,247718.98,66922.688,314641.69,247718.98,100038.66,347757.66
12924,1292,2010,249583.8,85869.891,335453.69,302525.81,132107.52,434633.31,302525.81,102303.16,404828.97,0,29804.359,29804.359,223350.28,69115.805,292466.09,270727.63,76527.648,347255.28,270727.63,106332.01,377059.63
12925,1292,2010,245170.91,77248.328,322419.25,297176.84,118843.59,416020.44,297176.84,92186.984,389363.81,0,26656.596,26656.596,219052.05,62312.035,281364.09,265517.63,69208.07,334725.69,265517.63,95864.664,361382.28
13051,1305,2010,30608.975,0,30608.975,58302.805,0,58302.805,13378.54,0,13378.54,44924.266,0,44924.266,21860.701,0,21860.701,-3284.8323,0,-3284.8323,41639.434,0,41639.434
13052,1305,2010,29163.277,0,29163.277,55549.102,0,55549.102,9580.0947,0,9580.0947,45969.004,0,45969.004,20828.199,0,20828.199,-6296.2456,0,-6296.2456,39672.758,0,39672.758
13053,1305,2010,30639.785,0,30639.785,58361.496,0,58361.496,12392.49,0,12392.49,45969.004,0,45969.004,21882.703,0,21882.703,-4287.6636,0,-4287.6636,41681.34,0,41681.34
13054,1305,2010,30608.975,0,30608.975,58302.805,0,58302.805,13378.54,0,13378.54,44924.266,0,44924.266,21860.701,0,21860.701,-3284.8323,0,-3284.8323,41639.434,0,41639.434
13055,1305,2010,29572.33,0,29572.33,56328.25,0,56328.25,11403.983,0,11403.983,44924.266,0,44924.266,21120.346,0,21120.346,-4695.0347,0,-4695.0347,40229.23,0,40229.23
13281,1328,1989,103553.45,82844.75,186398.2,138071.28,106896.45,244967.72,62756.859,105914.82,168671.69,75314.422,981.63019,76296.055,103008.01,82159.531,185167.53,62029.598,105030.66,167060.27,137344.02,106012.3,243356.31
13282,1328,1989,103399.53,82725.438,186124.97,137866.05,106742.49,244608.53,64978.441,105760.87,170739.31,72887.602,981.63019,73869.234,102854.91,82041.141,184896.05,64252.273,104877.91,169130.19,137139.88,105859.53,242999.41
13283,1328,1989,103399.53,82725.438,186124.97,137866.05,106742.49,244608.53,64978.441,105760.87,170739.31,72887.602,981.63019,73869.234,102854.91,82041.141,184896.05,64252.273,104877.91,169130.19,137139.88,105859.53,242999.41
13284,1328,1989,103399.53,82725.438,186124.97,137866.05,106742.49,244608.53,64978.441,105760.87,170739.31,72887.602,981.63019,73869.234,102854.91,82041.141,184896.05,64252.273,104877.91,169130.19,137139.88,105859.53,242999.41
13285,1328,1989,103399.53,82725.438,186124.97,137866.05,106742.49,244608.53,64978.441,105760.87,170739.31,72887.602,981.63019,73869.234,102854.91,82041.141,184896.05,64252.273,104877.91,169130.19,137139.88,105859.53,242999.41
15641,1564,1989,14967.687,0,14967.687,27213.975,0,27213.975,-18513.346,0,-18513.346,45727.32,0,45727.32,14563.118,0,14563.118,-19248.924,0,-19248.924,26478.396,0,26478.396
15642,1564,1989,16909.482,0,16909.482,30744.516,0,30744.516,-14982.806,0,-14982.806,45727.32,0,45727.32,16452.428,0,16452.428,-15813.817,0,-15813.817,29913.504,0,29913.504
15643,1564,1989,16851.035,0,16851.035,30638.246,0,30638.246,-15089.075,0,-15089.075,45727.32,0,45727.32,16395.555,0,16395.555,-15917.221,0,-15917.221,29810.1,0,29810.1
15644,1564,1989,16180.32,0,16180.32,29418.766,0,29418.766,-16308.556,0,-16308.556,45727.32,0,45727.32,15742.969,0,15742.969,-17103.742,0,-17103.742,28623.58,0,28623.58
15645,1564,1989,16752.951,0,16752.951,30459.908,0,30459.908,-15267.412,0,-15267.412,45727.32,0,45727.32,16300.124,0,16300.124,-16090.731,0,-16090.731,29636.59,0,29636.59
15651,1565,1992,27335.453,0,27335.453,49700.824,0,49700.824,-46134.145,0,-46134.145,95834.969,0,95834.969,26665.959,0,26665.959,-47351.406,0,-47351.406,48483.559,0,48483.559
15652,1565,1992,22601.229,0,22601.229,41093.145,0,41093.145,-58512.094,0,-58512.094,99605.234,0,99605.234,21792.818,0,21792.818,-59981.93,0,-59981.93,39623.309,0,39623.309
15653,1565,1992,22601.229,0,22601.229,41093.145,0,41093.145,-58512.094,0,-58512.094,99605.234,0,99605.234,21792.818,0,21792.818,-59981.93,0,-59981.93,39623.309,0,39623.309
15654,1565,1992,27335.453,0,27335.453,49700.824,0,49700.824,-46134.145,0,-46134.145,95834.969,0,95834.969,26665.959,0,26665.959,-47351.406,0,-47351.406,48483.559,0,48483.559
15655,1565,1992,25359.307,0,25359.307,46107.832,0,46107.832,-51875.824,0,-51875.824,97983.656,0,97983.656,24613.346,0,24613.346,-53232.117,0,-53232.117,44751.535,0,44751.535
15741,1574,2013,229133.19,169575.53,398708.72,261866.5,205546.09,467412.59,212934.14,177204.89,390139.03,48932.363,28341.209,77273.57,202991.89,144939.02,347930.91,183058.38,147342.45,330400.81,231990.73,175683.66,407674.38
15742,1574,2013,145083.11,150812.73,295895.84,165809.27,182803.33,348612.59,142841.03,154462.11,297303.13,22968.24,28341.209,51309.449,128291.44,129857.91,258149.34,123650.55,129062.32,252712.88,146618.78,157403.53,304022.31
15743,1574,2013,336327.41,204678.8,541006.19,384374.19,248095.52,632469.69,284512.25,219754.31,504266.56,99861.922,28341.209,128203.13,297956.56,173154.3,471110.88,240659.89,181542.8,422202.69,340521.81,209884,550405.81
15744,1574,2013,336327.41,204678.8,541006.19,384374.19,248095.52,632469.69,284512.25,219754.31,504266.56,99861.922,28341.209,128203.13,297956.56,173154.3,471110.88,240659.89,181542.8,422202.69,340521.81,209884,550405.81
15745,1574,2013,281251.25,186743.14,467994.38,321430,226355.33,547785.31,256519.73,198014.13,454533.88,64910.277,28341.209,93251.484,249163.97,158738.03,407902,219848.55,164068.52,383917.06,284758.81,192409.72,477168.53
15751,1575,1995,349938.63,371521.53,721460.13,349938.63,371521.53,721460.13,349938.63,371521.53,721460.13,0,0,0,349575.84,371130.31,720706.13,349575.84,371130.31,720706.13,349575.84,371130.31,720706.13
15751,1575,1998,4294.9512,0,4294.9512,34359.609,0,34359.609,-44408.211,0,-44408.211,78767.82,0,78767.82,3288.4197,0,3288.4197,-52460.461,0,-52460.461,26307.357,0,26307.357
15752,1575,1995,349938.63,371521.53,721460.13,349938.63,371521.53,721460.13,349938.63,371521.53,721460.13,0,0,0,349575.84,371130.31,720706.13,349575.84,371130.31,720706.13,349575.84,371130.31,720706.13
15752,1575,1998,4469.3701,0,4469.3701,35754.961,0,35754.961,-46948.887,0,-46948.887,82703.844,0,82703.844,3421.9629,0,3421.9629,-55328.137,0,-55328.137,27375.703,0,27375.703
15753,1575,1995,349938.63,371521.53,721460.13,349938.63,371521.53,721460.13,349938.63,371521.53,721460.13,0,0,0,349575.84,371130.31,720706.13,349575.84,371130.31,720706.13,349575.84,371130.31,720706.13
15753,1575,1998,4294.9512,0,4294.9512,34359.609,0,34359.609,-44408.211,0,-44408.211,78767.82,0,78767.82,3288.4197,0,3288.4197,-52460.461,0,-52460.461,26307.357,0,26307.357
15754,1575,1995,349938.63,371521.53,721460.13,349938.63,371521.53,721460.13,349938.63,371521.53,721460.13,0,0,0,349575.84,371130.31,720706.13,349575.84,371130.31,720706.13,349575.84,371130.31,720706.13
15754,1575,1998,4112.8647,0,4112.8647,32902.918,0,32902.918,-40941.883,0,-40941.883,73844.797,0,73844.797,3149.0054,0,3149.0054,-48652.758,0,-48652.758,25192.043,0,25192.043
15755,1575,1995,349938.63,371521.53,721460.13,349938.63,371521.53,721460.13,349938.63,371521.53,721460.13,0,0,0,349575.84,371130.31,720706.13,349575.84,371130.31,720706.13,349575.84,371130.31,720706.13
15755,1575,1998,4294.9512,0,4294.9512,34359.609,0,34359.609,-44408.211,0,-44408.211,78767.82,0,78767.82,3288.4197,0,3288.4197,-52460.461,0,-52460.461,26307.357,0,26307.357
15781,1578,2016,52699.5,0,52699.5,131748.75,0,131748.75,38786.891,0,38786.891,92961.859,0,92961.859,39756.563,0,39756.563,6429.5527,0,6429.5527,99391.414,0,99391.414
15782,1578,2016,55831.176,0,55831.176,139577.94,0,139577.94,38456.492,0,38456.492,101121.45,0,101121.45,42119.113,0,42119.113,4176.3359,0,4176.3359,105297.79,0,105297.79
15783,1578,2016,41207.797,0,41207.797,103019.48,0,103019.48,-11067.139,0,-11067.139,114086.63,0,114086.63,30681.473,0,30681.473,-37382.941,0,-37382.941,76703.688,0,76703.688
15784,1578,2016,47517.633,0,47517.633,118794.08,0,118794.08,42712.188,0,42712.188,76081.891,0,76081.891,35847.371,0,35847.371,13536.531,0,13536.531,89618.422,0,89618.422
15785,1578,2016,52353.758,0,52353.758,130884.39,0,130884.39,24491.379,0,24491.379,106393.01,0,106393.01,39377.879,0,39377.879,-7948.3057,0,-7948.3057,98444.703,0,98444.703
15801,1580,2019,22601.568,0,22601.568,69543.289,0,69543.289,-10883.601,0,-10883.601,80426.891,0,80426.891,16677.99,0,16677.99,-29110.002,0,-29110.002,51316.891,0,51316.891
15802,1580,2019,21348.527,0,21348.527,65687.773,0,65687.773,-14739.117,0,-14739.117,80426.891,0,80426.891,15753.346,0,15753.346,-31955.057,0,-31955.057,48471.832,0,48471.832
15803,1580,2019,22186.428,0,22186.428,68265.93,0,68265.93,-12160.958,0,-12160.958,80426.891,0,80426.891,16371.646,0,16371.646,-30052.596,0,-30052.596,50374.293,0,50374.293
15804,1580,2019,21817.082,0,21817.082,67129.484,0,67129.484,-13844.532,0,-13844.532,80974.016,0,80974.016,16099.101,0,16099.101,-31438.322,0,-31438.322,49535.691,0,49535.691
15805,1580,2019,22261.729,0,22261.729,68497.625,0,68497.625,-12476.392,0,-12476.392,80974.016,0,80974.016,16427.213,0,16427.213,-30428.742,0,-30428.742,50545.273,0,50545.273
15811,1581,2004,252986.95,291604.53,544591.5,252986.95,291604.53,544591.5,252986.95,291604.53,544591.5,0,0,0,251833.58,289627.44,541461,251833.58,289627.44,541461,251833.58,289627.44,541461
15811,1581,2007,126281.05,183340.59,309621.63,180401.5,261915.14,442316.63,6280.3667,132590.33,138870.69,174121.13,129324.83,303445.94,104744.26,162771.81,267516.06,-24486.469,103206.34,78719.867,149634.66,232531.16,382165.81
15812,1581,2004,252986.95,291604.53,544591.5,252986.95,291604.53,544591.5,252986.95,291604.53,544591.5,0,0,0,251833.58,289627.44,541461,251833.58,289627.44,541461,251833.58,289627.44,541461
15812,1581,2007,126281.05,183340.59,309621.63,180401.5,261915.14,442316.63,6280.3667,132590.33,138870.69,174121.13,129324.83,303445.94,104744.26,162771.81,267516.06,-24486.469,103206.34,78719.867,149634.66,232531.16,382165.81
15813,1581,2004,252986.95,291604.53,544591.5,252986.95,291604.53,544591.5,252986.95,291604.53,544591.5,0,0,0,251833.58,289627.44,541461,251833.58,289627.44,541461,251833.58,289627.44,541461
15813,1581,2007,126281.05,183340.59,309621.63,180401.5,261915.14,442316.63,6280.3667,132590.33,138870.69,174121.13,129324.83,303445.94,104744.26,162771.81,267516.06,-24486.469,103206.34,78719.867,149634.66,232531.16,382165.81
15814,1581,2004,252984.47,270423.41,523407.88,252984.47,270423.41,523407.88,252984.47,270423.41,523407.88,0,0,0,251831.64,268537.78,520369.44,251831.64,268537.78,520369.44,251831.64,268537.78,520369.44
15814,1581,2007,126281.05,183340.59,309621.63,180401.5,261915.14,442316.63,6280.3667,132590.33,138870.69,174121.13,129324.83,303445.94,104744.26,162771.81,267516.06,-24486.469,103206.34,78719.867,149634.66,232531.16,382165.81
15815,1581,2004,252986.95,291604.53,544591.5,252986.95,291604.53,544591.5,252986.95,291604.53,544591.5,0,0,0,251833.58,289627.44,541461,251833.58,289627.44,541461,251833.58,289627.44,541461
15815,1581,2007,126281.05,183340.59,309621.63,180401.5,261915.14,442316.63,6280.3667,132590.33,138870.69,174121.13,129324.83,303445.94,104744.26,162771.81,267516.06,-24486.469,103206.34,78719.867,149634.66,232531.16,382165.81
15871,1587,2001,63216.777,23775.963,86992.742,126433.55,63402.57,189836.13,-69467.148,39308.535,-30158.613,195900.7,24094.029,219994.73,52722.914,19358.25,72081.164,-90454.875,27527.969,-62926.906,105445.83,51622,157067.83
15872,1587,2001,54531.613,20568.775,75100.391,109063.23,54850.066,163913.3,-37218.746,35574.84,-1643.9063,146281.98,19275.225,165557.2,45479.465,16744.871,62224.336,-55323.047,25377.768,-29945.279,90958.93,44652.992,135611.92
15873,1587,2001,63216.777,23775.963,86992.742,126433.55,63402.57,189836.13,-69467.148,42440.758,-27026.391,195900.7,20961.807,216862.52,52722.914,19358.25,72081.164,-90454.875,30660.191,-59794.684,105445.83,51622,157067.83
15874,1587,2001,58874.188,22198.762,81072.953,117748.38,59196.699,176945.08,-54912.191,35102.668,-19809.523,172660.56,24094.029,196754.59,49101.188,18072.111,67173.297,-74458.188,24098.27,-50359.918,98202.375,48192.301,146394.67
15875,1587,2001,63216.777,23775.963,86992.742,126433.55,63402.57,189836.13,-69467.148,40754.176,-28712.973,195900.7,22648.393,218549.09,52722.914,19358.25,72081.164,-90454.875,28973.607,-61481.266,105445.83,51622,157067.83
15881,1588,2022,144236.77,0,144236.77,144236.77,0,144236.77,144236.77,0,144236.77,0,0,0,135563.63,0,135563.63,135563.63,0,135563.63,135563.63,0,135563.63
15882,1588,2022,144236.77,0,144236.77,144236.77,0,144236.77,144236.77,0,144236.77,0,0,0,135563.63,0,135563.63,135563.63,0,135563.63,135563.63,0,135563.63
15883,1588,2022,144236.77,0,144236.77,144236.77,0,144236.77,144236.77,0,144236.77,0,0,0,135563.63,0,135563.63,135563.63,0,135563.63,135563.63,0,135563.63
15884,1588,2022,156256.45,0,156256.45,156256.45,0,156256.45,156256.45,0,156256.45,0,0,0,146860.63,0,146860.63,146860.63,0,146860.63,146860.63,0,146860.63
15885,1588,2022,144236.77,0,144236.77,144236.77,0,144236.77,144236.77,0,144236.77,0,0,0,135563.63,0,135563.63,135563.63,0,135563.63,135563.63,0,135563.63
16071,1607,2010,177481.48,90174.172,267655.66,202835.97,124378.17,327214.13,139579.86,97475.852,237055.72,63256.102,26902.318,90158.422,161435.33,75712.516,237147.84,121241.41,77528.742,198770.16,184497.52,104431.05,288928.56
16072,1607,2010,165763.38,90174.172,255937.55,189443.84,124378.17,313822,125296.05,97475.852,222771.91,64147.797,26902.318,91050.117,149409.88,75712.516,225122.39,106606.35,77528.742,184135.09,170754.14,104431.05,275185.19
16073,1607,2010,165763.38,90174.172,255937.55,189443.84,124378.17,313822,125296.05,97475.852,222771.91,64147.797,26902.318,91050.117,149409.88,75712.516,225122.39,106606.35,77528.742,184135.09,170754.14,104431.05,275185.19
16074,1607,2010,206946.67,90174.172,297120.84,236510.48,124378.17,360888.66,179560.61,97475.852,277036.47,56949.863,26902.318,83852.18,192348,75712.516,268060.5,162876.41,77528.742,240405.16,219826.28,104431.05,324257.34
16075,1607,2010,188558.19,90174.172,278732.38,215495.08,124378.17,339873.25,153204.05,97475.852,250679.91,62291.023,26902.318,89193.344,172897.44,75712.516,248609.95,135306.03,77528.742,212834.78,197597.06,104431.05,302028.13
18871,1887,1989,123177.76,88151.422,211329.19,149306.38,130594.7,279901.06,43445.594,27601.318,71046.914,105860.79,102993.38,208854.17,122572.53,86934.5,209507.03,42711.988,25798.467,68510.453,148572.78,128791.85,277364.63
18872,1887,1989,123177.76,88151.422,211329.19,149306.38,130594.7,279901.06,43445.594,27601.318,71046.914,105860.79,102993.38,208854.17,122572.53,86934.5,209507.03,42711.988,25798.467,68510.453,148572.78,128791.85,277364.63
18873,1887,1989,123177.76,88151.422,211329.19,149306.38,130594.7,279901.06,43445.594,27601.318,71046.914,105860.79,102993.38,208854.17,122572.53,86934.5,209507.03,42711.988,25798.467,68510.453,148572.78,128791.85,277364.63
18874,1887,1989,123177.76,88151.422,211329.19,149306.38,130594.7,279901.06,43445.594,27601.318,71046.914,105860.79,102993.38,208854.17,122572.53,86934.5,209507.03,42711.988,25798.467,68510.453,148572.78,128791.85,277364.63
18875,1887,1989,123177.76,88151.422,211329.19,149306.38,130594.7,279901.06,43445.594,27601.318,71046.914,105860.79,102993.38,208854.17,122572.53,86934.5,209507.03,42711.988,25798.467,68510.453,148572.78,128791.85,277364.63
18881,1888,1992,100282.91,177478.31,277761.22,100282.91,177478.31,277761.22,100282.91,177478.31,277761.22,0,0,0,100282.91,177477.98,277760.91,100282.91,177477.98,277760.91,100282.91,177477.98,277760.91
18882,1888,1992,100282.91,177478.31,277761.22,100282.91,177478.31,277761.22,100282.91,177478.31,277761.22,0,0,0,100282.91,177477.98,277760.91,100282.91,177477.98,277760.91,100282.91,177477.98,277760.91
18883,1888,1992,100282.91,177478.31,277761.22,100282.91,177478.31,277761.22,100282.91,177478.31,277761.22,0,0,0,100282.91,177477.98,277760.91,100282.91,177477.98,277760.91,100282.91,177477.98,277760.91
18884,1888,1992,100282.91,177478.31,277761.22,100282.91,177478.31,277761.22,100282.91,177478.31,277761.22,0,0,0,100282.91,177477.98,277760.91,100282.91,177477.98,277760.91,100282.91,177477.98,277760.91
18885,1888,1992,100282.91,177478.31,277761.22,100282.91,177478.31,277761.22,100282.91,177478.31,277761.22,0,0,0,100282.91,177477.98,277760.91,100282.91,177477.98,277760.91,100282.91,177477.98,277760.91
18991,1899,1995,0,0,0,0,0,0,0,0,0,0,0,0,0,0,0,0,0,0,0,0,0
18991,1899,1998,22112.42,0,22112.42,34019.105,0,34019.105,25262.926,0,25262.926,8756.1797,0,8756.1797,21356.197,0,21356.197,24099.508,0,24099.508,32855.688,0,32855.688
18992,1899,1995,0,0,0,0,0,0,0,0,0,0,0,0,0,0,0,0,0,0,0,0,0
18992,1899,1998,25054.859,0,25054.859,38545.938,0,38545.938,26761.859,0,26761.859,11784.075,0,11784.075,23905.92,0,23905.92,24994.262,0,24994.262,36778.34,0,36778.34
18993,1899,1995,0,0,0,0,0,0,0,0,0,0,0,0,0,0,0,0,0,0,0,0,0
18993,1899,1998,23543.305,0,23543.305,36220.469,0,36220.469,23446.732,0,23446.732,12773.736,0,12773.736,22043.348,0,22043.348,21139.107,0,21139.107,33912.844,0,33912.844
18994,1899,1995,0,0,0,0,0,0,0,0,0,0,0,0,0,0,0,0,0,0,0,0,0
18994,1899,1998,23543.305,0,23543.305,36220.469,0,36220.469,23446.732,0,23446.732,12773.736,0,12773.736,22043.348,0,22043.348,21139.107,0,21139.107,33912.844,0,33912.844
18995,1899,1995,0,0,0,0,0,0,0,0,0,0,0,0,0,0,0,0,0,0,0,0,0
18995,1899,1998,25054.859,0,25054.859,38545.938,0,38545.938,26761.859,0,26761.859,11784.075,0,11784.075,23905.92,0,23905.92,24994.262,0,24994.262,36778.34,0,36778.34
19001,1900,2013,0,0,0,27379.148,0,27379.148,-41822.625,0,-41822.625,69201.773,0,69201.773,0,0,0,-49364.445,0,-49364.445,19837.33,0,19837.33
19002,1900,2013,0,0,0,27379.148,0,27379.148,-41822.625,0,-41822.625,69201.773,0,69201.773,0,0,0,-49364.445,0,-49364.445,19837.33,0,19837.33
19003,1900,2013,0,0,0,32635.66,0,32635.66,-58937.613,0,-58937.613,91573.273,0,91573.273,0,0,0,-67927.375,0,-67927.375,23645.9,0,23645.9
19004,1900,2013,0,0,0,32635.66,0,32635.66,-58937.613,0,-58937.613,91573.273,0,91573.273,0,0,0,-67927.375,0,-67927.375,23645.9,0,23645.9
19005,1900,2013,0,0,0,27379.148,0,27379.148,-41822.625,0,-41822.625,69201.773,0,69201.773,0,0,0,-49364.445,0,-49364.445,19837.33,0,19837.33
19021,1902,2016,290192.16,0,290192.16,290192.16,0,290192.16,275697.41,0,275697.41,14494.749,0,14494.749,261541.2,0,261541.2,247046.45,0,247046.45,261541.2,0,261541.2
19022,1902,2016,290192.16,0,290192.16,290192.16,0,290192.16,275697.41,0,275697.41,14494.749,0,14494.749,261541.2,0,261541.2,247046.45,0,247046.45,261541.2,0,261541.2
19023,1902,2016,291885.94,0,291885.94,291885.94,0,291885.94,277391.19,0,277391.19,14494.749,0,14494.749,263067.72,0,263067.72,248572.97,0,248572.97,263067.72,0,263067.72
19024,1902,2016,291885.94,0,291885.94,291885.94,0,291885.94,277391.19,0,277391.19,14494.749,0,14494.749,263067.72,0,263067.72,248572.97,0,248572.97,263067.72,0,263067.72
19025,1902,2016,291885.94,0,291885.94,291885.94,0,291885.94,277391.19,0,277391.19,14494.749,0,14494.749,263067.72,0,263067.72,248572.97,0,248572.97,263067.72,0,263067.72
19071,1907,2004,191786.34,150780.06,342566.41,191786.34,150780.06,342566.41,191786.34,150780.06,342566.41,0,0,0,191781.5,150762.38,342543.88,191781.5,150762.38,342543.88,191781.5,150762.38,342543.88
19071,1907,2019,139811.25,0,139811.25,215094.23,0,215094.23,136723.48,0,136723.48,78370.766,0,78370.766,106504.81,0,106504.81,85482.797,0,85482.797,163853.56,0,163853.56
19072,1907,2004,191786.34,150780.06,342566.41,191786.34,150780.06,342566.41,191786.34,150780.06,342566.41,0,0,0,191781.5,150762.38,342543.88,191781.5,150762.38,342543.88,191781.5,150762.38,342543.88
19072,1907,2019,139811.25,0,139811.25,215094.23,0,215094.23,136723.48,0,136723.48,78370.766,0,78370.766,106504.81,0,106504.81,85482.797,0,85482.797,163853.56,0,163853.56
19073,1907,2004,191786.34,150780.06,342566.41,191786.34,150780.06,342566.41,191786.34,150780.06,342566.41,0,0,0,191781.5,150762.38,342543.88,191781.5,150762.38,342543.88,191781.5,150762.38,342543.88
19073,1907,2019,139811.25,0,139811.25,215094.23,0,215094.23,136723.48,0,136723.48,78370.766,0,78370.766,106504.81,0,106504.81,85482.797,0,85482.797,163853.56,0,163853.56
19074,1907,2004,191786.34,150780.06,342566.41,191786.34,150780.06,342566.41,191786.34,150780.06,342566.41,0,0,0,191781.5,150762.38,342543.88,191781.5,150762.38,342543.88,191781.5,150762.38,342543.88
19074,1907,2019,139811.25,0,139811.25,215094.23,0,215094.23,136723.48,0,136723.48,78370.766,0,78370.766,106504.81,0,106504.81,85482.797,0,85482.797,163853.56,0,163853.56
19075,1907,2004,191786.34,150780.06,342566.41,191786.34,150780.06,342566.41,191786.34,150780.06,342566.41,0,0,0,191781.5,150762.38,342543.88,191781.5,150762.38,342543.88,191781.5,150762.38,342543.88
19075,1907,2019,139811.25,0,139811.25,215094.23,0,215094.23,136723.48,0,136723.48,78370.766,0,78370.766,106504.81,0,106504.81,85482.797,0,85482.797,163853.56,0,163853.56
19091,1909,2007,86364.133,0,86364.133,138182.61,0,138182.61,-10592.72,0,-10592.72,148775.33,0,148775.33,73824.945,0,73824.945,-30655.424,0,-30655.424,118119.91,0,118119.91
19092,1909,2007,86364.133,0,86364.133,138182.61,0,138182.61,-10592.72,0,-10592.72,148775.33,0,148775.33,73824.945,0,73824.945,-30655.424,0,-30655.424,118119.91,0,118119.91
19093,1909,2007,86364.133,0,86364.133,138182.61,0,138182.61,-10592.72,0,-10592.72,148775.33,0,148775.33,73824.945,0,73824.945,-30655.424,0,-30655.424,118119.91,0,118119.91
19094,1909,2007,86364.133,0,86364.133,138182.61,0,138182.61,-10592.72,0,-10592.72,148775.33,0,148775.33,73824.945,0,73824.945,-30655.424,0,-30655.424,118119.91,0,118119.91
19095,1909,2007,86364.133,0,86364.133,138182.61,0,138182.61,-10592.72,0,-10592.72,148775.33,0,148775.33,73824.945,0,73824.945,-30655.424,0,-30655.424,118119.91,0,118119.91
19121,1912,2001,42775.258,45153.148,87928.406,81476.68,100340.33,181817,-17279.98,2563.886,-14716.095,98756.656,97776.438,196533.09,34788.918,37451.094,72240.016,-32492.057,-14551.791,-47043.848,66264.602,83224.648,149489.25
19122,1912,2001,41551.262,39985.727,81536.984,79145.258,88857.172,168002.44,-19611.398,15524.81,-4086.5889,98756.656,73332.359,172089.02,33832.672,33165.113,66997.781,-34313.473,367.88284,-33945.59,64443.188,73700.242,138143.44
19123,1912,2001,41551.262,39985.727,81536.984,79145.258,88857.172,168002.44,-19611.398,15524.81,-4086.5889,98756.656,73332.359,172089.02,33832.672,33165.113,66997.781,-34313.473,367.88284,-33945.59,64443.188,73700.242,138143.44
19124,1912,2001,42775.258,45153.148,87928.406,81476.68,100340.33,181817,-17279.98,2563.886,-14716.095,98756.656,97776.438,196533.09,34788.918,37451.094,72240.016,-32492.057,-14551.791,-47043.848,66264.602,83224.648,149489.25
19125,1912,2001,41551.262,39985.727,81536.984,79145.258,88857.172,168002.44,-19611.398,15524.81,-4086.5889,98756.656,73332.359,172089.02,33832.672,33165.113,66997.781,-34313.473,367.88284,-33945.59,64443.188,73700.242,138143.44
19131,1913,2022,269615.34,240298.67,509914,269615.34,240298.67,509914,269615.34,240298.67,509914,0,0,0,264941.47,221629.52,486571,264941.47,221629.52,486571,264941.47,221629.52,486571
19132,1913,2022,269615.34,240298.67,509914,269615.34,240298.67,509914,269615.34,240298.67,509914,0,0,0,264941.47,221629.52,486571,264941.47,221629.52,486571,264941.47,221629.52,486571
19133,1913,2022,269615.34,240298.67,509914,269615.34,240298.67,509914,269615.34,240298.67,509914,0,0,0,264941.47,221629.52,486571,264941.47,221629.52,486571,264941.47,221629.52,486571
19134,1913,2022,269615.34,240298.67,509914,269615.34,240298.67,509914,269615.34,240298.67,509914,0,0,0,264941.47,221629.52,486571,264941.47,221629.52,486571,264941.47,221629.52,486571
19135,1913,2022,269615.34,240298.67,509914,269615.34,240298.67,509914,269615.34,240298.67,509914,0,0,0,264941.47,221629.52,486571,264941.47,221629.52,486571,264941.47,221629.52,486571
19301,1930,2010,0,0,0,18847.4,0,18847.4,-53348.102,0,-53348.102,72195.5,0,72195.5,0,0,0,-58465.039,0,-58465.039,13730.466,0,13730.466
19302,1930,2010,0,0,0,18847.4,0,18847.4,-53348.102,0,-53348.102,72195.5,0,72195.5,0,0,0,-58465.039,0,-58465.039,13730.466,0,13730.466
19303,1930,2010,0,0,0,18574.795,0,18574.795,-65230.777,0,-65230.777,83805.57,0,83805.57,0,0,0,-70322.875,0,-70322.875,13482.692,0,13482.692
19304,1930,2010,0,0,0,18847.4,0,18847.4,-53348.102,0,-53348.102,72195.5,0,72195.5,0,0,0,-58465.039,0,-58465.039,13730.466,0,13730.466
19305,1930,2010,0,0,0,16327.865,0,16327.865,-56418.469,0,-56418.469,72746.336,0,72746.336,0,0,0,-60894.59,0,-60894.59,11851.743,0,11851.743
19951,1995,1989,160280.58,157945.44,318226,188565.39,191449.02,380014.41,131447.44,141809.14,273256.56,57117.953,49639.867,106757.82,160037.53,157450.03,317487.56,131161.5,141208.66,272370.16,188279.45,190848.52,379127.97
19952,1995,1989,160280.58,157945.44,318226,188565.39,191449.02,380014.41,131447.44,141809.14,273256.56,57117.953,49639.867,106757.82,160037.53,157450.03,317487.56,131161.5,141208.66,272370.16,188279.45,190848.52,379127.97
19953,1995,1989,160280.58,157945.44,318226,188565.39,191449.02,380014.41,131447.44,141809.14,273256.56,57117.953,49639.867,106757.82,160037.53,157450.03,317487.56,131161.5,141208.66,272370.16,188279.45,190848.52,379127.97
19954,1995,1989,160280.58,157945.44,318226,188565.39,191449.02,380014.41,131447.44,141809.14,273256.56,57117.953,49639.867,106757.82,160037.53,157450.03,317487.56,131161.5,141208.66,272370.16,188279.45,190848.52,379127.97
19955,1995,1989,160280.58,157945.44,318226,188565.39,191449.02,380014.41,131447.44,141809.14,273256.56,57117.953,49639.867,106757.82,160037.53,157450.03,317487.56,131161.5,141208.66,272370.16,188279.45,190848.52,379127.97
20761,2076,1989,10797.468,0,10797.468,13087.84,0,13087.84,13087.84,0,13087.84,0,0,0,10796.639,0,10796.639,13086.834,0,13086.834,13086.834,0,13086.834
20762,2076,1989,10797.468,0,10797.468,13087.84,0,13087.84,13087.84,0,13087.84,0,0,0,10796.639,0,10796.639,13086.834,0,13086.834,13086.834,0,13086.834
20763,2076,1989,10797.468,0,10797.468,13087.84,0,13087.84,13087.84,0,13087.84,0,0,0,10796.639,0,10796.639,13086.834,0,13086.834,13086.834,0,13086.834
20764,2076,1989,10797.468,0,10797.468,13087.84,0,13087.84,13087.84,0,13087.84,0,0,0,10796.639,0,10796.639,13086.834,0,13086.834,13086.834,0,13086.834
20765,2076,1989,10797.468,0,10797.468,13087.84,0,13087.84,13087.84,0,13087.84,0,0,0,10796.639,0,10796.639,13086.834,0,13086.834,13086.834,0,13086.834
20771,2077,1992,326190.88,168075.44,494266.31,326190.88,168075.44,494266.31,326190.88,168075.44,494266.31,0,0,0,326190.88,168041.73,494232.63,326190.88,168041.73,494232.63,326190.88,168041.73,494232.63
20772,2077,1992,326190.88,168075.44,494266.31,326190.88,168075.44,494266.31,326190.88,168075.44,494266.31,0,0,0,326190.88,168041.73,494232.63,326190.88,168041.73,494232.63,326190.88,168041.73,494232.63
20773,2077,1992,326190.88,168075.44,494266.31,326190.88,168075.44,494266.31,326190.88,168075.44,494266.31,0,0,0,326190.88,168041.73,494232.63,326190.88,168041.73,494232.63,326190.88,168041.73,494232.63
20774,2077,1992,326190.88,168075.44,494266.31,326190.88,168075.44,494266.31,326190.88,168075.44,494266.31,0,0,0,326190.88,168041.73,494232.63,326190.88,168041.73,494232.63,326190.88,168041.73,494232.63
20775,2077,1992,326190.88,168075.44,494266.31,326190.88,168075.44,494266.31,326190.88,168075.44,494266.31,0,0,0,326190.88,168041.73,494232.63,326190.88,168041.73,494232.63,326190.88,168041.73,494232.63
20881,2088,1995,115088.8,87255.25,202344.05,153451.73,124650.36,278102.09,30528.639,76461.648,106990.29,122923.09,48188.715,171111.81,113479.25,85243.703,198722.95,28382.57,73588.008,101970.58,151305.66,121776.72,273082.38
20882,2088,1995,115088.8,87255.25,202344.05,153451.73,124650.36,278102.09,30528.639,76461.648,106990.29,122923.09,48188.715,171111.81,113479.25,85243.703,198722.95,28382.57,73588.008,101970.58,151305.66,121776.72,273082.38
20883,2088,1995,115088.8,87255.25,202344.05,153451.73,124650.36,278102.09,30528.639,76461.648,106990.29,122923.09,48188.715,171111.81,113479.25,85243.703,198722.95,28382.57,73588.008,101970.58,151305.66,121776.72,273082.38
20884,2088,1995,115088.8,87255.25,202344.05,153451.73,124650.36,278102.09,30528.639,76461.648,106990.29,122923.09,48188.715,171111.81,113479.25,85243.703,198722.95,28382.57,73588.008,101970.58,151305.66,121776.72,273082.38
20885,2088,1995,115088.8,87255.25,202344.05,153451.73,124650.36,278102.09,30528.639,76461.648,106990.29,122923.09,48188.715,171111.81,113479.25,85243.703,198722.95,28382.57,73588.008,101970.58,151305.66,121776.72,273082.38
20891,2089,1998,3437.6589,848.62885,4286.2876,27501.271,33945.152,61446.422,-5287.5801,-21764.553,-27052.133,32788.852,55709.707,88498.563,2618.481,640.83667,3259.3176,-11841.004,-30076.242,-41917.246,20947.848,25633.467,46581.313
20891,2089,2013,126198.12,87889.867,214087.98,229451.11,167409.28,396860.38,22919.311,94652.344,117571.66,206531.8,72756.93,279288.72,96013.023,66627.461,162640.48,-31962.66,54152.508,22189.848,174569.14,126909.44,301478.56
20892,2089,1998,3437.6589,848.62885,4286.2876,27501.271,33945.152,61446.422,-5287.5801,-21764.553,-27052.133,32788.852,55709.707,88498.563,2618.481,640.83667,3259.3176,-11841.004,-30076.242,-41917.246,20947.848,25633.467,46581.313
20892,2089,2013,126198.12,87889.867,214087.98,229451.11,167409.28,396860.38,22919.311,94652.344,117571.66,206531.8,72756.93,279288.72,96013.023,66627.461,162640.48,-31962.66,54152.508,22189.848,174569.14,126909.44,301478.56
20893,2089,1998,3437.6589,848.62885,4286.2876,27501.271,33945.152,61446.422,-5287.5801,-21764.553,-27052.133,32788.852,55709.707,88498.563,2618.481,640.83667,3259.3176,-11841.004,-30076.242,-41917.246,20947.848,25633.467,46581.313
20893,2089,2013,126198.12,87889.867,214087.98,229451.11,167409.28,396860.38,22919.311,94652.344,117571.66,206531.8,72756.93,279288.72,96013.023,66627.461,162640.48,-31962.66,54152.508,22189.848,174569.14,126909.44,301478.56
20894,2089,1998,3277.4814,716.08722,3993.5686,26219.852,28643.488,54863.34,-6568.999,-13047.812,-19616.811,32788.852,41691.301,74480.156,2497.5229,540.7489,3038.272,-12808.668,-20061.346,-32870.016,19980.184,21629.955,41610.141
20894,2089,2013,126198.12,87889.867,214087.98,229451.11,167409.28,396860.38,22919.311,94652.344,117571.66,206531.8,72756.93,279288.72,96013.023,66627.461,162640.48,-31962.66,54152.508,22189.848,174569.14,126909.44,301478.56
20895,2089,1998,3277.4814,716.08722,3993.5686,26219.852,28643.488,54863.34,-6568.999,-13047.812,-19616.811,32788.852,41691.301,74480.156,2497.5229,540.7489,3038.272,-12808.668,-20061.346,-32870.016,19980.184,21629.955,41610.141
20895,2089,2013,126198.12,87889.867,214087.98,229451.11,167409.28,396860.38,22919.311,94652.344,117571.66,206531.8,72756.93,279288.72,96013.023,66627.461,162640.48,-31962.66,54152.508,22189.848,174569.14,126909.44,301478.56
20961,2096,2004,230041.97,148288.83,378330.81,255602.19,174457.45,430059.63,183330.64,174457.45,357788.09,72271.539,0,72271.539,220128.77,137874.77,358003.53,172315.97,162205.59,334521.56,244587.52,162205.59,406793.13
20962,2096,2004,238724.28,140294.59,379018.88,265249.19,165052.47,430301.66,201835.88,165052.47,366888.34,63413.324,0,63413.324,230523.47,130441.91,360965.38,192723.89,153461.08,346184.97,256137.2,153461.08,409598.28
20963,2096,2004,252922.14,148638.38,401560.5,281024.59,174868.67,455893.25,211269.95,174868.67,386138.63,69754.656,0,69754.656,244233.59,138199.77,382433.38,201616,162587.97,364203.97,271370.66,162587.97,433958.63
20964,2096,2004,241618.11,136326.67,377944.78,268464.56,160384.33,428848.88,211502.58,160384.33,371886.91,56961.992,0,56961.992,233608.22,127685.34,361293.56,202602.69,150218.05,352820.75,259564.69,150218.05,409782.75
20965,2096,2004,260913.19,153334.66,414247.84,289903.53,180393.72,470297.25,237059.11,180393.72,417452.81,52844.441,0,52844.441,251950.14,142566.25,394516.38,227100.17,167725,394825.19,279944.59,167725,447669.59
20971,2097,2019,510031.75,463431.94,973463.69,510031.75,463431.94,973463.69,510031.75,442434.72,952466.5,0,20997.207,20997.207,450794.13,392944.47,843738.63,450794.13,371947.28,822741.38,450794.13,392944.47,843738.63
20972,2097,2019,510031.75,463431.94,973463.69,510031.75,463431.94,973463.69,510031.75,442434.72,952466.5,0,20997.207,20997.207,450794.13,392944.47,843738.63,450794.13,371947.28,822741.38,450794.13,392944.47,843738.63
20973,2097,2019,540033.63,472529.75,1012563.4,540033.63,472529.75,1012563.4,540033.63,451532.53,991566.13,0,20997.207,20997.207,477311.5,400107.81,877419.31,477311.5,379110.59,856422.13,477311.5,400107.81,877419.31
20974,2097,2019,540033.63,477289.91,1017323.5,540033.63,477289.91,1017323.5,540033.63,455836.22,995869.88,0,21453.67,21453.67,477311.5,404288.31,881599.81,477311.5,382834.66,860146.13,477311.5,404288.31,881599.81
20975,2097,2019,510031.75,463431.94,973463.69,510031.75,463431.94,973463.69,510031.75,442434.72,952466.5,0,20997.207,20997.207,450794.13,392944.47,843738.63,450794.13,371947.28,822741.38,450794.13,392944.47,843738.63
21011,2101,2007,390811,335402.91,726213.88,390811,335402.91,726213.88,390811,309833.44,700644.44,0,25569.459,25569.459,381154.56,316412.56,697567.13,381154.56,290843.09,671997.63,381154.56,316412.56,697567.13
21012,2101,2007,390811,335402.91,726213.88,390811,335402.91,726213.88,390811,309833.44,700644.44,0,25569.459,25569.459,381154.56,316412.56,697567.13,381154.56,290843.09,671997.63,381154.56,316412.56,697567.13
21013,2101,2007,390811,335402.91,726213.88,390811,335402.91,726213.88,390811,309833.44,700644.44,0,25569.459,25569.459,381154.56,316412.56,697567.13,381154.56,290843.09,671997.63,381154.56,316412.56,697567.13
21014,2101,2007,390811,335402.91,726213.88,390811,335402.91,726213.88,390811,309833.44,700644.44,0,25569.459,25569.459,381154.56,316412.56,697567.13,381154.56,290843.09,671997.63,381154.56,316412.56,697567.13
21015,2101,2007,390811,335402.91,726213.88,390811,335402.91,726213.88,390811,309833.44,700644.44,0,25569.459,25569.459,381154.56,316412.56,697567.13,381154.56,290843.09,671997.63,381154.56,316412.56,697567.13
21031,2103,2001,274556.34,140686.92,415243.25,323007.44,175858.64,498866.06,260404.64,175858.64,436263.28,62602.809,0,62602.809,267068.25,131450.98,398519.25,251595.13,164313.73,415908.88,314197.94,164313.73,478511.69
21032,2103,2001,274556.34,140686.92,415243.25,323007.44,175858.64,498866.06,260404.64,175858.64,436263.28,62602.809,0,62602.809,267068.25,131450.98,398519.25,251595.13,164313.73,415908.88,314197.94,164313.73,478511.69
21033,2103,2001,274556.34,140686.92,415243.25,323007.44,175858.64,498866.06,260404.64,175858.64,436263.28,62602.809,0,62602.809,267068.25,131450.98,398519.25,251595.13,164313.73,415908.88,314197.94,164313.73,478511.69
21034,2103,2001,274556.34,140686.92,415243.25,323007.44,175858.64,498866.06,260404.64,175858.64,436263.28,62602.809,0,62602.809,267068.25,131450.98,398519.25,251595.13,164313.73,415908.88,314197.94,164313.73,478511.69
21035,2103,2001,274556.34,140686.92,415243.25,323007.44,175858.64,498866.06,260404.64,175858.64,436263.28,62602.809,0,62602.809,267068.25,131450.98,398519.25,251595.13,164313.73,415908.88,314197.94,164313.73,478511.69
21041,2104,2022,459296.5,0,459296.5,459296.5,0,459296.5,405703.19,0,405703.19,53593.301,0,53593.301,378887.41,0,378887.41,325294.09,0,325294.09,378887.41,0,378887.41
21042,2104,2022,459296.5,0,459296.5,459296.5,0,459296.5,405703.19,0,405703.19,53593.301,0,53593.301,378887.41,0,378887.41,325294.09,0,325294.09,378887.41,0,378887.41
21043,2104,2022,476851.03,0,476851.03,476851.03,0,476851.03,423277.97,0,423277.97,53573.051,0,53573.051,392354.09,0,392354.09,338781.03,0,338781.03,392354.09,0,392354.09
21044,2104,2022,476851.03,0,476851.03,476851.03,0,476851.03,423277.97,0,423277.97,53573.051,0,53573.051,392354.09,0,392354.09,338781.03,0,338781.03,392354.09,0,392354.09
21045,2104,2022,476851.03,0,476851.03,476851.03,0,476851.03,423277.97,0,423277.97,53573.051,0,53573.051,392354.09,0,392354.09,338781.03,0,338781.03,392354.09,0,392354.09
21211,2121,2010,484256.59,321353.72,805610.31,484256.59,338267.09,822523.69,382552.56,338267.09,720819.63,101704.05,0,101704.05,451108.94,293658.91,744767.88,349404.91,309114.66,658519.56,451108.94,309114.66,760223.63
21212,2121,2010,484256.59,329694.84,813951.44,484256.59,347047.22,831303.81,382552.56,347047.22,729599.75,101704.05,0,101704.05,451108.94,301652.53,752761.5,349404.91,317529,666933.88,451108.94,317529,768637.94
21213,2121,2010,484256.59,333878.44,818135,484256.59,351451,835707.63,382552.56,351451,734003.56,101704.05,0,101704.05,451108.94,305661.88,756770.81,349404.91,321749.34,671154.25,451108.94,321749.34,772858.25
21214,2121,2010,484256.59,325524.31,809780.88,484256.59,342657.19,826913.75,382552.56,342657.19,725209.75,101704.05,0,101704.05,451108.94,297655.75,748764.69,349404.91,313321.84,662726.75,451108.94,313321.84,764430.75
21215,2121,2010,484256.59,329694.84,813951.44,484256.59,347047.22,831303.81,382552.56,347047.22,729599.75,101704.05,0,101704.05,451108.94,301652.53,752761.5,349404.91,317529,666933.88,451108.94,317529,768637.94
21331,2133,1989,4387.4258,0,4387.4258,21937.127,0,21937.127,-95207.828,0,-95207.828,117144.96,0,117144.96,3761.144,0,3761.144,-98339.242,0,-98339.242,18805.719,0,18805.719
21332,2133,1989,4387.4258,0,4387.4258,21937.127,0,21937.127,-95207.828,0,-95207.828,117144.96,0,117144.96,3761.144,0,3761.144,-98339.242,0,-98339.242,18805.719,0,18805.719
21333,2133,1989,4387.4258,0,4387.4258,21937.127,0,21937.127,-95207.828,0,-95207.828,117144.96,0,117144.96,3761.144,0,3761.144,-98339.242,0,-98339.242,18805.719,0,18805.719
21334,2133,1989,4387.4258,0,4387.4258,21937.127,0,21937.127,-95207.828,0,-95207.828,117144.96,0,117144.96,3761.144,0,3761.144,-98339.242,0,-98339.242,18805.719,0,18805.719
21335,2133,1989,4387.4258,0,4387.4258,21937.127,0,21937.127,-95207.828,0,-95207.828,117144.96,0,117144.96,3761.144,0,3761.144,-98339.242,0,-98339.242,18805.719,0,18805.719
21341,2134,1992,258851.92,0,258851.92,258851.92,0,258851.92,258851.92,0,258851.92,0,0,0,258851.92,0,258851.92,258851.92,0,258851.92,258851.92,0,258851.92
21342,2134,1992,258851.92,0,258851.92,258851.92,0,258851.92,258851.92,0,258851.92,0,0,0,258851.92,0,258851.92,258851.92,0,258851.92,258851.92,0,258851.92
21343,2134,1992,258851.92,0,258851.92,258851.92,0,258851.92,258851.92,0,258851.92,0,0,0,258851.92,0,258851.92,258851.92,0,258851.92,258851.92,0,258851.92
21344,2134,1992,258851.92,0,258851.92,258851.92,0,258851.92,258851.92,0,258851.92,0,0,0,258851.92,0,258851.92,258851.92,0,258851.92,258851.92,0,258851.92
21345,2134,1992,258851.92,0,258851.92,258851.92,0,258851.92,258851.92,0,258851.92,0,0,0,258851.92,0,258851.92,258851.92,0,258851.92,258851.92,0,258851.92
21451,2145,1995,0,0,0,8755.4551,0,8755.4551,-31024.846,0,-31024.846,39780.301,0,39780.301,0,0,0,-33099.762,0,-33099.762,6680.5386,0,6680.5386
21452,2145,1995,0,0,0,8755.4551,0,8755.4551,-31024.846,0,-31024.846,39780.301,0,39780.301,0,0,0,-33099.762,0,-33099.762,6680.5386,0,6680.5386
21453,2145,1995,0,0,0,8755.4551,0,8755.4551,-31024.846,0,-31024.846,39780.301,0,39780.301,0,0,0,-33099.762,0,-33099.762,6680.5386,0,6680.5386
21454,2145,1995,0,0,0,8755.4551,0,8755.4551,-31024.846,0,-31024.846,39780.301,0,39780.301,0,0,0,-33099.762,0,-33099.762,6680.5386,0,6680.5386
21455,2145,1995,0,0,0,11553.063,0,11553.063,-48154.238,0,-48154.238,59707.301,0,59707.301,0,0,0,-50892.152,0,-50892.152,8815.1523,0,8815.1523
21461,2146,1998,5809.6445,13953.58,19763.225,11065.989,25370.145,36436.133,11065.989,14518.803,25584.793,0,10851.341,10851.341,5220.1284,12750.847,17970.975,9943.1025,12332.016,22275.117,9943.1025,23183.357,33126.461
21461,2146,2013,9695.7715,0,9695.7715,38783.086,0,38783.086,-5113.4966,0,-5113.4966,43896.586,0,43896.586,7238.4707,0,7238.4707,-14942.701,0,-14942.701,28953.883,0,28953.883
21462,2146,1998,6477.0356,15744.258,22221.293,12337.211,28625.924,40963.133,12337.211,19610.104,31947.314,0,9015.8184,9015.8184,5819.7988,14387.181,20206.98,11085.331,17142.691,28228.023,11085.331,26158.51,37243.84
21462,2146,2013,9695.7715,0,9695.7715,38783.086,0,38783.086,-5113.4966,0,-5113.4966,43896.586,0,43896.586,7238.4707,0,7238.4707,-14942.701,0,-14942.701,28953.883,0,28953.883
21463,2146,1998,7834.7207,18876.525,26711.246,14923.277,34320.957,49244.234,14923.277,22189.672,37112.949,0,12131.285,12131.285,7039.7183,17249.457,24289.176,13408.987,19231.365,32640.352,13408.987,31362.648,44771.637
21463,2146,2013,9695.7715,0,9695.7715,38783.086,0,38783.086,-5113.4966,0,-5113.4966,43896.586,0,43896.586,7238.4707,0,7238.4707,-14942.701,0,-14942.701,28953.883,0,28953.883
21464,2146,1998,6558.3154,15772.863,22331.18,12492.029,28677.934,41169.961,12492.029,15535.359,28027.389,0,13142.575,13142.575,5892.8311,14413.319,20306.15,11224.439,13063.461,24287.9,11224.439,26206.035,37430.477
21464,2146,2013,9695.7715,0,9695.7715,38783.086,0,38783.086,-5113.4966,0,-5113.4966,43896.586,0,43896.586,7238.4707,0,7238.4707,-14942.701,0,-14942.701,28953.883,0,28953.883
21465,2146,1998,9868.9541,23856.678,33725.633,18798.008,43375.781,62173.789,18798.008,26983.064,45781.07,0,16392.715,16392.715,8867.5303,21800.348,30667.879,16890.533,23244.277,40134.813,16890.533,39636.992,56527.523
21465,2146,2013,9695.7715,0,9695.7715,38783.086,0,38783.086,-5113.4966,0,-5113.4966,43896.586,0,43896.586,7238.4707,0,7238.4707,-14942.701,0,-14942.701,28953.883,0,28953.883
21501,2150,2016,137074.23,84564.063,221638.3,238390,169128.13,407518.13,115277.87,112013.28,227291.16,123112.13,57114.832,180226.95,104557.45,63817.602,168375.06,58726.93,70520.375,129247.3,181839.05,127635.2,309474.25
21502,2150,2016,137074.23,84564.063,221638.3,238390,169128.13,407518.13,115277.87,112013.28,227291.16,123112.13,57114.832,180226.95,104557.45,63817.602,168375.06,58726.93,70520.375,129247.3,181839.05,127635.2,309474.25
21503,2150,2016,137074.23,84564.063,221638.3,238390,169128.13,407518.13,115277.87,112013.28,227291.16,123112.13,57114.832,180226.95,104557.45,63817.602,168375.06,58726.93,70520.375,129247.3,181839.05,127635.2,309474.25
21504,2150,2016,137074.23,84564.063,221638.3,238390,169128.13,407518.13,115277.87,112013.28,227291.16,123112.13,57114.832,180226.95,104557.45,63817.602,168375.06,58726.93,70520.375,129247.3,181839.05,127635.2,309474.25
21505,2150,2016,137074.23,84564.063,221638.3,238390,169128.13,407518.13,115277.87,112013.28,227291.16,123112.13,57114.832,180226.95,104557.45,63817.602,168375.06,58726.93,70520.375,129247.3,181839.05,127635.2,309474.25
21541,2154,2004,406105.31,0,406105.31,406105.31,0,406105.31,406105.31,0,406105.31,0,0,0,404663.75,0,404663.75,404663.75,0,404663.75,404663.75,0,404663.75
21542,2154,2004,431486.97,0,431486.97,431486.97,0,431486.97,431486.97,0,431486.97,0,0,0,429955.38,0,429955.38,429955.38,0,429955.38,429955.38,0,429955.38
21543,2154,2004,406105.31,0,406105.31,406105.31,0,406105.31,406105.31,0,406105.31,0,0,0,404663.75,0,404663.75,404663.75,0,404663.75,404663.75,0,404663.75
21544,2154,2004,406105.31,0,406105.31,406105.31,0,406105.31,406105.31,0,406105.31,0,0,0,404663.75,0,404663.75,404663.75,0,404663.75,404663.75,0,404663.75
21545,2154,2004,406105.31,0,406105.31,406105.31,0,406105.31,406105.31,0,406105.31,0,0,0,404663.75,0,404663.75,404663.75,0,404663.75,404663.75,0,404663.75
21551,2155,2019,213445.78,206640.48,420086.25,275413.91,266632.88,542046.75,275413.91,251788.69,527202.63,0,14844.2,14844.2,156845.42,163386,320231.44,202381.17,195976.45,398357.63,202381.17,210820.64,413201.81
21552,2155,2019,213445.78,206640.48,420086.25,275413.91,266632.88,542046.75,275413.91,251788.69,527202.63,0,14844.2,14844.2,156845.42,163386,320231.44,202381.17,195976.45,398357.63,202381.17,210820.64,413201.81
21553,2155,2019,213445.78,206640.48,420086.25,275413.91,266632.88,542046.75,275413.91,251788.69,527202.63,0,14844.2,14844.2,156845.42,163386,320231.44,202381.17,195976.45,398357.63,202381.17,210820.64,413201.81
21554,2155,2019,213445.78,206640.48,420086.25,275413.91,266632.88,542046.75,275413.91,251788.69,527202.63,0,14844.2,14844.2,156845.42,163386,320231.44,202381.17,195976.45,398357.63,202381.17,210820.64,413201.81
21555,2155,2019,213445.78,206640.48,420086.25,275413.91,266632.88,542046.75,275413.91,251788.69,527202.63,0,14844.2,14844.2,156845.42,163386,320231.44,202381.17,195976.45,398357.63,202381.17,210820.64,413201.81
21581,2158,2007,47928.746,102914.16,150842.91,106508.33,164662.67,271171,2692.8975,62844.207,65537.102,103815.43,101818.47,205633.91,37767.914,85763.391,123531.3,-19886.732,35402.961,15516.229,83928.695,137221.42,221150.13
21582,2158,2007,48976.449,103419.65,152396.09,108836.55,165471.44,274308,5021.1274,63652.973,68674.102,103815.43,101818.47,205633.91,38593.488,86159.758,124753.25,-18052.119,36037.152,17985.033,85763.305,137855.61,223618.91
21583,2158,2007,48105.727,102999.95,151105.67,106901.62,164799.92,271701.53,3086.1917,62981.449,66067.641,103815.43,101818.47,205633.91,37907.367,85830.648,123738.02,-19576.834,35510.57,15933.736,84238.594,137329.03,221567.63
21584,2158,2007,49497.461,103671.44,153168.91,109994.35,165874.28,275868.63,6178.9268,64055.824,70234.75,103815.43,101818.47,205633.91,39004.055,86357.148,125361.2,-17139.752,36352.973,19213.221,86675.68,138171.44,224847.13
21585,2158,2007,50022.727,103925.77,153948.5,111161.62,166281.23,277442.84,7346.189,64462.762,71808.953,103815.43,101818.47,205633.91,39417.965,86556.563,125974.53,-16219.949,36672.035,20452.086,87595.477,138490.5,226085.97
21601,2160,2001,17747.049,0,17747.049,30864.434,0,30864.434,-20081.152,0,-20081.152,50945.586,0,50945.586,15732.306,0,15732.306,-23585.057,0,-23585.057,27360.531,0,27360.531
21602,2160,2001,17747.049,0,17747.049,30864.434,0,30864.434,-20081.152,0,-20081.152,50945.586,0,50945.586,15732.306,0,15732.306,-23585.057,0,-23585.057,27360.531,0,27360.531
21603,2160,2001,17747.049,0,17747.049,30864.434,0,30864.434,-20081.152,0,-20081.152,50945.586,0,50945.586,15732.306,0,15732.306,-23585.057,0,-23585.057,27360.531,0,27360.531
21604,2160,2001,17747.049,0,17747.049,30864.434,0,30864.434,-20081.152,0,-20081.152,50945.586,0,50945.586,15732.306,0,15732.306,-23585.057,0,-23585.057,27360.531,0,27360.531
21605,2160,2001,17747.049,0,17747.049,30864.434,0,30864.434,-20081.152,0,-20081.152,50945.586,0,50945.586,15732.306,0,15732.306,-23585.057,0,-23585.057,27360.531,0,27360.531
21611,2161,2022,421947.88,253502.84,675450.75,421947.88,274057.13,696005,415587.88,264344.59,679932.5,6360,9712.5293,16072.529,365480.31,208661.02,574141.31,359120.31,215866.95,574987.25,365480.31,225579.48,591059.81
21612,2161,2022,421947.88,246376.5,668324.38,421947.88,266352.97,688300.88,415587.88,256640.44,672228.31,6360,9712.5293,16072.529,365480.31,202541.7,568022,359120.31,209251.47,568371.75,365480.31,218964,584444.31
21613,2161,2022,421947.88,249953.56,671901.44,421947.88,270220.06,692167.94,415587.88,260507.53,676095.38,6360,9712.5293,16072.529,365480.31,205613.22,571093.5,359120.31,212572.03,571692.38,365480.31,222284.56,587764.88
21614,2161,2022,421947.88,249953.56,671901.44,421947.88,270220.06,692167.94,415587.88,260507.53,676095.38,6360,9712.5293,16072.529,365480.31,205613.22,571093.5,359120.31,212572.03,571692.38,365480.31,222284.56,587764.88
21615,2161,2022,421947.88,246376.5,668324.38,421947.88,266352.97,688300.88,415587.88,256640.44,672228.31,6360,9712.5293,16072.529,365480.31,202541.7,568022,359120.31,209251.47,568371.75,365480.31,218964,584444.31
21781,2178,2010,17304.713,19513.15,36817.863,69218.852,86725.109,155943.97,-37614.902,-56956.621,-94571.523,106833.75,143681.73,250515.48,13040.509,14648.569,27689.078,-54671.715,-78576.977,-133248.69,52162.035,65104.75,117266.78
21782,2178,2010,17304.713,19513.15,36817.863,69218.852,86725.109,155943.97,-37614.902,-56956.621,-94571.523,106833.75,143681.73,250515.48,13040.509,14648.569,27689.078,-54671.715,-78576.977,-133248.69,52162.035,65104.75,117266.78
21783,2178,2010,17680.229,19755.355,37435.586,70720.914,87801.578,158522.5,-36354.625,-55840.121,-92194.75,107075.54,143641.7,250717.25,13314.528,14823.882,28138.41,-53817.43,-77757.781,-131575.22,53258.113,65883.922,119142.03
21784,2178,2010,17304.713,19513.15,36817.863,69218.852,86725.109,155943.97,-37614.902,-56956.621,-94571.523,106833.75,143681.73,250515.48,13040.509,14648.569,27689.078,-54671.715,-78576.977,-133248.69,52162.035,65104.75,117266.78
21785,2178,2010,17304.713,19513.15,36817.863,69218.852,86725.109,155943.97,-37614.902,-56956.621,-94571.523,106833.75,143681.73,250515.48,13040.509,14648.569,27689.078,-54671.715,-78576.977,-133248.69,52162.035,65104.75,117266.78
22051,2205,1989,16057.416,12478.047,28535.463,27925.939,26269.572,54195.512,27925.939,-17008.643,10917.297,0,43278.215,43278.215,15913.55,12094.258,28007.809,27675.74,-17816.621,9859.1191,27675.74,25461.596,53137.336
22052,2205,1989,16127.584,12688.458,28816.043,28047.973,26712.543,54760.516,28047.973,-19476.137,8571.8359,0,46188.68,46188.68,15981.927,12298.193,28280.121,27794.656,-20297.748,7496.9082,27794.656,25890.932,53685.586
22053,2205,1989,14623.646,12688.458,27312.104,25432.428,26712.543,52144.969,25432.428,-19476.137,5956.291,0,46188.68,46188.68,14482.731,12298.193,26780.926,25187.359,-20297.748,4889.6113,25187.359,25890.932,51078.289
22054,2205,1989,15770.901,12478.047,28248.949,27427.654,26269.572,53697.227,27427.654,-17008.643,10419.012,0,43278.215,43278.215,15627.938,12094.258,27722.195,27179.023,-17816.621,9362.4023,27179.023,25461.596,52640.617
22055,2205,1989,15250.199,12688.458,27938.656,26522.086,26712.543,53234.629,26522.086,-19476.137,7045.9492,0,46188.68,46188.68,15107.31,12298.193,27405.504,26273.582,-20297.748,5975.834,26273.582,25890.932,52164.516
22061,2206,1992,48954.676,30244.607,79199.281,81591.125,57608.777,139199.91,-7399.334,-33138.52,-40537.852,88990.461,90747.297,179737.75,47441.609,29008.652,76450.266,-9921.1084,-35492.723,-45413.832,79069.352,55254.578,134323.94
22062,2206,1992,48954.676,23143.969,72098.641,81591.125,44083.75,125674.88,-7399.334,9804.21,2404.876,88990.461,34279.539,123270,47441.609,21618.947,69060.555,-9921.1084,6899.4072,-3021.7012,79069.352,41178.949,120248.3
22063,2206,1992,48954.676,23143.969,72098.641,81591.125,44083.75,125674.88,-7399.334,9804.21,2404.876,88990.461,34279.539,123270,47441.609,21618.947,69060.555,-9921.1084,6899.4072,-3021.7012,79069.352,41178.949,120248.3
22064,2206,1992,48954.676,37621.484,86576.156,81591.125,71659.969,153251.09,-7399.334,-11119.505,-18518.84,88990.461,82779.477,171769.94,47441.609,36098.211,83539.82,-9921.1084,-14020.975,-23942.082,79069.352,68758.5,147827.84
22065,2206,1992,48954.676,27177.379,76132.055,81591.125,51766.434,133357.56,-7399.334,17486.895,10087.561,88990.461,34279.539,123270,47441.609,25547.811,72989.422,-9921.1084,14382.955,4461.8467,79069.352,48662.496,127731.84
22171,2217,1995,60968.273,36109.875,97078.148,106031.78,68780.711,174812.5,10345.111,17465.65,27810.762,95686.672,51315.063,147001.73,58345.133,33808.52,92153.656,5783.1265,13082.118,18865.244,101469.8,64397.18,165866.97
22172,2217,1995,60968.273,35974.844,96943.117,106031.78,68523.508,174555.28,10345.111,17208.447,27553.559,95686.672,51315.063,147001.73,58345.133,33678.047,92023.18,5783.1265,12833.598,18616.725,101469.8,64148.66,165618.45
22173,2217,1995,60968.273,35291.492,96259.766,106031.78,67221.891,173253.67,10345.111,15906.83,26251.941,95686.672,51315.063,147001.73,58345.133,33017.797,91362.93,5783.1265,11575.983,17359.109,101469.8,62891.043,164360.84
22174,2217,1995,60968.273,35380.98,96349.25,106031.78,67392.344,173424.13,10345.111,16077.283,26422.395,95686.672,51315.063,147001.73,58345.133,33104.258,91449.391,5783.1265,11740.666,17523.793,101469.8,63055.727,164525.53
22175,2217,1995,60968.273,35885.344,96853.617,106031.78,68353.039,174384.81,10345.111,17037.975,27383.086,95686.672,51315.063,147001.73,58345.133,33591.582,91936.719,5783.1265,12668.901,18452.027,101469.8,63983.961,165453.75
22181,2218,2013,193769.02,226819.7,420588.72,193769.02,226819.7,420588.72,193769.02,226819.7,420588.72,0,0,0,191979.05,205313.69,397292.75,191979.05,205313.69,397292.75,191979.05,205313.69,397292.75
22182,2218,2013,193769.02,226819.7,420588.72,193769.02,226819.7,420588.72,193769.02,226819.7,420588.72,0,0,0,191979.05,205313.69,397292.75,191979.05,205313.69,397292.75,191979.05,205313.69,397292.75
22183,2218,2013,193769.02,226819.7,420588.72,193769.02,226819.7,420588.72,193769.02,226819.7,420588.72,0,0,0,191979.05,205313.69,397292.75,191979.05,205313.69,397292.75,191979.05,205313.69,397292.75
22184,2218,2013,193769.02,226819.7,420588.72,193769.02,226819.7,420588.72,193769.02,226819.7,420588.72,0,0,0,191979.05,205313.69,397292.75,191979.05,205313.69,397292.75,191979.05,205313.69,397292.75
22185,2218,2013,193769.02,226819.7,420588.72,193769.02,226819.7,420588.72,193769.02,226819.7,420588.72,0,0,0,191979.05,205313.69,397292.75,191979.05,205313.69,397292.75,191979.05,205313.69,397292.75
22191,2219,1998,181851.69,76318.055,258169.75,191422.83,101757.41,293180.25,191422.83,83286.813,274709.63,0,18470.594,18470.594,181715.38,74688.289,256403.66,191279.33,81113.781,272393.13,191279.33,99584.375,290863.69
22192,2219,1998,181851.69,76318.055,258169.75,191422.83,101757.41,293180.25,191422.83,83286.813,274709.63,0,18470.594,18470.594,181715.38,74688.289,256403.66,191279.33,81113.781,272393.13,191279.33,99584.375,290863.69
22193,2219,1998,181851.69,76318.055,258169.75,191422.83,101757.41,293180.25,191422.83,83286.813,274709.63,0,18470.594,18470.594,181715.38,74688.289,256403.66,191279.33,81113.781,272393.13,191279.33,99584.375,290863.69
22194,2219,1998,181851.69,76318.055,258169.75,191422.83,101757.41,293180.25,191422.83,83286.813,274709.63,0,18470.594,18470.594,181715.38,74688.289,256403.66,191279.33,81113.781,272393.13,191279.33,99584.375,290863.69
22195,2219,1998,181851.69,76318.055,258169.75,191422.83,101757.41,293180.25,191422.83,83286.813,274709.63,0,18470.594,18470.594,181715.38,74688.289,256403.66,191279.33,81113.781,272393.13,191279.33,99584.375,290863.69
22231,2223,2016,53775.301,0,53775.301,113211.16,0,113211.16,34889.105,0,34889.105,78322.047,0,78322.047,40789.953,0,40789.953,7551.5347,0,7551.5347,85873.586,0,85873.586
22232,2223,2016,53775.301,0,53775.301,113211.16,0,113211.16,34889.105,0,34889.105,78322.047,0,78322.047,40789.953,0,40789.953,7551.5347,0,7551.5347,85873.586,0,85873.586
22233,2223,2016,54003.785,0,54003.785,113692.18,0,113692.18,34854.844,0,34854.844,78837.336,0,78837.336,40963.258,0,40963.258,7401.103,0,7401.103,86238.438,0,86238.438
22234,2223,2016,53775.301,0,53775.301,113211.16,0,113211.16,34889.105,0,34889.105,78322.047,0,78322.047,40789.953,0,40789.953,7551.5347,0,7551.5347,85873.586,0,85873.586
22235,2223,2016,53775.301,0,53775.301,113211.16,0,113211.16,34889.105,0,34889.105,78322.047,0,78322.047,40789.953,0,40789.953,7551.5347,0,7551.5347,85873.586,0,85873.586
22271,2227,2004,511440.47,305908.56,817349,511440.47,305908.56,817349,471641.44,305908.56,777550,39799.023,0,39799.023,507444.28,302510.88,809955.13,467645.22,302510.88,770156.13,507444.28,302510.88,809955.13
22272,2227,2004,511440.47,305908.56,817349,511440.47,305908.56,817349,471641.44,305908.56,777550,39799.023,0,39799.023,507444.28,302510.88,809955.13,467645.22,302510.88,770156.13,507444.28,302510.88,809955.13
22273,2227,2004,511440.47,305908.56,817349,511440.47,305908.56,817349,471641.44,305908.56,777550,39799.023,0,39799.023,507444.28,302510.88,809955.13,467645.22,302510.88,770156.13,507444.28,302510.88,809955.13
22274,2227,2004,511440.47,305908.56,817349,511440.47,305908.56,817349,471641.44,305908.56,777550,39799.023,0,39799.023,507444.28,302510.88,809955.13,467645.22,302510.88,770156.13,507444.28,302510.88,809955.13
22275,2227,2004,511440.47,305908.56,817349,511440.47,305908.56,817349,471641.44,305908.56,777550,39799.023,0,39799.023,507444.28,302510.88,809955.13,467645.22,302510.88,770156.13,507444.28,302510.88,809955.13
22291,2229,2019,16613.031,0,16613.031,73835.703,0,73835.703,-27358.549,0,-27358.549,101194.25,0,101194.25,12258.679,0,12258.679,-46711.234,0,-46711.234,54483.016,0,54483.016
22292,2229,2019,17400.855,0,17400.855,77337.141,0,77337.141,-24955.682,0,-24955.682,102292.82,0,102292.82,12836.201,0,12836.201,-45243.039,0,-45243.039,57049.785,0,57049.785
22293,2229,2019,17400.855,0,17400.855,77337.141,0,77337.141,-24955.682,0,-24955.682,102292.82,0,102292.82,12836.201,0,12836.201,-45243.039,0,-45243.039,57049.785,0,57049.785
22294,2229,2019,18778.23,0,18778.23,83458.805,0,83458.805,-19367.432,0,-19367.432,102826.23,0,102826.23,13843.952,0,13843.952,-41297.563,0,-41297.563,61528.676,0,61528.676
22295,2229,2019,17400.855,0,17400.855,77337.141,0,77337.141,-24955.682,0,-24955.682,102292.82,0,102292.82,12836.201,0,12836.201,-45243.039,0,-45243.039,57049.785,0,57049.785
22321,2232,2007,100620.8,78315.992,178936.78,100620.8,78315.992,178936.78,100620.8,78315.992,178936.78,0,0,0,100612.71,78244.008,178856.72,100612.71,78244.008,178856.72,100612.71,78244.008,178856.72
22322,2232,2007,100620.8,79897.672,180518.47,100620.8,79897.672,180518.47,100620.8,79897.672,180518.47,0,0,0,100612.71,79824.891,180437.59,100612.71,79824.891,180437.59,100612.71,79824.891,180437.59
22323,2232,2007,102100.54,78932.758,181033.3,102100.54,78932.758,181033.3,102100.54,78932.758,181033.3,0,0,0,102092.33,78859.977,180952.31,102092.33,78859.977,180952.31,102092.33,78859.977,180952.31
22324,2232,2007,102100.54,78932.758,181033.3,102100.54,78932.758,181033.3,102100.54,78932.758,181033.3,0,0,0,102092.33,78859.977,180952.31,102092.33,78859.977,180952.31,102092.33,78859.977,180952.31
22325,2232,2007,102100.55,80514.398,182614.94,102100.55,80514.398,182614.94,102100.55,80514.398,182614.94,0,0,0,102092.33,80440.82,182533.16,102092.33,80440.82,182533.16,102092.33,80440.82,182533.16
22341,2234,2001,292895,181692.72,474587.72,292895,181692.72,474587.72,292895,181692.72,474587.72,0,0,0,292889.19,181555.91,474445.09,292889.19,181555.91,474445.09,292889.19,181555.91,474445.09
22341,2234,2022,133423.34,0,133423.34,254139.7,0,254139.7,97861.563,0,97861.563,156278.14,0,156278.14,100497.45,0,100497.45,35145.563,0,35145.563,191423.7,0,191423.7
22342,2234,2001,292895,181692.72,474587.72,292895,181692.72,474587.72,292895,181692.72,474587.72,0,0,0,292889.19,181555.91,474445.09,292889.19,181555.91,474445.09,292889.19,181555.91,474445.09
22342,2234,2022,133423.34,0,133423.34,254139.7,0,254139.7,97861.563,0,97861.563,156278.14,0,156278.14,100497.45,0,100497.45,35145.563,0,35145.563,191423.7,0,191423.7
22343,2234,2001,292895,181692.72,474587.72,292895,181692.72,474587.72,292895,181692.72,474587.72,0,0,0,292889.19,181555.91,474445.09,292889.19,181555.91,474445.09,292889.19,181555.91,474445.09
22343,2234,2022,133423.34,0,133423.34,254139.7,0,254139.7,97861.563,0,97861.563,156278.14,0,156278.14,100497.45,0,100497.45,35145.563,0,35145.563,191423.7,0,191423.7
22344,2234,2001,292895,181692.72,474587.72,292895,181692.72,474587.72,292895,181692.72,474587.72,0,0,0,292889.19,181555.91,474445.09,292889.19,181555.91,474445.09,292889.19,181555.91,474445.09
22344,2234,2022,133423.34,0,133423.34,254139.7,0,254139.7,97861.563,0,97861.563,156278.14,0,156278.14,100497.45,0,100497.45,35145.563,0,35145.563,191423.7,0,191423.7
22345,2234,2001,292895,181692.72,474587.72,292895,181692.72,474587.72,292895,181692.72,474587.72,0,0,0,292889.19,181555.91,474445.09,292889.19,181555.91,474445.09,292889.19,181555.91,474445.09
22345,2234,2022,133423.34,0,133423.34,254139.7,0,254139.7,97861.563,0,97861.563,156278.14,0,156278.14,100497.45,0,100497.45,35145.563,0,35145.563,191423.7,0,191423.7
22511,2251,2010,23283.631,39461.055,62744.688,103482.8,98652.641,202135.44,-148039.66,35029.391,-113010.27,251522.47,63623.25,315145.72,17495.225,29839.553,47334.777,-173765.91,10975.628,-162790.28,77756.555,74598.883,152355.44
22512,2251,2010,23283.631,39137.688,62421.32,103482.8,97844.219,201327.03,-148039.66,37963.531,-110076.13,251522.47,59880.684,311403.16,17495.225,29590.094,47085.32,-173765.91,14094.552,-159671.36,77756.555,73975.234,151731.78
22513,2251,2010,23283.631,39137.688,62421.32,103482.8,97844.219,201327.03,-148039.66,37963.531,-110076.13,251522.47,59880.684,311403.16,17495.225,29590.094,47085.32,-173765.91,14094.552,-159671.36,77756.555,73975.234,151731.78
22514,2251,2010,23283.631,39137.688,62421.32,103482.8,97844.219,201327.03,-148039.66,37963.531,-110076.13,251522.47,59880.684,311403.16,17495.225,29590.094,47085.32,-173765.91,14094.552,-159671.36,77756.555,73975.234,151731.78
22515,2251,2010,23283.631,39137.688,62421.32,103482.8,97844.219,201327.03,-148039.66,37963.531,-110076.13,251522.47,59880.684,311403.16,17495.225,29590.094,47085.32,-173765.91,14094.552,-159671.36,77756.555,73975.234,151731.78
22521,2252,1989,6400.3799,0,6400.3799,21334.6,0,21334.6,-52003.832,0,-52003.832,73338.438,0,73338.438,5799.6899,0,5799.6899,-54006.133,0,-54006.133,19332.301,0,19332.301
22522,2252,1989,6400.3799,0,6400.3799,21334.6,0,21334.6,-52003.832,0,-52003.832,73338.438,0,73338.438,5799.6899,0,5799.6899,-54006.133,0,-54006.133,19332.301,0,19332.301
22523,2252,1989,6400.3799,0,6400.3799,21334.6,0,21334.6,-52003.832,0,-52003.832,73338.438,0,73338.438,5799.6899,0,5799.6899,-54006.133,0,-54006.133,19332.301,0,19332.301
22524,2252,1989,6400.3799,0,6400.3799,21334.6,0,21334.6,-52003.832,0,-52003.832,73338.438,0,73338.438,5799.6899,0,5799.6899,-54006.133,0,-54006.133,19332.301,0,19332.301
22525,2252,1989,6400.3799,0,6400.3799,21334.6,0,21334.6,-52003.832,0,-52003.832,73338.438,0,73338.438,5799.6899,0,5799.6899,-54006.133,0,-54006.133,19332.301,0,19332.301
22531,2253,1992,4062.0066,0,4062.0066,13540.022,0,13540.022,-25434.41,0,-25434.41,38974.43,0,38974.43,3602.6262,0,3602.6262,-26965.678,0,-26965.678,12008.754,0,12008.754
22532,2253,1992,4062.0066,0,4062.0066,13540.022,0,13540.022,-25434.41,0,-25434.41,38974.43,0,38974.43,3602.6262,0,3602.6262,-26965.678,0,-26965.678,12008.754,0,12008.754
22533,2253,1992,4062.0066,0,4062.0066,13540.022,0,13540.022,-25434.41,0,-25434.41,38974.43,0,38974.43,3602.6262,0,3602.6262,-26965.678,0,-26965.678,12008.754,0,12008.754
22534,2253,1992,4062.0066,0,4062.0066,13540.022,0,13540.022,-25434.41,0,-25434.41,38974.43,0,38974.43,3602.6262,0,3602.6262,-26965.678,0,-26965.678,12008.754,0,12008.754
22535,2253,1992,4062.0066,0,4062.0066,13540.022,0,13540.022,-25434.41,0,-25434.41,38974.43,0,38974.43,3602.6262,0,3602.6262,-26965.678,0,-26965.678,12008.754,0,12008.754
22651,2265,1995,20861.605,0,20861.605,43919.172,0,43919.172,-34042.012,0,-34042.012,77961.18,0,77961.18,19994.508,0,19994.508,-35867.477,0,-35867.477,42093.703,0,42093.703
22651,2265,2013,43638.629,0,43638.629,54548.289,0,54548.289,54548.289,0,54548.289,0,0,0,36565.434,0,36565.434,45706.793,0,45706.793,45706.793,0,45706.793
22652,2265,1995,21120.225,0,21120.225,44463.633,0,44463.633,-33497.551,0,-33497.551,77961.18,0,77961.18,20242.377,0,20242.377,-35345.652,0,-35345.652,42615.531,0,42615.531
22652,2265,2013,43638.629,0,43638.629,54548.289,0,54548.289,54548.289,0,54548.289,0,0,0,36565.434,0,36565.434,45706.793,0,45706.793,45706.793,0,45706.793
22653,2265,1995,20751.666,0,20751.666,43687.715,0,43687.715,-34273.465,0,-34273.465,77961.18,0,77961.18,19889.137,0,19889.137,-36089.316,0,-36089.316,41871.867,0,41871.867
22653,2265,2013,43638.629,0,43638.629,54548.289,0,54548.289,54548.289,0,54548.289,0,0,0,36565.434,0,36565.434,45706.793,0,45706.793,45706.793,0,45706.793
22654,2265,1995,21045.887,0,21045.887,44307.129,0,44307.129,-33654.051,0,-33654.051,77961.18,0,77961.18,20171.131,0,20171.131,-35495.645,0,-35495.645,42465.539,0,42465.539
22654,2265,2013,43638.629,0,43638.629,54548.289,0,54548.289,54548.289,0,54548.289,0,0,0,36565.434,0,36565.434,45706.793,0,45706.793,45706.793,0,45706.793
22655,2265,1995,21156.871,0,21156.871,44540.781,0,44540.781,-33420.398,0,-33420.398,77961.18,0,77961.18,20277.506,0,20277.506,-35271.691,0,-35271.691,42689.488,0,42689.488
22655,2265,2013,43638.629,0,43638.629,54548.289,0,54548.289,54548.289,0,54548.289,0,0,0,36565.434,0,36565.434,45706.793,0,45706.793,45706.793,0,45706.793
22661,2266,1998,45241.379,0,45241.379,62401.902,0,62401.902,34655.348,0,34655.348,27746.551,0,27746.551,44912.539,0,44912.539,34201.777,0,34201.777,61948.328,0,61948.328
22662,2266,1998,45241.379,0,45241.379,62401.902,0,62401.902,34655.348,0,34655.348,27746.551,0,27746.551,44912.539,0,44912.539,34201.777,0,34201.777,61948.328,0,61948.328
22663,2266,1998,45241.379,0,45241.379,62401.902,0,62401.902,34655.348,0,34655.348,27746.551,0,27746.551,44912.539,0,44912.539,34201.777,0,34201.777,61948.328,0,61948.328
22664,2266,1998,45241.379,0,45241.379,62401.902,0,62401.902,34655.348,0,34655.348,27746.551,0,27746.551,44912.539,0,44912.539,34201.777,0,34201.777,61948.328,0,61948.328
22665,2266,1998,45241.379,0,45241.379,62401.902,0,62401.902,34655.348,0,34655.348,27746.551,0,27746.551,44912.539,0,44912.539,34201.777,0,34201.777,61948.328,0,61948.328
22701,2270,2016,11231.55,0,11231.55,74876.992,0,74876.992,-35009.742,0,-35009.742,109886.74,0,109886.74,8229.0898,0,8229.0898,-55026.137,0,-55026.137,54860.605,0,54860.605
22702,2270,2016,11231.55,0,11231.55,74876.992,0,74876.992,-35009.742,0,-35009.742,109886.74,0,109886.74,8229.0898,0,8229.0898,-55026.137,0,-55026.137,54860.605,0,54860.605
22703,2270,2016,11231.55,0,11231.55,74876.992,0,74876.992,-35009.742,0,-35009.742,109886.74,0,109886.74,8229.0898,0,8229.0898,-55026.137,0,-55026.137,54860.605,0,54860.605
22704,2270,2016,11231.55,0,11231.55,74876.992,0,74876.992,-35009.742,0,-35009.742,109886.74,0,109886.74,8229.0898,0,8229.0898,-55026.137,0,-55026.137,54860.605,0,54860.605
22705,2270,2016,11231.55,0,11231.55,74876.992,0,74876.992,-35009.742,0,-35009.742,109886.74,0,109886.74,8229.0898,0,8229.0898,-55026.137,0,-55026.137,54860.605,0,54860.605
22741,2274,2004,150550.08,111772.41,262322.5,158473.77,124191.56,282665.31,147081,122059.14,269140.13,11392.765,2132.4243,13525.189,148849.84,107236.1,256085.94,145291.28,117018.8,262310.09,156684.05,119151.23,275835.28
22742,2274,2004,142904.17,94605.594,237509.77,150425.44,105117.34,255542.78,140451.39,102984.91,243436.3,9974.0488,2132.4243,12106.473,141290.23,90378.75,231668.98,138752.53,98288.406,237040.94,148726.58,100420.83,249147.41
22743,2274,2004,135015.73,121081.5,256097.23,142121.83,134535,276656.81,133623.83,132402.56,266026.38,8498.0029,2132.4243,10630.428,133490.94,116870.08,250361.02,132018.78,127723.2,259741.98,140516.78,129855.63,270372.41
22744,2274,2004,132918.89,101703.26,234622.16,139914.61,113003.62,252918.22,131803.53,110871.2,242674.72,8111.0791,2132.4243,10243.504,131417.75,97677.563,229095.31,130223.39,106398.2,236621.59,138334.47,108530.63,246865.09
22745,2274,2004,152104.95,103915.02,256019.97,160110.47,115461.13,275571.59,148422.5,113328.7,261751.2,11687.978,2132.4243,13820.402,150387.09,99393.68,249780.78,146614.23,108304.99,254919.22,158302.2,110437.42,268739.63
22781,2278,2019,158485.44,149487.47,307972.91,198106.81,175867.61,373974.44,162425.36,175867.61,338292.97,35681.449,0,35681.449,121169.67,115604.56,236774.23,115780.64,136005.38,251786.02,151462.09,136005.38,287467.47
22782,2278,2019,158485.44,149487.47,307972.91,198106.81,175867.61,373974.44,162425.36,175867.61,338292.97,35681.449,0,35681.449,121169.67,115604.56,236774.23,115780.64,136005.38,251786.02,151462.09,136005.38,287467.47
22783,2278,2019,158485.44,149487.47,307972.91,198106.81,175867.61,373974.44,162425.36,175867.61,338292.97,35681.449,0,35681.449,121169.67,115604.56,236774.23,115780.64,136005.38,251786.02,151462.09,136005.38,287467.47
22784,2278,2019,158485.44,149487.47,307972.91,198106.81,175867.61,373974.44,162425.36,175867.61,338292.97,35681.449,0,35681.449,121169.67,115604.56,236774.23,115780.64,136005.38,251786.02,151462.09,136005.38,287467.47
22785,2278,2019,158485.44,149487.47,307972.91,198106.81,175867.61,373974.44,162425.36,175867.61,338292.97,35681.449,0,35681.449,121169.67,115604.56,236774.23,115780.64,136005.38,251786.02,151462.09,136005.38,287467.47
22811,2281,2001,124603.3,0,124603.3,124603.3,0,124603.3,124603.3,0,124603.3,0,0,0,124400.88,0,124400.88,124400.88,0,124400.88,124400.88,0,124400.88
22811,2281,2022,38420.941,56962.734,95383.672,96052.352,162750.67,258803.03,52764.871,27588.672,80353.547,43287.48,135162,178449.48,28176.275,41967.445,70143.719,27153.207,-15255.016,11898.191,70440.688,119906.98,190347.67
22812,2281,2001,147191.78,0,147191.78,147191.78,0,147191.78,147191.78,0,147191.78,0,0,0,146952.69,0,146952.69,146952.69,0,146952.69,146952.69,0,146952.69
22812,2281,2022,37783.164,53834.43,91617.594,94457.906,153812.66,248270.56,51170.426,28623.914,79794.344,43287.48,125188.74,168476.22,27713.922,39662.641,67376.563,25997.324,-11866.906,14130.418,69284.805,113321.84,182606.64
22813,2281,2001,107807.71,0,107807.71,107807.71,0,107807.71,107807.71,0,107807.71,0,0,0,107632.56,0,107632.56,107632.56,0,107632.56,107632.56,0,107632.56
22813,2281,2022,38420.941,56962.734,95383.672,96052.352,162750.67,258803.03,52764.871,27588.672,80353.547,43287.48,135162,178449.48,28176.275,41967.445,70143.719,27153.207,-15255.016,11898.191,70440.688,119906.98,190347.67
22814,2281,2001,134627.95,0,134627.95,134627.95,0,134627.95,134627.95,0,134627.95,0,0,0,134409.28,0,134409.28,134409.28,0,134409.28,134409.28,0,134409.28
22814,2281,2022,39395.246,61743.98,101139.23,98488.117,176411.38,274899.5,55200.637,28510.813,83711.453,43287.48,147900.56,191188.05,28882.572,45490.031,74372.602,28918.949,-17929.047,10989.902,72206.43,129971.52,202177.94
22815,2281,2001,110327.98,0,110327.98,110327.98,0,110327.98,110327.98,0,110327.98,0,0,0,110148.79,0,110148.79,110148.79,0,110148.79,110148.79,0,110148.79
22815,2281,2022,39216.641,60867.078,100083.72,98041.602,173905.94,271947.53,54754.121,28199,82953.125,43287.48,145706.94,188994.42,28753.1,44843.984,73597.086,28595.27,-17581.273,11013.996,71882.75,128125.66,200008.41
22831,2283,2007,20305.23,3415.4954,23720.727,90245.469,45539.938,135785.41,-143801.48,45539.938,-98261.547,234046.95,0,234046.95,15287.646,2511.2473,17798.893,-166101.88,33483.297,-132618.58,67945.094,33483.297,101428.39
22832,2283,2007,20305.23,3415.4954,23720.727,90245.469,45539.938,135785.41,-143801.48,45539.938,-98261.547,234046.95,0,234046.95,15287.646,2511.2473,17798.893,-166101.88,33483.297,-132618.58,67945.094,33483.297,101428.39
22833,2283,2007,20305.23,3415.4954,23720.727,90245.469,45539.938,135785.41,-143801.48,45539.938,-98261.547,234046.95,0,234046.95,15287.646,2511.2473,17798.893,-166101.88,33483.297,-132618.58,67945.094,33483.297,101428.39
22834,2283,2007,20305.23,3415.4954,23720.727,90245.469,45539.938,135785.41,-143801.48,45539.938,-98261.547,234046.95,0,234046.95,15287.646,2511.2473,17798.893,-166101.88,33483.297,-132618.58,67945.094,33483.297,101428.39
22835,2283,2007,20305.23,3415.4954,23720.727,90245.469,45539.938,135785.41,-143801.48,45539.938,-98261.547,234046.95,0,234046.95,15287.646,2511.2473,17798.893,-166101.88,33483.297,-132618.58,67945.094,33483.297,101428.39
23001,2300,2010,413259.69,214908.13,628167.81,413259.69,214908.13,628167.81,413259.69,214908.13,628167.81,0,0,0,408586.78,209589.63,618176.38,408586.78,209589.63,618176.38,408586.78,209589.63,618176.38
23002,2300,2010,413259.69,214908.13,628167.81,413259.69,214908.13,628167.81,413259.69,214908.13,628167.81,0,0,0,408586.78,209589.63,618176.38,408586.78,209589.63,618176.38,408586.78,209589.63,618176.38
23003,2300,2010,413259.69,214908.13,628167.81,413259.69,214908.13,628167.81,413259.69,214908.13,628167.81,0,0,0,408586.78,209589.63,618176.38,408586.78,209589.63,618176.38,408586.78,209589.63,618176.38
23004,2300,2010,413259.69,214908.13,628167.81,413259.69,214908.13,628167.81,413259.69,214908.13,628167.81,0,0,0,408586.78,209589.63,618176.38,408586.78,209589.63,618176.38,408586.78,209589.63,618176.38
23005,2300,2010,413259.69,214908.13,628167.81,413259.69,214908.13,628167.81,413259.69,214908.13,628167.81,0,0,0,408586.78,209589.63,618176.38,408586.78,209589.63,618176.38,408586.78,209589.63,618176.38
23381,2338,1992,1667.509,0,1667.509,13340.072,0,13340.072,-64231.781,0,-64231.781,77571.852,0,77571.852,1388.1466,0,1388.1466,-66466.68,0,-66466.68,11105.173,0,11105.173
23382,2338,1992,1253.2388,0,1253.2388,10025.91,0,10025.91,-54217.109,0,-54217.109,64243.02,0,64243.02,1043.2805,0,1043.2805,-55896.777,0,-55896.777,8346.2441,0,8346.2441
23383,2338,1992,1428.3164,0,1428.3164,11426.531,0,11426.531,-67740.961,0,-67740.961,79167.492,0,79167.492,1098.6956,0,1098.6956,-70377.922,0,-70377.922,8789.5645,0,8789.5645
23384,2338,1992,1119.5935,0,1119.5935,8956.748,0,8956.748,-49718.746,0,-49718.746,58675.496,0,58675.496,932.02472,0,932.02472,-51219.297,0,-51219.297,7456.1978,0,7456.1978
23385,2338,1992,1163.1412,0,1163.1412,9305.1299,0,9305.1299,-70056.781,0,-70056.781,79361.914,0,79361.914,893.50201,0,893.50201,-72213.898,0,-72213.898,7148.0161,0,7148.0161
26061,2606,1992,97252.422,40753.09,138005.52,111145.62,62697.066,173842.69,61676.012,27920.309,89596.32,49469.605,34776.758,84246.359,97188.469,40405.172,137593.64,61602.93,27385.043,88987.969,111072.53,62161.801,173234.33
26062,2606,1992,107300.1,59839.883,167139.98,122628.68,92061.352,214690.03,52992.512,27858.139,80850.648,69636.172,64203.215,133839.39,107219.65,59329.02,166548.67,52900.57,27072.197,79972.766,122536.74,91275.414,213812.16
26063,2606,1992,83786.578,40598.871,124385.45,95756.094,62459.805,158215.91,63810.879,27683.049,91493.93,31945.221,34776.758,66721.977,83730.383,40252.273,123982.66,63746.648,27149.818,90896.469,95691.867,61926.574,157618.44
26064,2606,1992,88403.641,39743.336,128146.98,101032.73,61143.594,162176.31,50710.934,27818.322,78529.258,50321.793,33325.273,83647.063,88356.172,39330.195,127686.37,50656.688,27182.719,77839.406,100978.48,60507.988,161486.47
26065,2606,1992,79011.016,35706.266,114717.28,90298.305,54932.719,145231.03,52813.965,26843.807,79657.773,37484.34,28088.912,65573.25,78959.047,35401.43,114360.48,52754.57,26374.832,79129.406,90238.914,54463.742,144702.66
27321,2732,1992,163899.13,57684.047,221583.17,198665.61,79564.203,278229.81,138821,79564.203,218385.2,59844.613,0,59844.613,163243.11,56339.543,219582.66,138025.83,77709.711,215735.53,197870.44,77709.711,275580.16
27322,2732,1992,163899.13,57684.047,221583.17,198665.61,79564.203,278229.81,138821,79564.203,218385.2,59844.613,0,59844.613,163243.11,56339.543,219582.66,138025.83,77709.711,215735.53,197870.44,77709.711,275580.16
27323,2732,1992,163899.13,57684.047,221583.17,198665.61,79564.203,278229.81,138821,79564.203,218385.2,59844.613,0,59844.613,163243.11,56339.543,219582.66,138025.83,77709.711,215735.53,197870.44,77709.711,275580.16
27324,2732,1992,163899.13,57684.047,221583.17,198665.61,79564.203,278229.81,138821,79564.203,218385.2,59844.613,0,59844.613,163243.11,56339.543,219582.66,138025.83,77709.711,215735.53,197870.44,77709.711,275580.16
27325,2732,1992,163899.13,57684.047,221583.17,198665.61,79564.203,278229.81,138821,79564.203,218385.2,59844.613,0,59844.613,163243.11,56339.543,219582.66,138025.83,77709.711,215735.53,197870.44,77709.711,275580.16
27471,2747,1995,17649.475,0,17649.475,33618.047,0,33618.047,-11120.666,0,-11120.666,44738.711,0,44738.711,16071.686,0,16071.686,-14125.979,0,-14125.979,30612.734,0,30612.734
27471,2747,2013,33007.363,35188.215,68195.578,110024.54,127957.15,237981.69,-40511.008,-71386.789,-111897.8,150535.55,199343.94,349879.5,24558.791,26101.422,50660.211,-68672.914,-104429.68,-173102.59,81862.633,94914.258,176776.89
27472,2747,1995,17536.068,0,17536.068,33402.035,0,33402.035,-11047.539,0,-11047.539,44449.574,0,44449.574,15968.414,0,15968.414,-14033.546,0,-14033.546,30416.027,0,30416.027
27472,2747,2013,33007.363,35188.215,68195.578,110024.54,127957.15,237981.69,-40511.008,-71386.789,-111897.8,150535.55,199343.94,349879.5,24558.791,26101.422,50660.211,-68672.914,-104429.68,-173102.59,81862.633,94914.258,176776.89
27473,2747,1995,17812.232,0,17812.232,33928.063,0,33928.063,-13471.944,0,-13471.944,47400.004,0,47400.004,16219.896,0,16219.896,-16504.965,0,-16504.965,30895.039,0,30895.039
27473,2747,2013,33007.363,35188.215,68195.578,110024.54,127957.15,237981.69,-40511.008,-71386.789,-111897.8,150535.55,199343.94,349879.5,24558.791,26101.422,50660.211,-68672.914,-104429.68,-173102.59,81862.633,94914.258,176776.89
27474,2747,1995,17812.232,0,17812.232,33928.063,0,33928.063,-13471.944,0,-13471.944,47400.004,0,47400.004,16219.896,0,16219.896,-16504.965,0,-16504.965,30895.039,0,30895.039
27474,2747,2013,33007.363,35188.215,68195.578,110024.54,127957.15,237981.69,-40511.008,-71386.789,-111897.8,150535.55,199343.94,349879.5,24558.791,26101.422,50660.211,-68672.914,-104429.68,-173102.59,81862.633,94914.258,176776.89
27475,2747,1995,17649.475,0,17649.475,33618.047,0,33618.047,-11120.666,0,-11120.666,44738.711,0,44738.711,16071.686,0,16071.686,-14125.979,0,-14125.979,30612.734,0,30612.734
27475,2747,2013,33007.363,35188.215,68195.578,110024.54,127957.15,237981.69,-40511.008,-71386.789,-111897.8,150535.55,199343.94,349879.5,24558.791,26101.422,50660.211,-68672.914,-104429.68,-173102.59,81862.633,94914.258,176776.89
27501,2750,1998,289912.13,198623.05,488535.19,297345.78,209076.89,506422.69,292154.44,209076.89,501231.31,5191.3447,0,5191.3447,289470.5,196901.33,486371.81,291701.5,207264.56,498966.06,296892.84,207264.56,504157.41
27502,2750,1998,297329.78,204214.95,501544.75,304953.63,214963.11,519916.75,297858.78,214963.11,512821.88,7094.8379,0,7094.8379,296876.75,202444.78,499321.53,297394.13,213099.77,510493.88,304488.97,213099.77,517588.75
27503,2750,1998,280663.78,204324.7,484988.5,287860.25,215078.64,502938.88,282495.88,215078.64,497574.5,5364.3896,0,5364.3896,280343.06,202472.75,482815.81,282166.97,213129.2,495296.19,287531.34,213129.2,500660.56
27504,2750,1998,302554.38,208259.59,510813.97,310312.16,219220.63,529532.75,301659.94,219220.63,520880.56,8652.2412,0,8652.2412,302093.44,206454.42,508547.88,301187.16,217320.44,518507.59,309839.41,217320.44,527159.88
27505,2750,1998,294706.72,202219.78,496926.5,302263.31,212862.92,515126.25,295860.66,212862.92,508723.56,6402.6582,0,6402.6582,294257.66,200466.91,494724.56,295400.06,211017.8,506417.88,301802.72,211017.8,512820.5
27561,2756,2004,63439.324,33548.047,96987.375,140976.28,83870.117,224846.41,-61268.645,83870.117,22601.473,202244.92,0,202244.92,50127.324,24740.203,74867.531,-90850.867,61850.508,-29000.359,111394.05,61850.508,173244.56
27562,2756,2004,63439.324,33548.047,96987.375,140976.28,83870.117,224846.41,-61268.645,83870.117,22601.473,202244.92,0,202244.92,50127.324,24740.203,74867.531,-90850.867,61850.508,-29000.359,111394.05,61850.508,173244.56
27563,2756,2004,63439.324,33548.047,96987.375,140976.28,83870.117,224846.41,-61268.645,83870.117,22601.473,202244.92,0,202244.92,50127.324,24740.203,74867.531,-90850.867,61850.508,-29000.359,111394.05,61850.508,173244.56
27564,2756,2004,63439.324,33548.047,96987.375,140976.28,83870.117,224846.41,-61268.645,83870.117,22601.473,202244.92,0,202244.92,50127.324,24740.203,74867.531,-90850.867,61850.508,-29000.359,111394.05,61850.508,173244.56
27565,2756,2004,63439.324,33548.047,96987.375,140976.28,83870.117,224846.41,-61268.645,83870.117,22601.473,202244.92,0,202244.92,50127.324,24740.203,74867.531,-90850.867,61850.508,-29000.359,111394.05,61850.508,173244.56
27631,2763,2022,120664.02,69313.234,189977.25,268142.28,173283.08,441425.38,38193.75,134048.19,172241.94,229948.53,39234.887,269183.41,90191.016,51353.695,141544.72,-29524.047,89149.359,59625.313,200424.48,128384.24,328808.72
27632,2763,2022,120664.02,69313.234,189977.25,268142.28,173283.08,441425.38,38193.75,134048.19,172241.94,229948.53,39234.887,269183.41,90191.016,51353.695,141544.72,-29524.047,89149.359,59625.313,200424.48,128384.24,328808.72
27633,2763,2022,120664.02,69313.234,189977.25,268142.28,173283.08,441425.38,38193.75,134048.19,172241.94,229948.53,39234.887,269183.41,90191.016,51353.695,141544.72,-29524.047,89149.359,59625.313,200424.48,128384.24,328808.72
27634,2763,2022,120664.02,69313.234,189977.25,268142.28,173283.08,441425.38,38193.75,134048.19,172241.94,229948.53,39234.887,269183.41,90191.016,51353.695,141544.72,-29524.047,89149.359,59625.313,200424.48,128384.24,328808.72
27635,2763,2022,120664.02,69313.234,189977.25,268142.28,173283.08,441425.38,38193.75,134048.19,172241.94,229948.53,39234.887,269183.41,90191.016,51353.695,141544.72,-29524.047,89149.359,59625.313,200424.48,128384.24,328808.72
27641,2764,2019,347345.13,0,347345.13,347345.13,0,347345.13,347345.13,0,347345.13,0,0,0,321229.59,0,321229.59,321229.59,0,321229.59,321229.59,0,321229.59
27642,2764,2019,326913.03,0,326913.03,326913.03,0,326913.03,326913.03,0,326913.03,0,0,0,302333.78,0,302333.78,302333.78,0,302333.78,302333.78,0,302333.78
27643,2764,2019,347345.13,0,347345.13,347345.13,0,347345.13,347345.13,0,347345.13,0,0,0,321229.59,0,321229.59,321229.59,0,321229.59,321229.59,0,321229.59
27644,2764,2019,347345.13,0,347345.13,347345.13,0,347345.13,347345.13,0,347345.13,0,0,0,321229.59,0,321229.59,321229.59,0,321229.59,321229.59,0,321229.59
27645,2764,2019,347345.13,0,347345.13,347345.13,0,347345.13,347345.13,0,347345.13,0,0,0,321229.59,0,321229.59,321229.59,0,321229.59,321229.59,0,321229.59
27651,2765,2007,120281.22,101109.41,221390.63,185048.03,175842.45,360890.5,40072.93,45702.645,85775.578,144975.11,130139.81,275114.94,100653.69,84411.555,185065.25,9876.7188,16662.887,26539.605,154851.83,146802.7,301654.53
27652,2765,2007,120281.22,101109.41,221390.63,185048.03,175842.45,360890.5,40072.93,45702.645,85775.578,144975.11,130139.81,275114.94,100653.69,84411.555,185065.25,9876.7188,16662.887,26539.605,154851.83,146802.7,301654.53
27653,2765,2007,120281.22,101109.41,221390.63,185048.03,175842.45,360890.5,40072.93,45702.645,85775.578,144975.11,130139.81,275114.94,100653.69,84411.555,185065.25,9876.7188,16662.887,26539.605,154851.83,146802.7,301654.53
27654,2765,2007,120281.22,101109.41,221390.63,185048.03,175842.45,360890.5,40072.93,45702.645,85775.578,144975.11,130139.81,275114.94,100653.69,84411.555,185065.25,9876.7188,16662.887,26539.605,154851.83,146802.7,301654.53
27655,2765,2007,120281.22,101109.41,221390.63,185048.03,175842.45,360890.5,40072.93,45702.645,85775.578,144975.11,130139.81,275114.94,100653.69,84411.555,185065.25,9876.7188,16662.887,26539.605,154851.83,146802.7,301654.53
27661,2766,2001,11124.767,0,11124.767,26175.92,0,26175.92,-81.955162,0,-81.955162,26257.877,0,26257.877,8918.6553,0,8918.6553,-5272.8032,0,-5272.8032,20985.072,0,20985.072
27662,2766,2001,11816.155,0,11816.155,27802.719,0,27802.719,8720.3838,0,8720.3838,19082.334,0,19082.334,10165.205,0,10165.205,4835.7964,0,4835.7964,23918.131,0,23918.131
27663,2766,2001,9472.7842,0,9472.7842,22288.902,0,22288.902,-1135.657,0,-1135.657,23424.561,0,23424.561,7091.1875,0,7091.1875,-6739.4136,0,-6739.4136,16685.146,0,16685.146
27664,2766,2001,11124.767,0,11124.767,26175.92,0,26175.92,-81.955162,0,-81.955162,26257.877,0,26257.877,8918.6553,0,8918.6553,-5272.8032,0,-5272.8032,20985.072,0,20985.072
27665,2766,2001,11124.767,0,11124.767,26175.92,0,26175.92,-81.955162,0,-81.955162,26257.877,0,26257.877,8918.6553,0,8918.6553,-5272.8032,0,-5272.8032,20985.072,0,20985.072
28761,2876,1992,1071.5176,0,1071.5176,10715.176,0,10715.176,-73335.953,0,-73335.953,84051.125,0,84051.125,821.5451,0,821.5451,-75835.672,0,-75835.672,8215.4512,0,8215.4512
28762,2876,1992,1071.5176,0,1071.5176,10715.176,0,10715.176,-73335.953,0,-73335.953,84051.125,0,84051.125,821.5451,0,821.5451,-75835.672,0,-75835.672,8215.4512,0,8215.4512
28763,2876,1992,1033.7675,0,1033.7675,10337.675,0,10337.675,-70824.625,0,-70824.625,81162.297,0,81162.297,792.60144,0,792.60144,-73236.281,0,-73236.281,7926.0146,0,7926.0146
28764,2876,1992,1033.7675,0,1033.7675,10337.675,0,10337.675,-70824.625,0,-70824.625,81162.297,0,81162.297,792.60144,0,792.60144,-73236.281,0,-73236.281,7926.0146,0,7926.0146
28765,2876,1992,1033.7675,0,1033.7675,10337.675,0,10337.675,-70824.625,0,-70824.625,81162.297,0,81162.297,792.60144,0,792.60144,-73236.281,0,-73236.281,7926.0146,0,7926.0146
30131,3013,1989,190369.81,217545.98,407915.81,190369.81,217545.98,407915.81,190369.81,217545.98,407915.81,0,0,0,190369.81,217545.98,407915.81,190369.81,217545.98,407915.81,190369.81,217545.98,407915.81
30132,3013,1989,190369.81,217545.98,407915.81,190369.81,217545.98,407915.81,190369.81,217545.98,407915.81,0,0,0,190369.81,217545.98,407915.81,190369.81,217545.98,407915.81,190369.81,217545.98,407915.81
30133,3013,1989,190369.81,217545.98,407915.81,190369.81,217545.98,407915.81,190369.81,217545.98,407915.81,0,0,0,190369.81,217545.98,407915.81,190369.81,217545.98,407915.81,190369.81,217545.98,407915.81
30134,3013,1989,190369.81,217545.98,407915.81,190369.81,217545.98,407915.81,190369.81,217545.98,407915.81,0,0,0,190369.81,217545.98,407915.81,190369.81,217545.98,407915.81,190369.81,217545.98,407915.81
30135,3013,1989,190369.81,217545.98,407915.81,190369.81,217545.98,407915.81,190369.81,217545.98,407915.81,0,0,0,190369.81,217545.98,407915.81,190369.81,217545.98,407915.81,190369.81,217545.98,407915.81
31461,3146,1992,39602.066,31636.85,71238.914,75432.508,60260.664,135693.17,-54331.527,34455.332,-19876.195,129764.03,25805.332,155569.36,38115.781,30404.418,68520.203,-57162.547,32107.846,-25054.701,72601.492,57913.18,130514.67
31462,3146,1992,40182.852,31741.67,71924.523,76538.766,60460.324,136999.09,-57001.426,34654.992,-22346.434,133540.19,25805.332,159345.52,38674.77,30499.594,69174.359,-59873.969,32289.133,-27584.836,73666.227,58094.465,131760.69
31463,3146,1992,39789.672,31674.764,71464.438,75789.852,60332.883,136122.73,-55700.43,34527.551,-21172.879,131490.28,25805.332,157295.61,38296.352,30438.852,68735.203,-58544.852,32173.436,-26371.416,72945.43,57978.77,130924.2
31464,3146,1992,39799.457,31676.631,71476.086,75808.492,60336.438,136144.94,-55735.738,34531.105,-21204.633,131544.23,25805.332,157349.56,38305.766,30440.545,68746.313,-58580.867,32176.66,-26404.207,72963.367,57981.992,130945.36
31465,3146,1992,39716.254,31661.09,71377.344,75650.008,60306.84,135956.84,-55300.828,34501.508,-20799.32,130950.84,25805.332,156756.17,38225.703,30426.428,68652.133,-58139.977,32149.771,-25990.205,72810.859,57955.105,130765.97
31611,3161,1995,103576.13,82447.18,186023.31,159347.89,126841.81,286189.69,44902.008,38888.441,83790.453,114445.88,87953.367,202399.25,100234.69,78112,178346.69,39761.324,32218.943,71980.266,154207.2,120172.31,274379.5
31612,3161,1995,103576.13,95931.766,199507.91,159347.89,147587.33,306935.22,44902.008,8449.6602,53351.668,114445.88,139137.66,253583.53,100234.69,91262.836,191497.53,39761.324,1266.7,41028.023,154207.2,140404.36,294611.56
31613,3161,1995,103576.13,75972.758,179548.89,159347.89,116881.16,276229.06,44902.008,42920.352,87822.359,114445.88,73960.813,188406.69,100234.69,71797.867,172032.56,39761.324,36497.449,76258.773,154207.2,110458.27,264665.47
31614,3161,1995,103576.13,95931.766,199507.91,159347.89,147587.33,306935.22,44902.008,8449.6602,53351.668,114445.88,139137.66,253583.53,100234.69,91262.836,191497.53,39761.324,1266.7,41028.023,154207.2,140404.36,294611.56
31615,3161,1995,103576.13,65258.344,168834.47,159347.89,100397.45,259745.34,44902.008,52422.863,97324.875,114445.88,47974.586,162420.47,100234.69,61348.609,161583.3,39761.324,46407.887,86169.211,154207.2,94382.469,248589.67
31651,3165,2013,104482.4,49676.332,154158.73,154788.73,99352.664,254141.41,95224.43,43852.574,139077,59564.305,55500.094,115064.4,79851.906,37660.168,117512.08,58734.813,19820.246,78555.063,118299.12,75320.336,193619.45
31652,3165,2013,104482.4,49676.332,154158.73,154788.73,99352.664,254141.41,95224.43,43852.574,139077,59564.305,55500.094,115064.4,79851.906,37660.168,117512.08,58734.813,19820.246,78555.063,118299.12,75320.336,193619.45
31653,3165,2013,104482.4,49676.332,154158.73,154788.73,99352.664,254141.41,95224.43,43852.574,139077,59564.305,55500.094,115064.4,79851.906,37660.168,117512.08,58734.813,19820.246,78555.063,118299.12,75320.336,193619.45
31654,3165,2013,104482.4,49676.332,154158.73,154788.73,99352.664,254141.41,95224.43,43852.574,139077,59564.305,55500.094,115064.4,79851.906,37660.168,117512.08,58734.813,19820.246,78555.063,118299.12,75320.336,193619.45
31655,3165,2013,104482.4,49676.332,154158.73,154788.73,99352.664,254141.41,95224.43,43852.574,139077,59564.305,55500.094,115064.4,79851.906,37660.168,117512.08,58734.813,19820.246,78555.063,118299.12,75320.336,193619.45
31681,3168,1998,37459.527,0,37459.527,57630.039,0,57630.039,34353.543,0,34353.543,23276.496,0,23276.496,35741.746,0,35741.746,31710.809,0,31710.809,54987.305,0,54987.305
31682,3168,1998,37459.527,0,37459.527,57630.039,0,57630.039,34353.543,0,34353.543,23276.496,0,23276.496,35741.746,0,35741.746,31710.809,0,31710.809,54987.305,0,54987.305
31683,3168,1998,37459.527,0,37459.527,57630.039,0,57630.039,34353.543,0,34353.543,23276.496,0,23276.496,35741.746,0,35741.746,31710.809,0,31710.809,54987.305,0,54987.305
31684,3168,1998,37459.527,0,37459.527,57630.039,0,57630.039,34353.543,0,34353.543,23276.496,0,23276.496,35741.746,0,35741.746,31710.809,0,31710.809,54987.305,0,54987.305
31685,3168,1998,37459.527,0,37459.527,57630.039,0,57630.039,34353.543,0,34353.543,23276.496,0,23276.496,35741.746,0,35741.746,31710.809,0,31710.809,54987.305,0,54987.305
31711,3171,2016,100983.98,160945.2,261929.19,252459.97,321890.41,574350.38,-89811.508,216009.75,126198.24,342271.47,105880.66,448152.13,75215.531,121661.91,196877.44,-154232.64,137443.14,-16789.5,188038.83,243323.81,431362.63
31712,3171,2016,94011.539,160945.2,254956.75,235028.86,321890.41,556919.25,-116972.4,216009.75,99037.352,352001.25,105880.66,457881.91,69743.906,121661.91,191405.81,-177641.48,137443.14,-40198.344,174359.78,243323.81,417683.59
31713,3171,2016,100983.98,160945.2,261929.19,252459.97,321890.41,574350.38,-89811.508,216009.75,126198.24,342271.47,105880.66,448152.13,75215.531,121661.91,196877.44,-154232.64,137443.14,-16789.5,188038.83,243323.81,431362.63
31714,3171,2016,100983.98,160945.2,261929.19,252459.97,321890.41,574350.38,-89811.508,216009.75,126198.24,342271.47,105880.66,448152.13,75215.531,121661.91,196877.44,-154232.64,137443.14,-16789.5,188038.83,243323.81,431362.63
31715,3171,2016,100983.98,160945.2,261929.19,252459.97,321890.41,574350.38,-89811.508,216009.75,126198.24,342271.47,105880.66,448152.13,75215.531,121661.91,196877.44,-154232.64,137443.14,-16789.5,188038.83,243323.81,431362.63
31721,3172,2004,147420.27,203021.66,350441.94,196560.36,261963.44,458523.81,128972.38,171051.05,300023.44,67587.984,90912.398,158500.38,136192.94,187978.3,324171.25,114002.59,151640.25,265642.84,181590.58,242552.64,424143.22
31722,3172,2004,147592.34,204123.78,351716.13,196789.8,263385.53,460175.31,129201.81,171006.84,300208.66,67587.984,92378.68,159966.66,136337.58,188998.64,325336.22,114195.44,151490.53,265685.97,181783.42,243869.2,425652.63
31723,3172,2004,147375.72,202728.97,350104.69,196500.97,261585.77,458086.75,128912.98,170673.38,299586.38,67587.984,90912.398,158500.38,136155.47,187707.23,323862.69,113952.65,151290.48,265243.13,181540.64,242202.88,423743.5
31724,3172,2004,147623.61,204330.36,351953.97,196831.48,263652.09,460483.56,129243.51,171273.41,300516.91,67587.984,92378.68,159966.66,136363.84,189189.94,325553.78,114230.48,151737.38,265967.84,181818.45,244116.05,425934.5
31725,3172,2004,149025.39,204330.36,353355.75,198700.5,263652.09,462352.59,129576.45,171273.41,300849.88,69124.055,92378.68,161502.73,137690.63,189189.94,326880.56,114463.45,151737.38,266200.81,183587.5,244116.05,427703.56
31801,3180,2007,65313.801,33168.133,98481.938,130627.6,82920.336,213547.94,-40522.484,67378.523,26856.039,171150.08,15541.811,186691.89,53498.004,25268.383,78766.391,-64154.074,47629.145,-16524.93,106996.01,63170.953,170166.97
31802,3180,2007,65313.801,33168.133,98481.938,130627.6,82920.336,213547.94,-40522.484,67378.523,26856.039,171150.08,15541.811,186691.89,53498.004,25268.383,78766.391,-64154.074,47629.145,-16524.93,106996.01,63170.953,170166.97
31803,3180,2007,65313.801,33168.133,98481.938,130627.6,82920.336,213547.94,-40522.484,67378.523,26856.039,171150.08,15541.811,186691.89,53498.004,25268.383,78766.391,-64154.074,47629.145,-16524.93,106996.01,63170.953,170166.97
31804,3180,2007,65313.801,33168.133,98481.938,130627.6,82920.336,213547.94,-40522.484,67378.523,26856.039,171150.08,15541.811,186691.89,53498.004,25268.383,78766.391,-64154.074,47629.145,-16524.93,106996.01,63170.953,170166.97
31805,3180,2007,65313.801,33168.133,98481.938,130627.6,82920.336,213547.94,-40522.484,67378.523,26856.039,171150.08,15541.811,186691.89,53498.004,25268.383,78766.391,-64154.074,47629.145,-16524.93,106996.01,63170.953,170166.97
31821,3182,2022,197658.8,126294.36,323953.16,197658.8,126294.36,323953.16,197658.8,126294.36,323953.16,0,0,0,181531.31,120386.36,301917.69,181531.31,120386.36,301917.69,181531.31,120386.36,301917.69
31822,3182,2022,197658.8,126294.36,323953.16,197658.8,126294.36,323953.16,197658.8,126294.36,323953.16,0,0,0,181531.31,120386.36,301917.69,181531.31,120386.36,301917.69,181531.31,120386.36,301917.69
31823,3182,2022,197658.8,126294.36,323953.16,197658.8,126294.36,323953.16,197658.8,126294.36,323953.16,0,0,0,181531.31,120386.36,301917.69,181531.31,120386.36,301917.69,181531.31,120386.36,301917.69
31824,3182,2022,197658.8,126294.36,323953.16,197658.8,126294.36,323953.16,197658.8,126294.36,323953.16,0,0,0,181531.31,120386.36,301917.69,181531.31,120386.36,301917.69,181531.31,120386.36,301917.69
31825,3182,2022,197658.8,126294.36,323953.16,197658.8,126294.36,323953.16,197658.8,126294.36,323953.16,0,0,0,181531.31,120386.36,301917.69,181531.31,120386.36,301917.69,181531.31,120386.36,301917.69
31851,3185,2019,642021.88,665354.25,1307376.1,642021.88,665354.25,1307376.1,642021.88,665354.25,1307376.1,0,0,0,592419.63,569365.44,1161785,592419.63,569365.44,1161785,592419.63,569365.44,1161785
31852,3185,2019,642021.88,665354.25,1307376.1,642021.88,665354.25,1307376.1,642021.88,665354.25,1307376.1,0,0,0,592419.63,569365.44,1161785,592419.63,569365.44,1161785,592419.63,569365.44,1161785
31853,3185,2019,642021.88,665354.25,1307376.1,642021.88,665354.25,1307376.1,642021.88,665354.25,1307376.1,0,0,0,592419.63,569365.44,1161785,592419.63,569365.44,1161785,592419.63,569365.44,1161785
31854,3185,2019,642021.88,665354.25,1307376.1,642021.88,665354.25,1307376.1,642021.88,665354.25,1307376.1,0,0,0,592419.63,569365.44,1161785,592419.63,569365.44,1161785,592419.63,569365.44,1161785
31855,3185,2019,642021.88,665354.25,1307376.1,642021.88,665354.25,1307376.1,642021.88,665354.25,1307376.1,0,0,0,592419.63,569365.44,1161785,592419.63,569365.44,1161785,592419.63,569365.44,1161785
31861,3186,2001,239042.47,85433.563,324476.03,265602.75,122047.95,387650.69,154204.17,122047.95,276252.13,111398.57,0,111398.57,235117.08,77955.172,313072.25,149842.64,111364.54,261207.19,261241.2,111364.54,372605.75
31862,3186,2001,239042.47,85433.563,324476.03,265602.75,122047.95,387650.69,154204.17,122047.95,276252.13,111398.57,0,111398.57,235117.08,77955.172,313072.25,149842.64,111364.54,261207.19,261241.2,111364.54,372605.75
31863,3186,2001,239042.47,85433.563,324476.03,265602.75,122047.95,387650.69,154204.17,122047.95,276252.13,111398.57,0,111398.57,235117.08,77955.172,313072.25,149842.64,111364.54,261207.19,261241.2,111364.54,372605.75
31864,3186,2001,239042.47,85433.563,324476.03,265602.75,122047.95,387650.69,154204.17,122047.95,276252.13,111398.57,0,111398.57,235117.08,77955.172,313072.25,149842.64,111364.54,261207.19,261241.2,111364.54,372605.75
31865,3186,2001,239042.47,85433.563,324476.03,265602.75,122047.95,387650.69,154204.17,122047.95,276252.13,111398.57,0,111398.57,235117.08,77955.172,313072.25,149842.64,111364.54,261207.19,261241.2,111364.54,372605.75
32071,3207,1992,28010.594,0,28010.594,46684.324,0,46684.324,3149.2844,0,3149.2844,43535.039,0,43535.039,27435.271,0,27435.271,2190.4138,0,2190.4138,45725.453,0,45725.453
32072,3207,1992,28010.594,0,28010.594,46684.324,0,46684.324,3149.2844,0,3149.2844,43535.039,0,43535.039,27435.271,0,27435.271,2190.4138,0,2190.4138,45725.453,0,45725.453
32073,3207,1992,28010.594,0,28010.594,46684.324,0,46684.324,3149.2844,0,3149.2844,43535.039,0,43535.039,27435.271,0,27435.271,2190.4138,0,2190.4138,45725.453,0,45725.453
32074,3207,1992,28010.594,0,28010.594,46684.324,0,46684.324,3149.2844,0,3149.2844,43535.039,0,43535.039,27435.271,0,27435.271,2190.4138,0,2190.4138,45725.453,0,45725.453
32075,3207,1992,28010.594,0,28010.594,46684.324,0,46684.324,3149.2844,0,3149.2844,43535.039,0,43535.039,27435.271,0,27435.271,2190.4138,0,2190.4138,45725.453,0,45725.453
32121,3212,2010,576.45526,0,576.45526,23058.209,0,23058.209,-70610.141,0,-70610.141,93668.352,0,93668.352,422.61353,0,422.61353,-76763.813,0,-76763.813,16904.541,0,16904.541
32122,3212,2010,497.79587,0,497.79587,19911.834,0,19911.834,-58471.23,0,-58471.23,78383.063,0,78383.063,364.94632,0,364.94632,-63785.215,0,-63785.215,14597.853,0,14597.853
32123,3212,2010,497.79587,0,497.79587,19911.834,0,19911.834,-58471.23,0,-58471.23,78383.063,0,78383.063,364.94632,0,364.94632,-63785.215,0,-63785.215,14597.853,0,14597.853
32124,3212,2010,497.79587,0,497.79587,19911.834,0,19911.834,-58471.23,0,-58471.23,78383.063,0,78383.063,364.94632,0,364.94632,-63785.215,0,-63785.215,14597.853,0,14597.853
32125,3212,2010,497.79587,0,497.79587,19911.834,0,19911.834,-58471.23,0,-58471.23,78383.063,0,78383.063,364.94632,0,364.94632,-63785.215,0,-63785.215,14597.853,0,14597.853
32231,3223,1995,39343.102,0,39343.102,78686.203,0,78686.203,-19357.617,0,-19357.617,98043.82,0,98043.82,37124.199,0,37124.199,-23795.42,0,-23795.42,74248.398,0,74248.398
32232,3223,1995,39002.711,0,39002.711,78005.422,0,78005.422,-15226.768,0,-15226.768,93232.188,0,93232.188,36802.996,0,36802.996,-19626.199,0,-19626.199,73605.992,0,73605.992
32233,3223,1995,39400.387,0,39400.387,78800.773,0,78800.773,-16493.541,0,-16493.541,95294.313,0,95294.313,37178.238,0,37178.238,-20937.836,0,-20937.836,74356.477,0,74356.477
32234,3223,1995,38803.059,0,38803.059,77606.117,0,77606.117,-18719.244,0,-18719.244,96325.359,0,96325.359,36614.613,0,36614.613,-23096.133,0,-23096.133,73229.227,0,73229.227
32235,3223,1995,38438.121,0,38438.121,76876.242,0,76876.242,-18418.066,0,-18418.066,95294.313,0,95294.313,36270.254,0,36270.254,-22753.803,0,-22753.803,72540.508,0,72540.508
32271,3227,2013,127086.27,80784.117,207870.39,242069.09,153874.5,395943.59,20314.512,153874.5,174189.02,221754.58,0,221754.58,95270.898,61337.191,156608.09,-40286.195,116832.74,76546.547,181468.38,116832.74,298301.13
32272,3227,2013,118524.42,75251.031,193775.45,225760.8,143335.3,369096.09,91384.031,143335.3,234719.33,134376.77,0,134376.77,88852.422,57136.07,145988.5,34865.949,108830.61,143696.56,169242.72,108830.61,278073.31
32273,3227,2013,111322.78,80959.969,192282.75,212043.41,154209.47,366252.88,59500.43,154209.47,213709.91,152542.97,0,152542.97,83479,61406.762,144885.77,6464.6426,116965.27,123429.91,159007.63,116965.27,275972.88
32274,3227,2013,118171.22,86787.727,204958.94,225088.03,165309.95,390398,-15048.262,165309.95,150261.69,240136.3,0,240136.3,90086.586,65781.672,155868.25,-68542.805,125298.42,56755.617,171593.5,125298.42,296891.94
32275,3227,2013,110183.12,80131.844,190314.97,209872.59,152632.08,362504.69,76830.563,152632.08,229462.64,133042.03,0,133042.03,82624.43,60778.645,143403.08,24337.836,115768.85,140106.69,157379.88,115768.85,273148.72
32301,3230,1998,4465.7334,0,4465.7334,44657.336,0,44657.336,-61467.832,0,-61467.832,106125.17,0,106125.17,3411.1426,0,3411.1426,-72013.75,0,-72013.75,34111.426,0,34111.426
32302,3230,1998,4465.7334,0,4465.7334,44657.336,0,44657.336,-61467.832,0,-61467.832,106125.17,0,106125.17,3411.1426,0,3411.1426,-72013.75,0,-72013.75,34111.426,0,34111.426
32303,3230,1998,4465.7334,0,4465.7334,44657.336,0,44657.336,-61467.832,0,-61467.832,106125.17,0,106125.17,3411.1426,0,3411.1426,-72013.75,0,-72013.75,34111.426,0,34111.426
32304,3230,1998,4375.2373,0,4375.2373,43752.371,0,43752.371,-61368.902,0,-61368.902,105121.27,0,105121.27,3342.0186,0,3342.0186,-71701.086,0,-71701.086,33420.184,0,33420.184
32305,3230,1998,4375.2373,0,4375.2373,43752.371,0,43752.371,-61368.902,0,-61368.902,105121.27,0,105121.27,3342.0186,0,3342.0186,-71701.086,0,-71701.086,33420.184,0,33420.184
32321,3232,2016,522683.09,428079.25,950762.38,522683.09,428079.25,950762.38,522683.09,428079.25,950762.38,0,0,0,511187.66,412992.41,924180.06,511187.66,412992.41,924180.06,511187.66,412992.41,924180.06
32322,3232,2016,504669.78,421729.19,926399,504669.78,421729.19,926399,504669.78,421729.19,926399,0,0,0,493568.44,406978.97,900547.38,493568.44,406978.97,900547.38,493568.44,406978.97,900547.38
32323,3232,2016,522683.09,428079.25,950762.38,522683.09,428079.25,950762.38,522683.09,428079.25,950762.38,0,0,0,511187.66,412992.41,924180.06,511187.66,412992.41,924180.06,511187.66,412992.41,924180.06
32324,3232,2016,504669.78,421729.19,926399,504669.78,421729.19,926399,504669.78,421729.19,926399,0,0,0,493568.44,406978.97,900547.38,493568.44,406978.97,900547.38,493568.44,406978.97,900547.38
32325,3232,2016,522683.09,428079.25,950762.38,522683.09,428079.25,950762.38,522683.09,428079.25,950762.38,0,0,0,511187.66,412992.41,924180.06,511187.66,412992.41,924180.06,511187.66,412992.41,924180.06
32331,3233,2004,0,0,0,27936.09,0,27936.09,-62203.141,0,-62203.141,90139.234,0,90139.234,0,0,0,-69664.758,0,-69664.758,20474.482,0,20474.482
32332,3233,2004,0,0,0,27936.09,0,27936.09,-62203.141,0,-62203.141,90139.234,0,90139.234,0,0,0,-69664.758,0,-69664.758,20474.482,0,20474.482
32333,3233,2004,0,0,0,27936.09,0,27936.09,-62203.141,0,-62203.141,90139.234,0,90139.234,0,0,0,-69664.758,0,-69664.758,20474.482,0,20474.482
32334,3233,2004,0,0,0,24060.271,0,24060.271,-52504.531,0,-52504.531,76564.805,0,76564.805,0,0,0,-58930.934,0,-58930.934,17633.865,0,17633.865
32335,3233,2004,0,0,0,24060.271,0,24060.271,-52504.531,0,-52504.531,76564.805,0,76564.805,0,0,0,-58930.934,0,-58930.934,17633.865,0,17633.865
32411,3241,2007,246551.52,204647.83,451199.34,246551.52,204647.83,451199.34,246551.52,204647.83,451199.34,0,0,0,245865.66,203395.38,449261.03,245865.66,203395.38,449261.03,245865.66,203395.38,449261.03
32412,3241,2007,246551.52,204647.83,451199.34,246551.52,204647.83,451199.34,246551.52,204647.83,451199.34,0,0,0,245865.66,203395.38,449261.03,245865.66,203395.38,449261.03,245865.66,203395.38,449261.03
32413,3241,2007,246551.52,204647.83,451199.34,246551.52,204647.83,451199.34,246551.52,204647.83,451199.34,0,0,0,245865.66,203395.38,449261.03,245865.66,203395.38,449261.03,245865.66,203395.38,449261.03
32414,3241,2007,246551.52,204647.83,451199.34,246551.52,204647.83,451199.34,246551.52,204647.83,451199.34,0,0,0,245865.66,203395.38,449261.03,245865.66,203395.38,449261.03,245865.66,203395.38,449261.03
32415,3241,2007,246551.52,204647.83,451199.34,246551.52,204647.83,451199.34,246551.52,204647.83,451199.34,0,0,0,245865.66,203395.38,449261.03,245865.66,203395.38,449261.03,245865.66,203395.38,449261.03
32431,3243,2022,333876.94,0,333876.94,360948.03,0,360948.03,203008.08,0,203008.08,157939.95,0,157939.95,242189.06,0,242189.06,103886.06,0,103886.06,261826.02,0,261826.02
32432,3243,2022,333876.94,0,333876.94,360948.03,0,360948.03,203008.08,0,203008.08,157939.95,0,157939.95,242189.06,0,242189.06,103886.06,0,103886.06,261826.02,0,261826.02
32433,3243,2022,333876.94,0,333876.94,360948.03,0,360948.03,203008.08,0,203008.08,157939.95,0,157939.95,242189.06,0,242189.06,103886.06,0,103886.06,261826.02,0,261826.02
32434,3243,2022,333876.94,0,333876.94,360948.03,0,360948.03,203008.08,0,203008.08,157939.95,0,157939.95,242189.06,0,242189.06,103886.06,0,103886.06,261826.02,0,261826.02
32435,3243,2022,333876.94,0,333876.94,360948.03,0,360948.03,203008.08,0,203008.08,157939.95,0,157939.95,242189.06,0,242189.06,103886.06,0,103886.06,261826.02,0,261826.02
32461,3246,2019,178367.33,336931.91,515299.25,178367.33,336931.91,515299.25,178367.33,336931.91,515299.25,0,0,0,167175.64,300984.75,468160.38,167175.64,300984.75,468160.38,167175.64,300984.75,468160.38
32462,3246,2019,225694.66,376897.13,602591.75,225694.66,376897.13,602591.75,225694.66,376897.13,602591.75,0,0,0,212212.53,336686.13,548898.63,212212.53,336686.13,548898.63,212212.53,336686.13,548898.63
32463,3246,2019,191141.55,386693.75,577835.31,191141.55,386693.75,577835.31,191141.55,386693.75,577835.31,0,0,0,178796.13,345437.69,524233.81,178796.13,345437.69,524233.81,178796.13,345437.69,524233.81
32464,3246,2019,208566.45,357376.28,565942.75,208566.45,357376.28,565942.75,208566.45,357376.28,565942.75,0,0,0,195982.61,319248.13,515230.75,195982.61,319248.13,515230.75,195982.61,319248.13,515230.75
32465,3246,2019,208566.45,357376.28,565942.75,208566.45,357376.28,565942.75,208566.45,357376.28,565942.75,0,0,0,195982.61,319248.13,515230.75,195982.61,319248.13,515230.75,195982.61,319248.13,515230.75
32471,3247,2001,342995.88,184255.06,527250.94,342995.88,184255.06,527250.94,342995.88,184255.06,527250.94,0,0,0,341057.53,180916.13,521973.66,341057.53,180916.13,521973.66,341057.53,180916.13,521973.66
32472,3247,2001,342995.88,184255.06,527250.94,342995.88,184255.06,527250.94,342995.88,184255.06,527250.94,0,0,0,341057.53,180916.13,521973.66,341057.53,180916.13,521973.66,341057.53,180916.13,521973.66
32473,3247,2001,342995.88,184255.06,527250.94,342995.88,184255.06,527250.94,342995.88,184255.06,527250.94,0,0,0,341057.53,180916.13,521973.66,341057.53,180916.13,521973.66,341057.53,180916.13,521973.66
32474,3247,2001,342995.88,184255.06,527250.94,342995.88,184255.06,527250.94,342995.88,184255.06,527250.94,0,0,0,341057.53,180916.13,521973.66,341057.53,180916.13,521973.66,341057.53,180916.13,521973.66
32475,3247,2001,342995.88,184255.06,527250.94,342995.88,184255.06,527250.94,342995.88,184255.06,527250.94,0,0,0,341057.53,180916.13,521973.66,341057.53,180916.13,521973.66,341057.53,180916.13,521973.66
32741,3274,2010,16077.531,10393.229,26470.76,64310.125,69288.195,133598.31,-66720.93,-81223.352,-147944.28,131031.05,150511.55,281542.59,12094.094,7764.8027,19858.896,-82654.68,-98746.188,-181400.88,48376.375,51765.352,100141.73
32742,3274,2010,16077.531,10393.229,26470.76,64310.125,69288.195,133598.31,-66720.93,-81223.352,-147944.28,131031.05,150511.55,281542.59,12094.094,7764.8027,19858.896,-82654.68,-98746.188,-181400.88,48376.375,51765.352,100141.73
32743,3274,2010,15224.817,10393.229,25618.047,60899.27,69288.195,130187.47,-59212.539,-81223.352,-140435.89,120111.8,150511.55,270623.34,11450.628,7764.8027,19215.43,-74309.297,-98746.188,-173055.48,45802.512,51765.352,97567.859
32744,3274,2010,15011.069,10393.229,25404.297,60044.277,69288.195,129332.47,-57337.73,-81223.352,-138561.08,117382.01,150511.55,267893.56,11289.335,7764.8027,19054.137,-72224.672,-98746.188,-170970.86,45157.34,51765.352,96922.688
32745,3274,2010,15224.817,10393.229,25618.047,60899.27,69288.195,130187.47,-59212.539,-81223.352,-140435.89,120111.8,150511.55,270623.34,11450.628,7764.8027,19215.43,-74309.297,-98746.188,-173055.48,45802.512,51765.352,97567.859
32811,3281,1989,175387.38,250349.31,425736.69,175387.38,250349.31,425736.69,175387.38,250349.31,425736.69,0,0,0,175387.38,250349.31,425736.69,175387.38,250349.31,425736.69,175387.38,250349.31,425736.69
32812,3281,1989,175387.38,250349.31,425736.69,175387.38,250349.31,425736.69,175387.38,250349.31,425736.69,0,0,0,175387.38,250349.31,425736.69,175387.38,250349.31,425736.69,175387.38,250349.31,425736.69
32813,3281,1989,175387.38,250349.31,425736.69,175387.38,250349.31,425736.69,175387.38,250349.31,425736.69,0,0,0,175387.38,250349.31,425736.69,175387.38,250349.31,425736.69,175387.38,250349.31,425736.69
32814,3281,1989,175387.38,250349.31,425736.69,175387.38,250349.31,425736.69,175387.38,250349.31,425736.69,0,0,0,175387.38,250349.31,425736.69,175387.38,250349.31,425736.69,175387.38,250349.31,425736.69
32815,3281,1989,175387.38,250349.31,425736.69,175387.38,250349.31,425736.69,175387.38,250349.31,425736.69,0,0,0,175387.38,250349.31,425736.69,175387.38,250349.31,425736.69,175387.38,250349.31,425736.69
33031,3303,1992,60613.461,0,60613.461,60613.461,0,60613.461,60613.461,0,60613.461,0,0,0,60613.461,0,60613.461,60613.461,0,60613.461,60613.461,0,60613.461
33032,3303,1992,60613.461,0,60613.461,60613.461,0,60613.461,60613.461,0,60613.461,0,0,0,60613.461,0,60613.461,60613.461,0,60613.461,60613.461,0,60613.461
33033,3303,1992,60613.461,0,60613.461,60613.461,0,60613.461,60613.461,0,60613.461,0,0,0,60613.461,0,60613.461,60613.461,0,60613.461,60613.461,0,60613.461
33034,3303,1992,60613.461,0,60613.461,60613.461,0,60613.461,60613.461,0,60613.461,0,0,0,60613.461,0,60613.461,60613.461,0,60613.461,60613.461,0,60613.461
33035,3303,1992,60613.461,0,60613.461,60613.461,0,60613.461,60613.461,0,60613.461,0,0,0,60613.461,0,60613.461,60613.461,0,60613.461,60613.461,0,60613.461
33201,3320,1995,53360.645,39953.137,93313.781,73600.891,61466.363,135067.25,31505.008,31861.395,63366.402,42095.879,29604.969,71700.844,52815.125,38272.348,91087.469,30752.566,29275.563,60028.129,72848.445,58880.531,131728.97
33202,3320,1995,53360.645,36880.637,90241.281,73600.891,56739.438,130340.33,31505.008,45751.523,77256.531,42095.879,10987.917,53083.797,52815.125,35645.91,88461.031,30752.566,43851.941,74604.508,72848.445,54839.859,127688.3
33203,3320,1995,53360.645,38305.082,91665.727,73600.891,58930.895,132531.78,31505.008,35251.688,66756.695,42095.879,23679.209,65775.086,52815.125,36964.867,89779.992,30752.566,33189.82,63942.387,72848.445,56869.023,129717.47
33204,3320,1995,53360.645,36880.637,90241.281,73600.891,56739.438,130340.33,31505.008,39241.219,70746.227,42095.879,17498.223,59594.102,52815.125,35645.91,88461.031,30752.566,37341.637,68094.203,72848.445,54839.859,127688.3
33205,3320,1995,53360.645,36880.637,90241.281,73600.891,56739.438,130340.33,31505.008,45495.598,77000.609,42095.879,11243.84,53339.719,52815.125,35645.91,88461.031,30752.566,43596.016,74348.578,72848.445,54839.859,127688.3
33231,3323,2013,269580.88,0,269580.88,276493.22,0,276493.22,266680.81,0,266680.81,9812.4111,0,9812.4111,255081.81,0,255081.81,251809.95,0,251809.95,261622.36,0,261622.36
33232,3323,2013,269580.88,0,269580.88,276493.22,0,276493.22,266680.81,0,266680.81,9812.4111,0,9812.4111,255081.81,0,255081.81,251809.95,0,251809.95,261622.36,0,261622.36
33233,3323,2013,269580.88,0,269580.88,276493.22,0,276493.22,266680.81,0,266680.81,9812.4111,0,9812.4111,255081.81,0,255081.81,251809.95,0,251809.95,261622.36,0,261622.36
33234,3323,2013,269580.88,0,269580.88,276493.22,0,276493.22,266680.81,0,266680.81,9812.4111,0,9812.4111,255081.81,0,255081.81,251809.95,0,251809.95,261622.36,0,261622.36
33235,3323,2013,269580.88,0,269580.88,276493.22,0,276493.22,266680.81,0,266680.81,9812.4111,0,9812.4111,255081.81,0,255081.81,251809.95,0,251809.95,261622.36,0,261622.36
33271,3327,1998,39727.848,0,39727.848,83637.57,0,83637.57,-9129.1563,0,-9129.1563,92766.727,0,92766.727,33126.422,0,33126.422,-23026.889,0,-23026.889,69739.836,0,69739.836
33272,3327,1998,39727.848,0,39727.848,83637.57,0,83637.57,-9129.1563,0,-9129.1563,92766.727,0,92766.727,33126.422,0,33126.422,-23026.889,0,-23026.889,69739.836,0,69739.836
33273,3327,1998,39727.848,0,39727.848,83637.57,0,83637.57,-9129.1563,0,-9129.1563,92766.727,0,92766.727,33126.422,0,33126.422,-23026.889,0,-23026.889,69739.836,0,69739.836
33274,3327,1998,39727.848,0,39727.848,83637.57,0,83637.57,-9129.1563,0,-9129.1563,92766.727,0,92766.727,33126.422,0,33126.422,-23026.889,0,-23026.889,69739.836,0,69739.836
33275,3327,1998,39727.848,0,39727.848,83637.57,0,83637.57,-9129.1563,0,-9129.1563,92766.727,0,92766.727,33126.422,0,33126.422,-23026.889,0,-23026.889,69739.836,0,69739.836
33281,3328,2016,9885.417,3634.7461,13520.163,56488.098,48463.281,104951.38,-39819.262,-11248.079,-51067.34,96307.359,59711.359,156018.72,7303.4141,2651.6436,9955.0576,-54573.566,-24356.115,-78929.68,41733.793,35355.246,77089.039
33282,3328,2016,9885.417,3634.7461,13520.163,56488.098,48463.281,104951.38,-39819.262,-11248.079,-51067.34,96307.359,59711.359,156018.72,7303.4141,2651.6436,9955.0576,-54573.566,-24356.115,-78929.68,41733.793,35355.246,77089.039
33283,3328,2016,9885.417,3634.7461,13520.163,56488.098,48463.281,104951.38,-39819.262,-11248.079,-51067.34,96307.359,59711.359,156018.72,7303.4141,2651.6436,9955.0576,-54573.566,-24356.115,-78929.68,41733.793,35355.246,77089.039
33284,3328,2016,9885.417,3634.7461,13520.163,56488.098,48463.281,104951.38,-39819.262,-11248.079,-51067.34,96307.359,59711.359,156018.72,7303.4141,2651.6436,9955.0576,-54573.566,-24356.115,-78929.68,41733.793,35355.246,77089.039
33285,3328,2016,9885.417,3533.6003,13419.018,56488.098,47114.672,103602.77,-39819.262,-11677.426,-51496.688,96307.359,58792.098,155099.45,7303.4141,2577.8044,9881.2188,-54573.566,-24421.371,-78994.938,41733.793,34370.727,76104.516
33301,3330,2004,10771.677,0,10771.677,71811.18,0,71811.18,-117774.44,0,-117774.44,189585.61,0,189585.61,8167.9058,0,8167.9058,-135132.91,0,-135132.91,54452.703,0,54452.703
33302,3330,2004,10771.677,0,10771.677,71811.18,0,71811.18,-117774.44,0,-117774.44,189585.61,0,189585.61,8167.9058,0,8167.9058,-135132.91,0,-135132.91,54452.703,0,54452.703
33303,3330,2004,10771.677,0,10771.677,71811.18,0,71811.18,-117774.44,0,-117774.44,189585.61,0,189585.61,8167.9058,0,8167.9058,-135132.91,0,-135132.91,54452.703,0,54452.703
33304,3330,2004,10765.103,0,10765.103,71767.352,0,71767.352,-117818.27,0,-117818.27,189585.61,0,189585.61,8162.9233,0,8162.9233,-135166.13,0,-135166.13,54419.488,0,54419.488
33305,3330,2004,10771.677,0,10771.677,71811.18,0,71811.18,-117774.44,0,-117774.44,189585.61,0,189585.61,8167.9058,0,8167.9058,-135132.91,0,-135132.91,54452.703,0,54452.703
33391,3339,2007,293905.06,397378.41,691283.5,293905.06,397378.41,691283.5,293905.06,397378.41,691283.5,0,0,0,293457.16,393634.13,687091.25,293457.16,393634.13,687091.25,293457.16,393634.13,687091.25
33392,3339,2007,259356.5,422668.81,682025.31,259356.5,422668.81,682025.31,259356.5,422668.81,682025.31,0,0,0,258954.69,418927.78,677882.5,258954.69,418927.78,677882.5,258954.69,418927.78,677882.5
33393,3339,2007,259339.77,380437.91,639777.69,259339.77,380437.91,639777.69,259339.77,380437.91,639777.69,0,0,0,258941.86,376953.28,635895.13,258941.86,376953.28,635895.13,258941.86,376953.28,635895.13
33394,3339,2007,259348.11,401553.31,660901.44,259348.11,401553.31,660901.44,259348.11,401553.31,660901.44,0,0,0,258948.3,397940.5,656888.81,258948.3,397940.5,656888.81,258948.3,397940.5,656888.81
33395,3339,2007,276630.75,410023.53,686654.25,276630.75,410023.53,686654.25,276630.75,410023.53,686654.25,0,0,0,276205.94,406280.91,682486.88,276205.94,406280.91,682486.88,276205.94,406280.91,682486.88
33411,3341,2022,74700.445,0,74700.445,74700.445,0,74700.445,74700.445,0,74700.445,0,0,0,72155.945,0,72155.945,72155.945,0,72155.945,72155.945,0,72155.945
33412,3341,2022,76872.883,0,76872.883,76872.883,0,76872.883,76872.883,0,76872.883,0,0,0,74039.852,0,74039.852,74039.852,0,74039.852,74039.852,0,74039.852
33413,3341,2022,66237.32,0,66237.32,66237.32,0,66237.32,66237.32,0,66237.32,0,0,0,64681.199,0,64681.199,64681.199,0,64681.199,64681.199,0,64681.199
33414,3341,2022,74700.445,0,74700.445,74700.445,0,74700.445,74700.445,0,74700.445,0,0,0,72155.945,0,72155.945,72155.945,0,72155.945,72155.945,0,72155.945
33415,3341,2022,75755.75,0,75755.75,75755.75,0,75755.75,75755.75,0,75755.75,0,0,0,73065.609,0,73065.609,73065.609,0,73065.609,73065.609,0,73065.609
33421,3342,2019,495845.13,435849.09,931694.25,495845.13,435849.09,931694.25,495845.13,435849.09,931694.25,0,0,0,440720.84,404620.72,845341.56,440720.84,404620.72,845341.56,440720.84,404620.72,845341.56
33422,3342,2019,495845.13,435849.09,931694.25,495845.13,435849.09,931694.25,495845.13,435849.09,931694.25,0,0,0,440720.84,404620.72,845341.56,440720.84,404620.72,845341.56,440720.84,404620.72,845341.56
33423,3342,2019,495845.13,435849.09,931694.25,495845.13,435849.09,931694.25,495845.13,435849.09,931694.25,0,0,0,440720.84,404620.72,845341.56,440720.84,404620.72,845341.56,440720.84,404620.72,845341.56
33424,3342,2019,495845.13,435849.09,931694.25,495845.13,435849.09,931694.25,495845.13,435849.09,931694.25,0,0,0,440720.84,404620.72,845341.56,440720.84,404620.72,845341.56,440720.84,404620.72,845341.56
33425,3342,2019,495845.13,435849.09,931694.25,495845.13,435849.09,931694.25,495845.13,435849.09,931694.25,0,0,0,440720.84,404620.72,845341.56,440720.84,404620.72,845341.56,440720.84,404620.72,845341.56
33441,3344,2001,277092.75,370012.66,647105.38,277092.75,370012.66,647105.38,277092.75,370012.66,647105.38,0,0,0,277044.31,369718.09,646762.38,277044.31,369718.09,646762.38,277044.31,369718.09,646762.38
33442,3344,2001,280719.34,400845.19,681564.5,280719.34,400845.19,681564.5,280719.34,400845.19,681564.5,0,0,0,280668.81,400526.56,681195.38,280668.81,400526.56,681195.38,280668.81,400526.56,681195.38
33443,3344,2001,257628.27,370010.75,627639,257628.27,370010.75,627639,257628.27,370010.75,627639,0,0,0,257581.83,369716.63,627298.44,257581.83,369716.63,627298.44,257581.83,369716.63,627298.44
33444,3344,2001,257628.27,370010.75,627639,257628.27,370010.75,627639,257628.27,370010.75,627639,0,0,0,257581.83,369716.63,627298.44,257581.83,369716.63,627298.44,257581.83,369716.63,627298.44
33445,3344,2001,280719.34,400845.19,681564.5,280719.34,400845.19,681564.5,280719.34,400845.19,681564.5,0,0,0,280668.81,400526.56,681195.38,280668.81,400526.56,681195.38,280668.81,400526.56,681195.38
33731,3373,2010,181008.11,0,181008.11,195684.45,0,195684.45,189737.98,0,189737.98,5946.4663,0,5946.4663,172931.38,0,172931.38,181006.36,0,181006.36,186952.83,0,186952.83
33732,3373,2010,181251.31,0,181251.31,195947.36,0,195947.36,189815.08,0,189815.08,6132.2915,0,6132.2915,173163.73,0,173163.73,181071.75,0,181071.75,187204.03,0,187204.03
33733,3373,2010,181980.88,0,181980.88,196736.09,0,196736.09,190789.63,0,190789.63,5946.4663,0,5946.4663,173860.75,0,173860.75,182011.11,0,182011.11,187957.58,0,187957.58
33734,3373,2010,181251.31,0,181251.31,195947.36,0,195947.36,189815.08,0,189815.08,6132.2915,0,6132.2915,173163.73,0,173163.73,181071.75,0,181071.75,187204.03,0,187204.03
33735,3373,2010,181251.31,0,181251.31,195947.36,0,195947.36,189815.08,0,189815.08,6132.2915,0,6132.2915,173163.73,0,173163.73,181071.75,0,181071.75,187204.03,0,187204.03
34071,3407,1989,22582.965,27897.979,50480.945,50184.363,50723.598,100907.96,-25305.531,26894.902,1589.3711,75489.891,23828.695,99318.586,21651.199,26989.846,48641.047,-27376.119,25243.75,-2132.3691,48113.773,49072.445,97186.219
34072,3407,1989,22582.965,27897.979,50480.945,50184.363,50723.598,100907.96,-25305.531,26894.902,1589.3711,75489.891,23828.695,99318.586,21651.199,26989.846,48641.047,-27376.119,25243.75,-2132.3691,48113.773,49072.445,97186.219
34073,3407,1989,22582.965,27897.979,50480.945,50184.363,50723.598,100907.96,-25305.531,26894.902,1589.3711,75489.891,23828.695,99318.586,21651.199,26989.846,48641.047,-27376.119,25243.75,-2132.3691,48113.773,49072.445,97186.219
34074,3407,1989,22582.965,27897.979,50480.945,50184.363,50723.598,100907.96,-25305.531,26894.902,1589.3711,75489.891,23828.695,99318.586,21651.199,26989.846,48641.047,-27376.119,25243.75,-2132.3691,48113.773,49072.445,97186.219
34075,3407,1989,22582.965,27897.979,50480.945,50184.363,50723.598,100907.96,-25305.531,26894.902,1589.3711,75489.891,23828.695,99318.586,21651.199,26989.846,48641.047,-27376.119,25243.75,-2132.3691,48113.773,49072.445,97186.219
35151,3515,1989,4269.4878,3736.2864,8005.7744,17077.951,16605.717,33683.668,-60787.352,-38611.891,-99399.242,77865.297,55217.613,133082.91,3830.5286,3351.9214,7182.4502,-62543.188,-40320.18,-102863.37,15322.114,14897.429,30219.543
35152,3515,1989,4269.4878,3736.2864,8005.7744,17077.951,16605.717,33683.668,-60787.352,-38611.891,-99399.242,77865.297,55217.613,133082.91,3830.5286,3351.9214,7182.4502,-62543.188,-40320.18,-102863.37,15322.114,14897.429,30219.543
35153,3515,1989,4269.4878,3736.2864,8005.7744,17077.951,16605.717,33683.668,-60787.352,-38611.891,-99399.242,77865.297,55217.613,133082.91,3830.5286,3351.9214,7182.4502,-62543.188,-40320.18,-102863.37,15322.114,14897.429,30219.543
35154,3515,1989,4269.4878,3736.2864,8005.7744,17077.951,16605.717,33683.668,-60787.352,-38611.891,-99399.242,77865.297,55217.613,133082.91,3830.5286,3351.9214,7182.4502,-62543.188,-40320.18,-102863.37,15322.114,14897.429,30219.543
35155,3515,1989,4269.4878,3736.2864,8005.7744,17077.951,16605.717,33683.668,-60787.352,-38611.891,-99399.242,77865.297,55217.613,133082.91,3830.5286,3351.9214,7182.4502,-62543.188,-40320.18,-102863.37,15322.114,14897.429,30219.543
35511,3551,1989,74829.969,115479.34,190309.31,106899.96,149005.59,255905.56,85732.945,91696.578,177429.53,21167.02,57309.008,78476.031,74688.711,115351.28,190040,85531.148,91531.359,177062.5,106698.16,148840.38,255538.53
35512,3551,1989,74829.969,95871.984,170701.95,106899.96,123705.78,230605.75,85732.945,94290.383,180023.33,21167.02,29415.402,50582.422,74688.711,95749.148,170437.86,85531.148,94131.898,179663.05,106698.16,123547.3,230245.47
35513,3551,1989,74829.969,102855.15,177685.13,106899.96,132716.31,239616.28,85732.945,99221.82,184954.77,21167.02,33494.496,54661.516,74688.711,102731.88,177420.59,85531.148,99062.773,184593.92,106698.16,132557.27,239255.44
35514,3551,1989,74829.969,96677.477,171507.44,106899.96,124745.13,231645.09,85732.945,94870.102,180603.05,21167.02,29875.033,51042.055,74688.711,96554.602,171243.31,85531.148,94711.547,180242.69,106698.16,124586.58,231284.75
35515,3551,1989,74829.969,109344.61,184174.58,106899.96,141089.83,247989.78,85732.945,99379.68,185112.63,21167.02,41710.141,62877.16,74688.711,109220.96,183909.67,85531.148,99220.125,184751.28,106698.16,140930.28,247628.44
37861,3786,1992,68074.563,10216.665,78291.227,69820.07,15717.946,85538.016,69820.07,15717.946,85538.016,0,0,0,68062.742,9932.3516,77995.094,69807.938,15280.542,85088.477,69807.938,15280.542,85088.477
37862,3786,1992,68442.352,10270.395,78712.75,70197.281,15800.606,85997.891,70197.281,15800.606,85997.891,0,0,0,68430.453,9984.5918,78415.047,70185.078,15360.91,85545.984,70185.078,15360.91,85545.984
37863,3786,1992,67706.781,10160.909,77867.688,69442.852,15632.168,85075.016,69442.852,15632.168,85075.016,0,0,0,67695.031,9878.1494,77573.18,69430.797,15197.153,84627.953,69430.797,15197.153,84627.953
37864,3786,1992,66235.711,9939.917,76175.625,67934.063,15292.18,83226.242,67934.063,15292.18,83226.242,0,0,0,66224.211,9663.3105,75887.523,67922.266,14866.632,82788.898,67922.266,14866.632,82788.898
37865,3786,1992,67339.031,10105.158,77444.188,69065.672,15546.396,84612.07,69065.672,15546.396,84612.07,0,0,0,67327.328,9823.9512,77151.281,69053.672,15113.771,84167.445,69053.672,15113.771,84167.445
38071,3807,1995,238723.17,125419.74,364142.91,272826.5,152023.94,424850.44,221445.34,152023.94,373469.28,51381.148,0,51381.148,237252.36,122802.57,360054.94,219764.39,148851.59,368616,271145.53,148851.59,419997.13
38072,3807,1995,238723.17,125419.74,364142.91,272826.5,152023.94,424850.44,221445.34,152023.94,373469.28,51381.148,0,51381.148,237252.36,122802.57,360054.94,219764.39,148851.59,368616,271145.53,148851.59,419997.13
38073,3807,1995,238723.17,125419.74,364142.91,272826.5,152023.94,424850.44,221445.34,152023.94,373469.28,51381.148,0,51381.148,237252.36,122802.57,360054.94,219764.39,148851.59,368616,271145.53,148851.59,419997.13
38074,3807,1995,238723.17,125419.74,364142.91,272826.5,152023.94,424850.44,221445.34,152023.94,373469.28,51381.148,0,51381.148,237252.36,122802.57,360054.94,219764.39,148851.59,368616,271145.53,148851.59,419997.13
38075,3807,1995,238723.17,125419.74,364142.91,272826.5,152023.94,424850.44,221445.34,152023.94,373469.28,51381.148,0,51381.148,237252.36,122802.57,360054.94,219764.39,148851.59,368616,271145.53,148851.59,419997.13
38091,3809,2013,62230.613,10555.091,72785.703,118534.5,52775.453,171309.95,64320.074,-1572.2052,62747.867,54214.426,54347.66,108562.09,46669.883,7854.1094,54523.992,34680.586,-15077.113,19603.473,88895.016,39270.547,128165.56
38092,3809,2013,61038.496,10555.091,71593.586,116263.8,52775.453,169039.25,62049.371,-1572.2052,60477.164,54214.426,54347.66,108562.09,45775.855,7854.1094,53629.965,32977.676,-15077.113,17900.563,87192.102,39270.547,126462.65
38093,3809,2013,61038.496,8899.6045,69938.102,116263.8,44498.023,160761.81,62049.371,6134.9722,68184.344,54214.426,38363.051,92577.477,45775.855,6622.2534,52398.109,32977.676,-5251.7827,27725.893,87192.102,33111.266,120303.37
38094,3809,2013,57541.871,12209.584,69751.453,109603.56,61047.918,170651.48,55389.133,-9284.3281,46104.805,54214.426,70332.25,124546.67,43153.207,9085.2305,52238.438,27982.156,-24906.094,3076.0625,82196.586,45426.152,127622.73
38095,3809,2013,52519.086,9892.5664,62411.652,100036.36,49462.836,149499.19,45821.93,1509.0608,47330.992,54214.426,47953.773,102168.2,39386.664,7361.1221,46747.785,20807.787,-11148.163,9659.624,75022.219,36805.613,111827.83
38141,3814,2016,267336.78,449492.28,716829.06,267336.78,449492.28,716829.06,267336.78,449492.28,716829.06,0,0,0,264917.44,427245.53,692163,264917.44,427245.53,692163,264917.44,427245.53,692163
38142,3814,2016,267336.78,449492.28,716829.06,267336.78,449492.28,716829.06,267336.78,449492.28,716829.06,0,0,0,264917.44,427245.53,692163,264917.44,427245.53,692163,264917.44,427245.53,692163
38143,3814,2016,267336.78,449492.28,716829.06,267336.78,449492.28,716829.06,267336.78,449492.28,716829.06,0,0,0,264917.44,427245.53,692163,264917.44,427245.53,692163,264917.44,427245.53,692163
38144,3814,2016,267336.78,449492.28,716829.06,267336.78,449492.28,716829.06,267336.78,449492.28,716829.06,0,0,0,264917.44,427245.53,692163,264917.44,427245.53,692163,264917.44,427245.53,692163
38145,3814,2016,267336.78,449492.28,716829.06,267336.78,449492.28,716829.06,267336.78,449492.28,716829.06,0,0,0,264917.44,427245.53,692163,264917.44,427245.53,692163,264917.44,427245.53,692163
38161,3816,1998,289849.28,207698.52,497547.81,289849.28,207698.52,497547.81,289849.28,207698.52,497547.81,0,0,0,289847.5,207684.28,497531.78,289847.5,207684.28,497531.78,289847.5,207684.28,497531.78
38162,3816,1998,289849.28,207698.52,497547.81,289849.28,207698.52,497547.81,289849.28,207698.52,497547.81,0,0,0,289847.5,207684.28,497531.78,289847.5,207684.28,497531.78,289847.5,207684.28,497531.78
38163,3816,1998,289849.28,207698.52,497547.81,289849.28,207698.52,497547.81,289849.28,207698.52,497547.81,0,0,0,289847.5,207684.28,497531.78,289847.5,207684.28,497531.78,289847.5,207684.28,497531.78
38164,3816,1998,289849.28,207698.52,497547.81,289849.28,207698.52,497547.81,289849.28,207698.52,497547.81,0,0,0,289847.5,207684.28,497531.78,289847.5,207684.28,497531.78,289847.5,207684.28,497531.78
38165,3816,1998,289849.28,207698.52,497547.81,289849.28,207698.52,497547.81,289849.28,207698.52,497547.81,0,0,0,289847.5,207684.28,497531.78,289847.5,207684.28,497531.78,289847.5,207684.28,497531.78
38211,3821,2004,0,0,0,10415.649,19253.225,29668.875,10415.649,-21244.955,-10829.306,0,40498.18,40498.18,0,0,0,7655.4146,-26369.697,-18714.283,7655.4146,14128.482,21783.896
38212,3821,2004,0,0,0,10415.649,19253.225,29668.875,10415.649,-21244.955,-10829.306,0,40498.18,40498.18,0,0,0,7655.4146,-26369.697,-18714.283,7655.4146,14128.482,21783.896
38213,3821,2004,0,0,0,10415.649,19253.225,29668.875,10415.649,-21244.955,-10829.306,0,40498.18,40498.18,0,0,0,7655.4146,-26369.697,-18714.283,7655.4146,14128.482,21783.896
38214,3821,2004,0,0,0,10415.649,19253.225,29668.875,10415.649,-21244.955,-10829.306,0,40498.18,40498.18,0,0,0,7655.4146,-26369.697,-18714.283,7655.4146,14128.482,21783.896
38215,3821,2004,0,0,0,10415.649,19253.225,29668.875,10415.649,-21244.955,-10829.306,0,40498.18,40498.18,0,0,0,7655.4146,-26369.697,-18714.283,7655.4146,14128.482,21783.896
38271,3827,2007,354111.22,0,354111.22,354111.22,0,354111.22,273091.25,0,273091.25,81019.969,0,81019.969,346393.34,0,346393.34,265373.38,0,265373.38,346393.34,0,346393.34
38272,3827,2007,354111.22,0,354111.22,354111.22,0,354111.22,273091.25,0,273091.25,81019.969,0,81019.969,346393.34,0,346393.34,265373.38,0,265373.38,346393.34,0,346393.34
38273,3827,2007,354111.22,0,354111.22,354111.22,0,354111.22,273091.25,0,273091.25,81019.969,0,81019.969,346393.34,0,346393.34,265373.38,0,265373.38,346393.34,0,346393.34
38274,3827,2007,354111.22,0,354111.22,354111.22,0,354111.22,273091.25,0,273091.25,81019.969,0,81019.969,346393.34,0,346393.34,265373.38,0,265373.38,346393.34,0,346393.34
38275,3827,2007,354111.22,0,354111.22,354111.22,0,354111.22,273091.25,0,273091.25,81019.969,0,81019.969,346393.34,0,346393.34,265373.38,0,265373.38,346393.34,0,346393.34
38291,3829,2019,41851.34,0,41851.34,83702.68,0,83702.68,34602.445,0,34602.445,49100.234,0,49100.234,31423.768,0,31423.768,13747.304,0,13747.304,62847.535,0,62847.535
38291,3829,2022,77533.602,0,77533.602,124053.76,0,124053.76,66022.336,0,66022.336,58031.422,0,58031.422,58593.352,0,58593.352,35717.938,0,35717.938,93749.359,0,93749.359
38292,3829,2019,41851.34,0,41851.34,83702.68,0,83702.68,34602.445,0,34602.445,49100.234,0,49100.234,31423.768,0,31423.768,13747.304,0,13747.304,62847.535,0,62847.535
38292,3829,2022,77901.203,0,77901.203,124641.93,0,124641.93,66610.508,0,66610.508,58031.422,0,58031.422,58871.156,0,58871.156,36162.43,0,36162.43,94193.852,0,94193.852
38293,3829,2019,41851.34,0,41851.34,83702.68,0,83702.68,34602.445,0,34602.445,49100.234,0,49100.234,31423.768,0,31423.768,13747.304,0,13747.304,62847.535,0,62847.535
38293,3829,2022,77901.203,0,77901.203,124641.93,0,124641.93,66610.508,0,66610.508,58031.422,0,58031.422,58871.156,0,58871.156,36162.43,0,36162.43,94193.852,0,94193.852
38294,3829,2019,41851.34,0,41851.34,83702.68,0,83702.68,34602.445,0,34602.445,49100.234,0,49100.234,31423.768,0,31423.768,13747.304,0,13747.304,62847.535,0,62847.535
38294,3829,2022,77901.203,0,77901.203,124641.93,0,124641.93,66610.508,0,66610.508,58031.422,0,58031.422,58871.156,0,58871.156,36162.43,0,36162.43,94193.852,0,94193.852
38295,3829,2019,41851.34,0,41851.34,83702.68,0,83702.68,34602.445,0,34602.445,49100.234,0,49100.234,31423.768,0,31423.768,13747.304,0,13747.304,62847.535,0,62847.535
38295,3829,2022,77901.203,0,77901.203,124641.93,0,124641.93,66610.508,0,66610.508,58031.422,0,58031.422,58871.156,0,58871.156,36162.43,0,36162.43,94193.852,0,94193.852
38341,3834,2001,494867.94,342701.91,837569.88,494867.94,342701.91,837569.88,494867.94,342701.91,837569.88,0,0,0,492832.94,339806.03,832639,492832.94,339806.03,832639,492832.94,339806.03,832639
38342,3834,2001,494867.94,342701.91,837569.88,494867.94,342701.91,837569.88,494867.94,342701.91,837569.88,0,0,0,492832.94,339806.03,832639,492832.94,339806.03,832639,492832.94,339806.03,832639
38343,3834,2001,494867.94,342701.91,837569.88,494867.94,342701.91,837569.88,494867.94,342701.91,837569.88,0,0,0,492832.94,339806.03,832639,492832.94,339806.03,832639,492832.94,339806.03,832639
38344,3834,2001,494867.94,342701.91,837569.88,494867.94,342701.91,837569.88,494867.94,342701.91,837569.88,0,0,0,492832.94,339806.03,832639,492832.94,339806.03,832639,492832.94,339806.03,832639
38345,3834,2001,494867.94,342701.91,837569.88,494867.94,342701.91,837569.88,494867.94,342701.91,837569.88,0,0,0,492832.94,339806.03,832639,492832.94,339806.03,832639,492832.94,339806.03,832639
38631,3863,2010,420433.88,0,420433.88,420433.88,0,420433.88,344915,0,344915,75518.867,0,75518.867,403209.13,0,403209.13,327690.28,0,327690.28,403209.13,0,403209.13
38632,3863,2010,420433.88,0,420433.88,420433.88,0,420433.88,344915,0,344915,75518.867,0,75518.867,403209.13,0,403209.13,327690.28,0,327690.28,403209.13,0,403209.13
38633,3863,2010,425938.91,0,425938.91,425938.91,0,425938.91,342590.72,0,342590.72,83348.18,0,83348.18,408488.59,0,408488.59,325140.41,0,325140.41,408488.59,0,408488.59
38634,3863,2010,427215.34,0,427215.34,427215.34,0,427215.34,341742.56,0,341742.56,85472.789,0,85472.789,409712.75,0,409712.75,324239.97,0,324239.97,409712.75,0,409712.75
38635,3863,2010,414944.16,0,414944.16,414944.16,0,414944.16,344145.25,0,344145.25,70798.914,0,70798.914,397944.22,0,397944.22,327145.31,0,327145.31,397944.22,0,397944.22
39621,3962,1995,10249.828,0,10249.828,25624.572,0,25624.572,-14068.905,0,-14068.905,39693.477,0,39693.477,9145.4219,0,9145.4219,-16829.922,0,-16829.922,22863.555,0,22863.555
39622,3962,1995,10249.828,0,10249.828,25624.572,0,25624.572,-14068.905,0,-14068.905,39693.477,0,39693.477,9145.4219,0,9145.4219,-16829.922,0,-16829.922,22863.555,0,22863.555
39623,3962,1995,10249.828,0,10249.828,25624.572,0,25624.572,-14068.905,0,-14068.905,39693.477,0,39693.477,9145.4219,0,9145.4219,-16829.922,0,-16829.922,22863.555,0,22863.555
39624,3962,1995,10249.828,0,10249.828,25624.572,0,25624.572,-14068.905,0,-14068.905,39693.477,0,39693.477,9145.4219,0,9145.4219,-16829.922,0,-16829.922,22863.555,0,22863.555
39625,3962,1995,10249.828,0,10249.828,25624.572,0,25624.572,-14068.905,0,-14068.905,39693.477,0,39693.477,9145.4219,0,9145.4219,-16829.922,0,-16829.922,22863.555,0,22863.555
39641,3964,2013,10635.382,0,10635.382,47268.363,0,47268.363,-48795.863,0,-48795.863,96064.227,0,96064.227,7823.2793,0,7823.2793,-61294.094,0,-61294.094,34770.129,0,34770.129
39642,3964,2013,10635.382,0,10635.382,47268.363,0,47268.363,-48795.863,0,-48795.863,96064.227,0,96064.227,7823.2793,0,7823.2793,-61294.094,0,-61294.094,34770.129,0,34770.129
39643,3964,2013,10635.382,0,10635.382,47268.363,0,47268.363,-48795.863,0,-48795.863,96064.227,0,96064.227,7823.2793,0,7823.2793,-61294.094,0,-61294.094,34770.129,0,34770.129
39644,3964,2013,10635.382,0,10635.382,47268.363,0,47268.363,-48795.863,0,-48795.863,96064.227,0,96064.227,7823.2793,0,7823.2793,-61294.094,0,-61294.094,34770.129,0,34770.129
39645,3964,2013,10635.382,0,10635.382,47268.363,0,47268.363,-48795.863,0,-48795.863,96064.227,0,96064.227,7823.2793,0,7823.2793,-61294.094,0,-61294.094,34770.129,0,34770.129
39711,3971,1998,205070.84,123287.51,328358.34,273427.81,170051.73,443479.56,134799.75,125378.53,260178.28,138628.06,44673.203,183301.27,196604.41,117071.63,313676.03,123511.15,116804.9,240316.05,262139.2,161478.11,423617.31
39711,3971,2016,337818.28,250596.66,588414.94,435894.56,323350.53,759245.13,334177.94,308044.72,642222.63,101716.61,15305.84,117022.45,262280.72,193391.52,455672.25,236710.13,234231.59,470941.72,338426.72,249537.45,587964.19
39712,3971,1998,199783.91,121606.8,321390.69,266378.56,167733.52,434112.06,127578.81,123072.43,250651.25,138799.73,44661.078,183460.81,192132.23,115703.12,307835.34,117376.57,114929.43,232306,256176.31,159590.52,415766.81
39712,3971,2016,344863.69,267020.47,611884.13,444985.41,344542.53,789527.94,342953.09,329172.09,672125.19,102032.33,15370.454,117402.78,267637.94,205669.28,473307.22,243306.94,250009.25,493316.19,345339.28,265379.72,610719
39713,3971,1998,183988.11,111332.46,295320.56,245317.48,153562.02,398879.5,145716.34,108888.8,254605.16,99601.148,44673.203,144274.34,176392.13,105676.68,282068.81,135588.38,101087.73,236676.11,235189.52,145760.94,380950.44
39713,3971,2016,344863.69,267020.47,611884.13,444985.41,344542.53,789527.94,342953.09,329172.09,672125.19,102032.33,15370.454,117402.78,267637.94,205669.28,473307.22,243306.94,250009.25,493316.19,345339.28,265379.72,610719
39714,3971,1998,205070.84,123287.51,328358.34,273427.81,170051.73,443479.56,134799.75,125378.53,260178.28,138628.06,44673.203,183301.27,196604.41,117071.63,313676.03,123511.15,116804.9,240316.05,262139.2,161478.11,423617.31
39714,3971,2016,344863.69,267020.47,611884.13,444985.41,344542.53,789527.94,342953.09,329172.09,672125.19,102032.33,15370.454,117402.78,267637.94,205669.28,473307.22,243306.94,250009.25,493316.19,345339.28,265379.72,610719
39715,3971,1998,202324.44,121985.32,324309.75,269765.91,168255.61,438021.5,138206,123582.41,261788.41,131559.92,44673.203,176233.13,193971.39,115814.43,309785.81,127068.61,115070.84,242139.44,258628.53,159744.03,418372.56
39715,3971,2016,337818.28,250596.66,588414.94,435894.56,323350.53,759245.13,334177.94,308044.72,642222.63,101716.61,15305.84,117022.45,262280.72,193391.52,455672.25,236710.13,234231.59,470941.72,338426.72,249537.45,587964.19
39781,3978,2004,3385.6248,1150.3531,4535.978,45141.664,46014.125,91155.789,-61468.367,-52340.926,-113809.3,106610.03,98355.055,204965.09,2552.8804,861.15393,3414.0342,-72571.633,-63908.898,-136480.53,34038.406,34446.156,68484.563
39782,3978,2004,3608.376,992.92078,4601.2969,48111.68,39716.832,87828.516,-68056.477,-39462.457,-107518.94,116168.16,79179.289,195347.44,2720.8425,743.09711,3463.9397,-79890.258,-49455.406,-129345.66,36277.898,29723.885,66001.781
39783,3978,2004,3385.6248,1150.3531,4535.978,45141.664,46014.125,91155.789,-61468.367,-52340.926,-113809.3,106610.03,98355.055,204965.09,2552.8804,861.15393,3414.0342,-72571.633,-63908.898,-136480.53,34038.406,34446.156,68484.563
39784,3978,2004,3608.376,992.92078,4601.2969,48111.68,39716.832,87828.516,-68056.477,-39462.457,-107518.94,116168.16,79179.289,195347.44,2720.8425,743.09711,3463.9397,-79890.258,-49455.406,-129345.66,36277.898,29723.885,66001.781
39785,3978,2004,3608.376,1150.3531,4758.729,48111.68,46014.125,94125.805,-68056.477,-52340.926,-120397.41,116168.16,98355.055,214523.22,2720.8425,861.15393,3581.9966,-79890.258,-63908.898,-143799.16,36277.898,34446.156,70724.055
39821,3982,2007,91021.656,0,91021.656,130030.94,0,130030.94,61200.484,0,61200.484,68830.453,0,68830.453,79478.688,0,79478.688,44710.535,0,44710.535,113540.99,0,113540.99
39822,3982,2007,91021.656,0,91021.656,130030.94,0,130030.94,61200.484,0,61200.484,68830.453,0,68830.453,79478.688,0,79478.688,44710.535,0,44710.535,113540.99,0,113540.99
39823,3982,2007,95715.43,0,95715.43,136736.33,0,136736.33,60733.512,0,60733.512,76002.82,0,76002.82,83577.242,0,83577.242,43393.242,0,43393.242,119396.06,0,119396.06
39824,3982,2007,91021.656,0,91021.656,130030.94,0,130030.94,61200.484,0,61200.484,68830.453,0,68830.453,79478.688,0,79478.688,44710.535,0,44710.535,113540.99,0,113540.99
39825,3982,2007,91021.656,0,91021.656,130030.94,0,130030.94,61200.484,0,61200.484,68830.453,0,68830.453,79478.688,0,79478.688,44710.535,0,44710.535,113540.99,0,113540.99
39851,3985,2022,113733.45,0,113733.45,113733.45,0,113733.45,113733.45,0,113733.45,0,0,0,109522.34,0,109522.34,109522.34,0,109522.34,109522.34,0,109522.34
39852,3985,2022,113733.45,0,113733.45,113733.45,0,113733.45,113733.45,0,113733.45,0,0,0,109522.34,0,109522.34,109522.34,0,109522.34,109522.34,0,109522.34
39853,3985,2022,104255.65,0,104255.65,104255.65,0,104255.65,104255.65,0,104255.65,0,0,0,100395.49,0,100395.49,100395.49,0,100395.49,100395.49,0,100395.49
39854,3985,2022,104255.65,0,104255.65,104255.65,0,104255.65,104255.65,0,104255.65,0,0,0,100395.49,0,100395.49,100395.49,0,100395.49,100395.49,0,100395.49
39855,3985,2022,123211.2,0,123211.2,123211.2,0,123211.2,123211.2,0,123211.2,0,0,0,118649.19,0,118649.19,118649.19,0,118649.19,118649.19,0,118649.19
39861,3986,2019,357691.97,333482.84,691174.81,493368.25,404221.66,897589.88,353357.56,404221.66,757579.25,140010.72,0,140010.72,277063.34,254305.23,531368.56,242145.61,308248.78,550394.38,382156.31,308248.78,690405.13
39862,3986,2019,357691.97,333482.84,691174.81,493368.25,404221.66,897589.88,353357.56,404221.66,757579.25,140010.72,0,140010.72,277063.34,254305.23,531368.56,242145.61,308248.78,550394.38,382156.31,308248.78,690405.13
39863,3986,2019,357691.97,333482.84,691174.81,493368.25,404221.66,897589.88,353357.56,404221.66,757579.25,140010.72,0,140010.72,277063.34,254305.23,531368.56,242145.61,308248.78,550394.38,382156.31,308248.78,690405.13
39864,3986,2019,357691.97,333482.84,691174.81,493368.25,404221.66,897589.88,353357.56,404221.66,757579.25,140010.72,0,140010.72,277063.34,254305.23,531368.56,242145.61,308248.78,550394.38,382156.31,308248.78,690405.13
39865,3986,2019,357691.97,333482.84,691174.81,493368.25,404221.66,897589.88,353357.56,404221.66,757579.25,140010.72,0,140010.72,277063.34,254305.23,531368.56,242145.61,308248.78,550394.38,382156.31,308248.78,690405.13
39911,3991,2001,29403.918,32116.76,61520.68,90473.586,98820.805,189294.39,-121160.23,-93006.766,-214167,211633.83,191827.56,403461.38,22488.227,24540.904,47029.133,-142439.28,-116317.09,-258756.38,69194.539,75510.477,144705.02
39912,3991,2001,29109.154,27015.844,56125,89566.633,83125.672,172692.31,-119807.25,-25886.322,-145693.58,209373.89,109011.99,318385.88,22262.797,20629.596,42892.391,-140872.98,-45536.313,-186409.3,68500.914,63475.68,131976.59
39913,3991,2001,29258.359,32116.76,61375.117,90025.727,98820.805,188846.53,-120641.23,-93006.766,-213648,210666.95,191827.56,402494.5,22376.906,24540.904,46917.813,-141814.92,-116317.09,-258132.02,68852.023,75510.477,144362.5
39914,3991,2001,29476.996,30325.768,59802.766,90698.453,93310.055,184008.5,-121353.44,-70207.969,-191561.41,212051.89,163518.03,375569.94,22544.121,23168.361,45712.484,-142685.38,-92230.766,-234916.14,69366.523,71287.266,140653.78
39915,3991,2001,29476.996,27952.41,57429.406,90698.453,86007.414,176705.88,-121353.44,-35582.836,-156936.28,212051.89,121590.25,333642.13,22544.121,21346.982,43891.102,-142685.38,-55907.227,-198592.59,69366.523,65683.023,135049.55
39941,3994,1995,139113.88,140959.08,280072.94,163663.38,161096.09,324759.47,138339.28,153132.02,291471.31,25324.092,7964.0815,33288.172,138784.58,140374.59,279159.19,137951.89,152464.02,290415.91,163275.97,160428.09,323704.06
39942,3994,1995,155539.23,127225.55,282764.78,182987.33,145400.64,328387.97,152914.98,139608.58,292523.56,30072.355,5792.0625,35864.418,155171.08,126580.3,281751.38,152481.84,138871.13,291352.97,182554.2,144663.19,327217.38
39943,3994,1995,88349.734,96238.727,184588.47,103940.87,109987.12,213927.98,91986.984,106005.38,197992.38,11953.884,3981.7324,15935.616,88184.656,95819.227,184003.88,91792.766,105525.95,197318.72,103746.65,109507.69,213254.34
39944,3994,1995,151823.67,130974.3,282797.97,178616.08,149684.92,328301,158911.89,143893.31,302805.19,19704.203,5791.6118,25495.814,151540.03,130261.25,281801.28,158578.17,143078.39,301656.56,178282.38,148870,327152.38
39945,3994,1995,174752.64,201650.48,376403.13,205591.33,230457.7,436049.03,177893.11,216534.48,394427.59,27698.223,13923.223,41621.445,174339,200867.81,375206.81,177406.48,215640.02,393046.5,205104.72,229563.22,434667.94
40031,4003,1998,13280.464,23545.641,36826.105,53121.855,94182.563,147304.42,244.9931,-31800.563,-31555.57,52876.859,125983.13,178859.98,9760.6416,17308.346,27068.988,-13834.293,-56749.742,-70584.031,39042.566,69233.383,108275.95
40032,4003,1998,13359.291,23545.641,36904.93,53437.164,94182.563,147619.72,560.30463,-31800.563,-31240.258,52876.859,125983.13,178859.98,9818.1621,17308.346,27126.508,-13604.212,-56749.742,-70353.953,39272.648,69233.383,108506.03
40033,4003,1998,13280.464,23545.641,36826.105,53121.855,94182.563,147304.42,244.9931,-31800.563,-31555.57,52876.859,125983.13,178859.98,9760.6416,17308.346,27068.988,-13834.293,-56749.742,-70584.031,39042.566,69233.383,108275.95
40034,4003,1998,13280.464,23545.641,36826.105,53121.855,94182.563,147304.42,244.9931,-31800.563,-31555.57,52876.859,125983.13,178859.98,9760.6416,17308.346,27068.988,-13834.293,-56749.742,-70584.031,39042.566,69233.383,108275.95
40035,4003,1998,13280.464,23545.641,36826.105,53121.855,94182.563,147304.42,244.9931,-31800.563,-31555.57,52876.859,125983.13,178859.98,9760.6416,17308.346,27068.988,-13834.293,-56749.742,-70584.031,39042.566,69233.383,108275.95
40111,4011,2004,45793.664,0,45793.664,76322.773,0,76322.773,27858.371,0,27858.371,48464.402,0,48464.402,41432.383,0,41432.383,20589.57,0,20589.57,69053.977,0,69053.977
40112,4011,2004,45793.664,0,45793.664,76322.773,0,76322.773,27858.371,0,27858.371,48464.402,0,48464.402,41432.383,0,41432.383,20589.57,0,20589.57,69053.977,0,69053.977
40113,4011,2004,45793.664,0,45793.664,76322.773,0,76322.773,27858.371,0,27858.371,48464.402,0,48464.402,41432.383,0,41432.383,20589.57,0,20589.57,69053.977,0,69053.977
40114,4011,2004,45793.664,0,45793.664,76322.773,0,76322.773,27858.371,0,27858.371,48464.402,0,48464.402,41432.383,0,41432.383,20589.57,0,20589.57,69053.977,0,69053.977
40115,4011,2004,45793.664,0,45793.664,76322.773,0,76322.773,27858.371,0,27858.371,48464.402,0,48464.402,41432.383,0,41432.383,20589.57,0,20589.57,69053.977,0,69053.977
40151,4015,2007,189284.48,170190.66,359475.13,229435.73,200224.3,429660.03,197368.86,157222.2,354591.06,32066.871,43002.082,75068.953,174700.05,154075.05,328775.09,179690.75,138262.67,317953.44,211757.63,181264.75,393022.38
40152,4015,2007,189284.48,170190.66,359475.13,229435.73,200224.3,429660.03,197368.86,157222.2,354591.06,32066.871,43002.082,75068.953,174700.05,154075.05,328775.09,179690.75,138262.67,317953.44,211757.63,181264.75,393022.38
40153,4015,2007,189284.48,170190.66,359475.13,229435.73,200224.3,429660.03,197368.86,157222.2,354591.06,32066.871,43002.082,75068.953,174700.05,154075.05,328775.09,179690.75,138262.67,317953.44,211757.63,181264.75,393022.38
40154,4015,2007,189284.48,170190.66,359475.13,229435.73,200224.3,429660.03,197368.86,157222.2,354591.06,32066.871,43002.082,75068.953,174700.05,154075.05,328775.09,179690.75,138262.67,317953.44,211757.63,181264.75,393022.38
40155,4015,2007,189284.48,170190.66,359475.13,229435.73,200224.3,429660.03,197368.86,157222.2,354591.06,32066.871,43002.082,75068.953,174700.05,154075.05,328775.09,179690.75,138262.67,317953.44,211757.63,181264.75,393022.38
40181,4018,2022,34748.828,0,34748.828,92663.547,0,92663.547,40714.422,0,40714.422,51949.125,0,51949.125,25731.48,0,25731.48,16668.156,0,16668.156,68617.281,0,68617.281
40182,4018,2022,34748.828,0,34748.828,92663.547,0,92663.547,40714.422,0,40714.422,51949.125,0,51949.125,25731.48,0,25731.48,16668.156,0,16668.156,68617.281,0,68617.281
40183,4018,2022,34748.828,0,34748.828,92663.547,0,92663.547,40714.422,0,40714.422,51949.125,0,51949.125,25731.48,0,25731.48,16668.156,0,16668.156,68617.281,0,68617.281
40184,4018,2022,34748.828,0,34748.828,92663.547,0,92663.547,40714.422,0,40714.422,51949.125,0,51949.125,25731.48,0,25731.48,16668.156,0,16668.156,68617.281,0,68617.281
40185,4018,2022,34748.828,0,34748.828,92663.547,0,92663.547,40714.422,0,40714.422,51949.125,0,51949.125,25731.48,0,25731.48,16668.156,0,16668.156,68617.281,0,68617.281
40191,4019,2010,83407.445,193082.5,276489.94,83407.445,193082.5,276489.94,83407.445,193082.5,276489.94,0,0,0,81212.68,186679.56,267892.25,81212.68,186679.56,267892.25,81212.68,186679.56,267892.25
40192,4019,2010,83407.445,193082.5,276489.94,83407.445,193082.5,276489.94,83407.445,193082.5,276489.94,0,0,0,81212.68,186679.56,267892.25,81212.68,186679.56,267892.25,81212.68,186679.56,267892.25
40193,4019,2010,83407.445,193082.5,276489.94,83407.445,193082.5,276489.94,83407.445,193082.5,276489.94,0,0,0,81212.68,186679.56,267892.25,81212.68,186679.56,267892.25,81212.68,186679.56,267892.25
40194,4019,2010,84471.508,195840.77,280312.28,84471.508,195840.77,280312.28,84471.508,195840.77,280312.28,0,0,0,82245.383,189346.33,271591.72,82245.383,189346.33,271591.72,82245.383,189346.33,271591.72
40195,4019,2010,83407.445,193082.5,276489.94,83407.445,193082.5,276489.94,83407.445,193082.5,276489.94,0,0,0,81212.68,186679.56,267892.25,81212.68,186679.56,267892.25,81212.68,186679.56,267892.25
40231,4023,2001,258429.44,189546.8,447976.25,258429.44,189546.8,447976.25,258429.44,189546.8,447976.25,0,0,0,258419.42,189339.36,447758.78,258419.42,189339.36,447758.78,258419.42,189339.36,447758.78
40232,4023,2001,258429.44,189546.8,447976.25,258429.44,189546.8,447976.25,258429.44,189546.8,447976.25,0,0,0,258419.42,189339.36,447758.78,258419.42,189339.36,447758.78,258419.42,189339.36,447758.78
40233,4023,2001,258426.63,182082.28,440508.91,258426.63,182082.28,440508.91,258426.63,182082.28,440508.91,0,0,0,258417.58,181874.89,440292.47,258417.58,181874.89,440292.47,258417.58,181874.89,440292.47
40234,4023,2001,258428.34,186560.98,444989.31,258428.34,186560.98,444989.31,258428.34,186560.98,444989.31,0,0,0,258418.69,186353.55,444772.25,258418.69,186353.55,444772.25,258418.69,186353.55,444772.25
40235,4023,2001,258426.08,180589.34,439015.44,258426.08,180589.34,439015.44,258426.08,180589.34,439015.44,0,0,0,258417.17,180381.94,438799.13,258417.17,180381.94,438799.13,258417.17,180381.94,438799.13
43891,4389,2013,286888.63,208131.94,495020.56,286888.63,208131.94,495020.56,286888.63,208131.94,495020.56,0,0,0,284103.53,205102.84,489206.38,284103.53,205102.84,489206.38,284103.53,205102.84,489206.38
43892,4389,2013,286888.63,206408.69,493297.31,286888.63,206408.69,493297.31,286888.63,206408.69,493297.31,0,0,0,284103.53,203394.09,487497.63,284103.53,203394.09,487497.63,284103.53,203394.09,487497.63
43893,4389,2013,286888.63,206408.69,493297.31,286888.63,206408.69,493297.31,286888.63,206408.69,493297.31,0,0,0,284103.53,203394.09,487497.63,284103.53,203394.09,487497.63,284103.53,203394.09,487497.63
43894,4389,2013,286888.63,206408.69,493297.31,286888.63,206408.69,493297.31,286888.63,206408.69,493297.31,0,0,0,284103.53,203394.09,487497.63,284103.53,203394.09,487497.63,284103.53,203394.09,487497.63
43895,4389,2013,286888.63,206408.69,493297.31,286888.63,206408.69,493297.31,286888.63,206408.69,493297.31,0,0,0,284103.53,203394.09,487497.63,284103.53,203394.09,487497.63,284103.53,203394.09,487497.63
43981,4398,2016,998626.69,532498.75,1531125.5,998626.69,532498.75,1531125.5,983984.19,532498.75,1516483,14642.539,0,14642.539,914045.75,467979.5,1382025.3,899403.19,467979.5,1367382.8,914045.75,467979.5,1382025.3
43982,4398,2016,998626.69,532498.75,1531125.5,998626.69,532498.75,1531125.5,983984.19,532498.75,1516483,14642.539,0,14642.539,914045.75,467979.5,1382025.3,899403.19,467979.5,1367382.8,914045.75,467979.5,1382025.3
43983,4398,2016,996743.81,531470.81,1528214.6,996743.81,531470.81,1528214.6,982101.25,531470.81,1513572,14642.539,0,14642.539,912322.25,467078.97,1379401.3,897679.69,467078.97,1364758.6,912322.25,467078.97,1379401.3
43984,4398,2016,991906.94,528758.19,1520665.1,991906.94,528758.19,1520665.1,977264.44,528758.19,1506022.6,14642.539,0,14642.539,907895.5,464702.56,1372598,893253,464702.56,1357955.5,907895.5,464702.56,1372598
43985,4398,2016,998626.69,532498.75,1531125.5,998626.69,532498.75,1531125.5,983984.19,532498.75,1516483,14642.539,0,14642.539,914045.75,467979.5,1382025.3,899403.19,467979.5,1367382.8,914045.75,467979.5,1382025.3
44041,4404,2004,53881.863,2956.1975,56838.063,76974.094,14780.987,91755.078,50896.965,4387.0977,55284.063,26077.125,10393.89,36471.016,48806.012,2243.6731,51049.684,43645.746,824.47534,44470.223,69722.875,11218.365,80941.242
44042,4404,2004,48603.781,2581.7583,51185.539,69433.969,12908.791,82342.758,43356.844,4138.4043,47495.25,26077.125,8770.3867,34847.512,44025.117,1959.3719,45984.488,36815.895,1026.4729,37842.367,62893.02,9796.8594,72689.875
44043,4404,2004,74535.883,4228.2075,78764.094,106479.83,21141.037,127620.87,80402.703,16495.303,96898.008,26077.125,4645.7344,30722.859,67514.328,3186.7983,70701.125,70371.914,11288.257,81660.172,96449.039,15933.991,112383.03
44044,4404,2004,74417.758,4189.8779,78607.633,106311.09,20949.389,127260.48,80233.953,20949.389,101183.34,26077.125,0,26077.125,67407.336,3157.9456,70565.281,70219.063,15789.729,86008.789,96296.188,15789.729,112085.91
44045,4404,2004,51488,2603.2239,54091.223,73554.281,13016.119,86570.398,47410.637,9275.2637,56685.898,26143.646,3740.8552,29884.502,46569.395,1970.7957,48540.191,40384.063,6113.1226,46497.184,66527.711,9853.9775,76381.688
44071,4407,2007,1058.3407,0,1058.3407,42333.629,0,42333.629,-205944.97,0,-205944.97,248278.59,0,248278.59,781.40021,0,781.40021,-217022.58,0,-217022.58,31256.01,0,31256.01
44072,4407,2007,1058.3407,0,1058.3407,42333.629,0,42333.629,-205944.97,0,-205944.97,248278.59,0,248278.59,781.40021,0,781.40021,-217022.58,0,-217022.58,31256.01,0,31256.01
44073,4407,2007,1058.3407,0,1058.3407,42333.629,0,42333.629,-205944.97,0,-205944.97,248278.59,0,248278.59,781.40021,0,781.40021,-217022.58,0,-217022.58,31256.01,0,31256.01
44074,4407,2007,1058.3407,0,1058.3407,42333.629,0,42333.629,-205944.97,0,-205944.97,248278.59,0,248278.59,781.40021,0,781.40021,-217022.58,0,-217022.58,31256.01,0,31256.01
44075,4407,2007,1058.3407,0,1058.3407,42333.629,0,42333.629,-205944.97,0,-205944.97,248278.59,0,248278.59,781.40021,0,781.40021,-217022.58,0,-217022.58,31256.01,0,31256.01
44121,4412,2022,184210.89,0,184210.89,184210.89,0,184210.89,184210.89,0,184210.89,0,0,0,154187.2,0,154187.2,154187.2,0,154187.2,154187.2,0,154187.2
44122,4412,2022,179599.09,0,179599.09,179599.09,0,179599.09,179599.09,0,179599.09,0,0,0,150547.27,0,150547.27,150547.27,0,150547.27,150547.27,0,150547.27
44123,4412,2022,203458.36,0,203458.36,203458.36,0,203458.36,203458.36,0,203458.36,0,0,0,169291.31,0,169291.31,169291.31,0,169291.31,169291.31,0,169291.31
44124,4412,2022,179599.09,0,179599.09,179599.09,0,179599.09,179599.09,0,179599.09,0,0,0,150547.27,0,150547.27,150547.27,0,150547.27,150547.27,0,150547.27
44125,4412,2022,184210.89,0,184210.89,184210.89,0,184210.89,184210.89,0,184210.89,0,0,0,154187.2,0,154187.2,154187.2,0,154187.2,154187.2,0,154187.2
44151,4415,2019,205485.75,0,205485.75,205485.75,0,205485.75,205485.75,0,205485.75,0,0,0,191928.86,0,191928.86,191928.86,0,191928.86,191928.86,0,191928.86
44152,4415,2019,205485.75,0,205485.75,205485.75,0,205485.75,205485.75,0,205485.75,0,0,0,191928.86,0,191928.86,191928.86,0,191928.86,191928.86,0,191928.86
44153,4415,2019,205485.75,0,205485.75,205485.75,0,205485.75,205485.75,0,205485.75,0,0,0,191928.86,0,191928.86,191928.86,0,191928.86,191928.86,0,191928.86
44154,4415,2019,205485.75,0,205485.75,205485.75,0,205485.75,205485.75,0,205485.75,0,0,0,191928.86,0,191928.86,191928.86,0,191928.86,191928.86,0,191928.86
44155,4415,2019,205485.75,0,205485.75,205485.75,0,205485.75,205485.75,0,205485.75,0,0,0,191928.86,0,191928.86,191928.86,0,191928.86,191928.86,0,191928.86
44201,4420,2001,291309.94,313389.78,604699.75,314929.66,338799.75,653729.38,271490.69,254004.53,525495.25,43438.988,84795.227,128234.22,285259.16,305627,590886.13,264949.28,245612.36,510561.63,308388.28,330407.59,638795.88
44202,4420,2001,291666.16,317838.75,609504.88,315314.78,343609.44,658924.25,271875.81,261048.27,532924.06,43438.988,82561.18,126000.17,285588.59,310005.53,595594.13,265305.44,252579.95,517885.38,308744.41,335141.13,643885.5
44203,4420,2001,291309.94,313389.78,604699.75,314929.66,338799.75,653729.38,271490.69,254004.53,525495.25,43438.988,84795.227,128234.22,285259.16,305627,590886.13,264949.28,245612.36,510561.63,308388.28,330407.59,638795.88
44204,4420,2001,292203.59,320951.78,613155.38,315895.78,346974.91,662870.69,272456.78,262179.66,534636.44,43438.988,84795.227,128234.22,286085.44,313041.97,599127.38,265842.56,253628.52,519471.06,309281.56,338423.75,647705.31
44205,4420,2001,291309.94,311267.38,602577.31,314929.66,336505.25,651434.88,271490.69,251710.03,523200.72,43438.988,84795.227,128234.22,285259.16,303522,588781.13,264949.28,243336.67,508285.94,308388.28,328131.91,636520.19
44431,4443,2004,10807.929,0,10807.929,54039.645,0,54039.645,-98465.133,0,-98465.133,152504.78,0,152504.78,8196.6328,0,8196.6328,-111521.61,0,-111521.61,40983.164,0,40983.164
44432,4443,2004,10807.929,0,10807.929,54039.645,0,54039.645,-98465.133,0,-98465.133,152504.78,0,152504.78,8196.6328,0,8196.6328,-111521.61,0,-111521.61,40983.164,0,40983.164
44433,4443,2004,10807.929,0,10807.929,54039.645,0,54039.645,-98465.133,0,-98465.133,152504.78,0,152504.78,8196.6328,0,8196.6328,-111521.61,0,-111521.61,40983.164,0,40983.164
44434,4443,2004,10807.929,0,10807.929,54039.645,0,54039.645,-98465.133,0,-98465.133,152504.78,0,152504.78,8196.6328,0,8196.6328,-111521.61,0,-111521.61,40983.164,0,40983.164
44435,4443,2004,10807.929,0,10807.929,54039.645,0,54039.645,-98465.133,0,-98465.133,152504.78,0,152504.78,8196.6328,0,8196.6328,-111521.61,0,-111521.61,40983.164,0,40983.164
44471,4447,2010,240441.58,205383.89,445825.47,240441.58,205383.89,445825.47,240441.58,205383.89,445825.47,0,0,0,237970.83,197623.91,435594.75,237970.83,197623.91,435594.75,237970.83,197623.91,435594.75
44472,4447,2010,284158.13,231176.11,515334.25,284158.13,231176.11,515334.25,284158.13,231176.11,515334.25,0,0,0,281238.22,222249.53,503487.75,281238.22,222249.53,503487.75,281238.22,222249.53,503487.75
44473,4447,2010,284158.44,319136.59,603295,284158.44,319136.59,603295,284158.44,319136.59,603295,0,0,0,281238.41,308349.19,589587.63,281238.41,308349.19,589587.63,281238.41,308349.19,589587.63
44474,4447,2010,218583.34,221807.98,440391.31,218583.34,221807.98,440391.31,218583.34,221807.98,440391.31,0,0,0,216337.13,214010.95,430348.06,216337.13,214010.95,430348.06,216337.13,214010.95,430348.06
44475,4447,2010,201096.95,288700.91,489797.88,201096.95,288700.91,489797.88,201096.95,288700.91,489797.88,0,0,0,199030.38,279737.09,478767.47,199030.38,279737.09,478767.47,199030.38,279737.09,478767.47
44521,4452,2022,70184.828,113202.23,183387.06,133685.39,196873.44,330558.81,13979.297,121638.56,135617.86,119706.09,75234.875,194940.97,52182.895,85114.141,137297.03,-20310.102,72789.719,52479.617,99395.992,148024.59,247420.59
44522,4452,2022,69986.258,113069.49,183055.75,133307.16,196642.59,329949.75,13601.063,121407.72,135008.78,119706.09,75234.875,194940.97,52035.262,85015.555,137050.81,-20591.313,72618.266,52026.953,99114.781,147853.14,246967.92
44523,4452,2022,69876.094,112921.3,182797.39,133097.33,196384.86,329482.19,13391.234,121149.98,134541.22,119706.09,75234.875,194940.97,51953.367,84905.523,136858.89,-20747.297,72426.906,51679.609,98958.797,147661.78,246620.58
44524,4452,2022,69876.094,112921.3,182797.39,133097.33,196384.86,329482.19,13391.234,121149.98,134541.22,119706.09,75234.875,194940.97,51953.367,84905.523,136858.89,-20747.297,72426.906,51679.609,98958.797,147661.78,246620.58
44525,4452,2022,69876.094,112921.3,182797.39,133097.33,196384.86,329482.19,13391.234,121149.98,134541.22,119706.09,75234.875,194940.97,51953.367,84905.523,136858.89,-20747.297,72426.906,51679.609,98958.797,147661.78,246620.58
44591,4459,2001,0,0,0,23054.84,0,23054.84,-50739.441,0,-50739.441,73794.281,0,73794.281,0,0,0,-56444.172,0,-56444.172,17350.107,0,17350.107
44592,4459,2001,0,0,0,27645.104,0,27645.104,-62894.672,0,-62894.672,90539.773,0,90539.773,0,0,0,-69735.227,0,-69735.227,20804.547,0,20804.547
44593,4459,2001,0,0,0,21099.27,0,21099.27,-50514.164,0,-50514.164,71613.43,0,71613.43,0,0,0,-55735.012,0,-55735.012,15878.425,0,15878.425
44594,4459,2001,0,0,0,23316.453,0,23316.453,-51165.508,0,-51165.508,74481.961,0,74481.961,0,0,0,-56934.973,0,-56934.973,17546.99,0,17546.99
44595,4459,2001,0,0,0,23032.432,0,23032.432,-68703.984,0,-68703.984,91736.422,0,91736.422,0,0,0,-74607.938,0,-74607.938,17128.484,0,17128.484
47831,4783,2013,219677.84,148561.42,368239.25,219677.84,148561.42,368239.25,219677.84,144957.67,364635.5,0,3603.7446,3603.7446,218172.16,139644.59,357816.75,218172.16,136040.86,354213,218172.16,139644.59,357816.75
47832,4783,2013,219677.84,148561.42,368239.25,219677.84,148561.42,368239.25,219677.84,144957.67,364635.5,0,3603.7446,3603.7446,218172.16,139644.59,357816.75,218172.16,136040.86,354213,218172.16,139644.59,357816.75
47833,4783,2013,219677.84,148561.42,368239.25,219677.84,148561.42,368239.25,219677.84,144957.67,364635.5,0,3603.7446,3603.7446,218172.16,139644.59,357816.75,218172.16,136040.86,354213,218172.16,139644.59,357816.75
47834,4783,2013,219677.84,148561.42,368239.25,219677.84,148561.42,368239.25,219677.84,144957.67,364635.5,0,3603.7446,3603.7446,218172.16,139644.59,357816.75,218172.16,136040.86,354213,218172.16,139644.59,357816.75
47835,4783,2013,219677.84,148561.42,368239.25,219677.84,148561.42,368239.25,219677.84,144957.67,364635.5,0,3603.7446,3603.7446,218172.16,139644.59,357816.75,218172.16,136040.86,354213,218172.16,139644.59,357816.75
47911,4791,2016,306204.59,342820.41,649025,471084,527416,998500,282105,337740.22,619845.25,188979,189675.77,378654.75,235402.81,263552.88,498955.69,173179.16,215790.22,388969.38,362158.16,405465.97,767624.13
47912,4791,2016,306204.59,342820.41,649025,471084,527416,998500,282105,337740.22,619845.25,188979,189675.77,378654.75,235402.81,263552.88,498955.69,173179.16,215790.22,388969.38,362158.16,405465.97,767624.13
47913,4791,2016,306204.59,342820.41,649025,471084,527416,998500,282105,337740.22,619845.25,188979,189675.77,378654.75,235402.81,263552.88,498955.69,173179.16,215790.22,388969.38,362158.16,405465.97,767624.13
47914,4791,2016,306204.59,342820.41,649025,471084,527416,998500,282105,337740.22,619845.25,188979,189675.77,378654.75,235402.81,263552.88,498955.69,173179.16,215790.22,388969.38,362158.16,405465.97,767624.13
47915,4791,2016,306204.59,342820.41,649025,471084,527416,998500,282105,337740.22,619845.25,188979,189675.77,378654.75,235402.81,263552.88,498955.69,173179.16,215790.22,388969.38,362158.16,405465.97,767624.13
48121,4812,2019,321043.31,209909.45,530952.75,428057.75,299870.63,727928.38,199018.72,299870.63,498889.34,229039.05,0,229039.05,245617.03,159650.34,405267.38,98450.32,228071.91,326522.22,327489.38,228071.91,555561.25
48122,4812,2019,321043.31,209909.45,530952.75,428057.75,299870.63,727928.38,199018.72,299870.63,498889.34,229039.05,0,229039.05,245617.03,159650.34,405267.38,98450.32,228071.91,326522.22,327489.38,228071.91,555561.25
48123,4812,2019,321043.31,209909.45,530952.75,428057.75,299870.63,727928.38,199018.72,299870.63,498889.34,229039.05,0,229039.05,245617.03,159650.34,405267.38,98450.32,228071.91,326522.22,327489.38,228071.91,555561.25
48124,4812,2019,321043.31,209909.45,530952.75,428057.75,299870.63,727928.38,199018.72,299870.63,498889.34,229039.05,0,229039.05,245617.03,159650.34,405267.38,98450.32,228071.91,326522.22,327489.38,228071.91,555561.25
48125,4812,2019,321043.31,209909.45,530952.75,428057.75,299870.63,727928.38,199018.72,299870.63,498889.34,229039.05,0,229039.05,245617.03,159650.34,405267.38,98450.32,228071.91,326522.22,327489.38,228071.91,555561.25
48501,4850,2010,0,0,0,0,0,0,0,0,0,0,0,0,0,0,0,0,0,0,0,0,0
48502,4850,2010,0,0,0,0,0,0,0,0,0,0,0,0,0,0,0,0,0,0,0,0,0
48503,4850,2010,0,0,0,0,0,0,0,0,0,0,0,0,0,0,0,0,0,0,0,0,0
48504,4850,2010,0,0,0,0,0,0,0,0,0,0,0,0,0,0,0,0,0,0,0,0,0
48505,4850,2010,0,0,0,0,0,0,0,0,0,0,0,0,0,0,0,0,0,0,0,0,0
51711,5171,2013,36965.316,20703.76,57669.078,92413.289,75286.398,167699.69,-24325.539,2873.2708,-21452.268,116738.83,72413.125,189151.95,27909.521,15491.293,43400.813,-46965.023,-16081.154,-63046.18,69773.805,56331.973,126105.78
51712,5171,2013,36965.316,20703.76,57669.078,92413.289,75286.398,167699.69,-24325.539,2873.2708,-21452.268,116738.83,72413.125,189151.95,27909.521,15491.293,43400.813,-46965.023,-16081.154,-63046.18,69773.805,56331.973,126105.78
51713,5171,2013,36965.316,20703.76,57669.078,92413.289,75286.398,167699.69,-24325.539,2873.2708,-21452.268,116738.83,72413.125,189151.95,27909.521,15491.293,43400.813,-46965.023,-16081.154,-63046.18,69773.805,56331.973,126105.78
51714,5171,2013,36965.316,20703.76,57669.078,92413.289,75286.398,167699.69,-24325.539,2873.2708,-21452.268,116738.83,72413.125,189151.95,27909.521,15491.293,43400.813,-46965.023,-16081.154,-63046.18,69773.805,56331.973,126105.78
51715,5171,2013,36965.316,20703.76,57669.078,92413.289,75286.398,167699.69,-24325.539,2873.2708,-21452.268,116738.83,72413.125,189151.95,27909.521,15491.293,43400.813,-46965.023,-16081.154,-63046.18,69773.805,56331.973,126105.78
51821,5182,2016,166005.7,70043.852,236049.56,332011.41,175109.63,507121.03,2370.9905,162584.7,164955.69,329640.41,12524.904,342165.31,124198.13,52388.492,176586.63,-81244.141,118446.33,37202.188,248396.27,130971.23,379367.5
51822,5182,2016,166005.7,70043.852,236049.56,332011.41,175109.63,507121.03,2370.9905,162584.7,164955.69,329640.41,12524.904,342165.31,124198.13,52388.492,176586.63,-81244.141,118446.33,37202.188,248396.27,130971.23,379367.5
51823,5182,2016,166005.7,70043.852,236049.56,332011.41,175109.63,507121.03,2370.9905,162584.7,164955.69,329640.41,12524.904,342165.31,124198.13,52388.492,176586.63,-81244.141,118446.33,37202.188,248396.27,130971.23,379367.5
51824,5182,2016,166005.7,70043.852,236049.56,332011.41,175109.63,507121.03,2370.9905,162584.7,164955.69,329640.41,12524.904,342165.31,124198.13,52388.492,176586.63,-81244.141,118446.33,37202.188,248396.27,130971.23,379367.5
51825,5182,2016,166005.7,70043.852,236049.56,332011.41,175109.63,507121.03,2370.9905,162584.7,164955.69,329640.41,12524.904,342165.31,124198.13,52388.492,176586.63,-81244.141,118446.33,37202.188,248396.27,130971.23,379367.5
52041,5204,2019,367236.41,0,367236.41,473853.44,0,473853.44,295307.59,0,295307.59,178545.84,0,178545.84,275557.41,0,275557.41,177012.09,0,177012.09,355557.94,0,355557.94
52042,5204,2019,367236.41,0,367236.41,473853.44,0,473853.44,295307.59,0,295307.59,178545.84,0,178545.84,275557.41,0,275557.41,177012.09,0,177012.09,355557.94,0,355557.94
52043,5204,2019,367236.41,0,367236.41,473853.44,0,473853.44,295307.59,0,295307.59,178545.84,0,178545.84,275557.41,0,275557.41,177012.09,0,177012.09,355557.94,0,355557.94
52044,5204,2019,367236.41,0,367236.41,473853.44,0,473853.44,295307.59,0,295307.59,178545.84,0,178545.84,275557.41,0,275557.41,177012.09,0,177012.09,355557.94,0,355557.94
52045,5204,2019,367236.41,0,367236.41,473853.44,0,473853.44,295307.59,0,295307.59,178545.84,0,178545.84,275557.41,0,275557.41,177012.09,0,177012.09,355557.94,0,355557.94
52431,5243,2010,55350.574,41888.996,97239.57,138376.44,104722.49,243098.94,-68759.961,15747.835,-53012.125,207136.39,88974.656,296111.06,42017.012,31770.701,73787.711,-102093.87,-9547.8994,-111641.77,105042.53,79426.758,184469.28
52432,5243,2010,55350.574,41888.996,97239.57,138376.44,104722.49,243098.94,-68759.961,15747.835,-53012.125,207136.39,88974.656,296111.06,42017.012,31770.701,73787.711,-102093.87,-9547.8994,-111641.77,105042.53,79426.758,184469.28
52433,5243,2010,55350.574,41888.996,97239.57,138376.44,104722.49,243098.94,-68759.961,15747.835,-53012.125,207136.39,88974.656,296111.06,42017.012,31770.701,73787.711,-102093.87,-9547.8994,-111641.77,105042.53,79426.758,184469.28
52434,5243,2010,55350.574,41888.996,97239.57,138376.44,104722.49,243098.94,-68759.961,15747.835,-53012.125,207136.39,88974.656,296111.06,42017.012,31770.701,73787.711,-102093.87,-9547.8994,-111641.77,105042.53,79426.758,184469.28
52435,5243,2010,55350.574,41888.996,97239.57,138376.44,104722.49,243098.94,-68759.961,15747.835,-53012.125,207136.39,88974.656,296111.06,42017.012,31770.701,73787.711,-102093.87,-9547.8994,-111641.77,105042.53,79426.758,184469.28
55211,5521,2013,166541.17,124713.64,291254.81,246727.66,191867.16,438594.81,85589.023,152496.56,238085.59,161138.63,39370.59,200509.22,122364.27,96086.992,218451.27,20141.779,108455.55,128597.34,181280.41,147826.14,329106.56
55212,5521,2013,166541.17,124713.64,291254.81,246727.66,191867.16,438594.81,85589.023,152496.56,238085.59,161138.63,39370.59,200509.22,122364.27,96086.992,218451.27,20141.779,108455.55,128597.34,181280.41,147826.14,329106.56
55213,5521,2013,166541.17,124713.64,291254.81,246727.66,191867.16,438594.81,85589.023,152496.56,238085.59,161138.63,39370.59,200509.22,122364.27,96086.992,218451.27,20141.779,108455.55,128597.34,181280.41,147826.14,329106.56
55214,5521,2013,166541.17,124713.64,291254.81,246727.66,191867.16,438594.81,85589.023,152496.56,238085.59,161138.63,39370.59,200509.22,122364.27,96086.992,218451.27,20141.779,108455.55,128597.34,181280.41,147826.14,329106.56
55215,5521,2013,166541.17,124713.64,291254.81,246727.66,191867.16,438594.81,85589.023,152496.56,238085.59,161138.63,39370.59,200509.22,122364.27,96086.992,218451.27,20141.779,108455.55,128597.34,181280.41,147826.14,329106.56
55291,5529,2016,254695.72,0,254695.72,254695.72,0,254695.72,254695.72,0,254695.72,0,0,0,243103.72,0,243103.72,243103.72,0,243103.72,243103.72,0,243103.72
55292,5529,2016,254695.72,0,254695.72,254695.72,0,254695.72,254695.72,0,254695.72,0,0,0,243103.72,0,243103.72,243103.72,0,243103.72,243103.72,0,243103.72
55293,5529,2016,254695.72,0,254695.72,254695.72,0,254695.72,254695.72,0,254695.72,0,0,0,243103.72,0,243103.72,243103.72,0,243103.72,243103.72,0,243103.72
55294,5529,2016,254695.72,0,254695.72,254695.72,0,254695.72,254695.72,0,254695.72,0,0,0,243103.72,0,243103.72,243103.72,0,243103.72,243103.72,0,243103.72
55295,5529,2016,254695.72,0,254695.72,254695.72,0,254695.72,254695.72,0,254695.72,0,0,0,243103.72,0,243103.72,243103.72,0,243103.72,243103.72,0,243103.72
55551,5555,2019,456317.75,566688.13,1023005.9,521506,647643.56,1169149.5,443705.06,585429,1029134.1,77800.93,62214.59,140015.52,384014,473825.75,857839.75,361072.22,479300.53,840372.75,438873.16,541515.13,980388.25
55552,5555,2019,456317.75,566688.13,1023005.9,521506,647643.56,1169149.5,443705.06,585429,1029134.1,77800.93,62214.59,140015.52,384014,473825.75,857839.75,361072.22,479300.53,840372.75,438873.16,541515.13,980388.25
55553,5555,2019,456317.75,566688.13,1023005.9,521506,647643.56,1169149.5,443705.06,585429,1029134.1,77800.93,62214.59,140015.52,384014,473825.75,857839.75,361072.22,479300.53,840372.75,438873.16,541515.13,980388.25
55554,5555,2019,456317.75,566688.13,1023005.9,521506,647643.56,1169149.5,443705.06,585429,1029134.1,77800.93,62214.59,140015.52,384014,473825.75,857839.75,361072.22,479300.53,840372.75,438873.16,541515.13,980388.25
55555,5555,2019,456317.75,566688.13,1023005.9,521506,647643.56,1169149.5,443705.06,585429,1029134.1,77800.93,62214.59,140015.52,384014,473825.75,857839.75,361072.22,479300.53,840372.75,438873.16,541515.13,980388.25
55941,5594,2010,2278.9907,0,2278.9907,30386.545,0,30386.545,-77580.68,0,-77580.68,107967.22,0,107967.22,1682.901,0,1682.901,-85528.539,0,-85528.539,22438.68,0,22438.68
55942,5594,2010,2278.9907,0,2278.9907,30386.545,0,30386.545,-77580.68,0,-77580.68,107967.22,0,107967.22,1682.901,0,1682.901,-85528.539,0,-85528.539,22438.68,0,22438.68
55943,5594,2010,2278.9907,0,2278.9907,30386.545,0,30386.545,-77580.68,0,-77580.68,107967.22,0,107967.22,1682.901,0,1682.901,-85528.539,0,-85528.539,22438.68,0,22438.68
55944,5594,2010,2278.9907,0,2278.9907,30386.545,0,30386.545,-77580.68,0,-77580.68,107967.22,0,107967.22,1682.901,0,1682.901,-85528.539,0,-85528.539,22438.68,0,22438.68
55945,5594,2010,2278.9907,0,2278.9907,30386.545,0,30386.545,-77580.68,0,-77580.68,107967.22,0,107967.22,1682.901,0,1682.901,-85528.539,0,-85528.539,22438.68,0,22438.68
61171,6117,2016,867436.25,474091.41,1341527.6,867436.25,474091.41,1341527.6,837437.31,474091.41,1311528.8,29998.961,0,29998.961,793313.81,408368.03,1201681.9,763314.88,408368.03,1171682.9,793313.81,408368.03,1201681.9
61172,6117,2016,867436.25,474091.41,1341527.6,867436.25,474091.41,1341527.6,837437.31,474091.41,1311528.8,29998.961,0,29998.961,793313.81,408368.03,1201681.9,763314.88,408368.03,1171682.9,793313.81,408368.03,1201681.9
61173,6117,2016,867436.25,474091.41,1341527.6,867436.25,474091.41,1341527.6,837437.31,474091.41,1311528.8,29998.961,0,29998.961,793313.81,408368.03,1201681.9,763314.88,408368.03,1171682.9,793313.81,408368.03,1201681.9
61174,6117,2016,867436.25,474091.41,1341527.6,867436.25,474091.41,1341527.6,837437.31,474091.41,1311528.8,29998.961,0,29998.961,793313.81,408368.03,1201681.9,763314.88,408368.03,1171682.9,793313.81,408368.03,1201681.9
61175,6117,2016,867436.25,474091.41,1341527.6,867436.25,474091.41,1341527.6,837437.31,474091.41,1311528.8,29998.961,0,29998.961,793313.81,408368.03,1201681.9,763314.88,408368.03,1171682.9,793313.81,408368.03,1201681.9
61951,6195,2010,47768.703,96387.563,144156.27,65887.859,113397.13,179285,26243.676,96946.414,123190.09,39644.188,16450.719,56094.906,38563.75,88227.211,126790.96,13547.193,87346,100893.2,53191.379,103796.73,156988.11
61952,6195,2010,47768.703,96387.563,144156.27,65887.859,113397.13,179285,26243.676,96946.414,123190.09,39644.188,16450.719,56094.906,38563.75,88227.211,126790.96,13547.193,87346,100893.2,53191.379,103796.73,156988.11
61953,6195,2010,47768.703,96387.563,144156.27,65887.859,113397.13,179285,26243.676,96946.414,123190.09,39644.188,16450.719,56094.906,38563.75,88227.211,126790.96,13547.193,87346,100893.2,53191.379,103796.73,156988.11
61954,6195,2010,47768.703,96387.563,144156.27,65887.859,113397.13,179285,26243.676,96946.414,123190.09,39644.188,16450.719,56094.906,38563.75,88227.211,126790.96,13547.193,87346,100893.2,53191.379,103796.73,156988.11
61955,6195,2010,47768.703,96387.563,144156.27,65887.859,113397.13,179285,26243.676,96946.414,123190.09,39644.188,16450.719,56094.906,38563.75,88227.211,126790.96,13547.193,87346,100893.2,53191.379,103796.73,156988.11
